ADM1_CODE,ADM1_NAME,country,year,date,sur_refl_b01,sur_refl_b02,sur_refl_b03,sur_refl_b04,sur_refl_b05,sur_refl_b06,sur_refl_b07,ndvi,evi,LST_Day_1km,LST_Night_1km
3333,Binh Dinh,VNM,2004,2004-01-01,0.10318950955239857,0.26141688290890847,0.09233586102885417,0.11197229394952646,0.2594973950979407,0.19301793009341112,0.11291753967386474,0.5265485394451952,0.30804642725320164,25.09357023994867,16.7912737980908
3338,Cao Bang,VNM,2004,2004-01-01,0.1321468146112125,0.24363130975883718,0.1219706791043875,0.13509473852467907,0.26782504863112316,0.2126243368867763,0.13273226483997436,0.40623777878955936,0.3066378941033694,21.95244720434917,12.844567964956463
3355,Khanh Hoa,VNM,2004,2004-01-01,0.07991106348783249,0.3245094544336143,0.06440005588349065,0.09259941843764807,0.3185955962426964,0.21001249277570147,0.103618478733069,0.6460659269001546,0.6258062305140977,25.793467816553914,17.332149151687897
3360,Lang Son,VNM,2004,2004-01-01,0.05753568759223627,0.1944321005739542,0.03878356402885761,0.057868496578995426,0.22559898707736534,0.16591628049666524,0.08690185505610663,0.5603985327364174,0.39730226435868105,24.30784956959406,13.984963276335016
3370,Phu Yen,VNM,2004,2004-01-01,0.18160482202364409,0.32761498010743406,0.17399701156596314,0.19074260520380532,0.32321448242124945,0.2538478007605162,0.16195561577669712,0.3837636288527381,0.3538139138521462,24.790005871461688,17.119691028724763
3371,Quang Binh,VNM,2004,2004-01-01,0.14318636115329703,0.24035468015791103,0.14124758989977831,0.14983719457717123,0.2507788801096929,0.19954750217647008,0.12666099897553137,0.349641815687694,0.2628717611292603,23.702672164707224,16.536707538897417
3374,Quang Ngai,VNM,2004,2004-01-01,0.1457316362886407,0.27471423331303085,0.13894825941198807,0.15370490734607692,0.2759328849911987,0.21775341298393341,0.13373185810930519,0.43608318215547864,0.31716843255462585,26.475786940158354,17.099702743105826
3376,Quang Tri,VNM,2004,2004-01-01,0.10414120644625278,0.22965777998862122,0.09706750124186626,0.11155621952671814,0.23978227102152305,0.1831953316125209,0.10567970529672086,0.4674628873045019,0.33235496996730735,25.615867746783113,17.0215657984353
3383,Thua Thien - Hue,VNM,2004,2004-01-01,0.08949011117774933,0.20364950410626922,0.08332498669117384,0.09660122712407553,0.21501763403492588,0.1652364250901623,0.09724180810183261,0.4705930532318565,0.17632441520703263,25.35962888189556,17.21361797196984
3327,Ba Ria-Vung Tau,VNM,2004,2004-01-01,0.07019791857827722,0.2900300430276611,0.0385811340444929,0.07222584549547531,0.3018148246442829,0.21955685552650378,0.11351904890023246,0.5580925075360459,0.6666029129799776,32.03288773340517,19.71088347472837
3336,Binh Thuan,VNM,2004,2004-01-01,0.07471508433525527,0.2952966642983943,0.036456958827564126,0.0711006446331063,0.32934001359098436,0.25150035013763716,0.13986583853488596,0.615554173506312,5.387569482936797E10,32.73165151818533,19.525040652197088
3342,Dong Nai,VNM,2004,2004-01-01,0.058326054796928525,0.2778717295391581,0.034895835874772387,0.0650594211059986,0.2867249016538099,0.19670303475909046,0.09465297216507572,0.6150076795002974,0.4035511394312396,31.03658013748597,19.67309419132463
3344,Gia Lai,VNM,2004,2004-01-01,0.07010341355341833,0.2578487086311372,0.048867452907048456,0.07196354985785826,0.27870123798475926,0.19236919055627308,0.0997958820343406,0.6129272640378225,0.5286528810588763,28.511587691026165,16.311484984483243
3345,Ha Giang,VNM,2004,2004-01-01,0.2859160197158743,0.36149467845659755,0.2831526740858699,0.28948485639499744,0.372400673569662,0.31740069468829407,0.21898312184974256,0.19323281306222614,0.1871209034926288,21.848553109996725,12.653257609979628
3347,Ha Noi City,VNM,2004,2004-01-01,0.12559422241499324,0.21357817128321963,0.08654102633642734,0.11529871964956563,0.23139655489097363,0.21123724824033843,0.1521465170493096,0.2690516355578401,0.3141416540358185,26.933940438629524,16.402825190504142
3348,Ha Tay,VNM,2004,2004-01-01,0.19233897042750533,0.26527281732170815,0.16745357056261298,0.18682236558546558,0.27650302150970013,0.2526307408293233,0.18336685148875048,0.18832263813024902,0.20532762234575988,27.482855101540967,16.357766797644196
3349,Ha Tinh,VNM,2004,2004-01-01,0.1320494203882066,0.2357002352810777,0.11859602093864217,0.13722338004786855,0.23966088946466924,0.1942974772082543,0.12011412344097905,0.35324999603917273,0.26227490978810875,24.5559917769399,16.720437966798915
3353,Hoa Binh,VNM,2004,2004-01-01,0.10503266943586281,0.23078486054644637,0.09223348104468916,0.10854881760352404,0.24998142120042088,0.1937000681910579,0.11596398679143717,0.44160306353360534,0.3417611455213892,25.052458817829237,16.079909748915373
3357,Kon Tum,VNM,2004,2004-01-01,0.045540813945569525,0.2707096418143031,0.030489836798741253,0.05416788250118246,0.2799469190886214,0.17001663229847705,0.07462240299444879,0.7347055571915438,0.5909695665496932,25.720501628534116,14.847144429690745
3366,Nghe An,VNM,2004,2004-01-01,0.06876626983054966,0.2233673973567342,0.052519661044746535,0.07370785109465956,0.237039387623794,0.16873266141441715,0.0901565814967606,0.5830830152633518,0.42536545428272665,24.69397364193037,16.008639105574137
3367,Ninh Binh,VNM,2004,2004-01-01,0.1388628272054305,0.2196752715779034,0.11463877548552101,0.13467259608116097,0.22597396554469612,0.19290333264572324,0.12891843497752709,0.26627082812338077,0.21843659137215374,27.555584968881536,16.665388676563733
3368,Ninh Thuan,VNM,2004,2004-01-01,0.0678339841197613,0.29491829740334097,0.03660589694948888,0.06925866213542356,0.31464133889945534,0.2228279494736928,0.11804989621012442,0.6432818611670653,0.7920029589374038,29.458579681284697,18.90272604696533
3377,Soc Trang,VNM,2004,2004-01-01,0.07327202961640895,0.2609491858742775,0.03931842542058762,0.07669026007546077,0.24066477185064114,0.16547392876299116,0.08181591615501768,0.535440070783624,0.4490219982582064,27.89627616587258,20.137558009433942
3386,Tra Vinh,VNM,2004,2004-01-01,0.06589228663165836,0.2837832796631565,0.03450713222532315,0.07414223615418437,0.2622027270663157,0.17906808489622497,0.0855994286488842,0.5719612294363273,0.5623493642140412,28.296754059194473,20.375311914371068
3387,Tuyen Quang,VNM,2004,2004-01-01,0.1809679452207532,0.30703218206074584,0.1755964506864649,0.18703828605951003,0.3201542870919318,0.2560271327351228,0.16442512231883075,0.35883378885110606,0.3193915278290564,24.80863901246681,15.229811839155941
3388,Vinh Long,VNM,2004,2004-01-01,0.07355863072469088,0.36770044540452634,0.051763352815989705,0.09290940878621123,0.3217407116179841,0.20755917127269588,0.09342360913854317,0.6514995075804612,0.6862078861445238,26.728712684692756,20.34171568562201
3390,Yen Bai,VNM,2004,2004-01-01,0.17431258980075165,0.28599948415385995,0.16927981605943468,0.18031842561937647,0.30115580605826997,0.24165217288739613,0.15289950591496895,0.37015079604958384,0.28242636185028436,21.77983033546542,12.13385523991508
3328,Bac Kan,VNM,2004,2004-01-01,0.11770482122177538,0.2623477923877289,0.11411433309857846,0.12526137303785548,0.27712706044152396,0.204559346690925,0.12255589931654806,0.4690285976104944,0.3752903000164425,21.594080103107746,13.98099271603086
3329,Bac Giang,VNM,2004,2004-01-01,0.07832463256120142,0.2092222682231473,0.047365469190363635,0.07240273014887538,0.2374005527424152,0.1897043027176167,0.1149447009479617,0.4711456925548617,0.41741142295956063,27.481871155891465,15.375575946990788
3330,Bac Lieu,VNM,2004,2004-01-01,0.08628891708054431,0.1933246650772189,0.04981732583867504,0.08179194122101495,0.1821374209097127,0.13638321259646924,0.07541020749091146,0.35673314761559477,0.26204122500510746,29.48193167592726,20.584116373375874
3331,Bac Ninh,VNM,2004,2004-01-01,0.12022490108006859,0.19950323385440666,0.07434821230986234,0.10658667904256865,0.21661192967129972,0.2022562199493447,0.14722104066776406,0.2514443082726013,0.25830480822673785,26.890063696218064,15.326658601891289
3334,Binh Duong,VNM,2004,2004-01-01,0.07167572216027392,0.2932267514610675,0.04090965791913251,0.07237028844547161,0.32786631255053467,0.25056312248972196,0.13374100969295313,0.5951557381738072,0.846779447832429,33.867926471028525,20.222064345446306
3335,Binh Phuoc,VNM,2004,2004-01-01,0.05468321038004473,0.2713792945569765,0.029069984169622188,0.05650877365834057,0.2886299095083965,0.19730979598082543,0.09516202962370687,0.6604498570414096,0.6520570414224662,33.66116264835516,18.968427735942726
3339,Ca Mau,VNM,2004,2004-01-01,0.05676708012805299,0.16559917017116943,0.03244849454042827,0.05934705807181137,0.1428259697713997,0.08818544945646498,0.04085564670520918,0.44439418157154326,0.23592722847765443,28.72951399814773,22.257174924646534
3340,Da Nang City,VNM,2004,2004-01-01,0.1786149556166199,0.27969601096445185,0.1797691546396141,0.1866445465693986,0.2867557566758973,0.23932802971861875,0.16910170574268996,0.28812600071717676,0.2716367793465013,25.08342863953959,16.814996907720722
3346,Ha Nam,VNM,2004,2004-01-01,0.1659405776195446,0.2429219141518801,0.14262356706368415,0.16189574103746682,0.24869439853610786,0.2196487146488758,0.15379998931078942,0.213754327211729,0.1943986429382995,27.020939544145115,15.569962048010447
3350,Hai Duong,VNM,2004,2004-01-01,0.1273711473488568,0.21099953963570223,0.09309333702835754,0.12073843106271676,0.21365913974140996,0.18530906814803208,0.12884176873122968,0.2807376316959371,0.2305731441293413,26.29617616610132,15.88865330006278
3354,Hung Yen,VNM,2004,2004-01-01,0.14797790280279374,0.22560357249895113,0.1136432437850249,0.1368741058680522,0.23701528148316237,0.21595965884580598,0.15799552248632398,0.2360092308310333,0.23363423174572923,27.319541204709065,14.36896609524575
3364,Nam Dinh,VNM,2004,2004-01-01,0.172116034916873,0.22513583398416495,0.1426874189020423,0.1623089189735258,0.23074554458955066,0.2171710183575893,0.160911189834502,0.15830031720574853,0.15107420148966494,27.59379872364469,15.024126041886104
3369,Phu Tho,VNM,2004,2004-01-01,0.1721069810086077,0.2830125621151547,0.15695138699718905,0.173773796623838,0.29616444484987353,0.24661960992545434,0.16128363247848945,0.31809621088679274,0.28270808990480917,25.557740731115974,15.958409718504305
3372,Quang Nam,VNM,2004,2004-01-01,0.17379769418612598,0.29552935154500876,0.17283471758212957,0.18189942501676531,0.3012186345057365,0.24001878141376112,0.15877176637347704,0.3681476172108489,0.30585587725109437,23.954702557669812,15.66308890733777
3381,Thai Nguyen,VNM,2004,2004-01-01,0.07009734768560731,0.21961048569591765,0.05360048804150263,0.07343532521896225,0.24186849391499313,0.17865372290314027,0.09750725980723912,0.5403051466706879,0.42480598483460885,24.150528193544297,15.23421935652826
3389,Vinh Phuc,VNM,2004,2004-01-01,0.1258159467322531,0.23550760596146753,0.09266038135523476,0.11900802645471573,0.255388359437419,0.22196748640016528,0.151986192158301,0.33047435882140896,0.36250658287021215,26.130073148430434,16.486099016326307
73933,Can Tho city,VNM,2004,2004-01-01,0.06438402835558539,0.4292576627856365,0.04684649942693719,0.08842116530105096,0.35964454047531136,0.22440761016304714,0.09803251993321604,0.7297981242577353,0.8613624560110495,27.04916547552757,20.42169904800155
73934,Dak Lak,VNM,2004,2004-01-01,0.08402421796895423,0.2788217621741376,0.06304348285926237,0.08767462029485096,0.29919519572842035,0.21053164418852244,0.11033663408383543,0.6000196976886291,0.5649041452328749,27.77701368250169,16.61143149495353
73935,Dak Nong,VNM,2004,2004-01-01,0.0472338713205587,0.26298828052578216,0.0276179658488948,0.05180074124702988,0.27548921347260724,0.17168572103166893,0.07821772412898882,0.7047790824518402,0.5650850192097464,28.99299306017215,16.30557895785547
73936,Dien Bien,VNM,2004,2004-01-01,0.046746107361465165,0.2426177038225203,0.028146261576377805,0.05058748319779306,0.27252861390212607,0.17608731862936924,0.07939445277241207,0.6793578292603033,0.5326715298569185,24.788154758991244,12.972951209185274
73937,Hau Giang,VNM,2004,2004-01-01,0.04755068330830017,0.3210335100501719,0.029793077428971,0.06689157686751668,0.2781929616344488,0.17462871962619517,0.07268119585414233,0.7283624643058061,0.6537708624486579,27.199628071241936,20.77825962543667
73938,Lai Chau,VNM,2004,2004-01-01,0.05674212110207401,0.24719527009715947,0.03663037567240098,0.060704347858557155,0.2699311056959341,0.17679354483865087,0.08337195767849086,0.6606724013008625,0.5091484812713593,22.516886151605544,12.854829331663023
73939,Lao Cai,VNM,2004,2004-01-01,0.16265991582801634,0.2671340685817432,0.155281294987374,0.166716451272357,0.28714287797329724,0.23274856907629018,0.14780872298065167,0.3714980351981426,0.27317800643106077,21.530877695487778,11.28627453818544
3326,An Giang,VNM,2004,2004-01-01,0.06533491922200213,0.3725826761100512,0.04372171751441255,0.08633100073666664,0.3307167837763827,0.2242204656700296,0.10262373443818837,0.688751616548718,0.7974653442982076,28.006988634687357,20.948166985478295
3332,Ben Tre,VNM,2004,2004-01-01,0.07201623272320458,0.2495926048827933,0.04336195466259877,0.07772815003227229,0.2246242269246951,0.14603545839018306,0.06881844256683851,0.5122661964254434,0.4005836704109754,28.76306571693366,21.068669734156767
3343,Dong Thap,VNM,2004,2004-01-01,0.07416794084854622,0.37174538231407944,0.05271528570464959,0.09415045609468707,0.32639481600052767,0.2177974361147181,0.10103918111864518,0.657431222223618,0.7302026050165987,27.487977162335284,21.068631816556678
3351,Hai Phong City,VNM,2004,2004-01-01,0.10436090301057224,0.1656714532249997,0.07303931289262017,0.09906602848124661,0.1580008133762056,0.13297133846564477,0.08733184957738242,0.23976099386475305,0.15152253291565146,26.29331548818044,16.466471198374993
3352,Ho Chi Minh City,VNM,2004,2004-01-01,0.07903782453324656,0.2410025745425185,0.051227063860696274,0.0817539771985608,0.23567983032584774,0.1731692467644817,0.09775300181060925,0.4939275451052718,0.45144495091463516,31.85503864226706,20.757863794525672
3356,Kien Giang,VNM,2004,2004-01-01,0.05424666454625557,0.2979203561770404,0.031485103295045384,0.06622043402408917,0.2752006656029907,0.1789485583907981,0.08005549925249822,0.6553703227613256,0.6087734107952816,28.593848337121063,20.779122835944058
3359,Lam Dong,VNM,2004,2004-01-01,0.04110171983113698,0.2719683013739603,0.021959064121560047,0.049191890146872856,0.28440403962517513,0.17511564160387486,0.07512605288232993,0.7402321605462525,0.6081351595759442,26.941999736035154,15.835890569344405
3362,Long An,VNM,2004,2004-01-01,0.06120230504531762,0.2915417409191249,0.03751385266635111,0.07418978030341002,0.2740840791518578,0.18627138515754973,0.0873285860740323,0.6387895982399615,0.588275746219902,29.66016843557206,20.648451162887923
3375,Quang Ninh,VNM,2004,2004-01-01,0.0869104585539986,0.21341845902881823,0.07517432889400237,0.09255369804703728,0.2241466870274444,0.16449180983879055,0.09167163295385859,0.47125607651498264,0.32196097391571216,25.440850136174294,14.553759602334148
3378,Son La,VNM,2004,2004-01-01,0.06590105017409083,0.22355550845619365,0.04571427479691629,0.0665461207660622,0.257804377605932,0.18220282264257084,0.09178863246745332,0.5717416902351818,0.445839022832526,25.21709529223404,13.530074067152974
3379,Tay Ninh,VNM,2004,2004-01-01,0.07222863906477128,0.2542343288371945,0.04253046814823605,0.07302835208735117,0.27785476685161514,0.22083643758715915,0.12674987546451252,0.5452216674041838,0.6984163432054488,33.69141311893416,19.93140368275798
3380,Thai Binh,VNM,2004,2004-01-01,0.18654037240874954,0.2502167472599084,0.15739647591109795,0.17704687116176213,0.2574038268702479,0.24179874867566256,0.18378489679533425,0.17479825407518026,0.1903258309418281,27.308916550458868,14.736313128173238
3382,Thanh Hoa,VNM,2004,2004-01-01,0.09760036557698848,0.2393121757546942,0.07725555365207473,0.1002639055421979,0.2521550237997536,0.19250453762973727,0.11164924215771951,0.4876755371816866,0.3910370966317981,25.969013085749225,16.57927919092523
3384,Tien Giang,VNM,2004,2004-01-01,0.0715819225662953,0.3462911416111874,0.049774212125281755,0.08822824150206576,0.3117260324936271,0.20438535350327058,0.09340381314396401,0.638801270680162,0.6694974016532845,28.561476712874185,20.530800237995532
3333,Binh Dinh,VNM,2004,2004-01-09,0.1135219883797252,0.2661017664309369,0.10939250699466688,0.12355326014669005,0.26551285976940076,0.19853751394216299,0.11954965175542899,0.4706638204486216,0.4066009805505489,25.53938310025841,17.877643844402957
3338,Cao Bang,VNM,2004,2004-01-09,0.29224691447713624,0.36992361432507825,0.2914790006026051,0.297422144587498,0.38142773405950003,0.3145577672497211,0.21328695719629162,0.1922011499920232,0.17462257048728377,19.938393684845895,12.341892685767476
3355,Khanh Hoa,VNM,2004,2004-01-09,0.05215538123050607,0.2527868759380429,0.039882103418813264,0.06161965285557669,0.24976420248729184,0.158542694092471,0.07512723344963534,0.6946967201612378,0.5321099898215211,26.181387278321406,17.35219021994123
3360,Lang Son,VNM,2004,2004-01-09,0.24349442717433764,0.3281358015821986,0.23848097087686992,0.24651933025023814,0.3423570262955709,0.2859698218319474,0.19115306903832574,0.25038288726420743,0.14857823667048575,22.180757378870585,13.931653252539894
3370,Phu Yen,VNM,2004,2004-01-09,0.08850207618831224,0.25735202895512393,0.078564154896985,0.09802653732966587,0.2555459383883306,0.17917978265009632,0.09591643680778852,0.5719779083798003,0.4446000621827789,26.109292478340812,17.67938828924705
3371,Quang Binh,VNM,2004,2004-01-09,0.17317042080841097,0.3174646069156494,0.1602250271971388,0.18161780067352631,0.32113620625899825,0.2423901843856484,0.13882152229839154,0.4259915133934353,0.36147972271597784,26.19373315913563,17.328370502677185
3374,Quang Ngai,VNM,2004,2004-01-09,0.18642269760818,0.3257439561495452,0.18525048050488147,0.1971653047855754,0.3238683170930316,0.2580242050680256,0.16769286911320372,0.3333669264451148,0.34362806504744126,25.465998414946814,16.80480695318633
3376,Quang Tri,VNM,2004,2004-01-09,0.056022540762643666,0.25031320884220604,0.03705974488189539,0.06593172978174981,0.2602638722772826,0.1863097198860525,0.08585850668111263,0.645124861744734,0.5623114867768699,27.65689132203351,18.171249631905532
3383,Thua Thien - Hue,VNM,2004,2004-01-09,0.0479624223275148,0.19748939604538496,0.03349262950961675,0.05567931180786161,0.20511158542786878,0.1457199813604519,0.0692764087947815,0.6395114541196416,0.3915784905584866,27.377604666398284,17.769387117959
3327,Ba Ria-Vung Tau,VNM,2004,2004-01-09,0.06559814189008359,0.24118866505272493,0.036678184917744404,0.0639996501934881,0.2600606592222909,0.19586152610023594,0.10826416497949352,0.5270749421596875,0.3589370777483912,34.06415305147397,20.22956446043759
3336,Binh Thuan,VNM,2004,2004-01-09,0.07464597002303777,0.27568500727031503,0.035741059358024206,0.06843345123342527,0.3128864988968448,0.24410264501897985,0.1401735716366061,0.5987652328879196,0.7881741356742491,33.92455687993221,18.927730685300165
3342,Dong Nai,VNM,2004,2004-01-09,0.05248899988607245,0.24766160697960568,0.029892550685363832,0.05664300260246686,0.26115100788898427,0.18184410303966717,0.09121855279636477,0.6071745764695718,0.6093530708687904,32.78465194214069,19.840193472796106
3344,Gia Lai,VNM,2004,2004-01-09,0.08114902870368158,0.26639753620847884,0.05939886812385722,0.08190770870491351,0.29039531636784344,0.20762775280832846,0.11227221674056191,0.5656357945600486,0.5440936017523816,29.832130115824924,16.63889012627117
3345,Ha Giang,VNM,2004,2004-01-09,0.09212236442808758,0.24928795237072385,0.07590605978674825,0.09708348925034246,0.2773240319026555,0.21149531862723744,0.11605713270760507,0.5275382861311032,0.4634144049614646,22.167337303581988,11.731329957496213
3347,Ha Noi City,VNM,2004,2004-01-09,0.12731241882155248,0.21592197205493457,0.08615208687232045,0.11714169113565137,0.23532594508699683,0.21544107959869188,0.15553466629330887,0.2765735270009182,0.339425878580792,28.77679168759581,14.143174749260796
3348,Ha Tay,VNM,2004,2004-01-09,0.1173572727538435,0.2003761743351574,0.08140995886271252,0.10849170206608574,0.21335685549421288,0.19226789525531787,0.13782268923337615,0.27581797314512313,0.27319877148641747,28.516862720593807,15.526506711624286
3349,Ha Tinh,VNM,2004,2004-01-09,0.3031358973222945,0.3729055876361413,0.29593785953653273,0.30796462521751256,0.3601855673329016,0.2668515829024231,0.16519587670721994,0.17328013927719463,0.1257868694317323,25.14564502797636,18.12260771471955
3353,Hoa Binh,VNM,2004,2004-01-09,0.19164751456434778,0.293910982817579,0.17910264230056513,0.19380322352201326,0.31267237421307703,0.259146663401181,0.1721336635082002,0.29518802587936155,0.28449467707334125,26.24685727175067,16.28385355956981
3357,Kon Tum,VNM,2004,2004-01-09,0.07456924001382384,0.3111890951327273,0.058208584121603284,0.08329512972129999,0.31791751053633804,0.20447829914630009,0.09796106604683597,0.6658679729194114,0.6221073723028134,25.612321678060443,15.061557502558117
3366,Nghe An,VNM,2004,2004-01-09,0.1897362622335185,0.32070927280395056,0.17788325456585777,0.19426508397706233,0.33279967942453315,0.2610559825210063,0.16746618609289132,0.42946754363807854,0.3439538799254742,26.636470633538536,16.044093710790357
3367,Ninh Binh,VNM,2004,2004-01-09,0.35829960342604394,0.4039312207583803,0.34312309018597165,0.35594731378595174,0.40512767175072206,0.37619755262399396,0.2863752588112044,0.08174083820708436,0.10530018455939696,27.179214443317136,16.74920752833326
3368,Ninh Thuan,VNM,2004,2004-01-09,0.08093508511747131,0.32153680764707676,0.045052468146526324,0.08075735640388217,0.34281208122200735,0.24907093006709824,0.1336563165240019,0.614011367693568,1.058628986344347,30.367041909728943,18.346095075445557
3377,Soc Trang,VNM,2004,2004-01-09,0.0830568630320328,0.27703236073414766,0.04336667102603115,0.08445213570452041,0.2634357348822727,0.18890203295218738,0.09817227871407005,0.5032414990856277,0.4943869081447704,29.779006147141295,21.387856970312235
3386,Tra Vinh,VNM,2004,2004-01-09,0.07360262773622803,0.28343479140039946,0.0374134724182623,0.07788684109366592,0.2640790361346857,0.18246258813247032,0.09150992402937243,0.5367937710013887,0.5440618600240763,29.156726601616274,21.37614131605611
3387,Tuyen Quang,VNM,2004,2004-01-09,0.21482139260898656,0.32268395036498687,0.2129271315493182,0.22208656099863858,0.3324637929486523,0.2695478464632452,0.17619711814048686,0.26984327397343966,0.24939009589461994,24.94462554026593,12.875764364498705
3388,Vinh Long,VNM,2004,2004-01-09,0.04992508850665527,0.31949995092203176,0.030284139720330918,0.06660296902878965,0.2758086748132747,0.16720698306684617,0.07098540536502274,0.694501135383096,0.629046460176317,28.218477603961915,20.904353591431597
3390,Yen Bai,VNM,2004,2004-01-09,0.13637868260042915,0.2785375745785006,0.12666648332867572,0.1425240135008331,0.3010216038594271,0.23493090453583534,0.140228906066218,0.42549152178796146,0.38905024906410524,23.589034292660735,11.461903628016158
3328,Bac Kan,VNM,2004,2004-01-09,0.19511031841241758,0.3089824185707797,0.19464790602090598,0.20334047797605215,0.3171862652580855,0.24424833567314902,0.1509799266249043,0.3301569120266481,0.26634649594883786,23.624605000863827,13.642921230031648
3329,Bac Giang,VNM,2004,2004-01-09,0.16696131591999377,0.26566263158324677,0.14846132653978303,0.16555339834354701,0.2827769710266538,0.23544637712381045,0.15251302751972318,0.305354295814142,0.28569059010543074,25.7973573315415,14.827505996706954
3330,Bac Lieu,VNM,2004,2004-01-09,0.08581846072329691,0.19115085372400945,0.04642523863895182,0.07936050562321253,0.18643536101259225,0.14347633662216763,0.08029538662172439,0.3391243286262466,0.2762507546735266,30.00148288743715,21.971087508319
3331,Bac Ninh,VNM,2004,2004-01-09,0.159058992047406,0.2263969700582657,0.12542328259287783,0.150899054981765,0.2381638652259805,0.22147645388063686,0.1620540621521372,0.1908215795195914,0.1950913620090108,26.69964488567672,15.433606411802074
3334,Binh Duong,VNM,2004,2004-01-09,0.06365893883656111,0.2561672627534841,0.03627663816258851,0.06382043431260453,0.2882262697784535,0.22037041797505935,0.11505739611093677,0.5943922277478194,0.6574574193219775,33.85519940466244,19.74131888764646
3335,Binh Phuoc,VNM,2004,2004-01-09,0.057537457217679194,0.2648880725436654,0.030017382159687606,0.057628201864158256,0.28506178287980255,0.20312646088332004,0.10167508799383483,0.6345235788110494,0.6245518960198909,33.252699088426866,19.284320314115934
3339,Ca Mau,VNM,2004,2004-01-09,0.0630650785241317,0.16802554133263348,0.03823618101020945,0.06491800048248028,0.15023509583939929,0.09778383372499906,0.04879678578713684,0.41553306044527283,0.23091304330084372,29.174929486988816,22.327853381122683
3340,Da Nang City,VNM,2004,2004-01-09,0.09191107188936405,0.21640537846619629,0.09151352534029193,0.10290122411211487,0.2184281921334323,0.16404128752938843,0.09886068196798718,0.4599666242207051,0.3175753797683677,25.69871513304693,17.10842480661383
3346,Ha Nam,VNM,2004,2004-01-09,0.17549439282108384,0.24862210285348976,0.15166652848304274,0.17121813609799336,0.2574431944653172,0.23512971579399689,0.17674279134449075,0.21117758750595858,0.20483081550719806,26.848680512014123,16.716457695671213
3350,Hai Duong,VNM,2004,2004-01-09,0.16132073423017018,0.23077405376096302,0.13396897432432245,0.15791035775897638,0.2252447008042424,0.19457945803511859,0.13487743065947416,0.20417500343253653,0.170418416412373,24.92103724627538,15.639761333960514
3354,Hung Yen,VNM,2004,2004-01-09,0.1121248735583392,0.1965184506069298,0.07043792650415719,0.09957779009357695,0.20682217806877076,0.1853227464298103,0.1349383107177916,0.2780109341914375,0.2638653176134079,26.14902962078018,16.250580590491502
3364,Nam Dinh,VNM,2004,2004-01-09,0.38903803602043285,0.4189917861696001,0.3725756723849284,0.3840073560322921,0.4171805510821152,0.3821681879783027,0.28004814066943734,0.05238080392576356,0.06957757540324834,26.3388543183634,17.114146582648104
3369,Phu Tho,VNM,2004,2004-01-09,0.17835958646766406,0.28414108710750474,0.1610259044411545,0.17842355042768804,0.30240474744919793,0.2571379123029642,0.17592276700027207,0.28279156683959833,0.16685387046079067,27.281949995512715,14.993535307056938
3372,Quang Nam,VNM,2004,2004-01-09,0.08930037704501996,0.26500044177964455,0.08275039215981955,0.10066766541123895,0.2675751450541567,0.19073151563991123,0.10216176506069082,0.5647961327790694,0.44877457754221023,23.967274725034297,16.23877202084355
3381,Thai Nguyen,VNM,2004,2004-01-09,0.2166942443029419,0.31829883222778427,0.21168221026285233,0.2224636954796097,0.32738522924562086,0.2666634618221784,0.1703809930814237,0.26501009208103493,0.23841562213362147,26.336747572191552,12.189013192998376
3389,Vinh Phuc,VNM,2004,2004-01-09,0.1478800281514436,0.24273629606308006,0.11804444384432541,0.14248484913553242,0.25927939872890354,0.22567336467711752,0.15236927079593995,0.28159714588667956,0.2913178046405146,27.528612013377163,15.06520417422328
73933,Can Tho city,VNM,2004,2004-01-09,0.03620292069142236,0.35311866641687006,0.02363484979143825,0.05528942568368038,0.2838584442724035,0.15913700042979698,0.061833204440134536,0.7877830454541745,0.717872189549879,27.774143580626554,20.09964811544465
73934,Dak Lak,VNM,2004,2004-01-09,0.06698617636868029,0.2645823281476568,0.04230245894865393,0.06891081622900196,0.2897125964165102,0.20333910419502607,0.10230076216949177,0.6219868841259931,0.670458490440207,30.009204089408442,17.102586497878306
73935,Dak Nong,VNM,2004,2004-01-09,0.05746624748818859,0.26363050666971455,0.03831221453264397,0.061561640847118015,0.27724815764392624,0.1795225188802479,0.08614340866385108,0.669576493719836,0.542086218043734,30.112709856672485,16.65153102377694
73936,Dien Bien,VNM,2004,2004-01-09,0.04930550030551283,0.2532770372264656,0.028515190460608842,0.05353902427399103,0.28730686435841873,0.19181951263143304,0.08841311454692147,0.6749411616643872,0.5845180934022516,23.950397514270378,12.342800333798442
73937,Hau Giang,VNM,2004,2004-01-09,0.04973585138554243,0.3412219103224251,0.03057135090737308,0.07058523637073799,0.3000674516302272,0.1872377712426376,0.07880076507094967,0.7296516807396165,0.6976659032725174,29.069989239807363,20.781366723411573
73938,Lai Chau,VNM,2004,2004-01-09,0.05459077200787519,0.2588033910201943,0.03249402965560619,0.059090370337104445,0.28711884906158996,0.19146548836735294,0.08970831107388766,0.6808680887249651,0.5707192590406966,21.458671479351896,11.69074647296961
73939,Lao Cai,VNM,2004,2004-01-09,0.06377216837797449,0.23260399695053716,0.04660640993739512,0.0685989505425834,0.26513247536481843,0.19688867399368967,0.09974577237005043,0.6053972712040857,0.5092173555045493,22.17869415772175,11.233995109763647
3326,An Giang,VNM,2004,2004-01-09,0.05118529893672268,0.3698685295296877,0.03382736879619097,0.07233131846490813,0.3168411404697275,0.20299451569056576,0.08961241318633265,0.7397462388184912,0.8125315120203654,27.649886834432497,20.60616110058491
3332,Ben Tre,VNM,2004,2004-01-09,0.0658364468414534,0.2398224122444004,0.03550044895626388,0.06926594273466438,0.2209769302998657,0.1450091620504933,0.06964561027413976,0.5138579555785874,0.41699403976521177,29.34244910052278,22.27515200934317
3343,Dong Thap,VNM,2004,2004-01-09,0.047224312003568525,0.34892696570206616,0.030315757897129536,0.06683176771905018,0.2945386877011158,0.17982729573516237,0.07506869560263846,0.7331897886895744,0.7160449718309351,27.730963258583017,20.77222537969895
3351,Hai Phong City,VNM,2004,2004-01-09,0.19725901320369757,0.23836876332207965,0.18646629636485848,0.19876757991235175,0.22738854707011533,0.19133908337391145,0.1295016794706185,0.11841324018377435,0.08302373876031101,25.84665336748596,16.01036957672365
3352,Ho Chi Minh City,VNM,2004,2004-01-09,0.07239345252172699,0.21972117449232875,0.04664482926375806,0.07360999553489075,0.21509030724479755,0.158433567651222,0.08989884593833164,0.4863456329955483,0.4131574935595646,33.40321879809045,21.219898071472667
3356,Kien Giang,VNM,2004,2004-01-09,0.05339915298858585,0.27787541021997264,0.03177031933515,0.06273619949048924,0.25911549033845616,0.16874045926698275,0.07933798204405615,0.6417066933229885,0.5655078313424136,29.119287480993194,20.646138970531794
3359,Lam Dong,VNM,2004,2004-01-09,0.03788471437684848,0.2536800026138891,0.019455705034552354,0.04489078736266527,0.26547165016562363,0.16351306390842332,0.07000235545689214,0.7410375972826031,0.5666780401680874,27.144503876886787,15.611126718378586
3362,Long An,VNM,2004,2004-01-09,0.054549653260370486,0.27976961529033845,0.032624691450710924,0.06602920755738867,0.2636406025881727,0.1765545243842816,0.08265326630165926,0.6584273096163026,0.5797305944063679,29.617371393247407,20.56081519033213
3375,Quang Ninh,VNM,2004,2004-01-09,0.2486046744801506,0.32662203029344933,0.24843963205318187,0.25583957911107624,0.32545456982808935,0.2651132148935643,0.17445500145447668,0.2217444041338825,0.16951917348580442,22.759753642953694,13.956169172011762
3378,Son La,VNM,2004,2004-01-09,0.06431295034057902,0.2339485043304722,0.04066399928528166,0.06470810713131224,0.2762259234280523,0.2040209920504303,0.10698159333957526,0.5891228001742715,0.5449982178123711,25.606457967193155,13.434721957555242
3379,Tay Ninh,VNM,2004,2004-01-09,0.06903690000296706,0.25094522593240987,0.04013016023499376,0.06885062962940942,0.2780764925140196,0.22212867231997155,0.1278744026910327,0.5519306471704093,0.9830682507329871,33.11618618134358,20.741229412881886
3380,Thai Binh,VNM,2004,2004-01-09,0.19693396483587586,0.2519538033720243,0.17232531039922475,0.19049608728212877,0.2493425820035252,0.2217623652221607,0.1610818157739291,0.16230435292046297,0.14726524076013264,24.919573664791226,15.919416996282251
3382,Thanh Hoa,VNM,2004,2004-01-09,0.19872776184471166,0.3169328473077918,0.18272703601209236,0.20104156646572452,0.3328070940508915,0.2816855704890097,0.19360765674900005,0.36122095500242296,0.3420952991027681,26.462721673728744,16.0055867105202
3384,Tien Giang,VNM,2004,2004-01-09,0.05166840544176564,0.29551363127198005,0.03176544733818126,0.0636625945365227,0.26256370054850164,0.16360779286520322,0.07292909432297237,0.6743900166861709,0.5909783720461219,29.296249839656923,21.464447336798393
3333,Binh Dinh,VNM,2004,2004-01-17,0.12052197949166862,0.2767975798447606,0.11496378090724031,0.13052622361631405,0.2770430328946973,0.2052166292406738,0.12180499381567995,0.45258895634906665,0.30368529105846903,26.11316662360718,17.169823458930647
3338,Cao Bang,VNM,2004,2004-01-17,0.5692063506997077,0.6026930676863067,0.5532425814690407,0.5645773876894213,0.5975863122618583,0.5419393221169293,0.38505695853839433,0.03291898473630566,0.0487757400133165,13.969022177176104,-1.6917824492068276
3355,Khanh Hoa,VNM,2004,2004-01-17,0.06153153014039176,0.27970191333362887,0.046756815437911145,0.07136130174991143,0.28189583766587584,0.18312189677390187,0.08997441460836285,0.6759440350766382,0.5329553811197794,27.139347252711364,17.608288617261337
3360,Lang Son,VNM,2004,2004-01-17,0.4829146372356436,0.5309821902757812,0.4681505182736375,0.4801081357616085,0.528369256287289,0.47638894533397697,0.341263670006886,0.08477888516058263,0.08838869614172767,16.79923787421946,3.6993891309918023
3370,Phu Yen,VNM,2004,2004-01-17,0.11698958532179053,0.28653002390197196,0.10871132950457346,0.12695947371583707,0.28828065709043393,0.208757319901213,0.11945261685057927,0.4900904411159999,0.4492669832291253,26.320213208258096,16.948189888055865
3371,Quang Binh,VNM,2004,2004-01-17,0.13351744082727704,0.25917115669329405,0.1273593285139333,0.14122020477009667,0.2684892424296808,0.2112109419582961,0.12642568385709338,0.4841160344731074,0.30846069567024054,26.48478903032174,12.854462507007636
3374,Quang Ngai,VNM,2004,2004-01-17,0.07979830873388465,0.23556864740360392,0.06987770885905278,0.08904444489300983,0.23961242497134672,0.17460620902400606,0.09538065425313673,0.5777516733001267,0.41807188811562046,26.992818023194555,17.521547857211004
3376,Quang Tri,VNM,2004,2004-01-17,0.05150751981586863,0.1973716160551182,0.03822093666946771,0.05906182771037498,0.20928090313560593,0.150543260761835,0.07225574956918566,0.6138468763228885,0.4636899356300403,26.921305050336425,17.506123996086068
3383,Thua Thien - Hue,VNM,2004,2004-01-17,0.04847205736263164,0.17913992358032124,0.03699236364129475,0.05533576448751194,0.18878756767673932,0.13573004646942652,0.06732769528311777,0.6203025993559355,0.3497699706056269,28.182035448427868,17.335758139415624
3327,Ba Ria-Vung Tau,VNM,2004,2004-01-17,0.0641222166056411,0.2245842179854053,0.03525850720679257,0.06112488690886851,0.24737453204256915,0.18896412566373125,0.10728922959318174,0.5158297248581125,0.5793346469257473,33.59299085482072,20.03245260865275
3336,Binh Thuan,VNM,2004,2004-01-17,0.07773919131938932,0.27346297080549625,0.03755113351508436,0.06943354878474887,0.31684495554945197,0.2510580284257698,0.14821104637053273,0.5829625130356856,0.7687068917915254,33.8835226432585,19.13938206147961
3342,Dong Nai,VNM,2004,2004-01-17,0.05178740294382842,0.23197698630052424,0.028645407230835727,0.05385170761167496,0.2502982355462171,0.1765799803315751,0.09095369111464509,0.5989646376333947,0.5647713137289762,33.322704675300834,19.32582486135306
3344,Gia Lai,VNM,2004,2004-01-17,0.05920597033502552,0.23268478827257189,0.03669120455816295,0.058951431812846046,0.26159837445067624,0.18383956704459464,0.09594323550176322,0.6151768110256295,0.5484942409088707,30.15619226989247,15.95276953410518
3345,Ha Giang,VNM,2004,2004-01-17,0.46953255882061734,0.5330629409565464,0.44386307869911695,0.4622661364818095,0.5365536309905687,0.48224199589600897,0.34394225398865147,0.09774772820199328,0.1454541290455844,22.36647209233457,-0.012299027188553547
3347,Ha Noi City,VNM,2004,2004-01-17,0.5849455572515484,0.6115743317005421,0.5608586502715488,0.5750609773625585,0.6050514955045262,0.546139926235678,0.3705374471905608,0.022823773333355665,0.029095739901366127,21.74654397098824,2.8344856030877867
3348,Ha Tay,VNM,2004,2004-01-17,0.6344609301975195,0.6589630124613897,0.6024562391553041,0.6207453803603904,0.6406751021639797,0.5585883050803466,0.3707895446329077,0.018297486482028048,0.023129012246615212,21.254896812933012,4.3792266321104245
3349,Ha Tinh,VNM,2004,2004-01-17,0.3613727731273558,0.4304034010087381,0.33958704791638467,0.3581117350161701,0.43004635339801484,0.3862730170533606,0.27100298286038327,0.13432409470963022,0.14473988767163978,25.703116209627144,11.75748720719622
3353,Hoa Binh,VNM,2004,2004-01-17,0.5288263273343227,0.5817772448460752,0.4974565083356189,0.5173870356236064,0.5803317895183684,0.5211108693683626,0.3650036931955141,0.06826783179652347,0.09809579543939848,21.266489540785912,4.014310597213274
3357,Kon Tum,VNM,2004,2004-01-17,0.033812928368911116,0.2405323835294963,0.019627433202540883,0.04099903807443944,0.25302451127534953,0.1514170178551302,0.06395215262565795,0.7613342241087182,0.5586328079965585,26.29790012766413,14.803609799511607
3366,Nghe An,VNM,2004,2004-01-17,0.3477017294575127,0.438850554076088,0.3240401666564135,0.34387009442165273,0.4470138176953636,0.3936479316221868,0.27217350678802976,0.1746536049874592,0.21562026879525148,24.848511530179923,10.566112703321506
3367,Ninh Binh,VNM,2004,2004-01-17,0.5292329610608989,0.5636371304628894,0.49808352981729176,0.5176403349040856,0.5624999756760805,0.5193702660243922,0.3593554383109794,0.0330025538368764,0.04623148669336608,17.767097878559305,6.678461747998582
3368,Ninh Thuan,VNM,2004,2004-01-17,0.07231721112392912,0.28302867547100713,0.0380853554655912,0.06997539071764045,0.3132289465234191,0.23053422027370946,0.12728135240464478,0.6124272648465912,0.9362762857109669,30.702944155872018,18.658539791529908
3377,Soc Trang,VNM,2004,2004-01-17,0.08070812333967314,0.24670165175744602,0.04257056190288008,0.07838492257134963,0.2388036691253859,0.17478708711105048,0.0941423346816649,0.4782490359449555,0.4334989057432038,29.06205188395032,20.41582652388296
3386,Tra Vinh,VNM,2004,2004-01-17,0.07383686907969343,0.25894584068616744,0.03755122982451108,0.07489748561894444,0.24805747218394084,0.17380182941821107,0.0903208438789344,0.5178406656686434,0.4892091776937842,28.64339121253726,20.466194230476884
3387,Tuyen Quang,VNM,2004,2004-01-17,0.5466718529860992,0.5850455526858341,0.5352287894582249,0.5438506716659346,0.5765280430480929,0.521674536893227,0.3767412348784884,0.03695059224270884,0.05425724643513007,,0.4549457696038393
3388,Vinh Long,VNM,2004,2004-01-17,0.05997311242808535,0.30913222106674826,0.038497736576830546,0.07561794502639985,0.2655551978400691,0.1585827415630774,0.06935227299400082,0.6498227577844157,0.5501171563520877,28.005566495199876,19.66008233191845
3390,Yen Bai,VNM,2004,2004-01-17,0.5191040576571981,0.5715191636419538,0.49633792019067996,0.5117829923786139,0.5642752332674933,0.48921663360399253,0.32873551796962275,0.10719941512695219,0.09707004871117696,17.94976912468149,6.002007484289184
3328,Bac Kan,VNM,2004,2004-01-17,0.5239534799139408,0.5689630724665937,0.513535784053139,0.5225567383638686,0.559728541831954,0.5008626479389782,0.35470236176904696,0.04456574074830986,0.06424907229447341,14.138928225248122,-0.20203277934057026
3329,Bac Giang,VNM,2004,2004-01-17,0.37294571510261965,0.43299287797397806,0.3584468436008754,0.370709042877099,0.44181003240785377,0.4105504214888494,0.31306749976368065,0.11488423869435425,0.11414336454457918,19.80691140125187,3.6370832266576616
3330,Bac Lieu,VNM,2004,2004-01-17,0.09180671073143287,0.18651278811197888,0.04939810697266488,0.0825145729124452,0.18724410575839268,0.15024342851776296,0.08864224582400382,0.31174576391385567,0.278503462788682,29.73883230000829,21.128191027843677
3331,Bac Ninh,VNM,2004,2004-01-17,0.5848862738914908,0.6120933079872484,0.5563975617392969,0.572696880247546,0.6066992566658841,0.5521583023100082,0.37103341259556444,0.02308827025643621,0.030366744882606166,20.47697674418607,3.7487574582175247
3334,Binh Duong,VNM,2004,2004-01-17,0.07219911819832212,0.2498605542135094,0.040913312420330104,0.06845373845950262,0.2938492843942554,0.23970865283196507,0.13801815415191812,0.5455944495578181,0.7483568003238437,34.829957214050516,19.279451480685324
3335,Binh Phuoc,VNM,2004,2004-01-17,0.0582912499533522,0.24520038076975814,0.03144714181290903,0.056686060194834624,0.27140257757280345,0.1979535928547848,0.10421857576512787,0.6115273653840128,0.6052621634096698,33.69782820842588,18.905904750459413
3339,Ca Mau,VNM,2004,2004-01-17,0.0752328949469041,0.18535366861055924,0.0483522018146102,0.0766595883083293,0.17021717521765212,0.11590028691742678,0.06237867051533175,0.39680172792399515,0.24695528657020835,27.814103188937278,21.6359569119333
3340,Da Nang City,VNM,2004,2004-01-17,0.06949885457873281,0.2038422084929972,0.06136966191972743,0.07841281857452444,0.20971322306290321,0.15342340651033673,0.08526239855123637,0.5755617551740617,0.35759473100598277,26.0884223427759,16.902440683756954
3346,Ha Nam,VNM,2004,2004-01-17,0.5750311224306205,0.598523095785911,0.5579520170858046,0.5690055211360624,0.5856162637927885,0.5173732340048136,0.356906807545524,0.02012391741236335,0.026458227366726487,17.89794413601668,6.406094601359425
3350,Hai Duong,VNM,2004,2004-01-17,0.5623586868182281,0.5905208417433427,0.5390888702253075,0.5541727554504812,0.5844121966993194,0.5416351746446202,0.39039009609434355,0.025132380276325805,0.038785053069418776,20.677846813569413,3.848742782882596
3354,Hung Yen,VNM,2004,2004-01-17,0.5979665852055172,0.6291991771342755,0.5634649393758058,0.5822686873748978,0.6161457776297246,0.5391687442699599,0.3478417872124652,0.02612489901532939,0.03169689138072034,,4.201687037936676
3364,Nam Dinh,VNM,2004,2004-01-17,0.38246313843041657,0.4165551394630844,0.35803748453659384,0.3727650242865552,0.41845220705781033,0.3958138656092676,0.28966302494349333,0.06646807752080267,0.07023258411684768,19.44300961695378,6.23832449237971
3369,Phu Tho,VNM,2004,2004-01-17,0.6796384933181595,0.7052544498136836,0.6480467626010418,0.6664166487782597,0.678686462183827,0.5821318148985787,0.3808640747901064,0.018786530373286106,0.02340821592232551,,3.9731534082327844
3372,Quang Nam,VNM,2004,2004-01-17,0.06465028005840058,0.22118696319404607,0.05656671360473651,0.07378907947864577,0.22740049691672307,0.15812096573269394,0.08314158328395677,0.6247816570566603,0.4135930787642687,26.354069887457246,16.64524027425395
3381,Thai Nguyen,VNM,2004,2004-01-17,0.47300077666958257,0.5214889881049705,0.46485010660701115,0.47293607127491727,0.5216715155754869,0.48013440217555187,0.35831112052320585,0.05262654007919449,0.08280279363564268,16.00347854029703,3.6332354299293077
3389,Vinh Phuc,VNM,2004,2004-01-17,0.6579928567523579,0.6797807798885148,0.633421814404658,0.6487443151407246,0.6570845247418512,0.5713015020250721,0.37397307571974103,0.016717583811392087,0.020861201093912634,20.110000000000014,5.256698004275167
73933,Can Tho city,VNM,2004,2004-01-17,0.05904454942941691,0.38465268946886877,0.04156514111670096,0.08059170340145776,0.3161011390310839,0.1858677308506123,0.08075361167284704,0.7222087614745,0.7212071696063276,27.184258536256173,19.526739620699367
73934,Dak Lak,VNM,2004,2004-01-17,0.05783719215232006,0.23650594333227054,0.03508636208731997,0.05870883360459687,0.2674309558271566,0.18920411350833424,0.09631205163502286,0.6246933036693684,0.5447341762941434,30.49502682034988,16.64572003469115
73935,Dak Nong,VNM,2004,2004-01-17,0.04097096865977874,0.2419310340932304,0.022161340404131404,0.04448355034354069,0.2607672108661129,0.16415482829579245,0.07427818441948303,0.701998594671805,0.5367539938503155,30.4280147203293,16.19318472789662
73936,Dien Bien,VNM,2004,2004-01-17,0.05135493086731877,0.21018323873269415,0.03468714518085554,0.05511753092777853,0.23563273759603054,0.15682908469518972,0.0726342763236559,0.6343604734476853,0.420870903801163,24.374785284127107,13.261724654639627
73937,Hau Giang,VNM,2004,2004-01-17,0.049862780102411464,0.3266399544518573,0.031171575086946412,0.06832607174550465,0.28517652823209405,0.17367533645603295,0.07347997989678474,0.7202946013242462,0.645675089434565,28.008605656364427,19.913942479150673
73938,Lai Chau,VNM,2004,2004-01-17,0.06631025781989897,0.2399369268153228,0.04643211381607878,0.06997228336260665,0.26451259063307714,0.18071360875068257,0.08894184030694194,0.6263518371061447,0.46953894100587146,21.817043440023024,12.309621301554328
73939,Lao Cai,VNM,2004,2004-01-17,0.45187179980671555,0.5155956305671838,0.4285231281227965,0.44628166613763987,0.519640038571743,0.46738462866551966,0.33806629671616084,0.10449657419540276,0.13273880768408253,19.984659308612255,3.333780766807439
3326,An Giang,VNM,2004,2004-01-17,0.046277005134935816,0.3814800244360382,0.028072418841716722,0.06760184283466739,0.3270963122662595,0.2012651624034888,0.08654597123197212,0.7607102097221595,0.8365727430683821,26.632406885316563,19.809510557316557
3332,Ben Tre,VNM,2004,2004-01-17,0.06423308611553079,0.22462544336058313,0.035338247831752746,0.0667551824821806,0.20812403177926664,0.1355234362224682,0.06649503334521749,0.5087028923336736,0.3811175058630841,28.546436504544605,20.99736178849851
3343,Dong Thap,VNM,2004,2004-01-17,0.046816689726944125,0.338162526038464,0.0288107201665101,0.06498081154415786,0.2869712228711093,0.17121169433805658,0.071914064106823,0.723621942611092,0.6805870842274886,26.932226667189894,20.265520001431977
3351,Hai Phong City,VNM,2004,2004-01-17,0.5850327309640972,0.6070513616187313,0.5621336267711912,0.5765672047143247,0.5924946196575874,0.5345887011333744,0.3674287134477034,0.018163202206998387,0.025949998332175487,16.866754940387555,8.10730769945663
3352,Ho Chi Minh City,VNM,2004,2004-01-17,0.06964719846905004,0.20798438782003045,0.04379582230502733,0.07046654183306468,0.20826082991305314,0.15553710245715935,0.09236157476065923,0.4827241045948257,0.4170703839267884,32.4707965897194,20.780073876644003
3356,Kien Giang,VNM,2004,2004-01-17,0.06431064583663701,0.3046817102136665,0.03963926258670174,0.0751384866876341,0.28766446741352597,0.19166604420659428,0.09074671681673865,0.6196662195423726,0.6002386852603516,28.214072852905947,19.975818137268543
3359,Lam Dong,VNM,2004,2004-01-17,0.04059406410641953,0.2522563105065403,0.021323022694796714,0.046186728221260014,0.2698675516401139,0.16937952026606068,0.07624721159070284,0.7245092142077862,0.5770638852562289,28.25722226905383,15.282041183738778
3362,Long An,VNM,2004,2004-01-17,0.053990278606607774,0.2813097494559661,0.031174282639747117,0.06386781870806942,0.2725325426617418,0.183300563433182,0.08797568186043675,0.6605036806182468,0.6151619070209624,29.496807945651614,19.93349305456195
3375,Quang Ninh,VNM,2004,2004-01-17,0.5868755398137735,0.6179275474662931,0.5696969292130054,0.5824457580843789,0.600187606941197,0.5335461614236539,0.36249165491025426,0.026104141641241405,0.03324089212836619,17.085386037947032,5.249648903132779
3378,Son La,VNM,2004,2004-01-17,0.18278073471828957,0.3044171248271602,0.1587336777185857,0.1808185116347082,0.3304020106607904,0.26849356285384335,0.16476207272492713,0.4066068213031686,0.34994549031509087,23.908894387308074,11.524466695566213
3379,Tay Ninh,VNM,2004,2004-01-17,0.07614951713497337,0.2645816649437742,0.0445467855561817,0.07499729635937412,0.2986622631338428,0.24596357406759006,0.15077690349473585,0.5405810193424191,1.273566668312182,33.87432402132616,19.758488977242322
3380,Thai Binh,VNM,2004,2004-01-17,0.5274964905022662,0.5542014580032238,0.5030393242473544,0.5179969501532956,0.5529434345026581,0.5182411748642848,0.37623691518137564,0.024260568943041013,0.03897679490725879,19.548841883519717,6.62656121838219
3382,Thanh Hoa,VNM,2004,2004-01-17,0.3129000908835701,0.4144210788597943,0.2926279466158359,0.311598932476405,0.42805597550666824,0.3810960114052047,0.26615807496945787,0.21683575384999748,0.26063858371373005,22.394302521928385,5.356578605441454
3384,Tien Giang,VNM,2004,2004-01-17,0.05267915126406517,0.2784679616779797,0.0324912024040523,0.06330155504287287,0.24990865369537935,0.15384853678973423,0.06982255433067187,0.6562482601801516,0.5382426144761682,29.027624461847093,20.141245571765545
3333,Binh Dinh,VNM,2004,2004-01-25,0.1436680308169179,0.3063848434478102,0.1358550518540118,0.1530476196772825,0.3072665312771487,0.23689209635089178,0.14604666723530518,0.44326094196519267,0.4213430883593573,26.122552129334284,16.977582351475075
3338,Cao Bang,VNM,2004,2004-01-25,0.28298595204127147,0.3595344828539547,0.27618014839638716,0.2852344133866765,0.38113190424359705,0.337570789975559,0.2435706376870723,0.1987171124363733,0.12209160972599863,20.862032612439098,12.265422181947379
3355,Khanh Hoa,VNM,2004,2004-01-25,0.06460865990820011,0.3108165964006504,0.04634826904495745,0.07555650591370927,0.31278537312140003,0.20621168574816368,0.09875373012991435,0.6728654801815657,0.674856554017009,26.90362666081888,17.066244750412096
3360,Lang Son,VNM,2004,2004-01-25,0.09976539124443942,0.2331717340244378,0.081052646579344,0.10141491521670139,0.2688385150653847,0.215164627957647,0.1295944689851597,0.46952541927388236,0.41348521624932266,19.37938244137894,9.648846031389038
3370,Phu Yen,VNM,2004,2004-01-25,0.13526881579093636,0.30888786162587356,0.12652616503982983,0.14475670397664803,0.3115883418880491,0.23501529357005221,0.14097573669754854,0.46722270542031064,0.4515568175546618,26.77117243009761,17.22870056270699
3371,Quang Binh,VNM,2004,2004-01-25,0.30905749373871305,0.4002482003024472,0.2901514653814076,0.3068638306022728,0.41097108861300696,0.3655953494173714,0.2507964507588452,0.23046337578184853,0.3049139099309427,22.228099090358114,17.014747389624258
3374,Quang Ngai,VNM,2004,2004-01-25,0.09339529626202184,0.2682685904642137,0.082911131568535,0.10409953531466082,0.2719483289375955,0.20174786905657355,0.10947805371044991,0.5432659688732322,0.46494560247324995,25.743356133726266,15.99832390539836
3376,Quang Tri,VNM,2004,2004-01-25,0.23593792449095388,0.3401089283014571,0.22141955089116136,0.23834654152827248,0.35092758059054674,0.31149601073067673,0.2147166637770675,0.29523163256454915,0.25115167264085947,24.22220294701405,16.38575215257227
3383,Thua Thien - Hue,VNM,2004,2004-01-25,0.12025695232307118,0.23209277789454935,0.11619577107052659,0.12848663615139286,0.2397018137397212,0.19436806448889,0.12014867753110538,0.41784546673359074,0.3138105974051084,25.057201109505588,17.24315773736264
3327,Ba Ria-Vung Tau,VNM,2004,2004-01-25,0.07284948180957479,0.2350797449380226,0.041969584883298966,0.06926008226047968,0.2567665517348757,0.19739408744287115,0.11228776295086865,0.5070435051027286,0.5716602437405485,34.50538568949905,19.9527205753161
3336,Binh Thuan,VNM,2004,2004-01-25,0.08433751188398907,0.27867546861645764,0.041560181740342414,0.07470183354362164,0.3213796769600885,0.25768263563575744,0.15180262449399212,0.5562272851694099,1.6180090884347773,35.31094292595289,18.748375396189857
3342,Dong Nai,VNM,2004,2004-01-25,0.05911642729597837,0.25133794780732316,0.033026538430221394,0.06090243913181245,0.2693102765817489,0.1921030382858214,0.09860726995648321,0.5713830151750298,0.5853581231097036,33.83942038643345,19.19059421906091
3344,Gia Lai,VNM,2004,2004-01-25,0.05837261014983104,0.23325892327420195,0.032580532085794346,0.0561892450971028,0.2645102890485692,0.1892760354903837,0.09824643649637242,0.6139752140685228,0.56065325331864,31.639634553715194,15.580773441596902
3345,Ha Giang,VNM,2004,2004-01-25,0.2569664419465368,0.3361180861724322,0.2444840550683993,0.259853019958868,0.34774432526194227,0.3069347183400265,0.21806882714790796,0.2333930942441423,0.20472693401580064,20.445158363148586,10.912765772602413
3347,Ha Noi City,VNM,2004,2004-01-25,0.11653496236883933,0.20739486126844484,0.0705786357614989,0.10396160583770102,0.23327651653039416,0.21657373132516322,0.1610172300489249,0.2778745662852704,0.44286663497511114,26.170000000000016,13.753053514566389
3348,Ha Tay,VNM,2004,2004-01-25,0.11655733524398912,0.19651827120476245,0.07856762257104521,0.10694517259506575,0.2101582964725176,0.18830396553079776,0.1325246131724122,0.26577632168310555,0.2624798794362244,22.964871515555267,12.380330898250211
3349,Ha Tinh,VNM,2004,2004-01-25,0.4654575327303282,0.5190232771731786,0.4265906269489671,0.45078031288168974,0.527380006804798,0.48479482940462215,0.3308545124073335,0.07355730224143743,0.08426266894702297,20.200962065716823,11.493753314500536
3353,Hoa Binh,VNM,2004,2004-01-25,0.22553313456198548,0.3335453878422744,0.2082306274282907,0.22600088076032038,0.3549167562421584,0.3030551721907524,0.2010510654975197,0.33026063598103095,0.29898331513033327,20.78126314539111,14.015555619714673
3357,Kon Tum,VNM,2004,2004-01-25,0.04166801593120355,0.2786414798369973,0.023919650461155576,0.04999224438369458,0.28976141475046513,0.17859887885607914,0.07649234369184796,0.7450762996981073,0.655803097899863,27.402051937983114,15.087564199902024
3366,Nghe An,VNM,2004,2004-01-25,0.38248297977341195,0.4757333657583558,0.35183222628153166,0.3743163106341372,0.4895042012746317,0.43807616552104517,0.30381530973806126,0.19303451273925307,0.20551570532813168,21.540591856744975,16.348974496210147
3367,Ninh Binh,VNM,2004,2004-01-25,0.6127391998774404,0.6393831206782232,0.5832728554467079,0.6020362783865868,0.6261349644245889,0.5607848705893589,0.37976546312540993,0.021628491401781264,0.029029261516165864,,16.58034507423865
3368,Ninh Thuan,VNM,2004,2004-01-25,0.08463915219726598,0.3037004628789845,0.04665775828242014,0.08105471995993872,0.3336897452843226,0.2502727699693817,0.13790007523005263,0.5793790990652674,-7.654935293076993E10,31.421542675293793,18.057514422548003
3377,Soc Trang,VNM,2004,2004-01-25,0.1121579598923105,0.30220470022071527,0.0671180464151335,0.11031222093105646,0.29880645285808216,0.22852280831029273,0.1251476368979678,0.43690584666377036,0.4954149654052215,29.79717087989967,20.571335966173617
3386,Tra Vinh,VNM,2004,2004-01-25,0.10288234045291617,0.2749610849684888,0.06561033858176483,0.10159044536909302,0.27080883558881974,0.2014127290888359,0.11482182854591895,0.4337554788887601,0.46034297744680264,29.12332514274742,20.894828376112805
3387,Tuyen Quang,VNM,2004,2004-01-25,0.4353941138042892,0.5018889663340822,0.41807573863694664,0.4326272389647394,0.5072568983569825,0.45600581081241354,0.3214509756169323,0.10214644601694194,0.12407494692612515,18.61740650354096,12.37061544081886
3388,Vinh Long,VNM,2004,2004-01-25,0.0760071828932529,0.3437662818669462,0.0523338470411698,0.09387371065211586,0.3043141522785163,0.18929732179896508,0.08677795156594462,0.6225174105097748,0.5900272696030439,28.845222186350405,20.323586997901234
3390,Yen Bai,VNM,2004,2004-01-25,0.2374576945514084,0.33519286961912814,0.2279406471179831,0.2415892686162705,0.350001399802334,0.3010685859595352,0.20469228568729528,0.29775747010120035,0.24537095221995014,20.703344574955384,11.46635048572643
3328,Bac Kan,VNM,2004,2004-01-25,0.2886149549431454,0.38766459626522,0.2814912685343237,0.2916531671627616,0.40472015535066563,0.35267498111219875,0.25313988762198536,0.19558870581942514,0.23367260139625315,19.60935923325076,8.334263504226858
3329,Bac Giang,VNM,2004,2004-01-25,0.12430888201649902,0.24353820114810382,0.09228009133016897,0.11825642131846384,0.2757975100216944,0.23615693069480348,0.15892221496082898,0.35823650298870346,0.42344898310653045,21.39075285910236,10.708469884782458
3330,Bac Lieu,VNM,2004,2004-01-25,0.11791574846995974,0.22467365383819096,0.0700513230891872,0.10822007924558405,0.22550082340421712,0.18406502663704688,0.10650648544058353,0.2958332367636767,0.27329044462411534,29.431876805444052,21.072221354441673
3331,Bac Ninh,VNM,2004,2004-01-25,0.12164498848394864,0.1993157261241104,0.07077147228291926,0.10652821783667644,0.21751793272664668,0.20220434924557887,0.1487948772234005,0.2396930588318889,0.26475046621996373,21.79330347697303,12.31763918292617
3334,Binh Duong,VNM,2004,2004-01-25,0.07116652435322993,0.2703142503124711,0.040686517747256505,0.07064137269433944,0.2945458167193561,0.22704460827322137,0.12537322402374743,0.5787873666410812,0.6270915711063187,34.552478931657284,19.474713841075758
3335,Binh Phuoc,VNM,2004,2004-01-25,0.0611327280397733,0.2652847275769744,0.03286757336306959,0.06056064577286076,0.2838181080597003,0.20228472692494676,0.10359892743232654,0.6180952847983918,0.6210259947967824,35.43176254130163,18.411025077643266
3339,Ca Mau,VNM,2004,2004-01-25,0.07359062814648439,0.17567856844932864,0.04915038761422876,0.07666059244480605,0.1588656834314589,0.10792106875902928,0.05590662739761506,0.38396083004323395,0.22375915793232923,28.438579400476673,21.537125675467106
3340,Da Nang City,VNM,2004,2004-01-25,0.27759960015757507,0.3637879344572023,0.2680644698724394,0.28168944981256494,0.36431308000623397,0.32509452116183757,0.23276733410314213,0.1876336385769194,0.19378977076860848,23.4433432101969,18.198736170792273
3346,Ha Nam,VNM,2004,2004-01-25,0.5585375242094749,0.5905455671525838,0.5235247921953954,0.5449954829089044,0.5755709735013418,0.5016131093114644,0.3237710527708333,0.044726962886871724,0.04177580931272918,,15.74773667811783
3350,Hai Duong,VNM,2004,2004-01-25,0.32773947484328425,0.3834165408333974,0.29353260089413735,0.3179285220139382,0.38608857170526784,0.34803294980584804,0.24421257313221184,0.1454894048517899,0.13993616343950113,20.632147698894073,10.619356076123829
3354,Hung Yen,VNM,2004,2004-01-25,0.2700137997549287,0.3332668426581283,0.2296276969880995,0.25574950292975157,0.34158391825191586,0.3062883226569105,0.2130525228882255,0.17962716379988594,0.185865715097507,22.625611349957037,15.35701465101645
3364,Nam Dinh,VNM,2004,2004-01-25,0.6247495301015065,0.6445672009787865,0.5956496512684433,0.6133989359640724,0.6288281109655208,0.561302589345107,0.38351164933544307,0.0154754156531448,0.020280666964383628,,2.3813708277295738
3369,Phu Tho,VNM,2004,2004-01-25,0.10494018294297483,0.23735281443307585,0.08296677549818814,0.1057692148407834,0.2621970763193904,0.2112826080400315,0.1263484603830701,0.4250348761905667,0.38817323890370375,21.411297451123996,8.41217910506248
3372,Quang Nam,VNM,2004,2004-01-25,0.14537630911535926,0.2953632772767084,0.14014231232459215,0.1548595733440245,0.2979309171772963,0.23022119807836214,0.14031015013677922,0.46728432672443465,0.41316167579450985,25.17559589824095,16.833832156192898
3381,Thai Nguyen,VNM,2004,2004-01-25,0.12595183672765306,0.26728533671516413,0.10930403904229045,0.12915776101852477,0.29511918527064784,0.23755420288571497,0.14652073286814693,0.4318631929095705,0.3697443439712547,19.378304292729286,9.33147980870184
3389,Vinh Phuc,VNM,2004,2004-01-25,0.11992634853910858,0.23173596448992498,0.08712828666784773,0.11441322123253797,0.25666762577418195,0.2240840227714485,0.15311026506750988,0.3473096538865778,0.3660075773848146,22.74101124453042,10.310681200271057
73933,Can Tho city,VNM,2004,2004-01-25,0.07780700135275896,0.4597935343093724,0.051742977295143815,0.10685576189793976,0.38871708443308167,0.2362888503479693,0.09947238051090763,0.6945408445982173,0.8075370527869719,27.679040156455162,20.053918981685996
73934,Dak Lak,VNM,2004,2004-01-25,0.06096148103149638,0.2411257855280113,0.034280852940536774,0.05950852558717983,0.27421514345357767,0.19986746383053064,0.10385830867603181,0.607321538718219,0.6723595916237031,32.2578734108029,16.44326770964484
73935,Dak Nong,VNM,2004,2004-01-25,0.05160156483530716,0.2681663971822305,0.02822986622477847,0.05388651660633936,0.2881905169550455,0.18870929477360418,0.08874623222135988,0.6762205573065435,0.6255150310928324,31.730042861402374,16.473565589375184
73936,Dien Bien,VNM,2004,2004-01-25,0.052209259876206775,0.22236779719695646,0.03400239352026402,0.055830158147664795,0.2543904263046038,0.1757308019244664,0.08588665616284526,0.6465794696272642,0.48212941849717517,25.606561710538664,13.563600232425005
73937,Hau Giang,VNM,2004,2004-01-25,0.07459619112988697,0.4187029346674237,0.04807870081532919,0.10059271028681568,0.37358665014373904,0.2392835753281863,0.10279126722055858,0.6884131748200182,0.7914868732731903,28.553213993967606,19.996160856797683
73938,Lai Chau,VNM,2004,2004-01-25,0.06034060974335828,0.22942008762114827,0.04052697567043009,0.06405483522964606,0.25681036611905167,0.17841538140749802,0.0892478169345991,0.6582174935573736,0.46808319873299437,23.681191642205064,12.446491407399805
73939,Lao Cai,VNM,2004,2004-01-25,0.18723924333071518,0.2840566857352549,0.17793276568730504,0.19182345910006693,0.29939928694710666,0.2508248200646728,0.16412352703280897,0.34453097629869406,0.2487764973196974,21.23351550641654,8.543560393813856
3326,An Giang,VNM,2004,2004-01-25,0.05949917450959526,0.4098965056140958,0.036223928084818655,0.08173494529869751,0.3597676574000244,0.22509108894109034,0.09735797925164177,0.7319412626449164,0.9926450140179267,28.262964399270533,20.38950710391878
3332,Ben Tre,VNM,2004,2004-01-25,0.08765819222349439,0.2650818698266195,0.06224205612814135,0.09424745935100204,0.2465358959241184,0.16652568133973827,0.08633137906547715,0.4608355645015774,0.409160073042491,29.420773638780453,21.31336223948517
3343,Dong Thap,VNM,2004,2004-01-25,0.06558284204834243,0.40836607069878755,0.0401685625407758,0.08923038268535008,0.356099192304575,0.22122589996015377,0.09322949829867913,0.6992467037110849,0.7839134264921305,28.4524421932017,20.61280300897183
3351,Hai Phong City,VNM,2004,2004-01-25,0.5558009060690317,0.5943199651764702,0.5196453114331435,0.5420634344235149,0.5879761034940234,0.5267290042697732,0.3511039187200613,0.06445368366573453,0.05617190481511104,,10.117155773110635
3352,Ho Chi Minh City,VNM,2004,2004-01-25,0.07901031478779656,0.22660636863306563,0.051689256426843355,0.08013965816626069,0.2241443973475229,0.16762392561619205,0.09722563550739691,0.4711465156908711,0.42929730160215523,33.47622439005671,21.215524946513046
3356,Kien Giang,VNM,2004,2004-01-25,0.07470940069710309,0.33753524972893006,0.04269012839406126,0.08512541158222053,0.32363281397034666,0.21953037216583915,0.10495366283686625,0.6048666091095116,0.693109984132759,29.77473325835799,20.44539369935571
3359,Lam Dong,VNM,2004,2004-01-25,0.04348425001169728,0.25362693234852224,0.02323306614917729,0.04859309437054487,0.2695132831876282,0.17122733746169658,0.07656602991266462,0.7076589649480067,0.5629115541524409,29.407132780053587,15.467320935383194
3362,Long An,VNM,2004,2004-01-25,0.07004429279531953,0.3457285754222314,0.040958282416444225,0.0826987127149555,0.33383959030352683,0.22768696662393131,0.1064099261945747,0.6420880392368379,0.7295261057378193,29.93391291999365,20.256924325088466
3375,Quang Ninh,VNM,2004,2004-01-25,0.30114636691052354,0.37344525883083834,0.29612589698371716,0.30586310898519636,0.386399655900483,0.3475427131805539,0.2602118255458592,0.14743616528267098,0.1661184109394733,16.639108945100496,11.016729672433293
3378,Son La,VNM,2004,2004-01-25,0.07710152172483035,0.22474726898866867,0.054665619998370246,0.07688676473749737,0.26576676875521354,0.20557030133393023,0.11509307309400121,0.5494540224457227,0.5030629964501384,25.705164585752957,13.372995155662473
3379,Tay Ninh,VNM,2004,2004-01-25,0.07745467024300517,0.27820535738658303,0.0454495267008869,0.07741702699462984,0.3047272282704823,0.24484006456398347,0.14474836243657713,0.5597734780301277,1.2397295453367285,35.50922229738833,20.12639934723899
3380,Thai Binh,VNM,2004,2004-01-25,0.6374821697708554,0.665017384524685,0.5990325460354226,0.6212547631074354,0.6503441879693781,0.5774282051928152,0.3856285656356359,0.02115298753009218,0.02715296360725279,,11.384423409618917
3382,Thanh Hoa,VNM,2004,2004-01-25,0.40295749791157803,0.4891961313931453,0.3815324665906984,0.3996462150199327,0.4959242452539669,0.43445270190438273,0.2978404644734891,0.18981813207147533,0.1978773612226116,20.96321046672791,16.35070143302361
3384,Tien Giang,VNM,2004,2004-01-25,0.06640458037242865,0.3315011909692048,0.04135146317005842,0.08021344149531091,0.3026765294913764,0.19135323874789334,0.08623119558495844,0.6460764020593006,0.6225616561577589,29.797374518955966,20.651808674283735
3333,Binh Dinh,VNM,2004,2004-02-02,0.035337577125324954,0.22615241729391264,0.020745744094783438,0.0444958340902475,0.22878540751190624,0.14904391603999237,0.06720657399163327,0.738972050757139,0.620760529783646,30.190886040332867,17.323238899724636
3338,Cao Bang,VNM,2004,2004-02-02,0.2862453834188479,0.3555526875086392,0.2758260837955773,0.28540681831541953,0.37731947986777425,0.3336620249792314,0.23554186436970018,0.19034823013650612,0.17392966190845846,20.867152971618545,5.647766524811024
3355,Khanh Hoa,VNM,2004,2004-02-02,0.05602904107873637,0.33826469588423747,0.03416452010230152,0.06912780247371314,0.3380227130103223,0.21762130531149354,0.09789135386401873,0.7179594341848664,0.7905889074229516,28.052992358600292,17.77176994738959
3360,Lang Son,VNM,2004,2004-02-02,0.5263031238687998,0.5673807742768124,0.5081982437823309,0.519266299476866,0.5676730894499228,0.502343120694923,0.33963098811676307,0.045751978661536914,0.06666370520562101,21.035562488252946,5.864946933497359
3370,Phu Yen,VNM,2004,2004-02-02,0.038546184867409,0.24711979453986158,0.021708895511895636,0.04845738626313804,0.25289412021661256,0.1652809630560163,0.07325332910575319,0.7274871144598372,0.6412148084383695,31.063653796991677,16.596936283551322
3371,Quang Binh,VNM,2004,2004-02-02,0.7642666877241336,0.7645652871407802,0.7572206300503684,0.763139943003752,0.643841031973484,0.408648394879149,0.24223186452070247,-8.155326094881941E-7,0.001053214937401799,26.863027054163847,11.525644615460807
3374,Quang Ngai,VNM,2004,2004-02-02,0.03795490656057936,0.22887415223879343,0.023324742768039784,0.04856544650382656,0.23418043292569113,0.1605897131328867,0.07239691303380458,0.7286137235688779,0.5435554068313097,29.890101144627735,19.16441003754448
3376,Quang Tri,VNM,2004,2004-02-02,0.683737131539169,0.714044676458372,0.6635786903842128,0.6780708952673159,0.6646360627117365,0.5489602413312575,0.3541928929771688,0.03644009135240887,0.045209345980867406,28.142264341197418,11.402958340671816
3383,Thua Thien - Hue,VNM,2004,2004-02-02,0.4529196843029422,0.5140833160847682,0.42995790007994517,0.44855096358775204,0.5129752464469887,0.4613240892931307,0.3148256967280745,0.12201112291370113,0.11079185690425757,28.300026422465915,10.624816842444273
3327,Ba Ria-Vung Tau,VNM,2004,2004-02-02,0.09491993172205039,0.27638584047460907,0.059387554429212425,0.0908017135653892,0.2945479180431074,0.2289667477043635,0.1332975481920498,0.4731423141434342,0.5966221392933769,36.215627674381366,20.373316482440472
3336,Binh Thuan,VNM,2004,2004-02-02,0.10382947984142059,0.3229080673319552,0.051499656554347094,0.0907289459389939,0.37178309047406805,0.307682579271431,0.18587207184447396,0.5294580418465615,0.8857834570489124,36.17516425334914,19.7840773831562
3342,Dong Nai,VNM,2004,2004-02-02,0.06817898663889474,0.27819108582483637,0.03964248102026177,0.07052384040068904,0.2937070252619459,0.21148376584529358,0.10902372736702899,0.5822647090914064,0.7681342114464583,34.491942324164604,20.038978708406454
3344,Gia Lai,VNM,2004,2004-02-02,0.06439894617543546,0.25792297716936496,0.03370120347838819,0.061283517741893015,0.29150195467291895,0.21209001459527946,0.10977403568434976,0.6076330324458962,0.6413571408384897,33.15062825131722,16.783566685686736
3345,Ha Giang,VNM,2004,2004-02-02,0.20627015322539674,0.3026850190505085,0.1904034120281702,0.20672098245835635,0.31930360392486207,0.2636942741580269,0.16811186669814268,0.4044017059349538,0.26799739267612793,22.726728080792093,6.1153211318175735
3347,Ha Noi City,VNM,2004,2004-02-02,0.6309694878696139,0.6541606141217435,0.6036530074087411,0.619086399421948,0.6379157421323103,0.5588444173999214,0.38342108510115447,0.018308700841940282,0.02550986631061139,23.11628939059355,9.40194671522613
3348,Ha Tay,VNM,2004,2004-02-02,0.64754477176071,0.6699494192080225,0.617924261778547,0.634729743580456,0.6440469494887795,0.5505363614021672,0.3648946822450176,0.016967378236320833,0.02136310253008746,23.924213629718373,10.174727335840245
3349,Ha Tinh,VNM,2004,2004-02-02,0.7354047856180433,0.7539700553615207,0.6997652550316569,0.7225813242615091,0.6672808237354004,0.49561106742676003,0.29422970625448275,0.012617749186110925,0.012827206058769967,23.957095351649368,9.700680687512135
3353,Hoa Binh,VNM,2004,2004-02-02,0.6898475094289491,0.720734955218136,0.6479277039155663,0.6716673161379708,0.6886726116175323,0.579191255883659,0.3760256255289739,0.021738344953797006,0.02714224089742135,24.7699039510949,8.172340593021245
3357,Kon Tum,VNM,2004,2004-02-02,0.05642401672075736,0.28013168568316693,0.0384109190640324,0.0631169812655466,0.2910746022419356,0.18588648072392278,0.0853585349159285,0.6953904147909412,0.6219249601541935,28.209404012578077,16.285325240127584
3366,Nghe An,VNM,2004,2004-02-02,0.7118674914638103,0.7437593027054933,0.6708518824439356,0.6957708347284512,0.6874578144743458,0.544707145274938,0.32314236791429113,0.03254378563924992,0.03414766817455141,27.237755163122326,8.858830323224401
3367,Ninh Binh,VNM,2004,2004-02-02,0.6397130642292574,0.6597917212666997,0.6126119330998143,0.6285090614662754,0.6393819863906987,0.5621000208298768,0.3789118118833779,0.014383121087504757,0.019073972972544085,21.81364003039921,10.054121894328189
3368,Ninh Thuan,VNM,2004,2004-02-02,0.08375487384089896,0.30402272324165996,0.04279929274551742,0.07844410507715216,0.33684906652354624,0.2562715788220925,0.1412439658753356,0.5790806178184076,0.2701549433375614,33.352538235196285,19.003025851642438
3377,Soc Trang,VNM,2004,2004-02-02,0.11964729283464387,0.33082796283632065,0.06565474645494387,0.1145126555328122,0.3327258211976881,0.2629927862215662,0.1474536902590092,0.44222419766271354,0.6601652279199557,31.616071189240223,20.616904458768452
3386,Tra Vinh,VNM,2004,2004-02-02,0.11647738604940339,0.3270169378539121,0.06408499427237847,0.11170710036956921,0.3264617523144593,0.2512484818060882,0.1390299751952722,0.4421991448082591,0.6004448169853153,30.172289481893316,21.52172817309856
3387,Tuyen Quang,VNM,2004,2004-02-02,0.488199409515483,0.5425094839732317,0.4665238535386428,0.4811489796150889,0.5359702743720989,0.45466670761029643,0.29267879226873644,0.13610204085135855,0.10025379765126655,23.83158358416547,7.912031680605159
3388,Vinh Long,VNM,2004,2004-02-02,0.10329163816860108,0.36441561244220605,0.06522495150255764,0.11215903822244915,0.34706470189527544,0.24078315144569626,0.11930320475365952,0.5459823457702695,0.6140509510374752,29.881881322013733,20.34377046922346
3390,Yen Bai,VNM,2004,2004-02-02,0.45839505972858424,0.5253243527451877,0.4361748703016941,0.45297699148343235,0.5178204046171437,0.4317399547226834,0.2848766000729388,0.17294036802822832,0.19357119000986364,23.323557233130753,6.158137356870021
3328,Bac Kan,VNM,2004,2004-02-02,0.544841662583362,0.5892236063085767,0.5193185150223257,0.5348978993458855,0.5842652233829653,0.5062440264134018,0.32934637915863335,0.04311243950443631,0.05267546385241295,21.361752434080724,6.440302540832171
3329,Bac Giang,VNM,2004,2004-02-02,0.49530588126144315,0.536100678522711,0.4849827512250666,0.49218298959844264,0.5342530036375659,0.4745639738543183,0.3351828479468209,0.05492973985078557,0.08582546715995085,22.62022502503523,7.927187931720604
3330,Bac Lieu,VNM,2004,2004-02-02,0.1164447327125424,0.22996313224162165,0.06232442839796142,0.10196795726684102,0.24064531440885342,0.20630906373220526,0.1257569071075518,0.3051268340899341,0.4236638856451004,31.618759932232713,20.99711970635313
3331,Bac Ninh,VNM,2004,2004-02-02,0.5513925938471845,0.5712065893878504,0.5328346539000237,0.5435673979294483,0.5568652354522805,0.48949250827071944,0.33783399915092105,0.019639960852191284,0.025024036194725974,21.949243673384217,9.721467665391268
3334,Binh Duong,VNM,2004,2004-02-02,0.08003325284594391,0.32978043070805513,0.046182141342999306,0.08380221310757116,0.34863503056947726,0.2667249250264579,0.14532622818680363,0.592027305100228,0.974270442379993,34.89536970179541,20.466021025586237
3335,Binh Phuoc,VNM,2004,2004-02-02,0.06838809113336518,0.30437593704916954,0.036861372741091476,0.0690891375808395,0.3223955597670611,0.23146073553058819,0.11810820605899774,0.6287039851588525,0.6152728010458914,35.40947459610233,19.560567051034205
3339,Ca Mau,VNM,2004,2004-02-02,0.07519310749902895,0.1905208467249555,0.04426426860925536,0.07499203771542792,0.17947133893867379,0.12509137440749443,0.06503755538976141,0.3941451693140964,0.2688711036975825,29.286279820897896,21.76461927270463
3340,Da Nang City,VNM,2004,2004-02-02,0.1627122606728694,0.28662528899286205,0.15550215097995718,0.16960099036254847,0.2923501708839982,0.23932206363601982,0.1537251859107567,0.4272093746362016,0.30408014193741867,27.807641542905756,20.370185632231795
3346,Ha Nam,VNM,2004,2004-02-02,0.6554105465467492,0.6778038599692204,0.6191491459214833,0.6402745756595057,0.6523577889420649,0.5666037884255963,0.3765201481037773,0.016472605330460792,0.02252824642936773,20.641471104137082,10.560414910415119
3350,Hai Duong,VNM,2004,2004-02-02,0.5975161850824203,0.6229680307252425,0.5706137297332211,0.586707581730529,0.5961037207765257,0.5068469241110172,0.3360891395827409,0.029694296017511345,0.03563837333871518,22.427399783588843,10.31466465104029
3354,Hung Yen,VNM,2004,2004-02-02,0.7189370160848939,0.7429210886118484,0.6741540357662604,0.6995122302766235,0.7050429068365447,0.5915390419028685,0.3854409956930727,0.01605554983314784,0.020126056828813445,21.74788268560389,9.927728497975993
3364,Nam Dinh,VNM,2004,2004-02-02,0.6028437662535584,0.6124754377310659,0.5885928628480068,0.5968989444711598,0.590321534572457,0.5161022145605949,0.3370009008061632,0.006601592385144672,0.008323525350299087,19.851585834792747,11.304020447737377
3369,Phu Tho,VNM,2004,2004-02-02,0.6644126045223974,0.6867190853932051,0.6422564314514517,0.6554142402889898,0.6535720790534727,0.5443350415284711,0.3581797520360225,0.016842448200164985,0.020108710701390167,23.968332887224427,9.152701017723109
3372,Quang Nam,VNM,2004,2004-02-02,0.04559825087016533,0.21926562886961806,0.03819502959981275,0.05646739350453963,0.22362429646114865,0.14726369806062264,0.06519957145955631,0.7092271116760172,0.7228049749027122,28.903887209433254,16.718446292367883
3381,Thai Nguyen,VNM,2004,2004-02-02,0.595231250387816,0.6281746351017629,0.5726239121283286,0.5859979350347343,0.6154700859524651,0.5295046923304477,0.3435693062189451,0.02790282594093081,0.03414792903627224,21.759791755211022,7.954252189363736
3389,Vinh Phuc,VNM,2004,2004-02-02,0.5876468035201831,0.6103075525435436,0.5756127668837868,0.5834296813301397,0.5951129092876699,0.5223207134421525,0.36193245418803766,0.019886884435960005,0.026948862888227898,23.565252683810805,9.846793515024485
73933,Can Tho city,VNM,2004,2004-02-02,0.0971218040042756,0.44624966504757946,0.06090099707407388,0.11829243205900317,0.39389490359872426,0.2573207138763825,0.11844279387373897,0.6246310249223885,0.7595999368372158,29.644522002648465,19.403161294975465
73934,Dak Lak,VNM,2004,2004-02-02,0.06434438947780732,0.2488796437799813,0.03343790726289203,0.06096519470342394,0.2840830563262091,0.2117516651527764,0.11228094768704783,0.5868383597876463,0.6057334359718497,32.566072678441216,17.314806563009867
73935,Dak Nong,VNM,2004,2004-02-02,0.04769902487159812,0.2471697887478192,0.02571515952151226,0.04954209937943697,0.26501191769392174,0.17256850432694398,0.07978895781915847,0.674247027508744,0.5344845090132109,31.199853398884073,16.42642674901552
73936,Dien Bien,VNM,2004,2004-02-02,0.04721484324714181,0.21693478649368075,0.028113091090827706,0.05088691264711613,0.24877940097172574,0.17288226920099084,0.08097907131077643,0.6428457197794921,0.4980493665536187,27.48566660132752,11.347713210983077
73937,Hau Giang,VNM,2004,2004-02-02,0.08014574745191735,0.41772192784094225,0.0485886626479381,0.10197505058830587,0.3806969013477784,0.2493178298291523,0.11096188390105742,0.6692313941574336,0.7905875823664763,30.04716526625772,19.944038876391122
73938,Lai Chau,VNM,2004,2004-02-02,0.05173076335270558,0.2535319584970065,0.028387224782383598,0.05534570494176112,0.28960567123718417,0.2028553999266903,0.09572857181834207,0.6712122476411184,0.6282665338996979,25.263371632859155,8.551891810696437
73939,Lao Cai,VNM,2004,2004-02-02,0.13246056514259694,0.22289776650918636,0.12147722834696968,0.13675500283407388,0.23875850248973146,0.19368790186453713,0.12048225541237213,0.3989785420960591,0.22894572519373624,22.47683440626645,3.907827256039734
3326,An Giang,VNM,2004,2004-02-02,0.06819439451541866,0.42887800028684214,0.04314143741810273,0.09225233715103462,0.3641827209837008,0.22804572067838605,0.10246897554983773,0.7075944521543174,0.8558913377438799,28.558736006305967,20.497386068630114
3332,Ben Tre,VNM,2004,2004-02-02,0.13013649966971833,0.2923609363536986,0.10719944631107108,0.1345682177935513,0.2757297256835646,0.19886060812975817,0.11106589070428312,0.37416352309513895,0.35799073465837666,29.308654821539374,21.937953905068106
3343,Dong Thap,VNM,2004,2004-02-02,0.08420106633707765,0.3995453541429458,0.053117661432805635,0.10314142305056613,0.35104757912433604,0.22731334407842133,0.10641882203266417,0.6366094185320398,0.7247360155734206,28.406948428769233,20.078901305636137
3351,Hai Phong City,VNM,2004,2004-02-02,0.6013280770061444,0.6196698103083534,0.5819157432261125,0.5936000300480366,0.5947632719763162,0.5116274199065586,0.3357545257172285,0.015157056086884745,0.018552726889932477,22.388753475187034,11.194005739554914
3352,Ho Chi Minh City,VNM,2004,2004-02-02,0.09435966214488105,0.2595102515922895,0.06536790708719269,0.0956386916892612,0.25664617838183973,0.19487479424131024,0.11283260974800308,0.45316427285244826,0.48874977540626624,31.788613963471345,21.331379864776842
3356,Kien Giang,VNM,2004,2004-02-02,0.0890862632252739,0.3606166937381397,0.050452588161861316,0.09783939486240033,0.351264122122215,0.24678589872475104,0.12261856994999819,0.5805635883995803,0.7615536196658683,30.87644925073201,20.491798626800904
3359,Lam Dong,VNM,2004,2004-02-02,0.054751771879301206,0.2875281933235918,0.02907032607048939,0.059301189493704234,0.30530865055428275,0.1997966557113331,0.09290117935464229,0.6801862172985528,0.6455234751556745,29.72857795446999,16.144115568580165
3362,Long An,VNM,2004,2004-02-02,0.08270796110852321,0.36575746008890375,0.04755701718362064,0.09253459604223545,0.3574195591438003,0.25127059613292707,0.12253339039960538,0.6167329044302088,0.9606443111999786,29.60858245802055,20.021816577351895
3375,Quang Ninh,VNM,2004,2004-02-02,0.5158101534644558,0.5517948831706085,0.5066579590085999,0.5135685595576074,0.539383670445304,0.4727450478194262,0.3311819247088218,0.04957031875688728,0.06864335676663263,20.701727207645135,7.424167784649899
3378,Son La,VNM,2004,2004-02-02,0.2348258792087074,0.34663642627605157,0.2062408935307565,0.22995742515569823,0.36751914711242734,0.3016769963426013,0.18884910723262713,0.38816690561488176,0.3492730966923969,28.57864106590569,6.831414813428572
3379,Tay Ninh,VNM,2004,2004-02-02,0.08732537279173958,0.32476361014746397,0.05164771411447043,0.08851298562145841,0.35024010997240335,0.2842822564638142,0.1673336499144042,0.5655085109363257,0.9765466501402501,35.23112109859023,20.440850177135722
3380,Thai Binh,VNM,2004,2004-02-02,0.5930476626006742,0.6054234956449172,0.5777298288555829,0.5866818733182064,0.578587464781965,0.49036583440374215,0.2934716246355134,0.009420404126456925,0.01022692595212388,21.794870927148406,10.774552103673942
3382,Thanh Hoa,VNM,2004,2004-02-02,0.690639558246987,0.7163843012689487,0.6592281827723592,0.6780181615478834,0.6751545144432257,0.5659265973952302,0.3706618178464711,0.019456975938369262,0.027057021164058285,26.110631751433946,8.809254770246408
3384,Tien Giang,VNM,2004,2004-02-02,0.10775526007042667,0.33514749120875786,0.08309860964467479,0.11745780697783047,0.3132895334951801,0.2149093723940878,0.10972308536653061,0.5185890466806796,0.5168891247899893,29.53848929601759,20.6547615837026
3333,Binh Dinh,VNM,2004,2004-02-10,0.04991080923253853,0.24653737036108128,0.033216408582992914,0.058335143450881935,0.24720876535392317,0.1628780558890333,0.07939402814644611,0.6806657411041225,0.5549983548257005,26.88808521027864,15.613717219024753
3338,Cao Bang,VNM,2004,2004-02-10,0.048330179009769096,0.17133671665107628,0.029587721242412046,0.05012969901986194,0.20512947110383856,0.1569398052876189,0.08378436583594916,0.5631796766681827,0.3824847671858414,23.412032293695262,10.62159273063034
3355,Khanh Hoa,VNM,2004,2004-02-10,0.06138537710582019,0.29684902954018805,0.041837278069459735,0.06980440076899258,0.3077357321763876,0.20512592182857037,0.1009001431545807,0.6673229636595326,0.6730943767402726,27.24562597664362,15.963105464197652
3360,Lang Son,VNM,2004,2004-02-10,0.051661130380152506,0.18731274904848674,0.03247301942441135,0.053621066867729605,0.22522903557095605,0.17563353831585146,0.09546543730813155,0.5698921527914372,0.4478697201756399,25.33776337554735,11.187981072445421
3370,Phu Yen,VNM,2004,2004-02-10,0.06520157270040265,0.29037721018835394,0.04468651102977352,0.07347923314396672,0.30213915860311835,0.2083339866865519,0.10342744467783113,0.6511413805362963,0.6564103960758118,27.515490788847625,15.710155110456862
3371,Quang Binh,VNM,2004,2004-02-10,0.054909157054212364,0.18709247133516962,0.04390398019003737,0.06210411164093477,0.1991485594142692,0.14305903119895524,0.07221679706061064,0.5995982217979141,0.35225353567797907,24.428934757469015,13.923308722480773
3374,Quang Ngai,VNM,2004,2004-02-10,0.0418829863751,0.22692326669153448,0.027532926914812902,0.05125560068407628,0.22951528001502122,0.15416211210611447,0.072715511846206,0.7001880012367976,0.519266507882028,27.12894290245313,15.208221224698013
3376,Quang Tri,VNM,2004,2004-02-10,0.07408327458038523,0.1987133870131387,0.06353095811061103,0.08175830827969732,0.20458804465527858,0.15063271719188992,0.07918704071994333,0.5249586157065077,0.3236094973370158,24.87069780681959,14.678532040986884
3383,Thua Thien - Hue,VNM,2004,2004-02-10,0.06332469779051897,0.19578113785478043,0.05520217019640789,0.07271372441454035,0.20278992827513842,0.1470273458307883,0.07594053222153524,0.5576695468302867,0.35736621272971336,24.989563168498893,14.271360313170518
3327,Ba Ria-Vung Tau,VNM,2004,2004-02-10,0.08315762466296399,0.27228978730401915,0.04351552941439781,0.07799561579082051,0.2943146160739733,0.23009785134147673,0.13676068223459764,0.5014216865480636,0.7261955116861772,34.778531043455985,19.37306445461586
3336,Binh Thuan,VNM,2004,2004-02-10,0.08749098032399928,0.26883320301615926,0.04269694957433044,0.07501684009057288,0.3166834687998876,0.2647323414231325,0.16540782874256094,0.5282466086794858,0.8526564331940097,35.85603021507837,18.722806073645327
3342,Dong Nai,VNM,2004,2004-02-10,0.06102348023544181,0.2507758909827652,0.03407167026734388,0.06196235425626665,0.27025510562392896,0.19654167330163239,0.10508492202956214,0.5841604973013317,0.6573456124673569,34.18237928415803,18.8157458202254
3344,Gia Lai,VNM,2004,2004-02-10,0.05863861260448515,0.22987094232562377,0.029437368939917746,0.05380326752123538,0.26313409337533766,0.19269488060429354,0.10405040459788689,0.5982379225042682,0.5870124392052973,31.49729604804585,14.786420901504238
3345,Ha Giang,VNM,2004,2004-02-10,0.055474915142059995,0.1833876642984783,0.03713942813604041,0.058970002986599664,0.2084851594627211,0.1570412605949588,0.08072729557782118,0.5505834248953759,0.3758073242321386,22.997745304829365,11.027784103075042
3347,Ha Noi City,VNM,2004,2004-02-10,0.11146893840669456,0.18070300608697598,0.06728846313889024,0.09965385901752628,0.19248558315815878,0.17920899897293902,0.13267154071870763,0.23577246212209882,0.19118791259398807,28.197306931304862,13.886895319088964
3348,Ha Tay,VNM,2004,2004-02-10,0.10670032327741436,0.16201328734805065,0.06450846502713047,0.09606415107466162,0.14996474872415952,0.12950927612287733,0.08655918265523851,0.2106807513235706,0.1538424964959024,27.621295535469777,14.73984437154389
3349,Ha Tinh,VNM,2004,2004-02-10,0.0514592903375598,0.17486896698006552,0.032045130109308734,0.05645076181916498,0.18363443214531544,0.13641885027348802,0.0681340797254122,0.5669591431891219,0.33365993324411575,25.58471918439163,14.041756660470309
3353,Hoa Binh,VNM,2004,2004-02-10,0.05547890559919315,0.1725259095244427,0.037352336763859115,0.05793238759647995,0.1992245726739497,0.15631318907955172,0.08610442589166771,0.5217607359525277,0.3585837988111737,26.461439690060228,13.113177299575804
3357,Kon Tum,VNM,2004,2004-02-10,0.04227173773600059,0.25981242541334904,0.024633505668653324,0.0485456843803845,0.27038479087051615,0.166864831134675,0.07484157350633,0.7299925045886483,0.6213801291546107,26.29397457150659,13.18599941478231
3366,Nghe An,VNM,2004,2004-02-10,0.051478320024983544,0.19511067642638824,0.03360648704135715,0.05618072488748288,0.21123070156044316,0.14893143471017886,0.07249808636180216,0.6045529148314741,0.38922909019988944,24.41446007896428,12.927904136239817
3367,Ninh Binh,VNM,2004,2004-02-10,0.09113003762144323,0.15694976089318483,0.05328930117110965,0.08317323804449138,0.1484071771016503,0.12186492114548216,0.07534221913432407,0.2702726642540903,0.17768384844277918,27.33508432854331,14.436399182774162
3368,Ninh Thuan,VNM,2004,2004-02-10,0.08412673156324726,0.2851511958186233,0.04346194581078989,0.07643107015540136,0.32366205553685345,0.2531070901377916,0.14767658867789119,0.5654006772564658,0.3714248267697476,32.21193544373465,17.805767552402283
3377,Soc Trang,VNM,2004,2004-02-10,0.10207539373991568,0.26335079551680807,0.05399457780515032,0.09360756034791183,0.27504718002888506,0.2207946038173048,0.1282302607783368,0.424595528300809,0.6590211263821646,31.35100408990956,20.254142198241787
3386,Tra Vinh,VNM,2004,2004-02-10,0.09437948019106615,0.25427972126856785,0.04858277108284332,0.0874623067328525,0.26424276615695985,0.20548678657542943,0.11660053962364016,0.4285885678719642,0.5214542009052876,31.001784785090436,20.285063317194183
3387,Tuyen Quang,VNM,2004,2004-02-10,0.06428738046665526,0.19109179176777438,0.05454373035048583,0.07106032779644719,0.20941303354857066,0.15284170879994824,0.07689712385390808,0.516873226009627,0.3292183516529583,25.10098706250106,13.029834794311533
3388,Vinh Long,VNM,2004,2004-02-10,0.08421566628990028,0.27831278135890714,0.048829673154540246,0.08591096585064606,0.2787098561362838,0.19898640508904586,0.10396361358192026,0.524543944570807,0.5005943346980404,30.740996371258497,19.684973877738496
3390,Yen Bai,VNM,2004,2004-02-10,0.07152014319440426,0.22387078800207375,0.06111219439063285,0.08058405310762753,0.2505215821904138,0.19010571067252124,0.09768257004997877,0.5394111402234342,0.4592593380429404,23.92503601841322,11.928241896351484
3328,Bac Kan,VNM,2004,2004-02-10,0.050853250308081376,0.1940046678912566,0.041835719883819476,0.05825038350269077,0.21541700654189397,0.14989863311541737,0.07113498093394957,0.5973795054118779,0.3809534042965263,23.576062084934733,11.23933062240328
3329,Bac Giang,VNM,2004,2004-02-10,0.07655385802861732,0.19694754137924153,0.04481246947394742,0.07099745493884276,0.2271005143244599,0.1891152301751332,0.11720886878260973,0.4506711343761925,0.43069156040407297,27.452175337538378,12.816449044277581
3330,Bac Lieu,VNM,2004,2004-02-10,0.11370717207295673,0.19910018435912769,0.06507145184477436,0.10004794206257411,0.20982974523239714,0.1826675488000754,0.11516804371522459,0.2583256481046692,0.39005846358758794,31.038885987325276,21.10966794353925
3331,Bac Ninh,VNM,2004,2004-02-10,0.10581841676852988,0.15628026292477623,0.06094148519738856,0.09360820230365614,0.15535204397382363,0.1406423974558827,0.0986619681695661,0.18649200415402387,0.1445342934237693,26.59396919127664,14.424188297301184
3334,Binh Duong,VNM,2004,2004-02-10,0.07639155815474095,0.31098128912983886,0.0435039105092808,0.07804253157793672,0.33423163154419816,0.2575890649496325,0.14639945839531585,0.5942762282154939,1.0178997534642509,35.73430065197608,18.431709932482256
3335,Binh Phuoc,VNM,2004,2004-02-10,0.06604952499849803,0.28052864366084906,0.035196964718276526,0.06478673637433927,0.30037740219494297,0.21704040218676032,0.11638176480896448,0.6094669253463258,1.0602592473074555,36.15897807566934,18.085870342673186
3339,Ca Mau,VNM,2004,2004-02-10,0.08957810595751405,0.19760811457323313,0.05702103653158139,0.0883072221709936,0.19016852347061725,0.13822093042317515,0.07676982862635666,0.3535504706892289,0.2543039362073162,29.744538051496274,21.672746128031932
3340,Da Nang City,VNM,2004,2004-02-10,0.0630871403862142,0.23232078561147992,0.05440596046873804,0.0738307320184639,0.2386863863865801,0.1687730087489109,0.08830078661810362,0.5949502122870204,0.507890927789226,25.475455915866444,14.172101856883339
3346,Ha Nam,VNM,2004,2004-02-10,0.10770654169109665,0.14590816242943505,0.06811713734471539,0.09875723881813311,0.1231849705464619,0.10001914236546933,0.06317666121975528,0.15621600328116256,0.0872812938868807,26.477108615636386,15.267868677226103
3350,Hai Duong,VNM,2004,2004-02-10,0.09361506224000561,0.15667400501071518,0.05524507045258943,0.08651710148860564,0.1356156936952413,0.10938860152444352,0.06659134685828993,0.24959660475660658,0.15657186301765477,26.250767276445202,14.636733695736563
3354,Hung Yen,VNM,2004,2004-02-10,0.10181330735223738,0.14678542071392942,0.05995508159380847,0.08834864498365376,0.13179710807998335,0.11302567775383411,0.07629039495392846,0.1760119035397774,0.11102136560567943,27.106661780994127,14.657190044154486
3364,Nam Dinh,VNM,2004,2004-02-10,0.11030618022267322,0.13903253890516093,0.06140105369745272,0.09344942287674288,0.11204932126429515,0.09787386510120509,0.06643417846926769,0.1115447412583433,0.07074601809733894,27.804884695339215,15.328871313860592
3369,Phu Tho,VNM,2004,2004-02-10,0.08360106579066257,0.1896603909700381,0.06097641310929219,0.0845288575083332,0.20558403130724642,0.1650698778913413,0.09387135496531306,0.4012737595230402,0.2910834392233644,26.974832857471437,13.64968897584194
3372,Quang Nam,VNM,2004,2004-02-10,0.047354036263096574,0.23448680476364225,0.03982585761399067,0.05886822573205661,0.23896557203832963,0.15503372045784317,0.07055866006074228,0.6869069940781696,0.5771417978464346,25.079592302625016,14.121982750725177
3381,Thai Nguyen,VNM,2004,2004-02-10,0.07620391306038184,0.20065273896718538,0.06023574544187773,0.08015806826195662,0.2222127776500414,0.1723155769562018,0.09691801448598834,0.46976262622891374,0.35878762894000776,27.05167731691265,12.553300720849213
3389,Vinh Phuc,VNM,2004,2004-02-10,0.09180403901418549,0.18552023827950773,0.0559757059102884,0.08517596799403487,0.19551814641780452,0.16721184092919514,0.10895000240413598,0.3494495412349716,0.28837293820121535,27.538450717015877,14.421227024858835
73933,Can Tho city,VNM,2004,2004-02-10,0.07789935337583569,0.3046186881822334,0.04887672256324357,0.08584681047878305,0.2791750941558614,0.18107964649191893,0.08858986009554679,0.580348324603134,0.5117356776652472,30.4994828480023,19.18882937975164
73934,Dak Lak,VNM,2004,2004-02-10,0.06735636366861851,0.24763858653507204,0.03485216137101927,0.061710587064800836,0.2874013244143008,0.22089175692942506,0.12663672274899032,0.5623284801565629,0.8932835568148828,32.50281948082891,15.39874731912589
73935,Dak Nong,VNM,2004,2004-02-10,0.052993054384048735,0.26557850686897455,0.02844195709903878,0.05415121074597208,0.28774959885015133,0.19246494210106546,0.09591815551213763,0.6604092128509217,0.6355657265034171,31.640043522183362,14.982105766011752
73936,Dien Bien,VNM,2004,2004-02-10,0.04594058730813745,0.20681702125218748,0.027818272672336015,0.04879325554256483,0.24152370179869434,0.1718279930573126,0.08496088628234796,0.6377502262124513,0.48104572559883035,25.279628782501245,11.921473022374391
73937,Hau Giang,VNM,2004,2004-02-10,0.0638386686501838,0.2948008280801728,0.038849711346542075,0.07420831302429876,0.2761327685861409,0.17902605118278656,0.08342226103738314,0.6380136355543025,0.5491473721780009,29.25887669964312,19.57951874114992
73938,Lai Chau,VNM,2004,2004-02-10,0.046933813383907584,0.20920595766833433,0.028525380000483807,0.05047070420240747,0.23932417250872473,0.16696240365373335,0.08119924149765485,0.6555332539715059,0.46806731812588237,24.031234673208264,11.582197331080387
73939,Lao Cai,VNM,2004,2004-02-10,0.08468367070616671,0.23923956186640868,0.07059069981776964,0.09170225620591262,0.274454926824223,0.21561211770473876,0.11671197522169548,0.5180631287919355,0.488392214082363,23.222525541750716,10.463999986017521
3326,An Giang,VNM,2004,2004-02-10,0.06862000824132261,0.35588929600526925,0.042114769324461086,0.08430667962714639,0.3102385539602906,0.1933044954322308,0.08939111406707366,0.6630383140821915,0.6853254179564512,28.880735727773345,19.283114749261085
3332,Ben Tre,VNM,2004,2004-02-10,0.06700849329841134,0.23164128155155383,0.0374060664317531,0.07007974808728516,0.21665311672064838,0.14156017093177203,0.0697379735699103,0.5014404054956046,0.3909241976365766,29.116332693906664,20.481296459399097
3343,Dong Thap,VNM,2004,2004-02-10,0.0715604564517857,0.31681255993451996,0.04257844397826349,0.08269602208798585,0.28678709883761466,0.18343231674448227,0.087684484788436,0.6130587288135013,0.5595110234896186,29.35678463259436,19.852307642099696
3351,Hai Phong City,VNM,2004,2004-02-10,0.08050739798758645,0.13678517887301128,0.049135191884883855,0.07698411042385186,0.12133279354181817,0.0974510231088184,0.05859953539564791,0.25663453431013084,0.13598017067891074,25.760278309928935,14.937372420115688
3352,Ho Chi Minh City,VNM,2004,2004-02-10,0.07845030535663812,0.2203701870384666,0.04956742791883032,0.07798705595162463,0.22290591778707877,0.17053721579483017,0.10264674338840979,0.4587257521562546,0.4675362741560551,33.571702263223365,20.395938382092286
3356,Kien Giang,VNM,2004,2004-02-10,0.07271012675936478,0.2665700625439673,0.0414396727301448,0.07467329353327654,0.2708948723957374,0.19123949093906878,0.09841140653670243,0.5523670975288026,0.5604240733214095,30.942877117501393,19.90124096425966
3359,Lam Dong,VNM,2004,2004-02-10,0.048689325725976326,0.261186569502932,0.025995651338546574,0.05268292618030004,0.2817131606104646,0.18585613419625657,0.08948845815238739,0.6852977005728126,0.6136398725131511,29.475295805655065,14.597347900773736
3362,Long An,VNM,2004,2004-02-10,0.07011578851342418,0.2871119629770789,0.03957594832037346,0.07391191461619563,0.289827368154026,0.20436774363212848,0.10545819493479064,0.5963653067344107,0.6580545559818057,31.210630032063232,19.37721107051968
3375,Quang Ninh,VNM,2004,2004-02-10,0.050947913103436576,0.186881424923764,0.03518655285053863,0.05729805599235546,0.20684697567223942,0.15295211054092245,0.07908579362178926,0.5724068950066457,0.3992465428431696,24.486563792103738,12.417817376971389
3378,Son La,VNM,2004,2004-02-10,0.05261886842111705,0.18882003987980028,0.030414186519136556,0.05214214893539481,0.22988423431593583,0.17895308261628654,0.09721962540227103,0.5651693711918293,0.46238299776025443,25.2216448451375,11.588846329465847
3379,Tay Ninh,VNM,2004,2004-02-10,0.07937767289558777,0.2854261298994149,0.04632755457971127,0.07860617552146698,0.3143749496484001,0.25507073214847303,0.1557368078298065,0.5552982625206394,1.05002159331986,36.1550211126604,18.915011869566303
3380,Thai Binh,VNM,2004,2004-02-10,0.09754802538745677,0.1407103925433873,0.05621059465154624,0.08618169711083179,0.11348265157233045,0.09554823065996598,0.06211889309890589,0.17620737583394694,0.09430036847120603,26.532160235241573,14.796860986185367
3382,Thanh Hoa,VNM,2004,2004-02-10,0.061836857076426506,0.18946379046363376,0.03792034650422725,0.06384409081284556,0.20508330209040887,0.1561646207836108,0.08292994416061385,0.5194743583383705,0.37224563389179205,25.841947408705177,13.00716565521885
3384,Tien Giang,VNM,2004,2004-02-10,0.07030365279876391,0.26699498712172404,0.04166406996969214,0.07524463438640625,0.2557280982448067,0.1697514602751598,0.08361474669237783,0.5645975694541473,0.4756065038859244,30.703990483693975,19.958698359638337
3333,Binh Dinh,VNM,2004,2004-02-18,0.058136486966290125,0.29456312782225386,0.03555268282847865,0.06729569523386503,0.3015146158153439,0.20493862512067249,0.10126667476480058,0.676576672175764,0.5884051796533328,28.695638865266396,17.01491283217107
3338,Cao Bang,VNM,2004,2004-02-18,0.2905582717195983,0.3472639426975475,0.28459958992026585,0.2929859086779069,0.35244846868671,0.3046483166666455,0.20848990268407308,0.13373747312247172,0.12497231562057443,23.744677372746526,12.266834321712883
3355,Khanh Hoa,VNM,2004,2004-02-18,0.05854457256244601,0.2821802083809776,0.035845467531772986,0.06470034762011324,0.2950314049768232,0.19688067333812645,0.09672201849670614,0.667864375845226,0.6544443923899329,29.325762388114413,17.174973199413753
3360,Lang Son,VNM,2004,2004-02-18,0.2306737505046848,0.3028387523015535,0.21561749650198536,0.23076278478999587,0.31507591467155344,0.2741328621204358,0.1852255321199356,0.20922240611570123,0.17374286966004987,26.175320921182433,14.91689550592941
3370,Phu Yen,VNM,2004,2004-02-18,0.06703411051944808,0.28797038244473755,0.04296870211105513,0.07356423896546975,0.3007541077052366,0.2114783333116712,0.10919342563988986,0.6366401298202796,0.6624498337335092,29.724296245889455,16.754625400810056
3371,Quang Binh,VNM,2004,2004-02-18,0.18469732181035145,0.30958396014598877,0.17194720712306236,0.18802105784865497,0.33250821469023123,0.28651042340571803,0.19130463262994718,0.33772281731634574,0.3425210267918966,26.14374042102273,15.849048318486291
3374,Quang Ngai,VNM,2004,2004-02-18,0.05034186161298661,0.26825882690242825,0.03111062510572238,0.05959634769526082,0.2807794738705377,0.19610035818657587,0.09612005127163376,0.6902121393685926,0.6634056605201915,28.905257790825896,16.707311363179475
3376,Quang Tri,VNM,2004,2004-02-18,0.13336255022202906,0.27744325200387726,0.11914577286891825,0.13906547082242915,0.29388057699086384,0.24000049282332747,0.14869155681407642,0.42470486514290107,0.19606343548155267,27.103747066141697,16.22178363687528
3383,Thua Thien - Hue,VNM,2004,2004-02-18,0.05986743758206987,0.21858912202020478,0.04824577609408205,0.06884610692960909,0.23382026235080458,0.1718009033770004,0.08863301564739874,0.5898804100684463,0.5277635674716521,26.9569162692682,17.220832756876696
3327,Ba Ria-Vung Tau,VNM,2004,2004-02-18,0.09290899581691682,0.2869957052128467,0.05013561404908584,0.08484067952955665,0.31567245456164317,0.24913927310304163,0.14892060148437244,0.4900903597806494,0.8827831963396374,35.436624519082756,19.811365597062018
3336,Binh Thuan,VNM,2004,2004-02-18,0.10066894926332204,0.29246129535399323,0.048911545358597056,0.08461054231915958,0.34872952278566366,0.29457003509801793,0.18966268098912814,0.5046627350343399,4.1397798040737335E10,36.6494242505195,18.701676459848656
3342,Dong Nai,VNM,2004,2004-02-18,0.07535592868464845,0.2910288924492067,0.04174714621740353,0.07481259380572956,0.31714206970930753,0.23455354250253815,0.1274624228597471,0.5554448355378364,0.7964161432378891,36.542789231028586,19.196308046787614
3344,Gia Lai,VNM,2004,2004-02-18,0.06884487224336812,0.2570096521831126,0.03494010900226672,0.0621920477839341,0.29890439112806544,0.22723946354380542,0.12871931389365426,0.5789724179471173,0.6457295435829967,34.4132121082795,16.97892304822802
3345,Ha Giang,VNM,2004,2004-02-18,0.3760095757949344,0.43836029436807383,0.3511871954057478,0.36933188497831204,0.4512032034546883,0.406057995152143,0.2903703860529321,0.12227811295352113,0.2022290160150204,23.61252930506935,11.710804180843267
3347,Ha Noi City,VNM,2004,2004-02-18,0.31942039269171113,0.36816845503205925,0.28555634922422085,0.3089774154290204,0.3766422762372961,0.36547894260697206,0.2773054109173931,0.08280588917671311,-3.1555843466072164,23.654212860310427,13.06422391359416
3348,Ha Tay,VNM,2004,2004-02-18,0.3655422312769354,0.40951485417113476,0.3314830878118286,0.35472896566458695,0.4093352583152481,0.3866956010312954,0.2820160954526686,0.0711702357954814,0.08672663117719162,24.59025188294853,15.452075778263465
3349,Ha Tinh,VNM,2004,2004-02-18,0.1699008107865284,0.2658241131843857,0.1483891985592608,0.17259735207286875,0.27540405711274074,0.2415620371874074,0.1600489844829649,0.2818963764908988,0.2557043750605751,27.19600496389837,16.10353028981725
3353,Hoa Binh,VNM,2004,2004-02-18,0.44399082035469223,0.508156660790359,0.39397478471501435,0.42393747750322053,0.526330635464606,0.4794291835380273,0.33528292657828257,0.08554972975007683,0.1204582708720149,25.298999281402555,14.30563744798412
3357,Kon Tum,VNM,2004,2004-02-18,0.05177933425103202,0.29426030360769195,0.03132270104708691,0.05795471157747134,0.31554467230269695,0.20335675616446763,0.09413782686411445,0.7055041507930423,0.6785187633821873,29.15626385013365,15.909001642921568
3366,Nghe An,VNM,2004,2004-02-18,0.27845710931484124,0.37460375659345085,0.24519563472316666,0.2715416882650045,0.3948190746259366,0.36100894830596114,0.25950305216628944,0.21466549086057565,0.2572578327014098,25.39991314175234,14.804133537232605
3367,Ninh Binh,VNM,2004,2004-02-18,0.5303663066009875,0.5722806984324507,0.4744837873014382,0.5085249899378277,0.5640255401825098,0.5082553322129997,0.34028762510524113,0.03790021439185853,0.05067773686875811,27.7960869565217,15.30532778784387
3368,Ninh Thuan,VNM,2004,2004-02-18,0.09128113349870323,0.2891348915948452,0.046726858508570515,0.0805216958354401,0.33473531330858736,0.267447109248581,0.16041020824409655,0.5433391289306421,1.3816233876090945E11,34.304190133582274,18.34000273384098
3377,Soc Trang,VNM,2004,2004-02-18,0.20103675318756964,0.33559517844684306,0.16171281382383326,0.1918635872749584,0.35218286913783026,0.30512041890804303,0.2003149467053298,0.26130828270051565,0.48899266279585524,31.450734994489917,19.514121837729537
3386,Tra Vinh,VNM,2004,2004-02-18,0.19121559837292024,0.3289857289216471,0.14774747409528585,0.181073872381147,0.342136090088926,0.29165373719302307,0.18930141465202127,0.2720521055038619,0.3779686662862596,30.63001293882997,19.751643257103304
3387,Tuyen Quang,VNM,2004,2004-02-18,0.41726277652926624,0.46478863527897785,0.40005738601529633,0.4142605639563763,0.4684060046529755,0.43696520533439864,0.3349447666051537,0.05948861596840703,0.08873981563543014,25.52267885015615,10.992571051951037
3388,Vinh Long,VNM,2004,2004-02-18,0.16994291353679578,0.3345577006909211,0.13277960220486884,0.16570308099182687,0.34831663209661534,0.287659829871412,0.18122922781277265,0.3381451207687448,0.4714231576039195,28.68585565916901,19.027289044163552
3390,Yen Bai,VNM,2004,2004-02-18,0.4532896451071185,0.5050658752543865,0.4155310346288444,0.44122708460624016,0.4984649472102353,0.4313591250219041,0.2915303933340775,0.10699299372325283,0.0892862400945366,21.4706276469809,10.754321486053874
3328,Bac Kan,VNM,2004,2004-02-18,0.23663273095989826,0.30942208954702943,0.23827338311778662,0.24420303807212598,0.3110777519421148,0.2617419678147012,0.17876172726886116,0.17679724342324035,0.14584562991232278,,9.544691926345653
3329,Bac Giang,VNM,2004,2004-02-18,0.16638572462541995,0.2493832771262639,0.13810471779958008,0.16187010711981023,0.262034780222923,0.23211324089061366,0.1592721019826331,0.2618139089373071,0.2194940860209053,24.835121519072036,15.981825400344082
3330,Bac Lieu,VNM,2004,2004-02-18,0.19064998776115674,0.2505363295081097,0.15724094835873756,0.1802673449919104,0.2620607909620398,0.239636418581744,0.16746895604517514,0.1446646672574272,0.19382012662958115,31.18142626974145,21.450707867081285
3331,Bac Ninh,VNM,2004,2004-02-18,0.35240513336223095,0.3889342421747134,0.32016245611141786,0.34185782718234087,0.3897408041513505,0.38075016563726016,0.29681804738573986,0.052126220107960634,0.07868169347447858,23.44616428309498,12.253013042784403
3334,Binh Duong,VNM,2004,2004-02-18,0.08596766791040207,0.32325581987333685,0.04895641004718197,0.08504885106793578,0.35850816440856437,0.28008148578349606,0.16091382085323447,0.5704953640259949,1.1203156500638174,37.42481881645199,19.295111944997807
3335,Binh Phuoc,VNM,2004,2004-02-18,0.07619474402608324,0.3007255660528811,0.04147937873779513,0.0732053658612379,0.33035095843079654,0.24478148482588005,0.1338725871853431,0.5883042712857001,1.063019325683328,37.1774616500742,18.670711117042597
3339,Ca Mau,VNM,2004,2004-02-18,0.1430897872895323,0.2280002507407192,0.11981277721426385,0.14166974047590458,0.22543502378404223,0.18427815938428826,0.12308270028753213,0.23657446648105576,0.20446624081262385,29.440966694004544,21.03848878627199
3340,Da Nang City,VNM,2004,2004-02-18,0.05812459771360955,0.24567864990509602,0.042557595215441495,0.06715201745717246,0.2588124361544272,0.1826461580379355,0.09349560308839802,0.6334527320937574,0.5703645792450572,27.353487533473352,14.874789562899718
3346,Ha Nam,VNM,2004,2004-02-18,0.49621138707854334,0.5266162309843175,0.4560906681074161,0.48148797802467386,0.5206991435931413,0.4853171921666069,0.3451462943364122,0.02844673462455376,0.0397073700628059,,11.912049957628861
3350,Hai Duong,VNM,2004,2004-02-18,0.34215867746212136,0.386057703223151,0.31416127342652084,0.3365482244459239,0.381355860288683,0.3675018277786676,0.28280197408412777,0.07944903126801095,0.1026259515205328,24.83130052395213,17.946267211478638
3354,Hung Yen,VNM,2004,2004-02-18,0.4651746801249528,0.5043332737851354,0.4188042154426377,0.446709434360882,0.5125721486385992,0.5041719655721,0.3855275363258748,0.040718593857659656,0.0753916681219948,,11.763165723585868
3364,Nam Dinh,VNM,2004,2004-02-18,0.4447411265157682,0.4696442651588638,0.408457781682113,0.4324030250970923,0.45770662247313093,0.4358712707345508,0.31938021924657867,0.02660132838167872,0.03882213082880633,25.513019136707307,15.698323539899862
3369,Phu Tho,VNM,2004,2004-02-18,0.4599788553853975,0.5091600988541533,0.4207684203483723,0.4472015942599964,0.5176068613779933,0.4824514376903072,0.34416305964109695,0.06569191280270051,0.10781607355395043,25.37856321693548,10.113921475799325
3372,Quang Nam,VNM,2004,2004-02-18,0.04915392966119421,0.2677666305620513,0.03775146570076259,0.06070116902850091,0.2827742723874639,0.18788935088861342,0.0853908330169618,0.6964454990077135,0.5928214265973141,27.2446702534792,15.48958434410761
3381,Thai Nguyen,VNM,2004,2004-02-18,0.2827628377572886,0.34987823584647454,0.270933328432749,0.28435645995214853,0.3567420410871466,0.3237710789000009,0.23376463281281595,0.15389531344737056,0.15431180394883304,,10.607560483149234
3389,Vinh Phuc,VNM,2004,2004-02-18,0.35441967373570327,0.4084527424603984,0.3235421500352053,0.34658004731866326,0.41422163498366926,0.3981961025334349,0.2976644332793013,0.07965368949567231,0.12359678228466502,25.3596792565286,8.841621023323777
73933,Can Tho city,VNM,2004,2004-02-18,0.21299052194169202,0.3588196100418205,0.18225380205090308,0.2091579482838419,0.3654543241441259,0.3058370199910728,0.20273994832792475,0.2637631536583638,0.34699397477564065,30.199238853967024,19.1401969886135
73934,Dak Lak,VNM,2004,2004-02-18,0.06901839211710174,0.23781176163535797,0.034671221174333605,0.061008062973358215,0.2806808200807708,0.222505357032565,0.13338428895802248,0.5454362145097645,0.6615962820514524,35.74231657942763,17.072190003768352
73935,Dak Nong,VNM,2004,2004-02-18,0.05862116534840121,0.2737307841831529,0.031491855161455494,0.058279168177599046,0.30188547435956614,0.20725288581891807,0.10577116891603325,0.6362254494766512,0.5283607948218413,33.826687684196585,16.51828441135159
73936,Dien Bien,VNM,2004,2004-02-18,0.06450999600396028,0.21546727590210038,0.04397808050839177,0.06638311004062145,0.2521982923034615,0.18822297499602297,0.09756027648325948,0.5604437929407005,0.45598366808433377,27.700664718627632,15.185789007789575
73937,Hau Giang,VNM,2004,2004-02-18,0.19077952556411001,0.36236599121776664,0.16856178832462645,0.19437794981663073,0.35877023437477723,0.28560719959334113,0.18268336016633951,0.337267435155526,0.40831814375977754,28.59181034814071,18.945744817183478
73938,Lai Chau,VNM,2004,2004-02-18,0.09573921374375731,0.23880939027157805,0.07333952908189685,0.09656965200980357,0.26955354928174,0.20587712310803913,0.11385911208036585,0.5043938048132646,0.4167504354039386,25.77586387786823,14.49095044160923
73939,Lao Cai,VNM,2004,2004-02-18,0.23716354796244196,0.2993018192342923,0.22276350722263738,0.2395411135924991,0.30265890451722777,0.2613688924440759,0.1772001768886974,0.17973701083746565,0.12688791564599994,21.575314380911003,9.653571717465788
3326,An Giang,VNM,2004,2004-02-18,0.11332695433970448,0.374138109162482,0.07602704712928164,0.12151870590050438,0.3505677814001428,0.24579736378185787,0.1312468384179257,0.5365500246016641,0.6712840924006678,30.2460006303062,20.19382106716351
3332,Ben Tre,VNM,2004,2004-02-18,0.11205504474234877,0.2987283409363199,0.07729528803792529,0.1133651291877846,0.2866226677769859,0.20611327879171987,0.1138500170285074,0.4279334005573977,0.4556515152701192,29.27080847723717,20.76715729476524
3343,Dong Thap,VNM,2004,2004-02-18,0.14763418020572247,0.3729946083446665,0.10463682613873453,0.1504002855941182,0.37125084751478904,0.2858247516603686,0.16583933900988396,0.4367110677033567,0.5662720302288143,29.43637509428991,19.64755545590635
3351,Hai Phong City,VNM,2004,2004-02-18,0.2645975895840634,0.2894737333209915,0.25784646231319,0.26990912595090777,0.2688686697573228,0.2489835446756632,0.1835395192045854,0.04992024721468484,0.05041371660961892,26.186174169619104,17.113607834558877
3352,Ho Chi Minh City,VNM,2004,2004-02-18,0.09285058964007956,0.25340172434139724,0.05896252135617974,0.09042261864450438,0.25884465932950146,0.1992770509277743,0.1198606343817545,0.4495987693866999,0.5541973871788785,34.881601790647274,20.743982108983715
3356,Kien Giang,VNM,2004,2004-02-18,0.13572737761053882,0.29054295530116053,0.10426521487377652,0.13263037631380206,0.3116771536204261,0.24970624039156733,0.15158908378032335,0.3905640366637213,0.423781190660083,31.765507969280854,20.041789348573502
3359,Lam Dong,VNM,2004,2004-02-18,0.053202913583638135,0.26840921823433095,0.028380844449102445,0.05581818898958397,0.2952011383686056,0.19987872420314493,0.09903647858836165,0.6657085914255149,0.6571386669566778,31.10246324554717,15.332837810263323
3362,Long An,VNM,2004,2004-02-18,0.09896228280914907,0.3391393041379903,0.05693954145068948,0.10025961983767379,0.35371418513941144,0.2636673764444611,0.14290197034830532,0.5396165305404028,0.7651877508447298,32.229816099132414,19.56026261708892
3375,Quang Ninh,VNM,2004,2004-02-18,0.3231175108062609,0.3768717843389647,0.3087551353760375,0.3238958671979479,0.38218705073503056,0.35564066417456186,0.2656814829072057,0.0945788405793428,0.08317461818532977,25.014785746108004,16.136807786164976
3378,Son La,VNM,2004,2004-02-18,0.09425274551939584,0.21659436450490405,0.06914485318983685,0.09185527846409655,0.26053115645628677,0.21840864550025352,0.12991017885599487,0.456515474542327,0.4516117010255636,27.959018877855403,14.551039003637042
3379,Tay Ninh,VNM,2004,2004-02-18,0.09913880200575613,0.32236934931608574,0.057951439907426495,0.09530514083612786,0.3637528255170146,0.30297750661959044,0.19033147801130854,0.5247330537650124,-6.5086519745843956E10,36.665777285874036,20.018198425065954
3380,Thai Binh,VNM,2004,2004-02-18,0.3808833699382129,0.41157146032374936,0.3537007334844416,0.3733040655442214,0.40280980913113856,0.38957202264033314,0.29298872706432855,0.040325529349588614,0.05652475511529675,26.13528424583302,16.870923884533973
3382,Thanh Hoa,VNM,2004,2004-02-18,0.39479630322995196,0.4721707338773082,0.3476281013299047,0.3787227829803522,0.49144351286235066,0.4577987128933356,0.3304490754620301,0.1324391315255398,0.18218311932474232,25.144470855390654,12.895603837803955
3384,Tien Giang,VNM,2004,2004-02-18,0.1096671705666044,0.3122625159721988,0.07491206292061488,0.11234623196820143,0.30695332274014997,0.22260228190358866,0.12217353662792763,0.47542025754438244,0.5084654870177195,30.312376867236004,19.947269359750326
3333,Binh Dinh,VNM,2004,2004-02-26,0.05123993090082378,0.2709319876608836,0.029755514095287098,0.059146554513955146,0.27932957851435836,0.19182994632393852,0.09464853455181313,0.6889035959356331,0.7351874532652639,32.0840278221816,19.999038806617037
3338,Cao Bang,VNM,2004,2004-02-26,0.06641582447433143,0.20632427806237918,0.04284394948859165,0.06966747326194227,0.24562341396244008,0.19955666500693187,0.1098801727958296,0.5257686824954415,0.4958840043584658,29.411881365526003,15.684983038398148
3355,Khanh Hoa,VNM,2004,2004-02-26,0.052302111375451515,0.26548036525725943,0.031047961573950764,0.058136458478810375,0.27878970314665436,0.1875091057767329,0.09155483478662878,0.6799569052042573,0.6859727675041336,31.048882197604545,19.61784238195058
3360,Lang Son,VNM,2004,2004-02-26,0.06456219801361618,0.21725654656968232,0.04181620714282011,0.07064491831009387,0.251512951086995,0.1990317090597639,0.10691594304069608,0.5469466197011954,0.5019075476674201,32.63655437060131,12.806118257454552
3370,Phu Yen,VNM,2004,2004-02-26,0.05379491727551804,0.2690194579080234,0.029749876402561933,0.059711411331482625,0.2848602071629849,0.20269750103931963,0.10212422865799112,0.674939175626549,0.6998848609281418,32.10697115553952,20.298590992039397
3371,Quang Binh,VNM,2004,2004-02-26,0.04133101113905278,0.21646873839778752,0.028567334894827913,0.05027081387877053,0.2317637140031342,0.16574786293201407,0.07877194932728855,0.6977483117952075,0.5398489003445285,32.42439597225083,20.067584773925063
3374,Quang Ngai,VNM,2004,2004-02-26,0.04335832745428521,0.2434079191420477,0.027214672624995336,0.05291503673019932,0.25164794300288496,0.17422713480697394,0.08264130987217642,0.704124866973377,0.4839436871044013,32.04572254172749,20.882395002152812
3376,Quang Tri,VNM,2004,2004-02-26,0.050738825827413674,0.22227752363410133,0.036615393021255445,0.059820840787669194,0.2313827664603531,0.1682059895907115,0.08366108661282783,0.6463002109539884,0.4863511097353135,32.941140186029685,18.661310451429664
3383,Thua Thien - Hue,VNM,2004,2004-02-26,0.047966234990202576,0.22494658651989854,0.03554433226883273,0.058380893806562736,0.2350005635216751,0.16878380524960518,0.08235952017137192,0.6644498585868238,0.5018288031921647,31.716615445412636,20.41962884736659
3327,Ba Ria-Vung Tau,VNM,2004,2004-02-26,0.07998457810610178,0.24429511881258414,0.042369385654138156,0.0721166293831634,0.272043424124097,0.2182698165145648,0.13507385673846192,0.45517127476979724,0.6990781624078135,37.40344729411092,21.988781788583747
3336,Binh Thuan,VNM,2004,2004-02-26,0.09447719505221656,0.26594204818301126,0.045645170379013215,0.07830089295869627,0.31875091779486836,0.2745204987767251,0.17882740412720574,0.49834031399882145,0.9614689361599245,38.767339162352094,20.802641397140373
3342,Dong Nai,VNM,2004,2004-02-26,0.0686817725441316,0.24282651296300517,0.040647791950247175,0.06783980431362945,0.26449988100130933,0.19704530443560023,0.10983001749225361,0.5494338198037729,0.5355388388968981,36.656802359464194,21.224440397909994
3344,Gia Lai,VNM,2004,2004-02-26,0.06412020732160341,0.23551466388840525,0.03220015306781777,0.05725115772843758,0.27353035863784125,0.21038829971415432,0.11979649985696394,0.5741163858742625,0.7651198382463203,37.20054126509954,19.08203671502273
3345,Ha Giang,VNM,2004,2004-02-26,0.12945487074180922,0.2553652664145677,0.10425462905330886,0.130788698554856,0.2889931658217126,0.2461906877165324,0.15044068617722273,0.41713101958536203,0.4509233958029829,29.23367067973712,17.10194041947513
3347,Ha Noi City,VNM,2004,2004-02-26,0.12669789986106747,0.21191910558558674,0.07927211299432811,0.11756610277854714,0.21857772893227828,0.20053787368031425,0.1445440938120806,0.25127155823078495,0.308383628444638,34.35671829059459,17.842443598585337
3348,Ha Tay,VNM,2004,2004-02-26,0.11680122378593982,0.20499266296528468,0.06969100347730088,0.1092037507260678,0.19442204333720342,0.16853801031046264,0.10961953323401295,0.2763694441148636,0.2452311103468873,33.36913962019358,17.67114594250791
3349,Ha Tinh,VNM,2004,2004-02-26,0.04846985742346448,0.18635683519240492,0.030354641602745508,0.05466428405145953,0.19593388484395188,0.1484207470641199,0.07812352784532464,0.62317551149048,0.4242140119361647,32.09224861578066,20.66161359345971
3353,Hoa Binh,VNM,2004,2004-02-26,0.05120609499470992,0.16134492444101503,0.03519409166336373,0.05629481630360175,0.18606575411390497,0.14768715485505068,0.0791905430234805,0.5339173619471866,0.3329661897522788,32.88879718344837,17.989188206925824
3357,Kon Tum,VNM,2004,2004-02-26,0.046890855511338196,0.2735403947752799,0.02798543527653613,0.053446953395015845,0.2877643187048492,0.18546043230546322,0.08470395430965853,0.7133198599845636,0.6617745514474588,31.209452938475717,17.57665888105333
3366,Nghe An,VNM,2004,2004-02-26,0.043840500109046825,0.1796833605736372,0.028632245988423684,0.049471451944832545,0.19597615087402984,0.140153790301003,0.06825972429544146,0.6385782735295769,0.3713403084248609,32.122922065555436,19.353122037478617
3367,Ninh Binh,VNM,2004,2004-02-26,0.08687329536024625,0.17088966152795795,0.053077983762104076,0.08413181716475837,0.1665268555555629,0.1366632542850757,0.08307444839465498,0.3466884990163165,0.225254785681314,32.85722067106744,18.522577454635357
3368,Ninh Thuan,VNM,2004,2004-02-26,0.08640564507110948,0.26904381896148044,0.04408993170652043,0.0754116355622831,0.312176992856162,0.2525141495741333,0.15201590125286615,0.5413431713919384,0.7573961195145048,35.46473626273468,20.50517392111203
3377,Soc Trang,VNM,2004,2004-02-26,0.11152363398737329,0.2617871766988696,0.05789350934795649,0.09840958082693829,0.28620460755061194,0.24258398031487696,0.14970611244147408,0.3799703791337073,0.6472987449280905,34.70534435790584,20.78027114672036
3386,Tra Vinh,VNM,2004,2004-02-26,0.10423950421329738,0.2473867876444149,0.052330355112548896,0.0916651766583267,0.27178083643374584,0.22595961515683807,0.13777903925612375,0.3774039477081082,0.6361255323326583,34.10333716343886,21.42281720463437
3387,Tuyen Quang,VNM,2004,2004-02-26,0.13969794878894765,0.2748878610101398,0.1289362770292232,0.14720552255408173,0.30293568437329765,0.253121014984103,0.15001126172541335,0.37063695760957716,0.38870540779695145,33.82189210840838,19.410759028386043
3388,Vinh Long,VNM,2004,2004-02-26,0.09167226862593565,0.24914766619199602,0.05495977169330964,0.08848137095726498,0.2621751726358321,0.20801671519025874,0.12147133620730266,0.45853652470213246,0.47419666409043726,33.70370925972799,20.765405318867717
3390,Yen Bai,VNM,2004,2004-02-26,0.1031104206366867,0.22165540416192403,0.09357614552365774,0.11059840793946486,0.2465048287029821,0.2014527099552197,0.11559629920391773,0.44249342425077065,0.3358002985194571,29.93122315055553,17.692562043453034
3328,Bac Kan,VNM,2004,2004-02-26,0.07216252838276423,0.24585546049195303,0.06324260364060592,0.08266095032986154,0.27643703385099205,0.2096771212408442,0.10599093858962307,0.56861426425198,0.5200030865078576,33.278265773891114,16.370731434144652
3329,Bac Giang,VNM,2004,2004-02-26,0.095491152947108,0.21396262525805418,0.05743572218636943,0.09243492150110108,0.2355285955856691,0.19749579444760074,0.12295100417672662,0.391781882939597,0.41400775191945033,34.79943389065803,15.462338670982986
3330,Bac Lieu,VNM,2004,2004-02-26,0.09897260843393094,0.16998579110994083,0.05342521545540333,0.0847869508050276,0.1856080993779271,0.16795760335351745,0.10899429585164942,0.2384956216344941,0.3971258720479047,33.82198582326612,22.510440002476216
3331,Bac Ninh,VNM,2004,2004-02-26,0.12897381103869546,0.19417032558056646,0.07667355798641266,0.11882137985365103,0.16884938742627675,0.1455478285529002,0.09805721834144329,0.20347998845463264,0.14230891495681594,33.5155525086273,17.170445481391358
3334,Binh Duong,VNM,2004,2004-02-26,0.08054957385794152,0.2774868521613644,0.04880465469242312,0.07892175642973778,0.3113953674102686,0.2480499484684401,0.14443709461398838,0.5511132987011526,0.7530143447817935,36.54126176987626,20.841720877395232
3335,Binh Phuoc,VNM,2004,2004-02-26,0.06940726116432792,0.2659291305444985,0.03792773809277714,0.0665769310154295,0.29109673076552056,0.2168769079725248,0.11759593643044301,0.5820063388979484,0.656713460319219,37.24862743715553,20.941034304515586
3339,Ca Mau,VNM,2004,2004-02-26,0.06461659763845459,0.15039776760657136,0.03776533954782845,0.06268680328868982,0.14690659213370807,0.10789341282149455,0.05843787360320556,0.3589340327376753,0.21853753579201315,30.59743397011422,22.622851568047246
3340,Da Nang City,VNM,2004,2004-02-26,0.05166078601800116,0.23926565352603685,0.03776160244764338,0.06192099584090292,0.24599917611747285,0.17136222674772625,0.08296157854033803,0.6808669058414767,0.5157511116417615,30.28547698609462,21.777237613606623
3346,Ha Nam,VNM,2004,2004-02-26,0.10642463365640877,0.1764892989359472,0.06783346654277063,0.10025201274661923,0.1496065544969829,0.11979847313621433,0.07303041355603605,0.2545794799654286,0.15550526315141636,33.5686414965742,18.229467613808314
3350,Hai Duong,VNM,2004,2004-02-26,0.08947345376632561,0.1741520807492325,0.05310030442915978,0.08908023765609223,0.1557573084610406,0.12367743602145423,0.07458984752826392,0.32093742609226034,0.20245599998104993,31.78478798019155,18.85230608323719
3354,Hung Yen,VNM,2004,2004-02-26,0.10960770363076973,0.17535871432881053,0.0657207935239856,0.1001528701544615,0.1462535429705119,0.12069803795559039,0.07898191817920044,0.23150003432966815,0.1483806452615195,32.30593175736948,18.46889838612245
3364,Nam Dinh,VNM,2004,2004-02-26,0.11266517156552867,0.16534329747753007,0.07036805653196697,0.10220507028391192,0.1353640464439781,0.11315026395605643,0.07512819166470758,0.19130134863546866,0.11563844027862279,33.74884033172381,18.25538079381825
3369,Phu Tho,VNM,2004,2004-02-26,0.11704268427527763,0.2379690044257397,0.0941193964997047,0.12137055144077825,0.25888627371865297,0.21847809308440447,0.12965353955054026,0.3861781806348764,0.3438898179902027,33.01353322290659,17.547424406689633
3372,Quang Nam,VNM,2004,2004-02-26,0.040464758021309985,0.25408752810075275,0.03038192813020021,0.05307841710633231,0.2603680898674092,0.17021201593617627,0.07315330976820464,0.7301185278639121,0.5963002069837737,30.629460702849354,20.257116995527596
3381,Thai Nguyen,VNM,2004,2004-02-26,0.08946259792048843,0.23726373703587167,0.0744399347458518,0.0966498877285692,0.2645445760450028,0.21321128988944388,0.11938086357212353,0.46747266990992903,0.4409757585692194,35.00200589305932,17.509865709802813
3389,Vinh Phuc,VNM,2004,2004-02-26,0.11799197031781257,0.2502225502019795,0.08030893903835873,0.11638742142921597,0.2636402553126473,0.22629753539843103,0.14244858251488368,0.3692912165683329,0.4228808954942947,34.11720080199345,18.168722923007632
73933,Can Tho city,VNM,2004,2004-02-26,0.10596843051063186,0.262648172260455,0.06261721137474476,0.09763346025203758,0.27913376586254224,0.22452485687206925,0.1324228369636494,0.4184706350627664,0.45232829143701625,34.246005283699674,21.23516554989826
73934,Dak Lak,VNM,2004,2004-02-26,0.06299857973680367,0.21442417995500127,0.03164110616588223,0.05589203374430023,0.2510843327175078,0.20013832736562,0.11978439620307292,0.5431935634735673,0.5351959769514893,36.999182698643196,19.531101086160607
73935,Dak Nong,VNM,2004,2004-02-26,0.06164503686675442,0.24852356789599606,0.03917153880697485,0.06221527611788827,0.2690842094544441,0.184864510278372,0.09473108825970625,0.6107903101032153,0.5173418366477134,34.08963304339704,18.614386609281794
73936,Dien Bien,VNM,2004,2004-02-26,0.048211188892650074,0.19285367713320686,0.02852574491142707,0.049582025087537764,0.22925867029464703,0.17180016650661623,0.09110556998158026,0.5951683988349165,0.4553547092485737,30.976308002038838,16.07972291056098
73937,Hau Giang,VNM,2004,2004-02-26,0.07931779841069735,0.2804631396053457,0.0459091021616702,0.08172575859484245,0.2837754651740511,0.20630767954325455,0.10922637134085547,0.5502666343816122,0.5366051817070697,32.83922937629603,20.52666525237104
73938,Lai Chau,VNM,2004,2004-02-26,0.04199303433101093,0.19219133129792762,0.02207114643059402,0.04470639102427461,0.2239431441885346,0.1613604561708559,0.0799527509289719,0.6411888482201884,0.45150499712336134,28.796742976611608,16.13321031912903
73939,Lao Cai,VNM,2004,2004-02-26,0.10167415691981554,0.22041331555424587,0.08616777836978469,0.10663898483487262,0.24989977929652604,0.20632793996865517,0.11917982692313152,0.4494175702479048,0.3611385004192307,28.849093969375197,16.65994971910273
3326,An Giang,VNM,2004,2004-02-26,0.09954072870240108,0.3193867811524163,0.0586081235426932,0.09977345028369257,0.31583911238186774,0.23033584065291565,0.12738040436806405,0.5231467782262657,0.516617182266676,32.937696377263784,20.981259706193562
3332,Ben Tre,VNM,2004,2004-02-26,0.07530553625938131,0.23413020311166027,0.04379156608089455,0.0768662405550582,0.22430086767695595,0.15417627763142921,0.08185903071472299,0.4703020616808255,0.39541045591529395,31.072264141976987,21.683363487565295
3343,Dong Thap,VNM,2004,2004-02-26,0.09629636895574578,0.2855558924724121,0.05525237059840124,0.09486957128856631,0.2923102106203494,0.2220853450567588,0.12531287205598785,0.48800335817969653,0.49769151443792137,32.62202271706366,20.688979998134688
3351,Hai Phong City,VNM,2004,2004-02-26,0.08763056374945861,0.1537809402889168,0.060875018276986624,0.08928637381903864,0.13629783345607477,0.10712026169961905,0.06406937555082473,0.28307297091000205,0.1498532717713202,31.64478532603573,19.29930720728665
3352,Ho Chi Minh City,VNM,2004,2004-02-26,0.09113086300880933,0.2262744990238886,0.06343943486262926,0.09106876277938865,0.23100514513532008,0.18284427350937804,0.11494345365365896,0.42794495685402484,0.4505075456896817,34.599814612694665,21.319740535979207
3356,Kien Giang,VNM,2004,2004-02-26,0.10258905117823643,0.2662543702409403,0.06122230786350123,0.09422825015260233,0.3003946258596671,0.24197641353773583,0.1417298632977636,0.4455974018293471,0.3200796548875678,33.257225077731945,21.268835543983585
3359,Lam Dong,VNM,2004,2004-02-26,0.04847034360383913,0.24261399039211637,0.025792808982310705,0.050685601144327186,0.2653648495897455,0.17945091920173178,0.08895325381364991,0.6642857478648488,0.5670764208600318,32.573514345142456,17.44204876512055
3362,Long An,VNM,2004,2004-02-26,0.09268652930122072,0.27158148111786395,0.05693259812382869,0.0906063989300286,0.2905423399652545,0.22360669446401502,0.12652180481281758,0.5016793831587717,0.4851627480007722,33.50879202950561,20.297912836613428
3375,Quang Ninh,VNM,2004,2004-02-26,0.0842589514274318,0.2073839178896478,0.07144955479185557,0.09498046056248122,0.21966815195012096,0.16808375858013946,0.09120538877173182,0.4505436496151551,0.32891620394574783,31.31735314390896,14.977017836647164
3378,Son La,VNM,2004,2004-02-26,0.05518117886204483,0.1736282051978515,0.03224891952246194,0.05431939194085368,0.21590804095677033,0.17640360641923408,0.10065592205834785,0.5205690075605878,0.42573772948211425,31.891074562315566,16.53234732771615
3379,Tay Ninh,VNM,2004,2004-02-26,0.0883228434026642,0.2784414064267269,0.05240827790997851,0.08462934627777877,0.3153171066789316,0.26672764297540286,0.17044864284252625,0.5192440285506219,0.6095397813758634,36.92072534809679,21.3643640862833
3380,Thai Binh,VNM,2004,2004-02-26,0.09043740870266333,0.16150062402139492,0.05421728707445351,0.08602406124305007,0.1307162614736954,0.10398682640379917,0.0639940955000607,0.2820082054403858,0.15258220180290855,33.27711581079925,18.709530139956104
3382,Thanh Hoa,VNM,2004,2004-02-26,0.05679218494003608,0.19054928797285586,0.035732625536093916,0.06153688914187269,0.20827937984087555,0.16125604446110803,0.08567911121551632,0.5627758244169491,0.4037517681762847,32.82227428958932,18.980779437678507
3384,Tien Giang,VNM,2004,2004-02-26,0.07553627331699873,0.25458387750720296,0.044379197260782995,0.07872557325017489,0.2528201560913088,0.18043032192877403,0.09448698027528847,0.5318339117283284,0.463293586957995,32.49956370577637,20.62845974420845
3333,Binh Dinh,VNM,2004,2004-03-05,0.06600107863574954,0.32884358420365056,0.037980866058401154,0.07586067824286628,0.3372744374055556,0.23531800855779228,0.11662847654152689,0.6667328417880882,0.84538554185078,32.3977878572866,18.591120115232386
3338,Cao Bang,VNM,2004,2004-03-05,0.05087879806576029,0.1558111430427371,0.03132813087925243,0.05298713357553845,0.18278589568634496,0.14458348744260827,0.07883995165743041,0.5126530261336312,0.31198050134710786,28.527058817687053,12.822578846569396
3355,Khanh Hoa,VNM,2004,2004-03-05,0.06713542318073232,0.31147290514666903,0.03931631568215995,0.07376417250251731,0.32383899175530545,0.2254083479852145,0.11218132009406584,0.6575690600022249,0.6991081202276085,30.48917195355194,18.38079574545582
3360,Lang Son,VNM,2004,2004-03-05,0.06313166822786448,0.18330640203736806,0.04075746343837167,0.06450741623260524,0.21342711584077445,0.17153545053009894,0.09564975950075912,0.49519376545562577,0.40604166531431585,28.93763410015763,11.710576850117935
3370,Phu Yen,VNM,2004,2004-03-05,0.06842111132396692,0.32049975201398,0.03787218516088598,0.0755027606033566,0.3371153193199071,0.24359717557768165,0.1244363523192679,0.6476864841275509,9.979159530030011E10,33.31766390632674,18.9648848323705
3371,Quang Binh,VNM,2004,2004-03-05,0.03762416623805613,0.16986627534882817,0.026572244683792857,0.045078219113119176,0.18059158773706083,0.12810054318504546,0.06127194909413566,0.6707140628693818,0.3036623518554732,29.33455885446877,17.6263527663186
3374,Quang Ngai,VNM,2004,2004-03-05,0.060462078165342256,0.3216142615909207,0.03731615476626704,0.07263874817737306,0.33104424879280175,0.23502680546457363,0.11443151873811913,0.6865505467361341,0.7708460363747243,31.772859063364624,19.096423185785472
3376,Quang Tri,VNM,2004,2004-03-05,0.04266654587158428,0.17574198907474448,0.03242452598547346,0.051086023449529935,0.18202061502259045,0.12892159220850888,0.061887020509273444,0.6344325167968075,0.4110298679638098,29.684830443350027,18.036650154969898
3383,Thua Thien - Hue,VNM,2004,2004-03-05,0.038345070638994394,0.16980902292158837,0.02984010660621135,0.04729925302096474,0.17276036347117096,0.12054752831836633,0.05873283420356908,0.6625993773592926,0.3908598127883752,30.422511302818993,19.231717140601955
3327,Ba Ria-Vung Tau,VNM,2004,2004-03-05,0.08846584370508842,0.25559885619595407,0.04782468442003647,0.07980764495076935,0.28619052496275693,0.23427746438444352,0.14390748516075014,0.4615939847054159,0.7957355352558036,36.02206519917686,21.043413167431307
3336,Binh Thuan,VNM,2004,2004-03-05,0.10493043110222675,0.28199373133149797,0.05119466113221864,0.08720898857512079,0.33615310573684476,0.29372128994744534,0.1928632116710835,0.47832945357897405,0.5202014686698165,38.17854981921514,20.000856648081413
3342,Dong Nai,VNM,2004,2004-03-05,0.07096030429989501,0.2530669602628583,0.038916153364963096,0.068488226004545,0.2792599863578926,0.21232133882788393,0.12033111400880354,0.5416423235817055,0.45061548526542045,36.38804901638158,20.618903806264928
3344,Gia Lai,VNM,2004,2004-03-05,0.07708207887509032,0.26999589459689993,0.03858635539314397,0.06879298729163942,0.3094360883321588,0.24341512957172803,0.14280574035655125,0.554005817600651,0.5053597965742934,37.34726850744602,18.4812763359594
3345,Ha Giang,VNM,2004,2004-03-05,0.044091672953597186,0.15334387488635504,0.026513210846775343,0.04657244052446449,0.17914998932708148,0.13988693822192094,0.07427303813975153,0.567224716463997,0.32548947060225714,28.113233422923642,12.848454768563892
3347,Ha Noi City,VNM,2004,2004-03-05,0.10603028008705996,0.18053085559366436,0.0673012032963862,0.09947515628656241,0.17774190418470973,0.1593097285876394,0.11306260470098203,0.26105256723945297,0.21159090101562245,28.917669180248865,13.329656090849678
3348,Ha Tay,VNM,2004,2004-03-05,0.0944464581713274,0.17526515482777488,0.05600375735380975,0.0899076426930373,0.15969662174484173,0.1350626488000292,0.08720001551962132,0.30134878649053826,0.20881479074495338,29.421060224874225,13.739198551306687
3349,Ha Tinh,VNM,2004,2004-03-05,0.04925983465950676,0.19819259251311885,0.030526842775245158,0.057599528990161325,0.2077014617653183,0.15626348183267713,0.07692686760269621,0.6104440770343329,0.43515435930655877,28.73000778445217,14.813056659592043
3353,Hoa Binh,VNM,2004,2004-03-05,0.058466079760995916,0.16335288068505505,0.03951628560821779,0.06040891734789124,0.1858886342619006,0.1496322203627631,0.0842157288289215,0.48309575078658973,0.30948870243325155,29.700687571273694,13.165294346630056
3357,Kon Tum,VNM,2004,2004-03-05,0.049987656157032156,0.29069167759638304,0.029200953661192627,0.057201503090405816,0.3019263405594656,0.19470010762216106,0.08946382164186929,0.7106189581334176,0.723460615746109,30.89739346735841,17.291338019661865
3366,Nghe An,VNM,2004,2004-03-05,0.0485830820140244,0.19686278222622342,0.03186323528506139,0.054837310787876674,0.2175595612197827,0.1608966333001348,0.08106390812126585,0.6206272920053106,0.43783733127762847,31.515443888247688,13.54142643788204
3367,Ninh Binh,VNM,2004,2004-03-05,0.08150936887492459,0.16126932424523555,0.04884275607476451,0.07929973989532622,0.15377233846263355,0.12635060960982938,0.07717117071292613,0.3369207855212585,0.2050562087830831,28.734677192714773,13.56521295343848
3368,Ninh Thuan,VNM,2004,2004-03-05,0.10233842070933558,0.29886484747157127,0.052952408842132315,0.08907604752170474,0.3437194571592575,0.284496898636058,0.1749800736326053,0.5205244512464859,0.7537177767991675,33.90301500087254,19.464676160456673
3377,Soc Trang,VNM,2004,2004-03-05,0.13699931236306204,0.29520454953457426,0.07421059342857432,0.11995551083206007,0.3176685469546778,0.27312174500943887,0.172079810822785,0.34926923746290867,0.20210264647532025,31.93986536873194,21.577144998725583
3386,Tra Vinh,VNM,2004,2004-03-05,0.12652878849361715,0.2853882061020238,0.06305821790789422,0.1096634434487675,0.3047750270132506,0.2566562217707783,0.15881258274888344,0.36268647091446915,0.877770246085418,33.586254639780265,21.133503931598064
3387,Tuyen Quang,VNM,2004,2004-03-05,0.06286066689037789,0.16921329976941485,0.05486756978267899,0.06975853647681446,0.18714254582403672,0.14229882760879667,0.07364122951926717,0.4794935126803811,0.2755836866270561,27.968015742249662,13.262615758549424
3388,Vinh Long,VNM,2004,2004-03-05,0.10067623565708929,0.2736881560177304,0.057829326219747436,0.09709245121857042,0.2769897282072159,0.21931599828791856,0.13192039610760142,0.4382764923114431,0.6177712805875537,31.2337790873516,21.039219570051284
3390,Yen Bai,VNM,2004,2004-03-05,0.050677292731369034,0.1543785217603181,0.04048538028522585,0.05655293995986729,0.17369748144779606,0.13316492242309744,0.06864982496385878,0.5366112513159532,0.282960390410177,27.239357397382044,13.642031192850792
3328,Bac Kan,VNM,2004,2004-03-05,0.05336600984709495,0.16563222991556745,0.046011851717615695,0.06079461971041735,0.18246645763979785,0.13109431780266162,0.06315457719823989,0.5261582890909423,0.2833056001577798,27.1987517525412,12.048996481642186
3329,Bac Giang,VNM,2004,2004-03-05,0.08123166778505023,0.19307309632146688,0.04889665740450036,0.07815249570832208,0.21078206280611858,0.175161483082445,0.10721028392175971,0.4150633719368412,0.38118243607898444,29.98761396551118,12.876839095258733
3330,Bac Lieu,VNM,2004,2004-03-05,0.12383168880504554,0.20399439716117979,0.06717520332748667,0.1055386804752371,0.21954482178617507,0.2004450427509075,0.13549090524547183,0.22039094055441158,0.32997054559951916,31.616159813489688,22.598029881441573
3331,Bac Ninh,VNM,2004,2004-03-05,0.10761981808315425,0.17337450389606923,0.06213157849579297,0.09980733561908661,0.13984422832425017,0.11755308080847492,0.07709480969822026,0.23332057698777248,0.1376947329676945,27.77880061318344,13.772462727674265
3334,Binh Duong,VNM,2004,2004-03-05,0.07858686794900129,0.2731606334709984,0.04492211706196698,0.07498876001761082,0.3102006772009825,0.24853439803509625,0.14347514410546003,0.5533532357412221,0.8227934381144537,37.689981079648135,21.042499296651823
3335,Binh Phuoc,VNM,2004,2004-03-05,0.06093144992857495,0.24468005054733358,0.03316507438030022,0.05866977908639374,0.27249841020613436,0.2048411622834985,0.11223223347053161,0.5966583260800753,0.6770463297816681,37.78905857993121,20.182142397652306
3339,Ca Mau,VNM,2004,2004-03-05,0.08486380894898446,0.18438863676965508,0.04834012939413342,0.0803897801547848,0.1789256327058307,0.1355398293063,0.07765011584183966,0.3249905383915653,0.24877514607008683,30.453082883245077,21.788051803172813
3340,Da Nang City,VNM,2004,2004-03-05,0.045607213521275246,0.1879021671440059,0.03745442783623408,0.05592175109881626,0.18830945548450137,0.12607137163083595,0.060205387758104766,0.6345862574180403,0.34156253465697994,30.47296543257325,18.813521044108224
3346,Ha Nam,VNM,2004,2004-03-05,0.11071092638414722,0.17242714212840074,0.08255514944786488,0.1091026147290974,0.14246308422886397,0.11478226691699885,0.07196347295629715,0.2279299748046185,0.1269467558981555,27.384630434912072,13.873822342260917
3350,Hai Duong,VNM,2004,2004-03-05,0.08274348434602673,0.17536385970652438,0.049429226238904694,0.08390005859878368,0.1540552601846158,0.12226589922869541,0.07330791515815363,0.35966153917538746,0.2132387226335101,27.79781344146921,13.819094673182825
3354,Hung Yen,VNM,2004,2004-03-05,0.10805808632130623,0.17044949634604017,0.07170541760877609,0.10197531461790366,0.13650915450399637,0.11167206884793902,0.0728374809735638,0.2263240951514896,0.1288646544807519,27.72815518772707,13.539246050208945
3364,Nam Dinh,VNM,2004,2004-03-05,0.10090204323727833,0.1538526714621444,0.06149392091715863,0.09331598411064906,0.12157890838692531,0.10167070885316183,0.06688483806402246,0.20757641029144291,0.10986091669325512,26.670470330940418,13.853808812484077
3369,Phu Tho,VNM,2004,2004-03-05,0.06827278852554779,0.17334751206148769,0.04745537713750591,0.07081941834663728,0.1897114638757468,0.15476247247582522,0.0889368217318568,0.4489905176327519,0.2964320873914405,28.581262620397997,13.100813946391412
3372,Quang Nam,VNM,2004,2004-03-05,0.04263233548464913,0.22486021195311176,0.03365752776368421,0.054141211321551856,0.22638449926022672,0.1453245299067226,0.06337530929015606,0.6966845523339813,0.519407346880529,30.436716429538187,18.959071469841412
3381,Thai Nguyen,VNM,2004,2004-03-05,0.07430816717050027,0.17758522463684104,0.0613714474479327,0.07968236150293596,0.19330716456769684,0.1519504873591986,0.08455239261348947,0.42618093710143096,0.27223639168547076,27.88554175924436,12.419991093982715
3389,Vinh Phuc,VNM,2004,2004-03-05,0.08327109043041929,0.19527698392258774,0.05144548901770972,0.0827361729581479,0.20159089491159582,0.1682631027712112,0.104740755965715,0.41422668725324185,0.33165558390773653,28.395537582362746,13.077127854853432
73933,Can Tho city,VNM,2004,2004-03-05,0.11792438395754944,0.2722705753632614,0.06570143272574007,0.10716739204103988,0.287017973920136,0.24313335824411383,0.1541312687691819,0.3906879173269531,0.5119856485670659,34.07937991176075,20.5337626318553
73934,Dak Lak,VNM,2004,2004-03-05,0.08062634440685408,0.26810938399290657,0.04019825827907721,0.07212382623615463,0.30711350510841207,0.24837034250958703,0.15108641079657514,0.5320578769273361,1.0769749418967232,37.21722860309279,19.222985277278827
73935,Dak Nong,VNM,2004,2004-03-05,0.05801743026451018,0.2550947267171703,0.030965390978066207,0.05679640302083981,0.277930310237492,0.19448361856077034,0.10239515790985061,0.6332838229989479,0.5467134125923259,33.821810761649516,18.68751778651488
73936,Dien Bien,VNM,2004,2004-03-05,0.05320222614343655,0.1994539135433329,0.03164544858344275,0.05416753964470404,0.23923868073913768,0.18147371022884295,0.09713132707593485,0.5733457912389824,0.4750310739177149,30.800105100236866,14.782903078177108
73937,Hau Giang,VNM,2004,2004-03-05,0.08746666674325038,0.2885165249581414,0.051412748253174205,0.09016185753712658,0.28513063299282204,0.2094507848582572,0.1111896970445402,0.5211073890810809,0.5193563003539609,32.622923779748625,20.945531833830444
73938,Lai Chau,VNM,2004,2004-03-05,0.04594055908890897,0.19017824389873947,0.02453038737261315,0.04798933059153405,0.22413051322706656,0.16282989613298748,0.08065253010862787,0.6162727707071175,0.4255773962886391,28.333097696669004,14.714212484614311
73939,Lao Cai,VNM,2004,2004-03-05,0.048233522554973915,0.15216394187031881,0.034868425133697395,0.05205834780600182,0.17659290804281771,0.13805542827101727,0.07259236531774191,0.5475736750817666,0.29619179210322955,27.65415143453436,13.368158872782606
3326,An Giang,VNM,2004,2004-03-05,0.13189261586745377,0.317916715949811,0.06913973387645254,0.11413040594353019,0.3485281586484435,0.2912958758618901,0.1792283215734671,0.40683375355446844,0.7141718718224955,34.52941312840571,20.04573892755047
3332,Ben Tre,VNM,2004,2004-03-05,0.09287113766802269,0.2788724251995036,0.053447261266005346,0.09323411954221697,0.2667032423452571,0.18652113861288372,0.09815852896089362,0.444676997697606,0.45548200696054086,27.997569535279137,21.86655750872638
3343,Dong Thap,VNM,2004,2004-03-05,0.11934305255532628,0.3008781208320765,0.06362563173917961,0.10884683655695461,0.3208730938711054,0.26664305913048214,0.165701025220499,0.4226362786859267,0.6198737077319899,33.24644953961159,20.48265387403488
3351,Hai Phong City,VNM,2004,2004-03-05,0.08959158031209709,0.16043377486508584,0.062489754558515714,0.09191734314991959,0.1410313081761515,0.1134735239908087,0.06835545546250497,0.30898611325492736,0.1570939304568124,26.8351634699397,14.051492907500448
3352,Ho Chi Minh City,VNM,2004,2004-03-05,0.10260156972434359,0.25007847118896753,0.06859482100306478,0.09957064038915302,0.25313036972742675,0.20108418065244704,0.12466052063454036,0.4143519056820258,0.5192554471684482,34.579964208511406,21.777627512768678
3356,Kien Giang,VNM,2004,2004-03-05,0.11120594261053016,0.27253974897004873,0.06181356006528987,0.09799578900418797,0.3125552668901782,0.2631051393134646,0.16110917314065643,0.4199706013793034,0.7753776520848515,32.427246912535956,20.43376990061902
3359,Lam Dong,VNM,2004,2004-03-05,0.04784927949653996,0.24146225424372927,0.025310059600690844,0.05073342901625779,0.2627187550090917,0.17835351536825061,0.08831830604789163,0.6702001952902256,0.5738519057344528,31.055714952686387,16.76817894038586
3362,Long An,VNM,2004,2004-03-05,0.12330900160546898,0.3180467098556526,0.07236030221595925,0.11432548781181627,0.34974651527848777,0.28512355667035794,0.17148808844632996,0.4424381175563617,0.7424480432396903,34.39222931380495,20.774271774271455
3375,Quang Ninh,VNM,2004,2004-03-05,0.07891029157779296,0.18122021095020438,0.06699133708045986,0.08649869849721435,0.19309301185165428,0.14900410195808603,0.08050659329721063,0.4331110103626203,0.27125365216268815,26.05084232397544,12.472358910025456
3378,Son La,VNM,2004,2004-03-05,0.06021675511608797,0.1725753175007038,0.03515051202399341,0.05806932604952085,0.2138484848984179,0.1763095790369663,0.10322484443093023,0.49107970240615434,0.4003497527012894,32.19815219127753,14.70543631493606
3379,Tay Ninh,VNM,2004,2004-03-05,0.10071116980684224,0.2950867946236244,0.058794027404088345,0.09367588012936476,0.33518345994124843,0.28789127358395283,0.18496977243106819,0.489128357179546,0.7837787808033063,39.143595962333926,20.901008582025362
3380,Thai Binh,VNM,2004,2004-03-05,0.0893778708851738,0.1658546066479464,0.05528588694366082,0.08755724067571731,0.13384729137562493,0.10759224728569136,0.06578825915082931,0.2965125675627555,0.16516635267405316,26.845041739734768,13.780549522899666
3382,Thanh Hoa,VNM,2004,2004-03-05,0.06397166025629458,0.20612244053408924,0.041270859229514546,0.06851066128031205,0.2274360506682096,0.17913664750950778,0.09798405113958256,0.5401182998118416,0.4448434386868875,29.945090794217812,13.37209532429284
3384,Tien Giang,VNM,2004,2004-03-05,0.09524287666044573,0.31188503023962516,0.053349175516880426,0.09673506867744217,0.3114268593087479,0.23212753112618653,0.12732034851571472,0.5174604449753415,0.6234507040254298,29.243521938887213,20.984131808340923
3333,Binh Dinh,VNM,2004,2004-03-13,0.07106660718426286,0.28664786651574653,0.04524659061193621,0.0757171193000078,0.3184823786028004,0.23425815305263298,0.12358759263827625,0.6180873080655427,-8.269058193803981E10,30.955893216105363,18.723162180249226
3338,Cao Bang,VNM,2004,2004-03-13,0.24956946177621925,0.32382390990995646,0.22376421233956814,0.24588646365113995,0.3367751349015369,0.29184913061217244,0.19665816519683996,0.24377516181542058,0.17921854139533838,27.295253584781374,17.047109066450446
3355,Khanh Hoa,VNM,2004,2004-03-13,0.06414109969521234,0.26319439738020345,0.040651913404780346,0.06691192194688296,0.29092373834735846,0.2107801399140459,0.11195483292584618,0.632262614740528,0.697053409047112,31.199237400348895,19.046744682711868
3360,Lang Son,VNM,2004,2004-03-13,0.4030151002872411,0.47978136716601505,0.3453908599846521,0.38320239125488365,0.4931638236105404,0.43646841780845475,0.29923558422900826,0.13398592951039787,0.163042092488048,24.744104095060138,18.135690677217323
3370,Phu Yen,VNM,2004,2004-03-13,0.06506733305492571,0.2625976865814611,0.038691034641376985,0.06758492953260131,0.29517155433644,0.2228684768986863,0.12163298150022335,0.6200436442681949,0.7300843694760122,32.89700576507232,19.331490784276223
3371,Quang Binh,VNM,2004,2004-03-13,0.23655306165415463,0.36053657320471766,0.21785145768740588,0.23675330288450624,0.3794265216758716,0.3246430708379979,0.20980628442775406,0.3480352563168201,0.3136663440492893,29.090519902068607,18.163307508476883
3374,Quang Ngai,VNM,2004,2004-03-13,0.06421374223134438,0.2751599648681946,0.04504022478363217,0.07189426200010925,0.3050959377206921,0.22569262416604913,0.11481113189734732,0.639402277599604,0.7426412114051285,30.348485662417556,19.386273912677204
3376,Quang Tri,VNM,2004,2004-03-13,0.08152468915691617,0.2610937300952127,0.06821406014735179,0.09144376701931603,0.2767696983398906,0.20955665986174637,0.11099478003954545,0.5660556284209664,0.4226651112782347,31.087016267539937,18.164913878481425
3383,Thua Thien - Hue,VNM,2004,2004-03-13,0.0759069037620365,0.24351532038468313,0.0677248429702386,0.08700820994803682,0.2579077139412992,0.1917742369692169,0.10076935101213823,0.5608234105021319,0.4533888517771131,29.330843445885158,18.896366960649793
3327,Ba Ria-Vung Tau,VNM,2004,2004-03-13,0.09513298972181873,0.2699781213784804,0.04951428402537277,0.08423832361432325,0.309380361551057,0.2571351756476288,0.16104517787444345,0.4352485890415743,1.6262190924285735,37.43759811262923,22.110120823297276
3336,Binh Thuan,VNM,2004,2004-03-13,0.10166097199633083,0.2659950392413895,0.049074995315008925,0.0827303275208961,0.3243745726969224,0.28700649381286286,0.19114484233979925,0.47376481494733874,7.156500058255629E10,38.617642287928305,20.384334384265866
3342,Dong Nai,VNM,2004,2004-03-13,0.08087057332436842,0.2697316570152863,0.04488602904692692,0.07662416001666777,0.30165127068723374,0.2325201994178756,0.13396579025289423,0.5300950755991602,0.5455626199502632,38.394601536526785,21.577257179873914
3344,Gia Lai,VNM,2004,2004-03-13,0.0712267682896585,0.24168706481969765,0.03548309103550118,0.062226224383752686,0.2854452113524367,0.22831950696442468,0.13782888965583193,0.5467707905037572,0.32994312277558324,38.10314226249941,18.590039934558828
3345,Ha Giang,VNM,2004,2004-03-13,0.1824501335563267,0.27099238476173115,0.15829634367048265,0.18078790236307254,0.2917645312044,0.2510443809610584,0.16361425319162345,0.312775802148582,0.2347505497282868,26.8803720657577,14.437448685151084
3347,Ha Noi City,VNM,2004,2004-03-13,0.3621093593744032,0.4186906476750153,0.30084480345343073,0.34245318335044933,0.42017454239979823,0.3850920017506037,0.2645454939047027,0.08662542616655496,0.09280225170723506,29.582443237931628,17.78408987203653
3348,Ha Tay,VNM,2004,2004-03-13,0.17485575248962307,0.2514829743992104,0.13632830379596766,0.17148612912242459,0.2351415010314166,0.21073919770556598,0.14136010308815838,0.22837868382098117,0.1688507149664991,30.688051827676485,19.451184270703283
3349,Ha Tinh,VNM,2004,2004-03-13,0.3339667085688554,0.4101465947305425,0.3085864627162614,0.33110965748471766,0.4090571660154104,0.3657427510241153,0.24936318441615118,0.15547496098466165,0.16435929159065396,27.222987508052306,17.904138965520815
3353,Hoa Binh,VNM,2004,2004-03-13,0.11872014203889673,0.2116686882698429,0.09797089457102,0.12011501761520806,0.22641695509190576,0.1908040846815693,0.11519793801924948,0.39316169215354974,0.24686972883874259,31.357768719755494,16.043137535777745
3357,Kon Tum,VNM,2004,2004-03-13,0.05196983569227198,0.2794861617895851,0.030916875760697245,0.05732740707269801,0.29599406495460834,0.1941290623367504,0.09307621682181158,0.6930525650047162,0.6443676248740601,32.09535422133575,17.12335650023251
3366,Nghe An,VNM,2004,2004-03-13,0.22236753158220932,0.3299624333331929,0.1998721871806516,0.22220568482317732,0.3430336970305815,0.2943475309985531,0.1880439149776248,0.2903928023021872,0.27126237298067307,28.7984322285167,17.52126883010762
3367,Ninh Binh,VNM,2004,2004-03-13,0.12542431464669443,0.23231710542671985,0.09862317001142974,0.12891502909127336,0.22462187271333262,0.1927622772967126,0.11393973634752867,0.34735677067669674,0.2647512493878666,30.074886541027798,18.6241127016136
3368,Ninh Thuan,VNM,2004,2004-03-13,0.09821567116446817,0.26995307973206784,0.05172994843133706,0.0838751633601758,0.32437161699767886,0.2762335842822371,0.17484546997784817,0.49910004351990017,-0.08348914075825492,35.495479566915556,20.300264216335012
3377,Soc Trang,VNM,2004,2004-03-13,0.12699497861702852,0.2649934300152042,0.06838921809132407,0.11020856618005034,0.29167698909448425,0.2539439306987795,0.16412888442639093,0.3383068955252186,0.6051639054835398,35.981368130466734,22.693922764900428
3386,Tra Vinh,VNM,2004,2004-03-13,0.11455715473814679,0.24616685282684528,0.05784123152205962,0.09893607289964713,0.2727256080066099,0.23413208802279376,0.1491852893643807,0.34381638055644276,0.4298651660694135,34.474293630935406,22.676371854923694
3387,Tuyen Quang,VNM,2004,2004-03-13,0.4112208732881502,0.4694073703765402,0.36584123045867184,0.39686495439041614,0.47833970517508423,0.44036939713845574,0.31349713528075007,0.07525194368600226,0.10351740748215067,26.89215412540634,17.701079128699114
3388,Vinh Long,VNM,2004,2004-03-13,0.09212391314580366,0.2655988514374762,0.050685840064817834,0.08974568926617155,0.27409599022959297,0.21444158836889707,0.1284012422625316,0.46347293225317887,0.5934213826149386,34.88900191248389,22.453734427879294
3390,Yen Bai,VNM,2004,2004-03-13,0.27844161852646676,0.3673570768596006,0.23957914422799118,0.2678948015555388,0.3818497101194137,0.32509446813958043,0.20572219169878248,0.2890043588821259,0.19504262775027065,26.21589545298475,15.922619681106548
3328,Bac Kan,VNM,2004,2004-03-13,0.478711062542616,0.5399481492553257,0.4145890932945111,0.4560095916428387,0.5346591615542511,0.4664196173755541,0.3110356872792648,0.08344208347094385,0.09005469942444536,26.16372820373155,16.262852665162697
3329,Bac Giang,VNM,2004,2004-03-13,0.26692224441615187,0.35708407398374,0.22589767134909708,0.2554778479409886,0.3669527563949193,0.31217068019153005,0.19311587212375936,0.2648176778120627,0.192077640383023,26.231775313805056,18.5911258142122
3330,Bac Lieu,VNM,2004,2004-03-13,0.10476102150338829,0.1679093016686235,0.057090941333419534,0.09095873491035664,0.17964202400883864,0.16324680377621925,0.10980861914499229,0.21721336370070432,0.3662999357134696,36.26425090368345,22.697842209531014
3331,Bac Ninh,VNM,2004,2004-03-13,0.3881855989739741,0.4457861144384654,0.32807592248198525,0.36712258694981154,0.44877791447479093,0.41134813620475075,0.2784254474100297,0.08322722849564633,0.08852361853804264,27.60124473032293,19.015831168046404
3334,Binh Duong,VNM,2004,2004-03-13,0.09641319850099069,0.305047716770481,0.05485096352487926,0.08943475359399378,0.35227210987770335,0.28977289705998815,0.1759601301046992,0.5202242254089412,1.8249896972408959,40.070199286115226,21.539625627203833
3335,Binh Phuoc,VNM,2004,2004-03-13,0.07146981540567209,0.2623726042628973,0.038925854540041355,0.0671997749675274,0.2943847532279834,0.22510397426963705,0.1263778452333349,0.5668035880145083,0.649876452069088,39.03257959824836,20.52026737953086
3339,Ca Mau,VNM,2004,2004-03-13,0.0830101347498507,0.18429949397318804,0.0479186601205826,0.07874620680148203,0.18579259036958123,0.14018400903858777,0.08098933683129719,0.3330606468930439,0.29226495630690774,34.29255188393631,22.694031905712123
3340,Da Nang City,VNM,2004,2004-03-13,0.10566624540123153,0.2789925400495748,0.09532229361074811,0.11484834153957235,0.29954049791077153,0.22599261738535376,0.124772230745182,0.5109176729178944,0.5036965595354056,28.80305156486355,18.05812124636757
3346,Ha Nam,VNM,2004,2004-03-13,0.15349864903193874,0.2530519237404201,0.12963017670006022,0.1599699658580263,0.22801708612117133,0.19484448066311208,0.11962197437129421,0.2887331840265814,0.21204080314634183,30.29399922343411,19.88896285262084
3350,Hai Duong,VNM,2004,2004-03-13,0.38297449968074426,0.4576246676256233,0.32822880827802187,0.36419310509535796,0.47938478893768793,0.44939660614012417,0.316678349308933,0.10339832945059309,0.14638030656020476,25.761529018194114,
3354,Hung Yen,VNM,2004,2004-03-13,0.2894238333318584,0.36006586767918297,0.23279512923236795,0.27512370096977007,0.35415531782132237,0.3310928890998286,0.2362468054748967,0.1312828265229347,0.14758173557517962,29.539484651532728,
3364,Nam Dinh,VNM,2004,2004-03-13,0.19635570607063452,0.26532601207770273,0.16020286115840568,0.19374189658452234,0.24214017324922238,0.22422453940613576,0.15757785433501292,0.1822630819701294,0.14765740544843248,27.888706871749356,20.576733526274236
3369,Phu Tho,VNM,2004,2004-03-13,0.22694841674066954,0.3184804606331892,0.20137887530239004,0.2245281282479302,0.33251545308969555,0.29406632070113886,0.19079682905534015,0.29083326046304375,0.22124327808881492,30.219444640327087,18.255951738070987
3372,Quang Nam,VNM,2004,2004-03-13,0.0626925634927944,0.2658300919660911,0.054366314951941025,0.07418977303853501,0.28415594231540187,0.19515251857417085,0.09195111458329608,0.643896323259115,0.30694174077068465,29.172965813812034,18.166779529586943
3381,Thai Nguyen,VNM,2004,2004-03-13,0.5564900590670536,0.6240059078125507,0.4619784642514422,0.5192981687951562,0.6196896962350433,0.5365403928946499,0.35019601453800053,0.058185310193017224,0.08088498707408504,25.900875311515524,18.935326567542795
3389,Vinh Phuc,VNM,2004,2004-03-13,0.38725452810764194,0.4502002013546155,0.33529124532263893,0.37062632331214823,0.46142232737480965,0.4333822107116425,0.3073993402128938,0.07948984187503035,0.11893686306005465,29.471374553673133,19.47358578872129
73933,Can Tho city,VNM,2004,2004-03-13,0.08904540675056898,0.22552398825496853,0.05279638646745365,0.0874219449281195,0.2322469238515329,0.18965656184394014,0.11285773448735652,0.4283125754558098,0.4043898052715473,37.32864287769559,22.194836966895753
73934,Dak Lak,VNM,2004,2004-03-13,0.06730282672105765,0.22272798164233415,0.03399141111707035,0.060194815610790646,0.2618557299080529,0.21237695336745724,0.13106535206673414,0.5383106923126036,1.0446924030015392,38.43083077844578,18.985786237620268
73935,Dak Nong,VNM,2004,2004-03-13,0.05839425221475241,0.2537001432473936,0.030617501470641233,0.05678125731566091,0.2773876999760432,0.19377139761078688,0.10283621356271738,0.6145697176909565,0.5208781088314898,36.672036553945155,17.587179059244008
73936,Dien Bien,VNM,2004,2004-03-13,0.04825707332234342,0.2043842905881625,0.029258991441393344,0.05250202794340564,0.2348714824043224,0.17027047402964393,0.08042868336064263,0.6126985972163869,0.4372729430863565,28.99683505610493,18.333762456228733
73937,Hau Giang,VNM,2004,2004-03-13,0.07897442026633912,0.24511825349006175,0.04957657286123298,0.08216012113623386,0.24502133743821947,0.1795554233593623,0.09573422222094582,0.5145830903162949,0.42545366965497616,34.761259819826094,21.996135030026466
73938,Lai Chau,VNM,2004,2004-03-13,0.06847073606681411,0.21471153539343918,0.042862426108181764,0.07056392234126149,0.24222875954949077,0.1796678038343428,0.09086105201535963,0.5633838885535225,0.40340563078204145,26.71010537897266,17.664313588071053
73939,Lao Cai,VNM,2004,2004-03-13,0.12980255362775553,0.22755511775575357,0.11312280676719999,0.13161345586922396,0.24748444269361777,0.20455096870049305,0.12334659060958097,0.39561614266713657,0.25937505923294,26.86482887086938,12.98245642731299
3326,An Giang,VNM,2004,2004-03-13,0.12249874698759863,0.2618768170567664,0.06773325786484001,0.10381188005371798,0.3024337521268804,0.26845253794159146,0.17701166690389178,0.3560725934189162,0.6975668586099008,40.04109494827919,21.378824912989014
3332,Ben Tre,VNM,2004,2004-03-13,0.08664953943243628,0.2575006332252825,0.048045431215961505,0.08541912824124315,0.25340281560373845,0.17982389370348442,0.0977676620269731,0.4363709024875589,0.45045320762139973,31.536528437918207,22.936584203285136
3343,Dong Thap,VNM,2004,2004-03-13,0.10496140503124099,0.26130851474053174,0.056005569071151985,0.09498582220894591,0.2855297210887325,0.2421550648247915,0.1553320885129219,0.412630415981459,0.5342248418960356,38.088544257071796,22.388642663070467
3351,Hai Phong City,VNM,2004,2004-03-13,0.4684438722126761,0.5432381041298647,0.3893064721995281,0.43714898970184063,0.5702930695679138,0.5245026137096855,0.35572196806591294,0.08621552179718439,0.12220215299677421,26.44431721085696,18.616938869470427
3352,Ho Chi Minh City,VNM,2004,2004-03-13,0.09688481448602804,0.24143561490623916,0.060264161597459044,0.09259348888804306,0.25160544362811577,0.2017701065027304,0.1297222663969939,0.41589112408325285,0.512090279145105,36.54573394159943,22.33589182756626
3356,Kien Giang,VNM,2004,2004-03-13,0.1044516130533254,0.24569749121580545,0.060845525815036876,0.0929225714046945,0.28831889151678547,0.2461279408919565,0.15396142906735946,0.4050971025136648,0.638091873171134,37.67925347095277,21.558301857603
3359,Lam Dong,VNM,2004,2004-03-13,0.05194069044084712,0.2440741817957325,0.02745476152544246,0.053530702282451825,0.2665223761390919,0.18253341554634916,0.09239249827572565,0.6502341316837531,0.5850391510248872,33.54382128075887,17.00684626124012
3362,Long An,VNM,2004,2004-03-13,0.10689364262910404,0.27700639165771695,0.05652092058505315,0.09469586545450154,0.32300269601772685,0.2704215986213422,0.16824826144793986,0.44406337793277517,1.165096443359282,37.801248037962424,21.407733721805204
3375,Quang Ninh,VNM,2004,2004-03-13,0.49717664679821055,0.5696598381070113,0.4240200722570332,0.4681734318418312,0.5764080040987866,0.4960089270180124,0.32073859083162326,0.083903738925792,0.09515711999537228,25.241220317589068,18.440083589666507
3378,Son La,VNM,2004,2004-03-13,0.06335678458020459,0.1814400963016262,0.03761211137019077,0.06181229268882326,0.22021393126343805,0.18178438121170792,0.10191817645592041,0.5043202393597221,0.3747731695287696,29.486354123508637,17.505162648068897
3379,Tay Ninh,VNM,2004,2004-03-13,0.09822020997537263,0.2740643602290589,0.0572495057888025,0.0894709187194016,0.3203871477316563,0.2794524413375658,0.18644265699637852,0.47575858321607734,-1.0441082222087524E11,40.38100349286441,21.746462724386355
3380,Thai Binh,VNM,2004,2004-03-13,0.2967843164888384,0.41070681278537696,0.2580782940875888,0.2932013636001404,0.40032079493141554,0.35661004405477525,0.24029838881883012,0.222403969101286,0.2516959985653115,26.853968589294585,20.20151318998757
3382,Thanh Hoa,VNM,2004,2004-03-13,0.16350027218723556,0.2758653829130105,0.14160056529940512,0.16539327176641638,0.28668945459644773,0.24398386195687893,0.15168515538910118,0.3704623806236589,0.2982422043263658,30.256596091006493,18.3893952702448
3384,Tien Giang,VNM,2004,2004-03-13,0.09065216542413886,0.29918404006378196,0.05043304172593868,0.09078855920107222,0.30695858019712685,0.22993397211408823,0.1269817023127825,0.5215164324603797,0.6138051666676295,34.42966866541178,22.303447180631515
3333,Binh Dinh,VNM,2004,2004-03-21,0.20238794257255718,0.3416758823695419,0.18796646299504738,0.20555891062685588,0.3547653730855028,0.2990108390621004,0.1957535781051967,0.30637455442255546,0.348354248251251,31.874955966414205,20.355936827131604
3338,Cao Bang,VNM,2004,2004-03-21,0.4537702545030901,0.5321813168451458,0.3508301458329707,0.4139592819477654,0.5693466651142997,0.5368813145233067,0.3911648202185218,0.08098361476532868,0.17998628670628886,24.86081202769416,13.130000000000052
3355,Khanh Hoa,VNM,2004,2004-03-21,0.10509937385689373,0.31633200772164033,0.08164405367335804,0.10818196792828434,0.351553478589752,0.27340637149043523,0.15199632860305676,0.5320447261834267,0.617057417417252,33.4147125799222,19.312083391671596
3360,Lang Son,VNM,2004,2004-03-21,0.4163228239446772,0.5010350240249016,0.3085458598911135,0.37315604489419546,0.5481014726458872,0.5065333942295023,0.33931957369711735,0.09313212830433511,0.16014398870649274,,14.876086956521753
3370,Phu Yen,VNM,2004,2004-03-21,0.10910270273681251,0.2938768035590954,0.08413607065444724,0.11102165016848617,0.3210811870816709,0.2559013442292724,0.1484395584134708,0.5033646551111686,0.7152776931122475,33.57306527278357,19.29365206300399
3371,Quang Binh,VNM,2004,2004-03-21,0.23321227936276875,0.3363208689025595,0.21249869115660297,0.23306523968921633,0.3437847657898468,0.2957444117980329,0.18966547164013267,0.32889091657677383,0.23141823161008027,28.872925496635627,21.34166187958644
3374,Quang Ngai,VNM,2004,2004-03-21,0.10352938726494015,0.2708754886795278,0.0879893883390609,0.1114552680535497,0.27715254491854635,0.21263769709121286,0.12018688554506692,0.5313258626639842,0.42997090186576226,29.277087491455877,20.93372020354581
3376,Quang Tri,VNM,2004,2004-03-21,0.21067938444242185,0.3260387745477901,0.21361786902653376,0.22313986616177134,0.3199075674100165,0.24314626674241047,0.14344884292920976,0.30634815468879895,0.25709478317049167,28.079789905921103,21.738046104114993
3383,Thua Thien - Hue,VNM,2004,2004-03-21,0.08487407868099667,0.22602944877935657,0.0812819417468947,0.09742991304215655,0.22687307226461334,0.1666099828623831,0.08814376743219987,0.5297740241494698,0.2960830920985115,27.057802452363003,21.258391941466492
3327,Ba Ria-Vung Tau,VNM,2004,2004-03-21,0.14153137170858363,0.2912747391533244,0.09770511228351192,0.13110585203427863,0.32286361019780924,0.28154425125351307,0.18275193668258896,0.3771070805591146,0.5486221823352911,37.51087720331524,21.314154697339777
3336,Binh Thuan,VNM,2004,2004-03-21,0.13748254226090648,0.31068982649826193,0.08216901428148893,0.118807853332878,0.37081535927231857,0.3385286407917148,0.2261791455370662,0.42016684630432277,0.6829331638709645,38.822390629803884,21.3029426747611
3342,Dong Nai,VNM,2004,2004-03-21,0.10562362995080872,0.30078398804551787,0.07189617686240996,0.1046467699624681,0.3255945258490597,0.2576898453748391,0.14716015861507775,0.5133118694649642,0.8115857047291609,36.231619977235816,21.621724188362332
3344,Gia Lai,VNM,2004,2004-03-21,0.1243165327778772,0.29109592573813564,0.09123037694759457,0.11819573348573943,0.3267100806484124,0.2735176099751642,0.16982301168795005,0.4475184707654935,0.5768237369883737,38.02007647689426,19.64418327494435
3345,Ha Giang,VNM,2004,2004-03-21,0.5070959171399809,0.5912772061104774,0.39896918046184576,0.46361966562807677,0.6117171928849152,0.5226770224612929,0.3253894286074893,0.08662313208942773,0.11634948526211637,25.34280123218069,12.916831784768391
3347,Ha Noi City,VNM,2004,2004-03-21,0.3805184674174935,0.4628722490872454,0.2880601530702665,0.34525819225523613,0.5091380575526171,0.4833973962193579,0.32837323923666495,0.0978181645720871,0.16744243724201968,,16.412681369515898
3348,Ha Tay,VNM,2004,2004-03-21,0.4400279907689094,0.5332210255464487,0.32670268267149843,0.39409284100868686,0.5739170435080424,0.5284127412385168,0.36195587252998035,0.09731144510021146,0.16934133422397252,14.926691609846293,16.18396531082119
3349,Ha Tinh,VNM,2004,2004-03-21,0.5062259874518809,0.5913213344563538,0.41673871618751135,0.4700486380682038,0.5963085972764764,0.5142576607988175,0.3170910527272909,0.09658464125465459,0.10987649336496388,26.109304844989946,19.74419010032949
3353,Hoa Binh,VNM,2004,2004-03-21,0.4305620070162844,0.5212881522399199,0.31967674722188744,0.384281400933234,0.5738178821492325,0.5467142083976662,0.38887936398265294,0.09609695388744113,0.20686854960817766,26.45829588539662,15.337992942778602
3357,Kon Tum,VNM,2004,2004-03-21,0.10896144068515991,0.3267427306446423,0.09372453851751492,0.11670284099102841,0.3396166857680517,0.24608194978191839,0.13209533631097795,0.5432751089731684,0.5729986690178378,32.09280647166351,18.84958937552975
3366,Nghe An,VNM,2004,2004-03-21,0.3518539552463797,0.4501653724566963,0.27949320189263765,0.32566155776896777,0.48177180289066707,0.4394869215406547,0.29041710551215677,0.1746743787899417,0.2158013844901662,26.98968719267415,18.859727261041275
3367,Ninh Binh,VNM,2004,2004-03-21,0.5240167944568329,0.6120312203552246,0.3992900693903643,0.47285370183847014,0.631268861418837,0.5544656747838228,0.3551475599144488,0.07784445128989109,0.11501797740977511,21.292212581344913,17.359257282620863
3368,Ninh Thuan,VNM,2004,2004-03-21,0.11378035532616977,0.31361910535742876,0.0625293379094207,0.0989869816938296,0.3771642585671543,0.3328962219680355,0.21119342054691548,0.48868280998491775,-0.4664227844943728,36.39888687675602,20.433985797193266
3377,Soc Trang,VNM,2004,2004-03-21,0.1701302782061929,0.28585926401444384,0.12446402976965856,0.15681608890683824,0.3125287139337014,0.28303538986833915,0.18703857233885332,0.2666088769288572,0.5488016259052376,34.9065765553064,22.586965013765955
3386,Tra Vinh,VNM,2004,2004-03-21,0.14454370087746596,0.27625132120135115,0.09139237223597844,0.13096274685536693,0.3041910773530393,0.2734963275660872,0.17750791463684315,0.3187635987569692,-1.9605435428041986E11,33.839475355779754,22.516584186731066
3387,Tuyen Quang,VNM,2004,2004-03-21,0.49024158224224784,0.5803021050496688,0.36869375529087994,0.44106246061242294,0.6152993590494792,0.5397808764821266,0.34169116962073104,0.08620200399094748,0.13469378235074714,,13.528961002738932
3388,Vinh Long,VNM,2004,2004-03-21,0.1431168221952911,0.30003838474491096,0.10800771427836263,0.14387622260310345,0.2915948731723629,0.23439425467699895,0.14278198160768632,0.37130349524946105,0.4016841709126241,33.620209899190186,22.091394152065366
3390,Yen Bai,VNM,2004,2004-03-21,0.37543790388958276,0.4760992170737524,0.27955965197226146,0.3375527974338248,0.5150539656263979,0.45385298373206234,0.2879347114534963,0.17805569351444372,0.1972946121647802,24.266957874491318,15.107404543606814
3328,Bac Kan,VNM,2004,2004-03-21,0.3966872525484344,0.4826159914374051,0.29091943480120214,0.3553166141546408,0.5411224718149793,0.5248618557746141,0.37821312825268477,0.09812290657148318,0.21488215958185342,20.210000000000036,14.008858255611367
3329,Bac Giang,VNM,2004,2004-03-21,0.440965964352524,0.5294396335123103,0.3293422532154057,0.396177049869822,0.5697252321707162,0.5159480835485515,0.32991087223462834,0.09169155205200195,0.1344547711779507,,16.166704804460675
3330,Bac Lieu,VNM,2004,2004-03-21,0.11179625395266568,0.18248984560570042,0.06286987114827713,0.09710393414097301,0.20097431214744052,0.18710869364586002,0.12665629925060362,0.22041671508765,0.5299370768448755,34.81213723025057,23.47971185247087
3331,Bac Ninh,VNM,2004,2004-03-21,0.4213383461679475,0.5069272815097995,0.31829285659367806,0.3812744173167551,0.5429906800766153,0.4939259038178457,0.31837137411512506,0.09291393158479733,0.13456307666651923,,16.60434736567182
3334,Binh Duong,VNM,2004,2004-03-21,0.15719918695437243,0.35539831391572085,0.12465625107098757,0.15578628735417305,0.3874844612033886,0.32497802751022564,0.19713716559032804,0.41230168505457454,0.7574727606681978,36.152768510636676,20.89702036889158
3335,Binh Phuoc,VNM,2004,2004-03-21,0.11952016697989185,0.31219982016546827,0.08335583667312241,0.11705752569991223,0.3367430733462147,0.27091358755810496,0.1549366777543566,0.48523214541351234,0.8384108199739925,37.77839925937849,20.049668305442182
3339,Ca Mau,VNM,2004,2004-03-21,0.10448483476913059,0.1941627070310782,0.07268496714383789,0.10049767021634354,0.19750068361308828,0.15967908414437454,0.09847520403420562,0.2958505479288928,0.2301279960025259,33.01574363411857,23.482095954903468
3340,Da Nang City,VNM,2004,2004-03-21,0.07852430046933802,0.22078658848558355,0.0712940603412646,0.09027147790703655,0.22106800195904433,0.15937821492764306,0.08318036281029935,0.52841591483109,0.8149720669061793,28.8813643956996,21.825689983063654
3346,Ha Nam,VNM,2004,2004-03-21,0.5409596700314737,0.6369891184893713,0.4017912846949568,0.4823545606946073,0.6591095251450456,0.5823841513930896,0.39471461384432716,0.08166311938101328,0.13315799775261364,15.510000000000048,18.019680096611346
3350,Hai Duong,VNM,2004,2004-03-21,0.5434206016579484,0.6415178439040061,0.40930161685587846,0.48626951260147533,0.6669358953385255,0.592655133740367,0.40147359257595333,0.08280758828225407,0.13221041818081572,,16.27435341319591
3354,Hung Yen,VNM,2004,2004-03-21,0.5438720705184319,0.6421763062035268,0.4041771709298659,0.4845524707098515,0.662110067379867,0.5799715632778228,0.39017784217368434,0.0828928156354438,0.12633582512551955,,17.35849781323981
3364,Nam Dinh,VNM,2004,2004-03-21,0.5575169395039657,0.6489112601952131,0.4290605790373511,0.5033815377271663,0.6631262018330402,0.5793973975988739,0.38435088544614276,0.07584513133448062,0.11213010255076254,17.54250000000003,18.948893076343314
3369,Phu Tho,VNM,2004,2004-03-21,0.4592160014245539,0.5533031644600525,0.33866946647936674,0.409546206829471,0.5974194753442343,0.5571623955355057,0.3868070046568145,0.09435884447004948,0.1846217212092388,17.387521790610457,15.124173422684628
3372,Quang Nam,VNM,2004,2004-03-21,0.06033426949578358,0.23313220880064586,0.054955122931916636,0.0734178338206031,0.2324803138892915,0.1541762407617007,0.07064127441420529,0.6247373752750599,0.4036099573634755,29.893181300339553,20.865574459581996
3381,Thai Nguyen,VNM,2004,2004-03-21,0.3572030857199679,0.4424470707339623,0.2614187397638098,0.32037945812588825,0.5051857750642339,0.48962022270964567,0.34479243405646054,0.10657737973053433,0.21676364002220097,,15.594249578414857
3389,Vinh Phuc,VNM,2004,2004-03-21,0.37381245671731733,0.4656962787928221,0.2756657051659939,0.33644398699263756,0.5240045527747369,0.5052627629647124,0.3555917791066763,0.10994680823299931,0.2405913879683472,14.608658907962406,16.01139546385177
73933,Can Tho city,VNM,2004,2004-03-21,0.11430552006821687,0.27974833529405346,0.08594798057372405,0.12133408407767257,0.2760131154914286,0.22605385522451343,0.13354111491010082,0.4320962810539028,0.46329817931589307,34.49413953715946,22.624282438009864
73934,Dak Lak,VNM,2004,2004-03-21,0.08891134895728547,0.2686789357947469,0.052433303121232754,0.08368705320829146,0.3075889268282137,0.25554526235322067,0.15545113481177084,0.5160135462505717,1.0488484036408302E11,38.59165301958281,19.727742990999417
73935,Dak Nong,VNM,2004,2004-03-21,0.07148656943953015,0.27343248202448306,0.0436164961895193,0.07241693561632392,0.2962017453560349,0.21707231674127683,0.11450303493422488,0.5965245714238474,0.7519031406094523,34.68073295631523,19.80965933830307
73936,Dien Bien,VNM,2004,2004-03-21,0.08476875682014098,0.22014571993048979,0.052476989898948105,0.08504215651285835,0.2555701168483272,0.2022704719332323,0.11446357464530867,0.47446239026733683,0.46384108021148573,29.404493500201713,18.27461144615782
73937,Hau Giang,VNM,2004,2004-03-21,0.11183302349491499,0.2843999435386835,0.08572969698710246,0.117679161523594,0.28039736986757846,0.21622076777052493,0.12147427069841472,0.4663357950034526,0.4492869878507471,34.91414949249589,22.439813526554964
73938,Lai Chau,VNM,2004,2004-03-21,0.13091889848128976,0.26980659637046395,0.07451610768695975,0.12172417590427397,0.30042875510838873,0.24109189119539923,0.14110497454183335,0.46237197242742967,0.38745450302795154,27.226410177672488,17.49122184468476
73939,Lao Cai,VNM,2004,2004-03-21,0.36370225457631933,0.45246945483762174,0.28594484629402583,0.33476515197719237,0.4859197600531668,0.4346654032603174,0.2880708391266525,0.1540886776364295,0.17790463601123324,22.810722307454757,13.540438430916511
3326,An Giang,VNM,2004,2004-03-21,0.13850461815568196,0.2464589797003767,0.0925184240548821,0.12287238399130043,0.28151198137254607,0.2667700683535417,0.18427553737007682,0.28274163464426727,0.5482343122910782,38.15813446961842,22.470865125405734
3332,Ben Tre,VNM,2004,2004-03-21,0.10690927854143605,0.2721831159101674,0.06707855785555873,0.10298790031163622,0.28026662467281493,0.21628296007098682,0.12375278639701591,0.41040773558823146,0.4922660506220519,31.947417150628368,22.339014551903194
3343,Dong Thap,VNM,2004,2004-03-21,0.1335037382872974,0.2683857983456702,0.0966672362016701,0.12983580897361294,0.2754999177822247,0.23555877491260868,0.14944300395019514,0.34322923506949293,0.394327964208781,36.00569817332611,22.43755655450272
3351,Hai Phong City,VNM,2004,2004-03-21,0.5596389122744921,0.6463983073162962,0.4319343284733321,0.5065324503369014,0.6570881762317365,0.5757922150768724,0.38392956310959453,0.07204339357575781,0.106724890947952,,16.94229466411075
3352,Ho Chi Minh City,VNM,2004,2004-03-21,0.13402159547458564,0.2707388679334337,0.10394335389916776,0.13095223161538153,0.28064370725452553,0.2332857185863666,0.14755729915317112,0.3605807800014361,0.4574423209830876,33.90608222238684,21.840632500312175
3356,Kien Giang,VNM,2004,2004-03-21,0.11966490333251409,0.24784312663814062,0.08074745464942493,0.11003225416342409,0.2883659706452678,0.256042254065466,0.16512315631369362,0.36454373191897,0.10013284532721098,36.3140452097442,22.665061559488304
3359,Lam Dong,VNM,2004,2004-03-21,0.06208957536375844,0.28490079861233786,0.036992310380729594,0.06746714216069198,0.30738931060529334,0.21922981341487852,0.10918407725692088,0.6497880495222585,0.7074328195573659,31.620464014845513,18.45021879083875
3362,Long An,VNM,2004,2004-03-21,0.14331823812805597,0.28746330683644583,0.09810205299548783,0.13084801846568683,0.3360233544358746,0.2994975348996222,0.192950159092552,0.3586202181557533,5.649648985713358E10,36.06571448559465,21.27788772805784
3375,Quang Ninh,VNM,2004,2004-03-21,0.49270144311123387,0.5767625457887969,0.3748114491044725,0.4446458898839647,0.6102387521222361,0.5537743342735787,0.3650567105928769,0.07887761996612984,0.12722406818836005,15.110000000000014,15.8995002287159
3378,Son La,VNM,2004,2004-03-21,0.18038857935918143,0.2820629761963452,0.12007427241795457,0.1643850779785972,0.3243556648587977,0.29700445099588985,0.2017430947981694,0.3003923932316442,0.29540042382431325,29.908215449522782,16.890594036022062
3379,Tay Ninh,VNM,2004,2004-03-21,0.180168919657004,0.3411408690027591,0.14280348320327543,0.17070103399697284,0.390746190641781,0.3550625683648316,0.2388843863869687,0.3332180719284596,1.1748645605385644,38.144750832592926,21.901443786013377
3380,Thai Binh,VNM,2004,2004-03-21,0.547960547420704,0.644180831778507,0.41696221251300963,0.49176075749833625,0.664520969849611,0.585947806109774,0.39346642402748905,0.0806945075471328,0.1256806335179898,18.149629500174818,17.865440103048545
3382,Thanh Hoa,VNM,2004,2004-03-21,0.44657518007417885,0.5381700735059208,0.3333220129719145,0.40120008552788256,0.5777124470493111,0.5363014480690425,0.36487049543775496,0.09860259317026962,0.19724525000160298,26.98608061284586,17.163869221218278
3384,Tien Giang,VNM,2004,2004-03-21,0.12465485735790621,0.33379688231514687,0.08555783082053534,0.12255028993210623,0.3497236038749827,0.27839213512420424,0.16210781562231885,0.4656635263384116,0.7312825045272698,32.65335824338707,21.497825763803394
3333,Binh Dinh,VNM,2004,2004-03-29,0.05714500733732376,0.23802071866636818,0.03409639093474425,0.061087864092581406,0.2513929764087621,0.18139092147464891,0.09551951651669854,0.6342745039462686,0.5865015316505372,33.48718279290851,17.325385215311282
3338,Cao Bang,VNM,2004,2004-03-29,0.10707449028920991,0.2098514957475441,0.07720275052040086,0.10499490032868179,0.23104441650035767,0.19185544528982099,0.11191174219801688,0.44573663557095095,0.27654311258249387,26.820320608963392,14.435892644493242
3355,Khanh Hoa,VNM,2004,2004-03-29,0.061320774001593005,0.25113283611460024,0.037291389856363745,0.0638571513893725,0.27259843308709314,0.19865569427156546,0.10592303219948476,0.6296558682459936,0.5502692051316714,33.48479476859319,20.349990926006324
3360,Lang Son,VNM,2004,2004-03-29,0.1996992737273124,0.3127189779146646,0.14537182841421845,0.18695554485026372,0.3366486979039737,0.2835798804889209,0.16674058951953705,0.3428914711843927,0.27811464642507405,27.06762784359903,15.7805714985997
3370,Phu Yen,VNM,2004,2004-03-29,0.05938919131316219,0.23664510834625171,0.033427889131318035,0.06099340536135763,0.2596189415169274,0.1957319672157396,0.10736238914204832,0.6146900155456752,1.3775732765304876,35.3427737814882,21.316115962085295
3371,Quang Binh,VNM,2004,2004-03-29,0.17741682674081477,0.304736128386349,0.17311795767784713,0.18660333995561662,0.3104008600847648,0.2551461223617131,0.1639764030949482,0.353599431933739,0.2825197419234006,29.188594478806124,18.619915101874504
3374,Quang Ngai,VNM,2004,2004-03-29,0.052984689697678715,0.2529112488267784,0.033527696583380874,0.06095888102864301,0.26725586166998067,0.19511781483171506,0.09912354733206723,0.6639104642789699,0.6288304580246383,32.86487521685984,18.329235203800856
3376,Quang Tri,VNM,2004,2004-03-29,0.11521427426157212,0.28032120043853226,0.11154806646298825,0.1285291107562575,0.2815903038317662,0.21584191150143883,0.12231995452995506,0.4955355324406072,0.5841201551194106,29.810528874788098,17.203207496035667
3383,Thua Thien - Hue,VNM,2004,2004-03-29,0.0655972500503905,0.2445486819074575,0.05845134346714921,0.07910922756212077,0.2470684360881507,0.17767008880700505,0.08811168059804324,0.6039595074152411,0.43210559791179864,27.185562225574294,15.899007165084509
3327,Ba Ria-Vung Tau,VNM,2004,2004-03-29,0.09258279647683054,0.2559931349863916,0.04810279494916373,0.08087122435198246,0.2951733867789691,0.24775464799929003,0.1584817404190244,0.45367588194928615,0.8673789858166836,39.90689378638839,22.6484414416131
3336,Binh Thuan,VNM,2004,2004-03-29,0.10603440148321265,0.2731634847763961,0.050728294048214,0.08626711011095077,0.3350119898219269,0.30195739190489057,0.20708326352474984,0.4664120273987105,7.546983897638458E10,40.679975261029476,21.966697946270468
3342,Dong Nai,VNM,2004,2004-03-29,0.07950720634408318,0.2680288881098653,0.04291606431909955,0.0752768359513209,0.30012791356229157,0.23351184942196454,0.1369093537718362,0.523322292156399,0.9489533568656608,40.28528586677578,22.2702630938129
3344,Gia Lai,VNM,2004,2004-03-29,0.06506013451499383,0.23709974821342517,0.03283816312999788,0.060146970536079224,0.27098469432974287,0.21679542724627876,0.1304125016153848,0.5710994440276023,0.8484845831902331,38.38145573552579,20.640599498410836
3345,Ha Giang,VNM,2004,2004-03-29,0.08249226354827399,0.19563922027824998,0.05810626085113205,0.08304229184088037,0.21727347689384086,0.1754534335387303,0.09736871646536578,0.5081286888385009,0.3273791260671159,25.56903190011473,11.602262772876575
3347,Ha Noi City,VNM,2004,2004-03-29,0.080748134107333,0.2068417535034139,0.04856486168945152,0.0862072417098362,0.19116346796088685,0.15160690157544707,0.08164457894906867,0.4289578897343386,0.29642899827966884,26.642829099307203,15.725103771370518
3348,Ha Tay,VNM,2004,2004-03-29,0.18195113661671378,0.32356963563469454,0.1367251776831964,0.18031331188304878,0.30300709180823293,0.24663886265464643,0.1389554763885637,0.38759750040905844,0.29209545676144205,24.655517191085767,18.27291758122774
3349,Ha Tinh,VNM,2004,2004-03-29,0.12184479008562221,0.25827366313850497,0.10899583000915207,0.13119805479775146,0.25583607790874097,0.20239448294354934,0.11749208477775769,0.4714680655665501,0.34064996055728103,26.813554494173044,18.0246816073617
3353,Hoa Binh,VNM,2004,2004-03-29,0.23117494201114025,0.32090386474140176,0.1987168652616059,0.22555209028425527,0.3377186319960501,0.2996364683579,0.19361096941065656,0.28494170794714097,0.2074760467758734,26.26763554314818,16.982898896073944
3357,Kon Tum,VNM,2004,2004-03-29,0.05481644290102498,0.2778379409703619,0.0369437426345161,0.0627409388770491,0.2895567647313085,0.19562688290493538,0.09461619883009025,0.6831850198453933,0.6339052328296569,31.363287053508717,16.02406560629337
3366,Nghe An,VNM,2004,2004-03-29,0.05649419417249577,0.21221211025829803,0.04512820027730515,0.06711676491910838,0.21939334513934314,0.15804993692628874,0.0748252912689519,0.6497021346219803,0.41936167964622884,29.274900326405373,17.121802063193634
3367,Ninh Binh,VNM,2004,2004-03-29,0.061812232310900064,0.22209323317970667,0.04000939447551395,0.07291390568904231,0.20452769150551145,0.15148784220629982,0.07371809229247551,0.5703456820852008,0.3931335936122995,25.582558047573933,17.15912355591398
3368,Ninh Thuan,VNM,2004,2004-03-29,0.09365399588865017,0.25782896414513046,0.048938359047714416,0.08000502434412296,0.30821231453003617,0.26717059835919693,0.17305413838592615,0.4983679201499975,-0.04040310007756126,37.85290067634777,21.102930807564043
3377,Soc Trang,VNM,2004,2004-03-29,0.16544677783430267,0.2900398293049533,0.10690015486306301,0.14720490163487687,0.3251791050666397,0.2972518255174904,0.204019751896175,0.2772765916794778,-0.2635745496370813,37.87263337260923,22.921358494590372
3386,Tra Vinh,VNM,2004,2004-03-29,0.17019908576124815,0.29590232256238225,0.11597742607220218,0.15478393670411472,0.32731685387445086,0.2971844552901283,0.20574557403854427,0.2784021912395897,-0.12630375940341956,36.96422464551709,22.95901879372217
3387,Tuyen Quang,VNM,2004,2004-03-29,0.23239362472916636,0.34216650172688345,0.17570267151009036,0.21536718093115037,0.3691871975139389,0.3120867058824073,0.18344741968136966,0.32106014540097483,0.2298404226764659,27.171679755062666,16.64919353542569
3388,Vinh Long,VNM,2004,2004-03-29,0.12829480049680475,0.30824260187287195,0.10113109949083196,0.1348153287062813,0.3078913435125157,0.24119912808157268,0.14247334815295504,0.43208632610166786,0.47953062010612285,35.072473454757024,22.993013254309385
3390,Yen Bai,VNM,2004,2004-03-29,0.2349230308302499,0.3518273845779808,0.1762875532384052,0.21754733598781825,0.3808285598356773,0.31794159009493284,0.18783536049761787,0.34619258033330563,0.31353176270336475,25.775563513327892,13.505091762127048
3328,Bac Kan,VNM,2004,2004-03-29,0.25230225938777695,0.36748736948662986,0.18785301784282213,0.2302212660035697,0.4023278388844957,0.3466400312231287,0.21588072805445335,0.3190300602885531,0.2624162472664565,27.951634263070826,15.614902600468952
3329,Bac Giang,VNM,2004,2004-03-29,0.1166636684245715,0.2513029222153117,0.08293744583616686,0.11867415388888408,0.2559983670035038,0.20493166279025013,0.10961460906929764,0.4355616785275834,0.3324403817077365,28.086449267943024,17.38591845795993
3330,Bac Lieu,VNM,2004,2004-03-29,0.14902354646175403,0.21405192974386364,0.09404805250796397,0.13081555923008392,0.2337213643980555,0.2220231753031232,0.1597803971546682,0.17461136568811578,0.5421914824655578,36.23770296809904,24.198642475739476
3331,Bac Ninh,VNM,2004,2004-03-29,0.13957826825770542,0.2587582791330484,0.10456257021337309,0.14350259581945554,0.22989288979912956,0.1846974841856262,0.1015239465904804,0.3616465529227449,0.24011663810294565,25.429459027486953,12.51518523099762
3334,Binh Duong,VNM,2004,2004-03-29,0.0949099001972926,0.3250454475369688,0.053229924421560465,0.09038746830498547,0.36783575765230564,0.30010447921903344,0.18121554610887738,0.5434706823620652,1.0561928401370984,42.48785259811784,22.428253745306726
3335,Binh Phuoc,VNM,2004,2004-03-29,0.07621069710956568,0.28120921517757463,0.04103600052051195,0.0721268092875807,0.31794060212313713,0.2510331426871779,0.14533128163731351,0.5715296513920132,0.7250216650009543,40.56366239135974,21.685813086398905
3339,Ca Mau,VNM,2004,2004-03-29,0.1515423988398119,0.24588000780183075,0.10416771240076782,0.13818283542481402,0.24342113831815312,0.20346609994793347,0.13916754405845935,0.2631983730401707,0.10349339472118814,34.6200550914215,23.917885244796253
3340,Da Nang City,VNM,2004,2004-03-29,0.07364328887090714,0.2460761894852379,0.06497389535181973,0.08527533743661408,0.2482476695216697,0.17996696455620917,0.09663545405006187,0.5818926547930539,0.4284895228685673,29.458934475195992,17.695910426060486
3346,Ha Nam,VNM,2004,2004-03-29,0.16023666113508817,0.2881037736088676,0.12907339709465124,0.1641112127703261,0.2699675910540818,0.21952993973825194,0.12148690868027427,0.3951024358070585,0.2602997741974848,26.270746086300733,17.663410398186056
3350,Hai Duong,VNM,2004,2004-03-29,0.2997026071807858,0.4133817195323241,0.24288247349239347,0.2855820873751071,0.41544147721459174,0.3535477617289212,0.2060750113668502,0.22781600798250676,0.20108090553743269,26.13836964025129,16.69645957969015
3354,Hung Yen,VNM,2004,2004-03-29,0.2178867871780738,0.304851066119139,0.18220150118457695,0.2137249581639498,0.29387174113630726,0.25178705288489395,0.15445695863954936,0.23724513567754327,0.15655208800759415,24.824463214106256,15.601622222222268
3364,Nam Dinh,VNM,2004,2004-03-29,0.20911565942343122,0.35148501960765755,0.17691369924842287,0.2115424268597145,0.3291215915226838,0.2643476137025572,0.14898169552184487,0.3392812569899016,0.2961578324108857,25.15767672808067,18.49740130061473
3369,Phu Tho,VNM,2004,2004-03-29,0.43992240239580516,0.5374622071217902,0.33603149411663724,0.3979938242142797,0.5607896571112302,0.47956208128963496,0.28754048586652653,0.12523568039141048,0.13666598402547153,25.88407059030123,15.421160789367331
3372,Quang Nam,VNM,2004,2004-03-29,0.055187959298261716,0.2508572870711707,0.046439124583544614,0.06734863320181841,0.2535735901281915,0.17066697793629634,0.080176472832392,0.6815852476605694,0.523495547722723,29.19568977581974,17.146906202143043
3381,Thai Nguyen,VNM,2004,2004-03-29,0.11445140368254444,0.24355450382104013,0.09423114242907496,0.11983295473534217,0.25254026266442564,0.20045005567869925,0.10708448777269976,0.45869461651165416,0.3103733719090278,29.113457133257924,17.4826042077669
3389,Vinh Phuc,VNM,2004,2004-03-29,0.11857052555728168,0.2831208298945415,0.08645360959599308,0.12223172306725612,0.2738855477181457,0.20781582981879299,0.10441784481401553,0.5057484463504569,0.3802056590367169,,15.147923303546854
73933,Can Tho city,VNM,2004,2004-03-29,0.13343933290537305,0.3095293457028564,0.1082572484860671,0.14146554742645256,0.3015175151944286,0.24270579351281968,0.1491201548646961,0.40850655090868987,0.4917528038498348,35.83675930915565,23.1001120963056
73934,Dak Lak,VNM,2004,2004-03-29,0.06834149928578767,0.24039604922087576,0.034585182150861135,0.06371726781081842,0.27660768526490737,0.22666709327661816,0.13990547395814232,0.5535190351117683,0.5935307541968237,38.397913738884704,20.3144138500237
73935,Dak Nong,VNM,2004,2004-03-29,0.055098119264408496,0.2593664578686023,0.029857887654014658,0.057213586891625236,0.2827330416079697,0.20334064246683808,0.10649085736723331,0.6413689310532592,0.7529635306054977,35.38324249545046,19.82649809137273
73936,Dien Bien,VNM,2004,2004-03-29,0.10062066751769162,0.23365042719854667,0.07402601964042306,0.10263526382319742,0.2707001740319474,0.21595533451582677,0.12115619894010526,0.42908114318279145,0.45230443685809624,30.492302942421095,17.220759138736963
73937,Hau Giang,VNM,2004,2004-03-29,0.12324723572169116,0.30542298527008677,0.09993217019956799,0.1307464422764878,0.30350823381762804,0.23459028761957804,0.1374929245296563,0.4546675454408488,0.4866207464759615,35.4388543063338,22.595467009099554
73938,Lai Chau,VNM,2004,2004-03-29,0.09908473016771906,0.24702920536242187,0.05893738314350841,0.09852578501701637,0.28578045546784797,0.2230418556715586,0.11925979725474158,0.4651378754979986,-2.8703148905027256E10,27.623483588419894,16.346566786186532
73939,Lao Cai,VNM,2004,2004-03-29,0.1992180964803655,0.3127108350880946,0.14749058217537864,0.18544892364722618,0.3468512966594803,0.3008227865460871,0.18903164697930294,0.3439639304507451,0.29339196631176656,24.64890289398679,11.257707745360436
3326,An Giang,VNM,2004,2004-03-29,0.11132769480921645,0.2114178810944377,0.06285796656641596,0.0950749301381368,0.24190577845999736,0.22807285991816434,0.16233601164366823,0.29977621503029245,0.24168700279816183,41.933911707971866,22.2888403600245
3332,Ben Tre,VNM,2004,2004-03-29,0.14210861688631585,0.28482068344153016,0.10801149014761292,0.13853215385203274,0.2935790997862082,0.23524178102642235,0.14903876842952665,0.3294307169177323,0.4017205220864173,34.298216286744875,23.471390202636762
3343,Dong Thap,VNM,2004,2004-03-29,0.10360403178860682,0.25673003499569585,0.06417780111516905,0.10061665767306359,0.26515109076718,0.21760913603598597,0.13396312979507294,0.4054824744439067,0.3280959259590886,35.90835026772583,22.824580588506514
3351,Hai Phong City,VNM,2004,2004-03-29,0.20094023237595424,0.29249118237682753,0.17788220854410608,0.20334514080322202,0.2743408307208992,0.21775868629715775,0.11780523137658898,0.216831561084823,0.1660615991807985,26.955821762924028,16.79483862704924
3352,Ho Chi Minh City,VNM,2004,2004-03-29,0.10437868760467368,0.24604830424590055,0.0689308803490395,0.10013529473815566,0.26040111468780053,0.21515484054935805,0.14175812330610899,0.40215099707511076,0.5441739952428912,37.80350119406157,23.108403767432257
3356,Kien Giang,VNM,2004,2004-03-29,0.12074123808952338,0.24383744666285073,0.08026034478008473,0.10971210838464526,0.28610486383348,0.2564288245462812,0.17256649324604376,0.35165360538740553,0.8242013550407918,40.10055361032026,22.44657840138835
3359,Lam Dong,VNM,2004,2004-03-29,0.05087118682609546,0.2558378384827815,0.0268471753089801,0.055018194860081894,0.2795710883658382,0.19669232023652414,0.10029878967140197,0.6641550074110838,0.621772049780466,33.50289019060299,17.96999803665533
3362,Long An,VNM,2004,2004-03-29,0.10449487289065479,0.24591748356136284,0.057480951950113705,0.09131442332906789,0.2955099184516998,0.2610875381422141,0.17049864264407621,0.4052250695069418,0.41341916049475036,39.628685095159994,21.951912075022744
3375,Quang Ninh,VNM,2004,2004-03-29,0.21377824865522402,0.3274176085727825,0.17286389010269423,0.20789370754021566,0.34765998337164056,0.28793444429071907,0.15977749720592135,0.3100149112317101,0.30813436441704306,26.98187361912362,16.44392678045953
3378,Son La,VNM,2004,2004-03-29,0.10970493749238105,0.22822235775241123,0.07241752545315827,0.10324854445614992,0.2792717925364686,0.24945017895640484,0.16081950554659957,0.42606698393674075,0.37134042010318874,30.36499162682408,16.674685124561794
3379,Tay Ninh,VNM,2004,2004-03-29,0.11513787209447165,0.3031971803103571,0.06729065519389976,0.10251564231077419,0.3641762353024941,0.33142863574162307,0.22956262202947475,0.45112789161067185,-0.3371925676284968,43.10755690034859,22.340773156098738
3380,Thai Binh,VNM,2004,2004-03-29,0.2704127050381127,0.4016198146863299,0.21865108455141188,0.26090325482621923,0.39214096132930654,0.32994018905228834,0.1908881062658809,0.28769191666534266,0.24449199897962845,25.30504254749402,19.134751648300693
3382,Thanh Hoa,VNM,2004,2004-03-29,0.11099346480280647,0.2519149290058515,0.0937571499379796,0.11782649295078845,0.259098206137389,0.20603144750000033,0.11532171842641273,0.5020581520534357,0.37920788448594167,28.076247882794107,17.545219627015964
3384,Tien Giang,VNM,2004,2004-03-29,0.10300404292651757,0.2980855278002707,0.06803788597638893,0.10270539062229898,0.3062247340513216,0.23396066601156168,0.1346567289096605,0.48023369002217764,0.57896297234724,35.85128678147886,22.751519996812288
3333,Binh Dinh,VNM,2004,2004-04-06,0.06878120424113061,0.2944434719958421,0.03973197844537293,0.07424720098747857,0.3111573180119886,0.22855821704663457,0.11931614762217362,0.6244103780106314,0.7447485792777225,34.60999777061315,21.724288287966687
3338,Cao Bang,VNM,2004,2004-04-06,0.2622996476307173,0.361020767573562,0.24882231439043803,0.265282816377421,0.3749882058491559,0.32596059763870333,0.2227201044693387,0.253380823564016,0.29154031133200814,30.107049087087276,15.315094125480762
3355,Khanh Hoa,VNM,2004,2004-04-06,0.09448120690450791,0.3018857522102854,0.0674204688683823,0.09733949543855294,0.32652219219001205,0.24940231492633932,0.1391601587646885,0.5422980551685065,0.6481180894089166,34.02799055254551,20.130713573438758
3360,Lang Son,VNM,2004,2004-04-06,0.4022682423313467,0.46832622017452297,0.38509501933478707,0.40024032133857024,0.4663868299935439,0.4075490575705847,0.27657137020284867,0.1127237117472293,0.1276577174086387,28.197151480792364,17.187197637236096
3370,Phu Yen,VNM,2004,2004-04-06,0.07799957415723886,0.28821352572075515,0.04594321408342119,0.0798208837946732,0.31543360801105,0.24475596808072356,0.13519589992218045,0.5859039487321354,0.641220072797027,35.27313206741468,21.25266082176194
3371,Quang Binh,VNM,2004,2004-04-06,0.08193753347474754,0.25719121376182097,0.07403047180100755,0.09421600750421943,0.2629430543192011,0.19065788085204535,0.09726660165621563,0.5930593838973871,0.4264782043576528,28.690836831504697,21.150692591266665
3374,Quang Ngai,VNM,2004,2004-04-06,0.057230276082058565,0.26982296681440016,0.03407033123489962,0.0649949342027625,0.28278620755165845,0.20544905923048432,0.10290597132491133,0.660583820521931,0.6761747800365272,33.82606110517699,21.401065181888633
3376,Quang Tri,VNM,2004,2004-04-06,0.058194338654353577,0.26225408603286093,0.045614355896829245,0.07168991582652064,0.2638184647261383,0.1875138991753053,0.09033682306885547,0.6556161462880801,0.4980847516244758,30.808005882481147,20.615184625792484
3383,Thua Thien - Hue,VNM,2004,2004-04-06,0.04927242682508644,0.23355349500757264,0.03833633815902838,0.061478471240711166,0.23637447051830432,0.16645891699545842,0.07973279674777736,0.6700515787324559,0.5246533038307217,30.91734181997846,21.603788862992403
3327,Ba Ria-Vung Tau,VNM,2004,2004-04-06,0.0930032050352678,0.2365606383020125,0.058833296082264036,0.08664743429816382,0.2634856464511898,0.21888945014697844,0.13424276425960202,0.42981265160125326,1.463956478144383,38.69886556622724,20.473291952442906
3336,Binh Thuan,VNM,2004,2004-04-06,0.11295699121628751,0.2711799298472991,0.061244138236664886,0.09496041009830185,0.3280540418684728,0.2975083431115334,0.20067194790956971,0.4488409230182181,0.07625269300726663,40.284978116179424,21.276906372941028
3342,Dong Nai,VNM,2004,2004-04-06,0.09550983140118882,0.2493013527202692,0.06966661491962672,0.09477576441055045,0.27018793569130245,0.2130216573549606,0.125070484689743,0.4729631526712141,0.5028630654835683,36.15832730634829,20.725582800861343
3344,Gia Lai,VNM,2004,2004-04-06,0.0900748218371945,0.25484617398857085,0.0648428587691505,0.08973842418748787,0.27735391953285277,0.21903835470448282,0.13047226723590208,0.5183027414065556,0.3229096333788305,37.977850688588,21.434616284750064
3345,Ha Giang,VNM,2004,2004-04-06,0.21656134828897688,0.328614460844927,0.20098749957541207,0.21968690157387794,0.34667736187033554,0.2971107295948176,0.19889209958634124,0.30747436893093794,0.33079783693880543,29.05844563216464,14.283463265010154
3347,Ha Noi City,VNM,2004,2004-04-06,0.33379940050579676,0.4332966526037315,0.31084186433592065,0.3321000278060352,0.43950828003027204,0.41782055845093,0.3071774439204156,0.14338210849001898,0.25033690159208427,29.99219725150343,20.43617448157817
3348,Ha Tay,VNM,2004,2004-04-06,0.20405447321177406,0.3886238728823644,0.18116032135084154,0.21141308806294154,0.37633954897593097,0.3115424417592265,0.19106642496674853,0.3681108576110136,0.4552627889404094,29.044723290256982,19.381717954156564
3349,Ha Tinh,VNM,2004,2004-04-06,0.22711339342281256,0.35653700714220304,0.21957530800656583,0.2345553907323874,0.3621738309891153,0.30293768379742275,0.1949770820237284,0.32594959689422326,0.3228060137821418,28.096780297051634,21.732550170035665
3353,Hoa Binh,VNM,2004,2004-04-06,0.09430726127935737,0.2214230372481131,0.08156448012306144,0.10142689265955283,0.23582654594164384,0.19034296360020567,0.10999183195010771,0.5063159615375918,0.35586526817498304,30.13233825493582,19.500135002287063
3357,Kon Tum,VNM,2004,2004-04-06,0.09211836696680584,0.2917312456812106,0.0800776410216288,0.10173442815552057,0.2925247223143189,0.20097946439286743,0.10465276858267972,0.5687268037690757,0.5476160472440513,30.869894354034006,19.025357904177426
3366,Nghe An,VNM,2004,2004-04-06,0.08363024583296372,0.2686555791510575,0.07186208319183425,0.09420775647715388,0.2836622577076977,0.2152955224238323,0.11310730055549048,0.5932748245015553,0.5354306883042533,30.029007161307106,20.334841437938817
3367,Ninh Binh,VNM,2004,2004-04-06,0.08329184900087151,0.27571490861396003,0.060959608586477455,0.09535400817203067,0.25171888281985366,0.18722647752691615,0.10004978333569578,0.5623700815625405,0.4790261592178294,29.10549862891665,20.462038323944338
3368,Ninh Thuan,VNM,2004,2004-04-06,0.10827292393658132,0.2834210144242201,0.06118922735545277,0.09543404759242248,0.3336781332943141,0.28982056905196135,0.18510510003642142,0.46941168591640225,0.2850828493332603,37.320806775371246,21.74785972413501
3377,Soc Trang,VNM,2004,2004-04-06,0.1317931280956042,0.24520765396862498,0.08003519242945449,0.11628782567765589,0.2728290833178248,0.24777779224497878,0.16655940699148095,0.3062544981423672,0.5602436219561101,35.77395202651804,23.242339351639423
3386,Tra Vinh,VNM,2004,2004-04-06,0.12326501280430328,0.23838296268771889,0.0765412783436035,0.11122465665270011,0.2589974742449438,0.22973625693610897,0.15345565133313102,0.32939190317401446,0.9382528723262205,34.95545162225717,22.623810026592114
3387,Tuyen Quang,VNM,2004,2004-04-06,0.37442887221815185,0.4551235394390164,0.36049412664794017,0.374745582638955,0.4521553886890551,0.3763744225477841,0.25413290794259524,0.14491015790347753,0.16454486941815744,29.07149434805225,18.454468223558777
3388,Vinh Long,VNM,2004,2004-04-06,0.06542419104509106,0.27917847905996235,0.043260733232374345,0.08094391411230087,0.2540069303488238,0.17505035889048612,0.08341201487652392,0.6158831703736706,0.532083565537794,31.085014237228194,23.53310938397122
3390,Yen Bai,VNM,2004,2004-04-06,0.3037061523414368,0.3974670639581827,0.2923020384000697,0.3074459814575359,0.40082089268958304,0.33815067673887717,0.22541429619262182,0.2275209980222458,0.22028595352963215,26.902993064069484,15.731973555532502
3328,Bac Kan,VNM,2004,2004-04-06,0.28657381141460403,0.3806961697820793,0.28054582512262505,0.2910924202585669,0.39197974499749655,0.33780778864451755,0.22704685482117565,0.20431653504969602,0.2181003372799207,28.80230278559042,15.83545084510096
3329,Bac Giang,VNM,2004,2004-04-06,0.393432460744717,0.4752456093248694,0.3722835936192579,0.3904531113292139,0.47599497562700466,0.42925767881795984,0.3006953805559877,0.11448977454523385,0.15544938576788667,26.509649394700734,19.11170219303257
3330,Bac Lieu,VNM,2004,2004-04-06,0.10559762536864468,0.1647339262578271,0.0569624290073153,0.09028798400741897,0.18205412020096812,0.17133195421415598,0.12099725315849597,0.19148459399339346,0.45717437528839233,35.13783615296859,24.342550463543507
3331,Bac Ninh,VNM,2004,2004-04-06,0.3928021106632958,0.5063289377709785,0.36615166835108187,0.39026171634298784,0.4986659200640047,0.45593002909376984,0.3280962271698598,0.13709267062039068,0.22054965799713694,27.49843441557057,19.638221764869204
3334,Binh Duong,VNM,2004,2004-04-06,0.09629381191991523,0.28610083961852995,0.06848047494892083,0.09744037221929147,0.3106221156783301,0.2492102214845999,0.14308258158749923,0.5197578197075848,0.7403015410629027,36.45362689699689,23.0028102104346
3335,Binh Phuoc,VNM,2004,2004-04-06,0.07728765607890822,0.2520331947105916,0.050265151416570474,0.07689249879271073,0.27664775992041535,0.21713569641245656,0.12417039034055238,0.5491610051561782,0.5816123744990929,36.001073238192134,22.559327037387728
3339,Ca Mau,VNM,2004,2004-04-06,0.08622607444540391,0.17778142719158396,0.052995400006892866,0.08091012234321508,0.1855786140707278,0.14976797310777887,0.09138864483515127,0.3094058086677873,0.18280340098489023,33.76841224424725,24.082608759473278
3340,Da Nang City,VNM,2004,2004-04-06,0.049967029793148696,0.2317781949887582,0.036272280882770035,0.06085654919823433,0.2349342415528323,0.16180027778933875,0.07819570113738766,0.6572452364349544,0.5207603601620269,30.70076131166865,21.89284670553273
3346,Ha Nam,VNM,2004,2004-04-06,0.06455255440384904,0.29925221319577694,0.046235355781381195,0.08202139916476005,0.25897394224439574,0.17801063999796798,0.0838620733047017,0.6527981251559065,0.5620515489973638,28.152919691800303,19.229505255869615
3350,Hai Duong,VNM,2004,2004-04-06,0.2846042447733003,0.4169318609955898,0.2823344340894999,0.2959176085787301,0.3925258856705461,0.3438079429529083,0.24302502671415196,0.22489573853716938,0.27770722972563006,26.20600798393236,17.253896209735927
3354,Hung Yen,VNM,2004,2004-04-06,0.15829148902927584,0.35815524274735266,0.1476830541151639,0.17288207884142315,0.3279200134032577,0.2637184057983822,0.16005645876876717,0.45113234577981826,0.46005279910624797,27.157396340470154,19.485261928915087
3364,Nam Dinh,VNM,2004,2004-04-06,0.13783174898653328,0.354698983993676,0.12439187626203228,0.15473800346900138,0.31225642905501605,0.23958723989871736,0.13909974909996267,0.4861514338298347,0.5109801583270369,26.198017556524153,16.375860417720133
3369,Phu Tho,VNM,2004,2004-04-06,0.33808326741083433,0.4213016127102322,0.3332833602281358,0.34365966021714683,0.4140012031252704,0.3201293489742643,0.1999184018338049,0.12612748764718995,0.12751577986516674,28.085086998898664,18.203859839556294
3372,Quang Nam,VNM,2004,2004-04-06,0.04652086727362351,0.2558416717374571,0.035427419245821316,0.05955160867930019,0.2565925686818543,0.16776615489829458,0.07327665974042831,0.7051786845771872,0.25036828566512004,31.256676412316835,20.54010778973441
3381,Thai Nguyen,VNM,2004,2004-04-06,0.3965669765706623,0.47461965657955346,0.3829684444285402,0.39778449814889494,0.46630855968923707,0.40191828256766343,0.2768560858427812,0.1157154860983486,0.1410621003497698,29.166559404054208,16.949669382058943
3389,Vinh Phuc,VNM,2004,2004-04-06,0.31612118919759,0.4400077988192736,0.30588016482492364,0.321470469372956,0.4281103398262577,0.3643116634842073,0.24518887141956527,0.195876280030618,0.25572799085562375,28.90263703136687,20.12856942204384
73933,Can Tho city,VNM,2004,2004-04-06,0.06492900730655016,0.2780118747279319,0.04590920778208189,0.07915145338905964,0.2517005284299727,0.17655684906408936,0.08715439977187676,0.6108094330157241,0.5366627565343733,32.205714553278696,23.56759656075867
73934,Dak Lak,VNM,2004,2004-04-06,0.11294548456729697,0.26727677620506207,0.0871261404222425,0.11164649241524202,0.29202566955880355,0.23952526226123377,0.1485833020626547,0.4498873614284391,3.3557280061000916E10,38.02436446716603,21.00618934598719
73935,Dak Nong,VNM,2004,2004-04-06,0.0937283510139909,0.2595585437467149,0.07774189696941712,0.09786242289848597,0.27013272545860995,0.19649461532206294,0.1087396539176939,0.5326922293079721,0.4381375701532255,33.94220878283918,20.0864755812515
73936,Dien Bien,VNM,2004,2004-04-06,0.0691651949055973,0.2617278426100129,0.0459393139152082,0.07583134422301224,0.2870625001347346,0.22010488971532408,0.11808776798363846,0.5918645621015264,0.6418052874168385,29.001880591286884,17.648195169691558
73937,Hau Giang,VNM,2004,2004-04-06,0.05412387440659598,0.25345962010666256,0.03444741739732283,0.06645705304089838,0.2350399844343665,0.16056981967415496,0.07559921293038825,0.6477550019832538,0.5004956752739133,32.50661524957571,23.33174805794108
73938,Lai Chau,VNM,2004,2004-04-06,0.08291108755910992,0.2753346056027785,0.06235366602496357,0.09196896181677995,0.294285371229809,0.21973278398431142,0.11550046313920596,0.5854077484083198,0.5856077902413678,27.50183799173707,17.47340840483386
73939,Lao Cai,VNM,2004,2004-04-06,0.18777068133960997,0.3101914035040459,0.17717308994782469,0.19449985719103596,0.32444194761782125,0.2673598654523609,0.1686242262554242,0.3412936708438105,0.3245020745477007,27.184544003804806,15.38511339619837
3326,An Giang,VNM,2004,2004-04-06,0.09708652972960571,0.2071172819770925,0.05465288965102838,0.08731035815255275,0.22581852751960524,0.20457502689159196,0.13443834828034987,0.35112583013006693,0.3216248376731948,36.70967441541114,22.625495583496345
3332,Ben Tre,VNM,2004,2004-04-06,0.09267335926873667,0.22132410274887557,0.05822378053005487,0.08890407260568912,0.2225640780816886,0.1685072810199135,0.09776536149777024,0.4033700064646676,0.3459384435300115,32.98773019002185,22.575144379995486
3343,Dong Thap,VNM,2004,2004-04-06,0.08045235056118391,0.24760277403516678,0.050360388801377956,0.08636874888406598,0.23980999729625246,0.18440452387659845,0.10027497167298595,0.4935755041929127,0.4493225027869759,33.452218825175116,23.1738648669819
3351,Hai Phong City,VNM,2004,2004-04-06,0.3483394961990564,0.4344342096226162,0.3423311848316445,0.3562178503446812,0.41308550920019943,0.38400413750732865,0.2868512272744968,0.1285648754372579,0.17788601949311025,23.350000000000023,16.14270740778587
3352,Ho Chi Minh City,VNM,2004,2004-04-06,0.10114346858552412,0.2213729612344699,0.07281694463216307,0.09908482065144328,0.22584145499945282,0.18458050751000588,0.11708083191681329,0.3961083142005187,0.4248638728580626,35.77466828440752,22.52804668012639
3356,Kien Giang,VNM,2004,2004-04-06,0.09324346340392746,0.22256039317811213,0.053478597433709994,0.08339914228959087,0.2643515159205315,0.23621817881678672,0.15510410916403564,0.40943006875661436,0.3730948039247193,36.27450038732816,22.570506998695326
3359,Lam Dong,VNM,2004,2004-04-06,0.08233331744750003,0.2661603072800108,0.06416730834168434,0.08762653483476142,0.28271708431040565,0.20343844995224866,0.10915867075914908,0.5819137332101705,0.5323356278402255,30.47117096261657,18.52085322068742
3362,Long An,VNM,2004,2004-04-06,0.09919359553017865,0.2256599941907034,0.06300290165308237,0.09151357725956132,0.26182113315049765,0.22798929021364958,0.14328551680268128,0.4044572013261152,0.43580430636698037,36.35166578159369,22.986499564021884
3375,Quang Ninh,VNM,2004,2004-04-06,0.5567564024753109,0.597147100447812,0.5229470048572422,0.5462757818302113,0.5795534939131044,0.5198746921280584,0.36147638904570295,0.04047079200676504,0.05282175171024067,26.89379845937003,18.077155679945534
3378,Son La,VNM,2004,2004-04-06,0.07446640089144153,0.21799961858721437,0.05369155595202053,0.07806941866555933,0.2461522913345668,0.19919360282504237,0.11372593320522736,0.5350131317128426,0.5389654442804152,29.041706004429365,18.007477468208084
3379,Tay Ninh,VNM,2004,2004-04-06,0.09414773583360508,0.26717103543305,0.056087826080764173,0.0877962982998543,0.3106527533572676,0.27399345902738564,0.1742841993175684,0.4804541028995457,-0.030163786264619307,38.01460777277932,22.9295684324467
3380,Thai Binh,VNM,2004,2004-04-06,0.18182556512934028,0.36585134074650516,0.1823863632954241,0.20077346458741716,0.32605328693850416,0.26135750448868805,0.1671794606776861,0.3599297313436954,0.40223428744950435,24.665924589901174,16.41111748156768
3382,Thanh Hoa,VNM,2004,2004-04-06,0.07137582636114433,0.24651499684452594,0.05483937723512989,0.08095541576893808,0.25332414562450484,0.19343971206843186,0.10107250077266709,0.5951987665240551,0.5199491959977539,30.593366050499807,20.481753179502736
3384,Tien Giang,VNM,2004,2004-04-06,0.09444978404862688,0.2779024215824337,0.06388253334963055,0.095344816523758,0.2794753322498926,0.2115445045180513,0.11987994945185913,0.4985219255769929,0.5168403517399385,33.62045226180392,22.57741564494436
3333,Binh Dinh,VNM,2004,2004-04-14,0.07515125353553595,0.30658566610754906,0.04299042369674171,0.0792946003033478,0.3273194532099248,0.24763252116253995,0.13687284309303704,0.6225110620664175,0.8944234515442826,33.99229247962413,22.251395466108296
3338,Cao Bang,VNM,2004,2004-04-14,0.07545506014636981,0.24777512103760654,0.05556667952849221,0.0834025756174681,0.2740625695645811,0.2127240216400782,0.11339991304511195,0.5677746787379664,0.5289581763747242,30.911551986069988,18.365143851689773
3355,Khanh Hoa,VNM,2004,2004-04-14,0.07951226753413056,0.29813480895022376,0.0497420142410404,0.08181992357236305,0.32653135130915534,0.24965692938005898,0.1396063131806978,0.5995016575657957,0.35726373639223935,33.90577957601571,21.44251715169727
3360,Lang Son,VNM,2004,2004-04-14,0.055579437679250915,0.23377180820492652,0.03573223765558333,0.06505582637718903,0.25735058028287267,0.19523244823246386,0.09618625809676647,0.6249921388279269,0.5326556072269334,32.18595678144846,17.35363510781061
3370,Phu Yen,VNM,2004,2004-04-14,0.07895646810266842,0.2848691515186103,0.043599762280017176,0.07834882500964904,0.31742573533552915,0.2528703520421975,0.14665765472006018,0.5849413468946165,0.7071865230900963,36.008834214989236,22.66852368000532
3371,Quang Binh,VNM,2004,2004-04-14,0.08924677167739047,0.2735160104069562,0.08115555096764974,0.10247885088413396,0.27370701789951873,0.19826428965454734,0.10537680536313929,0.5664956066701087,0.4877243276757712,29.321854614985984,20.643997611830653
3374,Quang Ngai,VNM,2004,2004-04-14,0.05893105215297353,0.2694543095464175,0.036773994244317224,0.06668323093863958,0.2828779523082823,0.20731358096700808,0.10712215488464012,0.6487860400981352,0.8388879735346676,31.728278552701035,21.713836682591907
3376,Quang Tri,VNM,2004,2004-04-14,0.0643882616227705,0.2580947411042852,0.053499991024084356,0.07700131373320937,0.2549889701652859,0.17803509402618087,0.08879871505708874,0.6417998328028302,0.5027979601093392,29.354550298807407,20.741354889955872
3383,Thua Thien - Hue,VNM,2004,2004-04-14,0.0480083818995037,0.2178177710166941,0.03876868722482164,0.059061207572275176,0.21710241857988025,0.14820715097437462,0.0722673650743947,0.6793127994171069,0.3807864202686554,29.53677345196246,20.91433201019037
3327,Ba Ria-Vung Tau,VNM,2004,2004-04-14,0.10517564811508277,0.24979096307230358,0.07090933647688898,0.09703721586126875,0.2785607983178142,0.23270825592019495,0.1467754182839341,0.39493214093622164,0.046921982774015415,38.36854581134306,23.811975916620547
3336,Binh Thuan,VNM,2004,2004-04-14,0.09606429307426453,0.24615976786034788,0.04984774425352913,0.08078326513968234,0.2950975941953998,0.26555077585498077,0.17833585586559308,0.4727739984790875,0.6974079868928811,38.34089210636184,22.707005492367777
3342,Dong Nai,VNM,2004,2004-04-14,0.09700246193366464,0.2842649962319258,0.06716976019375227,0.09620518248876295,0.30522201760147155,0.2373135761045216,0.13750205435353507,0.505824803386248,0.6527276276000591,37.25530004549479,23.304580382589236
3344,Gia Lai,VNM,2004,2004-04-14,0.06668683409117007,0.25485696346502235,0.03576244194074087,0.06530485668313267,0.28024679257207347,0.21789566963608947,0.12858627557709545,0.5981666968224075,0.7014321997128293,37.46428981890931,21.284605005091418
3345,Ha Giang,VNM,2004,2004-04-14,0.12209754695544638,0.27363427651868094,0.10703427389447324,0.12902515752921326,0.2931027969295179,0.2324452704315399,0.13350544778943357,0.46198464392347743,0.43675180988112194,28.718357027491226,17.596602607896884
3347,Ha Noi City,VNM,2004,2004-04-14,0.13643193699387307,0.29033363835117987,0.1348909107553544,0.1500749429437778,0.2637122610908377,0.1795916959821254,0.09383731912614615,0.3686580415535527,0.28447554432896893,30.13058145872386,18.69501361200246
3348,Ha Tay,VNM,2004,2004-04-14,0.26685393632344756,0.39300272733672387,0.27208428916224126,0.2798195792165501,0.35287026259446036,0.228886391103511,0.13211464628231,0.22276313318308172,0.19868157631684163,28.728488303031433,20.082688480206613
3349,Ha Tinh,VNM,2004,2004-04-14,0.1191326820869598,0.2683053839245019,0.11363964289331005,0.13189075527989166,0.2625233084956213,0.20294364714846988,0.11877254148949738,0.485136314945025,0.367318299010578,28.95195647572914,20.897641347085905
3353,Hoa Binh,VNM,2004,2004-04-14,0.20500067346264048,0.30763502697652956,0.20201563666613134,0.21484920716870393,0.29986993787733884,0.23268817029222055,0.14393043530160313,0.30948643406637827,0.23097321667936052,28.935825866417222,18.240473267655606
3357,Kon Tum,VNM,2004,2004-04-14,0.06718293141706622,0.2999830382586525,0.049425230392422304,0.07703269346767636,0.3049318120879888,0.20624797641054873,0.10376798352746566,0.6581160674910395,0.629838883380373,29.783191255903557,19.252490214969203
3366,Nghe An,VNM,2004,2004-04-14,0.21067967712095714,0.3656338571786964,0.20295428308431981,0.22070872190415453,0.3658312017726907,0.2880329294825511,0.17321382569573507,0.4224242672590225,0.3956171634572911,29.88230481555759,19.075665767992486
3367,Ninh Binh,VNM,2004,2004-04-14,0.5178548608530676,0.6101000716690063,0.4997634297263857,0.5176555270731285,0.5687833684865486,0.47604932346579576,0.3148215288188025,0.0974524156052551,0.13746212301303326,29.330715232970075,18.04932993076678
3368,Ninh Thuan,VNM,2004,2004-04-14,0.10295835486219934,0.28106224710470623,0.054755439086798884,0.08991798374835346,0.3330821495212372,0.2929118038165802,0.18871172743666065,0.4951516172169855,0.6932608044016527,36.472039953875694,22.336137751481374
3377,Soc Trang,VNM,2004,2004-04-14,0.1466071349353893,0.25602031393762015,0.09796464625485457,0.1321709144928898,0.28192346751534164,0.2541966028067778,0.16956634708115847,0.2892857647114556,0.5244539050552051,35.40872486817169,23.86192791818141
3386,Tra Vinh,VNM,2004,2004-04-14,0.14636512680086552,0.2651639454013759,0.09825136447386446,0.13280562786407865,0.28985649650920353,0.25931704468653966,0.17566162685103165,0.31137255987422774,0.37656169621721763,34.65451815889674,23.76381985332516
3387,Tuyen Quang,VNM,2004,2004-04-14,0.18032026356895545,0.3078325520933973,0.1814832251607419,0.19217104064830468,0.31067534541180475,0.23448055873267332,0.13469434572920044,0.33106027958768985,0.27405564558213213,29.523294274235813,19.335960805028925
3388,Vinh Long,VNM,2004,2004-04-14,0.08182093922176872,0.31062532818537736,0.057055232106781546,0.09562486401574494,0.2864825235991586,0.20037201338284677,0.1028160726579866,0.5912408847643326,0.5707163172671883,32.37496243465525,23.9383106564438
3390,Yen Bai,VNM,2004,2004-04-14,0.14865562262818507,0.28441228676350916,0.1437445281076142,0.15933936693595868,0.2885952481055752,0.21849916402612632,0.1237614662618619,0.4082558242945952,0.31654804452499985,27.26056744220444,18.147811772493785
3328,Bac Kan,VNM,2004,2004-04-14,0.07295022926236276,0.25274401079812436,0.06080190695782292,0.08381276490502432,0.27280477391175234,0.2057476563806973,0.10608365435015514,0.58732692546224,0.5257953150580329,29.95266571986386,18.277132383898834
3329,Bac Giang,VNM,2004,2004-04-14,0.07547364672986344,0.2580057384894931,0.05382460712039213,0.08314929373747683,0.2641650077314376,0.19818684868904043,0.10193832970587817,0.5639131680128298,0.4983996524853609,31.29166918661069,18.487590974037264
3330,Bac Lieu,VNM,2004,2004-04-14,0.12763029261557807,0.17940687419948276,0.08223501473837733,0.11422292775311127,0.19375761078556336,0.18079780222177616,0.12608777952086536,0.16363650441826347,0.19454784002535758,35.08553772899723,25.42731742272988
3331,Bac Ninh,VNM,2004,2004-04-14,0.15743907635359522,0.3445227095202704,0.15704651816327053,0.17432337296073447,0.3023250347932964,0.19327520800763995,0.10093660187889415,0.4009882394380622,0.33490749934983405,28.874805096256747,18.538247278153115
3334,Binh Duong,VNM,2004,2004-04-14,0.09538929803903277,0.303239909517321,0.06680015383190839,0.09619151469438914,0.3291860325168588,0.2645127347701618,0.15424687512971552,0.5392852612427408,0.9253486394627275,36.71185315235208,23.573343793382826
3335,Binh Phuoc,VNM,2004,2004-04-14,0.09330187704634128,0.27836077423529604,0.06586070591192666,0.09241885997271375,0.3008702012273592,0.23615466311171,0.13651266782788005,0.5240693340433703,0.5728861051168603,37.879561280755645,22.281539827806892
3339,Ca Mau,VNM,2004,2004-04-14,0.08620286244934167,0.16412607949375,0.05521786469874327,0.08205216845081913,0.16896185291057614,0.13622815909554503,0.08346887288693676,0.28308643884896095,0.2097854947299289,34.03482415826881,24.904183586702047
3340,Da Nang City,VNM,2004,2004-04-14,0.05871492183666174,0.2207196720343563,0.04640514558774731,0.06723778128590302,0.22257951531083764,0.15498431361351622,0.08133025222691231,0.6285881831955908,0.4124437029938122,28.34118179795597,21.068651591125573
3346,Ha Nam,VNM,2004,2004-04-14,0.5157121251632484,0.6160468268919379,0.5021931466284525,0.5185017439288453,0.5794978076534751,0.49864668200550816,0.33504286130061184,0.09868552769564719,0.1334084228486801,27.143632634919957,18.669237674819186
3350,Hai Duong,VNM,2004,2004-04-14,0.1551728016838808,0.35676146109582574,0.14066397318353302,0.16761515065796345,0.3306254461523133,0.2560361514551476,0.15383535892165112,0.4563099953701136,0.4825191034207339,28.659884150157755,18.13111736647636
3354,Hung Yen,VNM,2004,2004-04-14,0.33492487817676236,0.46531064812221734,0.33685955360468123,0.34649990802456176,0.42295778887509783,0.30524136791845696,0.1879117505500346,0.18805201196448856,0.184074942481045,27.714008660605415,18.339638227490543
3364,Nam Dinh,VNM,2004,2004-04-14,0.3002185084710522,0.48164491092960254,0.29511499846990547,0.31244106135383226,0.4470335139120433,0.37399215191533486,0.2508974991522438,0.2536437766664073,0.3666409522453537,28.324827870808853,18.397799478695774
3369,Phu Tho,VNM,2004,2004-04-14,0.19511122924637792,0.3115199321741498,0.19473510192276103,0.20569906632023885,0.30333040586146176,0.22931992918917585,0.13845797025780565,0.29353944468652843,0.24609126312581694,29.10254533007278,20.10512857502444
3372,Quang Nam,VNM,2004,2004-04-14,0.04834043070964972,0.24858090767732557,0.03784358705023741,0.06043165762499002,0.24712406906504658,0.16008877752862305,0.0726305535238995,0.6991039752839064,0.5490763351939079,28.912822488787253,20.846054334290983
3381,Thai Nguyen,VNM,2004,2004-04-14,0.07771256600661522,0.2591879779581867,0.06652699179765825,0.09020026563567246,0.26810285466301825,0.1986986647926009,0.10002478478412484,0.5561543702870799,0.48479841276995855,30.721835230783327,18.187241127667342
3389,Vinh Phuc,VNM,2004,2004-04-14,0.15713542398747968,0.321130584428972,0.15768357395550134,0.1712288892826265,0.30115198189718584,0.20614137359810897,0.10929292235563098,0.368769073022897,0.32201447037578945,29.674455850880307,19.328591800297755
73933,Can Tho city,VNM,2004,2004-04-14,0.0928824028410689,0.30609332547208645,0.0728661700122878,0.10678778467167357,0.27754663132779855,0.19877383624181044,0.10530162468798338,0.5431991655807954,0.5079941625725094,33.50684432184332,24.267133527230207
73934,Dak Lak,VNM,2004,2004-04-14,0.06779058600184203,0.24841996169840566,0.0360704614647142,0.06623099432294828,0.2761641130104378,0.21901808067572592,0.1305590287555455,0.5788657905169956,0.2428451339949544,36.987941217872866,21.538125226590648
73935,Dak Nong,VNM,2004,2004-04-14,0.08006528372932557,0.27428241612950643,0.05908875398794584,0.08390396848176285,0.28538752913993354,0.20422575114043345,0.11139075655048794,0.5828350755924913,0.5330825606437185,34.18608483557606,20.448306036715255
73936,Dien Bien,VNM,2004,2004-04-14,0.06453245055555358,0.2655674908141035,0.04073736523005975,0.07217159165513033,0.2871542073378186,0.21266001917821956,0.10896440523031217,0.6196870501439329,0.628087521717721,29.241536307071094,18.023861064205253
73937,Hau Giang,VNM,2004,2004-04-14,0.07521978707822728,0.29119086550087153,0.05390362392052917,0.0879567531009212,0.27103728296424573,0.1885126167781437,0.0946390009276195,0.5964758079895548,0.531371956123567,33.607830484471584,24.19341669596275
73938,Lai Chau,VNM,2004,2004-04-14,0.06722046461691583,0.27379502105689735,0.0436828422015802,0.07675682470383768,0.28826175497406104,0.20661033846672067,0.10294330878811496,0.6333592762839705,0.5912281041618693,27.812917725980512,18.179849114762078
73939,Lao Cai,VNM,2004,2004-04-14,0.11949038007759681,0.2754262550694484,0.1060460844865652,0.12839437062312722,0.2857167437770838,0.22062909739010128,0.12343315669025548,0.49804967500535663,0.4057223986592541,27.781099501972946,17.152976762087217
3326,An Giang,VNM,2004,2004-04-14,0.09272676112768673,0.22032352962747068,0.05576323636786392,0.09090610431004273,0.22401003018377527,0.1926409376147647,0.11799233087089621,0.40939795725625994,0.7775510034938988,35.128978890009904,24.61218402295203
3332,Ben Tre,VNM,2004,2004-04-14,0.11819653013205815,0.2517789619945345,0.07847747848760013,0.11154025818904809,0.25505202081277856,0.20169236038937355,0.12649159693769446,0.3808808744184457,0.38310949667183214,32.85959642782957,24.176463659591082
3343,Dong Thap,VNM,2004,2004-04-14,0.08533955281578123,0.26369628387551036,0.05735273753172127,0.09403251544452867,0.25097366327384996,0.18965691009099322,0.10313575421844336,0.5139386685326787,0.4527790240656237,33.67353441801253,24.385383009457986
3351,Hai Phong City,VNM,2004,2004-04-14,0.17181644137346352,0.3092228990855472,0.1563969750078141,0.18011876902315704,0.2927341117652821,0.24441682334571604,0.16048271822051238,0.3552710823841587,0.3324535525014177,30.33563370707506,18.20979739295292
3352,Ho Chi Minh City,VNM,2004,2004-04-14,0.11791514120004915,0.2487708145621336,0.0876834969175334,0.11465935454846328,0.2579659280506544,0.2158179974894385,0.14321869986743188,0.38058880370278547,0.34356778417180717,34.598192551344255,24.393580327024697
3356,Kien Giang,VNM,2004,2004-04-14,0.1070121747367803,0.2306707053561089,0.07201529284327578,0.09977301780839279,0.26534807794623433,0.23373902338227998,0.15076418245903647,0.37406688847863045,0.15674896859434087,37.024809635681834,24.228052753871815
3359,Lam Dong,VNM,2004,2004-04-14,0.0576037966197844,0.2685627349505495,0.036301613097480756,0.06456008256009904,0.2808401827942052,0.19209491128466605,0.09405063734947333,0.6697420387531116,0.6177229522408632,30.788942218204422,18.795216745348334
3362,Long An,VNM,2004,2004-04-14,0.09253417488972808,0.22211695492833913,0.0564517932241718,0.08621767140094304,0.2530660707005765,0.21912472548085987,0.13886727589403458,0.4247620912941857,0.22265579737932037,36.185808581919346,23.635948314718007
3375,Quang Ninh,VNM,2004,2004-04-14,0.04769310195148127,0.2016534655656497,0.03266919225360528,0.05787513144926916,0.21548982409917505,0.1609073882018839,0.07769491216233311,0.6168805502269306,0.44119081666399956,31.397825956049253,17.124497054893315
3378,Son La,VNM,2004,2004-04-14,0.0711844485963289,0.25620850748697216,0.043586586205906636,0.0756876975597485,0.2863147560347175,0.22667627678376126,0.12418318381358087,0.5772296904256334,0.7021228386791073,29.551895159905825,18.436095708553836
3379,Tay Ninh,VNM,2004,2004-04-14,0.11167229357623908,0.284351549452569,0.07459068787941736,0.10482799494407026,0.32485660101474495,0.2896802322879247,0.1946796640299071,0.45226427906220784,0.4377594996872096,38.59995116569192,23.895090272082328
3380,Thai Binh,VNM,2004,2004-04-14,0.3633562429095133,0.5022353902580227,0.3564908648166551,0.37231134143797373,0.4720502737748102,0.39829765545158513,0.2759850932779866,0.17482072054796244,0.2399200817423067,27.430883154421352,18.538235846537386
3382,Thanh Hoa,VNM,2004,2004-04-14,0.33123884893629846,0.4247070882284913,0.3235642886796493,0.33772919022474535,0.40403365036011635,0.31759666565704164,0.19826412782028596,0.25699054912211705,0.19546349041500957,28.749941302617717,19.19559930770414
3384,Tien Giang,VNM,2004,2004-04-14,0.09370709993912675,0.27067365996363674,0.0626606562010729,0.09380196981746838,0.27098919008786826,0.2051475721854954,0.11973992221569114,0.4857329483027589,0.4880492526675925,33.9813139366222,23.846803670326945
3333,Binh Dinh,VNM,2004,2004-04-22,0.07078757822463758,0.3068097576040065,0.04096617403967273,0.07864250379028813,0.3148696071526098,0.22604115823218973,0.11822996616712474,0.6370062206790699,0.7894636572785975,35.69459237607279,22.2112714481468
3338,Cao Bang,VNM,2004,2004-04-22,0.0755182487830479,0.3040311340372212,0.0458268599206279,0.0830922166450366,0.3379917759921827,0.26633960853524147,0.14558952337877248,0.6049270318908088,0.9307206561183685,34.599370858401365,20.27218856498474
3355,Khanh Hoa,VNM,2004,2004-04-22,0.07527059030164253,0.2941365619720253,0.04295568443249378,0.0778495195219184,0.316986652871637,0.23779226935557915,0.13245068906754634,0.6072547328117802,0.8061091016283999,34.99138444770284,21.639820058687853
3360,Lang Son,VNM,2004,2004-04-22,0.08393750398094804,0.2983988964401172,0.05763994921790789,0.09263076324763557,0.3258376780875616,0.2554206136923671,0.1364154500341105,0.5799600124887143,0.7251667365322333,32.81178579756529,19.628988222088854
3370,Phu Yen,VNM,2004,2004-04-22,0.07557959575170603,0.2698878499282405,0.04284900883764529,0.07647959808746456,0.29343913187374937,0.2245351629483832,0.12650884371233165,0.5773269850681819,0.9281638287947624,37.47549397290043,22.77474987151127
3371,Quang Binh,VNM,2004,2004-04-22,0.051018872331753846,0.3107056665875507,0.0344387452104823,0.06845333525761176,0.31459151149647396,0.2172182587465696,0.09689214302268105,0.7267417908397661,0.7390846539604842,31.666803578171784,21.262200435371962
3374,Quang Ngai,VNM,2004,2004-04-22,0.07231382383168304,0.3074493969576052,0.042709114430819754,0.08012177916138893,0.3199272732188299,0.23644146868187396,0.1250927086629073,0.6316573184167945,0.7835587655825266,35.008389731673795,21.58853181961373
3376,Quang Tri,VNM,2004,2004-04-22,0.05230454282373596,0.287196883692941,0.03482700422977623,0.0673362692766697,0.2855935549955122,0.19703395436232432,0.09133495586048981,0.6966451342409542,0.6383467789966819,32.94688728675984,20.987009141191855
3383,Thua Thien - Hue,VNM,2004,2004-04-22,0.04640185464728166,0.2527198164768923,0.030661935073476625,0.05926029807249561,0.2538760918836,0.17542035287753205,0.08272359456691124,0.7054467324845161,0.6381896153633737,31.9655472370305,21.179034458175526
3327,Ba Ria-Vung Tau,VNM,2004,2004-04-22,0.12463046206569746,0.3018286193297533,0.07565127613696808,0.11210751675325005,0.3373497449185603,0.28487242629494136,0.18191787118030894,0.4065799436665622,1.3983720515945404,41.213224121688576,24.09176926416451
3336,Binh Thuan,VNM,2004,2004-04-22,0.12257085830841881,0.3163679540231748,0.058665252916700675,0.10275939904292566,0.37580101657987425,0.3410047088463089,0.235714586882403,0.4626792250184146,0.2761094240497782,41.38590111618587,22.320374024206657
3342,Dong Nai,VNM,2004,2004-04-22,0.09621964056935452,0.29949899816496417,0.05905162254760254,0.09398704064954169,0.3242215344394906,0.2539005819754182,0.1481973688152708,0.5034105522880877,1.0585011348170472,38.83575965091251,22.725447111895324
3344,Gia Lai,VNM,2004,2004-04-22,0.0824459820354342,0.2972354380366962,0.04695140578954571,0.0823419382063574,0.3192543132597055,0.2425149865443469,0.14039758307607367,0.5769047013405556,0.13484586218661487,39.175052872309855,21.095457582685118
3345,Ha Giang,VNM,2004,2004-04-22,0.09235047958836963,0.303627549739835,0.06495246431956377,0.09912039326098636,0.33187183813789084,0.26379902872463656,0.14681476473058708,0.5776287591984607,0.8373892641139384,31.998069434434022,19.070793271633573
3347,Ha Noi City,VNM,2004,2004-04-22,0.15963520126576203,0.35114833168683557,0.13811346693284696,0.16683280328894468,0.3361164090855238,0.2721315222531499,0.1692629438562857,0.38792053823471423,0.48897041699431804,29.732534162872387,22.864408617520983
3348,Ha Tay,VNM,2004,2004-04-22,0.10163742591644999,0.357431692013324,0.07490492729448534,0.11212508110751702,0.3248630697234415,0.23624224399726185,0.12714003271881996,0.5703886870887201,0.6559141395349594,30.411073637405835,22.407394523179267
3349,Ha Tinh,VNM,2004,2004-04-22,0.055214403922699454,0.3106597173199961,0.0335863199513908,0.07117007326888325,0.31266584686985366,0.224764489692772,0.10382720756847094,0.6944441098635262,0.7629971438975507,31.262979300607434,22.621199893335692
3353,Hoa Binh,VNM,2004,2004-04-22,0.06574281524202386,0.2691147920104137,0.046109305913432846,0.07652483277608318,0.2823065948337868,0.21170845739636926,0.10552257864904471,0.623159680431382,0.6116864105776469,31.651981575290595,21.13025363780389
3357,Kon Tum,VNM,2004,2004-04-22,0.05069812202733918,0.3260678959076119,0.029875688386699982,0.06353985010759318,0.32489325720292983,0.2066162632022494,0.09307671695409253,0.7375390096888184,0.6876701423289663,31.30461805041312,18.43949087667674
3366,Nghe An,VNM,2004,2004-04-22,0.05734260701018349,0.31220587080145223,0.03678433924952503,0.07053849345675138,0.3247521714506456,0.23396330494715292,0.10927891652471049,0.6942160734314476,0.7965927445653802,31.869404002460765,22.145269834411806
3367,Ninh Binh,VNM,2004,2004-04-22,0.07631510884953908,0.35802379047295235,0.047130270244119414,0.09080725135007803,0.33228320897001573,0.23514369577093194,0.11491448113115707,0.639060634619798,0.762871413777013,30.952694381164587,23.723683048878925
3368,Ninh Thuan,VNM,2004,2004-04-22,0.1097011860591263,0.30132404165048476,0.05445175882228317,0.0954770086668355,0.35362653868302835,0.3108972683183163,0.2054172297042691,0.490583846368872,-1.1454059909613074E11,38.04081559849925,22.65969280318107
3377,Soc Trang,VNM,2004,2004-04-22,0.16213824152646084,0.26834784024215685,0.12770511615593913,0.15422273597748887,0.2843993465850322,0.2456998917744556,0.1545038128940572,0.2468548242370645,0.3025949380235157,34.59737216209189,20.756834699149202
3386,Tra Vinh,VNM,2004,2004-04-22,0.1574891778094105,0.27795194454789957,0.12121046288334329,0.15119168928282636,0.2911546792253886,0.2502488343573491,0.15962824663701547,0.2795767065463412,0.4170059420924563,34.73490683756588,23.248832413301933
3387,Tuyen Quang,VNM,2004,2004-04-22,0.07420824459176853,0.3087000948643695,0.05638455993018253,0.08607517008211725,0.33216413948081114,0.25285015091289514,0.1274481277761509,0.6242851657031563,0.7621294433826745,32.998354304090306,19.675389661376784
3388,Vinh Long,VNM,2004,2004-04-22,0.11433062753901606,0.3810440415769471,0.09470897637291202,0.13357203164587478,0.3485631860011061,0.24313922490700637,0.12345387844604802,0.5465721968034987,0.6106186965860582,29.83939307552212,
3390,Yen Bai,VNM,2004,2004-04-22,0.08829531066546863,0.27961043028051313,0.07447567204194958,0.09937687494178124,0.2943590850519857,0.22477620342609755,0.11884343968384073,0.5776846980982855,0.5616393058245253,30.69721913782131,18.74753966821239
3328,Bac Kan,VNM,2004,2004-04-22,0.06665294921729581,0.30378374284291576,0.04975035682117452,0.07934415792709298,0.33014436112995593,0.24799294878281433,0.1234130799028772,0.6423138725020515,0.7883733560838111,33.06657615434076,20.053291073184855
3329,Bac Giang,VNM,2004,2004-04-22,0.11971430286932663,0.3326118824447913,0.09352355795544583,0.12680661561388779,0.3385940927142432,0.26439113448501345,0.14734247795810662,0.5122774204964393,0.6033184993656168,30.585920313899265,21.04038370816171
3330,Bac Lieu,VNM,2004,2004-04-22,0.13154369318736375,0.1789644227924977,0.09796269774420767,0.12262143609327336,0.18817489158825385,0.1704935064987887,0.11224544456015234,0.14668779951286273,0.13874177395374498,32.77150683204234,23.349666696239716
3331,Bac Ninh,VNM,2004,2004-04-22,0.18769541642199059,0.424509795385334,0.16552251697322318,0.19706345840348677,0.38485797850114123,0.30236972821672264,0.18563988075008653,0.41525397428847877,0.5333243210979903,28.56056227387042,22.368059286216432
3334,Binh Duong,VNM,2004,2004-04-22,0.1051889876434242,0.3495668762224332,0.07277359788921033,0.10851443398124155,0.3725967163841264,0.29514637663060717,0.16515840237616394,0.5461823112834712,0.8803901780977326,37.410577226263754,21.36297595585339
3335,Binh Phuoc,VNM,2004,2004-04-22,0.08541633783476876,0.30369862778885576,0.05233670028396547,0.08595637835476395,0.32413411710650636,0.2489478939049813,0.13751862493658248,0.5673211333749232,0.520050953704931,37.833221171196435,20.712552036526347
3339,Ca Mau,VNM,2004,2004-04-22,0.14115722411768086,0.2140972604247882,0.1217060392001267,0.1404212812925256,0.21486931091942335,0.1746842657218256,0.10887330820337598,0.21203772797287712,0.15654553017148895,31.889768468965425,24.549170556613742
3340,Da Nang City,VNM,2004,2004-04-22,0.05567247698074934,0.24612735924936874,0.036903506533856885,0.06439926651999638,0.25063501800791177,0.17468362756096142,0.08966512717815378,0.657038573926223,0.5574087593259666,32.50659028624291,21.50022422034278
3346,Ha Nam,VNM,2004,2004-04-22,0.08303016579918265,0.3792364120023955,0.05975289159023703,0.09780471076689279,0.3324569478811014,0.2270207918905937,0.11227104843164944,0.6454511002839488,0.7290543356790946,29.530331841089968,22.754951686884453
3350,Hai Duong,VNM,2004,2004-04-22,0.17861294064671032,0.40986288787497427,0.153594957057652,0.18583176032167548,0.38098605677242686,0.29944761690074334,0.17997464587677445,0.4174716656034844,0.5369651044756447,27.8758541732161,21.378585586780524
3354,Hung Yen,VNM,2004,2004-04-22,0.14414128124929393,0.41177596699496705,0.12423362262359898,0.1560372160528585,0.3694288739002998,0.27374122317505883,0.1547245457484447,0.5023821221543965,0.6213726162118246,28.377314716336095,22.2563196755703
3364,Nam Dinh,VNM,2004,2004-04-22,0.07422717607192247,0.41431140912834236,0.044294287312740745,0.09227285943335671,0.3579734017011807,0.24282574859426242,0.11449323674636894,0.6824345653065705,0.8696681860468636,27.924160132763312,23.57115943355305
3369,Phu Tho,VNM,2004,2004-04-22,0.1530137944468629,0.3261818840033352,0.14108692271924034,0.16206138967594672,0.33240454320996593,0.2686083883731068,0.15939447627703568,0.417009994602,0.45616232292596326,30.917505766492756,20.84259474821151
3372,Quang Nam,VNM,2004,2004-04-22,0.05143785585414545,0.27852382491315963,0.0365077997502155,0.06444238641726091,0.27928960666044594,0.1837094295405606,0.08413764757329498,0.7024620383391348,0.6817013290043119,31.99515945008068,20.505932310949326
3381,Thai Nguyen,VNM,2004,2004-04-22,0.15103130226878123,0.35700286905580014,0.13345821046471054,0.16040946501845565,0.37104981833938966,0.2966514975574756,0.17052955585004806,0.4606754624407319,0.5654625236216895,30.600017663260022,19.681850088854308
3389,Vinh Phuc,VNM,2004,2004-04-22,0.09976399039136048,0.36206989844007825,0.07122754158331769,0.11064877214521977,0.35099517592017493,0.26113020668323367,0.13794990880750257,0.5773701128124159,0.7405018923931103,30.511948436984014,21.830641937219823
73933,Can Tho city,VNM,2004,2004-04-22,0.12581377637328442,0.38616930725530346,0.11246594994792843,0.1466259998291831,0.34352516138053024,0.24252002496129105,0.12687151547544867,0.5227498061475638,0.573731488916761,30.42676574909719,
73934,Dak Lak,VNM,2004,2004-04-22,0.08851598909794582,0.29495029589850513,0.051941146472207746,0.08721383759726735,0.319904324742389,0.25232490234421784,0.1519229025854305,0.5522365927950385,1.1731618707557157,39.76297740665826,21.68463208249927
73935,Dak Nong,VNM,2004,2004-04-22,0.09523548605876267,0.3133114243643648,0.07271501119005808,0.10041653076698098,0.320861360711066,0.22852027430476823,0.12417433219711112,0.5620404931377956,0.622241892038484,35.56065324590716,20.480505087143367
73936,Dien Bien,VNM,2004,2004-04-22,0.06083475444427192,0.26408942791755496,0.0391033341669541,0.06889389669885077,0.28164002008007855,0.20724134253104604,0.1062995933057574,0.6376987357384992,0.6502402850709217,31.362811427643734,20.21948338548119
73937,Hau Giang,VNM,2004,2004-04-22,0.10316732825392119,0.3539784317768658,0.08576480415160115,0.12024417273831639,0.32238563791811176,0.2246759235273674,0.1154519037458035,0.579300584164145,0.5936909453716471,28.998063172233007,20.29203101847283
73938,Lai Chau,VNM,2004,2004-04-22,0.058296339904803075,0.24442687453081327,0.03947956660024595,0.0672918946407356,0.2548795482383825,0.17976258407598225,0.08756499520590036,0.6494855389978842,0.5160610003821704,29.937227903005063,19.549856278169692
73939,Lao Cai,VNM,2004,2004-04-22,0.0886157265430821,0.28390410698343815,0.06969229497603822,0.098252766480846,0.2996657388713019,0.2295322061136642,0.1216001173023027,0.5672480309555717,0.5855158092356081,30.163756579379427,17.746126465518365
3326,An Giang,VNM,2004,2004-04-22,0.10860888498221419,0.3243519745763071,0.09176155450246748,0.12492916336180775,0.2995101147700563,0.2299583864283827,0.12359915014418292,0.506488409969217,0.5509679209321784,28.366669615477484,20.49000000000001
3332,Ben Tre,VNM,2004,2004-04-22,0.14141142283146957,0.28889047575254023,0.11234035121977426,0.1410819024558428,0.2885112126522425,0.22530608184349782,0.13460385781362094,0.32715377244736027,0.37501780396469775,33.35055278793988,
3343,Dong Thap,VNM,2004,2004-04-22,0.11776057307576104,0.3557344690023948,0.10283827148247683,0.13671021637361017,0.3254017342537803,0.23475343965623444,0.12072809317107695,0.5227787596075057,0.5540506222003221,29.326570646529024,
3351,Hai Phong City,VNM,2004,2004-04-22,0.16141733168069183,0.3405508079434125,0.14562377899669057,0.17027743768050693,0.3154689780179821,0.24578518490944778,0.14669552968383828,0.35492312212675364,0.40203856007704053,27.551762377787856,20.999191106737083
3352,Ho Chi Minh City,VNM,2004,2004-04-22,0.12646610264356664,0.2824252999739406,0.09621418223714953,0.12664655668786223,0.28726281931913505,0.23209428461194276,0.14447377158252975,0.38207864090955906,0.992065928892716,37.51322512355751,
3356,Kien Giang,VNM,2004,2004-04-22,0.13399930358573872,0.2636053476300877,0.1108215670614227,0.13394625273444175,0.28043025129321614,0.23535835170580943,0.14419676573517604,0.34695185218973223,0.12930101588414405,29.322587784256694,21.64664943468196
3359,Lam Dong,VNM,2004,2004-04-22,0.060621301779425235,0.3115631854843817,0.03361687596146487,0.06930387010356741,0.3235968595572856,0.22265434596063335,0.11003394070334863,0.6792634449640355,0.8439189696129181,31.88778531526619,18.15031891933989
3362,Long An,VNM,2004,2004-04-22,0.14054415312412333,0.30392986512425135,0.11020689823851641,0.13995949383414785,0.3262810947227421,0.2738113772991752,0.16727684260698056,0.3863808301807689,0.43893458544540487,37.56846602378028,
3375,Quang Ninh,VNM,2004,2004-04-22,0.19306798608526357,0.30611852060401407,0.18967879513306307,0.20253267255832172,0.31244187232400356,0.2516396030936738,0.1546402092783486,0.2785285111169678,0.2540120940037364,30.43397165644816,20.338810307605474
3378,Son La,VNM,2004,2004-04-22,0.06593112212997455,0.24271622153596836,0.043796261122260205,0.07190108471924783,0.2629795293645417,0.20329777711209143,0.110516190241285,0.5957561713953129,0.5938134797268282,32.87755806537952,20.19594508974084
3379,Tay Ninh,VNM,2004,2004-04-22,0.14403392782838254,0.3367478197193125,0.11442045033379762,0.14303383183692864,0.36602995317924186,0.31461599249918404,0.19882543410378914,0.4157643629647864,0.8316016007317011,38.08130337775155,
3380,Thai Binh,VNM,2004,2004-04-22,0.09714424979138714,0.4041141598769883,0.07056600123526847,0.11307664294186016,0.35426470361767143,0.24763587827100084,0.1251847505320796,0.621018216621031,0.7521548842960852,26.756016235683862,22.530357122254546
3382,Thanh Hoa,VNM,2004,2004-04-22,0.06541962098058594,0.31104184509866145,0.04197852197860621,0.0772996639307744,0.31548651582746623,0.23146611451329535,0.11187171262871276,0.657358978828317,0.7518536477422434,31.19286213800493,22.571110721776893
3384,Tien Giang,VNM,2004,2004-04-22,0.13368842551306054,0.3263425592670121,0.10467065304885004,0.13658704323932622,0.3244593280458569,0.24863631091047028,0.14461014313119028,0.41881303809913656,0.5313356563532987,34.49326523442952,
3333,Binh Dinh,VNM,2004,2004-04-30,0.12217340487854557,0.31926390242411495,0.09784419124227067,0.12737444800884906,0.3294765982478696,0.24790076348399873,0.14413126320765182,0.47745936870943456,0.5233596252985357,32.47423539186662,21.045154606385374
3338,Cao Bang,VNM,2004,2004-04-30,0.22963302589320345,0.3573504187899861,0.22293005938808283,0.23757040034948387,0.36076115394061636,0.2938248703326684,0.18804332467229154,0.2955727612019566,0.3404044377019102,27.92622549585881,19.19583659410419
3355,Khanh Hoa,VNM,2004,2004-04-30,0.13478293589783594,0.31476105750104544,0.11125297828106104,0.13724095586993126,0.3352008817556959,0.2593828883897521,0.1542828304808875,0.4375085690875174,-0.18951682530863184,34.331117624421864,19.580024471972777
3360,Lang Son,VNM,2004,2004-04-30,0.39818591825875366,0.48128905373889175,0.3923116985896543,0.4028036295904856,0.4707605243298905,0.40190447566140425,0.26925024979899587,0.1294659936111699,0.15166750643685853,26.19128528217522,17.445248887294817
3370,Phu Yen,VNM,2004,2004-04-30,0.13364308637014918,0.30949555772555104,0.10738368464843219,0.1351613181554201,0.3333555956778673,0.26399817650689883,0.15903875786516009,0.425191842244478,0.7185675763923937,36.66304168287604,21.18341610636013
3371,Quang Binh,VNM,2004,2004-04-30,0.04576967163388454,0.2561286027408371,0.03273746801742275,0.059723242607810666,0.25848529455446717,0.17222748642241445,0.07909293990003508,0.7255722185742581,0.5179760105232188,29.40574161887902,20.186781593716542
3374,Quang Ngai,VNM,2004,2004-04-30,0.08647097037361497,0.2863752634794002,0.059061976233421694,0.09108467986983386,0.30099373969948656,0.2262067967766131,0.1269386680990929,0.5663673023015298,0.7277854385020974,33.73123163203846,20.87553743740398
3376,Quang Tri,VNM,2004,2004-04-30,0.056178746280592703,0.2634042073860496,0.042085822175028896,0.06929127588575802,0.2619671678450631,0.17725880328260893,0.08571999021565774,0.6756407408861818,0.63583053323563,31.575803800822502,19.343388409556013
3383,Thua Thien - Hue,VNM,2004,2004-04-30,0.06651478439496758,0.27366447269826105,0.04961464961164551,0.07831904886943354,0.2784752074707773,0.19586692137838183,0.09964818005080686,0.6373334228084931,0.563910008609303,30.961320622330923,20.76357026430004
3327,Ba Ria-Vung Tau,VNM,2004,2004-04-30,0.12649683670798495,0.2742606563031828,0.0924745933438483,0.11916211104094403,0.30072779910889463,0.2458145786607336,0.15170285595853286,0.36048290052274096,0.5228691868914324,33.00652842171446,23.23295972153161
3336,Binh Thuan,VNM,2004,2004-04-30,0.13389357213207323,0.2981492601445257,0.08402956071092561,0.11822074660884452,0.34747513372836153,0.3051626126519179,0.2026071264633149,0.4062801764445155,-8.751245704023317E10,40.39160770495409,18.34855752451467
3342,Dong Nai,VNM,2004,2004-04-30,0.10334403920098288,0.2681615793346015,0.0772459054586139,0.10364455062555693,0.2851094645562842,0.2170438255494195,0.12420174728855979,0.46436566693916487,0.4166953801211173,36.45465677483761,23.259693549564417
3344,Gia Lai,VNM,2004,2004-04-30,0.09571894517016982,0.27269006011925934,0.06633669957129042,0.0943247655276836,0.29498019402718445,0.2270593184912374,0.13685005328027736,0.5087313199111386,0.6989000743341864,37.20381120179245,20.407388792418296
3345,Ha Giang,VNM,2004,2004-04-30,0.22378537200091933,0.36977059429697023,0.20892228218015724,0.22898245063164452,0.37955487521773335,0.30999882435443105,0.19564497596349734,0.3317389035503846,0.45272950846305027,29.77025568887715,18.982206231738093
3347,Ha Noi City,VNM,2004,2004-04-30,0.32749837882981686,0.46303623939038074,0.3209958069673719,0.3351261070277789,0.45016303461753415,0.395545055372195,0.2793707956344519,0.1897309087163129,0.28550807784030424,27.935352544845898,22.06340475057006
3348,Ha Tay,VNM,2004,2004-04-30,0.17692766008160019,0.4186525049368443,0.16653580570093096,0.19132944854298753,0.38789498419838964,0.30114321177119985,0.18189105369994674,0.43553452947436466,0.579930425317358,27.31710154512113,23.135795457838004
3349,Ha Tinh,VNM,2004,2004-04-30,0.05889239215138995,0.2568602558837997,0.04338714250120126,0.07257760604552434,0.25030160301732657,0.17292554936996932,0.08425252607990637,0.662017017076585,0.5228698502964849,29.5136011487941,21.551023669694448
3353,Hoa Binh,VNM,2004,2004-04-30,0.1334498774952254,0.32556379121501594,0.12339918556866307,0.14598449403176436,0.3344457075111311,0.2625935923731073,0.15413563603106586,0.4660490740986758,0.5370504047129835,29.169824066948372,21.767910201981852
3357,Kon Tum,VNM,2004,2004-04-30,0.054776405259612256,0.26706183367681935,0.03911191703277341,0.06346189461067671,0.26760235591070086,0.1702406499656817,0.08230434235440723,0.6883692024988515,0.5916698840781084,30.89255053303424,17.897376706060907
3366,Nghe An,VNM,2004,2004-04-30,0.065037365780764,0.2915654879905839,0.048927168761199645,0.07824095462149233,0.29620421185488366,0.20842707081482606,0.10229375300880943,0.667875383127406,0.6890230169851232,31.41183565336167,20.40973047677182
3367,Ninh Binh,VNM,2004,2004-04-30,0.2300542845374454,0.42476240785299796,0.22249900386159074,0.24144679639871705,0.412100236318299,0.3423176066204058,0.23037289166381666,0.31788189836478664,0.4866467977123866,26.33294208442389,24.02754073489151
3368,Ninh Thuan,VNM,2004,2004-04-30,0.13331334616201648,0.2942395771306381,0.0918998990129254,0.12379060081416299,0.3350849680178846,0.2867812891332083,0.18344940476960414,0.4100710433283292,0.33172922102142505,36.58403407848134,20.922492938396424
3377,Soc Trang,VNM,2004,2004-04-30,0.15707812945238547,0.26945105664658126,0.11244767935856222,0.14522543052565223,0.2916936306227887,0.2563468177311287,0.16582830145523939,0.26229205558939733,0.5901550948786862,30.445316407167844,
3386,Tra Vinh,VNM,2004,2004-04-30,0.13598314668142025,0.2534626705725957,0.09315545825891414,0.126444688363072,0.2727466089015637,0.23401089137529965,0.15112368644189195,0.2947065326072428,0.6124671114598267,33.28124316010532,
3387,Tuyen Quang,VNM,2004,2004-04-30,0.22538328174056618,0.35481445040033255,0.22544611491124902,0.236385789070607,0.3440662192589747,0.27011228624523415,0.1632718717125697,0.31679466550635876,0.2681275703866784,26.469345843242372,21.445336741171683
3388,Vinh Long,VNM,2004,2004-04-30,0.1102547890243591,0.34031933358144284,0.09240632955165207,0.12524542034150013,0.3132754720616449,0.21540867663330185,0.11169116289052905,0.5259347768815861,0.5121673286810424,26.638489018906103,
3390,Yen Bai,VNM,2004,2004-04-30,0.19836740024229552,0.34003543784559753,0.19371505343707512,0.20935621508552377,0.3388292833201487,0.2690436178249501,0.16449387807675075,0.36269094909307165,0.3454169139733369,28.48135319758458,19.482657388592543
3328,Bac Kan,VNM,2004,2004-04-30,0.3238178875146651,0.4188504735868391,0.32288990538181356,0.3319894150509363,0.4007838116169885,0.32169831128472226,0.20298232952098832,0.20020186361000814,0.1767726456221026,24.841285588613715,19.135238888252665
3329,Bac Giang,VNM,2004,2004-04-30,0.4510290960460576,0.5428664917967008,0.447055516069138,0.45542914284313923,0.5266240106384601,0.4488413802922436,0.30294346146709566,0.11501087467878521,0.14987332606880882,25.333074920378152,19.142331567683286
3330,Bac Lieu,VNM,2004,2004-04-30,0.16252173637014458,0.2135256424468231,0.12787023565134367,0.15258502956549466,0.22758439203639702,0.2051936076263879,0.13640644931566026,0.1242420689500173,0.15059192626638923,30.999766549831396,
3331,Bac Ninh,VNM,2004,2004-04-30,0.3491345890491087,0.5119657957107018,0.34757275381277675,0.35873354363452736,0.48524159651365045,0.41249971842222977,0.2767067879519928,0.21303825804562446,0.2971460949807771,26.208195706243384,18.688605473649602
3334,Binh Duong,VNM,2004,2004-04-30,0.1011356719733237,0.3140316275706801,0.07187962816386906,0.10348419167824727,0.3367202033518767,0.26242251068858585,0.14861826370748377,0.528656211425482,0.7220403790286628,32.45976813973023,21.399016366179563
3335,Binh Phuoc,VNM,2004,2004-04-30,0.08406245513327401,0.26434581521589123,0.05830923720775531,0.08536772997435023,0.2804228641233084,0.2089974093450412,0.11424697406168165,0.5353628271851231,0.5293798183471473,35.88366620849687,22.07888019718523
3339,Ca Mau,VNM,2004,2004-04-30,0.14533552822742551,0.21510688298176445,0.1295785732741319,0.14596147575629723,0.21736974047590454,0.1746563593975142,0.10679874502966125,0.19506582612688547,0.14582738098944278,28.999815160455203,
3340,Da Nang City,VNM,2004,2004-04-30,0.06521374311939065,0.2461415604791908,0.04642124933577371,0.07264405080737962,0.2553386885052311,0.18239822195464997,0.09897141741284209,0.6119832669818787,0.5766918354993122,29.876475502731513,17.93936734497805
3346,Ha Nam,VNM,2004,2004-04-30,0.25650324645086364,0.4752611852535471,0.2531206073165004,0.26982123819159676,0.45281087029225003,0.3783456446229033,0.25274422697956817,0.3349074302561443,0.5181151158782459,26.544256601000097,23.039662792366176
3350,Hai Duong,VNM,2004,2004-04-30,0.4054378908705727,0.5263091864398816,0.4006391678425623,0.41130077053843717,0.49592653397772035,0.42103183724967685,0.2836923058320294,0.16372844033995473,0.2074768770688016,26.731633013081492,23.22028247648894
3354,Hung Yen,VNM,2004,2004-04-30,0.30864548529326447,0.5143088671790162,0.3027705331725732,0.31813535748081684,0.483900033802938,0.4025522896086411,0.26948148552123774,0.2803169445523822,0.4374171879913336,27.39137677285138,23.046437100626093
3364,Nam Dinh,VNM,2004,2004-04-30,0.33026010092715496,0.5124997508131947,0.32597320438398747,0.34092622564107333,0.4796742652297568,0.40667282995393245,0.27499130156093265,0.24196537264751256,0.36377575125776057,25.794584360146022,24.267903136338685
3369,Phu Tho,VNM,2004,2004-04-30,0.14752889386842175,0.32645470140080096,0.13997536278388983,0.15922834489024976,0.32256807681886124,0.2511469154266358,0.1460397069423062,0.4337694719338033,0.4400471727037093,29.243132403258798,21.972134475246804
3372,Quang Nam,VNM,2004,2004-04-30,0.06145003180848841,0.2743373725088086,0.046490447358990626,0.07245154901842521,0.2780124207626228,0.18573690670869814,0.09078377770602768,0.6638010068130873,0.6430614323732567,30.40787509827137,19.9519395940959
3381,Thai Nguyen,VNM,2004,2004-04-30,0.3618934039086054,0.45470322027575166,0.3589736944986359,0.3696406539472924,0.43232025435317173,0.3600302065892169,0.23377420203090005,0.16215973714621557,0.16196494255918195,25.35319688852945,20.965725350749896
3389,Vinh Phuc,VNM,2004,2004-04-30,0.24757859844804878,0.40643263472876473,0.24320126661735417,0.2586901766348274,0.38100007008220665,0.3074026421782925,0.19567784578884254,0.3015511736372217,0.32929133986062337,,22.282021945581487
73933,Can Tho city,VNM,2004,2004-04-30,0.1252839767661633,0.3533713217912612,0.11419715238785332,0.14291920263002766,0.32028651663259566,0.22458228416473366,0.11965954982890849,0.49074936046401596,0.48035342148421745,31.525808446778644,22.980574162679446
73934,Dak Lak,VNM,2004,2004-04-30,0.09478194117481487,0.2712261892264027,0.06496400925505089,0.09415269170472239,0.2929182500484384,0.225930255923625,0.13564850887768592,0.507956812724449,0.42070919786235655,37.49092846289053,20.81449767764714
73935,Dak Nong,VNM,2004,2004-04-30,0.06562353755280945,0.25954059417560327,0.046161573508974554,0.07107541895504262,0.26321311107057344,0.17551083001294476,0.08946949725687844,0.6246060923641416,0.5144988272641422,32.6645855671034,20.180674681697386
73936,Dien Bien,VNM,2004,2004-04-30,0.07385046875103493,0.2761668441398935,0.05672264864779819,0.08337588049100952,0.2882218663297433,0.20759994949819954,0.10916743595136505,0.6211241133878065,0.5935832339123682,33.00983757438893,19.79601593764751
73937,Hau Giang,VNM,2004,2004-04-30,0.11331627671214822,0.32830095019284705,0.10083276450806,0.12848556807379552,0.30314636674583456,0.21040814335315758,0.10950045536655321,0.510849408112924,0.4605449145619478,28.357414636279454,
73938,Lai Chau,VNM,2004,2004-04-30,0.061167436218658784,0.255000756889212,0.0440445693141969,0.07129702362536805,0.26277992530385574,0.1810044430036881,0.08891685332405036,0.6674766969104432,0.5317321065805779,30.93613714674751,19.816062790697735
73939,Lao Cai,VNM,2004,2004-04-30,0.17049106245164275,0.33768900647302275,0.15876536280391843,0.17999844617669233,0.3438260235256464,0.2688015929476913,0.1599508860447387,0.41802512162086264,0.4330243289120435,30.488608768979038,18.452054517817594
3326,An Giang,VNM,2004,2004-04-30,0.1278659625777685,0.3476547625282232,0.1154486800845752,0.14443215321797268,0.32185835030129184,0.23882544903527053,0.12851155480126242,0.47427870424074225,0.5054637632319144,27.70579923197588,24.349815510246472
3332,Ben Tre,VNM,2004,2004-04-30,0.14038622853641802,0.27165211130386363,0.11174173638695832,0.13928822265643825,0.27166595004159405,0.2086549309810058,0.1250860433015394,0.30776174868945577,0.3048752322811384,25.561593076687025,
3343,Dong Thap,VNM,2004,2004-04-30,0.12216981794189617,0.34522197241042496,0.10921127882794478,0.13870907473400418,0.31896956536525944,0.22865692548025648,0.12090687684678256,0.4904164958096694,0.48930830209471515,28.21051064378103,24.39600145496747
3351,Hai Phong City,VNM,2004,2004-04-30,0.32467774620945355,0.43180991390700796,0.32468037487608625,0.333609202613641,0.4058091601573763,0.3467172275857073,0.2368625691339598,0.16422177888519054,0.19088755682801364,,22.648665391718623
3352,Ho Chi Minh City,VNM,2004,2004-04-30,0.12317488123146449,0.2620909296145617,0.09803845066006062,0.12426122922002218,0.26559524906591625,0.21127631733970026,0.1308018547784616,0.36715147073382176,0.38827440344920716,27.520046278020864,24.690835357490432
3356,Kien Giang,VNM,2004,2004-04-30,0.14966295196748217,0.2669392223774595,0.13161715064184756,0.1510484487222728,0.2858785496326221,0.23814168120240062,0.14566761276495754,0.2885760623116591,0.30153993433076004,30.838758173193757,22.817060150286757
3359,Lam Dong,VNM,2004,2004-04-30,0.06364191028336284,0.27257265591567975,0.04371480621545996,0.07156404694327219,0.2777724585653734,0.1828830614166392,0.09049136185092722,0.6464794347007938,0.5534385765909886,28.8193230179505,17.807067444825872
3362,Long An,VNM,2004,2004-04-30,0.1371420132244878,0.2846027180699453,0.11352476453746192,0.13827201936745412,0.30407205151535754,0.2495619243482628,0.15020465601315489,0.3656708001138864,0.44476691424848863,37.42580963818086,24.044471977198757
3375,Quang Ninh,VNM,2004,2004-04-30,0.3526203072993566,0.44839126036281796,0.34799536667198677,0.3582406588542552,0.4476694930943714,0.37404372910697975,0.24886122115706275,0.16104136180030937,0.19737434768056755,27.671635823475416,19.362420418880706
3378,Son La,VNM,2004,2004-04-30,0.0832041478906089,0.28072799123285636,0.061444027626857606,0.09065176938535538,0.2987595892003343,0.22875901647933378,0.12812398801739375,0.584980113388666,0.8171540667759498,32.7126457438409,19.893382968161568
3379,Tay Ninh,VNM,2004,2004-04-30,0.11924114109723206,0.3021093378749645,0.0852000836246029,0.1164947393881849,0.3348477346942435,0.284137713319288,0.17673371839895616,0.4489812686142052,0.9315637451391285,37.9256735006186,23.40377845494341
3380,Thai Binh,VNM,2004,2004-04-30,0.33258537965159546,0.4919981743462685,0.33293939603120193,0.344150629471112,0.4536033958155557,0.37889372755655976,0.25234353628922634,0.21784500489197786,0.27560211202956997,25.90299555858185,23.59579537457951
3382,Thanh Hoa,VNM,2004,2004-04-30,0.11310937683431087,0.30926872662841665,0.10117143784088738,0.1245747095549402,0.30731848534366324,0.23109643590330836,0.13021420918978707,0.5373940958393922,0.535206726050791,30.93204073755981,21.38882451939185
3384,Tien Giang,VNM,2004,2004-04-30,0.13797659386265518,0.29898703435359725,0.11025267203134224,0.13885701968611247,0.29969906961184856,0.2299507266998889,0.13516763463488474,0.37605222160287266,0.37685590725873364,23.58257098694179,24.068258067764205
3333,Binh Dinh,VNM,2004,2004-05-08,0.07262125887304755,0.305779135195282,0.04451489483792581,0.08108198250737034,0.3145117099356455,0.22307709789694466,0.11517452553691959,0.6276283244092538,0.4258404289749193,33.285807789237225,19.766122188427936
3338,Cao Bang,VNM,2004,2004-05-08,0.1993816397686744,0.37468330137337374,0.18512551336131117,0.20802517493648462,0.3912712506928642,0.31747854297214145,0.20119717552969513,0.36328547977189657,0.508433535929463,32.32614403455095,19.106371482435264
3355,Khanh Hoa,VNM,2004,2004-05-08,0.09091569972371301,0.3075123966211362,0.06468772006538492,0.09731766432622808,0.3249936264970305,0.2405112378061052,0.13306898830995956,0.567348945677362,-0.7680700907206349,32.231317637954255,19.905044745151443
3360,Lang Son,VNM,2004,2004-05-08,0.2943207288135259,0.4183525209619726,0.29207404930413877,0.30410271028537605,0.4209108335711744,0.3549771574340559,0.23662498835083245,0.21973270943213932,0.27449141988435116,31.127092770222117,19.94523113044139
3370,Phu Yen,VNM,2004,2004-05-08,0.09710067185092092,0.3017502936934322,0.0654392650496808,0.10045311069406514,0.3254825724127647,0.2528954164309712,0.14594215064290128,0.53204769165484,0.7927428482369729,32.78816092655707,22.697230754408
3371,Quang Binh,VNM,2004,2004-05-08,0.07430430544824207,0.30871670096715803,0.05914112670299746,0.08984326225549925,0.3109731295292598,0.21488818746511282,0.10631848945011989,0.6339415211131313,0.6302640888562547,31.66818060390132,23.94832913617254
3374,Quang Ngai,VNM,2004,2004-05-08,0.07276562632780947,0.303522549386745,0.042159561122800344,0.07968453493652641,0.31765108599510167,0.2339937686349996,0.12443009654360035,0.6234303284367554,1.0354733009971524,31.71303773745515,20.961377677801494
3376,Quang Tri,VNM,2004,2004-05-08,0.10352668702132134,0.3206257919462033,0.08943384096461146,0.11701628631307703,0.31885236451965004,0.22577236852612115,0.11865725371861496,0.5341382434081127,0.5831551885403872,30.6588538573611,22.853706358949907
3383,Thua Thien - Hue,VNM,2004,2004-05-08,0.08452413344699522,0.30316861397747913,0.0652994456214016,0.09630060175822298,0.3054336652989044,0.2155757976820156,0.10944419047814724,0.5863126931317395,0.600174383157153,31.06929487154047,21.509903416897846
3327,Ba Ria-Vung Tau,VNM,2004,2004-05-08,0.15800416658963484,0.2901671101116956,0.13534254673736096,0.15697790434275816,0.309384032865271,0.23859084888650525,0.14580676412931884,0.27917884371366924,0.3741168330084958,37.71027354593654,23.79213056799436
3336,Binh Thuan,VNM,2004,2004-05-08,0.13374977880944589,0.3137902205670961,0.08499173981611713,0.1214999740264349,0.3594187468729081,0.3060490899803513,0.19510196474744468,0.42494872500536224,0.48756865044788616,33.20927333034255,23.328910052910004
3342,Dong Nai,VNM,2004,2004-05-08,0.1219541525780311,0.3114871803372899,0.09839343542322188,0.12695918249103763,0.32377133223760557,0.24019068844202923,0.131425669180722,0.4338109422602799,0.2610251255128473,30.109823989878635,
3344,Gia Lai,VNM,2004,2004-05-08,0.10516806611884866,0.3073896585506074,0.07459755446326782,0.10653173196696918,0.32869169627089334,0.25030906955067683,0.14611725945768592,0.5195280841506315,-1.8262357428146114E10,35.18613784938743,19.055532706393933
3345,Ha Giang,VNM,2004,2004-05-08,0.15613614796584618,0.321238723825647,0.13969805044002134,0.16380179854868784,0.33227360474166134,0.26143984774817314,0.1586130466008364,0.44365438689723213,0.4929625499662188,30.40779184752625,18.04781426481289
3347,Ha Noi City,VNM,2004,2004-05-08,0.1719967184962027,0.3365987852483118,0.16692775022739229,0.18463216100869312,0.3114654613794743,0.24184210979271709,0.1472880416424749,0.34158169756982915,0.34189340963855197,31.460624126300072,22.481366266235
3348,Ha Tay,VNM,2004,2004-05-08,0.15532005361473436,0.36915346937632937,0.14683131884258974,0.17029276275192232,0.3332677695752037,0.24810506561259504,0.14531391673661495,0.42517675809594585,0.46371369366549,29.92525509982212,22.070724218490636
3349,Ha Tinh,VNM,2004,2004-05-08,0.059418726481154774,0.333552718769258,0.03535408230654189,0.0780681989859493,0.33233775304950086,0.23046052823002322,0.1059661963650687,0.6969647645682584,0.7951271321456163,31.509120471763776,23.383029174777633
3353,Hoa Binh,VNM,2004,2004-05-08,0.07160432510454205,0.27389239901980555,0.05819527119812809,0.0851060053016149,0.2727345026757013,0.19054227759307277,0.09349847380612722,0.6098352767801853,0.5311517364742738,30.827223869272462,21.070190622320375
3357,Kon Tum,VNM,2004,2004-05-08,0.09561048563844074,0.3441090295778502,0.07923436536779185,0.10793442159866727,0.34162311340683327,0.226948039100705,0.11481149135441894,0.6051143144470441,0.48528810918046605,29.60394626794959,16.910641793734904
3366,Nghe An,VNM,2004,2004-05-08,0.06252630600756526,0.3470247819800007,0.039136994828438146,0.07921444442675564,0.3535204484383704,0.24619589169507808,0.11699642598382526,0.701255144677416,0.9124343617050557,32.221308378847155,21.70420275270735
3367,Ninh Binh,VNM,2004,2004-05-08,0.057019178671282256,0.36866234341477017,0.03135902487960676,0.07694853710439181,0.3332858514077305,0.21978542305141435,0.09535562221862408,0.7197522815344516,0.7882031727147342,30.437146285868117,22.49192817628796
3368,Ninh Thuan,VNM,2004,2004-05-08,0.10826851091928066,0.2959137845200866,0.06404580299960025,0.10142098242916911,0.3391004926030462,0.28994923368547026,0.18492026213554763,0.4838187243340854,2.1327022522798715E11,37.185026993728485,19.27815191399278
3377,Soc Trang,VNM,2004,2004-05-08,0.1673896875775957,0.2687371406620975,0.13278880169519794,0.1603949898227085,0.2797655033884929,0.23590513989239212,0.1539017114892581,0.24376233264123753,0.30529971302824377,33.9122258284799,
3386,Tra Vinh,VNM,2004,2004-05-08,0.14583545519734212,0.26250538965145626,0.10882541879626279,0.13970004211801051,0.2765024711940611,0.23245519511756138,0.1510719387853319,0.2847957280893261,0.39772798991808744,32.52390384243207,
3387,Tuyen Quang,VNM,2004,2004-05-08,0.22694176510256872,0.37324902310486535,0.2244814438511482,0.23755430883681636,0.3716468200030152,0.29912850044529327,0.1905015913652477,0.29768312979138833,0.3096301307235619,30.420406621681355,19.483830792935294
3388,Vinh Long,VNM,2004,2004-05-08,0.110964199003002,0.3398148089944474,0.0935977394637695,0.12570598713554765,0.3073563814224209,0.20063733396176653,0.10426429006710909,0.5150758203465573,0.4868911806987098,32.77106427835451,
3390,Yen Bai,VNM,2004,2004-05-08,0.1668834776355278,0.3396801533829186,0.15862475597035877,0.1794513669633215,0.34363644221150014,0.26227822136756707,0.15289401374817918,0.438567730615214,0.4337831241865593,29.500010415136405,18.87389548368428
3328,Bac Kan,VNM,2004,2004-05-08,0.2405083386328111,0.3989932150409482,0.23456902743925426,0.2503547243829135,0.4033217915384494,0.32633371865873484,0.20997242833915056,0.2988787895594047,0.37050352384721635,30.857987223191227,19.04653033298219
3329,Bac Giang,VNM,2004,2004-05-08,0.23738868668243615,0.3894235004685543,0.23814520017131677,0.24981367452803185,0.3780971840992646,0.30234052233014735,0.19074244007697605,0.2855889486280575,0.3095999056094332,30.97884290337621,21.385543484225046
3330,Bac Lieu,VNM,2004,2004-05-08,0.14417510364192487,0.18980439426231185,0.1090999952301789,0.13445861503625076,0.2023677910995872,0.18535465534530535,0.1314978373483641,0.12895675284255081,0.40641328462987947,36.10702105750529,26.507272727272785
3331,Bac Ninh,VNM,2004,2004-05-08,0.2297432756175045,0.420652282763362,0.23130654247679197,0.24575986998617164,0.37948253994961273,0.2967215035383858,0.18417010807371598,0.3100210103076637,0.35430337194934675,29.465409514127465,22.11653351675717
3334,Binh Duong,VNM,2004,2004-05-08,0.11974146192110278,0.3531503653685224,0.09765227251521216,0.1299944647476234,0.36041496877418205,0.25809619010587054,0.13042313836250619,0.4913440163871901,0.5458099416488872,32.26655717337506,
3335,Binh Phuoc,VNM,2004,2004-05-08,0.1291103531862541,0.33215000545899054,0.1103668049703313,0.13616662723060804,0.3405331527727797,0.2526198365410482,0.1411468571269221,0.44837104877102807,0.5261991813734095,32.232472690390196,
3339,Ca Mau,VNM,2004,2004-05-08,0.11405515654994895,0.1905575211131707,0.08838559604477954,0.11127344279488353,0.19623200450066638,0.16005255415561742,0.10273398415377552,0.2530763940248104,0.21146756869222988,33.57952605506874,28.8134102503106
3340,Da Nang City,VNM,2004,2004-05-08,0.08997657984217364,0.3009513247260591,0.06623789559573218,0.09858705956597096,0.30702562359835023,0.2197290330511238,0.11685152353417724,0.5475172096603451,0.5781435975017317,32.25907205437345,21.6335725397056
3346,Ha Nam,VNM,2004,2004-05-08,0.06340530375350026,0.4001102406871559,0.04160272680705858,0.08465662360643389,0.34745487025838256,0.22554487277722648,0.09911927010682793,0.719845640804727,0.8213522295142643,30.166566329306892,22.02660669645636
3350,Hai Duong,VNM,2004,2004-05-08,0.2294147839094625,0.4041829964496046,0.22788387707277372,0.24246313912204875,0.37274251131076885,0.2966751126426199,0.19108886300304823,0.310717965979518,0.33659847506582313,28.891344329425994,22.207440317935024
3354,Hung Yen,VNM,2004,2004-05-08,0.16951021035450872,0.4194733990525329,0.16453453854566727,0.1864583073178456,0.37457197097664013,0.2766649695429635,0.16083648958446944,0.4477229422760069,0.539216109157583,27.79946360296974,22.572655044395873
3364,Nam Dinh,VNM,2004,2004-05-08,0.05624575962984719,0.41429348551963724,0.028820948528569087,0.07753891047825197,0.3572711664636383,0.22974682821470485,0.09884628789642201,0.7428460086481949,0.8969078133745716,30.499933160592448,22.569664674282567
3369,Phu Tho,VNM,2004,2004-05-08,0.21631875092154731,0.35846816621373023,0.21298625328701193,0.227394089516842,0.3527127015855633,0.2872672039708417,0.18348831868422374,0.3125600722596699,0.3064344290529741,30.354711780582146,20.79270266387037
3372,Quang Nam,VNM,2004,2004-05-08,0.080719939487588,0.33598442796166367,0.06030313406754912,0.09389753697980752,0.3378911970405503,0.2289655227467047,0.11251416974367466,0.6260667286804157,6.11786499159611E10,30.38750713613461,20.272869355032892
3381,Thai Nguyen,VNM,2004,2004-05-08,0.29288921648419114,0.41541803042361275,0.29527570711948636,0.3048854105071434,0.40185135687381807,0.32586255118900376,0.20786640845482007,0.21138715700096122,0.21498813560089328,31.410137531199013,19.590996402546352
3389,Vinh Phuc,VNM,2004,2004-05-08,0.17632911724740272,0.3559648319706596,0.17068457631550651,0.18893677583639185,0.3337689562822705,0.2561500259185611,0.15546032563197468,0.3747943631997815,0.38553419159818103,30.89132884599765,21.378831438675928
73933,Can Tho city,VNM,2004,2004-05-08,0.15627306095403964,0.3950835023363321,0.1465035441037903,0.17424459509535414,0.3563830699907966,0.23498035937646466,0.12758646628297138,0.43188732754835013,0.4557478627174808,25.919009297316055,
73934,Dak Lak,VNM,2004,2004-05-08,0.12319776238205726,0.32747028117767973,0.09461145031809301,0.1267748086927916,0.34539683457002335,0.26263018421034623,0.15257895264441082,0.4853821387071597,0.6070154630609325,35.877881434100075,11.70477292704368
73935,Dak Nong,VNM,2004,2004-05-08,0.12617515515537545,0.34990632034993857,0.1097323371654244,0.1360147595511079,0.35030134408164715,0.24331769341951504,0.13227147797408328,0.49464838116169696,0.33263243150907784,30.76339430014015,
73936,Dien Bien,VNM,2004,2004-05-08,0.07449659568231774,0.31664238550642343,0.05383280309905233,0.08795029271167207,0.3253445969947539,0.22871219782109345,0.1146968452444713,0.6401006409135661,0.7063502785573419,31.226229322550207,19.685490114987978
73937,Hau Giang,VNM,2004,2004-05-08,0.1199198791509548,0.3426762548283616,0.10458113152385307,0.1345002064887439,0.31565405358368487,0.21771478775312073,0.12206171767618326,0.4963687706808349,0.49984786305760887,30.565264986488636,
73938,Lai Chau,VNM,2004,2004-05-08,0.06536886711974528,0.28114558814875085,0.04549056272842151,0.07784220548300869,0.28587963386401666,0.19566535990400213,0.09430554663739259,0.6620068776815969,0.5857200235511731,29.516824160839157,18.442632469668933
73939,Lao Cai,VNM,2004,2004-05-08,0.039390022318328444,0.22123034201598885,0.026459635339762925,0.052354817967459395,0.22028459029216693,0.14283039813064471,0.05969263170648053,0.709821476122823,0.45520106689466533,29.988448591323877,17.568273240772054
3326,An Giang,VNM,2004,2004-05-08,0.1097825634369954,0.4013490501563479,0.09722007769768821,0.12960466626175432,0.3581831583931094,0.2430792570477681,0.1208211743042417,0.5643604656356396,0.6443792083306173,27.201363160220417,
3332,Ben Tre,VNM,2004,2004-05-08,0.14270012186615647,0.26421985700253925,0.12226788994755391,0.1457286083951597,0.26093222213403544,0.19664433332871445,0.1200039741721014,0.28629538470422233,0.25838142437810485,32.97554754845345,
3343,Dong Thap,VNM,2004,2004-05-08,0.11259337808217465,0.37274752003296757,0.09727513619356427,0.13049277115570293,0.337293321371467,0.2198632248187149,0.10333722458745159,0.526727178423537,0.5338307732457095,25.29458403333777,
3351,Hai Phong City,VNM,2004,2004-05-08,0.11225958230546242,0.27992669526595976,0.09805957237887923,0.12214296004013588,0.2463042062556265,0.1759740729040494,0.10104487540125541,0.4356667266184769,0.3635078749858239,29.384531243718108,22.158397604220674
3352,Ho Chi Minh City,VNM,2004,2004-05-08,0.11957426791715488,0.2644128928465297,0.09674121315140952,0.12440738149518073,0.2583287472117144,0.18824175334774695,0.10326738090753934,0.3699708239463196,0.31318387331115416,30.234590497438344,
3356,Kien Giang,VNM,2004,2004-05-08,0.13045595139625638,0.2631085158029825,0.10774209097849644,0.1311802014104922,0.27499763864458787,0.21755863587968255,0.1313359199084572,0.34397586226388416,0.35728220867296734,36.12705118083436,25.63648822800497
3359,Lam Dong,VNM,2004,2004-05-08,0.11720009885097418,0.35251238613456654,0.10004657588331246,0.12885590211135797,0.35384053828653367,0.24059002072061186,0.1260989806882424,0.5429800407765482,0.5924878797636507,29.243945837691633,16.067446426499856
3362,Long An,VNM,2004,2004-05-08,0.12745728690089506,0.29917640624084063,0.10294333524552383,0.1321851076067118,0.30571055663998803,0.22748367493956576,0.12001920147431239,0.39547853658898247,0.3805023653288306,33.190531359525515,
3375,Quang Ninh,VNM,2004,2004-05-08,0.1738641950633855,0.3175284370933604,0.16797363734481469,0.1853385069005921,0.32366398145883,0.2592964498187924,0.16110440263444498,0.3562970803177249,0.3734268194863165,28.80139715499673,20.751921890531435
3378,Son La,VNM,2004,2004-05-08,0.07064354917609783,0.31784702641304396,0.04394921561829902,0.08194671021574958,0.33314427717330214,0.2438404959428261,0.1289635689158199,0.6447020628058001,0.7866846872519082,32.38380074796178,20.552518360000242
3379,Tay Ninh,VNM,2004,2004-05-08,0.12443862742189159,0.3514191053140678,0.09527838663620528,0.1308121188499558,0.36323524320089895,0.27733401026614934,0.14995134156603104,0.48024035412333604,0.6714852324552173,32.85111187555388,
3380,Thai Binh,VNM,2004,2004-05-08,0.06432674226726787,0.39715574001237713,0.041536219434729967,0.08497739552959446,0.3388670892440252,0.2156456289788771,0.09488526802038336,0.7138154905882584,0.789651992565411,30.90527386434647,21.68884628337262
3382,Thanh Hoa,VNM,2004,2004-05-08,0.0646323971470341,0.34045643879057363,0.04142042641035832,0.08069004787587274,0.337312139028773,0.23570943706859832,0.11110707265389799,0.6840739624923747,0.797852024197352,31.38660843430704,21.97100271876266
3384,Tien Giang,VNM,2004,2004-05-08,0.14781972708346194,0.29005353434917464,0.12572259729471721,0.15085109214059164,0.28886960662352806,0.20969146648310832,0.11448874785194499,0.3221634962607221,0.28026582186106125,34.03424621255934,
3333,Binh Dinh,VNM,2004,2004-05-16,0.08857408559447268,0.33140124078819216,0.06188680847221938,0.09809088030891747,0.33370234544878996,0.2354700662752702,0.12520530538970176,0.5897515811147057,0.5377699549901525,32.83590330794526,18.981990465157647
3338,Cao Bang,VNM,2004,2004-05-16,0.04962234650697425,0.28498938767868404,0.032231218643428476,0.06519621893198083,0.2907932666263132,0.19423358866405588,0.08787374813279847,0.7154033911053486,0.6507426635891217,31.167270317016165,17.457431341201282
3355,Khanh Hoa,VNM,2004,2004-05-16,0.0683074561871607,0.3114885197746032,0.04389516651511658,0.07988266682766991,0.31433726074943996,0.21380428520055095,0.10341872052217017,0.6411620157313637,0.6757238813950943,33.60604726123085,20.49042942015694
3360,Lang Son,VNM,2004,2004-05-16,0.06733950451565672,0.29294193866904816,0.05262891478293196,0.08313070408814896,0.29588455164093214,0.20123308898004238,0.09550370864383126,0.6597761443542085,0.5901824565009329,31.883377476947985,16.736003264173714
3370,Phu Yen,VNM,2004,2004-05-16,0.0871709624099148,0.32150782720356996,0.05510078959954366,0.0947622127322593,0.33533975184821607,0.24836100120800206,0.13619359939888104,0.5769721657062163,0.7263784663686038,35.386437434587954,19.643050059569934
3371,Quang Binh,VNM,2004,2004-05-16,0.12142905911186959,0.3002179825434693,0.11159306890283986,0.13355721948243118,0.29535035919342373,0.20743736882305522,0.1122165229558763,0.47845890494232535,0.31108567048801467,27.78171761560663,21.18195098230793
3374,Quang Ngai,VNM,2004,2004-05-16,0.07427597800754895,0.27513605326545554,0.05226595576154649,0.08145948567856466,0.27739919064593704,0.1945459290619599,0.09968919477801697,0.5967656738950929,0.5410161216585481,32.41884040940463,18.02836526956563
3376,Quang Tri,VNM,2004,2004-05-16,0.08825162044994896,0.2989404579777577,0.06968902087029157,0.10001259784589951,0.29555425794244844,0.20643444058746468,0.10707575902460957,0.5772313570759973,0.5411773986043724,27.857222248217422,20.556170553335612
3383,Thua Thien - Hue,VNM,2004,2004-05-16,0.08620900660787571,0.2769788240812594,0.06845085732260746,0.09645417905348,0.27326782615252576,0.19101240875672443,0.09819469263957738,0.5530489129198127,0.47820733895838047,27.5780824025865,20.253260851101416
3327,Ba Ria-Vung Tau,VNM,2004,2004-05-16,0.11832430376827735,0.2873752467376526,0.084790014945836,0.11654417769197825,0.30075434334165824,0.2418589066868028,0.14799634104334813,0.40799271138001275,0.5870579002741269,33.8525618327051,23.430450763425828
3336,Binh Thuan,VNM,2004,2004-05-16,0.11218780214882597,0.32289959656720163,0.06436512135180064,0.10606478929215091,0.3531789794891892,0.28845284601322263,0.17609374490352744,0.5073527933227522,1.0472130492967875,32.50454549149717,21.47925604627018
3342,Dong Nai,VNM,2004,2004-05-16,0.12674734504695243,0.3301290068972739,0.10212126221495749,0.1325835551678856,0.33310744651925694,0.24759028849137174,0.13990747947873922,0.460578790694921,0.5556006374978653,33.054023674906325,21.509593129261546
3344,Gia Lai,VNM,2004,2004-05-16,0.11323880009317361,0.3064054398407988,0.08773067797140133,0.1165856833739388,0.3207604827789381,0.24180808578931257,0.14318142892774732,0.48752505804305357,0.4004890550553555,34.5045864455638,17.674212479725036
3345,Ha Giang,VNM,2004,2004-05-16,0.07259677263206897,0.2840703269457516,0.056135176929046265,0.08589590114480272,0.28831734817901006,0.19383963912924906,0.09323878278514422,0.6277280940584906,0.5618895143426484,29.190394792902996,17.61045049221945
3347,Ha Noi City,VNM,2004,2004-05-16,0.08194248693654795,0.2868864836233222,0.05481995396338803,0.08916876256289394,0.2582689763952216,0.17804935013183376,0.09724994766786671,0.5551714762271397,0.5033359507246901,31.196996177229398,20.750949038572635
3348,Ha Tay,VNM,2004,2004-05-16,0.07578063019541997,0.3089150015046213,0.05007274062925689,0.0876132995743839,0.2724484246761162,0.18000593220024988,0.09130053104274127,0.615058111686683,0.5566812186954513,29.56148123031829,22.11808127441088
3349,Ha Tinh,VNM,2004,2004-05-16,0.09835276466458313,0.2799305306722173,0.08338251571833818,0.11023260230659096,0.27238863724076073,0.1925989201245372,0.10027632309135305,0.5372555125157995,0.4248664561567273,25.525353753765184,13.349304623823933
3353,Hoa Binh,VNM,2004,2004-05-16,0.22987975666435742,0.41924189453534616,0.22022647128233466,0.2424677782847836,0.41002114226587183,0.3075144749288608,0.1821104366226952,0.3483838706478947,0.4128764369100873,28.16069035213854,18.13774734013857
3357,Kon Tum,VNM,2004,2004-05-16,0.109481477707967,0.3255055215147738,0.0974933726503877,0.12065374457815417,0.3210829340710356,0.21406445538402294,0.11283384587373943,0.54202399310979,0.5359645977180642,27.116980665431655,16.019568943346865
3366,Nghe An,VNM,2004,2004-05-16,0.14451516813914667,0.3619884517821041,0.12952041092203612,0.1574425525332704,0.3584332095179638,0.2634329166775074,0.14734240221272027,0.48725701929730164,0.5307466235687801,27.32477899756268,17.464984756004824
3367,Ninh Binh,VNM,2004,2004-05-16,0.14725320205584114,0.35985195360716343,0.13203610905985366,0.1606805232599157,0.3332707602971822,0.24230597024553113,0.14036746393575844,0.4593192331747398,0.4803595268470204,26.440535855059274,19.940249570730664
3368,Ninh Thuan,VNM,2004,2004-05-16,0.08610316314055129,0.31844038689577003,0.04514918858193457,0.08855512175223589,0.34370732764283185,0.2686045532435888,0.15383769080003015,0.5790882855555172,0.8779373468805304,35.58286992121461,21.694509170758753
3377,Soc Trang,VNM,2004,2004-05-16,0.10256222263063265,0.23760032289063904,0.05583345272614894,0.09457973716488875,0.24000493991854704,0.19611649542238055,0.11730598120028667,0.3759792434014072,0.4353785988358338,33.28732046198384,24.921480662976684
3386,Tra Vinh,VNM,2004,2004-05-16,0.09389995523090733,0.22337999501425357,0.054311306141489955,0.08937664541381933,0.22436734738207617,0.1730471250930551,0.09542510656711696,0.3797470324553941,0.3209247518594083,33.05799231015348,25.012166934749054
3387,Tuyen Quang,VNM,2004,2004-05-16,0.06153378117222546,0.30153417532137244,0.049602665889065846,0.07751927195906128,0.2968585075555004,0.19501059290078976,0.08815063878680822,0.6847862701545254,0.6088072364233517,30.71616967537442,18.315134882025664
3388,Vinh Long,VNM,2004,2004-05-16,0.08870748332321883,0.36689382264025433,0.0657400573496769,0.10555859808972444,0.32344795093207424,0.2040187900837405,0.0944697970920991,0.6004648357686753,0.5975314285261574,31.13211591879087,24.274096886427884
3390,Yen Bai,VNM,2004,2004-05-16,0.11480229942810498,0.3110304703267429,0.10431455908890648,0.12920600273711066,0.30545083031651077,0.20682002802104435,0.10504352325641152,0.5425067433537926,0.45829716550662875,29.906727373972647,17.80015540368244
3328,Bac Kan,VNM,2004,2004-05-16,0.06008948246957595,0.2964654059758823,0.05067153011715574,0.07710643598265125,0.2952147910105767,0.193358588430842,0.08835103362557999,0.6910912876501789,0.60897206288101,30.891850892179722,17.104463256547945
3329,Bac Giang,VNM,2004,2004-05-16,0.07632699344490715,0.30993459175087323,0.056393284373392284,0.0891901945054854,0.2996277641146867,0.20350996292410534,0.10036900798351367,0.6213788698882818,0.5957101591584768,32.200443379704424,19.119277357959124
3330,Bac Lieu,VNM,2004,2004-05-16,0.09662671754229213,0.15560841736599376,0.052140309942230116,0.08501674403143812,0.16051763343666714,0.14468831160907938,0.09625856608087825,0.20257781175030976,0.21598428230445013,32.98344783531392,25.591414754996855
3331,Bac Ninh,VNM,2004,2004-05-16,0.10322132335981217,0.338989940085332,0.08523893071760547,0.11556843509838531,0.287592090862595,0.19151526403348149,0.10655236989981534,0.5506729033664021,0.5251595563679008,29.38554989007658,23.170269963765143
3334,Binh Duong,VNM,2004,2004-05-16,0.1296075402114684,0.3868281131714674,0.10584687481041578,0.13994848621384373,0.3895751419202238,0.2876963959837675,0.15703610781857077,0.5144036206717064,0.71523730680253,34.21441821218279,27.411324731182816
3335,Binh Phuoc,VNM,2004,2004-05-16,0.13510061874565693,0.34960968366574807,0.11912957379784654,0.14380076521584306,0.34741455017158857,0.2506967438754211,0.1359660057103672,0.4638456706843802,0.506603646015159,33.32067767862458,
3339,Ca Mau,VNM,2004,2004-05-16,0.07504305087745297,0.168569482060209,0.044890319470873935,0.07289917566660088,0.16597030661715248,0.12680567167682424,0.07162703215945318,0.33754289758042444,0.23025552321650875,32.97640518501545,25.697717020923786
3340,Da Nang City,VNM,2004,2004-05-16,0.08652502572213099,0.27875581794441706,0.06526113262553528,0.09468408828474255,0.2777803558413681,0.1954163684706193,0.10481297092310261,0.5425808441483921,0.4941145776589912,29.59511799164176,20.04302889434152
3346,Ha Nam,VNM,2004,2004-05-16,0.08111637438907464,0.3314439066207474,0.062345793319349294,0.09694807551874383,0.28691160488443956,0.18588849174179115,0.093766377034919,0.6246236889298966,0.5747063398075164,27.540445063048324,20.451645288987486
3350,Hai Duong,VNM,2004,2004-05-16,0.12549792321753805,0.3413021995061531,0.1070570041960234,0.1374060983223019,0.3041352097163476,0.21235589355484555,0.12107063861730971,0.49780003182839466,0.48048170025162334,28.569763390011772,21.46689010727652
3354,Hung Yen,VNM,2004,2004-05-16,0.12977074729060603,0.3814192973508887,0.11494910662960135,0.14423462265995718,0.3305515984171576,0.2289824215874993,0.13010795037256906,0.5181872934749938,0.597196534863072,28.835763695840267,20.131882666300598
3364,Nam Dinh,VNM,2004,2004-05-16,0.13001340947571516,0.37967623278939416,0.11185666802149924,0.1435298377272843,0.32966959525162554,0.22605037265774505,0.1265391503899675,0.5298165861031707,0.5411102485133371,27.71641613202572,19.630685263590546
3369,Phu Tho,VNM,2004,2004-05-16,0.08302927859574366,0.29688725948109435,0.062435514569897065,0.09419447972519608,0.28848739622385117,0.1995718957862698,0.09952834048998419,0.6101961059620522,0.5355455790041149,30.204498874807545,20.25516436733892
3372,Quang Nam,VNM,2004,2004-05-16,0.08211035014174507,0.29655011853230173,0.06815686362620449,0.09400282416983873,0.28994455590523593,0.19027001330527976,0.09373424289630906,0.5904098879437759,0.5192962289555916,30.01930882829293,19.933889747902406
3381,Thai Nguyen,VNM,2004,2004-05-16,0.056983177385770946,0.29451924132268353,0.04425785527966662,0.07251264955684894,0.2871378554650485,0.18874972374353485,0.08552954606604549,0.7009594642686913,0.6093670661794168,31.82253254665159,17.84251974739389
3389,Vinh Phuc,VNM,2004,2004-05-16,0.07898762594543482,0.2970581157370789,0.05221418795863831,0.08747190210622101,0.280756586838378,0.1923656375208547,0.09914796969076223,0.5980357477155873,0.5557625896209337,30.719347559306634,20.385621180316715
73933,Can Tho city,VNM,2004,2004-05-16,0.08482340534270802,0.3473807045227881,0.0610757092340246,0.10137145686049788,0.30469888004804846,0.200918988971297,0.09626874810586195,0.6074192566019071,0.5878492397387308,31.804651609104976,23.97197693707535
73934,Dak Lak,VNM,2004,2004-05-16,0.09144553686112272,0.314247702466461,0.06094466150352367,0.09663533759412835,0.3252931300456812,0.23788118081544204,0.13243922371959624,0.5590745145895704,0.7088055621959851,36.31624324087315,17.228523153879955
73935,Dak Nong,VNM,2004,2004-05-16,0.12525902673233394,0.35452063837908254,0.10826369284371104,0.1348649343504361,0.3482263673518442,0.23937336250440563,0.13095897224352757,0.5003774268765774,0.3837115872459467,33.784950399899465,18.1441306923002
73936,Dien Bien,VNM,2004,2004-05-16,0.2738589736515474,0.4569660902519588,0.25745721679808153,0.2827439341623468,0.44570807995165296,0.3310207865979108,0.19999401786559073,0.31513655062577317,0.4000570645474346,26.448252877630292,17.178064199882865
73937,Hau Giang,VNM,2004,2004-05-16,0.06882532258481389,0.3483203580095518,0.04415305186916826,0.08564123410768945,0.3092033294945756,0.19191232706208677,0.0825686096903245,0.6658041828102644,0.6150000685234983,31.6036775984107,24.435944373745194
73938,Lai Chau,VNM,2004,2004-05-16,0.20444808946490006,0.3950676531407499,0.18902937824674715,0.21671830481751167,0.3834185334446309,0.2688070530571234,0.14982204353813217,0.39607164214047974,0.39902580648983643,26.60255334160914,15.581342860261381
73939,Lao Cai,VNM,2004,2004-05-16,0.0862022511329208,0.309872673211488,0.0705451287803003,0.10174620174109689,0.30442567452366376,0.19826691233360474,0.09333646920223876,0.6190354940327119,0.54016320955046,28.78376830304912,17.431154647150226
3326,An Giang,VNM,2004,2004-05-16,0.07417755825968436,0.38186960030401096,0.057563079038465276,0.09549836534428846,0.3287330726931352,0.21853195438316694,0.10124993646521674,0.6793821929130749,0.738791276703167,30.955075008468892,24.105784915267144
3332,Ben Tre,VNM,2004,2004-05-16,0.08945294593165684,0.2471298562844437,0.05599104422330473,0.09100414924446748,0.23079173582004017,0.15883808670134494,0.0820816527604031,0.41935899141991817,0.3513783043346859,31.839009995069468,24.83180820726074
3343,Dong Thap,VNM,2004,2004-05-16,0.10148440792714346,0.3508690470333282,0.08347229331765946,0.11837050524396918,0.30921452006753897,0.2070658837319885,0.10212424443818409,0.5611110520730089,0.541205776122176,31.327511139670026,24.754745057599443
3351,Hai Phong City,VNM,2004,2004-05-16,0.1150733549035316,0.2941713241794128,0.08747170688945141,0.12172142558172343,0.26758287697789873,0.19483671699743482,0.1157854968765761,0.4574432209288466,0.4166654643311655,27.84506268382554,21.47125505630262
3352,Ho Chi Minh City,VNM,2004,2004-05-16,0.13888621128974263,0.29060944348939316,0.11979426943924057,0.14507413227801955,0.27639272842261214,0.21064086509445495,0.1282496288949885,0.36026753638306747,0.34616844281640224,32.80768025854554,24.429476930266453
3356,Kien Giang,VNM,2004,2004-05-16,0.09044530424329232,0.2483689712771018,0.062485486009876974,0.09271911784873957,0.25374174824331497,0.19793953321464056,0.11326184113936551,0.4503698704834956,0.4186081886734609,33.467274681781696,24.658669539468484
3359,Lam Dong,VNM,2004,2004-05-16,0.09383805289757916,0.3504267081463099,0.07391734834604838,0.10680427177844767,0.3464605938794645,0.2293120398142828,0.11421499658173152,0.606151636185965,0.6370363829521559,28.64845710119417,16.46553874799342
3362,Long An,VNM,2004,2004-05-16,0.11944111791714061,0.28683996033594855,0.09824489892125937,0.12669385498065788,0.2754565413176469,0.20599049294735253,0.11510491719615508,0.42656231446134246,0.38696048491514945,32.61087554698436,24.71636751697392
3375,Quang Ninh,VNM,2004,2004-05-16,0.08927919491279077,0.28428088653139805,0.07366497906395002,0.10273046862379001,0.28698342098218016,0.20567339970373083,0.105694581871826,0.5560587987904031,0.5026402621794694,30.83545497360543,18.233495592611003
3378,Son La,VNM,2004,2004-05-16,0.25193314467913785,0.43679428238050333,0.2359828578584216,0.260975074139816,0.43103613420308073,0.3357520539017741,0.2090243812424247,0.337909442591107,0.4214258116428513,27.366826355235343,16.954003270236054
3379,Tay Ninh,VNM,2004,2004-05-16,0.12818355538676088,0.3575303240898443,0.10305899019078318,0.13570064364596682,0.35843410359908584,0.2710728849538593,0.15203748290656627,0.4834056145313652,0.6766010892625752,32.86607069946957,25.236845223711747
3380,Thai Binh,VNM,2004,2004-05-16,0.129559104184442,0.36350796759706416,0.1108862408233873,0.14196053962702873,0.3154119198107016,0.2168819744015861,0.1256222903794406,0.5095862212374557,0.5078515675226317,27.620762257766035,19.245946384739433
3382,Thanh Hoa,VNM,2004,2004-05-16,0.232129609856381,0.4310918634702004,0.22039042883329113,0.24423892671388575,0.4186941235262938,0.3168143617924754,0.18749517732595153,0.3478044089639567,0.4269595641724898,27.39800004844991,18.199950040712785
3384,Tien Giang,VNM,2004,2004-05-16,0.13055449336465255,0.2823837271333182,0.10396480181606607,0.13287000242045632,0.2735596219584476,0.20421567832694118,0.11663008490897564,0.3701457931789259,0.3387758928770713,32.313788294567466,24.393284485335133
3333,Binh Dinh,VNM,2004,2004-05-24,0.06663829577921826,0.3272669519316818,0.03847679356679399,0.07737312789865644,0.32478890963981577,0.22213196165162516,0.11269212316319385,0.6693620424402603,0.6523543129608306,33.24069957761335,22.66838826798384
3338,Cao Bang,VNM,2004,2004-05-24,0.10580503914244968,0.36733824498489276,0.08679426052108558,0.1210929950919276,0.3837294652656913,0.2789301317811446,0.14439961060208106,0.5814746250581696,0.8021507497064042,31.032005057338576,20.40526541836015
3355,Khanh Hoa,VNM,2004,2004-05-24,0.06676495816463075,0.3135975312263502,0.042732866688906156,0.07830803392772334,0.31252651306736545,0.21162388993818734,0.10610780154214906,0.6566820059753845,0.7730983812939484,31.392867017914405,22.097609917422588
3360,Lang Son,VNM,2004,2004-05-24,0.08767830327246869,0.3546434124896408,0.06856002095762136,0.10451639796723743,0.3667354050537601,0.26112046034976405,0.12824916726416996,0.6231443391043556,0.7691420642359348,31.30867049017028,18.821323185194533
3370,Phu Yen,VNM,2004,2004-05-24,0.07075999754745224,0.31187279566046006,0.04034397802728965,0.07919528809608703,0.31979366291645456,0.2282790183106557,0.12091556513931861,0.6327054706059722,0.7275888465293636,35.49790958120421,22.054529711137736
3371,Quang Binh,VNM,2004,2004-05-24,0.18455019802735156,0.3517926964664014,0.18217987881476838,0.19760359258708585,0.3452777876893133,0.25166964469321,0.14783705643482364,0.35339661436470066,0.3414109247894691,29.894509915647312,20.6354641328351
3374,Quang Ngai,VNM,2004,2004-05-24,0.06564552993820867,0.3248126868523535,0.03871457630115728,0.07755821741165235,0.3219275152432064,0.22066307824900616,0.10663920767423128,0.66232916070629,0.8588865274034003,33.85428157295339,21.786124117084675
3376,Quang Tri,VNM,2004,2004-05-24,0.1120365192351092,0.3154293326377181,0.09831310927493443,0.12422143577395686,0.3089507185388727,0.21633153225216945,0.11772711247574968,0.5137162769895086,0.5471007927749428,29.827830545043735,21.580730670094006
3383,Thua Thien - Hue,VNM,2004,2004-05-24,0.05474929348678123,0.2322765779459553,0.04097734579996923,0.0648051473874125,0.22657286867193785,0.14852627311169353,0.07041925207172885,0.6515087411209521,0.6823770707674903,31.27237184218913,21.55518308826924
3327,Ba Ria-Vung Tau,VNM,2004,2004-05-24,0.07908762799074914,0.2771216895605863,0.04507409923606916,0.08111824219065497,0.2935829593778857,0.22119954263244954,0.12708739133500693,0.4985881059436883,0.6136979935615102,35.25674737939247,23.783917734705692
3336,Binh Thuan,VNM,2004,2004-05-24,0.09355559529957841,0.3248778758774053,0.04620707105672098,0.09016789107519087,0.3516485821357439,0.28379692303507453,0.17545976275966704,0.5725016253048402,2.494539671652536,35.00253420327916,22.620151064971413
3342,Dong Nai,VNM,2004,2004-05-24,0.06446378441832332,0.3117677250106429,0.03724698031483461,0.07507804001261788,0.3088535412998756,0.2087786357536601,0.10031278804440608,0.6389339149301244,0.7095859693919757,34.06979596320087,21.24272107333246
3344,Gia Lai,VNM,2004,2004-05-24,0.06994716221438757,0.32284846783163135,0.04246948739656303,0.07879574462549559,0.32829052778746093,0.22773674516855943,0.12007913644902321,0.6593602083636053,0.7628485160599611,34.40910551569905,20.77339039857612
3345,Ha Giang,VNM,2004,2004-05-24,0.12525999573083266,0.3439404848401966,0.1106101319454487,0.13817420027802962,0.35170410956787856,0.25439950335427347,0.13424803049716894,0.5165883680878185,0.6136323551278615,31.811196249767292,18.586533964020173
3347,Ha Noi City,VNM,2004,2004-05-24,0.10281822058997754,0.35054032560475695,0.0683406962866213,0.11357319302381841,0.3201712697077721,0.2280958683560472,0.11958977824686841,0.5414783488972092,0.5963080670011492,31.789768880245763,
3348,Ha Tay,VNM,2004,2004-05-24,0.1119768869204173,0.3461192708412657,0.08422978791634855,0.12489858804379905,0.3089784620590542,0.2149869808902825,0.11286576676191093,0.5214344071976439,0.512084038338575,32.07612708361551,
3349,Ha Tinh,VNM,2004,2004-05-24,0.14655084785167233,0.3331435809066793,0.1335548389078735,0.15927938074193174,0.329246522823237,0.24619811792118917,0.14181878055828992,0.4256763166253545,0.433974729516482,31.762066151878667,21.72784469672211
3353,Hoa Binh,VNM,2004,2004-05-24,0.09300013087429951,0.32701763974658354,0.08052399452981833,0.10865323440043774,0.3167628302875701,0.2192794365054828,0.11327382167068283,0.582692048705504,0.5864852601603386,32.38592434029844,21.068192741424355
3357,Kon Tum,VNM,2004,2004-05-24,0.06226356790607443,0.33750767239695156,0.04620667477947256,0.07728963861979021,0.3270843032630645,0.20196950172205233,0.09143398187966686,0.7113725328260851,0.7149569594319445,29.179831235344636,18.481930192483233
3366,Nghe An,VNM,2004,2004-05-24,0.10310456782730502,0.33940894108232084,0.08697028853345619,0.11719357738331958,0.3298436406623098,0.2314410059692705,0.12161842442603155,0.5716949684191194,0.5905260740354823,32.677670784974744,
3367,Ninh Binh,VNM,2004,2004-05-24,0.11959270759490934,0.36321668123638184,0.0961784187705397,0.13449035536439766,0.32995057809624395,0.23182755362517138,0.12491281447232912,0.5173827379296446,0.5539655335987518,32.53749560012704,
3368,Ninh Thuan,VNM,2004,2004-05-24,0.08212563591241781,0.31204168187605363,0.04428192112889301,0.08493243090808202,0.33004839574859696,0.25610828545334824,0.15127356739521697,0.6007980222482949,0.6878065886622975,34.59354480213012,22.388547702633367
3377,Soc Trang,VNM,2004,2004-05-24,0.09634852087914716,0.23104658218141377,0.0559119731098261,0.09255484523199763,0.23520402832209936,0.19070106211979207,0.1150027402675545,0.38131533475199525,0.39234617247835757,33.51514684844,23.845690655143525
3386,Tra Vinh,VNM,2004,2004-05-24,0.09813645786253468,0.22795863254580565,0.059440825649825224,0.09492068032772566,0.23422784925224413,0.18883906186729466,0.11315638943894106,0.3780311788722021,0.395372731995113,31.42668741190361,23.871160972852632
3387,Tuyen Quang,VNM,2004,2004-05-24,0.10165767798504351,0.3459720056468971,0.0925633869260566,0.11802611563812904,0.3430038787516294,0.23772433497533793,0.11693743705417681,0.5731443550520714,0.601145820053704,31.916832420115107,21.712528557191014
3388,Vinh Long,VNM,2004,2004-05-24,0.07439033590793936,0.36059630076384563,0.04826330762911358,0.09117386278126502,0.32437846136176945,0.20182691763373767,0.08931997002450835,0.6343095889646507,0.6345168550197742,30.74732747056552,22.95778576055195
3390,Yen Bai,VNM,2004,2004-05-24,0.16446507526396284,0.34507503948311985,0.16125651943843328,0.17844261515625548,0.3400684080420864,0.2502720634608635,0.14043429420333636,0.41594072914385566,0.4050991427239034,30.979677056111093,19.8164401563244
3328,Bac Kan,VNM,2004,2004-05-24,0.11122134718073624,0.3609919756409091,0.10549290150992853,0.12920640140994186,0.3629621259133562,0.2522920596960411,0.12548824414645332,0.5540144280759159,0.6004049940495495,30.509230065883926,19.861450122348174
3329,Bac Giang,VNM,2004,2004-05-24,0.08929292115333229,0.36347945794739445,0.06072663447276263,0.1017974400944817,0.3597664675437138,0.2563602593562076,0.13181005065988435,0.6161951700205256,0.7958236343236074,32.21411725756487,
3330,Bac Lieu,VNM,2004,2004-05-24,0.0985080640664613,0.1528897857795736,0.05992624910149919,0.09047919063902275,0.15922266046635297,0.142488983700668,0.09533307634098563,0.17492739778321334,0.18908593328718304,33.32284389804811,26.03718305451022
3331,Bac Ninh,VNM,2004,2004-05-24,0.08095458764512065,0.3914306148691335,0.047231135125016095,0.09946459418592617,0.3298951152329453,0.21322848648883555,0.10205642642485369,0.6503887079846055,0.7066263358083692,31.15579043399064,
3334,Binh Duong,VNM,2004,2004-05-24,0.07679541399267259,0.3583277286981311,0.05065828505095126,0.08962122479432627,0.3562922781419987,0.24645235326277243,0.11793080534145635,0.6510931353793391,0.7650275489304823,33.25591256967134,
3335,Binh Phuoc,VNM,2004,2004-05-24,0.060225266522878164,0.3095472165046569,0.036960266959181434,0.07030176101332132,0.3037800855209436,0.1977547050737254,0.09138809455997284,0.6849820112362689,0.6423309727531316,34.19405180646102,21.203487653116962
3339,Ca Mau,VNM,2004,2004-05-24,0.07259392603893958,0.15098021435909809,0.046150093692455166,0.07155880905609892,0.14776050436886848,0.11234021361395474,0.06416936967397206,0.31419503705648627,0.18558788809109747,31.662987430263204,25.572401712230807
3340,Da Nang City,VNM,2004,2004-05-24,0.06275125019721109,0.24688346059698588,0.04373758518792406,0.07098417800973153,0.24416623126978737,0.16433298530620138,0.08274362057267207,0.6206308596168173,0.4839543366053238,32.6099445193871,21.628273659182913
3346,Ha Nam,VNM,2004,2004-05-24,0.07593970269177601,0.3930909950279306,0.04812537100027735,0.09805450619021717,0.33648932200770876,0.21623204127940332,0.09879252136254625,0.6785391368827396,0.7228235954954433,32.798088986204334,
3350,Hai Duong,VNM,2004,2004-05-24,0.08187540426868296,0.3537299805272562,0.05068021341775355,0.09746629464737679,0.31237499796190266,0.20849436888125542,0.0999461954835711,0.6232760036582756,0.6406462248373774,32.060165113362,
3354,Hung Yen,VNM,2004,2004-05-24,0.07922148432241283,0.3816759232673301,0.05219578465562732,0.09895679326063724,0.3218167839451758,0.20569582042385282,0.0957721978690388,0.6575334021030013,0.669467941969727,31.462561869342743,
3364,Nam Dinh,VNM,2004,2004-05-24,0.07804279349160449,0.4057339919631672,0.045365133047322065,0.09749900348908816,0.3385273971971491,0.21466849949134692,0.10003231015899933,0.6684469206289876,0.7374131777078567,30.869374976850683,
3369,Phu Tho,VNM,2004,2004-05-24,0.11534959117414778,0.3217523968710262,0.10010664396369805,0.12684717620027466,0.3175525048190615,0.23004434495097908,0.12201578511675777,0.49890053873453427,0.49411093071951606,30.969953930038137,21.181513946399548
3372,Quang Nam,VNM,2004,2004-05-24,0.05204505631681471,0.29896391836944347,0.03587498702291735,0.06625175981840949,0.28751937388014054,0.1773528812051407,0.07694579294947852,0.7151952192107934,0.6066905145699599,31.977740208572843,19.55287270196765
3381,Thai Nguyen,VNM,2004,2004-05-24,0.09367002351507776,0.36391743619993183,0.08092394227850398,0.11049369655327661,0.371060865534073,0.2652716414286608,0.13284623641600593,0.6056311964330079,0.7672144739942616,31.783184167437295,20.095702240424025
3389,Vinh Phuc,VNM,2004,2004-05-24,0.11856780348263775,0.3455010804120878,0.0906716743390436,0.12806013751657347,0.33453116280479034,0.2439744238142506,0.1319947101764768,0.49812192097048136,0.5703644162272906,31.397650289256585,22.570391808840718
73933,Can Tho city,VNM,2004,2004-05-24,0.1001599315493077,0.3541145182553544,0.06967000705307999,0.1104910972774013,0.3216046880940699,0.21786888296846424,0.10995444466802479,0.5441313867303716,0.5680150248457464,30.40964828682976,22.203160101788473
73934,Dak Lak,VNM,2004,2004-05-24,0.07303374542492891,0.31586725674318517,0.045902860522593375,0.08180897646902072,0.32098871376171884,0.22370368910558283,0.11614146327948374,0.6355402783261365,0.6638272145478686,34.093188812268565,21.145600640268658
73935,Dak Nong,VNM,2004,2004-05-24,0.05567912700697645,0.32936408497558045,0.033330730910420374,0.06758469072584106,0.3228267711755825,0.2043798942017552,0.09419262143319251,0.7150912827690175,0.7395895792405555,32.48456751704101,19.673809330991265
73936,Dien Bien,VNM,2004,2004-05-24,0.20678108660648173,0.36760438772328724,0.2079749323288773,0.22025990214497648,0.3514303479917069,0.25870883470979544,0.15291916019409962,0.3463603748238972,0.3213742146565067,28.120196133962914,19.247079782883432
73937,Hau Giang,VNM,2004,2004-05-24,0.07837410246321835,0.3420808563969847,0.052269732426199686,0.09263956542591517,0.3121577770438486,0.1988957519607808,0.08998320094887198,0.6280590894081889,0.5825095903125375,31.23982715417335,22.661618457505437
73938,Lai Chau,VNM,2004,2004-05-24,0.28273348100826295,0.4135630370882778,0.2810843944263978,0.292675545162668,0.3957264196166054,0.30332114482243966,0.1880688080112695,0.25332680580294864,0.2468861065605036,28.182043165014516,18.322103019811202
73939,Lao Cai,VNM,2004,2004-05-24,0.16622859397362663,0.3606177373040617,0.15796990255038207,0.17983105601829713,0.35051256390127233,0.24813087353230343,0.13352821556813213,0.44345640646465373,0.42057385176177225,30.120627364144692,19.286070377771775
3326,An Giang,VNM,2004,2004-05-24,0.07246840104763154,0.4128586391550232,0.05050561936498883,0.09276512611342132,0.35200710212394387,0.2255820674093453,0.1058246955545746,0.6937156328782332,0.7540569772369253,29.99251301311358,23.00507400065674
3332,Ben Tre,VNM,2004,2004-05-24,0.08927681091134654,0.2530758173368259,0.05471440536076695,0.09212418955016648,0.2402386300597858,0.1696986588843667,0.09056182903177795,0.42833685067957483,0.3882371858625163,32.01619434745857,23.938195667731613
3343,Dong Thap,VNM,2004,2004-05-24,0.07071898590139385,0.35207699407159243,0.04371641124646236,0.08548077257502917,0.3118000508724249,0.19943643089257146,0.09107255394319436,0.6442160720027938,0.6431017897845163,30.811301457181774,23.812612198366008
3351,Hai Phong City,VNM,2004,2004-05-24,0.08505871621105049,0.2986775209162517,0.05139677090920818,0.0941150743219403,0.26572546765610455,0.18206567347174288,0.09013753999138881,0.5295220260991974,0.4890612894498588,31.390042983095885,
3352,Ho Chi Minh City,VNM,2004,2004-05-24,0.08694487747923155,0.26023480781485653,0.060876287716807025,0.09437017600815384,0.24790945480870952,0.17856469114882284,0.10000980575660585,0.48732570200099934,0.44530606568742886,34.12358626170672,25.136802459147113
3356,Kien Giang,VNM,2004,2004-05-24,0.08437159513289062,0.25133906649968485,0.056051408058133974,0.08719662132170299,0.25326063832132034,0.19039993205602465,0.10549887812015996,0.472377970435265,-0.2031330557678824,32.19339318719,24.133862314217968
3359,Lam Dong,VNM,2004,2004-05-24,0.05651481237899414,0.3311507185010429,0.03578919723924465,0.07059197374041373,0.32635333547315104,0.2052438133209109,0.09195791428234917,0.7213843162523225,0.7170855994211933,29.778470519573983,17.85932782201562
3362,Long An,VNM,2004,2004-05-24,0.0695812763380737,0.27662868538388735,0.04026490154784806,0.07651644815503571,0.27521735516224954,0.19418952006153295,0.09546448525067919,0.5750810671529987,0.5347021291508948,33.15677563902654,24.373255550747345
3375,Quang Ninh,VNM,2004,2004-05-24,0.09912473481836478,0.30095091366603605,0.08403090549681472,0.11299448279494387,0.3047409242947226,0.21823426372061328,0.11030923305294837,0.525713803366239,0.5154634622911507,30.9509284229595,20.26546733931322
3378,Son La,VNM,2004,2004-05-24,0.16745486052368136,0.35997328330775585,0.16142379407017968,0.18101850231453168,0.3510512917005511,0.257532208239525,0.14927246097594424,0.42374708943766465,0.45726015249804564,29.205350258700957,19.435298294337002
3379,Tay Ninh,VNM,2004,2004-05-24,0.09458262758804771,0.3543329624543807,0.060698220027890964,0.10116759493220123,0.355528385247605,0.26766759671245866,0.14984567126787773,0.58501024330817,0.9189776224122868,33.389796869806396,
3380,Thai Binh,VNM,2004,2004-05-24,0.07558868118126316,0.3996738189945352,0.04237527482959416,0.09508072946454502,0.33616424238446685,0.21203933655315585,0.09644696327948461,0.6757115977071613,0.7216389185607511,31.515365706750988,
3382,Thanh Hoa,VNM,2004,2004-05-24,0.09467309670418633,0.3409815331008357,0.07573921429871723,0.10912136100311351,0.3267460222839355,0.22738085367556324,0.11544758953413381,0.5855798635796784,0.6108945253686552,32.337221877945176,
3384,Tien Giang,VNM,2004,2004-05-24,0.07743923741141395,0.26747533647161853,0.04499478572525632,0.0830394796581124,0.2602876666878427,0.18597998636181354,0.09479727621420643,0.5246895965868318,0.47877857190256595,32.95566552823074,24.51129682271242
3333,Binh Dinh,VNM,2004,2004-06-01,0.08832238360194251,0.33539691183718967,0.06513812230619824,0.0993953893911851,0.32993613621554213,0.22454575479163655,0.11675823915762401,0.5985280619823897,0.763520361724725,30.911992225035366,20.731762258008743
3338,Cao Bang,VNM,2004,2004-06-01,0.16432841002336582,0.3723943793106699,0.15589996749425256,0.17859889377116356,0.3713786266522979,0.28040883830202395,0.17444792367188827,0.4423474308427483,0.5248340198054,26.391226769631636,20.03149385658574
3355,Khanh Hoa,VNM,2004,2004-06-01,0.09032307246171734,0.34506452239944085,0.06967669705191674,0.1044663906441,0.33511518857984746,0.22406722379396626,0.11180883022890721,0.602924059621346,0.5512292481952449,28.785484741591432,19.984695440619916
3360,Lang Son,VNM,2004,2004-06-01,0.08200973537360833,0.3368232095962177,0.06709694393782126,0.10001395146855681,0.3383940140912507,0.23277008435692206,0.113352349781243,0.6366398709972668,0.7172947393847456,28.68189260883014,20.599401504929112
3370,Phu Yen,VNM,2004,2004-06-01,0.10117877190692344,0.31959283033140995,0.07837500619258751,0.1107558531576166,0.3170369441906189,0.22153039803781208,0.11745985811675114,0.5381752707872876,0.6279318210545871,30.396537378197607,19.536772042791675
3371,Quang Binh,VNM,2004,2004-06-01,0.06662686801098752,0.33336489496285054,0.04768403699277278,0.0828897973888881,0.3264756194372945,0.21443304078242056,0.09948442413531375,0.6847020450847603,0.6819571625034041,31.256371558733154,20.666683849275827
3374,Quang Ngai,VNM,2004,2004-06-01,0.07428160704258237,0.3221641499590257,0.04940250038270129,0.08560296245580633,0.3178223995212484,0.22068270788905525,0.11391374404465973,0.6367022651542349,0.7071718072584484,33.43400471873882,21.71301812290163
3376,Quang Tri,VNM,2004,2004-06-01,0.07993075206084455,0.3427342056285152,0.055839662351028045,0.09463910439782186,0.3345307970196783,0.22749306770039582,0.11254920222816074,0.6302863519203056,0.7133637584319102,32.24523013586821,21.648340697367917
3383,Thua Thien - Hue,VNM,2004,2004-06-01,0.08206750618595882,0.29923759351363255,0.06389610383740023,0.094886237883113,0.29260965964950986,0.20001392248027822,0.10190221940823117,0.5965098407722994,0.5358991003194477,31.257614454864743,21.600041560048968
3327,Ba Ria-Vung Tau,VNM,2004,2004-06-01,0.08097264702820191,0.2718489361795294,0.054615868663466606,0.08684568059503142,0.2720108528564938,0.19706074903353218,0.10431599752519033,0.5265698932485997,0.5279857239371366,30.417990169571336,
3336,Binh Thuan,VNM,2004,2004-06-01,0.09114430244304399,0.32536609569754626,0.05071195452050168,0.09220536679117092,0.34152010437088925,0.2597371418870469,0.1462586954480861,0.5837547354108321,-0.3252875884264298,29.767578907841088,21.347853151806127
3342,Dong Nai,VNM,2004,2004-06-01,0.08918703743160424,0.2968440053801339,0.06734050499519867,0.09807610513815215,0.2902869263964986,0.19964948445549277,0.10304247542257858,0.5522203338966497,0.5259855306755894,27.134034778801507,
3344,Gia Lai,VNM,2004,2004-06-01,0.10536234934762786,0.3305482616178977,0.08612482239906803,0.11558492896084825,0.33011635634344494,0.22724336766177697,0.12102445118991428,0.5450289227813155,0.5953649362994309,33.16260747677502,19.5449882813186
3345,Ha Giang,VNM,2004,2004-06-01,0.2982306234949852,0.4532588509168767,0.289678514613718,0.30864976321343335,0.4413484364884076,0.32556248912685654,0.20016915073217081,0.31482028853410055,0.40908614068651455,29.536809126599838,17.80177742358038
3347,Ha Noi City,VNM,2004,2004-06-01,0.14111036469965046,0.32756172332799216,0.11777728158799886,0.14876949080687454,0.30637499258342493,0.23226615457218383,0.13880223104269698,0.41452697578409925,0.4344375644388594,30.877409246017663,24.37202433811346
3348,Ha Tay,VNM,2004,2004-06-01,0.12439866802953854,0.32787542358891864,0.09853679092929553,0.1343171251404282,0.3005416877608648,0.2170095395447753,0.118998073590997,0.46846575119751876,0.45819305577661856,30.624784678126257,24.232428511194136
3349,Ha Tinh,VNM,2004,2004-06-01,0.08776709678803807,0.3115371615663626,0.064987567924463,0.09950595344025043,0.30780292965927736,0.21615118444826273,0.10620654881179381,0.5934407424157038,0.5896944150665934,32.18346610958253,21.888982808036182
3353,Hoa Binh,VNM,2004,2004-06-01,0.12869041628494132,0.3481822499991176,0.12222574895498503,0.1448282514629032,0.33448400222899793,0.2376306427364863,0.12794945690203585,0.5073109364736961,0.5189348986332712,30.828542664869605,21.96077368080071
3357,Kon Tum,VNM,2004,2004-06-01,0.06278569201833809,0.31586940616956755,0.04819259476556212,0.07635540934574127,0.3075163745419218,0.18870223185736953,0.0866563706956264,0.7047001461302694,0.64090992679677,29.11674382348595,18.199884331965936
3366,Nghe An,VNM,2004,2004-06-01,0.09121860303085406,0.33007173919278676,0.07483707595293639,0.10435545096747678,0.3224549023590564,0.22089112063488078,0.10939518366557589,0.6021670910931909,0.5948265606992486,31.552980371404487,21.342795443506724
3367,Ninh Binh,VNM,2004,2004-06-01,0.09298890392522231,0.3019528398175842,0.06903190693480289,0.10567307799041445,0.2783437598731926,0.1922472777704236,0.09817960479678449,0.5461068532472299,0.48972739079991484,31.34635575955154,22.706107686017468
3368,Ninh Thuan,VNM,2004,2004-06-01,0.09979931835880557,0.3564983271733985,0.06719299138778294,0.10902476000118401,0.36156473366347885,0.26435180651301843,0.14201930534805945,0.5794107095831409,0.8454313958337961,33.00708007448785,13.065084745762723
3377,Soc Trang,VNM,2004,2004-06-01,0.12063513510477158,0.24709691613369822,0.09596279115321729,0.12416460416874264,0.23167835641780024,0.1731426217947876,0.09971618199250193,0.34110225676757583,0.2861208903167973,30.86575601012078,
3386,Tra Vinh,VNM,2004,2004-06-01,0.08208116991431458,0.2145640276277031,0.0513728376891621,0.08457124460215992,0.20165150173154078,0.1502806446150733,0.0811203115304256,0.41770622991876755,0.3305050217471868,31.078103855232207,
3387,Tuyen Quang,VNM,2004,2004-06-01,0.3208700696744957,0.46275083121056376,0.3245278715838242,0.33173272797749104,0.4480743044293204,0.3660321566814452,0.24081620286561134,0.22520457156397097,0.2857533238843847,30.029282943436833,21.624436790258834
3388,Vinh Long,VNM,2004,2004-06-01,0.09173838593734197,0.3262262931134571,0.06989036132555693,0.10600417125072856,0.2905160746035328,0.18615769686258674,0.09065527766045112,0.5590510165374296,0.499104273499875,29.0008846363264,
3390,Yen Bai,VNM,2004,2004-06-01,0.3360729620209442,0.4564813801752332,0.3387684598793065,0.346535714161664,0.4383560829664,0.3423042109717025,0.21278163267776207,0.20614402698469808,0.21121301866253825,28.67991326994469,18.173541001926495
3328,Bac Kan,VNM,2004,2004-06-01,0.2859569040789299,0.4428987705150104,0.2891842915129189,0.29824756703382904,0.4325813577716455,0.3457335602592818,0.2215534108613653,0.2709787155341919,0.3293644605283757,27.953319428086743,20.026285048416828
3329,Bac Giang,VNM,2004,2004-06-01,0.09724066353830324,0.328767079733593,0.0732521049234967,0.10792659171353125,0.32648533955893994,0.23318692552495004,0.12178478824027746,0.5619011012288377,0.6255090340507444,30.738977357860264,23.169452895568075
3330,Bac Lieu,VNM,2004,2004-06-01,0.18298574200666792,0.21580680135803118,0.17240862376243493,0.18552200403475116,0.20617861511759736,0.15730764672560998,0.09961814528653015,0.08787723824699095,0.05841813655929548,30.9259900869789,
3331,Bac Ninh,VNM,2004,2004-06-01,0.1231539219761034,0.33117277119549654,0.1004221285362972,0.13535572899894477,0.2926977528377852,0.20476922656926405,0.11473947247903228,0.48230724141340214,0.4510260726394717,30.33274653603403,23.470284296607243
3334,Binh Duong,VNM,2004,2004-06-01,0.10268775191482776,0.3305570788399154,0.0848247699173474,0.1129765155511786,0.32717033084148944,0.22801715860829197,0.11501142230300114,0.5538923837900903,0.5546032591292159,28.89136086952035,22.724505734337583
3335,Binh Phuoc,VNM,2004,2004-06-01,0.09725804765427831,0.30700941544690347,0.08173961417772596,0.10673030585743408,0.30100700117212337,0.2059059801398176,0.10588472326249823,0.5453081158357516,0.5023440376962767,29.46463812664175,
3339,Ca Mau,VNM,2004,2004-06-01,0.08721227316208148,0.16194448591166868,0.06589290042370724,0.0879454911658609,0.15614385352718277,0.11737494817062645,0.06701058425754396,0.28030142481355375,0.1621269547049952,29.831304517532498,
3340,Da Nang City,VNM,2004,2004-06-01,0.0944833941017675,0.28913962108372754,0.07558198395790755,0.10336956377394708,0.28546044444358293,0.20018965655752188,0.11137681008482715,0.5357071481736956,0.5625489437767178,32.018286483420226,21.72474566144562
3346,Ha Nam,VNM,2004,2004-06-01,0.12608534456300147,0.36471990458027387,0.10510905587811359,0.14153066734541372,0.324472659221613,0.2245667396214113,0.12096599963169834,0.5132164888910573,0.5176263226498015,29.431437364133398,23.972598240196113
3350,Hai Duong,VNM,2004,2004-06-01,0.12053360965769193,0.31675445681773073,0.09472062792070615,0.13011735552609494,0.29208481624001487,0.21089562166962197,0.11575373749167697,0.4633785822734382,0.43796102791090724,30.40116903878888,23.93380092171352
3354,Hung Yen,VNM,2004,2004-06-01,0.12084674514058147,0.34155651595862235,0.09905625742510045,0.13451849649638437,0.298609579399074,0.20482321397161912,0.1107768501950054,0.500643660707971,0.46129683574647046,29.668410582176552,24.123111810372794
3364,Nam Dinh,VNM,2004,2004-06-01,0.10319422924004482,0.3746151854486252,0.07469101403315183,0.11835745539981536,0.32364274758877276,0.21641481001426133,0.1129165122671828,0.5756196589036724,0.6070364904537502,29.576097508169497,22.275375301254872
3369,Phu Tho,VNM,2004,2004-06-01,0.19793337835671354,0.3669496547078109,0.1973905097849298,0.2113854206589653,0.35414987739727644,0.27322962348908103,0.16284055552453391,0.34033124956530514,0.35294317328283165,29.897616703177533,23.208856652265812
3372,Quang Nam,VNM,2004,2004-06-01,0.06445547303818074,0.3078335454224498,0.048307346341758074,0.07848079562025628,0.29709443382485895,0.18771592115113409,0.08782015048278446,0.6747925918263854,0.6173230158579968,30.495537542848464,21.01179081001026
3381,Thai Nguyen,VNM,2004,2004-06-01,0.1679901526845107,0.37166555987281563,0.16711876955352278,0.18410054597309752,0.36006378636784564,0.26783341816235334,0.1545986679133463,0.4237487417978149,0.46038970011824976,29.007295413286904,22.580632726845963
3389,Vinh Phuc,VNM,2004,2004-06-01,0.17098286206780738,0.3498749119526387,0.15387731766934476,0.1794301092663297,0.33969573519463964,0.2641671788683702,0.15744377365027543,0.36996259161036665,0.41020797418632243,30.379656924982683,23.974658698229202
73933,Can Tho city,VNM,2004,2004-06-01,0.07841385014133692,0.3097733060898948,0.049401296485582544,0.08890866061736502,0.2724054329378836,0.17487073763920155,0.07891473556460421,0.5652930519000262,0.48970840747468825,29.452629203418624,
73934,Dak Lak,VNM,2004,2004-06-01,0.1298905636840665,0.33528985513668585,0.11364545966513044,0.13943769061913117,0.3325271230686927,0.23478175723020683,0.1301762016154353,0.4791687906490615,0.5014036766816542,30.749471027087626,15.113006451192422
73935,Dak Nong,VNM,2004,2004-06-01,0.115258553050399,0.33337698075749256,0.10350649328120352,0.12624550833631862,0.3242833957852115,0.2173557716158601,0.11598110845675337,0.5224453266435685,0.5081091894617208,30.09109116509998,
73936,Dien Bien,VNM,2004,2004-06-01,0.18185983049116383,0.36395368335322337,0.1787085842873256,0.1951902633974878,0.34300843858661595,0.23681548314755868,0.12769619769016732,0.4308855716890342,0.3779417476040359,28.485241497948252,17.574042599985194
73937,Hau Giang,VNM,2004,2004-06-01,0.09857580583740072,0.31901546149803417,0.07804585600928192,0.11107137974112745,0.2870558994035095,0.1877351980884713,0.09288956407946833,0.5452757759587817,0.4709531139848288,29.977400937602784,
73938,Lai Chau,VNM,2004,2004-06-01,0.24457400636073476,0.40200566159820095,0.23898580099104347,0.25533521033944095,0.3778861829058863,0.2685794645146503,0.15230728286920697,0.352812240143448,0.32252105751731425,28.15818757567534,17.170984907619054
73939,Lao Cai,VNM,2004,2004-06-01,0.41229747689521523,0.5018058216120789,0.4158063695518487,0.42089342509118577,0.4646291940320068,0.3246750821597924,0.19499256511992366,0.12866086957959963,0.12496806857636109,29.180051519880667,14.649170907799771
3326,An Giang,VNM,2004,2004-06-01,0.06233101915333289,0.39508717482903016,0.040698201876001074,0.08431482443864528,0.33153795199606023,0.20165664493970772,0.08675244303328564,0.7131971878233986,0.7472945523138276,28.687274460178482,
3332,Ben Tre,VNM,2004,2004-06-01,0.07466145955509194,0.22251698126360325,0.045864297457566185,0.07886459641179347,0.2032614844154517,0.13455158549885132,0.06591661329130734,0.44333904455397305,0.32829218195540716,28.757504426375622,
3343,Dong Thap,VNM,2004,2004-06-01,0.06604297064930259,0.3030698077107305,0.04313365731086365,0.08019696261854371,0.2637768198299853,0.16347069510156678,0.07279242768888408,0.6264932143480701,0.5217312744215348,27.8608069408712,
3351,Hai Phong City,VNM,2004,2004-06-01,0.09714396953343714,0.26147394841932586,0.06733298590290997,0.10334210823195462,0.2389156166621727,0.1715005922414357,0.0928823966795759,0.4508571006404991,0.37864624580764816,30.676486530301002,24.64856630285579
3352,Ho Chi Minh City,VNM,2004,2004-06-01,0.08523182972664571,0.23095062735508035,0.06193115514352188,0.09109498390489412,0.21584079496285521,0.1538727999221618,0.0881863967060775,0.4541751989041994,0.36573218405454244,26.865533899944605,
3356,Kien Giang,VNM,2004,2004-06-01,0.08955043872001534,0.2454044479655361,0.06771849851622233,0.09419798032364494,0.2409851928972128,0.17597696201811047,0.0955306181968012,0.4586818710539392,0.4072874725145779,29.827980591962273,23.76711887609687
3359,Lam Dong,VNM,2004,2004-06-01,0.09827317753039298,0.3318644906005111,0.08384969529577845,0.11088325251549827,0.3217729188377849,0.20613944979273993,0.10130744187645717,0.5890091404357621,0.5381849630569964,26.716171628865094,9.078487548139625
3362,Long An,VNM,2004,2004-06-01,0.06397400757518469,0.24661054970989746,0.03900481876325353,0.07085725868859656,0.24096731567786855,0.16516091001025393,0.079285605455009,0.5699268798881616,0.44767866946340695,27.188248054015105,
3375,Quang Ninh,VNM,2004,2004-06-01,0.10216583527000787,0.2981358093336911,0.08966816048657134,0.11652697798835647,0.3006856665736236,0.2168616445006171,0.11302200355210976,0.5139278357348582,0.506890558138981,31.075813953313077,21.00684648185226
3378,Son La,VNM,2004,2004-06-01,0.13071522684525036,0.36436762572873577,0.12094088350255414,0.14706992241853928,0.34663365976694577,0.23526716305404471,0.11942779834694128,0.5388216484064583,0.5540642570255429,29.178958458908145,19.20740147755804
3379,Tay Ninh,VNM,2004,2004-06-01,0.09658183957511195,0.3312849775034855,0.07183410193751281,0.1049922965908075,0.32959683719549954,0.2387056236655485,0.12545031419161415,0.5587223608931837,0.6391569196092892,31.192619359464224,22.08848551044038
3380,Thai Binh,VNM,2004,2004-06-01,0.11357128077622655,0.3570668784632057,0.08469420935803582,0.12554604913414008,0.3143065526055491,0.21476662519806597,0.11454665572035598,0.5336735535446303,0.5347002573914316,28.858992165752912,22.4716564261167
3382,Thanh Hoa,VNM,2004,2004-06-01,0.11365102707702042,0.33608721218665855,0.09835600298888461,0.12633756530566767,0.32455938568749865,0.23025997555953728,0.12045051835615676,0.5308010911867517,0.5441238527102988,30.75531259549482,22.26357693478794
3384,Tien Giang,VNM,2004,2004-06-01,0.07071048174324375,0.24797358143951984,0.045419406192026564,0.079274657175689,0.22886710868815205,0.15615817185563685,0.07647617381784451,0.5328722636983829,0.4195511077576609,26.243310470911442,
3333,Binh Dinh,VNM,2004,2004-06-09,0.06373140644440196,0.31749209873663436,0.04182901301570074,0.07621189022284185,0.30340221074017076,0.1926390995245512,0.08934308691877066,0.6715155820472917,0.6259526803440869,30.40810623383787,22.20193194036462
3338,Cao Bang,VNM,2004,2004-06-09,0.21973973149876755,0.37801398126960123,0.22499006752122877,0.2340880247188635,0.3685544507105771,0.27071018366686983,0.16108029959777095,0.32296567808371773,0.32452179078470844,30.116795855659912,19.974567891542073
3355,Khanh Hoa,VNM,2004,2004-06-09,0.056896797666594834,0.3391442406360593,0.03656013667365736,0.07348209166884677,0.32324834525711366,0.20156265260980258,0.0885803062279354,0.713774653704836,0.7726507298384997,30.153572963430285,21.932140302947694
3360,Lang Son,VNM,2004,2004-06-09,0.18182319431416258,0.3543062006841162,0.1851576181949749,0.1979928240164672,0.3455092767380461,0.2526820455911979,0.1429299651112394,0.38477726880724206,0.38048497987447316,29.717495764768408,17.376921920288137
3370,Phu Yen,VNM,2004,2004-06-09,0.061648506310410855,0.32049033314139236,0.03688481892311334,0.0755543413941504,0.3092558422888026,0.20161302620740254,0.09302481783222531,0.6778174730127011,0.6724982321517331,31.582665537935405,22.114759131641694
3371,Quang Binh,VNM,2004,2004-06-09,0.2959209337536906,0.4245026045020651,0.2961434662631896,0.3073983819159196,0.4047078034456999,0.28500759294473815,0.16644051040159413,0.2115683242139003,0.20248580720128728,30.01449442292466,
3374,Quang Ngai,VNM,2004,2004-06-09,0.05367299949472453,0.3452688465544609,0.029702186859842657,0.07008125616295385,0.3277657158927216,0.21072410331877825,0.0929582061417704,0.7291066925702009,0.7661535750621333,31.98824019232032,22.399538400714572
3376,Quang Tri,VNM,2004,2004-06-09,0.225809076077126,0.3729219765282797,0.22028265936361427,0.23657018866661056,0.3528972023280302,0.2402792680725501,0.13394925877366032,0.282220461315238,0.24218011515738994,29.352634891576404,
3383,Thua Thien - Hue,VNM,2004,2004-06-09,0.14014345286929245,0.30733118292295364,0.13482253250466267,0.15422277108758048,0.2932933638116223,0.19798159289231626,0.10394257404504612,0.4011204634238657,0.32607398459209325,29.466426761998097,
3327,Ba Ria-Vung Tau,VNM,2004,2004-06-09,0.16788143174491607,0.3347408199386788,0.15755812577660266,0.1804878879373683,0.31729044069782414,0.2181617883334909,0.11961596475079056,0.3744946602788197,0.344369817534876,29.69703671318016,22.480690077258256
3336,Binh Thuan,VNM,2004,2004-06-09,0.12308261840028617,0.33083805356163465,0.0981716216038941,0.12959286923296318,0.3317127538997369,0.23803148476484165,0.12961425887413014,0.5101136453481184,0.8332728630863527,30.579923042013554,21.79800982602311
3342,Dong Nai,VNM,2004,2004-06-09,0.19452781541518901,0.366601743260894,0.1870087520431047,0.2086078410741788,0.34154657402581307,0.21487559871926212,0.11001221355274993,0.3364394695138382,0.27986429902647064,28.63872369409275,21.944792367183883
3344,Gia Lai,VNM,2004,2004-06-09,0.15199757989415794,0.36725485720836043,0.13974907999297503,0.16423231090447687,0.35384219422530677,0.24712146281605885,0.13577925074515393,0.4765467152442046,0.510426524858555,28.05600933208442,19.319680030098716
3345,Ha Giang,VNM,2004,2004-06-09,0.16455292720274217,0.3335796126349659,0.1618467438964141,0.17784523272699718,0.32341346495198675,0.23266945114160384,0.1303734346224945,0.43580783864166894,0.38099859063443153,29.847763498607403,18.520500029601983
3347,Ha Noi City,VNM,2004,2004-06-09,0.17709106427600066,0.3325789157800219,0.16081616284545816,0.18316419052617125,0.3267668500167902,0.2584014398435035,0.15663381507615787,0.34468162041404854,0.38963580278126275,32.32244989011965,
3348,Ha Tay,VNM,2004,2004-06-09,0.1777227041355055,0.31738931010961424,0.1655899535358191,0.18472372752485183,0.3051523495348018,0.23426468005909848,0.13640946244066385,0.320958655747165,0.312857829471386,31.241102359742957,20.41577012587276
3349,Ha Tinh,VNM,2004,2004-06-09,0.25020917423304,0.3913690462355635,0.24740862159034502,0.26110573767201706,0.38379225306061304,0.2919217330031363,0.17451525574177879,0.26705320401863236,0.27896096624412475,30.04809088352657,12.294024024024043
3353,Hoa Binh,VNM,2004,2004-06-09,0.15534914754318108,0.3819470133336183,0.1508538099180644,0.17127193031458116,0.3799557385156215,0.27597903039725563,0.14721868877946478,0.47809553681501554,0.5470897507817872,28.488516799861564,18.701202125565427
3357,Kon Tum,VNM,2004,2004-06-09,0.18080391417819933,0.38823649003231486,0.17746307013160098,0.19499195907274283,0.36644268260008345,0.24643031353469275,0.1330175960876678,0.43115393394323026,0.4040057860742547,25.304154654833507,16.881645118366528
3366,Nghe An,VNM,2004,2004-06-09,0.15834880448447342,0.3709631772296163,0.1560290776058253,0.17397079666840284,0.3688607057731258,0.2656660374367786,0.14184191114376524,0.4470076199091484,0.47915928384899376,30.377541879415496,17.337372881528204
3367,Ninh Binh,VNM,2004,2004-06-09,0.1589242691569345,0.31137183458122375,0.1513508680346739,0.17082097615516703,0.296551128878474,0.21609968634238724,0.1161933013135591,0.35055324647857294,0.30380182208836837,30.446890230686943,18.743550543024277
3368,Ninh Thuan,VNM,2004,2004-06-09,0.06336566839041305,0.34226584202033944,0.03501303661780395,0.07612533102516662,0.3380275212631986,0.2280817835185531,0.10864383906625069,0.6917499422567587,0.8337258204615349,31.011324286595492,21.602260226327463
3377,Soc Trang,VNM,2004,2004-06-09,0.19724024521137343,0.3001505144818284,0.1795857133927166,0.20192064921499772,0.28119974854916757,0.21879380841572482,0.13460714847438598,0.22718371400573104,0.1935659632029989,23.907348703170015,
3386,Tra Vinh,VNM,2004,2004-06-09,0.21120949964231692,0.31498342123953366,0.20203195735006207,0.21932025953246026,0.3005584454306649,0.24014772436605872,0.15248525087154322,0.2077836828849625,0.19080444900389504,25.308612521150614,
3387,Tuyen Quang,VNM,2004,2004-06-09,0.17744135472175862,0.3630161526768179,0.1788585285457831,0.19193945199808848,0.34517007688172463,0.24657059045833876,0.14047576383144836,0.4090811874049681,0.3832453259911301,30.07831645840443,17.76002437954367
3388,Vinh Long,VNM,2004,2004-06-09,0.3241816893364631,0.44452012159035387,0.32115867409154025,0.3337139516362342,0.413276010915141,0.3004654921635282,0.18120943269760026,0.1731030270444631,0.16758725620030498,,
3390,Yen Bai,VNM,2004,2004-06-09,0.17579794931161893,0.36058269540658716,0.17901808611188924,0.19184203054028115,0.35629705079100393,0.26743243522057913,0.15609118031774719,0.4120002609417008,0.4430859075343913,29.13504281675989,17.21742987279097
3328,Bac Kan,VNM,2004,2004-06-09,0.19585140599704576,0.36438649673926504,0.20468060062561436,0.21156752983938723,0.34643843211466785,0.25012007874110753,0.14941266343356768,0.36639240026268366,0.34560119096078085,29.285014721224154,18.6065064450187
3329,Bac Giang,VNM,2004,2004-06-09,0.1461699828566299,0.33243492770959393,0.13288545471944552,0.15551614025587907,0.3330297449733973,0.24914658559840097,0.14012261001691062,0.4347537916806758,0.37189014086980443,31.442425415831348,15.940562567854615
3330,Bac Lieu,VNM,2004,2004-06-09,0.1969304770116807,0.23142491780378155,0.18321928771412416,0.2001671316441014,0.21789783764416695,0.17757007532619604,0.11577228216338367,0.08207717717984658,0.06097076299311953,29.67341277036656,
3331,Bac Ninh,VNM,2004,2004-06-09,0.1596529673750869,0.3459702651867591,0.1376871938384946,0.16905018769994318,0.32102855601971314,0.236590965777214,0.13562580275293307,0.39868253559700284,0.4119203791195738,30.91412433088224,
3334,Binh Duong,VNM,2004,2004-06-09,0.24593530949624745,0.41790643919223147,0.24036711903275906,0.2588647673132727,0.3988302313048658,0.27001205462452027,0.15133967053859948,0.287748357704699,0.2849768602832299,21.67808492106695,20.63163338527614
3335,Binh Phuoc,VNM,2004,2004-06-09,0.25342219827912343,0.39947557504945946,0.25329240709277656,0.2656279741264689,0.37510567937513295,0.2405063988103733,0.13135270437813645,0.25177972183381364,0.22056084271806395,26.70909614314592,19.05595463185843
3339,Ca Mau,VNM,2004,2004-06-09,0.21695515440766264,0.26747710854595547,0.2113374433388393,0.22402071248739086,0.24897287790175124,0.18848056584319053,0.11960610745525198,0.11965530646097833,0.0846908668349095,29.39827272578564,
3340,Da Nang City,VNM,2004,2004-06-09,0.08313424648915885,0.31854367283965496,0.06320679219131294,0.09742586789810258,0.30060113661331195,0.19743141023097266,0.09788612776180151,0.5978542977118914,0.5688315021996466,32.2703173006762,24.428119735943575
3346,Ha Nam,VNM,2004,2004-06-09,0.1972704135348691,0.3520832549810655,0.19088275237649746,0.20972140562061994,0.32768532540708817,0.24265705593737968,0.13852341138220975,0.31093493319390436,0.2850521040896369,30.252284939718592,24.952451135763383
3350,Hai Duong,VNM,2004,2004-06-09,0.13926898789341494,0.30478111198714347,0.11309011037471979,0.1445965157524576,0.29263797414540677,0.22193676534716308,0.1242501119723715,0.40516507250013695,0.3914049497313875,31.50289091735076,
3354,Hung Yen,VNM,2004,2004-06-09,0.17674816329177762,0.34946292770789594,0.16442480526461173,0.188250993403513,0.3175886521372982,0.23052068336964252,0.1287449477872339,0.3644276380777541,0.3444764541702164,30.97632869931433,
3364,Nam Dinh,VNM,2004,2004-06-09,0.16905544152380872,0.343796744148127,0.1564355171541899,0.18246307208694335,0.31418048952387573,0.2245413688496413,0.1219369524890917,0.3565294280066613,0.32069513704665703,30.023519904167074,25.171807203325553
3369,Phu Tho,VNM,2004,2004-06-09,0.15445492545409537,0.35743095530282265,0.14422816867376403,0.165887142449467,0.3587053773047701,0.2749002508151419,0.15975356569480856,0.4436236239139325,0.5365919172844832,29.931913980976606,17.763163887441404
3372,Quang Nam,VNM,2004,2004-06-09,0.09184786310995781,0.34441547280755114,0.07843547050130875,0.1088652497933252,0.32198770507871033,0.20330308644351971,0.09509796280126293,0.6099395331064871,0.5761348433230474,29.46157797908353,18.532204097593006
3381,Thai Nguyen,VNM,2004,2004-06-09,0.19828539266421105,0.3722551280919028,0.19969752294799306,0.21232267347358472,0.36293016755619323,0.27694983610508095,0.1712796422968618,0.34969884150824815,0.38197252558166417,30.67895302269917,17.214272929080664
3389,Vinh Phuc,VNM,2004,2004-06-09,0.1462967545482631,0.3089032829957777,0.1251907612021208,0.1503163269809257,0.31203925683877853,0.2491864516732463,0.15072148414884026,0.39253096164477425,0.46395781693016835,30.99495894688621,
73933,Can Tho city,VNM,2004,2004-06-09,0.23672800300031444,0.397788562921187,0.22357547897576063,0.24684758907268423,0.3649891678054458,0.26399005384861113,0.14668979665915471,0.28832072774431766,0.2748150876605694,29.482995472126976,
73934,Dak Lak,VNM,2004,2004-06-09,0.07537223029987321,0.34264477291718853,0.054544814647118876,0.08959987993518868,0.32853935633404713,0.21309818298852817,0.10113021208383845,0.6621302249916655,0.6699590925490274,29.45166100527075,19.74825478467961
73935,Dak Nong,VNM,2004,2004-06-09,0.17464712347011044,0.3811817824975027,0.16865320108919196,0.18802132751084416,0.361147873112437,0.23656665402245095,0.12706185840675513,0.4367853464338573,0.42951845139504086,27.39546563858581,19.158079611144093
73936,Dien Bien,VNM,2004,2004-06-09,0.08328361382252059,0.3385660464646186,0.07367415434208045,0.10172763298848171,0.3263192964240031,0.21300464548320272,0.10225674040799687,0.6532897332214074,0.6349297944510427,29.483549131178947,18.88108441312377
73937,Hau Giang,VNM,2004,2004-06-09,0.26060260531931173,0.399287649962808,0.2543826906143824,0.2710415632834871,0.36520197936261223,0.265077587614121,0.15566275178559644,0.24010699006748262,0.21930720608936138,31.41754825336619,
73938,Lai Chau,VNM,2004,2004-06-09,0.09727837021123986,0.33890371403566855,0.08622588447379899,0.11500935142687232,0.3271529599793993,0.21668461808466394,0.10754766713205405,0.6266011815384799,0.5929654259827026,29.802689232554464,18.497752221509455
73939,Lao Cai,VNM,2004,2004-06-09,0.17411191489844105,0.34235475560367173,0.17593144148063444,0.19052295527265256,0.3269037388372909,0.2433553516660096,0.1414603661764665,0.41323275453182,0.37327350393273495,29.42068813973953,17.518317047346855
3326,An Giang,VNM,2004,2004-06-09,0.18747181000519242,0.42719003701804037,0.17578879821200744,0.20401517036231434,0.374846210621473,0.2572517559666709,0.14718646543425262,0.4109491566392485,0.43701359176672205,28.384532150961686,
3332,Ben Tre,VNM,2004,2004-06-09,0.15631087779327393,0.2806947599232514,0.13709411107625602,0.1624784678207416,0.2614917807114684,0.1970282518673619,0.1255303104059499,0.2835331970332259,0.2597957938084318,23.54710121160758,22.048715070064798
3343,Dong Thap,VNM,2004,2004-06-09,0.251524587876663,0.40953017942237024,0.24276216553859412,0.26272598878142556,0.3765372704718302,0.27199756716435763,0.16200703595419347,0.2587571862464061,0.25294005714206497,25.608157291144362,
3351,Hai Phong City,VNM,2004,2004-06-09,0.11546769527534895,0.25369105869696185,0.09255765567632888,0.12108165466757388,0.24006225034307013,0.1800401746273836,0.09918366527023771,0.3829198416812416,0.3145117453993958,31.71679023686189,25.722780286981887
3352,Ho Chi Minh City,VNM,2004,2004-06-09,0.1837159321553865,0.3153393346264644,0.17357434763404603,0.19513900203121565,0.29274992045169634,0.1999621007592617,0.11795437380816065,0.27591385846320304,0.22531172380823483,28.15753660346811,19.87064419517985
3356,Kien Giang,VNM,2004,2004-06-09,0.21816104001577233,0.32464280474992574,0.20937863132151383,0.22563708534889654,0.31093590348496264,0.24074276784680934,0.14916052943341027,0.2118086591167926,0.19451396265903828,30.90421867495063,
3359,Lam Dong,VNM,2004,2004-06-09,0.154530287684664,0.3640164071519289,0.14684604768504889,0.1681073258340061,0.3465507968003969,0.22471199951199608,0.11633312755985574,0.488977860960827,0.43539316390341143,25.981868210728333,17.34828994773713
3362,Long An,VNM,2004,2004-06-09,0.24632705493120455,0.39372881720526876,0.2405397380598254,0.25859772879232973,0.37330280890969386,0.278060033439809,0.1681981084070946,0.2493789560770557,0.24231012225122103,25.291708694015824,
3375,Quang Ninh,VNM,2004,2004-06-09,0.13939497235236714,0.30018629659593926,0.14005140396435994,0.1543196393945302,0.30747898338597196,0.22916690308341484,0.12408786371120699,0.4071572369062394,0.39344468641055286,31.500597152854816,18.8971295846317
3378,Son La,VNM,2004,2004-06-09,0.14266644712543883,0.3770286486528896,0.13687934399729856,0.15956841589692639,0.36798633418137655,0.2637767984111405,0.14391366339203232,0.5226986836715758,0.6093007068434492,29.663237278993545,17.139556830531212
3379,Tay Ninh,VNM,2004,2004-06-09,0.24942777243568684,0.4189747556953419,0.2448930162181404,0.2604589847313262,0.40109576237130234,0.2850947277334371,0.1627433399044593,0.2695826393119458,0.27726556527676666,28.833569067452302,
3380,Thai Binh,VNM,2004,2004-06-09,0.15744786968975344,0.32342190456322606,0.13616404291326417,0.16595718928434053,0.2935942555926944,0.21172801527325902,0.11459272123489256,0.3746180733162321,0.3146242576721118,31.512898443087003,25.565595845870124
3382,Thanh Hoa,VNM,2004,2004-06-09,0.1609116565279125,0.35894040966353963,0.15997436486856165,0.17599469929674866,0.35428632547749905,0.2569606243011936,0.13524772727136108,0.41664589828855136,0.43186116804333097,30.26531828242586,17.85155440175482
3384,Tien Giang,VNM,2004,2004-06-09,0.24328918663007323,0.38020745902713676,0.23555125373220767,0.25436732648904237,0.3560818590393615,0.27060290261803266,0.16496659484370285,0.24435702962848574,0.23827186004937498,23.787630275751653,
3333,Binh Dinh,VNM,2004,2004-06-17,0.07371838032801978,0.3521881615773697,0.04418327950861805,0.08517802121002015,0.34645393272302766,0.22942304967596755,0.11632895655749075,0.657560229790538,0.8740815580758926,32.310554662895335,23.241109201644388
3338,Cao Bang,VNM,2004,2004-06-17,0.17411229593651292,0.34433565734217864,0.17592754012554088,0.19008999190711504,0.3288170485264384,0.2085125469501353,0.10883013525719351,0.37841415177910726,0.29722425645552786,29.479287978758137,22.28759258441577
3355,Khanh Hoa,VNM,2004,2004-06-17,0.05412897903566083,0.32993475926697463,0.030532699099419636,0.06855241842972054,0.31977241394521694,0.2017590973911628,0.09442001433263832,0.7212416174801638,0.8365177450454967,32.13225916751669,21.721008337016684
3360,Lang Son,VNM,2004,2004-06-17,0.08001086211217193,0.3111295048115085,0.06947179973181965,0.09740686332690413,0.303874795351039,0.19489665444900198,0.08801747510711466,0.6177601584836604,0.5337975852874901,31.56178508235493,23.11530440701176
3370,Phu Yen,VNM,2004,2004-06-17,0.06440588959733981,0.30851049145686776,0.03820737819158363,0.07570416705046581,0.30243900627019366,0.2013622496334846,0.10218731876352605,0.6682472571909976,0.7114030469566746,32.11763921260134,23.236796827134608
3371,Quang Binh,VNM,2004,2004-06-17,0.10858814324790333,0.33852248742962227,0.09318024860493658,0.12248670330333898,0.32764900690222076,0.2235316750966523,0.11576997527893129,0.587565733670264,0.453537968611546,29.938278037566636,23.07814375238809
3374,Quang Ngai,VNM,2004,2004-06-17,0.06388523618429708,0.329083336651904,0.038846805073652325,0.07683288802358415,0.32163063244189866,0.21604127057225458,0.10682662505603518,0.6793857968133068,0.7702537257357676,33.087374581079146,22.937396903280025
3376,Quang Tri,VNM,2004,2004-06-17,0.13323694908833086,0.36311827327957197,0.11403228775476924,0.1460103647847701,0.351934220845957,0.24996810611553197,0.1373574843778453,0.5194016296947485,0.5871112039404265,30.261336008924978,22.967998316512723
3383,Thua Thien - Hue,VNM,2004,2004-06-17,0.06298693440058728,0.3199318232875591,0.04262281232388057,0.07925636998104164,0.31131664454864305,0.20552495973450974,0.09664411439374034,0.6803894696438646,0.6355631804576223,32.03401688134526,23.682246266058915
3327,Ba Ria-Vung Tau,VNM,2004,2004-06-17,0.0930010064113354,0.28601818988995914,0.07438651756184349,0.10224090235484436,0.2800469086153597,0.1940381753722592,0.10140283620589838,0.5049863148719356,0.4720766972235547,29.007556014383823,21.611604843272886
3336,Binh Thuan,VNM,2004,2004-06-17,0.0972236099598394,0.32549439959116516,0.06795893323987053,0.10238241754445851,0.3310648460897701,0.23363640671957142,0.12706313970589211,0.5674028630990208,0.042082671422031044,29.97344220614691,21.196353312928366
3342,Dong Nai,VNM,2004,2004-06-17,0.11355109872259173,0.3193407294382318,0.09919591495803123,0.12491215759638916,0.301937121999983,0.19234661381122628,0.09429745753662944,0.5003183079442677,0.4290853551119591,28.187198168521768,20.43729706205292
3344,Gia Lai,VNM,2004,2004-06-17,0.1482224121504446,0.35677582230819094,0.13060768223577815,0.15723448839083456,0.3495674017399027,0.24797632727991994,0.14127779837506135,0.5100403235787219,0.5632667140362783,29.049365525511075,18.859939495117935
3345,Ha Giang,VNM,2004,2004-06-17,0.09273192560242931,0.303771652239389,0.08169396480810959,0.10724826736893965,0.2964761577333569,0.19308905352738423,0.09079514984857387,0.583938948828237,0.4782811505717864,30.659218066183197,22.459416811418947
3347,Ha Noi City,VNM,2004,2004-06-17,0.08851854731089176,0.2336989472870015,0.05459610725296929,0.08842548354597435,0.2258947279169656,0.16992881596223003,0.09416248074872598,0.450555202067895,0.35715343168478264,37.021555679117235,26.719489762868566
3348,Ha Tay,VNM,2004,2004-06-17,0.08046805036919798,0.20384791335193697,0.04430589955552945,0.07778439524729049,0.18377266607744205,0.13242191119401067,0.06766116900208816,0.4232959213995404,0.28691502531703306,33.52080791782598,26.737286458625512
3349,Ha Tinh,VNM,2004,2004-06-17,0.07826636175272252,0.292307055730787,0.052414307114902255,0.08846560822342962,0.28673516793706216,0.19731776744948526,0.09650092505399924,0.5991497299564809,0.5408867582549961,29.712111134667897,24.22723535366812
3353,Hoa Binh,VNM,2004,2004-06-17,0.05386462930447464,0.27802861550789154,0.036898368334417,0.06567476676071123,0.26584753861448696,0.16737706796878568,0.07300587452531801,0.6924397355887953,0.5444963806226552,31.72650419108851,23.88897014691967
3357,Kon Tum,VNM,2004,2004-06-17,0.2811667009893251,0.44847414700284793,0.27480298330012193,0.2902575921535508,0.4280800182225925,0.3131323252496048,0.1881676835611667,0.34042145392203,0.3434397955027714,25.71952635110797,16.59966147916627
3366,Nghe An,VNM,2004,2004-06-17,0.08180262971083994,0.3168364199996344,0.06309305444601057,0.09406396152184461,0.3064747560176022,0.2021345578923003,0.09784300705681007,0.6198085803272452,0.5755439949773076,29.72129456303115,25.010958164745556
3367,Ninh Binh,VNM,2004,2004-06-17,0.08122777657203394,0.23138673244427854,0.044489394166425465,0.07994210846721019,0.22509643715055355,0.16542429469033032,0.08996154751193874,0.4737600311192433,0.37762012677877344,31.80574039955787,26.009348155634186
3368,Ninh Thuan,VNM,2004,2004-06-17,0.06967446102137516,0.3356877464704119,0.038303516523445984,0.07947271238978852,0.3382682583222349,0.23593644644508605,0.12455424790111308,0.6662454510997082,1.1249353249198777,32.69113168084127,21.561444035889703
3377,Soc Trang,VNM,2004,2004-06-17,0.11344459264043284,0.26246102313324743,0.08676568178636399,0.12074926373790408,0.2275736010904934,0.15730056630449218,0.08307714018391148,0.38993556414742964,0.3054846965877067,29.804844622899736,22.774922243926277
3386,Tra Vinh,VNM,2004,2004-06-17,0.11826602141305312,0.2736461497938765,0.09602379894187534,0.12585919094082199,0.24830610612797768,0.17103035327389499,0.08775944553029577,0.39823917597783365,0.32193658907979666,30.24622315760622,23.012160160707506
3387,Tuyen Quang,VNM,2004,2004-06-17,0.11239655305066702,0.31788092725612155,0.11058326823471161,0.1285209072144815,0.3004196694808212,0.18743724869603925,0.08654364749816051,0.5101001522038244,0.40011341739600575,30.83028228184812,24.369647983946134
3388,Vinh Long,VNM,2004,2004-06-17,0.09275702815958266,0.2919284179007815,0.061573408778680436,0.09757717002126869,0.2748827159571807,0.18265757611321326,0.08864360615118898,0.5143471926757093,0.437871767193336,29.426014052264275,18.739738152866483
3390,Yen Bai,VNM,2004,2004-06-17,0.14982636317420667,0.35057535123006495,0.1450284115470173,0.16505973272781113,0.3365526660909333,0.22695861610932763,0.11313892867461375,0.47211024377953426,0.41475481385467494,29.701143413906504,22.907052487774656
3328,Bac Kan,VNM,2004,2004-06-17,0.10164708030504933,0.31671477381705976,0.10124750210323528,0.11887126072111437,0.30127193431333804,0.18563881254443498,0.08585456806302412,0.5635570698838971,0.44779810489266847,30.50780304365545,22.59837079638646
3329,Bac Giang,VNM,2004,2004-06-17,0.07409209719789292,0.28015278367960494,0.05041916243722976,0.0829800940843116,0.2767788631692957,0.19080967929409962,0.0913637845653648,0.5854169117814849,0.5108399190250114,34.541282902737045,25.243828980476362
3330,Bac Lieu,VNM,2004,2004-06-17,0.11415762831188246,0.18471469770427437,0.08555239082656113,0.11792901563466014,0.1599591011882393,0.1228984269574005,0.0722974389758719,0.2145922211073956,0.14881091435066263,30.056956462085253,23.906323232284887
3331,Bac Ninh,VNM,2004,2004-06-17,0.08199595885198249,0.21722795843301446,0.04665147123549884,0.08167200914152763,0.20600369215649367,0.15341334368867943,0.08050254823983254,0.44954864962395447,0.3115620466625601,37.01916848011912,26.671068208607164
3334,Binh Duong,VNM,2004,2004-06-17,0.11856752049998213,0.3369995030619152,0.1048811271380273,0.12888029922718625,0.3302423110122137,0.21876465651598423,0.10938065932724819,0.5057858420779753,0.4715457859854841,28.595670417005906,21.735313614008906
3335,Binh Phuoc,VNM,2004,2004-06-17,0.12257707435033417,0.3426495150932407,0.10968429565779322,0.134000579221739,0.329611363689019,0.21466488973186998,0.10777226235115536,0.49594353119244944,0.4623435048961024,28.770084518420322,21.139927976240298
3339,Ca Mau,VNM,2004,2004-06-17,0.10659471365540293,0.19236322667538389,0.0871108612831929,0.11237937135985918,0.17122460936328454,0.1223105596491871,0.06967943641086839,0.2894426529419193,0.16931048289969147,29.903191867084818,25.01979920375176
3340,Da Nang City,VNM,2004,2004-06-17,0.0599035400234427,0.3205423072195231,0.035743366497057096,0.07430136445864462,0.31000308152584716,0.2019489127983451,0.09673475483396969,0.6865399026583514,0.6905501263655004,32.48923948927966,23.829842388513754
3346,Ha Nam,VNM,2004,2004-06-17,0.07985004931853654,0.2125335408380767,0.04424237531194493,0.07796277455925522,0.19635762638139434,0.1408121877110056,0.07405215128302277,0.4452112214403248,0.3052442441919197,34.60811604958365,26.249823574857178
3350,Hai Duong,VNM,2004,2004-06-17,0.08803420111693329,0.20809581984403203,0.05153337635684107,0.08497220398723418,0.19715109819372503,0.14891436698814783,0.08184837222866365,0.4032447793964525,0.2805044657214746,33.39083600171654,26.164169199885343
3354,Hung Yen,VNM,2004,2004-06-17,0.08578195129428882,0.2169980425740145,0.04857808046475124,0.08167557059655292,0.2030409259253802,0.1506630117239207,0.08232447244323503,0.4275898318598658,0.30913756758848865,35.30052861736861,26.78627709607838
3364,Nam Dinh,VNM,2004,2004-06-17,0.10301765510372156,0.264975233206475,0.055268062971360665,0.09892625080787809,0.2544731604306956,0.19094016373782546,0.10845549953742685,0.4256417119546079,0.39053560491426187,28.582437274676785,25.970398639563417
3369,Phu Tho,VNM,2004,2004-06-17,0.06931429599995237,0.26464059926986544,0.05027992817531283,0.0784471000833988,0.2499217099844089,0.16391146155982,0.0726452894641423,0.6003829912531562,0.4477219750189657,30.599963388284944,25.970773940369945
3372,Quang Nam,VNM,2004,2004-06-17,0.07098099563409348,0.3376900993638322,0.05487619785660793,0.08746072484503752,0.3238548346419789,0.20686304339650272,0.09897675190002966,0.6795179034354042,0.6472851597931504,30.96453793882285,21.6972523969053
3381,Thai Nguyen,VNM,2004,2004-06-17,0.0829857182912707,0.29430345985507694,0.07208628470778336,0.0966446220813089,0.28410627164871244,0.1888686134858051,0.08876309260481312,0.5943859179795639,0.48335423892463336,32.987737280579076,25.09048750803284
3389,Vinh Phuc,VNM,2004,2004-06-17,0.08783819605497767,0.24732529421024824,0.055508451953838224,0.08909990660096681,0.2362074402407562,0.17098885007874393,0.08866684637308148,0.4715040298009168,0.37623205648582964,33.85002556129685,26.574999957186666
73933,Can Tho city,VNM,2004,2004-06-17,0.13054944732506427,0.3131077232602859,0.10585004263531723,0.1398535121445218,0.28302812684247963,0.18766976432794522,0.09365132624076307,0.420243003413455,0.3422479084702476,30.175952070443017,20.9812821516371
73934,Dak Lak,VNM,2004,2004-06-17,0.05771522534382294,0.2791008523608714,0.03862592047863534,0.06697416863915272,0.27428064280156494,0.17741595243459454,0.08738662397178039,0.6950155081636743,0.6056242411844892,30.26022619759542,19.13663713752967
73935,Dak Nong,VNM,2004,2004-06-17,0.15081748577891904,0.3518598662028021,0.14081876756252965,0.16110752666383713,0.33741140194762226,0.2304328086496394,0.13458071077197806,0.45353413132944853,0.4523844398977298,26.906546538753663,18.053693314835122
73936,Dien Bien,VNM,2004,2004-06-17,0.3744691350249192,0.5031251672013007,0.3766977772582904,0.3840684261208735,0.47207465672967147,0.34830563597903735,0.2029489938552354,0.17761991747818606,0.1810666859746746,27.84288099982881,15.978890920272608
73937,Hau Giang,VNM,2004,2004-06-17,0.10068658518163237,0.2913173133488222,0.07927147526012132,0.11014356860796688,0.26393091972211613,0.17174670482448465,0.08217716895029635,0.5040568593698178,0.3899071154676198,29.676641452255,20.212961076603353
73938,Lai Chau,VNM,2004,2004-06-17,0.40217564593385985,0.5233018542794868,0.40124713271614965,0.4104528681202855,0.4866718796803939,0.34732232801759155,0.19752714877382282,0.15731606459870506,0.16442019118306372,27.979623689955865,8.400128334952194
73939,Lao Cai,VNM,2004,2004-06-17,0.11944631994139157,0.35796176102242183,0.10791544360335481,0.13528978067105102,0.34431058896298344,0.22742174339448182,0.11119186826376155,0.5669469423962473,0.5447473213309023,33.01882930391771,22.826307171766363
3326,An Giang,VNM,2004,2004-06-17,0.13060409110762838,0.38642904221382535,0.10058922157803106,0.14206898361731596,0.3418644663458496,0.22192058890958155,0.11361597545313731,0.5077486783187736,0.512413355600393,28.888315539163955,22.82458361016655
3332,Ben Tre,VNM,2004,2004-06-17,0.09845711352743702,0.2477730517477636,0.07258945845149344,0.10320678666829593,0.22354321700616644,0.14758987452657188,0.07450709834665999,0.4086196864128805,0.3116786287082842,29.934256093378895,22.92631839431247
3343,Dong Thap,VNM,2004,2004-06-17,0.11083883433840641,0.3173587901034863,0.07674195929412304,0.11618313050492075,0.2996680250502076,0.20562286025471843,0.10484043742918295,0.48925629588811254,0.4507626725749462,29.21708629994289,21.472310416361083
3351,Hai Phong City,VNM,2004,2004-06-17,0.08234710284611305,0.18932132914270614,0.050892522532674074,0.08180305591215246,0.17301611614371046,0.12583232853503806,0.06872463826247951,0.37691731719777455,0.24364624515373612,31.20772971567017,25.950727947214816
3352,Ho Chi Minh City,VNM,2004,2004-06-17,0.13162571743998472,0.27115792633966423,0.11746621102000544,0.13959278078047443,0.25405026113905044,0.17619569509517158,0.10131991804814498,0.3690661611821533,0.288153509143113,30.020892587528333,22.508286272463845
3356,Kien Giang,VNM,2004,2004-06-17,0.10660460327698526,0.263863670851162,0.08516181666483966,0.11438864232050885,0.24626985730387393,0.17325867152769348,0.09515693911705564,0.4233453458007192,0.34487779038168614,30.050019839884392,23.32406185614727
3359,Lam Dong,VNM,2004,2004-06-17,0.0819990662490036,0.30017255406596527,0.07049912188686815,0.093769151062555,0.2896824668846807,0.1784186741700919,0.08748969797022475,0.6290881548360286,0.5043635255876104,26.252415227718153,16.867743064511114
3362,Long An,VNM,2004,2004-06-17,0.09661249580237793,0.3031042924402591,0.07462473059286943,0.10676044167326577,0.2890557582392084,0.19807917012636234,0.10120201905089513,0.5317568674552511,0.47586521514505914,30.34056561181141,21.256732564475524
3375,Quang Ninh,VNM,2004,2004-06-17,0.08104790688632317,0.2502988805169051,0.06981494584427045,0.09369624805252098,0.24715439848702075,0.16756091139662893,0.08065571217663893,0.5393723871037368,0.39284846652750277,28.60598342535351,23.36276655660415
3378,Son La,VNM,2004,2004-06-17,0.23465667589844863,0.4278917003053386,0.23234314344589024,0.24854620493086238,0.40539661290100654,0.2871484868487024,0.16008061192109854,0.36748391217550685,0.3711534579622814,28.607781159289917,21.05609630218227
3379,Tay Ninh,VNM,2004,2004-06-17,0.13544506224371672,0.34839603197341645,0.11890282308399883,0.14478810180696042,0.3381069005370443,0.23393939081980772,0.1250509301130473,0.46329030210877986,0.47660020131289665,29.98159365005022,22.359949055042776
3380,Thai Binh,VNM,2004,2004-06-17,0.09568683314269023,0.2193058998706125,0.052798972817068066,0.08849798554009566,0.2069539668048035,0.15756500446524818,0.09008859381006405,0.37696942048536064,0.2878600323365017,32.60949841410674,26.642607051643562
3382,Thanh Hoa,VNM,2004,2004-06-17,0.06687245021122643,0.29155774482238556,0.04287296964399579,0.07651273745789193,0.2788341721360045,0.18407816479562358,0.08556912536945818,0.6277263210499557,0.5552943704460505,30.71686704000218,22.09762775338793
3384,Tien Giang,VNM,2004,2004-06-17,0.0906049573525193,0.30994405351701987,0.07016368985346187,0.10322542327835918,0.2814769134272621,0.18508224997125267,0.09076510204114467,0.5437683046487223,0.4949581422300967,30.377226776593464,20.990635647018475
3333,Binh Dinh,VNM,2004,2004-06-25,0.06469571095169176,0.2990330887974466,0.04051255247656274,0.07255883252111558,0.28890336933723554,0.18800434041191766,0.0929228233268114,0.660330025627805,0.6353075872860912,33.17705323292842,23.520538256727594
3338,Cao Bang,VNM,2004,2004-06-25,0.08553471619207638,0.31320514068600164,0.07422952104351246,0.10186555255073478,0.3043340006093135,0.19905770060085992,0.09414931983535083,0.6237729888936996,0.5383631258952593,31.73345283678474,21.17537752767574
3355,Khanh Hoa,VNM,2004,2004-06-25,0.0685943486727316,0.33169074163633055,0.04725861645568565,0.08132068388463606,0.3175854890354288,0.20238028743914363,0.09701230199121307,0.6659880406088551,0.5958007675550363,32.69935941544243,22.475163614032066
3360,Lang Son,VNM,2004,2004-06-25,0.09309545678214218,0.31824732439019715,0.0824057340540211,0.10904760831004248,0.3117856134770081,0.20726512953523277,0.09969718697138219,0.5940899917323949,0.5258152588893583,32.22329888964132,21.465962219078005
3370,Phu Yen,VNM,2004,2004-06-25,0.10025500620012144,0.3477677104683615,0.07738673912416968,0.11168719299603837,0.334252556836642,0.22680341687627273,0.11966581569694063,0.5772119073056524,0.6497607819112893,32.38098099981034,23.28789116024012
3371,Quang Binh,VNM,2004,2004-06-25,0.07403431729933864,0.32698853804358885,0.056892980048747176,0.08863774894184091,0.31726042044469066,0.208354128509459,0.10046882997945066,0.6576431846759355,0.7353892410395022,31.214451198653485,23.559370785424022
3374,Quang Ngai,VNM,2004,2004-06-25,0.04964834892209732,0.2961381716957337,0.030503969554141006,0.06163883914887236,0.27958784898438843,0.17743299388298867,0.080554563967778,0.7211366631248661,0.6318308264379776,33.16247590631684,22.826617739951764
3376,Quang Tri,VNM,2004,2004-06-25,0.1144180483268834,0.34133454706995664,0.09719937602527025,0.12654332440563362,0.3287572640617243,0.2298413536869289,0.12434728304191955,0.5437708122362522,0.530829803930516,32.00802199424364,23.619388418807578
3383,Thua Thien - Hue,VNM,2004,2004-06-25,0.07903757235101011,0.2997154335739056,0.06564633776659552,0.09258330877030585,0.28766924271291766,0.19168873328537941,0.09692282580221223,0.6044797563705515,0.5251126599351231,32.36798750344025,23.453084800089822
3327,Ba Ria-Vung Tau,VNM,2004,2004-06-25,0.16531315827114734,0.345796016438473,0.15749085803304658,0.17679661261775007,0.32652099778050364,0.23403263709350272,0.1304037210363617,0.3529680166415338,0.3971854734499013,29.794964755542104,22.560739681242353
3336,Binh Thuan,VNM,2004,2004-06-25,0.14813928535621335,0.40063205561761583,0.11819842950192741,0.15466498108491117,0.3955965874609315,0.286115044219453,0.16095732913744482,0.5149377142021739,0.15911713656462365,32.111130319465744,20.580186967355235
3342,Dong Nai,VNM,2004,2004-06-25,0.17485057403621548,0.37155667787906715,0.1694834352590723,0.1874969508739519,0.34792271108330974,0.24029864949003035,0.13065414947517773,0.397153945503121,0.3905153514674321,29.40633407106554,
3344,Gia Lai,VNM,2004,2004-06-25,0.17895878373410073,0.3718920324484482,0.1712253056531598,0.18952150590321412,0.3563836071958429,0.254341552095335,0.14668310957733025,0.4347412579287793,0.27009287006076554,28.919802540666755,20.028955036594372
3345,Ha Giang,VNM,2004,2004-06-25,0.08981490697179603,0.32071333563869897,0.07612852398021382,0.10532705734282627,0.3143165903392991,0.21005913722828792,0.09989200433096725,0.6227141147564235,0.5655007486120408,31.30170758831198,20.982905513862846
3347,Ha Noi City,VNM,2004,2004-06-25,0.1320411942496336,0.27232075632415864,0.09168063221524962,0.12864793868181765,0.26505740154558394,0.21671157191237955,0.13726767127391765,0.3641877416637386,0.3654820692181425,35.031267254410025,25.779475753694122
3348,Ha Tay,VNM,2004,2004-06-25,0.132661048261905,0.2541638583013301,0.09763416403786819,0.13206116463848097,0.22804966179987265,0.1785396117130745,0.10758334814626938,0.32107963035688103,0.2716551898320545,34.93583589538729,25.666625416490106
3349,Ha Tinh,VNM,2004,2004-06-25,0.06732401228568267,0.29195248858251455,0.03976625014048024,0.07708193425405929,0.28484396911042226,0.19642180233240183,0.09649187148353314,0.6298448416956889,0.5973815875854724,32.79207425088008,24.352153424707645
3353,Hoa Binh,VNM,2004,2004-06-25,0.09290394281124414,0.32653275697287193,0.07812934769442088,0.1072958911310855,0.3108433779407517,0.2066547660629243,0.10011034114737437,0.5931217809652451,0.542927440161175,31.06629532590246,24.04561864738355
3357,Kon Tum,VNM,2004,2004-06-25,0.2535881765975371,0.40636122218190934,0.2536120862132583,0.2637851766320759,0.383730237867427,0.2798215020795587,0.1645163411917339,0.3705473959896273,0.30732882103652687,26.282152386672827,17.792877189421127
3366,Nghe An,VNM,2004,2004-06-25,0.06371383481128531,0.31425970853880186,0.04329330441065461,0.0765983171355263,0.3018039255778395,0.1945758718650195,0.0889532303855392,0.6821873170333015,0.6256398575492239,32.07498865541859,22.20567280995999
3367,Ninh Binh,VNM,2004,2004-06-25,0.07974482992406522,0.22347124341591124,0.051604124248192926,0.08342235059099731,0.20507580804799286,0.14501305005150344,0.0726161466022055,0.4609861406429622,0.33305130392649196,34.0055400847742,25.525948127888796
3368,Ninh Thuan,VNM,2004,2004-06-25,0.0690033553120834,0.3424041468230753,0.03690445734467516,0.07704776771995457,0.3425204165220952,0.23703917944911365,0.12450376814310564,0.6782886274066174,1.0347239099670336,34.50579102385563,22.512753621204403
3377,Soc Trang,VNM,2004,2004-06-25,0.12363684868069755,0.29336178462972556,0.09556228174131115,0.13036564865903452,0.2635983826661662,0.18774390739442273,0.10210926401444531,0.40034320287734004,0.3607179594966449,28.943239024543654,22.205540387415354
3386,Tra Vinh,VNM,2004,2004-06-25,0.13000899486758913,0.31238986503850175,0.10146858817437455,0.13708499718001704,0.29154408395893955,0.20803705598103586,0.1111756978654933,0.4098061502290903,0.40731633167800113,29.063567007284927,22.340531941488962
3387,Tuyen Quang,VNM,2004,2004-06-25,0.09486209205817256,0.3278062246120386,0.08691937506246707,0.11036067793222117,0.31288806352093507,0.207168645276702,0.09891722225721405,0.5971109489075853,0.5350240832219576,31.791827783797174,23.11030016668093
3388,Vinh Long,VNM,2004,2004-06-25,0.15796314941228853,0.32402127812333736,0.13668275675088915,0.1627805862746122,0.3069048740321698,0.22191295984706857,0.12196536507543956,0.36428145412627094,0.33742827750254956,28.560782074973513,20.330113315845313
3390,Yen Bai,VNM,2004,2004-06-25,0.13186323222706994,0.34198939360449643,0.12393715476278774,0.14679827713599658,0.3316075667476575,0.23010514142351737,0.1199723140609497,0.5073789033617774,0.48307637437680323,30.41668848014536,21.276424136729343
3328,Bac Kan,VNM,2004,2004-06-25,0.08844944673454139,0.323338897212292,0.08366595726389929,0.10599185179560003,0.30932426491681425,0.19816767290207088,0.09161485194915248,0.6290836214237948,0.5335964696196004,30.682391595034172,20.017476952971816
3329,Bac Giang,VNM,2004,2004-06-25,0.07853480699412149,0.27953479105277046,0.050108931731106976,0.08399282480502128,0.28182236615859113,0.20229591282905215,0.10468672664317935,0.5731858988157672,0.533516239574802,35.874279569793075,22.907582283182197
3330,Bac Lieu,VNM,2004,2004-06-25,0.09555837251488629,0.1794888065612022,0.06358746051031883,0.09697025901976908,0.1604858626202816,0.1243737646903086,0.07228706897826709,0.2712610680124282,0.1923793839864376,28.60354943391032,23.375689952175104
3331,Bac Ninh,VNM,2004,2004-06-25,0.11677793141180012,0.23585116636934075,0.0675761474544903,0.10943650816820634,0.22512824658502026,0.18549528761158102,0.11503646660567861,0.33884362108520555,0.2962435463816579,35.95850017493663,24.677961285563587
3334,Binh Duong,VNM,2004,2004-06-25,0.15784411034175458,0.3829238811265361,0.14541783265174607,0.16851067489137583,0.3743314045215097,0.2663739306713385,0.14433400944633046,0.4490730191332886,0.5058465865351943,29.661110181290812,22.50253494282087
3335,Binh Phuoc,VNM,2004,2004-06-25,0.17679332862856686,0.3767832339084975,0.1716880115860967,0.18825352687522576,0.36061216401719387,0.2551915894234593,0.1430361563132916,0.4015079394396869,0.41661248635477055,29.537782512156685,22.653178807947064
3339,Ca Mau,VNM,2004,2004-06-25,0.09012918979638052,0.1821811369582696,0.06362002177681293,0.09234653991779267,0.1646664921913638,0.11970174240582569,0.06883887803773998,0.3201153433194077,0.19550391376444895,28.715804358707352,23.843792362722485
3340,Da Nang City,VNM,2004,2004-06-25,0.0561928674925496,0.26789780236692023,0.04064423974284655,0.06753925463409695,0.2534141870015873,0.16178421411266702,0.0800039333808894,0.6723353066909188,0.55145353236998,31.56225905403991,23.32920604388614
3346,Ha Nam,VNM,2004,2004-06-25,0.09944835449655921,0.21939217570945652,0.06820490401935478,0.10082191404604636,0.19191866939435623,0.14079713021151924,0.07621309343640129,0.37435391229380865,0.2591632933853743,35.03627674983159,25.886954345229235
3350,Hai Duong,VNM,2004,2004-06-25,0.10682801388424673,0.222055821386969,0.06387640203470712,0.10238294425236753,0.19909339912884264,0.15384982215187173,0.08862352754826734,0.35359515089624,0.26372794773619535,35.763931103624884,24.60255678767206
3354,Hung Yen,VNM,2004,2004-06-25,0.12234432488947723,0.23052415789902897,0.07970828309568075,0.11570932833364295,0.20024611556084856,0.1572666210720056,0.09495432957668673,0.3114190736739826,0.2355352879280153,35.39349389100904,25.093974177755648
3364,Nam Dinh,VNM,2004,2004-06-25,0.11039587583431507,0.20234790217557014,0.07316631765941664,0.10299532340524592,0.18282670629158235,0.14539991983250505,0.08625054468998167,0.29974185062773917,0.19558957000298982,35.55863242223219,26.38250216883679
3369,Phu Tho,VNM,2004,2004-06-25,0.1299734362137755,0.32189766240389756,0.11639040742085552,0.14012816311553317,0.309069434416613,0.22193817611304276,0.12056997222686115,0.45471919243786524,0.43113268019076684,33.600654830721886,25.076559311322363
3372,Quang Nam,VNM,2004,2004-06-25,0.06331423460933969,0.3064204649485726,0.052963524834748005,0.07790845965661845,0.2859166718438967,0.17467624025609893,0.07971379996132505,0.6984739065720482,0.5948476099630753,31.15300012687167,21.77686484566571
3381,Thai Nguyen,VNM,2004,2004-06-25,0.08698068506556925,0.31206665238545506,0.07161142920849217,0.10018385987145317,0.30202819826817867,0.20511512037799126,0.09893845916376127,0.6032445594397136,0.538409026906204,32.927481505719356,23.197029589541966
3389,Vinh Phuc,VNM,2004,2004-06-25,0.13717787424327382,0.29946787850485096,0.09956013949257557,0.13675468500220953,0.2874038942390975,0.2259471555120256,0.1363189130407574,0.3960841250598111,0.40440090617829094,34.812230165213016,25.46223839891005
73933,Can Tho city,VNM,2004,2004-06-25,0.11708124514411937,0.30675471247678815,0.08988031584573596,0.1259715252560875,0.28159885938472906,0.20064301689984135,0.10743060003526526,0.4632232330293196,0.4114167675410559,30.329519001405007,20.511241759416485
73934,Dak Lak,VNM,2004,2004-06-25,0.17624537233597543,0.38954158967387015,0.16854026958149412,0.18904082972333386,0.3730054749802175,0.2613077564306507,0.14788945060602604,0.4357826235011159,0.4704676937622272,29.107071349435916,19.715269241557635
73935,Dak Nong,VNM,2004,2004-06-25,0.19859909264928452,0.38259829314801763,0.19976744468887997,0.21088482080156815,0.3633281166491223,0.252937982610174,0.14704899270430086,0.36278213325434727,0.36610856643413775,28.411052125014024,20.054122263946557
73936,Dien Bien,VNM,2004,2004-06-25,0.1287462527358438,0.4130239992717948,0.11479062147868327,0.14876244109894957,0.3907975598741009,0.25648874735463706,0.12444697339760377,0.5952946054008662,0.6647122540601184,28.754373336736272,19.347815008366915
73937,Hau Giang,VNM,2004,2004-06-25,0.10946598857562961,0.29471725355611444,0.0859416532310174,0.11733167479889506,0.27691336674296363,0.1941858172962322,0.10320894110619407,0.48152484207050855,0.4108313725137723,29.773330184853414,20.221485578175226
73938,Lai Chau,VNM,2004,2004-06-25,0.11096590606990112,0.3870438841398211,0.09507354087152772,0.1309987149184098,0.36837707858748164,0.23878165247422375,0.11334193341075777,0.6149114125619413,0.6531475454142555,28.681495275585473,17.731847369192593
73939,Lao Cai,VNM,2004,2004-06-25,0.13538814495719134,0.372388952937374,0.12206010562591943,0.15094832378722955,0.359946746370261,0.2471288435421376,0.12613087361732608,0.5533186655012119,0.5686566325992173,30.76771255816109,20.2479202026625
3326,An Giang,VNM,2004,2004-06-25,0.13693595052816163,0.3637230545426717,0.09781452542586541,0.1394051163020643,0.34392663674727864,0.24322235174855109,0.13148837435704527,0.46316155147264165,0.49816485416595424,28.283642691017864,22.380982669894834
3332,Ben Tre,VNM,2004,2004-06-25,0.1708580975273598,0.3133707484690085,0.15409004371979793,0.17695539110763375,0.2842951284192969,0.204500965186678,0.11741475731123445,0.30029541312912866,0.26655409570956023,29.8126677060644,22.867192892546953
3343,Dong Thap,VNM,2004,2004-06-25,0.14050300408056474,0.32157731954175744,0.11151938247959312,0.14401190941930608,0.31206162810470595,0.23038007507013164,0.12664726564249248,0.4123652057046019,0.39367152614809914,29.887786353728277,22.309265881027347
3351,Hai Phong City,VNM,2004,2004-06-25,0.10406398280018249,0.20813729940588122,0.07284581956690568,0.10342466051755059,0.1861450399947416,0.14099266713885042,0.07962295448661431,0.3396457691143427,0.22673297882995494,35.09983513172743,24.68075967591935
3352,Ho Chi Minh City,VNM,2004,2004-06-25,0.17590379770309397,0.3141141175002892,0.16679216881484715,0.1845697812289115,0.2963533531429405,0.2198569123697033,0.13051896163811236,0.30836662052019154,0.27930137671370786,28.56259839725123,23.515380604069037
3356,Kien Giang,VNM,2004,2004-06-25,0.08895318692292006,0.2585822839644884,0.06267135012743885,0.09551371777980036,0.24535818575659202,0.17285211305914014,0.09120180147196202,0.4801822936279339,0.3984634238181191,28.51701906195149,20.84613384384568
3359,Lam Dong,VNM,2004,2004-06-25,0.21809780961087474,0.4124801528634598,0.21220225669351767,0.2292749900880406,0.39517979481194515,0.27320853511744814,0.15753071540071822,0.3845638941877719,0.40144244017043346,26.793859111572523,17.612930046778114
3362,Long An,VNM,2004,2004-06-25,0.15588232504845803,0.3486517061703023,0.14154393957477546,0.16620048831446202,0.3386008695548016,0.24351216628101982,0.13430208875815783,0.40683738483190923,0.40678010521330255,29.6597817931748,22.90991039780775
3375,Quang Ninh,VNM,2004,2004-06-25,0.06708397712939713,0.2733035264079953,0.052175949547318516,0.08234590214102223,0.2697839362349631,0.18118692581292123,0.08258571540631364,0.6092112689781667,0.5127336502353466,31.400926758805614,22.28568494061067
3378,Son La,VNM,2004,2004-06-25,0.1037399215032576,0.3757010848157979,0.08857346377032273,0.12172586392181536,0.35591553671538134,0.2323455820044889,0.11185931682975418,0.6239093884971341,0.6544774653936617,30.16877509460254,20.27990776027886
3379,Tay Ninh,VNM,2004,2004-06-25,0.118440432056493,0.37114357983562246,0.09511706328813516,0.12804997570542595,0.36339088411120574,0.260127369029464,0.13893202663264398,0.5353686932346108,0.6862645954971539,29.021269603410605,23.171702899986812
3380,Thai Binh,VNM,2004,2004-06-25,0.116345832493414,0.2061577525971099,0.07945895317466271,0.10899755120385961,0.18119496481712394,0.14469840950429866,0.08715539779386243,0.2829982093018965,0.18921463596487034,35.460055070841996,25.019091696763734
3382,Thanh Hoa,VNM,2004,2004-06-25,0.05930426908162267,0.3045097414328574,0.03727908496922819,0.07262939193837273,0.28456987649567356,0.1820040666384518,0.07837927582078713,0.6644685380278358,0.5920241044544475,32.20602652117803,23.659803858333518
3384,Tien Giang,VNM,2004,2004-06-25,0.13900199197148205,0.3555219526169478,0.12735967165420203,0.15278174907343178,0.3228667023570082,0.2207647794208124,0.11615852205791899,0.4708953103254401,0.4570217240118302,29.219316279250705,22.522435159798167
3333,Binh Dinh,VNM,2004,2004-07-03,0.0692676831847802,0.3261930595198799,0.03924547692294242,0.0769812513166413,0.3209477804575355,0.21395994566435192,0.1084988783741278,0.6543862679724892,0.7645049880887125,34.13895031343821,24.92366317243111
3338,Cao Bang,VNM,2004,2004-07-03,0.09266170447148617,0.35249028369384533,0.08048236843694564,0.11151549424975742,0.3509158433040442,0.23509052917800205,0.1102835652980339,0.6142575909734939,0.6430456009730772,29.63319018579443,15.643483776990182
3355,Khanh Hoa,VNM,2004,2004-07-03,0.05810663027429665,0.31194417424264986,0.03695202631016682,0.06991446341582892,0.30244217032450527,0.19290963539935513,0.09171121786054776,0.6929531081772458,0.6845906579082806,32.60857682603241,22.38663536376784
3360,Lang Son,VNM,2004,2004-07-03,0.10942955485614654,0.34599868226299096,0.10135427958344201,0.1275559520380704,0.3466656643200123,0.23543023995974247,0.11373082512634554,0.5381226150924272,0.5328630867667437,28.484756417079815,15.282904374878415
3370,Phu Yen,VNM,2004,2004-07-03,0.06250911471533847,0.32601537541580056,0.03518647299834396,0.0736871680184873,0.3172845549823533,0.20920442682830112,0.1033532548148552,0.6780363639153733,0.780052916335714,34.57611663912492,24.019196682680114
3371,Quang Binh,VNM,2004,2004-07-03,0.06952115060803638,0.2852681893140063,0.05602540536911008,0.08120904996766137,0.27257414357571774,0.16971931012059902,0.07911484672377586,0.6402537950193943,0.5052028103566897,31.91415979415417,
3374,Quang Ngai,VNM,2004,2004-07-03,0.05819228998279583,0.33236316854461256,0.03406667832733721,0.07195283093074796,0.31866741826539574,0.20745399489098104,0.09748197480126015,0.7020110046434237,0.7468274872493252,32.484761781328515,24.47740614473318
3376,Quang Tri,VNM,2004,2004-07-03,0.0987087652092728,0.3577969704799378,0.07745501540667303,0.11203637054798035,0.3428365384550591,0.23157781863063323,0.11820496031065879,0.5813102578117287,0.6571960502260377,31.98052970055997,24.215804103329532
3383,Thua Thien - Hue,VNM,2004,2004-07-03,0.07297804322147768,0.32912001084430537,0.053903191323899195,0.08838170534187764,0.31663400328452024,0.20790988368569088,0.0996562475871013,0.6434373056353857,0.6520494877192707,31.514430562437862,24.083827419835714
3327,Ba Ria-Vung Tau,VNM,2004,2004-07-03,0.08834985132006949,0.31522989142862196,0.06764978418057215,0.09902159814383635,0.30513989939778846,0.21100082270210294,0.11153721851408908,0.5219733278771777,0.598567261166864,33.021859257843914,21.449100284495046
3336,Binh Thuan,VNM,2004,2004-07-03,0.07942609044746766,0.3591148099999894,0.04329650097063838,0.08546201533210768,0.3630862229246943,0.256781521925818,0.13782243589728077,0.6580741878072259,0.37923637765806373,32.618722660005155,18.429817836024437
3342,Dong Nai,VNM,2004,2004-07-03,0.08464530549199695,0.3481098186594516,0.06438500478383782,0.0987770881206244,0.3325205181399877,0.21701347053124895,0.10341296154152045,0.6036808541331976,0.672618496377141,31.563184410840215,20.96362070550886
3344,Gia Lai,VNM,2004,2004-07-03,0.09294942880657767,0.35887474075638776,0.07444380547738831,0.10662731350863837,0.3490723850888992,0.2285085110849131,0.11361442220944837,0.612828731766036,0.7262515750851696,31.396178974261005,21.884084640967114
3345,Ha Giang,VNM,2004,2004-07-03,0.08453169424036125,0.3627444335588353,0.06601949954178593,0.10216214832051207,0.36378445667459797,0.24727928327971155,0.11484702865147563,0.6419100617828885,0.7488925062164217,30.19642625360879,18.33556124937023
3347,Ha Noi City,VNM,2004,2004-07-03,0.13195405845729394,0.27018778110775665,0.10048828112684904,0.13185069559147056,0.26623575102241015,0.2111649520590666,0.1256102027588675,0.3387091804890155,0.335226615007036,,
3348,Ha Tay,VNM,2004,2004-07-03,0.11116815423127814,0.24984441357443998,0.0786499471221394,0.11263083098309186,0.22715915375663248,0.1677815244055307,0.09033865554797638,0.3675571285752704,0.3135879324259104,,
3349,Ha Tinh,VNM,2004,2004-07-03,0.07443762654018751,0.2798116878241066,0.05116011989593987,0.08306963944768747,0.27178429882811633,0.18286560864023876,0.09042444110516853,0.598059440173471,0.5042533400042081,34.691393857713734,
3353,Hoa Binh,VNM,2004,2004-07-03,0.06794147049242194,0.36872252999994987,0.04259291252061498,0.08540454827883678,0.35935884484466546,0.23772155131421113,0.10590450786206199,0.6798298289162472,0.7811788456370522,28.625133785137976,
3357,Kon Tum,VNM,2004,2004-07-03,0.12644400927989732,0.3745051051838342,0.12056693193302771,0.14230102113238716,0.35919918364244224,0.23005373884091124,0.11516559905737224,0.5327613266018872,0.5211473145409865,26.790269789423096,18.679047573928194
3366,Nghe An,VNM,2004,2004-07-03,0.08296853903060478,0.3622897499016389,0.062316532897058956,0.09907163591468551,0.35036089572939266,0.22775718283287816,0.10471772159118507,0.6256284950525783,0.6644499940103905,32.015141192296504,
3367,Ninh Binh,VNM,2004,2004-07-03,0.09414389600650971,0.25109392217824017,0.061360791790610186,0.09789363533069476,0.23412908851823624,0.168757556642144,0.08745968599298375,0.4259862318562617,0.380640348767191,32.40197138063752,
3368,Ninh Thuan,VNM,2004,2004-07-03,0.07089882184620956,0.32924558110400426,0.038866122300435624,0.07654157025270902,0.33392881052289053,0.23635007007002504,0.1293072427268375,0.6619047007290236,0.21203844373285965,34.99086077051496,22.78615847602979
3377,Soc Trang,VNM,2004,2004-07-03,0.0908319893335759,0.2810210315043773,0.061075829839600276,0.09824994653537145,0.24661100432268412,0.16767567425637836,0.08626895978089674,0.4843342813662805,0.43292309300285864,31.964869998911478,25.00665251363423
3386,Tra Vinh,VNM,2004,2004-07-03,0.0980857039501565,0.2717036971488459,0.070487336033732,0.10429461659141719,0.2442620791673193,0.16806736298925887,0.08856367593944953,0.4542751336850601,0.39253348103124386,31.262431683300704,24.495257057776737
3387,Tuyen Quang,VNM,2004,2004-07-03,0.12282776738701678,0.36717828854815976,0.11975986728844001,0.1405194316422877,0.35887571610665986,0.24420676119634413,0.1185960509162953,0.5232501520799246,0.5311237868048124,29.656783963783496,9.983180593272367
3388,Vinh Long,VNM,2004,2004-07-03,0.1287257253278087,0.30484663266772616,0.09933378578784896,0.13141236884038596,0.28276319905509206,0.20055039943315536,0.11035183793824944,0.42003480949502187,0.37963601970739885,31.898639694685446,24.729286542124715
3390,Yen Bai,VNM,2004,2004-07-03,0.10509083857362912,0.3768406092268168,0.09001366927800002,0.12267577632159991,0.37284134974915395,0.2553455956254674,0.12227434144362107,0.5812433022712408,0.6780575673516216,30.993593987180176,12.57513024563641
3328,Bac Kan,VNM,2004,2004-07-03,0.11754692381805265,0.3827807048079295,0.11452163050241301,0.1381364593164466,0.3767834373516323,0.2501661530583209,0.11909118039434202,0.5627519839046592,0.6077485386369177,28.779269153982423,16.57800487749858
3329,Bac Giang,VNM,2004,2004-07-03,0.12248579672327073,0.3164526398340051,0.10085835799419088,0.1300061401975281,0.3230540338969622,0.23870645090215728,0.12736357013902555,0.4485524201758184,0.4546092705119038,30.41699138142141,
3330,Bac Lieu,VNM,2004,2004-07-03,0.08536772787172789,0.1852764946548428,0.05514956661184466,0.08806860810706946,0.16504103410459045,0.12321091316559264,0.07114279954842381,0.29389869268321106,0.23760494548303757,31.58010694145406,26.165357701375317
3331,Bac Ninh,VNM,2004,2004-07-03,0.1377920539800299,0.24657901136896793,0.1024789651264761,0.134496113179333,0.23868705967955625,0.19438194247434135,0.11702025777681728,0.2791675731861157,0.24587401457302058,,
3334,Binh Duong,VNM,2004,2004-07-03,0.12169625024080599,0.37841705111044033,0.10234307587893679,0.13279454467919305,0.3779426529831007,0.26751172269385987,0.13934331530230998,0.5335048792021954,0.6656688927625746,32.636605712982785,22.215427089184832
3335,Binh Phuoc,VNM,2004,2004-07-03,0.06469334544253336,0.355073307217119,0.04186630400567828,0.07836823793094959,0.34256668872921336,0.2196419325906978,0.09551338944106531,0.6976363356598317,0.7247167880910241,32.668460301491436,21.498501109542087
3339,Ca Mau,VNM,2004,2004-07-03,0.07643651094103207,0.18247644058087692,0.05118539757586262,0.0802287974225495,0.16512055988204416,0.11419998267541846,0.06184917269355905,0.3738787577856698,0.2313892164464601,31.406286920185003,25.11091369943314
3340,Da Nang City,VNM,2004,2004-07-03,0.06411383313475089,0.3292383794524931,0.04319327120660263,0.07989177259603304,0.31115456314964657,0.19945712113454164,0.09538542264147658,0.6750631361588121,0.6859450198582872,33.7200354461533,23.135443926124623
3346,Ha Nam,VNM,2004,2004-07-03,0.10627979792100122,0.23660353241370816,0.07190965563808245,0.10771735472727681,0.20813370308124424,0.15216718052489342,0.08191185359379756,0.3606441797301139,0.2855721638725184,,
3350,Hai Duong,VNM,2004,2004-07-03,0.12470833711316501,0.24076053221483112,0.09197303033403519,0.1252161101241297,0.2189261491188575,0.1665565035621607,0.09343428417291151,0.308713973968387,0.24237594896599063,25.24668225980573,
3354,Hung Yen,VNM,2004,2004-07-03,0.12081579353872575,0.22886766925789764,0.08608053127607083,0.11736034178308556,0.1999744161868908,0.15140778342142686,0.08654083768398763,0.29689207216675845,0.22671673589970695,,
3364,Nam Dinh,VNM,2004,2004-07-03,0.12272084992904903,0.2037186262115215,0.08908232238793914,0.11775058314911141,0.18258841860311215,0.14190646993630351,0.08364526651409057,0.2415705278643784,0.1648336002512575,,
3369,Phu Tho,VNM,2004,2004-07-03,0.09956482250074533,0.34727460187245207,0.07694167759227767,0.11117501415933488,0.3434833518650556,0.24332911527126355,0.11853302813673945,0.5478518403538128,0.6183189036372365,28.062155977717538,
3372,Quang Nam,VNM,2004,2004-07-03,0.05930162960406958,0.34462345989611154,0.043201043249255694,0.07686670833584647,0.3236890401127598,0.19785572682308988,0.08790730025296192,0.7129065125054492,0.7179980151795149,31.86278169526844,21.985164148360003
3381,Thai Nguyen,VNM,2004,2004-07-03,0.12275456005330733,0.3585059606204197,0.11379620409017649,0.13847823600095854,0.35934559216517675,0.2540457538844411,0.1270310268748536,0.5031660645400173,0.5386128107234425,27.628876038295274,18.229418619945832
3389,Vinh Phuc,VNM,2004,2004-07-03,0.11712302543048839,0.2945417434398381,0.09057601475941839,0.12219952220268862,0.2926361219772927,0.22309381445471924,0.12283811062582004,0.4222363384925668,0.4331441157462268,30.010957020057347,
73933,Can Tho city,VNM,2004,2004-07-03,0.10774947157002644,0.3073336097167192,0.07963250374694864,0.11740351558840843,0.2817674819953596,0.20107162182266977,0.10626534164288604,0.49951599928218976,0.44926421506609887,32.67185943331734,24.902369162981163
73934,Dak Lak,VNM,2004,2004-07-03,0.06483130556720823,0.3519477819402253,0.04346847097031962,0.0798950550395611,0.3399330483175067,0.21638743854581233,0.09833362147622754,0.7013379427350309,0.7463218897663007,31.873324245405502,21.431423577849433
73935,Dak Nong,VNM,2004,2004-07-03,0.07407978881375128,0.3580970473337628,0.058093764980209524,0.0894688625846211,0.3443122853285335,0.21421811545502625,0.09635113345948226,0.6783016384475334,0.6809790861412519,30.57043026602571,20.005883980653618
73936,Dien Bien,VNM,2004,2004-07-03,0.13313296433497052,0.40173534245846515,0.12421059695262625,0.15245303045900024,0.37810452203215855,0.24619046760987254,0.1231533079271799,0.5506090132557373,0.588557449213388,30.84158799679765,
73937,Hau Giang,VNM,2004,2004-07-03,0.09668973822741296,0.29441620261743917,0.07556025594265418,0.10785895049726725,0.2652011993578458,0.18018958435165558,0.09229153309994446,0.5299681454888948,0.4316892734337859,32.091409693863554,25.062769069630995
73938,Lai Chau,VNM,2004,2004-07-03,0.148944417450422,0.3989318268372633,0.13693903718506714,0.16680648597024972,0.3781820386110987,0.2514312941639455,0.1283405133933573,0.5177237167710643,0.5434648573182753,30.839028699921034,14.295491376505119
73939,Lao Cai,VNM,2004,2004-07-03,0.07581029260391818,0.36305019066229427,0.058461449897831745,0.09430845465057264,0.35297905818069436,0.23026271718213626,0.10329599023945105,0.6732279048007049,0.7210628614146879,32.683341428672996,15.260479858222798
3326,An Giang,VNM,2004,2004-07-03,0.15694598410734048,0.3425798138938781,0.1190681371840643,0.1549957448808184,0.3401344237104553,0.2548080546295915,0.14298412467050978,0.3805228533541391,0.40606498656137824,33.300314094252656,23.759432295949324
3332,Ben Tre,VNM,2004,2004-07-03,0.0997907689116158,0.2695359360702412,0.06937377887129755,0.10345864466524811,0.24156042444865233,0.16268673359646738,0.08556212909332761,0.4226636298899069,0.3742806659393912,31.239070926633595,24.95863751491219
3343,Dong Thap,VNM,2004,2004-07-03,0.1265797648475218,0.3062912108884552,0.09417544247674785,0.12854164748440883,0.30186174668422494,0.22505727237635736,0.1221713982747019,0.4371079327504697,0.41720644120178285,32.65342053089823,24.758076195153254
3351,Hai Phong City,VNM,2004,2004-07-03,0.12646413686344113,0.22166910612456767,0.09921802090753105,0.12765043891596387,0.20232006994217103,0.15479590575379645,0.09007863953489931,0.2663386907332066,0.19557869890586402,25.025334198277996,
3352,Ho Chi Minh City,VNM,2004,2004-07-03,0.1216709207710426,0.28140568407930805,0.1020036642796555,0.1291840662550931,0.2650369162423533,0.19071194751497658,0.11074183621308112,0.4012269791130937,0.3653969991481324,32.97316009221098,21.543593518764542
3356,Kien Giang,VNM,2004,2004-07-03,0.09424655473997563,0.26874203411617004,0.0715999284743874,0.10246736749929967,0.25271737147889817,0.17715901283940635,0.09341977241600129,0.48371181585635126,0.40159719217025963,31.720416899672863,25.166822548910623
3359,Lam Dong,VNM,2004,2004-07-03,0.05703871261062005,0.3409299036798869,0.037882142649574985,0.07215763873348424,0.33364966644145283,0.2054850984793084,0.08891569210382924,0.7243567222010657,0.7127879822093386,29.17037817809605,17.77313872320058
3362,Long An,VNM,2004,2004-07-03,0.12625720619960512,0.32624977986279335,0.10313771870948064,0.13321531074381565,0.3266767291101746,0.23681285077683042,0.13017152442948982,0.4639879569576042,0.4829355020898363,33.174962390456926,25.46043299382438
3375,Quang Ninh,VNM,2004,2004-07-03,0.09377146119401815,0.28702331702656175,0.08257876704330597,0.10911342336014339,0.2872880475026123,0.19864294947918737,0.09632402680832196,0.5109916796216815,0.44343209592168314,25.6131828945504,
3378,Son La,VNM,2004,2004-07-03,0.11377635460852438,0.42637735377266994,0.09565633886592247,0.13435376242920827,0.4072417275256635,0.26849232565830367,0.13096863326044145,0.6058092912912116,0.7632998682200652,32.03423106690206,
3379,Tay Ninh,VNM,2004,2004-07-03,0.13274609104234072,0.37770851228673913,0.11239111725365648,0.14330136014004674,0.37254293319882453,0.26933154423048344,0.14529432861994476,0.49425119051784017,0.617333858543494,33.38406829917535,
3380,Thai Binh,VNM,2004,2004-07-03,0.11878995102290499,0.2010239171479596,0.08563049811545391,0.11442216052392275,0.17420029029974582,0.13377228205837394,0.07781757438564743,0.2496617623350935,0.16389606299359144,23.010000000000048,
3382,Thanh Hoa,VNM,2004,2004-07-03,0.07888259061685826,0.3549272434075478,0.05233374234229383,0.09427154151286685,0.3411501347718636,0.22783234366743008,0.10448876506060965,0.6202453883650373,0.6959255885188446,30.153521261265045,
3384,Tien Giang,VNM,2004,2004-07-03,0.10039146415110735,0.3460736087400198,0.0774257401491029,0.11212800146674828,0.31538266317777797,0.2114147860951609,0.10823181572914099,0.5474704456730248,0.5709518818976359,32.2380588607675,24.630898339537637
3333,Binh Dinh,VNM,2004,2004-07-11,0.0727125160979063,0.34350059835327557,0.042154763958964385,0.08187460788470345,0.33297015107044314,0.2221041456075599,0.11194197608844557,0.6551467570318393,0.7883592421844321,32.40337892195439,22.15884992807445
3338,Cao Bang,VNM,2004,2004-07-11,0.2635703566237503,0.4402992742306753,0.26637788997166817,0.2785133812956412,0.4265384809803795,0.304427014490693,0.17404592914498632,0.2818163821615065,0.2993765325563515,28.900797490229145,12.988896269800756
3355,Khanh Hoa,VNM,2004,2004-07-11,0.0834840449279681,0.34919816487072974,0.05905684721160896,0.09497860821038026,0.3387627838719718,0.22517710346252032,0.11397468455045838,0.62348232285103,0.7694565736663198,32.94483461268311,20.55072355922387
3360,Lang Son,VNM,2004,2004-07-11,0.2644546165173158,0.4062429787295603,0.26958723362459924,0.2789845764076461,0.37859783429948946,0.2605029597363109,0.14905926779722634,0.2552920051362963,0.2306858129004004,29.667642716350077,
3370,Phu Yen,VNM,2004,2004-07-11,0.08147373267653288,0.35149536843489426,0.0536490493366918,0.09316095146010399,0.33919697004973137,0.22784298109146617,0.11584915886706038,0.6297310966715663,0.7479761156377743,32.2152485317699,21.724157303069656
3371,Quang Binh,VNM,2004,2004-07-11,0.05709791885343522,0.30435798266937036,0.04211663062530801,0.07064944624152605,0.28907686862884174,0.17860925188864527,0.07843052632352072,0.7026610550386002,0.5994676330092344,31.410652643640724,22.6282740119166
3374,Quang Ngai,VNM,2004,2004-07-11,0.06120289388010231,0.36079817839620404,0.03580429182706941,0.0763686305976241,0.3409613048893338,0.21904577128669167,0.10064234439783569,0.7102058753370878,0.7992587678945858,31.917885252099317,21.766782830650293
3376,Quang Tri,VNM,2004,2004-07-11,0.07345879692219255,0.32178974936589155,0.05595172679374143,0.08738208728275318,0.30211904748694923,0.1957123878926977,0.09307722442021069,0.6511011955622622,0.596893015122757,30.412498351883226,22.948915599359648
3383,Thua Thien - Hue,VNM,2004,2004-07-11,0.05751408617215576,0.29526423853278155,0.04455438679649417,0.07246116580177296,0.2749394649266468,0.16995624218343913,0.07514265473662048,0.6932081083785262,0.577505101716614,30.467587296375207,22.489420566642547
3327,Ba Ria-Vung Tau,VNM,2004,2004-07-11,0.07140040488036031,0.3047112542339234,0.046245640603243474,0.08071351581329766,0.29506521977780625,0.20117473332495972,0.1022376937295675,0.5884832979362044,0.698905057038477,33.00519987256222,23.285871950038505
3336,Binh Thuan,VNM,2004,2004-07-11,0.08335525211871796,0.3549126532311057,0.04729479994275692,0.08868393345952759,0.35733074926036235,0.2540050352370333,0.13732050217086184,0.6386734093318663,1.2657978736242883,33.46814937506222,21.65842292051626
3342,Dong Nai,VNM,2004,2004-07-11,0.07311830517394051,0.33584991286377364,0.05290300654525362,0.08757344782040771,0.32065860810539965,0.20849854832001868,0.09635864295905691,0.6286994547102891,0.6680160070598105,30.956570932997455,22.24615320367151
3344,Gia Lai,VNM,2004,2004-07-11,0.09142082633536047,0.3562711071072854,0.0724309932924494,0.10481317310325436,0.3436207323436675,0.22488204602380313,0.11203808990657062,0.620519981815939,0.7050181509934443,29.969092839782533,19.631277690241316
3345,Ha Giang,VNM,2004,2004-07-11,0.20521823243515305,0.40325115765667824,0.20459996984999929,0.22159686997772268,0.39060650948072195,0.2745518330553292,0.15008086948332475,0.368057787147018,0.388051213013069,28.834744856387196,16.238897832494935
3347,Ha Noi City,VNM,2004,2004-07-11,0.14652998548015814,0.2737389662421013,0.1121862405163306,0.1446729979899368,0.24871247962277757,0.1994114680313816,0.12751945923135846,0.3275566948974709,0.28865807447433905,,
3348,Ha Tay,VNM,2004,2004-07-11,0.14239712718226624,0.2898334446190343,0.11106578207570195,0.14629895685092376,0.25441200687638627,0.1869649665751813,0.1067204678280717,0.3602322018354639,0.3014338650876952,26.524052995425386,
3349,Ha Tinh,VNM,2004,2004-07-11,0.07604028076576799,0.31024718173684196,0.05297255385483682,0.08805821739347931,0.2971957684448892,0.20182900595327005,0.09713146697023026,0.6199450637924161,0.5812370275556259,32.89949415188602,21.431778635086506
3353,Hoa Binh,VNM,2004,2004-07-11,0.1057061095188761,0.32296438180562886,0.09507107466283704,0.1196891949221483,0.3020170939437151,0.19501620191295707,0.09564501078237972,0.5360448947105659,0.45921400528753564,26.44754800857045,
3357,Kon Tum,VNM,2004,2004-07-11,0.08430406272216,0.36091959630856346,0.07385157752825657,0.10128387465754532,0.34454399109243417,0.21158276277322757,0.09629498390936417,0.6535852150069745,0.6547216447102292,26.74714753799112,17.903398656922125
3366,Nghe An,VNM,2004,2004-07-11,0.11216974199447449,0.34490425526886037,0.09762443111183781,0.12477407806049234,0.3258214691245586,0.21721139147262564,0.10750521366085171,0.5648611897451079,0.539041707197052,30.98295347907715,
3367,Ninh Binh,VNM,2004,2004-07-11,0.10758091734772529,0.23708427270473167,0.08336828671584733,0.11143158985034074,0.2082496300681266,0.1442272473588058,0.07616664357462213,0.41049960261769247,0.2642382482638391,,
3368,Ninh Thuan,VNM,2004,2004-07-11,0.08822582109850775,0.3537835404579304,0.05095952628926698,0.09221267216743925,0.358595744974432,0.2598354201599858,0.14559025822601607,0.6134279041983058,0.7512828834895443,34.779226995608425,22.009294545302115
3377,Soc Trang,VNM,2004,2004-07-11,0.09090494864687804,0.2884034441764162,0.06826384604260943,0.10234001905253651,0.2473875382188551,0.16319677051748438,0.07906286208474708,0.4911106246867899,0.4309147664997759,31.899193983974605,24.727296077198414
3386,Tra Vinh,VNM,2004,2004-07-11,0.08686759431761812,0.28511800611203014,0.05866139582933351,0.09525477620370938,0.25145177847038597,0.16636673891579973,0.08067442183944994,0.5067703385864951,0.44867373352895346,32.30491668262995,24.28385207881341
3387,Tuyen Quang,VNM,2004,2004-07-11,0.15627937702443523,0.365539926258349,0.15712966338085876,0.1726240631026726,0.34447328956533324,0.2354763496035481,0.12389313040262899,0.445545553618028,0.4166284166916806,28.501575882358992,14.27179116667716
3388,Vinh Long,VNM,2004,2004-07-11,0.10607478289902682,0.2947450676955878,0.08203413297367919,0.1142875143640923,0.26917548511563044,0.18217423990340048,0.08981708503228653,0.47667436298352417,0.40077631218478715,32.07324475555997,23.773011769244185
3390,Yen Bai,VNM,2004,2004-07-11,0.21265916059750276,0.3939860477223461,0.2104559860939416,0.22685142243177955,0.37269788247580565,0.257058534314401,0.13826757146300306,0.3744606660214078,0.36191672702427075,,13.190000000000055
3328,Bac Kan,VNM,2004,2004-07-11,0.2287617230354676,0.39884652025316325,0.2376951543433793,0.2451092920188836,0.37623300258403836,0.26381657237774475,0.1476526793013641,0.31093755149782487,0.28964047032431545,27.544220834845778,
3329,Bac Giang,VNM,2004,2004-07-11,0.2317431249948953,0.35931847448508725,0.22631905278501102,0.24180777951921484,0.3345832225102154,0.23882378498548862,0.14224309371903754,0.24489713495673054,0.21561741579996743,,
3330,Bac Lieu,VNM,2004,2004-07-11,0.09494929014710353,0.20453691401454754,0.07481528113842624,0.10280182037075947,0.17910801374300073,0.12856444224153438,0.06926679885714263,0.29112801058053195,0.23782724303127517,31.6112401441666,25.85523357973624
3331,Bac Ninh,VNM,2004,2004-07-11,0.16371539250960737,0.25914278054427997,0.1172098731618607,0.1569884849511336,0.22455707827683805,0.18084323383212056,0.11561904978923428,0.23909792874046049,0.1871859623535071,,
3334,Binh Duong,VNM,2004,2004-07-11,0.1075051177136944,0.3577416261125404,0.08893772028633447,0.1193378601754526,0.3539460619066994,0.24680814390237266,0.12226055949970487,0.5534773809033896,0.6113487715687401,30.22241426779597,23.866055439771362
3335,Binh Phuoc,VNM,2004,2004-07-11,0.0987263304779654,0.35128260288531643,0.08367502515505333,0.11184909065156,0.3372727324208394,0.22392620244487796,0.10755084889029906,0.5839398285246848,0.5948259630908133,30.634450096870374,21.07591676521341
3339,Ca Mau,VNM,2004,2004-07-11,0.09397178403139295,0.1950374149488797,0.07582919378289736,0.10050603277326536,0.173567644555472,0.11945948124986613,0.0640095734781855,0.3466465845525253,0.2094071311874042,27.70661198864666,25.130436246284994
3340,Da Nang City,VNM,2004,2004-07-11,0.05443681260447359,0.32681800413683393,0.03724522313646438,0.07095161693721269,0.30024379392483286,0.18009050347623706,0.07770407053332651,0.711409707485544,0.636733084614863,30.541963498975452,22.040589920777215
3346,Ha Nam,VNM,2004,2004-07-11,0.14831086150804665,0.2582501190629906,0.13548074862574855,0.15775001386422396,0.21551172172492075,0.1317615828710156,0.06305952366337231,0.3007691080215494,0.1821763321896346,,
3350,Hai Duong,VNM,2004,2004-07-11,0.16483900184003478,0.2679835551898215,0.1468826547054396,0.17079381670672636,0.23531417499642987,0.16703052909065766,0.09274279418257994,0.2453291583039118,0.17262789379768775,,
3354,Hung Yen,VNM,2004,2004-07-11,0.17960947111175216,0.27284249432277513,0.15742506085020286,0.18174830616815166,0.22901731467096673,0.15549342198743607,0.08580117052501662,0.22894522645295448,0.14943620992565906,27.048464575109094,
3364,Nam Dinh,VNM,2004,2004-07-11,0.15461241408726564,0.213479196919016,0.1266769224543428,0.15057225017220904,0.17628521101715203,0.13617822179397923,0.08543960847306,0.17858131145047024,0.10272576557481422,,
3369,Phu Tho,VNM,2004,2004-07-11,0.09602778945320666,0.30491716147353676,0.08190939603394566,0.10797294266350924,0.28536021192297034,0.19278141196547982,0.09438291508079073,0.5393021065399909,0.46006516446638374,27.919024531862505,
3372,Quang Nam,VNM,2004,2004-07-11,0.05385680092285381,0.334342201988341,0.041160005109228036,0.0713212431034289,0.30777100885954106,0.1802693465865762,0.07442717346881847,0.7331062816687839,0.6412120624789247,29.514201150816586,20.343805580704053
3381,Thai Nguyen,VNM,2004,2004-07-11,0.2398850256353727,0.379983590193446,0.246474763967372,0.25467656095395225,0.35247719439088054,0.263768739158747,0.15511078390202038,0.257355602200201,0.23209636353740695,,
3389,Vinh Phuc,VNM,2004,2004-07-11,0.10927589000781825,0.2899873414011309,0.0877506227370661,0.11770725153255407,0.2681438235772622,0.1940861530334592,0.10396081074049372,0.46684640471248107,0.404695336604104,28.831773646718233,
73933,Can Tho city,VNM,2004,2004-07-11,0.099130552302996,0.3211300165719827,0.07704045023996979,0.11334909694403257,0.2910421689460612,0.19937703871204168,0.09646366327604552,0.5401761619354767,0.4928131405558381,30.674602769848516,24.336994068596635
73934,Dak Lak,VNM,2004,2004-07-11,0.0971473241666704,0.35507308663224046,0.08160693924381819,0.11169693898975795,0.3372574129617717,0.21939953630569817,0.10811563317334365,0.6099112682366573,0.6190012087937073,29.39072700588698,19.698906008805537
73935,Dak Nong,VNM,2004,2004-07-11,0.10325179044592457,0.3632376553550003,0.09164102274566929,0.11851869095000869,0.34464552379361985,0.2210690443507245,0.10752073208596082,0.5907211572281913,0.6020134317881093,28.82168447933288,19.227565524040184
73936,Dien Bien,VNM,2004,2004-07-11,0.2886464326713736,0.4487790857945059,0.29446845859549836,0.30333800881897316,0.41209215659691223,0.2895773314066136,0.1650311176620717,0.27294157103189515,0.2522648092974466,27.792970297029722,16.041011358895958
73937,Hau Giang,VNM,2004,2004-07-11,0.09362445303458052,0.31325014339336543,0.07645599946008501,0.10909146405975827,0.2772249865739219,0.18340983575672776,0.08880226902123226,0.5675783598236949,0.47189112977556896,31.038216201009917,23.800720131521352
73938,Lai Chau,VNM,2004,2004-07-11,0.2885337496650517,0.4469829774560359,0.29080729910014136,0.30189928670528504,0.4160152258096128,0.29791306890787306,0.17487623058598814,0.26106250065992587,0.2552816142422808,22.25428211586901,11.582941382067316
73939,Lao Cai,VNM,2004,2004-07-11,0.20287355083902783,0.41099978129454856,0.2008012106453464,0.21936092745055327,0.3928922803947282,0.27753359531981053,0.15364579617626728,0.39023518013941455,0.40798680343740457,28.393579526410264,15.930246565222548
3326,An Giang,VNM,2004,2004-07-11,0.11679595460807769,0.27644244704800863,0.08217321016078455,0.11573875542992813,0.27162363507511067,0.20114944342552243,0.10602840664868803,0.4100926775224529,0.3616462814032372,29.14632027684434,24.506002704849596
3332,Ben Tre,VNM,2004,2004-07-11,0.10161182429268721,0.2628203943558585,0.07189556221578039,0.10499908864943931,0.23403024182999113,0.15586001710829472,0.0794124880475004,0.4167453231523593,0.3422267760615632,32.378291876614426,24.63422227783779
3343,Dong Thap,VNM,2004,2004-07-11,0.1167735807443179,0.30159617476194883,0.08898928181737184,0.12252724103667412,0.2924140580778878,0.21213075276454083,0.10990040556235489,0.4469692358074446,0.41900650848451776,31.579965013280795,24.209028363762734
3351,Hai Phong City,VNM,2004,2004-07-11,0.2852938143970336,0.3249923345983025,0.2830581613955166,0.2917849580065281,0.2864029415552279,0.17473932154484426,0.09399308298221389,0.07647728921993743,0.04874143593437774,,
3352,Ho Chi Minh City,VNM,2004,2004-07-11,0.10186319540946315,0.27011331040890596,0.08195056555642646,0.11118969527917044,0.2520784754276896,0.17754767026781584,0.09734458757249408,0.45323166970147294,0.38698042429547486,32.09320583290501,24.339073134111302
3356,Kien Giang,VNM,2004,2004-07-11,0.07837687362512512,0.27682845975494336,0.05662646279290633,0.0892139073923164,0.256297934190927,0.1733566818666872,0.08374554461963302,0.5611438605210015,0.4759367149197319,29.0400400693317,24.503827748415922
3359,Lam Dong,VNM,2004,2004-07-11,0.08465466750957014,0.34340948886329137,0.06934354092396117,0.09937203553790262,0.33198126856081006,0.2092278383978006,0.09814390650651386,0.6315526018848372,0.6136469694879391,27.256153402823006,17.868569514340688
3362,Long An,VNM,2004,2004-07-11,0.0954225574758748,0.3194576696170851,0.07257994858474331,0.10665500916953212,0.3061063579270167,0.2092926308364067,0.1023800689339027,0.5482687942740118,0.5227449984023957,31.693352897516725,24.198364288471087
3375,Quang Ninh,VNM,2004,2004-07-11,0.4752670645673026,0.5189261550261427,0.4793706446744032,0.4831568949802252,0.45559210418528895,0.2409575163050242,0.128133055087975,0.055421738915423055,0.04089158250677187,26.532739523457455,19.61593119858045
3378,Son La,VNM,2004,2004-07-11,0.2643670229746198,0.4379642876507744,0.2638469349620284,0.2777808917967383,0.40518502641510656,0.2842300557292515,0.15937776806353823,0.32414297979917356,0.3124117522903856,25.307213794459585,
3379,Tay Ninh,VNM,2004,2004-07-11,0.10650167344153345,0.35600223291694855,0.08459217897516468,0.11709347167907881,0.3467893425985796,0.24560049130344505,0.12636969380100668,0.549111223267038,0.6597942957605157,30.498154419108964,19.90844805264795
3380,Thai Binh,VNM,2004,2004-07-11,0.15591338801016338,0.22875727196761636,0.1395374530035535,0.1588277321225986,0.18905438461610674,0.13788716551656185,0.07987234007144425,0.20139970975478882,0.12128351611753609,,
3382,Thanh Hoa,VNM,2004,2004-07-11,0.09471546622223645,0.30793453120720243,0.08323921377516479,0.10823762495632393,0.2839331126888419,0.18606548002771792,0.09029589067056146,0.5563273355700529,0.4613465439338641,26.81217821782178,
3384,Tien Giang,VNM,2004,2004-07-11,0.084614320700051,0.34664999565765103,0.06287744544523974,0.0993300492454366,0.3088390219023188,0.1971578748069059,0.09139782301196644,0.5960395430170808,0.5919531622640505,31.17660110763718,23.612363650162074
3333,Binh Dinh,VNM,2004,2004-07-19,0.0900120975172539,0.29785977599604396,0.07142265579475583,0.0974738045759752,0.2878082008844103,0.19216445390459233,0.10224323813082051,0.5596778550818735,0.513787669144233,,
3338,Cao Bang,VNM,2004,2004-07-19,0.11120018984054443,0.3417949438128359,0.10510695596155667,0.1290103642334782,0.33555832226321725,0.22064732769739387,0.10655648724531912,0.5713670331032064,0.5204018676202185,30.291943015305858,19.95271774587689
3355,Khanh Hoa,VNM,2004,2004-07-19,0.09807943666432634,0.34707235869191766,0.0806211307289469,0.11110271582787529,0.33418825332683616,0.22387949699979293,0.1160320513091562,0.5671980470397805,0.6266778265462883,31.649467038239266,
3360,Lang Son,VNM,2004,2004-07-19,0.1480690960813551,0.35493095926033574,0.14736334490708675,0.1660443972628482,0.3433147291237326,0.23356396109461744,0.1214144003584166,0.46524468097668076,0.4231166027462539,29.03315356305847,20.683896334289802
3370,Phu Yen,VNM,2004,2004-07-19,0.13475987793399077,0.3343574454670923,0.12110322585263254,0.14420710814771037,0.322181496249505,0.2213307886558209,0.12424175540196167,0.4718045568877501,0.45374700815987046,26.134842471210302,
3371,Quang Binh,VNM,2004,2004-07-19,0.21534965390969613,0.38631312744022256,0.21306496964132343,0.22902967650908493,0.3624957537955892,0.23331505818066287,0.12419053654955163,0.3260717135148004,0.2835198290183819,,
3374,Quang Ngai,VNM,2004,2004-07-19,0.08909114913078367,0.3104924359390758,0.0781177397345603,0.1019624862583717,0.29229958120229144,0.18713934338306534,0.09121506665214961,0.5656408007844613,0.48503591163851567,,
3376,Quang Tri,VNM,2004,2004-07-19,0.2112701366142271,0.36974140785945325,0.211636090967038,0.22511328217524035,0.3462028518841207,0.21514106279197756,0.11317102376358709,0.2853604703471241,0.2311268740321381,,
3383,Thua Thien - Hue,VNM,2004,2004-07-19,0.11615460709326071,0.3067909600044912,0.11193742916427604,0.13107948314294232,0.28817313447862364,0.17837550366534652,0.08736017454851179,0.4710655901718649,0.3606363553876916,,
3327,Ba Ria-Vung Tau,VNM,2004,2004-07-19,0.0902958739373228,0.33119538479203026,0.06739424789653893,0.1010660371933355,0.3152423402104293,0.21462348452045432,0.11004846233917373,0.5559705384075488,0.6201379484872813,31.44758175520899,
3336,Binh Thuan,VNM,2004,2004-07-19,0.13901334219259226,0.37539115703572673,0.11220651189085078,0.14438348302636947,0.3713225567906948,0.26893366680921194,0.15392185036505576,0.5004429494284525,0.5165391033229251,29.02599850950581,
3342,Dong Nai,VNM,2004,2004-07-19,0.12646545428423647,0.345638706704312,0.11439427663765742,0.1391576306811839,0.3262186027031659,0.21834854090088213,0.11196949757427502,0.49982520883459997,0.4829978164149624,27.91114091670729,
3344,Gia Lai,VNM,2004,2004-07-19,0.28042817989337554,0.43390492873732145,0.2814957774828894,0.2921549793181624,0.40969889455023817,0.29731417088092366,0.17539040969016978,0.27008458073492664,0.2688035113738583,29.775855645798075,
3345,Ha Giang,VNM,2004,2004-07-19,0.11867475087340168,0.38094657945735305,0.10348811359484465,0.1359124807487012,0.37463940850559485,0.25298521010654285,0.12370116395591205,0.6001269761104632,0.6439036954826903,30.43710311785728,19.7901956292824
3347,Ha Noi City,VNM,2004,2004-07-19,0.16391307089266174,0.26012111476745187,0.15131402462009078,0.17089401866724865,0.23176957667269465,0.16476558591918028,0.09318647990279608,0.23151001300687513,0.16691202572126076,27.27843051092019,24.495488089439057
3348,Ha Tay,VNM,2004,2004-07-19,0.18798830623300075,0.30669649375942476,0.18790861248411542,0.2016731924272479,0.2691227224544226,0.17115120729891442,0.08909567414229398,0.24600605601496076,0.17402144114201853,27.744495482937346,25.123774508562157
3349,Ha Tinh,VNM,2004,2004-07-19,0.1904962182437699,0.3523531440227068,0.18636537147580023,0.20373541712721419,0.33332999934854124,0.20411527655136363,0.10206638828957469,0.30958356040814944,0.24936339898397686,,
3353,Hoa Binh,VNM,2004,2004-07-19,0.33626368476326834,0.45719586853140537,0.3457108255410491,0.3512728206792782,0.4169360263410719,0.22851530215949317,0.11826872137553386,0.16645665627280884,0.12922103643388538,25.702821414776867,21.75496916134071
3357,Kon Tum,VNM,2004,2004-07-19,0.3378692234753302,0.4690515855291768,0.34209437237542767,0.34907753829758853,0.43606942978205293,0.31003092644439373,0.18230017654718708,0.21948195314554722,0.20143525925467992,,
3366,Nghe An,VNM,2004,2004-07-19,0.20615038002626074,0.39534678693567876,0.20068265891499007,0.2185330596024232,0.3703776925501437,0.2369679726904158,0.12670616543394259,0.3552762673029549,0.32688658160673095,25.980060203670998,19.84394020489152
3367,Ninh Binh,VNM,2004,2004-07-19,0.30945481583366236,0.38399661601871093,0.3103784872403575,0.31867650121250085,0.3416866649151665,0.17674112442356626,0.09074599317183261,0.10970192860206279,0.07649397968908828,,24.429919504814702
3368,Ninh Thuan,VNM,2004,2004-07-19,0.08908578870675332,0.34373456235915817,0.05751636568417216,0.09523527087849573,0.34406663154781053,0.24467857007131782,0.13284152213297545,0.600190606570735,0.8066762620801802,36.83192545596073,
3377,Soc Trang,VNM,2004,2004-07-19,0.09335005813126104,0.2917740118693784,0.06706003141623061,0.10316559458947241,0.24934332101188617,0.16414076531044425,0.08215941380758605,0.48524687962991025,0.42676661808355104,26.307981937462934,
3386,Tra Vinh,VNM,2004,2004-07-19,0.09331677737788224,0.3094167196954491,0.06377050246999655,0.10256980318275331,0.26952532228829523,0.17720707997333676,0.08697490436165588,0.5076041922409461,0.4751194489758571,25.616880257247566,
3387,Tuyen Quang,VNM,2004,2004-07-19,0.11181889947779888,0.38191993799627444,0.10312664318260135,0.1303822802438326,0.3641321973222054,0.23862444719557924,0.1126394557095029,0.6049932964856114,0.6209629094829018,30.00464938607001,21.183766747446736
3388,Vinh Long,VNM,2004,2004-07-19,0.09859132644191647,0.2945232645886142,0.07390740863935383,0.10688796190244323,0.2662365987963975,0.17807868265194268,0.08925637039799196,0.5118070600933718,0.42497296642337695,29.118129428365947,
3390,Yen Bai,VNM,2004,2004-07-19,0.16108309329015885,0.40374523762720954,0.15033374483403972,0.1778873615722543,0.38894220540538377,0.2652167951414038,0.13764481568578577,0.5088742245383455,0.5442523823202061,29.52544519088989,19.83366270728775
3328,Bac Kan,VNM,2004,2004-07-19,0.09461521940022892,0.3585506492037969,0.0892078279148071,0.11407347008801619,0.3454508240726288,0.2192991676369739,0.09975281014662599,0.6426606645995118,0.6074622582395552,29.086781472052657,20.343716905642424
3329,Bac Giang,VNM,2004,2004-07-19,0.12862228351097238,0.3146314284547263,0.11628359952432714,0.14200288505772582,0.2923472089682362,0.19766952473535235,0.099963556835116,0.44000707573049425,0.3744176760092544,29.46504058937858,23.051488103520494
3330,Bac Lieu,VNM,2004,2004-07-19,0.09745925097540963,0.20802617500288462,0.06832510349402317,0.10143151084265346,0.1799972288818953,0.13083419004002197,0.0745919430532731,0.30753166246235764,0.2421645096746976,29.51082698153143,
3331,Bac Ninh,VNM,2004,2004-07-19,0.13049909130719156,0.18840816787250064,0.1003332926993694,0.1316967224659391,0.15220563857537509,0.11710570153201934,0.07036817045762238,0.1811588844127608,0.10869684468198434,27.89891537484122,25.600844858254092
3334,Binh Duong,VNM,2004,2004-07-19,0.1476926297273778,0.36108210430413523,0.13465458634436686,0.1574895442197556,0.35620169140595426,0.25373606709001206,0.13783439778675063,0.4649475064922048,0.5061864352392019,30.039499490631965,
3335,Binh Phuoc,VNM,2004,2004-07-19,0.15730711773231268,0.35376684547922804,0.15148923793746968,0.16891843102104664,0.3388445583302445,0.23242258905125024,0.12527027504292532,0.4407266015375388,0.40108007512048793,27.895348250938973,
3339,Ca Mau,VNM,2004,2004-07-19,0.11110359684394547,0.20760397664348323,0.09251821325814827,0.11661902674971285,0.18608151325563335,0.13368785047582005,0.07733523136009685,0.3132955814133308,0.1979785643790338,27.807068948204034,
3340,Da Nang City,VNM,2004,2004-07-19,0.07405135618303876,0.29653623079551283,0.061298494517290074,0.0879797771297104,0.2756269652143853,0.1714968787899616,0.08346783151060262,0.6145455778645432,0.5017263416844232,,
3346,Ha Nam,VNM,2004,2004-07-19,0.2791149971742381,0.3580934458205179,0.2846472022843162,0.2926545915980683,0.3183197913381399,0.19595561183560203,0.10806118017352523,0.13242881895975203,0.09615174363645519,,24.975441781901857
3350,Hai Duong,VNM,2004,2004-07-19,0.13094884703747822,0.23150464615581562,0.10087838180909955,0.13635837746480106,0.2054871464033969,0.15647153636598926,0.09539942068728516,0.3067788147120791,0.21388756213912022,,25.26866309420168
3354,Hung Yen,VNM,2004,2004-07-19,0.13848300232984823,0.21757977277350116,0.12186324480697439,0.14568636739274182,0.1823072956371603,0.13498417167569268,0.07801423732610914,0.22722456393459556,0.14379226957211474,,25.399011883108678
3364,Nam Dinh,VNM,2004,2004-07-19,0.30141774555061446,0.34120080657834334,0.29389210022295814,0.30484046609393467,0.2991429282462524,0.17591625438794428,0.09942512816756204,0.06456831440406498,0.043984607017537355,,25.02190746171291
3369,Phu Tho,VNM,2004,2004-07-19,0.23309719553828517,0.39375245968417316,0.2349682743676275,0.24792171659767318,0.36266940690852006,0.21219238581632294,0.10525456079816217,0.2927343768632453,0.23851039031245186,29.96576392898326,22.482405602424453
3372,Quang Nam,VNM,2004,2004-07-19,0.11813111036108666,0.33989508440869365,0.11322248454813315,0.1334027134965227,0.3158392035991637,0.1993048103554088,0.10111352502989135,0.5212692053484052,0.4515409726046315,,
3381,Thai Nguyen,VNM,2004,2004-07-19,0.08532787997912358,0.33013153489632,0.07351204444203009,0.10219354546767649,0.31192328958253535,0.20203272084618387,0.09209696000737369,0.6198234471877793,0.5569276878430787,28.407910954862924,21.649904957409834
3389,Vinh Phuc,VNM,2004,2004-07-19,0.158096016116273,0.317126372975669,0.15604191739388984,0.17247218658465865,0.2895998585841159,0.18807896835564275,0.09513268808082138,0.3425431697236172,0.2679250513534868,27.358942022810233,21.839822995731335
73933,Can Tho city,VNM,2004,2004-07-19,0.1062740454923656,0.3050681113312129,0.08765590530138127,0.11755638668786278,0.27086703091508146,0.1827332357795033,0.09460283982896305,0.5073266211372736,0.4284271352145464,29.396260707965425,
73934,Dak Lak,VNM,2004,2004-07-19,0.15335918186263608,0.3619202832875432,0.14699499166350458,0.16656046079452355,0.34324641931485544,0.2327067552408107,0.12817653486354727,0.4662303447370871,0.44246663052661556,28.251611702714563,
73935,Dak Nong,VNM,2004,2004-07-19,0.15966984429153103,0.3612548460240683,0.15536882044700087,0.17195592519253633,0.3423301410130472,0.22824563590664504,0.12419331134148144,0.45502286751363735,0.40725805156331363,27.008483961418847,
73936,Dien Bien,VNM,2004,2004-07-19,0.16123030064441973,0.4260182191643581,0.15348957607067346,0.17994889256486257,0.4027416200190025,0.2690461917322031,0.13932507635344182,0.5081838390723978,0.5534864827477071,28.347377400304737,19.596063946454667
73937,Hau Giang,VNM,2004,2004-07-19,0.10038132865024128,0.3106321892114666,0.0845335952878062,0.11490857764005435,0.27433798588754343,0.18435529222895758,0.0948504141549614,0.5465589480526042,0.4516176741629371,29.65063410506613,
73938,Lai Chau,VNM,2004,2004-07-19,0.20665965622486598,0.4514070712998212,0.1942940286996738,0.2224586815225166,0.43055676765658935,0.2979181904939923,0.16023328355847144,0.45610845187899424,0.5188218606857444,28.93301304950945,19.19680042415525
73939,Lao Cai,VNM,2004,2004-07-19,0.2200000831092058,0.46312832139243504,0.20418768892642508,0.23392217404612037,0.44990606888499035,0.3219195298272057,0.17641272212759593,0.45695451224838224,0.5640740567289233,29.701822305369106,18.441218182364487
3326,An Giang,VNM,2004,2004-07-19,0.15087523352224483,0.28530683160538955,0.11799184535541409,0.14697024477868553,0.2888931773856382,0.2211391555442306,0.12942963964179247,0.3329571221713421,0.3210254586326053,30.45064220312379,
3332,Ben Tre,VNM,2004,2004-07-19,0.08845347694390533,0.2839007617264684,0.05765367389506838,0.09453872206831541,0.2491670812299678,0.15919872976998667,0.07475653554555128,0.48697023513279564,0.41924599709717525,30.977199523949064,
3343,Dong Thap,VNM,2004,2004-07-19,0.14506644006944727,0.29885415654650466,0.11802606348878913,0.14627463750207598,0.29698510313640575,0.22319495178314364,0.12721893049437746,0.37899732674126946,0.3518640677342475,29.133666379732805,
3351,Hai Phong City,VNM,2004,2004-07-19,0.22070972355806334,0.28566869591521166,0.19141419367301118,0.21970675389987276,0.26102479714221716,0.206932645447923,0.1410757513685941,0.15295376988198756,0.12553042101156028,28.46926363194229,25.184410655346134
3352,Ho Chi Minh City,VNM,2004,2004-07-19,0.1325800652859667,0.28127740726950684,0.11601462450935628,0.13984954903359542,0.26147207664189037,0.1866353991648752,0.10724828716452975,0.38364071136265476,0.3150525885437856,28.873260432022093,
3356,Kien Giang,VNM,2004,2004-07-19,0.1144602079584601,0.2771251627475526,0.09819522471256649,0.12336319213619344,0.2559843571052034,0.17750624060585357,0.09603870836652229,0.4473508617722091,0.35785292415030356,28.340479964713776,
3359,Lam Dong,VNM,2004,2004-07-19,0.17493929499133268,0.3630821085889705,0.16996299374084037,0.18652540796295422,0.34842441305524874,0.23978296813335906,0.13504225401516123,0.4110737810471901,0.38082308753270244,25.899469659371782,
3362,Long An,VNM,2004,2004-07-19,0.1406830861388421,0.3199390949520311,0.12306026611106226,0.14779004240614269,0.31254754026829756,0.2244956140035674,0.12451232481588556,0.4240725060124164,0.3912875575754712,29.782910311110744,
3375,Quang Ninh,VNM,2004,2004-07-19,0.1995109544090707,0.3512483119650882,0.18943755861361014,0.2106921537289234,0.33529742513250427,0.23971692535066824,0.14032311559763924,0.3272444908057775,0.2964581825216163,28.70563431105159,22.623907452503207
3378,Son La,VNM,2004,2004-07-19,0.2094141927883711,0.43745270928819435,0.20472206938691392,0.22677724538055874,0.4147612645536072,0.2745329393262943,0.14570157667396547,0.4030223777029679,0.4256715159668328,25.751603283741364,18.787237218367807
3379,Tay Ninh,VNM,2004,2004-07-19,0.12920465644007928,0.34750179371569123,0.10865923045426176,0.1365937967065249,0.3455342098210866,0.2511350989526161,0.13985838404889836,0.483170324846565,0.5847847950741613,29.25635933921944,
3380,Thai Binh,VNM,2004,2004-07-19,0.22390837070000014,0.29280269913132734,0.20050796730406736,0.2258887455816306,0.25917580034596904,0.19800905267586702,0.13016041709639312,0.17163171302882832,0.12843753888055676,,25.207901792840612
3382,Thanh Hoa,VNM,2004,2004-07-19,0.26427727918507293,0.419590010892471,0.2673166715002276,0.2781884633141152,0.3853171529797324,0.24151566735223684,0.1320142068209263,0.25267270295835054,0.2305217796722001,27.111265698977476,22.304640732438955
3384,Tien Giang,VNM,2004,2004-07-19,0.10387146808334433,0.34322132920863924,0.0836002832175505,0.11594111680351749,0.3074574129902132,0.20152858531144738,0.10161027362468768,0.5475846724268632,0.5265643042674283,29.980071102727234,
3333,Binh Dinh,VNM,2004,2004-07-27,0.08089110107575129,0.3590634908135695,0.05440811953530745,0.09349148298147805,0.3402789885267712,0.22331059975509618,0.10837705164546807,0.6385740586687293,0.6840993757399155,30.84940140550771,21.28775793493629
3338,Cao Bang,VNM,2004,2004-07-27,0.09130036195190117,0.40545943649098964,0.07315378800669445,0.11187520422118372,0.40835595477916325,0.27666149361359865,0.1289284534940989,0.6594837490076169,0.8907375476037505,30.977520356087386,19.508251878437743
3355,Khanh Hoa,VNM,2004,2004-07-27,0.07641207461513282,0.37557152127303,0.05314537481274748,0.0928639698460899,0.3591705370202212,0.23294326689316908,0.11027716868963922,0.66378313891856,0.8261135068823532,29.315792936241383,20.690624300558298
3360,Lang Son,VNM,2004,2004-07-27,0.09763870568313761,0.41607829755121367,0.07866950900129245,0.11868644838821552,0.41611081162158275,0.2815662178130617,0.13001561684232066,0.6460041037615195,0.8403745664741267,30.006697696426738,20.643532986384177
3370,Phu Yen,VNM,2004,2004-07-27,0.09398636577947365,0.38073912923660247,0.0671917874903911,0.10756113720944964,0.36455787389049216,0.24579284217973849,0.1238887131295495,0.6148203173518137,0.7293919520300054,31.22711764082767,14.313026826403815
3371,Quang Binh,VNM,2004,2004-07-27,0.1233853716810275,0.373136397956283,0.11263411655577255,0.1401691574179282,0.35406414522876123,0.2325313168591482,0.11701162026479674,0.5274061295177985,0.5628927838219765,27.643413583335423,19.836103397034407
3374,Quang Ngai,VNM,2004,2004-07-27,0.059586999295975385,0.36495643849870085,0.038102600798430246,0.07766065579490268,0.33834533402067307,0.21114886625399512,0.09029582980914512,0.72602533872753,0.7455319364426385,30.556506533022255,21.751590899432102
3376,Quang Tri,VNM,2004,2004-07-27,0.13634992735056492,0.37521014282405024,0.12624191169958154,0.15205735239424106,0.35333596330297085,0.23828937233781386,0.12235867922475833,0.5051252995526319,0.5071734079240411,29.094379877888574,22.802120454033396
3383,Thua Thien - Hue,VNM,2004,2004-07-27,0.09901918749490232,0.3650033796918119,0.08406550401668732,0.11664699362306488,0.33973177742835786,0.22045480185105243,0.10546296470566997,0.6022441442780294,0.6053780624274039,29.10166060242357,21.354704857142252
3327,Ba Ria-Vung Tau,VNM,2004,2004-07-27,0.11406728910170283,0.3436629192448073,0.09782725255446374,0.12656144752756365,0.32356516413660913,0.22104946517065682,0.11584476034605012,0.5058431634483422,0.5365186220444472,28.045142673259864,
3336,Binh Thuan,VNM,2004,2004-07-27,0.12497080829907131,0.3862234610270729,0.09371324790300871,0.13074331697608355,0.38104787234003773,0.2723836686206222,0.1526480673292098,0.5583900009937,-1.6870626642011017E11,28.29352623795502,15.524242063688817
3342,Dong Nai,VNM,2004,2004-07-27,0.12719515375322854,0.35767187452512933,0.11232499412889013,0.13973641168085305,0.3381218385021047,0.23263960912457796,0.12493929141077287,0.4992032156162206,0.5507928464093891,27.372374559841358,
3344,Gia Lai,VNM,2004,2004-07-27,0.2179301408934802,0.4030834444540251,0.21564940995327295,0.23040369160147908,0.3787788437593064,0.26957709239303707,0.1520939166306533,0.37473673415744857,0.37516707935671484,27.52384130674764,16.519252102747224
3345,Ha Giang,VNM,2004,2004-07-27,0.09575744008084834,0.3797501502217533,0.08083022880715614,0.11412530800657465,0.37653977402040095,0.25406255814014217,0.11840869297017541,0.6391629790916022,0.7583451360639255,29.913857189407423,17.41319627278544
3347,Ha Noi City,VNM,2004,2004-07-27,0.13892592619064179,0.2865343565437513,0.09812399376909783,0.13550879868233848,0.2696157157949061,0.2170048300258181,0.13526156331905223,0.36637381477457864,0.37631792759286875,32.110537238529766,24.198591446256646
3348,Ha Tay,VNM,2004,2004-07-27,0.09709543546122283,0.3140849800152781,0.06366800389266665,0.10554154479098524,0.2817634905233577,0.20475161056206945,0.1067594022899603,0.5321553432073195,0.5636614194562675,30.460357814074754,24.598993430481386
3349,Ha Tinh,VNM,2004,2004-07-27,0.13618710855440735,0.35724240531947404,0.12479148134608928,0.15198141535747392,0.33747188600299166,0.2215407111907411,0.10748771896376956,0.47008480788418744,0.45498027157756443,29.76349017121815,20.9874097165512
3353,Hoa Binh,VNM,2004,2004-07-27,0.10024881589825836,0.41078010242182766,0.0799230510078513,0.1183883256674747,0.3977828116590021,0.26684575788509163,0.12469405318706435,0.6265926010249332,0.8028868232462419,27.99762836758696,20.066593656956208
3357,Kon Tum,VNM,2004,2004-07-27,0.22159342987650063,0.4190411022324786,0.22233243440365627,0.23475094981684708,0.39376135385563477,0.269195652044947,0.14698318935900648,0.37501638296041895,0.37197653945326664,25.32862041204722,16.0923951911221
3366,Nghe An,VNM,2004,2004-07-27,0.07914354349267298,0.4149917847993887,0.05714643384272833,0.1000674284982927,0.39651662091231066,0.2567371033273235,0.11232395676602983,0.6854539940426073,0.8479127478023847,29.252676464278995,17.166764067775595
3367,Ninh Binh,VNM,2004,2004-07-27,0.08628716678078305,0.28009181137270867,0.053329972175317646,0.09502423871843915,0.255083052208404,0.18116897376577948,0.09090859276553626,0.48877413075442655,0.39692367843400517,28.266383675742954,24.35596976029238
3368,Ninh Thuan,VNM,2004,2004-07-27,0.09755403593277065,0.3704042810125586,0.06350552008055937,0.10403679899432618,0.3717620041090492,0.26683084920844463,0.14493398827111825,0.5952866033031811,1.2091525352988606,30.44976688963951,15.323360058860372
3377,Soc Trang,VNM,2004,2004-07-27,0.17394935032986292,0.3631399318844485,0.15327947741782097,0.18348622729841849,0.3174347343505069,0.21828510255356925,0.12006309059546816,0.38910901051487684,0.3810760331482973,28.419337428319857,
3386,Tra Vinh,VNM,2004,2004-07-27,0.09262515296106663,0.3074723632308473,0.05963319390917983,0.10021845572712972,0.2695208484576904,0.1757494854547485,0.08687480265467468,0.5234860159103346,0.4813099215122996,28.679411764705915,
3387,Tuyen Quang,VNM,2004,2004-07-27,0.08727559621719062,0.3788064185603988,0.07830178118639278,0.10665421545084997,0.3646011326282499,0.2380234857852049,0.10691035316804645,0.6542586121770585,0.7224322394043361,30.406800254329255,20.884899057952506
3388,Vinh Long,VNM,2004,2004-07-27,0.09695963424989455,0.301468444937595,0.07159040042475702,0.1066451552451609,0.26874846160653165,0.17721164566209033,0.08721461104987868,0.5180241340831094,0.4354062388234239,28.41117265592735,
3390,Yen Bai,VNM,2004,2004-07-27,0.12748944740206017,0.3831233305520167,0.12016327781487982,0.14555462624836982,0.37066832181336584,0.2530908606110277,0.1254844931700802,0.5542223142593858,0.6309341060413561,29.335783947673008,18.756975747258537
3328,Bac Kan,VNM,2004,2004-07-27,0.08237604458505392,0.4190667376564597,0.0717493537113022,0.10564661866098081,0.41396650047505046,0.2712166366213349,0.11883185761837167,0.6893776111659282,0.8990784223351261,29.320091136411808,19.048815959566355
3329,Bac Giang,VNM,2004,2004-07-27,0.08274771103909381,0.35221149931554724,0.054875407910690926,0.09644979531819158,0.34233708467004414,0.2354828794560793,0.11094424686346377,0.6004507481207936,0.7058784151474669,31.683352242415353,22.57457793962257
3330,Bac Lieu,VNM,2004,2004-07-27,0.2038300087187889,0.2856190901547949,0.1912439169622223,0.21177790589328066,0.25208810288319,0.18162149957995996,0.10826735985600348,0.16291561329108725,0.1392071104366297,28.43348985021251,
3331,Bac Ninh,VNM,2004,2004-07-27,0.10531945494031363,0.19899956598914945,0.0597831279535301,0.10035945291232998,0.16326792576241575,0.1266420726441682,0.07342387828530612,0.28734097649440726,0.2123904090371487,34.00690500268393,24.780815750212504
3334,Binh Duong,VNM,2004,2004-07-27,0.0978372768488303,0.36714681680414907,0.07568546128817902,0.11042675805994452,0.3599209246872897,0.24738040023259195,0.12029444470264389,0.5980222623597831,0.6804644446415157,28.51681319732578,
3335,Binh Phuoc,VNM,2004,2004-07-27,0.1626580836128621,0.36950257779477047,0.158384170829348,0.17541919253282254,0.3494771602375186,0.24408447059518756,0.13151520006192796,0.43793503791832095,0.4326953936201056,28.252938228786707,
3339,Ca Mau,VNM,2004,2004-07-27,0.2908340331532885,0.34565634693499314,0.2855865944995381,0.29831789213864496,0.30731150016905373,0.2009684271794744,0.12072244753492617,0.1321170581981216,0.08647250410116782,28.749212047402466,
3340,Da Nang City,VNM,2004,2004-07-27,0.09394523949409404,0.3712475706983535,0.0733639951140049,0.11147231214616922,0.3432426914786426,0.2218182014930931,0.10664030278070014,0.6057259414693099,0.6381210431321723,26.06399407167878,22.88681139942791
3346,Ha Nam,VNM,2004,2004-07-27,0.08697175106204191,0.2752433648576857,0.057152269076007726,0.09688848316925568,0.24134754211654788,0.17420012001549381,0.08917437192949768,0.5060611093925799,0.45662956136473715,29.2447962492898,24.657599966023238
3350,Hai Duong,VNM,2004,2004-07-27,0.08156129782899979,0.2291019439366677,0.04821791350031742,0.08775808556516672,0.20415470215567944,0.14818080908997927,0.07665168883225373,0.44247923923075844,0.35859233140866703,32.375182197856624,24.422199224429313
3354,Hung Yen,VNM,2004,2004-07-27,0.09240078375650865,0.2212197001364892,0.05635052507558975,0.09282022801261294,0.19055890633736253,0.14435539073347461,0.08056772084668494,0.3973148266450772,0.30541253583401134,31.228013295500677,24.884137351952337
3364,Nam Dinh,VNM,2004,2004-07-27,0.10536970407146833,0.19665065463228676,0.06766464595741989,0.10102203519098993,0.1573685927739363,0.11939021200373794,0.06726325433950117,0.29270278640201497,0.18835676866115197,29.058612190353703,24.6123647233123
3369,Phu Tho,VNM,2004,2004-07-27,0.08670852853829598,0.3776700617246642,0.065797399854714,0.10261355989469262,0.3620317823726403,0.24580618494651077,0.11401500879152476,0.6341754331372523,0.754742328750603,31.142424636182376,21.19702414355481
3372,Quang Nam,VNM,2004,2004-07-27,0.07764998087587711,0.3910906317879103,0.06271119908069415,0.09865606254191263,0.3620848895129539,0.2217055208130052,0.09701513958797474,0.6856889635127972,0.7218218116864639,28.608542964780725,21.52670532423401
3381,Thai Nguyen,VNM,2004,2004-07-27,0.08373807709845606,0.4037308095927526,0.06404765265039603,0.10336206209185565,0.3954375158571645,0.2685024207682439,0.12201940350540162,0.6627946069981007,0.8598461278067532,31.331487186115496,21.27296498743273
3389,Vinh Phuc,VNM,2004,2004-07-27,0.10062147650829874,0.35172597211070605,0.07329063091771443,0.11179232125578871,0.33077494877214525,0.23574254582842924,0.12090853829015483,0.5626744646949007,0.6761574816117643,30.37522370924585,23.73990554079978
73933,Can Tho city,VNM,2004,2004-07-27,0.10696650400041931,0.31540758867319385,0.08629976416263978,0.11873393123798066,0.26991581322562663,0.17985680773744903,0.09325856301761594,0.4951151876315774,0.42914123441886876,27.881105670103118,
73934,Dak Lak,VNM,2004,2004-07-27,0.15550949189500518,0.39151799263112075,0.14763094266427018,0.17028612715568595,0.36812147425513503,0.2506806450720368,0.134918874457003,0.4927586063898952,0.5242311025065381,27.32645037045401,14.678154773570855
73935,Dak Nong,VNM,2004,2004-07-27,0.1875550233214725,0.3881475164664185,0.18692884218978015,0.20082502275739345,0.36435270513702234,0.24591239224029066,0.13126102078237378,0.4241992038160759,0.3900054655769314,26.231538098578334,12.409821068260555
73936,Dien Bien,VNM,2004,2004-07-27,0.10104589417999128,0.3802950212167882,0.094328224374739,0.12131536009206803,0.35582058600480454,0.22103261378899636,0.10044392844463998,0.6283614039951178,0.6314716793259114,29.40489873938978,18.32969696597174
73937,Hau Giang,VNM,2004,2004-07-27,0.1358582822663793,0.3724535688089994,0.11812526939744962,0.1514324243616512,0.329650621849899,0.22405358954402813,0.11765205808106186,0.5068680049581641,0.4985104165333902,29.602880790758647,
73938,Lai Chau,VNM,2004,2004-07-27,0.11796229419949314,0.3622380318729697,0.11089512817109357,0.1360516844670853,0.3405263550015614,0.21558467927428362,0.10202111740908963,0.5795769512579241,0.5426043482407965,28.54885651102273,17.64762911455992
73939,Lao Cai,VNM,2004,2004-07-27,0.1295135484017248,0.38211275776607034,0.12060931483439133,0.1474402348880116,0.3658939966671295,0.24651315129134646,0.11991677203279552,0.5604496908067819,0.6032566846982461,30.407400178097664,15.801716135385947
3326,An Giang,VNM,2004,2004-07-27,0.15965428062544962,0.28023649156527647,0.13227491003539893,0.1602312277397375,0.2633472602628081,0.19962494953072837,0.11233393058926887,0.283640947988637,0.23227141958136827,30.64601688427882,
3332,Ben Tre,VNM,2004,2004-07-27,0.10592075688877714,0.30420679061572,0.0756408159237325,0.11237070731503543,0.2647237159435095,0.17125029590967367,0.08381407241523674,0.4590710406151777,0.4043917371165453,30.100698634279407,
3343,Dong Thap,VNM,2004,2004-07-27,0.15605042815027856,0.31115716538838567,0.1300100799391457,0.1597297341256772,0.2972331920619735,0.22423509644788786,0.12961247479760107,0.34691181048267256,0.33354561295900687,29.45685764186771,
3351,Hai Phong City,VNM,2004,2004-07-27,0.10057521546722689,0.19760309675870216,0.0672472996339239,0.1008351438616827,0.17081154018991954,0.1254344437692581,0.06881756662219744,0.3016553460692523,0.22337097150257362,29.591681970489706,23.24516345988166
3352,Ho Chi Minh City,VNM,2004,2004-07-27,0.13103369982231036,0.30318387642773953,0.10914980730669169,0.1392853172082037,0.2845037564237132,0.2093958804429667,0.12333130084962363,0.4082528450293686,0.4009713298333645,27.51360993780302,
3356,Kien Giang,VNM,2004,2004-07-27,0.2062993203765806,0.3441960068871492,0.1986016404054053,0.21763036607399247,0.3094903913230076,0.21272353913566835,0.11810892957398028,0.3035049746543545,0.25074661575098656,28.90964785308039,
3359,Lam Dong,VNM,2004,2004-07-27,0.22896165550181607,0.4114759386569151,0.2243178902584239,0.23968863835029183,0.3906999471752878,0.27666889310253606,0.15509380195598,0.3644963558054809,0.3737718350849339,26.23332817270478,14.916832252592053
3362,Long An,VNM,2004,2004-07-27,0.11898830695408606,0.32377303794051376,0.09252899020077168,0.12500483638791843,0.3209425101160021,0.2307321444170235,0.12421617753941695,0.483391965378531,0.48129700576009227,29.7851761223287,
3375,Quang Ninh,VNM,2004,2004-07-27,0.11421898637211934,0.3324854385215257,0.10243851020242832,0.13126016589062822,0.3264923571219511,0.22178236884588104,0.10808844242296582,0.5347626959409831,0.5450830538095495,30.00299143870236,21.691805178803047
3378,Son La,VNM,2004,2004-07-27,0.11513827886715629,0.427522107768275,0.10224836574433317,0.1359997779442131,0.40946933965646287,0.2692008086476335,0.1274179952660189,0.6205378138662397,0.7789878875938137,29.129569144336166,17.163042008434154
3379,Tay Ninh,VNM,2004,2004-07-27,0.15628206780405346,0.3692877393466458,0.1361587873364401,0.1630264901284758,0.3674760879209603,0.2765104537400229,0.16017543383081598,0.4345340327843165,0.5890318254221292,28.237477868722433,
3380,Thai Binh,VNM,2004,2004-07-27,0.09469009189504714,0.20966357523416235,0.06019685668779359,0.09535001019623641,0.1740810069896958,0.12990192439314807,0.07067390490075656,0.37144677159585343,0.25128869880046667,29.833704776952324,24.67274875673139
3382,Thanh Hoa,VNM,2004,2004-07-27,0.08150740601095012,0.4223976747229912,0.05850905313294374,0.10285152405711113,0.400606912223672,0.26585685893718813,0.11847065145845186,0.6796924378601692,0.8934047573606185,26.964956015935044,20.818814155597877
3384,Tien Giang,VNM,2004,2004-07-27,0.10711470974221762,0.35951849791768314,0.08187840522464837,0.11908732955281089,0.32388836560475,0.2135973978884936,0.10880617421497962,0.5440722529321166,0.559216848287505,27.304108344908638,
3333,Binh Dinh,VNM,2004,2004-08-04,0.0670433916914771,0.34150694843259033,0.040006431319263375,0.07868052343164375,0.3266732834864138,0.21213837416563622,0.10455604093858033,0.6778270190787087,0.6348583425885679,30.698789515479863,20.88295623991406
3338,Cao Bang,VNM,2004,2004-08-04,0.06313157781717614,0.3411772152693795,0.04825837639025155,0.08249381913007499,0.3363422886086271,0.2133125989969125,0.09432751580662374,0.7144183141195872,0.7088239893534826,31.19355871754448,22.03753586838803
3355,Khanh Hoa,VNM,2004,2004-08-04,0.07177389679910984,0.32686642672747207,0.05252469369280912,0.08422170940462852,0.31559099694399595,0.20622566729339845,0.1047032833493437,0.6619919459405001,0.7055682265345394,28.75342212190251,19.616171846170992
3360,Lang Son,VNM,2004,2004-08-04,0.07615543820221345,0.3341736799026999,0.06169784091264995,0.09345077553418554,0.32490165580208974,0.20802812563086112,0.09664660829829493,0.6619423677353008,0.6268298137392887,31.530561124439387,22.16083840659799
3370,Phu Yen,VNM,2004,2004-08-04,0.10392537905694432,0.3537579169136635,0.08103206111701658,0.1140960600079079,0.34139678153137903,0.2365402835159282,0.1313982667318322,0.583080907332921,0.705870188455723,31.490958418465837,20.096064671477343
3371,Quang Binh,VNM,2004,2004-08-04,0.08384658577392479,0.34980980561215025,0.06907119412579085,0.100320779943549,0.3331056535077409,0.21462908794310143,0.10353471895589722,0.6594951351684291,0.6815501807887818,29.666039333946156,22.9365114147273
3374,Quang Ngai,VNM,2004,2004-08-04,0.05570194008595162,0.3550021227413775,0.03278445940095448,0.07291930908425305,0.33466323173144324,0.2093061835775625,0.09055992194677072,0.7269156799561572,0.7540675465370458,30.602388654244997,21.302631773812287
3376,Quang Tri,VNM,2004,2004-08-04,0.12356608239335479,0.37478028038936756,0.1068664461457957,0.13752510329733034,0.35553012608486245,0.24271168113347813,0.12712486915045823,0.5819134997639677,0.6746471463303904,29.979978383687936,22.41460880312507
3383,Thua Thien - Hue,VNM,2004,2004-08-04,0.06344660764143382,0.3167889151195856,0.04837232978520344,0.07870841884164027,0.2974653034443099,0.18565439885713386,0.08691359200995087,0.69140618680637,0.6320259934045016,30.227222530916862,22.822089835069537
3327,Ba Ria-Vung Tau,VNM,2004,2004-08-04,0.19924068736249592,0.356029965184766,0.1986644639397652,0.21124696159718132,0.33300660813205213,0.23725721851765616,0.13486595657728678,0.29061441759015394,0.28074379546386374,29.377310542608786,
3336,Binh Thuan,VNM,2004,2004-08-04,0.2034768057496191,0.4289479915079174,0.1790358295479273,0.20850038992846584,0.41990718047548276,0.3099168266223518,0.18410029460379299,0.41693519051280414,0.48065333755781925,29.748355400635088,20.102724267492796
3342,Dong Nai,VNM,2004,2004-08-04,0.23280619448143078,0.4049241888805925,0.22971266747700256,0.24477673598396774,0.38101223523320016,0.27132957843877503,0.15745655992051952,0.3010680050256364,0.31129846796657507,28.27766668238021,
3344,Gia Lai,VNM,2004,2004-08-04,0.22848380878022828,0.42381760971865406,0.22202107798757173,0.2395631856110545,0.4033434778134405,0.29139812427033013,0.17047776755140706,0.38128389158024956,0.3717114789785895,26.99767615531488,18.31734497525523
3345,Ha Giang,VNM,2004,2004-08-04,0.08222102092403273,0.37138935651558613,0.06483363958570201,0.10150601665202504,0.36594317598342097,0.24124464483605135,0.1129558398814546,0.6729121029415419,0.759012949985281,30.486276815399602,21.51933811658859
3347,Ha Noi City,VNM,2004,2004-08-04,0.13294480267016268,0.2880025291743078,0.10636552482422935,0.1360699589077711,0.271275560648977,0.2126463140848334,0.13034256124915686,0.3851886351603096,0.39238817628858813,33.15454953288737,26.031212636863735
3348,Ha Tay,VNM,2004,2004-08-04,0.07732176657748736,0.2984460567606487,0.05010083365477187,0.0873487542519438,0.26331037801598395,0.18035939918894514,0.09014433617634986,0.5917407267931325,0.5419681580443106,32.11451030406335,25.67062804654913
3349,Ha Tinh,VNM,2004,2004-08-04,0.05688641736124567,0.32760518348558604,0.035153557651814236,0.07325437952238018,0.31332330344759807,0.20275646477252038,0.08960812636218764,0.6999447276341338,0.6961905061008709,30.944749908135826,23.088817509763558
3353,Hoa Binh,VNM,2004,2004-08-04,0.06788498646175255,0.38366866249484133,0.046705950615484076,0.08835868950861284,0.36523948207333606,0.23430137879612742,0.10224366753044922,0.6973090497122068,0.8047846145971579,30.60177999799205,23.529097843484983
3357,Kon Tum,VNM,2004,2004-08-04,0.31145810765690385,0.47290779553310486,0.3120307820765274,0.3221373467457394,0.44675311468112594,0.32845856189464545,0.19519029761285567,0.27924115945102124,0.29258534338219777,25.100160027291466,17.21085452438262
3366,Nghe An,VNM,2004,2004-08-04,0.06193865485688061,0.3684857056163876,0.04230637936359656,0.08136845328453682,0.3498293144713812,0.21945479723342307,0.09427254136103848,0.7214143216684404,0.7656511286081571,29.223580177386786,21.882699093243726
3367,Ninh Binh,VNM,2004,2004-08-04,0.06727254084839394,0.2647834661853832,0.038510851357335105,0.07696091556038735,0.24183136314066211,0.16557857660724323,0.07967068282348329,0.5627366725120803,0.4847850164200826,31.680523451840287,25.261377869412446
3368,Ninh Thuan,VNM,2004,2004-08-04,0.08428632540720347,0.3366371999242238,0.052946787803245,0.0893644206121718,0.34087797262913877,0.2455364789000804,0.13922998459465596,0.6264620123037881,0.24895790691456407,30.60023811016492,19.712742529642423
3377,Soc Trang,VNM,2004,2004-08-04,0.2417149047344439,0.3728102858053161,0.23370769930985621,0.2522340759520369,0.3292127061456107,0.2428365580820019,0.14735322210808544,0.2250865968100755,0.2049747067002233,25.639832535199204,
3386,Tra Vinh,VNM,2004,2004-08-04,0.12977940762836213,0.30971849459542655,0.10724988628137279,0.1386538385755648,0.2665976314712618,0.17734116387668705,0.09633965588089269,0.4080953724025317,0.35284922340643504,25.736860356138582,22.872944873811253
3387,Tuyen Quang,VNM,2004,2004-08-04,0.09025299619726228,0.3776748219945523,0.08026472442130818,0.10907233557778996,0.36065322625876645,0.23401099633617042,0.10927305724458164,0.6503156469185594,0.6939107475854791,30.71711992903713,23.138887960099336
3388,Vinh Long,VNM,2004,2004-08-04,0.18882547441512743,0.3668004658013803,0.18210047333252485,0.20241426518294564,0.32746174993708416,0.2235135751416957,0.12441799661475025,0.3352720408819881,0.30415948389724856,22.55027928937263,23.525809649459397
3390,Yen Bai,VNM,2004,2004-08-04,0.12269017422832115,0.38418972287610836,0.11211796979389818,0.14082077393761344,0.37216198002989503,0.2498772720233674,0.1252592037485271,0.5689545435043855,0.6355059041999054,29.165126947181378,21.381028578895044
3328,Bac Kan,VNM,2004,2004-08-04,0.07655688601273988,0.35378034517377227,0.06899642146471309,0.09593960719684241,0.34111846067521623,0.2146695813638625,0.09685873606113637,0.6818613276204608,0.6704936588711419,30.448620264766312,21.87047402488505
3329,Bac Giang,VNM,2004,2004-08-04,0.08442168994656213,0.31793072348758505,0.06456617329391982,0.09743641905446529,0.30230203899912783,0.2022320312618528,0.1001574722572646,0.5924390630018869,0.5662785941604337,32.50169837883039,23.54014987903934
3330,Bac Lieu,VNM,2004,2004-08-04,0.24232963234663477,0.3092628117762081,0.23800549457497422,0.25253252126822556,0.2778572925386681,0.2076156928220478,0.13041421528679548,0.11975396554524438,0.10193801830764006,29.49287733407987,
3331,Bac Ninh,VNM,2004,2004-08-04,0.10407903421164347,0.23904846291073628,0.07053731178470399,0.10655733467195116,0.20835685029578455,0.1591837431458041,0.09226197418666146,0.40423770299149525,0.3084181611006617,33.20316864916471,25.75245123088594
3334,Binh Duong,VNM,2004,2004-08-04,0.21664567147308558,0.41987017686766953,0.20905623464474754,0.2278307645722558,0.40509702748929327,0.28612945331134043,0.1591477511130283,0.3521137794690037,0.3849344836451425,29.88898758545547,
3335,Binh Phuoc,VNM,2004,2004-08-04,0.2164326576763749,0.41451440411759083,0.21052212906717319,0.2279602944552889,0.39091006024588143,0.2707996856537311,0.15168159636407766,0.3521900503548632,0.36849930795172997,30.028486282960046,
3339,Ca Mau,VNM,2004,2004-08-04,0.20907204572571897,0.26870103699729664,0.2017256878650616,0.21733021330658317,0.24308676046157807,0.181450763166449,0.11669189487137921,0.16033113575128533,0.10468390133488571,30.255687755819814,
3340,Da Nang City,VNM,2004,2004-08-04,0.06913384306547794,0.35370798581435414,0.04827613818616128,0.08593033653162097,0.32672431295533877,0.20268125764041642,0.09431512358645597,0.6829299905584698,0.6652437059257953,28.911830009906407,22.41684192962092
3346,Ha Nam,VNM,2004,2004-08-04,0.07507917805261641,0.2851409476144007,0.05215553034359995,0.08805990942746063,0.24746508766210995,0.16949644017534546,0.08462823920125151,0.5925373738895054,0.4980864069434479,31.276633464703334,25.7376211108735
3350,Hai Duong,VNM,2004,2004-08-04,0.08259402057140092,0.2515756288152811,0.053902162902429294,0.08765883049741151,0.22744055189001622,0.16176738083135825,0.08749325703636789,0.5088815352469134,0.4056195725953212,32.74274013667407,24.938051593192032
3354,Hung Yen,VNM,2004,2004-08-04,0.08605464421915673,0.25846773195055694,0.05936548887008761,0.09212836715101134,0.2283674248744426,0.16580294537582632,0.09127687102704905,0.5156109704250661,0.41302061708952603,31.832079697746877,25.51517652700366
3364,Nam Dinh,VNM,2004,2004-08-04,0.0960993447769434,0.22203801321670716,0.06281885667091594,0.09680985481235355,0.1890940533678028,0.14383651567371955,0.08176521528251217,0.39782868271751864,0.27885328899393397,31.790012916397103,25.54660219765618
3369,Phu Tho,VNM,2004,2004-08-04,0.08861838320343958,0.37435099346933703,0.06807591464410957,0.10514340851783369,0.3536589008239304,0.23569191810153575,0.1100432210819561,0.6260340010839012,0.7073486371298526,31.311593050344502,24.760466430733498
3372,Quang Nam,VNM,2004,2004-08-04,0.06724272674858016,0.38276574985896433,0.050888631889030055,0.08777297871510037,0.3562400435880975,0.21657717047256647,0.09533919982740188,0.7145819827234653,0.7122741011717022,29.455846194221884,21.161113056927874
3381,Thai Nguyen,VNM,2004,2004-08-04,0.10620365059163636,0.35830271894859755,0.09614646742145859,0.12312646423393422,0.3417653295110501,0.22959349791227496,0.11498195369025507,0.5843348775590004,0.5998474178028842,32.07343647673783,23.415288366743543
3389,Vinh Phuc,VNM,2004,2004-08-04,0.10030043998980431,0.3274421134132998,0.07936543195076823,0.11134678303562666,0.30465667687820674,0.21231575907791816,0.11183914835626281,0.5506510978759767,0.569526367988782,32.358938546078484,25.735270208408902
73933,Can Tho city,VNM,2004,2004-08-04,0.16812876527019321,0.34479439231930703,0.1611430248207795,0.1831673332883341,0.29939071838098785,0.19963187248251887,0.10765151103972322,0.3747238456572466,0.30408533167169655,28.454305759445507,25.385309983142893
73934,Dak Lak,VNM,2004,2004-08-04,0.1958544723667671,0.40870041629184334,0.18869769077828608,0.20809112160653898,0.3864543062939048,0.2714977151767173,0.15664668293034126,0.4336479756966343,0.4589971359590449,26.97741230070543,17.916765526124202
73935,Dak Nong,VNM,2004,2004-08-04,0.22780097369255936,0.42353758180463147,0.22052903408004598,0.2376784586509953,0.40147030519738863,0.2882211151671268,0.17016047322774064,0.36366540669861225,0.3950710051874309,25.64496659471082,17.378227954993307
73936,Dien Bien,VNM,2004,2004-08-04,0.16550978047885356,0.4606457710129146,0.15449476749147698,0.1872894949829986,0.42710191840582096,0.26447028446248255,0.12553308237686717,0.5301887006810283,0.6125291553880522,27.670470044276527,18.463846868610318
73937,Hau Giang,VNM,2004,2004-08-04,0.22434165989379856,0.40058476291129064,0.22318930250457444,0.24140350691981535,0.3563294228941154,0.2437113313785356,0.13975489108365002,0.29701930323456255,0.27304234905983044,27.9878079580653,
73938,Lai Chau,VNM,2004,2004-08-04,0.13578201789923125,0.45334227220906764,0.11732884674843212,0.15801352665004675,0.428064241064997,0.27833925447045127,0.1341536501624627,0.5956982166667589,0.73432266434582,28.00607939747048,18.526410230325894
73939,Lao Cai,VNM,2004,2004-08-04,0.1294870476464439,0.4201988079461762,0.11255573323149526,0.14838809737309788,0.4094582450424953,0.2780763595333989,0.13887896448622553,0.5847632744776814,0.7255218297869795,30.100453748045883,20.540047604129505
3326,An Giang,VNM,2004,2004-08-04,0.22606429519037052,0.30820186834093327,0.21003813034979565,0.22913944040497106,0.2908576041546696,0.22611047636690726,0.1407595178310277,0.16720064645953886,0.14456351219999422,31.060041608876677,25.52227147007047
3332,Ben Tre,VNM,2004,2004-08-04,0.14813007280473986,0.3207945484422178,0.12663161259328398,0.15530967143590757,0.279431605706293,0.18194279207038486,0.0969302533783006,0.36435151591966064,0.31465277910265177,29.883648685729106,23.299586356852718
3343,Dong Thap,VNM,2004,2004-08-04,0.1723674312173598,0.2850657595125775,0.15168400364014153,0.17630583434463967,0.2625245976543702,0.19344643595430663,0.11713546125561684,0.236291113046386,0.1949807346283741,30.74330000566374,25.8022315089218
3351,Hai Phong City,VNM,2004,2004-08-04,0.11215530072853107,0.2188207735893854,0.07774393150389095,0.11163005762784202,0.19357731286042554,0.1475554460054218,0.08875416954259498,0.33015363172334056,0.23552965428382597,33.500215755922746,25.16784514570023
3352,Ho Chi Minh City,VNM,2004,2004-08-04,0.17940377183725187,0.3290977001074615,0.16561289539939494,0.1879066523384982,0.3075080096450206,0.22892409087822022,0.13977385507517207,0.31786197313765824,0.30476690451570215,29.75672402979502,
3356,Kien Giang,VNM,2004,2004-08-04,0.220321173004737,0.34433367163483797,0.21585000580102567,0.23127607678725096,0.31023175983618584,0.21109049522111584,0.12110763690886937,0.25976653025542995,0.20764408166767795,26.739883363269826,25.00535650813959
3359,Lam Dong,VNM,2004,2004-08-04,0.27707934912298465,0.4421406089669391,0.27051290687017476,0.2853944634370061,0.42227195609570795,0.31207292717955154,0.18825136029978706,0.30159983962700976,0.3220555414773682,24.728414021875576,16.567004433011682
3362,Long An,VNM,2004,2004-08-04,0.14338124303515748,0.32984693048480873,0.11909593745040364,0.14987720020636253,0.3162056529617787,0.22060423396230247,0.1228086341397478,0.405019233735085,0.39037442136231804,30.672905803274297,22.928478721415654
3375,Quang Ninh,VNM,2004,2004-08-04,0.06877995117794058,0.2918377641810194,0.05246827062289771,0.08453805761164136,0.28198811438935867,0.18368612873705575,0.08437689386858412,0.6258655441248935,0.5427112132272663,31.16649637670249,22.54629924073857
3378,Son La,VNM,2004,2004-08-04,0.10994890608286971,0.40373199424878214,0.0964974718763026,0.13079453475260927,0.38185844573436356,0.2368863358420151,0.10793431208277285,0.6121074259552884,0.6581865493415506,28.85967126853732,20.01020988209667
3379,Tay Ninh,VNM,2004,2004-08-04,0.19386250638815555,0.3971849009049647,0.17665239616651285,0.2012753620033836,0.3878119574637277,0.2848526966264154,0.16092166375693595,0.3687112618284051,0.45074508091791604,31.067994326459875,
3380,Thai Binh,VNM,2004,2004-08-04,0.08777879581274539,0.24012645583505987,0.05923656429020117,0.09196212959533838,0.20473837201261977,0.14915189228086315,0.08216195848573801,0.47217319587199463,0.34773846078845955,31.704870993369727,25.169006735334737
3382,Thanh Hoa,VNM,2004,2004-08-04,0.05747677442894019,0.3774952460658251,0.036386948762488935,0.07815723207564289,0.35448331918740406,0.22413728922182963,0.0942888566737195,0.7281506425242684,0.8090411819254169,30.23153791775601,23.530591288127823
3384,Tien Giang,VNM,2004,2004-08-04,0.16749840655951795,0.3571821511828474,0.15293653317432843,0.17815929097507557,0.32285656599121737,0.21683911104106157,0.12007322564847754,0.3711827628065639,0.34097826121320035,29.307548121567578,23.331438305034165
3333,Binh Dinh,VNM,2004,2004-08-12,0.06744949080016102,0.33219936866735794,0.04383426679230518,0.07879464500870888,0.31427840922823413,0.202336066795142,0.09980563730409087,0.6811746686654038,0.7010034365059123,30.18506335226569,23.08502394144481
3338,Cao Bang,VNM,2004,2004-08-12,0.11232853848951622,0.34738319286430225,0.10836583471458171,0.13120516742070482,0.33638971342063095,0.2176591240627087,0.10375264746027021,0.5751554304781574,0.5209163017648223,30.184023660017356,18.282081899304046
3355,Khanh Hoa,VNM,2004,2004-08-12,0.14340318548094455,0.3739245880244257,0.1298551447065283,0.15551436813539096,0.35831516188831125,0.24617328726451826,0.14006266576244736,0.493843408898153,0.6215860017274867,29.879305712268486,19.664691303832292
3360,Lang Son,VNM,2004,2004-08-12,0.10061343777409894,0.32933209068684777,0.09540677243948986,0.11864736655995674,0.31612860684688143,0.2035586946387271,0.0968330535213327,0.5818410660431306,0.5098430419438313,30.30629383867134,20.937519354830588
3370,Phu Yen,VNM,2004,2004-08-12,0.15631178258529715,0.3973478092182233,0.13268493243346322,0.1649235708592968,0.3838608101090154,0.27969341344232934,0.1636100648276082,0.4857821332394943,0.8946004837034229,32.00130288158845,22.31455298491024
3371,Quang Binh,VNM,2004,2004-08-12,0.09476691656248665,0.3931913611719481,0.07595276945685402,0.11238374480712993,0.37905801687271556,0.2508928093351123,0.12351893840693093,0.6559982526076109,0.9002401202240571,30.331999211979245,22.07218077688784
3374,Quang Ngai,VNM,2004,2004-08-12,0.04633601322338338,0.30695165920688283,0.02758700397242207,0.06018201785744943,0.28885492406071817,0.1761319678231245,0.07543324708985338,0.740335639310196,0.6513685254244016,30.006106442877865,22.566940624687426
3376,Quang Tri,VNM,2004,2004-08-12,0.10902235864865208,0.37295654846528836,0.08935752687969596,0.12260564971460333,0.35646375644240097,0.24276491526676355,0.12862460831848926,0.5964848681787861,0.7430984484704591,31.19747501072728,23.325639001637644
3383,Thua Thien - Hue,VNM,2004,2004-08-12,0.05834266370883015,0.3238870259340797,0.040043356055418235,0.0739961073918993,0.30771202986354673,0.1916007129339177,0.08764199887891587,0.7112215053356407,0.8143621980522455,30.888757428679533,23.287082321414932
3327,Ba Ria-Vung Tau,VNM,2004,2004-08-12,0.10904709144886039,0.3429287931140183,0.08590408465998702,0.11880789336690965,0.33397636139926373,0.2379004908481078,0.1283249344416863,0.5177504028846197,0.6307091403500893,32.537729955917605,23.881428774259838
3336,Binh Thuan,VNM,2004,2004-08-12,0.161397745667752,0.4016959848453052,0.13163858323944255,0.16616621573201382,0.39864497277288896,0.2916669619966269,0.17050330178431672,0.48035292086431974,0.6494247429472754,32.654471645498425,19.134468409165425
3342,Dong Nai,VNM,2004,2004-08-12,0.1336505671127719,0.33859478580316954,0.11749113830322744,0.14425666629124143,0.32541969130875414,0.23013943543719834,0.1257028367096484,0.4582798236524022,0.4915854683120587,31.171258489546403,
3344,Gia Lai,VNM,2004,2004-08-12,0.31381820559176515,0.4596539727314833,0.3152376238534442,0.3241139641786,0.4333427114849629,0.32935128647078865,0.1986643902559412,0.26349556948723485,0.37955294049631855,27.85889443440763,18.8946355980103
3345,Ha Giang,VNM,2004,2004-08-12,0.09732332513845589,0.3330500115135743,0.08964456183834563,0.11495218543773136,0.31809310997491297,0.20380859054650927,0.09405429494948873,0.6188407682236704,0.5421153918221202,28.461376613664655,17.51719188174375
3347,Ha Noi City,VNM,2004,2004-08-12,0.1743794539834594,0.3266567619088645,0.16342929728078473,0.18527495831542384,0.2975024444833894,0.2265462280231958,0.13351039926137773,0.32571316328228794,0.30605024543044845,30.955638718907803,21.759754146084955
3348,Ha Tay,VNM,2004,2004-08-12,0.13988166486427756,0.34277493791122154,0.1308275761850799,0.15378794874655377,0.29992303786911007,0.20854717363821523,0.11348507741080002,0.4597700011128063,0.42029295420361973,30.06296190907329,21.392404924118757
3349,Ha Tinh,VNM,2004,2004-08-12,0.07746985172707209,0.40338295418618536,0.04845631303853294,0.09576438655564896,0.3928919929253602,0.26745729856074313,0.12518591597434622,0.6745189880216971,0.9154590239119504,30.88234686728514,22.191995668898972
3353,Hoa Binh,VNM,2004,2004-08-12,0.2043287960897258,0.3887091808605599,0.20899602151536673,0.22109621419087327,0.36096741853236597,0.24580928623426676,0.13498607597020928,0.3681893591895143,0.35133465162691835,28.913280737330446,20.315155471215554
3357,Kon Tum,VNM,2004,2004-08-12,0.2807747271343864,0.44242160596471225,0.28387268476228367,0.29206548199997595,0.41269003419711087,0.2931284856360973,0.165515334139019,0.30283883708640996,0.2840301398410289,24.991716557555186,17.30839878004439
3366,Nghe An,VNM,2004,2004-08-12,0.09751358895224069,0.45586560717513414,0.07194121901677589,0.11762378921745731,0.4430717418392322,0.3001705175761644,0.14390694763453038,0.6682184657009064,1.1114568479046563,29.51161622520376,19.815209213387682
3367,Ninh Binh,VNM,2004,2004-08-12,0.18252289572900235,0.35440736221877245,0.17537871448758185,0.1957824736754059,0.3188631878982452,0.23020754975484556,0.13106971725795494,0.36030774615985056,0.3331334408442507,30.8998586865405,24.12513423644408
3368,Ninh Thuan,VNM,2004,2004-08-12,0.12392238940650425,0.3637981118032975,0.09605015064695879,0.12875860659684424,0.364964465169523,0.2674451789092526,0.15607580231255466,0.531569052332032,0.5580421044674063,33.05728069586068,22.411671997598937
3377,Soc Trang,VNM,2004,2004-08-12,0.11093588003758599,0.3104716772280442,0.0781774970660709,0.11715835099644158,0.2689759745340141,0.18147111605108296,0.09637543441451285,0.46430169627658696,0.42711505721804643,30.689425284770323,24.225589852376217
3386,Tra Vinh,VNM,2004,2004-08-12,0.10082135498555368,0.30511969412490025,0.05997846666498454,0.10325800227223497,0.27839863969517537,0.19044945676318958,0.09807780175630006,0.4829916475126699,0.4657426289515031,31.312740427922225,23.66878350039476
3387,Tuyen Quang,VNM,2004,2004-08-12,0.07529951129448119,0.33921616479666095,0.07009203133111452,0.09447924820292841,0.31527924198130586,0.19366737420191127,0.08290261466846538,0.6678391495731277,0.5997822211363548,29.08497920449067,17.69511184148574
3388,Vinh Long,VNM,2004,2004-08-12,0.11278627053257113,0.35612024660737546,0.08352622602349843,0.12349877832260016,0.31969414698161036,0.21776545808509382,0.11327827804112345,0.5344213172312243,0.5507575966384,31.885212204961185,22.47226037961541
3390,Yen Bai,VNM,2004,2004-08-12,0.11741557747980716,0.33174463261092785,0.1157353350658007,0.13517783986403284,0.3094877080396102,0.2000359008019749,0.09491187434906047,0.5460480291684806,0.4720993200554003,27.88470376496174,16.67371065494363
3328,Bac Kan,VNM,2004,2004-08-12,0.09993489231121114,0.3338321836267577,0.10095267072317386,0.11880604251849151,0.31328347476517565,0.19484053601809584,0.08944737424370923,0.5992403199418863,0.5079422740084679,28.49423795519076,17.486504207328164
3329,Bac Giang,VNM,2004,2004-08-12,0.09014026381418479,0.3329034806760707,0.07572636792777587,0.1064909881886962,0.31076563992386513,0.20535261163905408,0.09790066027925266,0.5971447570754006,0.5538844464821433,30.63845316352915,22.653901776177044
3330,Bac Lieu,VNM,2004,2004-08-12,0.10681875889257304,0.23150351753963075,0.07585926118060818,0.11134094588138879,0.1946113573135773,0.13954987994101684,0.08080447106012782,0.3246211922465003,0.2637041054053742,29.874873813335885,25.46201028041623
3331,Bac Ninh,VNM,2004,2004-08-12,0.13367110635438686,0.3105048185790075,0.11786834239054805,0.1471170382965824,0.26971436369775015,0.203325618117252,0.11532351235677395,0.4105518133999102,0.3689706823365828,30.932530487515194,
3334,Binh Duong,VNM,2004,2004-08-12,0.09822539975541587,0.3789132703436157,0.07261808213190589,0.1094045012862489,0.3809138950728728,0.2655372465862346,0.12950466118486764,0.5968599950455038,0.7529580966214257,31.70550066966385,
3335,Binh Phuoc,VNM,2004,2004-08-12,0.14203245320355118,0.3537493473420158,0.12689364866272854,0.15153752833021678,0.34248990681982727,0.24761890185373786,0.14081604422850036,0.4762653098415848,0.5271498612263407,31.032208092597454,
3339,Ca Mau,VNM,2004,2004-08-12,0.10737238560420416,0.22399528436065338,0.08285004091768117,0.11180452473363403,0.195239856168715,0.13967619391981664,0.08332814469453773,0.35290989665624306,0.2454034953090733,28.988639016806687,25.02613912636237
3340,Da Nang City,VNM,2004,2004-08-12,0.05339018784173155,0.31135993880891255,0.034883033749952844,0.06798562590196838,0.29049702997705157,0.17535768561796478,0.07997668882851268,0.7200923218021312,0.6383995289492927,30.150851656128484,22.612786890387373
3346,Ha Nam,VNM,2004,2004-08-12,0.15237419815044886,0.35736911484868916,0.15093600009736713,0.1701845202237743,0.31217375322528335,0.21852299355049035,0.11890417376634832,0.4399871032603361,0.4080030299728548,30.699776828212052,23.302363182024724
3350,Hai Duong,VNM,2004,2004-08-12,0.12339555103374053,0.30703193852544336,0.11100431929388248,0.13572690351663835,0.27102087676035713,0.19427117963016566,0.1061697683351002,0.4496622488871354,0.38553527179897096,31.322438668226027,20.602607445108614
3354,Hung Yen,VNM,2004,2004-08-12,0.17059538078912131,0.34458165669774615,0.17701813105124217,0.18954215403330946,0.2996221933980107,0.21575689850176172,0.11746613584261234,0.3611145392596315,0.313012926813516,30.159118472067036,
3364,Nam Dinh,VNM,2004,2004-08-12,0.19833569190396821,0.345138093797743,0.19965085773902805,0.21481679382007232,0.3050542212882796,0.23087921895473837,0.13646829266275395,0.2967410404879407,0.2660923598694646,31.08381748616079,24.91071514071298
3369,Phu Tho,VNM,2004,2004-08-12,0.1167754798412511,0.3424853032156164,0.1077398187502271,0.1315988793732786,0.31474963095666975,0.2063885029292646,0.1025487536311846,0.5361798533100481,0.4938270725378856,29.7033802287682,21.2790876451217
3372,Quang Nam,VNM,2004,2004-08-12,0.06436904089333348,0.3465250848078526,0.05090511925078768,0.0817015646920456,0.3218562028948735,0.19185387363709597,0.08430082644246818,0.7086810967026256,0.6208688665485884,30.040470257197363,21.204673915333466
3381,Thai Nguyen,VNM,2004,2004-08-12,0.06674343963308903,0.32980576638222026,0.05737708934159056,0.08532288200158022,0.307311952189185,0.19232560120765385,0.0834202018417795,0.6841859184328599,0.6176935503232904,29.686258663225583,18.118865361498543
3389,Vinh Phuc,VNM,2004,2004-08-12,0.12563028275931562,0.3377498300308857,0.10853363333436541,0.13729742796978298,0.3050372217542037,0.21444388977333298,0.11678816941188308,0.4931654498995976,0.4691303837075133,30.538957580213882,19.987639006405
73933,Can Tho city,VNM,2004,2004-08-12,0.11364933264363788,0.3188232593907889,0.08907849740468711,0.12424948920272595,0.27642122756652165,0.18680681793135342,0.1001248289077096,0.48085819939643265,0.430141877241808,31.14822827596374,24.539425083642314
73934,Dak Lak,VNM,2004,2004-08-12,0.3003820844407656,0.4592037633681642,0.2973350692843887,0.31037657909756783,0.433175729605806,0.30934570704419945,0.18750201965278354,0.2714903256854538,0.28604272255964297,28.23581516436721,19.270817933705096
73935,Dak Nong,VNM,2004,2004-08-12,0.2219007144641498,0.37723723910681944,0.21939863685679145,0.23170411348733422,0.35639515225438395,0.24877469386858217,0.14310854580524823,0.3630671720445735,0.5405402947629102,28.25251188306894,18.020947886745994
73936,Dien Bien,VNM,2004,2004-08-12,0.10439527242046949,0.35208411425213715,0.09846810589377923,0.12237805109927717,0.3278058684435588,0.20490868632924036,0.09807869901946245,0.6032477192988371,0.5426411850249108,26.185128458338642,18.712431010848913
73937,Hau Giang,VNM,2004,2004-08-12,0.09107153298506834,0.33266374993897224,0.07034130475613364,0.10625767802115449,0.29272936683486384,0.18970510139200406,0.09486019345037197,0.5922609579426839,0.536197921046867,31.686758080750266,24.380273789061746
73938,Lai Chau,VNM,2004,2004-08-12,0.10743324375783792,0.3339818009922375,0.10136493559954556,0.12427294226876437,0.3116227242315777,0.19597546980334643,0.09465965495387972,0.5769798811003674,0.49146663481642083,26.461490809928826,18.53781021189177
73939,Lao Cai,VNM,2004,2004-08-12,0.09294626260808407,0.316371373207802,0.08643602835773928,0.10971168696807979,0.29484808001439755,0.18579871759591246,0.08284861804908085,0.6248624822047713,0.49634378808804863,28.210069267719383,16.302681508564497
3326,An Giang,VNM,2004,2004-08-12,0.09086831950363057,0.21129229982333078,0.05353728837131432,0.08943432361396954,0.1949925395659531,0.14714398388894742,0.08124462997939425,0.31400898339466826,0.31531521290042575,31.59970244889114,
3332,Ben Tre,VNM,2004,2004-08-12,0.09455239598018031,0.305525408631668,0.05508931029718617,0.09697741440498313,0.27235985438212224,0.17745511394821542,0.08729987909970248,0.48428972784759394,0.47149977383600855,30.897217461030007,22.647394660723634
3343,Dong Thap,VNM,2004,2004-08-12,0.09760838975590862,0.22899904816130928,0.05995130851250127,0.09680864029198231,0.2079562601992842,0.14947695416720322,0.08103337783582895,0.32448859279687026,0.28736464287479424,31.792563016204753,
3351,Hai Phong City,VNM,2004,2004-08-12,0.1254568098375127,0.24175709039764046,0.10787877220234703,0.13316644969033092,0.2100426224692237,0.15551287565076102,0.08991487766827236,0.3376970567060532,0.2375165812676727,32.80887995613659,24.93263513905828
3352,Ho Chi Minh City,VNM,2004,2004-08-12,0.12043146683416049,0.2873055768588859,0.09630797327870537,0.1259820038755417,0.27287214658082104,0.19955731832375867,0.11623571596124864,0.4115421421374169,0.4053989821745602,33.67606557866549,
3356,Kien Giang,VNM,2004,2004-08-12,0.08951254416587966,0.28507829614756314,0.06224140045710275,0.0970962557956719,0.2591723096084003,0.17433206112233188,0.09038533086679906,0.5168340256524149,0.4419797491841337,30.174897398250014,24.814346420851063
3359,Lam Dong,VNM,2004,2004-08-12,0.34935264894727425,0.4678538230077233,0.348364080495953,0.3570805518717039,0.43640406701431816,0.29304985304708525,0.16859386646307994,0.20835832113735397,0.19160016877766037,26.552820847387764,8.018543689320408
3362,Long An,VNM,2004,2004-08-12,0.09432742753032712,0.2800107405653479,0.059976955942186216,0.0953672511895582,0.2850682524373995,0.20563468390889403,0.10992984630179316,0.4886486908816996,0.4819660736734795,32.9533064360454,
3375,Quang Ninh,VNM,2004,2004-08-12,0.09262450663741155,0.29164336728210155,0.08286870366257293,0.1075506874017607,0.27929288585040996,0.18487976112110344,0.08968766590639571,0.5587458703057424,0.4541216485130187,31.10976568962132,22.67264568977029
3378,Son La,VNM,2004,2004-08-12,0.1699630142558792,0.37444906110161175,0.16854725248526328,0.18642606234889328,0.3505537624292099,0.23317242744132938,0.12417668712900246,0.45793524758055193,0.4200015691243814,26.68442033472791,17.67773568472725
3379,Tay Ninh,VNM,2004,2004-08-12,0.09231336358187689,0.3573666290597261,0.05943149091772248,0.09907125039313983,0.3612603660920361,0.25984233436785975,0.13270958559178667,0.582737754257938,0.7753999719697171,31.23309399625496,
3380,Thai Binh,VNM,2004,2004-08-12,0.20919135722456134,0.35302778034962495,0.21194481855386868,0.2238390130277434,0.31220956617943596,0.2296444097082234,0.13537771313650332,0.29438362850203725,0.25620097903493333,30.561889435598367,25.040483193048008
3382,Thanh Hoa,VNM,2004,2004-08-12,0.2172885943910703,0.42752314345055903,0.21757488334005168,0.23330522859890862,0.3957536222410618,0.2723694374422198,0.15056171579985414,0.3787536811841571,0.4039486748619936,29.08676144757089,19.260307287258463
3384,Tien Giang,VNM,2004,2004-08-12,0.10348846282508285,0.3312366832667637,0.06888099652049333,0.10859283303593689,0.3120345457060228,0.2141298294744074,0.1122878644656865,0.5201045881032299,0.5399736722058115,32.27558053861604,22.198637705269977
3333,Binh Dinh,VNM,2004,2004-08-20,0.08951395632159859,0.43457609783472645,0.05368802437385619,0.10597398713976171,0.4201764736747436,0.28251455353658234,0.14011787567055367,0.6563088811502165,1.0829383257776697,31.228659067643253,23.98155585302446
3338,Cao Bang,VNM,2004,2004-08-20,0.07198403326269409,0.36194351817677745,0.059020329835364205,0.0934779260742534,0.35302503275403707,0.22289508094897492,0.0973257764941298,0.706951665910712,0.72351064740693,30.21735135349631,20.07186548865466
3355,Khanh Hoa,VNM,2004,2004-08-20,0.06273010066956505,0.3577737798279907,0.03805863174283887,0.07757669156317767,0.34698072472898167,0.2215994375669198,0.10283965040634829,0.7032617209665251,0.826465268749416,32.31923282938302,19.72492890188825
3360,Lang Son,VNM,2004,2004-08-20,0.08149517957334623,0.3458111129879798,0.07080652835086916,0.100818592056466,0.33357559446635193,0.21275890643381945,0.09534890536688974,0.6508311559130582,0.6189815071694024,31.10678323958848,22.324764777886354
3370,Phu Yen,VNM,2004,2004-08-20,0.12302926931997529,0.39394765438000834,0.08973611098396272,0.13081048853716817,0.3918282457678003,0.2835790788708581,0.16107683057862743,0.5453824238082576,1.4355265252821514,34.3292356262366,23.436948657849673
3371,Quang Binh,VNM,2004,2004-08-20,0.06838063110186939,0.32860122469896813,0.05468673555986954,0.0837540360415121,0.30786273105911055,0.19046754654988937,0.08657232136778349,0.6989333229281139,0.6340985380912888,30.913705476499572,24.069303168521213
3374,Quang Ngai,VNM,2004,2004-08-20,0.07251543426468889,0.4250333024736557,0.042149507329051095,0.09281535005211612,0.4073350857890449,0.2643428711956841,0.11679124527557405,0.7081356071217645,0.9354664459212747,30.687368103595293,23.19413224275753
3376,Quang Tri,VNM,2004,2004-08-20,0.12131910805951834,0.3702616760510881,0.10713642351182578,0.1358353781842457,0.34680135815705837,0.23233588061754878,0.12003619732311116,0.5662424383059672,0.5664672005801613,31.55759160138351,23.896844576027256
3383,Thua Thien - Hue,VNM,2004,2004-08-20,0.06908209724082551,0.3433219539431396,0.051900568781511544,0.08551320827250614,0.3221695412644232,0.20276553883169465,0.09200337312632334,0.6847152497665446,0.6513351751697622,31.102557735056852,21.830754068407902
3327,Ba Ria-Vung Tau,VNM,2004,2004-08-20,0.10621456542744014,0.32024220714772766,0.08833203478409789,0.11544632440442933,0.31086587328538934,0.21840550704429415,0.11733872611074533,0.5081482835195532,0.5511940697693468,30.498430821330555,24.347176525230722
3336,Binh Thuan,VNM,2004,2004-08-20,0.12807947711527876,0.3725114164897492,0.1002138172272152,0.13380622677138082,0.37287004946893304,0.2673290506155951,0.14644535136349768,0.5356403538515839,0.27268990248479263,29.76725457480482,21.48119072218618
3342,Dong Nai,VNM,2004,2004-08-20,0.13449167498373518,0.3408005058338132,0.12379487553162845,0.14611125163314376,0.3296062713868931,0.2303066699886182,0.12329855155420695,0.456410288627978,0.4730820689917057,27.883743903564163,
3344,Gia Lai,VNM,2004,2004-08-20,0.19915536867217257,0.4206110000691364,0.18706585138393136,0.20985203900893337,0.4052361607466766,0.2888125209267423,0.16357689560344374,0.4233952143236014,0.49511138875545607,28.763506731697092,21.907623455848206
3345,Ha Giang,VNM,2004,2004-08-20,0.09139559171536131,0.3803432869954094,0.07554366783514005,0.11100311372037516,0.3706293762346408,0.24284984293939696,0.11272986447381234,0.6446292662082956,0.7274915975993703,29.72842477030093,19.747896948973317
3347,Ha Noi City,VNM,2004,2004-08-20,0.12701912604847865,0.312587380172142,0.10607620762884014,0.13516087651672642,0.2866489271667889,0.21631839232161731,0.12606294170229676,0.4381000850579155,0.44340285092593784,29.443436582243546,25.23751701004252
3348,Ha Tay,VNM,2004,2004-08-20,0.09116253555207643,0.3347382079077609,0.07042736767876266,0.10437702112191644,0.2927711663139418,0.19805636174796296,0.1001099307462632,0.5863654250211462,0.5624022558959445,30.96515422297725,25.47350201853546
3349,Ha Tinh,VNM,2004,2004-08-20,0.043476133288791324,0.28670536234304733,0.02583355578080399,0.05753801917445823,0.2671307836445299,0.16280956657400034,0.06582416377164867,0.7493166859734363,0.5847192435039377,32.60573699872336,24.15025464847436
3353,Hoa Binh,VNM,2004,2004-08-20,0.06838979058935939,0.3454203291281863,0.05494429131674423,0.0868973996450691,0.3236617361925337,0.20344267572378702,0.08890001622943267,0.6868474968635756,0.6581559953083216,29.33500110054044,22.92384602618118
3357,Kon Tum,VNM,2004,2004-08-20,0.21230833898114118,0.39906134917216757,0.2120215828596027,0.22459043418470234,0.37679561993392247,0.25858278826885045,0.1413392492090299,0.40047702599793045,0.36822662731094125,26.36581532418299,17.72278374692402
3366,Nghe An,VNM,2004,2004-08-20,0.04839070596342673,0.3239494020827297,0.03467399742423323,0.06526784273698416,0.301137152322693,0.1785278125974216,0.07013478490439591,0.7610867874262559,0.6453566485414708,30.447227238517048,20.788978784633287
3367,Ninh Binh,VNM,2004,2004-08-20,0.05359604528011828,0.27732508259717636,0.03450999491347876,0.06665005163793411,0.24026496965893457,0.1534450255233176,0.06731244141597509,0.6699312156400422,0.5258274879179714,32.23424539156235,25.28233060368607
3368,Ninh Thuan,VNM,2004,2004-08-20,0.08481979826732218,0.3741038704237805,0.048240606204165114,0.09255743669334983,0.3800301230386516,0.27066031466687235,0.14456974496807096,0.6358389092113588,0.6693592459414632,33.31869853206236,22.582730377874718
3377,Soc Trang,VNM,2004,2004-08-20,0.0980147012462214,0.2750613354519483,0.06478517520324331,0.10398079084441274,0.23350766978332552,0.15366307244745275,0.07912090456072542,0.45809410661412575,0.3717342590329987,30.41535370188684,25.26723540712368
3386,Tra Vinh,VNM,2004,2004-08-20,0.09702536735670308,0.2728420316787292,0.05861233129812832,0.09835425975566375,0.2470667968120299,0.16816623794665866,0.08596621288965077,0.45605988504912714,0.3909047955316595,31.46868067206249,24.862416008201592
3387,Tuyen Quang,VNM,2004,2004-08-20,0.09442360254846245,0.39909358488921787,0.08418885970406333,0.1149418173857746,0.37772055196588644,0.24436507116906733,0.1126623571395788,0.6411506726014521,0.7253887983637424,30.619490138856882,21.91194204860032
3388,Vinh Long,VNM,2004,2004-08-20,0.11197936578964386,0.36088205924125094,0.08394581026658378,0.12402321168231413,0.31995223590310745,0.21514330032390203,0.11224749247356092,0.5359703930186441,0.556354219177337,28.33407650511802,
3390,Yen Bai,VNM,2004,2004-08-20,0.1079182946448732,0.39845371772869576,0.09523216915353724,0.1275981994985742,0.38456104618301834,0.25578735958559695,0.12342257088098742,0.6051029736288743,0.7108963229505089,30.555064072722367,19.20006883621995
3328,Bac Kan,VNM,2004,2004-08-20,0.07361084262900325,0.3616207484155862,0.06733632923245035,0.09432316982348428,0.34415732385325565,0.21299989355244878,0.09228819067201574,0.7002243572641582,0.679382941274347,29.219774117366722,20.87577073018887
3329,Bac Giang,VNM,2004,2004-08-20,0.08458119704839961,0.3337591472661066,0.06822036525065647,0.09949218150266499,0.31294064285889267,0.20583195066817125,0.09644415786838809,0.6133160452899101,0.5861174081613199,31.997688804482124,23.84876667950853
3330,Bac Lieu,VNM,2004,2004-08-20,0.09993920818752684,0.2077945232841221,0.06996825373525023,0.1049631900710811,0.17357509798469561,0.12159541867935839,0.07068886305175931,0.3034928508605643,0.22451762079858706,29.7453248839305,25.766720766733062
3331,Bac Ninh,VNM,2004,2004-08-20,0.10642775875459498,0.31598386515912363,0.08934164375899069,0.1196594591522808,0.2740171439300333,0.19533364547943544,0.1021912924831996,0.5099697069006593,0.4651717488802588,32.44896577727898,25.76648147345506
3334,Binh Duong,VNM,2004,2004-08-20,0.12800741763553605,0.36236444428755227,0.11150454354035481,0.1371950074166432,0.36209426940664335,0.25709670148343333,0.1365586905981246,0.5147460332750704,0.5893075076396704,29.76058007269956,
3335,Binh Phuoc,VNM,2004,2004-08-20,0.16063457789520894,0.3757094683720553,0.15589337368777764,0.17265010933933977,0.3605341862490848,0.24981308234834732,0.1320248722963959,0.445659431571146,0.4569348131685468,28.817688709817563,
3339,Ca Mau,VNM,2004,2004-08-20,0.08809264390812815,0.19750176686515375,0.06344823131855865,0.0932277448331298,0.16956601336228153,0.11605935066350402,0.06642301837472264,0.36296601379046967,0.23349526251841868,29.295807445959056,25.987509516997935
3340,Da Nang City,VNM,2004,2004-08-20,0.06886556041337365,0.35555680666152345,0.048349989788580086,0.0857846597370969,0.3300678764214917,0.20446858154181713,0.09231697591627894,0.6811190756240193,0.6712549096118211,30.971721749039418,23.170770514736184
3346,Ha Nam,VNM,2004,2004-08-20,0.0624663294097225,0.3176146712062292,0.04421071207076484,0.07806996374135074,0.2681417851828488,0.169280812337677,0.07686359530013413,0.6816429555617682,0.5842681357038828,27.470337183625066,25.714583895558484
3350,Hai Duong,VNM,2004,2004-08-20,0.09659106458833376,0.3090466515254558,0.08043234931878253,0.1093260517277883,0.2713020152838332,0.18738938459240523,0.09554069901618585,0.5425127005774315,0.4745784720300506,32.27970745346342,25.679372224656156
3354,Hung Yen,VNM,2004,2004-08-20,0.07527269724849975,0.32775584746620406,0.05817922475318456,0.08935701828601388,0.2777032472439307,0.1839764680449218,0.08936955563875255,0.6404347879394834,0.5861880565226918,30.281329672767697,25.753900448413344
3364,Nam Dinh,VNM,2004,2004-08-20,0.062235909661807746,0.29940293594989253,0.04118154930625899,0.07529711591971662,0.25075740926067525,0.16658282548771003,0.07673462042433836,0.655802954142967,0.5569326622134535,31.03510258361754,25.66653112916443
3369,Phu Tho,VNM,2004,2004-08-20,0.09345122467627835,0.37708643639981976,0.0744697260693097,0.10928161291094554,0.3549933293001865,0.23635715816433409,0.11239217702243051,0.6177439265614025,0.6842702116987424,30.508420227342302,22.97905718292215
3372,Quang Nam,VNM,2004,2004-08-20,0.0747983664575667,0.3422811083652981,0.06294522786622286,0.0914873615896085,0.31540114961166504,0.18956909283714413,0.08470553710079058,0.6786659826778885,0.6155723687410211,30.396881100567743,22.30395691630249
3381,Thai Nguyen,VNM,2004,2004-08-20,0.0908055501557593,0.3639325990868411,0.08040843484021537,0.10913898258215832,0.3440253658508955,0.22478923291101685,0.10519157911486193,0.635335161355065,0.644878206411507,30.94360768063955,22.667505239147815
3389,Vinh Phuc,VNM,2004,2004-08-20,0.11719919168340312,0.3603647950852887,0.09463569259203404,0.12909797288529892,0.335403097515046,0.23508639753078836,0.12467787477020756,0.5293479330307921,0.582164060091066,28.365063026866647,25.14818187275476
73933,Can Tho city,VNM,2004,2004-08-20,0.11352161948082663,0.29824456940395966,0.08627580779806145,0.12283782875342314,0.25868752644904935,0.17583272980367076,0.09417538268468899,0.4398475723156877,0.37930782137722596,28.445259437863353,25.235485243651382
73934,Dak Lak,VNM,2004,2004-08-20,0.1502257891271773,0.4093423312562266,0.13621173486424826,0.16394467014737363,0.39376892239239886,0.2686354269893357,0.14319871250456984,0.5277430607048958,0.6225295583759767,28.289089196667344,13.921127818277137
73935,Dak Nong,VNM,2004,2004-08-20,0.16435473205030096,0.4038904881942127,0.15615282397507665,0.17671581920382767,0.38917480919027986,0.2684865041086389,0.1454272794349816,0.49661343473510366,0.5538404654149126,27.887896042826487,14.911470469940939
73936,Dien Bien,VNM,2004,2004-08-20,0.12624758989137227,0.4404246216889151,0.11522661910577807,0.14866125926587387,0.417448502978145,0.2695656596961939,0.1307870115444108,0.5913241189012367,0.7579081411797789,29.46551357147777,19.372576446401073
73937,Hau Giang,VNM,2004,2004-08-20,0.09491333635838847,0.3340361274888489,0.07678964006628292,0.1116458662906407,0.29028676341099907,0.18772698316786426,0.09271088457020782,0.5864382767187417,0.5118141697158471,30.1001174183911,25.274343547933682
73938,Lai Chau,VNM,2004,2004-08-20,0.14213068620100908,0.4268604075975512,0.12990708104801665,0.16213703454689304,0.40453254676375705,0.26584133284633993,0.1343459654731216,0.5470880707392181,0.7288546463204132,29.04023004058052,18.10965608233701
73939,Lao Cai,VNM,2004,2004-08-20,0.10184336700685007,0.40360635681268603,0.08585773533437793,0.12236499277311282,0.388407090752703,0.25512027925543246,0.11969109280457052,0.6381673276898311,0.7384527927531948,30.43597697524004,19.6322591477369
3326,An Giang,VNM,2004,2004-08-20,0.11411813109950289,0.22219844544863765,0.08311967429663489,0.11644200287495488,0.20155238099247924,0.1524282871576607,0.08627950599332342,0.23954349457705046,0.250769987494316,27.802510157906603,25.35439359242904
3332,Ben Tre,VNM,2004,2004-08-20,0.10894130309440093,0.296996896024485,0.07297183170040239,0.11079676781725621,0.2674583542777663,0.18182977401848813,0.09742065037802734,0.4370688403290662,0.4218548390625197,29.800637826242465,25.6780798008761
3343,Dong Thap,VNM,2004,2004-08-20,0.10992020051955119,0.20773618727174714,0.07433524937691863,0.10923248750011891,0.18788915691777172,0.13750190670988846,0.07876851435258908,0.2368416598168818,0.21381958582032762,28.49922432894429,26.314333697748467
3351,Hai Phong City,VNM,2004,2004-08-20,0.11172146992580537,0.2590327618840661,0.09575181723550048,0.12136439770454503,0.22540521890128917,0.16486483641929428,0.08975554136465194,0.41694068815674434,0.3166041585913634,30.270911976153535,26.12449417504116
3352,Ho Chi Minh City,VNM,2004,2004-08-20,0.14407458712189258,0.2892656702938259,0.12458441084400182,0.1490375858642447,0.27299379739963925,0.20617465243676042,0.12745583390371434,0.3556692932168423,0.332752724344327,29.30064563899501,
3356,Kien Giang,VNM,2004,2004-08-20,0.09331386275959945,0.2815416081461783,0.06850066875605831,0.10260972765165194,0.25239662837783683,0.16894449168600975,0.086624180682675,0.5036158791644146,0.409802706846703,29.26505936769962,24.276654738273447
3359,Lam Dong,VNM,2004,2004-08-20,0.20149459769655703,0.4133361333718464,0.19339569423909148,0.21227695626518472,0.4023299491591502,0.28668054584492353,0.16358630106197483,0.4154991073488181,0.46437758533270385,25.707708061589074,16.36073581022901
3362,Long An,VNM,2004,2004-08-20,0.10643947137981036,0.26226895740263817,0.07619165600417185,0.10774763222028533,0.260922885286097,0.19119401174179151,0.10690322488602838,0.42085500867527015,0.3769058596249078,29.687091728241267,26.275907364763846
3375,Quang Ninh,VNM,2004,2004-08-20,0.08770772986931645,0.2971982795829491,0.07999249913306658,0.10547421539141498,0.2821045203730463,0.18477881315624892,0.08505158874722683,0.5638208260528503,0.4720380291013873,30.183478901207355,23.810742086431638
3378,Son La,VNM,2004,2004-08-20,0.08994632505687038,0.4125122728834512,0.07238515474776076,0.11143311906152499,0.395854402013468,0.25475467280064523,0.11664555666583164,0.6676718017724074,0.807894318046278,29.324320816895227,19.741421228058094
3379,Tay Ninh,VNM,2004,2004-08-20,0.11509105378156236,0.3342802172862947,0.09143432710441209,0.12213520572055796,0.33114744892739156,0.23873675020027924,0.12780366509806343,0.5089946796758051,0.5499874520213887,29.08472916082258,24.0015510681452
3380,Thai Binh,VNM,2004,2004-08-20,0.06892843419794259,0.30546529951151874,0.050470990242084776,0.08191452799628716,0.25536663533570336,0.16844323831300403,0.0797946959646346,0.6429053568480299,0.5454823511308711,28.43712194172699,25.665285018020008
3382,Thanh Hoa,VNM,2004,2004-08-20,0.04481276796984607,0.3217529539820504,0.03110888054943177,0.06205526713151892,0.29313805937617793,0.17504464364997946,0.06815146018087272,0.7639702822059043,0.6503236022275195,30.562699341648866,22.517474964480744
3384,Tien Giang,VNM,2004,2004-08-20,0.11011586617367637,0.3139108886774918,0.07505862884750084,0.11269591779132163,0.30054979301477097,0.21275767907961543,0.11528396700780907,0.4832019681407992,0.4894517158025637,28.041771714635896,25.421889321227866
3333,Binh Dinh,VNM,2004,2004-08-28,0.12177850298942784,0.36800808864541423,0.10078302368854002,0.1319713367059085,0.35290124021124897,0.2411459496895504,0.13445634597053738,0.5208329567953185,0.6106048437012468,32.3052819177216,22.814921082757373
3338,Cao Bang,VNM,2004,2004-08-28,0.26328884630096205,0.43548092594406984,0.25928008924988377,0.27590760340572085,0.41150888342354497,0.2990169487947235,0.17006838350340034,0.37135335987700707,0.34357543017734904,26.726720067287985,17.52881135593541
3355,Khanh Hoa,VNM,2004,2004-08-28,0.07801784035210785,0.3163059149493513,0.059018056344137995,0.08887239697078507,0.3051757574815045,0.1954128365536966,0.09624343712538032,0.6133223641672386,0.5674937897287033,31.545448409250362,22.215092575375895
3360,Lang Son,VNM,2004,2004-08-28,0.21500218806342383,0.42220960474197994,0.20968504041640265,0.23064918309006682,0.40157833813294974,0.2944639459648404,0.17087138773642005,0.400983632574372,0.43195475753239027,28.250559121007978,19.490388377003907
3370,Phu Yen,VNM,2004,2004-08-28,0.10847238266437388,0.3374448467600853,0.08049260464812281,0.11468877172420615,0.33585395032405746,0.23698019005166338,0.13219206403294753,0.5273094350401364,0.7274889321300224,34.14754134503925,23.63047066657282
3371,Quang Binh,VNM,2004,2004-08-28,0.3396533180859862,0.48911719323188246,0.33329073701333134,0.34863921885805654,0.4527729371208647,0.3128470495591755,0.191877791373109,0.23737527681463585,0.2804875143966513,27.148472575666776,18.37203718278556
3374,Quang Ngai,VNM,2004,2004-08-28,0.1263272384742941,0.38905027410187554,0.10439891592297185,0.1389693572370391,0.3766226558124394,0.26213217042651626,0.14440759597401764,0.5335772363135387,0.7199084114516847,32.37275203231133,22.43591520886449
3376,Quang Tri,VNM,2004,2004-08-28,0.2492823853306971,0.4082484555580256,0.24979296825200722,0.261901654401895,0.3817323146032644,0.2805870479125618,0.1700365279138097,0.3008426207836802,0.30143528762981203,28.480922994808132,23.103755876213828
3383,Thua Thien - Hue,VNM,2004,2004-08-28,0.1719230152796206,0.37233467750932425,0.16389283051346634,0.18440508476247908,0.35567593279407594,0.25359422527429637,0.14717217702392238,0.40404363583144487,0.4316182933522425,30.1313729536303,21.888412312809265
3327,Ba Ria-Vung Tau,VNM,2004,2004-08-28,0.09860117678997306,0.3009339171226155,0.08282917045745378,0.10870583748738694,0.2875022407563988,0.197459292982171,0.10207334693313606,0.5098229627407936,0.4643948539337723,30.352993380566442,21.47687011164321
3336,Binh Thuan,VNM,2004,2004-08-28,0.07566956919867249,0.31327872811850394,0.04582847565856809,0.08083175093973693,0.3137994324330401,0.21618556792863808,0.1110299480998076,0.6467837960058284,0.8953523951302654,32.27017128698717,21.944133143384835
3342,Dong Nai,VNM,2004,2004-08-28,0.08774714083792204,0.2782258390163259,0.07822040773871847,0.09975564753765204,0.26419267855775885,0.17162428330594062,0.0815557538758671,0.5520438380039201,0.4258842588844315,30.472948005353345,20.995919132506014
3344,Gia Lai,VNM,2004,2004-08-28,0.2413574814270235,0.4312251311058855,0.2362959383863999,0.25296929421585035,0.41540918670743776,0.29995603804690885,0.17551878222617007,0.3342696111545284,0.4586054943155964,29.3467704923055,20.444124554591323
3345,Ha Giang,VNM,2004,2004-08-28,0.16201331998432716,0.3831876302230393,0.15500890929132363,0.17777088716322206,0.3665176779091479,0.25481786671586293,0.1363878872767113,0.5238081973869312,0.5118061965742459,28.011128059177913,16.766314461393957
3347,Ha Noi City,VNM,2004,2004-08-28,0.17612231610566717,0.35135602123049625,0.16742168185391842,0.18814714258719495,0.31587099321395784,0.24291033757897448,0.14560691175793872,0.35040497920277125,0.3571543388347695,30.7816857876809,23.783651040394307
3348,Ha Tay,VNM,2004,2004-08-28,0.16408157302270024,0.36527950129735043,0.1570650674321368,0.17846776257696506,0.3184718334106592,0.23280446018270354,0.1356735322946023,0.41748586213704736,0.40788648526280225,29.093172450437734,22.67255890804091
3349,Ha Tinh,VNM,2004,2004-08-28,0.2000948930992452,0.39037308720080527,0.19297695580772606,0.2150890481065757,0.35993233662931406,0.23946797733607583,0.12866809043030716,0.37215084278367977,0.3486712283077806,29.21676548502693,17.730633266148555
3353,Hoa Binh,VNM,2004,2004-08-28,0.19019940203949928,0.37176413032782996,0.18978429524081744,0.20470168548928178,0.3424996231753137,0.23655304098010047,0.13046235500824963,0.397576811431012,0.3535633793544831,25.722249329266884,19.395065879534172
3357,Kon Tum,VNM,2004,2004-08-28,0.34165174606476534,0.4716814572958489,0.3456757897447257,0.3529236297493048,0.4418885147535951,0.32863681990450094,0.19963788017311015,0.19397006531387329,0.19838623429834226,26.09183962658923,16.612698517785464
3366,Nghe An,VNM,2004,2004-08-28,0.22299872765698772,0.4116250199551737,0.2213492095576857,0.23769106237415086,0.3721022824378613,0.23483281858688482,0.12430385764675765,0.3730030079735692,0.33757640131390243,26.24519575581095,17.26674256454236
3367,Ninh Binh,VNM,2004,2004-08-28,0.14514681057647036,0.34324990885249773,0.13607243098759797,0.1610604007264924,0.29995663569286546,0.21312871687293788,0.11568702164358463,0.4602894628603538,0.40741064902851276,27.998824411676946,19.905467002577474
3368,Ninh Thuan,VNM,2004,2004-08-28,0.06835742295243932,0.29120983409430695,0.040515532001806256,0.0725124095665498,0.2914105299938502,0.20203238787430663,0.10640848668008171,0.6431929094451421,0.20521826268929916,33.040636372014696,22.615500977883443
3377,Soc Trang,VNM,2004,2004-08-28,0.1595895281055132,0.3267927063991046,0.13521053794750068,0.16557307298325225,0.29080356859114165,0.2073800565123447,0.11690125152169627,0.35455903491814117,0.32602644189529284,29.216616793187235,22.82836341081424
3386,Tra Vinh,VNM,2004,2004-08-28,0.16282176410750232,0.3128623807921338,0.1340620302933245,0.16469397396038069,0.2860922808163777,0.20765301485846424,0.1179082461504778,0.32850506309769856,0.29670169943690966,30.360752092817016,23.264789580118663
3387,Tuyen Quang,VNM,2004,2004-08-28,0.19867748409520147,0.41674591335525524,0.1961810005296106,0.21343955853570679,0.38869792798346275,0.27283503182653757,0.15079123302278216,0.46526857678950356,0.46723184885145164,28.183709157133418,18.958453748725482
3388,Vinh Long,VNM,2004,2004-08-28,0.1538270685076973,0.3692066161745169,0.13795314403379536,0.1670994630292904,0.3266353166815524,0.2262843934571918,0.12453689169521635,0.43575121034264014,0.42685215082943473,29.35593312107286,22.797619637357887
3390,Yen Bai,VNM,2004,2004-08-28,0.24118251963367493,0.42043155135647386,0.2418645407485304,0.25517953438860363,0.3945282959000173,0.28351603010821597,0.16174474461353552,0.372991544348921,0.36831842753356947,26.727207714082077,17.21477628791273
3328,Bac Kan,VNM,2004,2004-08-28,0.19263828554272214,0.41554807832742124,0.192695029718232,0.2090890060829046,0.3929713569008264,0.2763223327257416,0.1537279052447844,0.4554852724269909,0.4622660374093395,27.785668016256885,18.494246918978526
3329,Bac Giang,VNM,2004,2004-08-28,0.15423362509350838,0.4072259402887905,0.14381786290204948,0.17337600738016717,0.3756075520923904,0.26468851191108295,0.13932682453194187,0.4839285437853598,0.539747197867888,30.014578791990537,21.80698446457287
3330,Bac Lieu,VNM,2004,2004-08-28,0.13205609982458844,0.24018360523778076,0.10503427016562027,0.1349860284917306,0.21009460670052688,0.15448093879691047,0.08963177911513764,0.2752091675869959,0.21318339939779565,29.352336510774045,22.877438200405955
3331,Bac Ninh,VNM,2004,2004-08-28,0.15405509163256056,0.35334417439324894,0.14572926469981917,0.168975789548751,0.30447614778877313,0.22303525182100734,0.1303092042614404,0.42214655916784616,0.40853399623905734,29.796466886615733,22.346623490382214
3334,Binh Duong,VNM,2004,2004-08-28,0.12165198358369443,0.34829291777194854,0.11056383871632677,0.13372255432632651,0.34470395006707005,0.2397077824186742,0.12279411429753463,0.5155049479033604,0.5284500418348317,30.80208336752011,20.947741408866904
3335,Binh Phuoc,VNM,2004,2004-08-28,0.17354763693706585,0.3943399134025208,0.1674529055492038,0.1870527991578611,0.3831612491195889,0.26785553582519356,0.14428349488568312,0.42402581188448124,0.45146599947253685,29.375027329753276,20.53532350128786
3339,Ca Mau,VNM,2004,2004-08-28,0.13541575326070052,0.2516384907681406,0.11642975739065753,0.14083770494002087,0.22371735632472964,0.16172345433529026,0.09584163355872222,0.30832992165445156,0.23280721709007876,28.402139188921396,21.808814542654492
3340,Da Nang City,VNM,2004,2004-08-28,0.1263037194734199,0.38124944659911303,0.11063889128177004,0.1408220995453736,0.35751493354833763,0.23807088090193462,0.130258911762685,0.5076925854927191,0.5572493218487309,29.067193620517845,21.909039041409017
3346,Ha Nam,VNM,2004,2004-08-28,0.1543375137319316,0.38425845029728845,0.14677999741765563,0.17110096255812993,0.3297914939283162,0.2354916203996702,0.13196795364057504,0.4719100017601901,0.47451730176643253,28.805521859830815,19.168339350180553
3350,Hai Duong,VNM,2004,2004-08-28,0.13439239452355756,0.34581101897867217,0.12824699020563216,0.15160393903100242,0.3012424515082745,0.21618788340209952,0.118100797020052,0.4616255914262482,0.43830561198258816,28.532979957281835,22.593093968479632
3354,Hung Yen,VNM,2004,2004-08-28,0.1298497513420451,0.37082268236144983,0.1238503583209761,0.14690297082629503,0.31449664348610434,0.2203935920830366,0.11933255036293972,0.5041453635139642,0.5094034535804133,28.967019102015513,22.92808473243761
3364,Nam Dinh,VNM,2004,2004-08-28,0.13032351477456827,0.39168565982515663,0.12405220445842305,0.1508472383272695,0.33404078729560943,0.23506824481037983,0.1222625622523934,0.5096871770174708,0.5462384897220267,27.678510700906493,22.70432001402036
3369,Phu Tho,VNM,2004,2004-08-28,0.195742809927309,0.38380612007475895,0.19573212350902372,0.2104339779765428,0.3531560330086838,0.24916800983703802,0.13815511057404367,0.3736886846422542,0.3554700851693266,28.604460660407206,20.583928445273603
3372,Quang Nam,VNM,2004,2004-08-28,0.13432327816373252,0.40425065689054024,0.11948472194626177,0.15012667634108395,0.38061160917603026,0.25253052273783405,0.13439107492469185,0.5272884483488809,0.6045591545334184,30.65841147087834,19.99230296565566
3381,Thai Nguyen,VNM,2004,2004-08-28,0.16641556938647256,0.4175521955430765,0.16021088457425797,0.18493883816512863,0.38591966388861004,0.2688194173317421,0.1414800411752026,0.49748285447744794,0.5271443810897152,30.087716885255585,20.108560565747233
3389,Vinh Phuc,VNM,2004,2004-08-28,0.1672587791468553,0.3708813303368334,0.15287324308712127,0.1800724990564596,0.3355785856699019,0.23980455527767142,0.13008483326164808,0.444131510884067,0.41831413337966417,30.472642284636688,22.112491085799203
73933,Can Tho city,VNM,2004,2004-08-28,0.14569724282431762,0.29051703697632225,0.12355054186113198,0.15309587071098332,0.2560210362241771,0.18469848062607094,0.10508124135584489,0.3213466847649605,0.27958180006302824,28.14784471386397,22.53171299766268
73934,Dak Lak,VNM,2004,2004-08-28,0.12030735419966278,0.3807484941670804,0.10433092996861747,0.13372292404904287,0.37048564731257144,0.2470637781416058,0.12876889561399094,0.5485452578114978,0.6427060262301919,30.324866375864445,20.52469884014443
73935,Dak Nong,VNM,2004,2004-08-28,0.20336106668542217,0.4101071712778439,0.19915026789475057,0.21516325174663795,0.3986580153708554,0.27951508512136014,0.160196232990563,0.3786651342682292,0.4161370978221217,27.64600033674104,20.262606208699125
73936,Dien Bien,VNM,2004,2004-08-28,0.10680843102173093,0.39970075966295693,0.09802207521949732,0.12804670422608105,0.37563513668365833,0.23735838119731056,0.1136767899288316,0.6291046827103287,0.6826026669140393,28.395084050716882,17.69157484178096
73937,Hau Giang,VNM,2004,2004-08-28,0.15385421705154756,0.36626277901109294,0.1448752212358878,0.1701985156359941,0.3234860060367078,0.21995099146187735,0.11724353213499061,0.4351988086391443,0.40693218185996777,28.28765131669434,23.140767946194853
73938,Lai Chau,VNM,2004,2004-08-28,0.13823381140234045,0.39769490377596023,0.13125748461571532,0.15754864620580125,0.37539145266149077,0.24775348047453402,0.12822852795499343,0.5460149086093797,0.5885949944673592,28.712588794753508,15.150709437664247
73939,Lao Cai,VNM,2004,2004-08-28,0.20543172620582717,0.4213298927586576,0.20093245928144934,0.22128312286558874,0.3982644794090382,0.2868542368265171,0.16584624590122152,0.4348842988130939,0.48359400591230517,28.429600587773308,16.013278854323612
3326,An Giang,VNM,2004,2004-08-28,0.13343708263704868,0.23420238829938678,0.10885276559657966,0.13860345733526586,0.21095083067858136,0.16136045816754663,0.09446363849224554,0.19995033482429875,0.22002611914598486,26.628291625628048,
3332,Ben Tre,VNM,2004,2004-08-28,0.16563623901388339,0.3238145504075291,0.14417592471510346,0.17024232778636567,0.28992780404493085,0.20579318834536334,0.117086121746054,0.3239970751801266,0.3044506826926835,29.77874010310494,23.08438978293146
3343,Dong Thap,VNM,2004,2004-08-28,0.12776371948575435,0.19719340458118173,0.09584636569651067,0.1278818310332576,0.1768929948526761,0.1340306446712621,0.07983787045471157,0.13369271979316805,0.14428910201891976,29.056894506248362,22.15282291474017
3351,Hai Phong City,VNM,2004,2004-08-28,0.14114272180213086,0.29804318265047913,0.13759388462090597,0.15564820469688367,0.2591052602844097,0.18848483379009048,0.10295642987740701,0.38215450600119766,0.30792288525587175,29.570268603818878,21.806305448419764
3352,Ho Chi Minh City,VNM,2004,2004-08-28,0.1408055339418143,0.28835458848984286,0.12702600076007992,0.14899056932310978,0.26579653744502363,0.19296423461909687,0.11318050548697853,0.37310444214355104,0.31033227320058254,30.056513371403955,21.985505113285505
3356,Kien Giang,VNM,2004,2004-08-28,0.13698707737439586,0.30537363080416624,0.11628469537099337,0.14491489564883195,0.2798266212421134,0.20168542547407758,0.11641222942155892,0.3949485518093776,0.35863911913443697,24.974703193685997,22.673614563020273
3359,Lam Dong,VNM,2004,2004-08-28,0.10388273855880557,0.3187282308615666,0.0963705138287339,0.1162708610085948,0.31074052638925415,0.20119990781072478,0.10319737770439713,0.5650012853615244,0.48230904026042004,27.171261793774043,17.069244915401477
3362,Long An,VNM,2004,2004-08-28,0.11882485473553864,0.24904130723257187,0.0956566975226655,0.12224972523488481,0.2398981341810279,0.17612349695183166,0.09905727612075917,0.35428453153432704,0.286920293361253,30.825440742229954,22.079910620298723
3375,Quang Ninh,VNM,2004,2004-08-28,0.19021188526880847,0.35521410849894014,0.18929650925182231,0.20612242508015932,0.33134731484316243,0.2358214221437782,0.12977139124343726,0.3530158491592175,0.32407722701762337,28.997724471443995,20.71492077656503
3378,Son La,VNM,2004,2004-08-28,0.1716236820156503,0.39776156063013063,0.16638393321243755,0.18827711342410539,0.3770978005798855,0.25860108759640366,0.1392950403271432,0.47892893793335756,0.4989748275132205,27.32817267661534,18.17287133006795
3379,Tay Ninh,VNM,2004,2004-08-28,0.13480233061745248,0.3516440280568495,0.11642365320594626,0.14445497673204188,0.3424514247633759,0.24464952947808943,0.13099013165593532,0.4781732646947849,0.5001482694251688,29.779572169686634,21.10693708658382
3380,Thai Binh,VNM,2004,2004-08-28,0.1569721229033264,0.4055338446492006,0.15303279959355615,0.17729259706348444,0.348149587638411,0.24800307293473575,0.1303256740649929,0.46315273759541625,0.49936189657131985,27.62203332192463,
3382,Thanh Hoa,VNM,2004,2004-08-28,0.18274126899347815,0.3798150260948048,0.18275790589632707,0.1986839154536467,0.34331302645029915,0.23093276116194913,0.12365664205769429,0.41315378162094274,0.3717532645517411,26.59288835119955,18.657452278398498
3384,Tien Giang,VNM,2004,2004-08-28,0.14182450467083785,0.3085854400285652,0.11706952158588958,0.14556917681154327,0.2862044828706455,0.2087274259448825,0.11949162333030702,0.3940597373218246,0.3595978891263946,30.483929912067833,22.356139102484864
3333,Binh Dinh,VNM,2004,2004-09-05,0.06793128110722095,0.3222739811364279,0.04333058447075749,0.07569049829403879,0.3092103051550272,0.2004128553409642,0.10187523775159603,0.6839588838759999,0.785356769324168,32.055982852832855,
3338,Cao Bang,VNM,2004,2004-09-05,0.0491611757766417,0.30694431341338424,0.04110504092744718,0.06767593107761496,0.29789374920648026,0.1717513119196235,0.06685199702321466,0.7509276268589261,0.6006888015966504,28.33478137014821,18.989749085695127
3355,Khanh Hoa,VNM,2004,2004-09-05,0.0734548916553485,0.35538474535200326,0.047128811913733734,0.08528480800493998,0.3489157183650952,0.2295829741970335,0.11249115778594045,0.6636571353105865,0.8125102220848759,30.88763920713391,14.981792720458015
3360,Lang Son,VNM,2004,2004-09-05,0.04170268028687153,0.30258265890722646,0.03132637866943257,0.0598902693687217,0.2929429108685548,0.17134947134979994,0.06605419381904667,0.774986011570695,0.6255837925284078,29.503747929242063,19.87481012383007
3370,Phu Yen,VNM,2004,2004-09-05,0.0746821310108351,0.2911117175984575,0.049543877457797675,0.07938466351979659,0.2901761522590826,0.19870140226534747,0.10689435179581301,0.6198645755960667,0.7079527610972598,33.25947403861736,20.401057147654313
3371,Quang Binh,VNM,2004,2004-09-05,0.20097982872214218,0.4192655269796587,0.18718309962989804,0.2128083566562672,0.3975354515121488,0.2842996221544423,0.1644601529964422,0.48744779833626045,0.6044843717638885,29.002901507290016,21.537599690593233
3374,Quang Ngai,VNM,2004,2004-09-05,0.054296365432876414,0.30451661884878234,0.03527129306669317,0.06488387422404777,0.29299455566633825,0.1867624587111789,0.08726885529931008,0.7154060965615883,0.6821633066783713,32.10218890416752,
3376,Quang Tri,VNM,2004,2004-09-05,0.19641085919325033,0.40570931278917627,0.17985004946660696,0.20548118580759206,0.38971983544551236,0.2867032856407733,0.17419468334535693,0.442760732846871,0.3421454670189894,29.32979242295477,23.621638179681668
3383,Thua Thien - Hue,VNM,2004,2004-09-05,0.06617446903897665,0.30348224965282145,0.048597063161807355,0.07750751940951758,0.29162308780784246,0.18674754241308536,0.09268862958851458,0.6838721055795236,0.6170982926325855,29.966199661705115,25.49358974358978
3327,Ba Ria-Vung Tau,VNM,2004,2004-09-05,0.08046890721224131,0.2793928481353219,0.05900350103287766,0.08687380674138943,0.2709132878309169,0.18905891758480692,0.10168278198211846,0.5581296922900659,0.5232172101360315,31.11671744257876,24.061691885424743
3336,Binh Thuan,VNM,2004,2004-09-05,0.06632733891183257,0.3032071551398223,0.03390642140462631,0.0686889931535932,0.3117114780415612,0.2174976465036092,0.11556059155219005,0.673258023949531,0.48496663470036294,32.60779468696602,18.75468642435342
3342,Dong Nai,VNM,2004,2004-09-05,0.0647536230484951,0.26575221438811436,0.04622558241016698,0.07362045332616889,0.2594997879960549,0.16871832662405056,0.08148934889825737,0.6155651623871018,0.5181063508230476,30.354810902537768,17.660734550992714
3344,Gia Lai,VNM,2004,2004-09-05,0.09783097078085976,0.32243814631043316,0.08394616308700334,0.10792446660479578,0.31508829270905564,0.20749188333817292,0.10995837627188018,0.6048281950945322,0.6174618491849816,28.88727250650005,17.523137295275312
3345,Ha Giang,VNM,2004,2004-09-05,0.04633445360165828,0.3209334279108817,0.03527029032042938,0.06491942668874928,0.3111793737751585,0.1848483907181161,0.07305286035925765,0.7689002082757519,0.6715670561103707,26.855040837602562,16.765086894424112
3347,Ha Noi City,VNM,2004,2004-09-05,0.11140358825136258,0.2985391426733544,0.0929686978453259,0.12015409350856361,0.27163175703791254,0.19255217126951207,0.10959255219261352,0.46985474346577516,0.445570521194749,31.649856457373964,26.013321969336292
3348,Ha Tay,VNM,2004,2004-09-05,0.06896336838352662,0.28990093208292744,0.04667767302833905,0.0809471861527103,0.2565461041016663,0.16451067124214214,0.0785098477142311,0.6224649560543837,0.5216898915999915,29.969988851433886,25.768566107654056
3349,Ha Tinh,VNM,2004,2004-09-05,0.06226874801629645,0.350371936421468,0.03910827622532627,0.07919579797659161,0.335606329880712,0.21458905659713326,0.09516954114220863,0.7100267375355797,0.7456570461729852,31.934795756243133,22.74355470796148
3353,Hoa Binh,VNM,2004,2004-09-05,0.08311167758625233,0.3527160478313484,0.07556154316421496,0.10306776038928692,0.3350389885457056,0.21078266628014067,0.09458885413284512,0.6526528761846425,0.637857067353124,29.245018533800774,23.35772429624376
3357,Kon Tum,VNM,2004,2004-09-05,0.1158480360857225,0.33367311494847657,0.10709074139086162,0.12735244050582262,0.32315880210771347,0.20853999247522786,0.11041780027706581,0.5910522525315702,0.5033190429716169,26.096108979377746,
3366,Nghe An,VNM,2004,2004-09-05,0.07177654316994343,0.3984109475293403,0.05349969930341759,0.09279113034407381,0.3760720647005224,0.23631274612188652,0.1033684092920399,0.708097571473104,0.8088868300741956,31.63032949165049,22.31776884169237
3367,Ninh Binh,VNM,2004,2004-09-05,0.053210352851374924,0.28981194149895856,0.033953789256756406,0.0690528271852719,0.2548048862184839,0.15931502519407034,0.07108766172550687,0.6811315524439326,0.5645938850912238,28.494005697330778,22.781562758482476
3368,Ninh Thuan,VNM,2004,2004-09-05,0.08275073069739752,0.346703642232661,0.04608307188710155,0.08660096059894273,0.3568048422051804,0.25683389764975795,0.1420920726119053,0.6279647942256443,0.9550811220269382,33.83543296167813,18.352562287345044
3377,Soc Trang,VNM,2004,2004-09-05,0.16263279147584694,0.30627867680579435,0.12818628024453146,0.16189950784855614,0.2793755979846627,0.20613139234377642,0.12334460173187801,0.34451579833637297,0.2509839921840091,31.66822300974567,22.07696485623007
3386,Tra Vinh,VNM,2004,2004-09-05,0.2017827659089557,0.32052677972508276,0.15434309023046006,0.1874024071710112,0.2979346312747502,0.22889124105261985,0.14630902802518428,0.300999752187046,0.29245123853601834,31.344445033668386,
3387,Tuyen Quang,VNM,2004,2004-09-05,0.06398297678856649,0.35773841395701095,0.058806881209015595,0.08418594750642958,0.3377267060302496,0.20379650899109417,0.08422471641943664,0.7223929144149882,0.6972387661594054,29.230321520045425,23.025232494208677
3388,Vinh Long,VNM,2004,2004-09-05,0.13534000758135403,0.3174114799616061,0.11533608761986236,0.14366490388658992,0.28489559795068786,0.19662284585213813,0.10987656387920049,0.4375397205931513,0.3747080505413226,31.194653919479617,
3390,Yen Bai,VNM,2004,2004-09-05,0.12026467766984111,0.39116577685575865,0.11491595233922744,0.14036648811769928,0.37629037776177837,0.24993756535568332,0.12212161690395056,0.5759849590799481,0.6520995881410822,28.61725153104516,20.38073530887042
3328,Bac Kan,VNM,2004,2004-09-05,0.06777845553944128,0.33285244291836136,0.06542948860799556,0.08720587511379518,0.31648637807429497,0.18431439737930558,0.07524460599830958,0.7014413911274423,0.5946431895871761,27.813826561032933,19.711842511134908
3329,Bac Giang,VNM,2004,2004-09-05,0.051006107217837805,0.3086549038092355,0.033153484212111076,0.06665584665961019,0.2889639781022314,0.17667292383745428,0.0753449088873762,0.715848108017419,0.6275219791969433,31.3413540961599,23.915560212074684
3330,Bac Lieu,VNM,2004,2004-09-05,0.12530525301496992,0.21706199757885453,0.09118209331544701,0.125251324457276,0.1917106091542111,0.1466050630355873,0.09026813692934232,0.2566803091642298,0.18792556375035363,32.83439918233357,26.052402688473197
3331,Bac Ninh,VNM,2004,2004-09-05,0.08506579225644417,0.3071699777033189,0.06813310338372472,0.0986925512818084,0.2613241731229729,0.16905841084057738,0.08397382931283669,0.5859135875546815,0.49241901079810885,29.198143052883587,26.006554636156174
3334,Binh Duong,VNM,2004,2004-09-05,0.07331548121608124,0.2975449312989399,0.053103593018103606,0.08076824091297229,0.3052582253730216,0.20975717224994905,0.10416639312620894,0.6292178049427365,0.6106938059175909,30.18393505912941,
3335,Binh Phuoc,VNM,2004,2004-09-05,0.06324368862364559,0.29350081685081353,0.04491289425943147,0.07252737867342446,0.2907813294902281,0.18780122242609604,0.08710565001544532,0.679503270187952,0.5770049990038143,29.39255113358775,19.369739704739725
3339,Ca Mau,VNM,2004,2004-09-05,0.10138383383677066,0.19448707729650794,0.08097550529564047,0.10618054926375192,0.16615735291570016,0.11523621713103063,0.06497212168201648,0.32305171280596684,0.1859987148635019,30.741613797367787,25.427463965259495
3340,Da Nang City,VNM,2004,2004-09-05,0.06811996889146564,0.2971317066041278,0.05080453783887652,0.07871292707691094,0.2795805187401339,0.17506645321088674,0.08992321651017214,0.6668657930004016,0.6300826421343103,28.65513731314256,
3346,Ha Nam,VNM,2004,2004-09-05,0.06703349575289076,0.3114431647260289,0.05355141976001145,0.0844314837471081,0.26386360228516176,0.16032649855325254,0.07111168415393301,0.6613223358644291,0.5343920758055724,28.614644880497217,24.512140970846872
3350,Hai Duong,VNM,2004,2004-09-05,0.05979256813134464,0.27787163441362583,0.04014104628647321,0.07286257627827133,0.2403358914538246,0.15028405007870568,0.06923888425946964,0.6499603987501879,0.502119118253896,29.743137810756934,25.651261812683497
3354,Hung Yen,VNM,2004,2004-09-05,0.05816098914866708,0.3020922648263716,0.039980787942570276,0.07178308310314888,0.25258419103377017,0.15413277833624675,0.07075352960655915,0.6851401446402151,0.5590201871050746,28.522199495108893,24.933790222656906
3364,Nam Dinh,VNM,2004,2004-09-05,0.05253132499087266,0.3170425483811134,0.03225861254110271,0.0674307976104532,0.26053423589211533,0.16104834141309793,0.07233729265448312,0.7122821796075711,0.6176073064285583,28.0334158466329,25.02584299179291
3369,Phu Tho,VNM,2004,2004-09-05,0.0687867281554474,0.34045489045782945,0.05229666143352418,0.08425731611071102,0.3217516012978473,0.20494325690166118,0.09124174457409949,0.6760625150015886,0.6717657764514435,30.01137903066821,24.454629362960723
3372,Quang Nam,VNM,2004,2004-09-05,0.07357669040919888,0.3194656107566991,0.060496607304420455,0.08627958499057903,0.2995794373285849,0.18323261676713481,0.0886633390575602,0.6929017343886712,0.6053728615156018,30.383909610322277,21.721372549019602
3381,Thai Nguyen,VNM,2004,2004-09-05,0.052824251710462254,0.3371025242212003,0.042833996654385996,0.071966736656616,0.3176983300252238,0.1925026198984478,0.08048613844482479,0.746888972722056,0.6922129315788176,29.407620796072454,24.32116228728044
3389,Vinh Phuc,VNM,2004,2004-09-05,0.07636674263297008,0.28875892273634196,0.053728577732959124,0.08637645277322015,0.2728570661506227,0.1805401293095777,0.08914288043145319,0.5929137775750469,0.5191871292693747,31.074465305855057,25.53083332687031
73933,Can Tho city,VNM,2004,2004-09-05,0.09790610270496661,0.19608676431692548,0.07216098468985745,0.10121183216149301,0.16633498341424163,0.11750936847383432,0.06620093108920493,0.30803677235437243,0.20309781898401155,32.06930192998125,27.295292550202273
73934,Dak Lak,VNM,2004,2004-09-05,0.119316070513656,0.3600454631620991,0.10435672368054047,0.13079126134632765,0.35175077042681846,0.23633886383178765,0.1257481954213588,0.5498142101761432,0.597357260044291,28.874933928255825,15.456773333333325
73935,Dak Nong,VNM,2004,2004-09-05,0.08732572243820963,0.3185722138879811,0.07588262189471269,0.09835092091064741,0.3113274730834228,0.1985834552994723,0.09876268011964337,0.6151799102968875,0.5547520324321656,28.692359868890588,16.141192043541043
73936,Dien Bien,VNM,2004,2004-09-05,0.19466955195401006,0.4752059989214721,0.18706540076940317,0.21438571209465254,0.4459075603873232,0.297984616016737,0.1559746875627611,0.4848963095600675,0.6187153178723525,29.326268558724944,18.104712105818063
73937,Hau Giang,VNM,2004,2004-09-05,0.11813958937746068,0.2973956828057198,0.10573391423968215,0.1305916164421328,0.26204081211247526,0.17610760085352464,0.0932855956439203,0.4681584347223619,0.3605372268734152,31.552061181165147,23.70029226576454
73938,Lai Chau,VNM,2004,2004-09-05,0.20017024209879541,0.42303211243196936,0.1986079383798133,0.21719512730478013,0.4017438068985032,0.27241320384368467,0.15670104545129204,0.41091100521576873,0.4436823758909096,26.484435016567236,16.41521383201347
73939,Lao Cai,VNM,2004,2004-09-05,0.13750322319179117,0.39562547956774685,0.13251127805378435,0.15677957222494596,0.3793253697899085,0.2506752759820769,0.12883242783740417,0.5384724467419773,0.5679797911921356,27.977298653561437,8.491873063434259
3326,An Giang,VNM,2004,2004-09-05,0.0880557343197567,0.1793705167912185,0.061741570436415066,0.09364799271916957,0.1541246929740687,0.11008770396865576,0.059585902965354924,0.22512529195403683,0.21034257356710362,30.25062005877528,27.701347376938003
3332,Ben Tre,VNM,2004,2004-09-05,0.212456552363603,0.3379011282258464,0.1664416150247282,0.19757316900396454,0.3161384250238153,0.24201663987191024,0.16128751577774586,0.28928718414365406,0.25162325643153466,29.79366172902928,22.057744360902266
3343,Dong Thap,VNM,2004,2004-09-05,0.10922950266322103,0.15434929770544029,0.07830154156206418,0.10889793874563122,0.1325659888211024,0.09977913669350197,0.05984337867734002,0.11507166938120315,0.09890563211773842,30.952002660374127,27.13936616213376
3351,Hai Phong City,VNM,2004,2004-09-05,0.07234813581444297,0.2742694544269218,0.05590277924217254,0.0853621810582007,0.23415089258766011,0.15008498657899064,0.07098722039564152,0.5734397429798741,0.453176021647971,30.493474665044605,25.609713875030568
3352,Ho Chi Minh City,VNM,2004,2004-09-05,0.1490300445981089,0.29539000117326486,0.11473255994300813,0.14655088152854098,0.28470830782751166,0.21988819544830684,0.14417855608885563,0.400793098151834,0.39313431481852523,29.246517499721616,24.950000000000045
3356,Kien Giang,VNM,2004,2004-09-05,0.0933113921642348,0.23159922018255868,0.0743055840640998,0.10001279794175126,0.20852821104540353,0.14288458068205345,0.07534582913689848,0.4364034796615076,0.2995392722269254,30.506639154915675,23.9974145842075
3359,Lam Dong,VNM,2004,2004-09-05,0.052566882667116545,0.31483249844958977,0.03426253044038619,0.064924025866135,0.3100182956157946,0.18836736673408774,0.08140536115135297,0.7326964044545994,0.657960684018725,27.7660641718813,16.582496668822163
3362,Long An,VNM,2004,2004-09-05,0.1257416260593519,0.23235494481280353,0.09309792456728647,0.12155064023680717,0.22471937894267968,0.16827569738093273,0.10186385687169375,0.330498802966703,0.6729198077402254,29.787242447568342,
3375,Quang Ninh,VNM,2004,2004-09-05,0.057705752714470454,0.2811173235519585,0.04940121029160966,0.07593315163040568,0.2689821666769473,0.16491252092839925,0.06940070619080249,0.6628008698730431,0.5244277201945748,29.89762117518491,20.856789297171154
3378,Son La,VNM,2004,2004-09-05,0.09743372164828588,0.40676827991117315,0.08457025706309133,0.11905340176797613,0.39382418386983836,0.2559808112943558,0.12038569713956887,0.6461211247423893,0.7867114526253451,30.01322374095792,18.214879184422564
3379,Tay Ninh,VNM,2004,2004-09-05,0.0998995870753341,0.3272923922167221,0.07529412792926463,0.10753786337243858,0.3283695297749084,0.23668146638993579,0.12557937944807604,0.546928151244181,0.6142352027909095,28.196821812239293,
3380,Thai Binh,VNM,2004,2004-09-05,0.060640095821183626,0.305276880854046,0.043319636193592526,0.0747622002072064,0.24979477284660095,0.15320921939019497,0.06940907506070865,0.6792032715107016,0.5479067326251517,28.55761668184441,24.877164950290346
3382,Thanh Hoa,VNM,2004,2004-09-05,0.06560351695121423,0.35996812256038313,0.052082998447108154,0.08561568617437763,0.3357165662318432,0.20866328785321106,0.08964428566597103,0.7028719802787942,0.7131109338156751,30.384175452479433,20.673684224584402
3384,Tien Giang,VNM,2004,2004-09-05,0.17134197723162467,0.30590147406645457,0.13986807465942763,0.16780340337288524,0.2883445328688568,0.21911759302115755,0.13735808916680636,0.3340905566697984,0.3083968340917994,28.85877939332421,
3333,Binh Dinh,VNM,2004,2004-09-13,0.1445629066344049,0.3387175427456988,0.13805442501217416,0.15740924942551118,0.3135253445096192,0.20094895028161833,0.1037710885576248,0.4393902550335492,0.3657708960777178,29.07031845819386,22.089061091529988
3338,Cao Bang,VNM,2004,2004-09-13,0.05547355062884254,0.35494471262208105,0.04307318446273589,0.07554088519780587,0.3539275526473652,0.2168594802838286,0.08900709935189893,0.7481601850856476,0.7644651575704932,29.57636745764813,18.945294245419632
3355,Khanh Hoa,VNM,2004,2004-09-13,0.12448426909211936,0.3416990145071436,0.11113243324118348,0.13679492023338016,0.32813426871603835,0.21978719739516592,0.11504104275463072,0.4964247250416316,0.4619815069888374,30.75789021921013,21.63803837001009
3360,Lang Son,VNM,2004,2004-09-13,0.06212017340614252,0.3575421107199287,0.050093539270846865,0.08213693047439077,0.35830392503985026,0.22506937818475295,0.09473730560795718,0.723998304083159,0.7586636944348891,30.104255598897595,20.11563297403885
3370,Phu Yen,VNM,2004,2004-09-13,0.16553748772549307,0.34630948193808553,0.15483538201996772,0.17609649219865936,0.33151427201457584,0.2256087673653794,0.12393396690070611,0.38257002611049185,0.37958258441700543,29.659788597580423,21.2729975439415
3371,Quang Binh,VNM,2004,2004-09-13,0.11864806624024489,0.3628801048436305,0.11387107773648737,0.13567178986321832,0.34842656862095817,0.22666732326055938,0.11148697568274842,0.5639262274983466,0.44071874636460723,27.76022463954952,17.33676836494692
3374,Quang Ngai,VNM,2004,2004-09-13,0.11678489827450002,0.31703324208173445,0.1123159668681074,0.1311333085932255,0.2926945707003813,0.18458354712853373,0.08982849773539445,0.4930385627689876,0.3906949990968566,29.842376221733822,20.681048701660572
3376,Quang Tri,VNM,2004,2004-09-13,0.21567997108685125,0.4151642835446102,0.21687198382987838,0.2308781099020605,0.3966505505327204,0.2851828256657241,0.1636096249949718,0.3676231067128151,0.37042649830265006,28.26268369887259,18.35164649063706
3383,Thua Thien - Hue,VNM,2004,2004-09-13,0.12146708357038595,0.3412763061603167,0.11854473896107152,0.13766539777208897,0.32601276558324405,0.2162223601011778,0.10973227033260886,0.5298304956889524,0.4850881393454927,27.916464998090166,17.67746169453584
3327,Ba Ria-Vung Tau,VNM,2004,2004-09-13,0.12341105179374393,0.310661743817083,0.11229320718567763,0.1342309106353834,0.29616250395295945,0.20588079022215405,0.11017976099311932,0.428621582404627,0.43439923194790336,31.69129295264168,22.811183373391792
3336,Binh Thuan,VNM,2004,2004-09-13,0.11267803786917097,0.36796548281526026,0.08146746814416703,0.1183705232518185,0.3728995688484209,0.26761592308406307,0.1458714617173276,0.5615826276664954,0.9051732478199485,32.719475496847956,23.370000000000005
3342,Dong Nai,VNM,2004,2004-09-13,0.12187306278927786,0.3247290370288739,0.11245467206370027,0.1350827997976266,0.31298599301577734,0.21558645995804657,0.11179280996176733,0.4675220609630047,0.4573155877301347,29.781993452379915,
3344,Gia Lai,VNM,2004,2004-09-13,0.1561301719797513,0.35383196761189356,0.15242414770485635,0.1697725298263296,0.33601473197283327,0.21452677504435877,0.10882130577237271,0.43221141252392886,0.3739025695211789,27.447699803852682,15.968300859640701
3345,Ha Giang,VNM,2004,2004-09-13,0.05452619745433561,0.31363488130226147,0.042511862866796785,0.07102924425170488,0.30355853333080157,0.1830698994269118,0.07577240697775943,0.7305519792660738,0.6289016904143744,29.598461475857565,18.55313081712787
3347,Ha Noi City,VNM,2004,2004-09-13,0.14634511705459696,0.3366990117108444,0.128702573037349,0.15586276811039376,0.3131456865887771,0.23140998060431067,0.13417877567285177,0.41711668029689103,0.4399650287470414,33.200823203216565,23.06383039603146
3348,Ha Tay,VNM,2004,2004-09-13,0.12740425027673832,0.3340927565358363,0.11367674131590731,0.14106022082321526,0.30152662722405127,0.20657933395713607,0.11098462046704606,0.4697945777303212,0.4364400863794519,32.21066964607798,22.771793203494237
3349,Ha Tinh,VNM,2004,2004-09-13,0.0836542878089175,0.3053194433929855,0.07278127103342757,0.09895662300564509,0.2905108279621562,0.18895078787745806,0.08731024708449664,0.6000219604531214,0.5118312531807568,29.219084912660204,21.297071016960633
3353,Hoa Binh,VNM,2004,2004-09-13,0.11296271180095313,0.331981747474735,0.11401655600075394,0.13178406646070268,0.31088195708530425,0.20195880599595312,0.09998944077452805,0.5456839867171884,0.46274732270083746,29.038329823024473,20.505350870056752
3357,Kon Tum,VNM,2004,2004-09-13,0.11083546821691928,0.32612014186416216,0.10941862679189068,0.1253774836864118,0.3119764995631709,0.19277327183486045,0.09087972475460146,0.5385345186799096,0.4428490975674069,24.62079561987338,17.30556921023365
3366,Nghe An,VNM,2004,2004-09-13,0.09571492264073156,0.3271450988781764,0.09177812211272997,0.11242210885517888,0.3077252401985752,0.19506607054235783,0.09168374582899687,0.5933155481531536,0.5014612687447414,28.29812506561086,20.353411487883175
3367,Ninh Binh,VNM,2004,2004-09-13,0.12480548504381381,0.33626097240579084,0.12089069784787088,0.14338460961117358,0.29797588639520095,0.20227780408762686,0.10442158028875573,0.4882480437692774,0.4320019632790002,28.99383167951646,22.54908241694475
3368,Ninh Thuan,VNM,2004,2004-09-13,0.12981536455241535,0.36184333840328875,0.09999668016131472,0.13380421618880542,0.3676660710738561,0.2675980991835081,0.15357323310708756,0.48895869801748243,1.4688702432789054,35.378988734874994,22.832801194150687
3377,Soc Trang,VNM,2004,2004-09-13,0.14240936996428505,0.265194239071007,0.1217709218385151,0.14662024944014662,0.22974070475944725,0.1581118234895235,0.0863461398226578,0.32388057376227414,0.227876767243459,28.241974024177665,
3386,Tra Vinh,VNM,2004,2004-09-13,0.12950794012144543,0.28003946171045185,0.09510799994184682,0.13057996525371088,0.24458955990741704,0.17412164160181784,0.095586497134471,0.3713016774729203,0.32387147344979567,26.73125367056483,
3387,Tuyen Quang,VNM,2004,2004-09-13,0.0793957267450224,0.34847340557398643,0.07533680098548087,0.09813537669548726,0.326034910320057,0.19818275532029717,0.08552561436616186,0.6647345543264429,0.6034470282563936,30.097821294250387,20.293525886291995
3388,Vinh Long,VNM,2004,2004-09-13,0.11396015151410545,0.3175735391302665,0.08507264210801789,0.12161213236240147,0.2769747682132917,0.1841180338311624,0.09303184787970743,0.4804096628951893,0.4171649744156726,29.23448539758037,
3390,Yen Bai,VNM,2004,2004-09-13,0.11102969532081071,0.3493686506639627,0.11043535705057349,0.12970809177714315,0.33313580640297585,0.21477941479460513,0.10398855153654515,0.5567780644039096,0.5268679265053499,29.139079921227836,18.534389233797228
3328,Bac Kan,VNM,2004,2004-09-13,0.06820413951554709,0.34639776671814126,0.06465215051717026,0.08790895045092101,0.3322489075896759,0.19808477551227255,0.08173190932889429,0.7054715180815514,0.6438703454037152,30.02973703341336,18.90299172646159
3329,Bac Giang,VNM,2004,2004-09-13,0.07384635840497872,0.35003759836431614,0.05536552242934065,0.08992417056545071,0.33623595696535413,0.2176149847763617,0.0996072998082602,0.6626260188460404,0.7012988945090984,32.337716049192565,22.286295468236656
3330,Bac Lieu,VNM,2004,2004-09-13,0.1466338045719292,0.21907423194789166,0.12675693705758886,0.14902912489683806,0.18757033936721879,0.1385947973429835,0.08324602959596615,0.20809385791885665,0.13339296064079173,27.32346869173754,
3331,Bac Ninh,VNM,2004,2004-09-13,0.08549495232566316,0.35992833561574283,0.057713611226562496,0.10158020097098057,0.30386158196119384,0.19789180126203007,0.09370342417290026,0.6202361863915393,0.6107438478944069,31.981178165248775,23.89914940475414
3334,Binh Duong,VNM,2004,2004-09-13,0.15921823397705487,0.3642650781346188,0.14937107903362676,0.1697874452089127,0.3587115498103539,0.2509560058126891,0.13055919953215728,0.42428264368984736,0.4317669550643505,30.146429095392218,
3335,Binh Phuoc,VNM,2004,2004-09-13,0.12848635352364257,0.34815655515113125,0.11830099633852224,0.14116832492796946,0.33429469273793605,0.22027653352881177,0.10887288260688995,0.4980843227000986,0.46251376491314217,29.561584785404722,
3339,Ca Mau,VNM,2004,2004-09-13,0.11827057963765515,0.21061184956674703,0.10287003540362079,0.12332341817721178,0.1801315095951163,0.12379547783710947,0.0713538612082248,0.29469872796684626,0.17667847992398106,26.646807487663978,25.11216824111563
3340,Da Nang City,VNM,2004,2004-09-13,0.11269367133939974,0.3222988667743632,0.10919380858862708,0.12768399739826564,0.3012165252715704,0.19474326602829942,0.09841370004752428,0.5339532323174828,0.463284375545075,26.992220851619035,
3346,Ha Nam,VNM,2004,2004-09-13,0.165711927571602,0.37514518403434055,0.16455975924934235,0.18495123148173528,0.32908314946479805,0.22702831264988727,0.12738930094678852,0.4141825413391502,0.3948511650019499,29.769204920362494,22.855564542448953
3350,Hai Duong,VNM,2004,2004-09-13,0.13691732050908256,0.3441469163963327,0.13046397706823265,0.15406366186039872,0.30488564898836645,0.20861717797889506,0.11053436323476189,0.4553445130620262,0.41702758279334323,31.26020126774458,23.656033251377092
3354,Hung Yen,VNM,2004,2004-09-13,0.13289641806767055,0.38095688955970597,0.12260298782602903,0.1506691929450121,0.3270960786625829,0.2196620215139977,0.11739396548759251,0.5088110584761358,0.5150798070390982,31.35231005464645,23.23404914845976
3364,Nam Dinh,VNM,2004,2004-09-13,0.18232285636135337,0.4001145247904834,0.18877017964135503,0.20360136716003827,0.3460759753908819,0.24511916918826943,0.1358037852409101,0.39294921811350186,0.3910147266573519,26.91507259452943,23.31992703005913
3369,Phu Tho,VNM,2004,2004-09-13,0.09836982912816254,0.3225904462512678,0.08562071910119265,0.11182165123700183,0.2992475559354799,0.19219633123347102,0.08992539310969934,0.5736944951535871,0.48257690308163553,31.352784432612488,21.257810443254492
3372,Quang Nam,VNM,2004,2004-09-13,0.115096547084724,0.33890535364547164,0.11265140110806406,0.13100529417086693,0.31713490336818445,0.2001722729320911,0.09829162504479365,0.5406278878149486,0.47595520553387155,28.156918312225493,17.82780721215936
3381,Thai Nguyen,VNM,2004,2004-09-13,0.09003623842687666,0.35628805713136874,0.08348063488393531,0.10831072893137342,0.33865454308578696,0.215295160780773,0.09863193192084936,0.6356747784909663,0.616236907360974,31.840556640594244,21.449198415681124
3389,Vinh Phuc,VNM,2004,2004-09-13,0.14871329928462143,0.33358991870068566,0.13214483245807462,0.1576088244302367,0.3203195260624809,0.23014427232734186,0.12710845083410338,0.415773831720148,0.4015625013073987,32.47908928379684,21.966694605424813
73933,Can Tho city,VNM,2004,2004-09-13,0.16371730043365412,0.2379900200985238,0.13839914708702317,0.16453202015637924,0.20857089295849157,0.16205881194174526,0.10297864301221574,0.17750387034251583,0.13896066624320208,29.877783127762015,
73934,Dak Lak,VNM,2004,2004-09-13,0.11164194408627101,0.3424612561235146,0.100014156594709,0.12504645215271926,0.32715669603336495,0.21252310314608314,0.10652678380493198,0.5511014305396835,0.5078954317787624,28.16754640006194,
73935,Dak Nong,VNM,2004,2004-09-13,0.10182747558882456,0.36827062352981577,0.08737282398972405,0.11729783429337134,0.352763337032828,0.22475898900480704,0.10527766309097776,0.6012093751139551,0.599278865583408,26.598915268087023,
73936,Dien Bien,VNM,2004,2004-09-13,0.1258879614469646,0.3897675616273716,0.12380238716180356,0.14652903446038124,0.36954862600396743,0.227421803496677,0.10872707980243422,0.5621049276335084,0.5786024412348627,27.397697629197815,18.30630578174263
73937,Hau Giang,VNM,2004,2004-09-13,0.12995518815173893,0.3032556589116121,0.11428102916976635,0.1401218753428316,0.26402282972863644,0.17868639960023344,0.09644679775894312,0.4366115940699391,0.3398667477914056,28.436132740153536,
73938,Lai Chau,VNM,2004,2004-09-13,0.12809260686002702,0.3746428300751802,0.12305103608614425,0.14620357591341634,0.3565063052094415,0.22422622535325315,0.11060668442576317,0.5568951920659478,0.5412276819172979,28.125804107609973,17.96386102072047
73939,Lao Cai,VNM,2004,2004-09-13,0.0912495236772669,0.33293911778125956,0.08434410385178924,0.10843249185912349,0.3158061267567707,0.19755603090840593,0.09130357876882211,0.6333703612060827,0.5429417550402923,27.760420305223924,16.48716380960977
3326,An Giang,VNM,2004,2004-09-13,0.13675934170467705,0.22140437805993587,0.11011641940888377,0.14070551714977453,0.1928072159650223,0.14294080766589698,0.08594915125961901,0.1451924701113809,0.18698010723164687,28.850310833280872,
3332,Ben Tre,VNM,2004,2004-09-13,0.10900179011389109,0.28569748918763227,0.0732641461957143,0.1101518370840142,0.24683179795414473,0.16255726121981165,0.0807464147989521,0.43186096712933814,0.3582889055482997,29.916092625470426,
3343,Dong Thap,VNM,2004,2004-09-13,0.12210567087268738,0.1626666826416477,0.08585743950432435,0.11945630497835569,0.1390217779898967,0.10442039873779657,0.06154672588462814,0.08824347128766298,0.0933008653884455,29.612980898021647,
3351,Hai Phong City,VNM,2004,2004-09-13,0.14190653336874742,0.33329569789918706,0.140806631024866,0.15938359015014658,0.29352284301376214,0.204868564253836,0.11117735135947279,0.40911466452170137,0.37572687924536463,29.576693395995882,23.556429035310813
3352,Ho Chi Minh City,VNM,2004,2004-09-13,0.15512301385725202,0.299699316746761,0.14293522186102106,0.16380758875909837,0.2745103477342334,0.19655660501412017,0.11140938820111812,0.3433310453580266,0.2878257338346499,30.538577412607047,
3356,Kien Giang,VNM,2004,2004-09-13,0.152354335541907,0.2769014390989956,0.13431337568747584,0.15769793143582003,0.25117558717430644,0.18108033235455617,0.10377104630047497,0.3175204601847442,0.24638120665044025,28.665907811703338,
3359,Lam Dong,VNM,2004,2004-09-13,0.11992305778103275,0.356562048444204,0.10846074086656549,0.13290060614597046,0.3476683256666827,0.22726599761878655,0.11483291775433449,0.5434437392506284,0.5456521970059878,27.878012757405596,16.5524118738405
3362,Long An,VNM,2004,2004-09-13,0.11120171844767729,0.21583361524242695,0.08780397603045477,0.1136318046074809,0.20396869095790404,0.14824264408115348,0.08200913488497603,0.31153211082084864,0.2348862652417921,29.7425445594652,
3375,Quang Ninh,VNM,2004,2004-09-13,0.06620692882806244,0.3291224609815712,0.05577922901027576,0.08564827820584386,0.32665964940311615,0.21275316023450094,0.09342556697739929,0.6702167338690708,0.6842617033105424,30.02439683970556,22.003218484298653
3378,Son La,VNM,2004,2004-09-13,0.10028167267693631,0.3454933414867698,0.09464692703859238,0.11814879454970442,0.33322643440288524,0.21310621241275005,0.10230727245412757,0.6052252886273364,0.5650119653670915,27.951719901019402,17.945274882443467
3379,Tay Ninh,VNM,2004,2004-09-13,0.10495841991514157,0.3642159244458963,0.08187390243005156,0.11830228190962228,0.34920597758063093,0.23753345321188069,0.11159125449298127,0.5648380022350822,0.5972097034375684,29.7558404545643,
3380,Thai Binh,VNM,2004,2004-09-13,0.16930633262467526,0.3887957752421307,0.17252599917258174,0.18969907852977225,0.33570306766081814,0.23402531924768222,0.13001774666688562,0.41049557423408745,0.40656840494606117,27.02745067615341,23.77730412671923
3382,Thanh Hoa,VNM,2004,2004-09-13,0.08068629992641935,0.3223325516636918,0.07343846452858577,0.09801363860336369,0.29658837492815443,0.18271116675740162,0.08069598344235024,0.6406258185539223,0.5235126926502197,28.318043505393334,20.128938584085763
3384,Tien Giang,VNM,2004,2004-09-13,0.12478934058237337,0.28788153014674683,0.09816886303673245,0.129288823400749,0.2590978387171721,0.18312736732319324,0.09890575428158158,0.4127507204877122,0.34250068269499834,32.18295747270342,
3333,Binh Dinh,VNM,2004,2004-09-21,0.10011544463435108,0.3298206289593764,0.08505903304813078,0.11091641090636195,0.3143408369679482,0.2087389467279563,0.11081259839068763,0.5757755993371532,0.5814954999186059,27.91221159184205,20.619039442315056
3338,Cao Bang,VNM,2004,2004-09-21,0.0987329605327612,0.3427848995368412,0.0937833690019719,0.11770835078291607,0.33335119643161554,0.21185842857123693,0.09849333930121983,0.6086746728138142,0.5696278596814988,27.731909732106974,19.374100599846546
3355,Khanh Hoa,VNM,2004,2004-09-21,0.07961943513561141,0.32954239316729067,0.059899971743159884,0.09135045069659228,0.32193301616555675,0.2103503160598663,0.10615931609457681,0.6392261487826195,0.6899695946415516,29.226230058358908,19.955380187854583
3360,Lang Son,VNM,2004,2004-09-21,0.08470225676195459,0.34213249585154637,0.07797278645198753,0.10423452617809965,0.33443506242038173,0.21200920091514203,0.09506028350919714,0.6462306785043591,0.6091042860823263,29.22382351397039,20.38219116607546
3370,Phu Yen,VNM,2004,2004-09-21,0.1055272730748964,0.3022703053646921,0.09085432698402503,0.11463221672753776,0.2937967254919988,0.20081659093345078,0.10765909242202579,0.539635915562325,0.510788529569585,29.578578874415165,20.479978173237907
3371,Quang Binh,VNM,2004,2004-09-21,0.11015199757335735,0.34916597713621716,0.10080080496771501,0.1247196605824958,0.33390808509288944,0.2209382226010686,0.11592969674664758,0.5542284115956192,0.568870470612145,27.584503067181753,19.929862911014258
3374,Quang Ngai,VNM,2004,2004-09-21,0.11306879219077307,0.3414482557585146,0.1001825487985366,0.12476326148898742,0.3250070638820836,0.21721473972104227,0.11370436006661488,0.5545383207107296,0.5600520307201405,28.452799326482165,20.207901164285463
3376,Quang Tri,VNM,2004,2004-09-21,0.10106426939714108,0.3093103207968383,0.09278483971848514,0.11388852416334308,0.2911122993422231,0.1931759924182253,0.10232110928266122,0.5665030351552018,0.4886213626043103,27.71924630203363,20.063280395570388
3383,Thua Thien - Hue,VNM,2004,2004-09-21,0.10016841412422388,0.2962451771301506,0.09245231507820684,0.11211430581144176,0.28006624692756943,0.18072024116763583,0.09187808032798371,0.5704640962753659,0.4311646881199185,27.03479447000754,20.61973769136495
3327,Ba Ria-Vung Tau,VNM,2004,2004-09-21,0.09513835971396627,0.32249683354561903,0.07506601369451131,0.105804331032751,0.31326331935728985,0.21682131878514488,0.11357322473814088,0.5320867593629274,0.5889897837780349,32.102202683091896,23.218877221935486
3336,Binh Thuan,VNM,2004,2004-09-21,0.07648768647137023,0.3403554557668832,0.041877298597439105,0.08122792287174752,0.351717708604269,0.24833113917678776,0.13268545509836743,0.6596952776742849,0.7430609365665771,31.213224675993057,21.573786255047516
3342,Dong Nai,VNM,2004,2004-09-21,0.09789400672093929,0.3294555340322092,0.081661955687046,0.1113073881575666,0.32064533066253614,0.2168301514636138,0.11041515048263958,0.5320371069328215,0.5727025127180685,29.282289215136316,22.5154906727901
3344,Gia Lai,VNM,2004,2004-09-21,0.07222154034240594,0.31636213126125756,0.057287607241525595,0.08410266779440405,0.31124471444237534,0.19720756411405796,0.09417816875945566,0.6769635282349,0.7853483645560251,28.480612278306708,19.824714552817586
3345,Ha Giang,VNM,2004,2004-09-21,0.11485528328789038,0.35280956547985864,0.10848671723172548,0.1323444899395671,0.3382404283345008,0.22146873186981325,0.1079475702836407,0.5719338754763069,0.5405241982808505,27.490226174249987,18.12775748984763
3347,Ha Noi City,VNM,2004,2004-09-21,0.11890147303450929,0.2975929053488431,0.09401123726087036,0.12504335421070478,0.27795581023751603,0.20463892051879778,0.11849853252413292,0.4499462588529072,0.4383136006824517,31.627411383947948,23.05295016159824
3348,Ha Tay,VNM,2004,2004-09-21,0.09887540111222627,0.29810134267364813,0.07118027213264722,0.10755413235643452,0.27454488850778097,0.18990357976323796,0.09955114107952141,0.5205735277224695,0.4611378765729797,31.406845565828345,23.09875836032113
3349,Ha Tinh,VNM,2004,2004-09-21,0.10552525159838577,0.3145953841159257,0.09286419358842496,0.11785458661480565,0.2984668646253097,0.1971959250262122,0.09851317911527652,0.5371427780471435,0.4703425820530405,29.242051670661798,21.344972662224553
3353,Hoa Binh,VNM,2004,2004-09-21,0.07883035095951606,0.3318704213693817,0.07336822232048784,0.09798558734276686,0.31253851800977,0.19564272627415719,0.0878407862689593,0.6557266024344409,0.5876893338136292,28.80801231103543,21.13038460226694
3357,Kon Tum,VNM,2004,2004-09-21,0.06713976393180156,0.3385049672167105,0.05694486392479566,0.082615813482101,0.3333456648561795,0.20187157578561532,0.08885567935388616,0.7137730021581029,0.6736524273157799,26.144598622080064,17.578374686283134
3366,Nghe An,VNM,2004,2004-09-21,0.07173496475201187,0.33896590545827765,0.05960212398932107,0.08767269777341292,0.32359789599497096,0.20102610230308027,0.08965716564761035,0.6739609054164961,0.6409489575334103,28.43571624555377,20.386927887005758
3367,Ninh Binh,VNM,2004,2004-09-21,0.077529535957405,0.29213246853512825,0.05840144626530428,0.09194982842229808,0.2568481217835488,0.16499858679372417,0.0793759204621277,0.5985134124878576,0.4838453792285409,29.380874971087245,22.906187655675776
3368,Ninh Thuan,VNM,2004,2004-09-21,0.0720611836789013,0.32785633785163865,0.03891602474858867,0.07713776229545677,0.33788197695493716,0.2390823675935261,0.13004923247325528,0.6602997679379787,0.839505048286629,31.443481108596618,20.611273593093326
3377,Soc Trang,VNM,2004,2004-09-21,0.1169788557474766,0.2431921839379118,0.08499220649330202,0.11784731950934615,0.21102550619999627,0.14680104008291664,0.07851804465794462,0.3495829049242842,0.250258921332657,29.04472479578036,22.179211559375904
3386,Tra Vinh,VNM,2004,2004-09-21,0.10426998230188382,0.2508037587223817,0.06860633698598373,0.1062213611856668,0.21966227286740608,0.1544545384614397,0.0812845723226094,0.3978892033116596,0.32052202507684147,31.159192579831153,22.572383154749946
3387,Tuyen Quang,VNM,2004,2004-09-21,0.10865716376162421,0.35373080715875127,0.11134543159516425,0.1282629911599032,0.33034895238779094,0.20911694792053462,0.09746365065209213,0.5731330043333334,0.5304032888827153,28.210820132078485,20.946352492267295
3388,Vinh Long,VNM,2004,2004-09-21,0.11645472256199539,0.2891630918617803,0.0921472839863363,0.12371459034017555,0.2541019123462463,0.17013025694387257,0.08861649871620268,0.4203110185776688,0.3527224998255026,28.450372980687902,
3390,Yen Bai,VNM,2004,2004-09-21,0.13048981045996175,0.3480916068433557,0.13173039197886058,0.14834006976448091,0.3290083247025663,0.2158860246718848,0.10794925200176024,0.5197183301000621,0.4693682755605676,27.625451199095643,19.40774595932341
3328,Bac Kan,VNM,2004,2004-09-21,0.0935829560445702,0.35086224361282226,0.09505284546203496,0.11431957641562018,0.33274905999181886,0.20402467015277817,0.09011483258752513,0.6269917313019688,0.5776287520581738,27.41523721775949,19.980869051316002
3329,Bac Giang,VNM,2004,2004-09-21,0.08531182556474483,0.34591092801768,0.06978667314745941,0.10242584034608807,0.32797771301134193,0.21399552486839074,0.10005332764407537,0.6305664250167775,0.6293393083546318,30.178855705864617,21.484667825882145
3330,Bac Lieu,VNM,2004,2004-09-21,0.10560421341584228,0.17267489872449865,0.07154233900190222,0.1042406855379031,0.1475718026299831,0.1096527790308319,0.0645516504689956,0.23522537845212782,0.13241862157270964,30.65871235283849,25.863366203496234
3331,Bac Ninh,VNM,2004,2004-09-21,0.13056743258346176,0.3481782178923896,0.11848482098584501,0.14687287850036135,0.2997168490923656,0.20254325778907373,0.10820660699342455,0.48546758458940137,0.4478954347151663,29.932123266910843,22.816687399645474
3334,Binh Duong,VNM,2004,2004-09-21,0.10030617303748116,0.32710338408911444,0.08411062032646034,0.11035292385285078,0.32747399715680353,0.22327600736661818,0.11005163057920077,0.5730709265213075,0.5557747562474445,29.680132825243465,20.731604466111335
3335,Binh Phuoc,VNM,2004,2004-09-21,0.0618651323690634,0.3410799810163105,0.04157919320149755,0.07615503193335735,0.33667593464916196,0.21584699230455823,0.09365377984114358,0.7028245546681839,0.7140171008395004,29.722788268971822,18.67194789313481
3339,Ca Mau,VNM,2004,2004-09-21,0.08710126499251586,0.17883515984720752,0.06429844311622615,0.09138241009147563,0.15210258184700562,0.10250575211504243,0.05527470984820832,0.33623145572139884,0.18515790817541186,31.918676060754454,23.453035367329758
3340,Da Nang City,VNM,2004,2004-09-21,0.11349610301241689,0.34321384833089136,0.10364242056144428,0.1272242578814253,0.32388092680976854,0.20740299809225454,0.10626137959804724,0.5306071156464485,0.5321684119041034,27.932906421582857,20.280397195826946
3346,Ha Nam,VNM,2004,2004-09-21,0.08978310427377921,0.31129759408092905,0.07338565941846446,0.10521018321942056,0.2705866030323496,0.1723867922631277,0.08491213394745152,0.5688998720909955,0.4762490702261741,30.801870617431216,22.61445246899605
3350,Hai Duong,VNM,2004,2004-09-21,0.11403083444995663,0.31630071571492197,0.10236017520543765,0.12945074999329806,0.2800569738844222,0.18707994493574653,0.09621493125448981,0.49742882990439447,0.4262069537647311,29.185647997111634,22.73905671278879
3354,Hung Yen,VNM,2004,2004-09-21,0.11104373658077382,0.3145587820329513,0.100246801446058,0.12513905860781027,0.2692788342506308,0.17701944071858747,0.09403509270617101,0.5183202358748782,0.4231156992807094,29.80010032985295,22.569334986139744
3364,Nam Dinh,VNM,2004,2004-09-21,0.0837139374469047,0.33645860462478494,0.0671773875675992,0.10008539084755386,0.27571513269286085,0.17384742028444355,0.0846539425038963,0.6151234310400567,0.5451898740515816,28.190506205263386,23.118306692020923
3369,Phu Tho,VNM,2004,2004-09-21,0.09607066353175618,0.3402888416725219,0.08148516737349691,0.11034238559759639,0.32150735428494515,0.21251887819472842,0.10117955569668456,0.5848747447207254,0.566753695409679,29.863682030077978,21.91433210322875
3372,Quang Nam,VNM,2004,2004-09-21,0.10906971934729516,0.3548475393836294,0.10173110694606573,0.12415594594330967,0.3371545568366087,0.21328251016523284,0.10616732515121485,0.5763947047385214,0.5381809174517058,26.901022645501726,19.381441489533206
3381,Thai Nguyen,VNM,2004,2004-09-21,0.07531692063448778,0.3471144286490009,0.0670427185778385,0.09484233277916358,0.32957029254940595,0.2089025995837687,0.09372850014981908,0.6663317958392416,0.6550253600966107,30.02544649685259,21.507531320535083
3389,Vinh Phuc,VNM,2004,2004-09-21,0.10352754263718592,0.3002740224223545,0.07552634103030044,0.10958281912269452,0.295382644444108,0.21398961433049413,0.1146039018137727,0.4985185133970162,0.5006166032633922,31.222564024784273,23.078668997910082
73933,Can Tho city,VNM,2004,2004-09-21,0.11785559721127804,0.16375441871325416,0.09128368644651481,0.11809863119279682,0.14029364492701804,0.10400905638882245,0.0637383067648954,0.11753624279384126,0.09118686780771094,30.359291691250498,26.884976273279833
73934,Dak Lak,VNM,2004,2004-09-21,0.060173567300319704,0.3123220623653619,0.042903824078112274,0.07214967117602061,0.30702058247859143,0.19201960410296717,0.08903837897952066,0.704775865080664,0.6543389710053784,29.052966213754164,20.02395840722092
73935,Dak Nong,VNM,2004,2004-09-21,0.05161856921096745,0.3323058480159329,0.034578735724892215,0.06567175856433201,0.3277040978102641,0.19957403581258154,0.08597937742985498,0.7479185890055341,0.7135012164512987,28.12151748198631,19.20473816247125
73936,Dien Bien,VNM,2004,2004-09-21,0.13222322980909515,0.3927736619816777,0.1265858016668661,0.15067999409839994,0.36998567908602986,0.23626934729663038,0.11786901760601289,0.5583440395239616,0.5672119032002728,26.57888149251319,18.449436642246337
73937,Hau Giang,VNM,2004,2004-09-21,0.11476824978532642,0.2683020123893252,0.0968405813849964,0.12324525492313368,0.2366780973742323,0.1584817274980396,0.08377750639713077,0.4188745008504979,0.30256943669829756,28.838589401042913,24.700995156482854
73938,Lai Chau,VNM,2004,2004-09-21,0.16044546088031503,0.39722603139859197,0.15459908894680602,0.17670606309969236,0.37465054635011735,0.24533240912943047,0.12663604391879196,0.5041911869317304,0.5211778249834504,26.974950440748497,16.960106350537863
73939,Lao Cai,VNM,2004,2004-09-21,0.20120726533162925,0.40652382156389744,0.20111606508733162,0.21756850954657575,0.3828017720327975,0.2623316086626288,0.14117467399652592,0.42617657291011835,0.4298120172288724,27.098406697312576,17.263831502948186
3326,An Giang,VNM,2004,2004-09-21,0.10773307790847525,0.17475428108722282,0.08285754393380004,0.11264661434848457,0.14815463866391654,0.1062642273637986,0.06088086735692213,0.10866692210541654,0.14513821517420056,27.44430300026886,24.929657009897895
3332,Ben Tre,VNM,2004,2004-09-21,0.11296531160907437,0.2676823511181497,0.08197584585065036,0.11527538891555535,0.23517736791779037,0.15806953165517418,0.08292437129955438,0.3839481183386489,0.3194934720339622,31.074232545692606,24.735933948228315
3343,Dong Thap,VNM,2004,2004-09-21,0.11115050056200552,0.12929229981345797,0.07258672824828225,0.10814787608327081,0.10977805652592658,0.08276351812163718,0.05088296766497692,0.028803856188763587,0.04864305140188543,27.846590975459936,
3351,Hai Phong City,VNM,2004,2004-09-21,0.10186577682893934,0.3051937046009721,0.0884243413242332,0.11671359371835031,0.26473613551396324,0.17852689446834435,0.09171310037751262,0.4994002675348014,0.4481514426482048,28.808241718406027,23.41610898106186
3352,Ho Chi Minh City,VNM,2004,2004-09-21,0.1367691504780367,0.28022537256207297,0.12532878155500451,0.14626616468305761,0.25821893635027593,0.18791331686332627,0.11060562608587117,0.36746475732716055,0.3135850442545345,30.01013009896212,23.28120571880059
3356,Kien Giang,VNM,2004,2004-09-21,0.08392684328834803,0.1897886421674472,0.06261101042899497,0.08732661308393705,0.16704060188963568,0.1142470140467541,0.06031093478424866,0.36400695801403565,0.22803524128973293,29.561811871939593,25.44154177214866
3359,Lam Dong,VNM,2004,2004-09-21,0.04037507195266805,0.3045673959107559,0.023205063016031095,0.0542734502203783,0.30361756261432876,0.18148659699952124,0.07372233787717158,0.7707533787003101,0.6703655231009756,27.01356934118295,17.946134345844857
3362,Long An,VNM,2004,2004-09-21,0.11052814511516557,0.1983036078374998,0.08884862067741198,0.11431976807308954,0.18068476974358227,0.1307249877333187,0.07533413442195806,0.26549231050874267,0.18520121136493947,28.5767679545001,24.953149339187874
3375,Quang Ninh,VNM,2004,2004-09-21,0.07744631976676479,0.3020360425076606,0.06959662267387691,0.09612783772174044,0.29000821784830155,0.18567664744247153,0.08458884970921056,0.612087987123539,0.531891308691629,29.789174372508732,21.459556424730803
3378,Son La,VNM,2004,2004-09-21,0.07457381571641895,0.3456425677898023,0.06471290691936853,0.0931879509037791,0.3341126616854363,0.2086431769161359,0.09312990757834606,0.6892233862677268,0.6639946833641428,27.592003741100058,18.713519527409243
3379,Tay Ninh,VNM,2004,2004-09-21,0.0671526552769788,0.3455766720826001,0.04118289353470015,0.08184642442512587,0.3345886097023999,0.22464025455300574,0.10141000207696575,0.6603061252190233,0.7434835772332198,28.597350786539913,22.426955661977463
3380,Thai Binh,VNM,2004,2004-09-21,0.09079020891737044,0.31404139654453067,0.07609013262139379,0.10589138248075587,0.2638877704932633,0.16867229231320888,0.08434516335074119,0.5758516178131803,0.4783873275740346,28.21508578486204,22.862808084756267
3382,Thanh Hoa,VNM,2004,2004-09-21,0.07040421204872861,0.3319954097661078,0.05718395710611401,0.08682167692843891,0.3143079710013729,0.19739885969401824,0.0878532069014445,0.6713441310683232,0.6250478140923618,29.08944624185753,21.38432527658063
3384,Tien Giang,VNM,2004,2004-09-21,0.12057360226670541,0.25448344544363255,0.10165037959353986,0.12713428130530946,0.22680431762020248,0.16050610047548797,0.09069056346064061,0.3648463025307375,0.2827968143665919,29.237901743368234,24.41655408265915
3333,Binh Dinh,VNM,2004,2004-09-29,0.19284946242075554,0.3761714062510444,0.18607917831014917,0.20378027972739052,0.35575643106197957,0.2509362112182545,0.1453824794900315,0.3815236707061799,0.37576788427107166,27.397753627429218,19.747819475184084
3338,Cao Bang,VNM,2004,2004-09-29,0.039235786090170754,0.3396774708595769,0.02381851961954053,0.058310777332944895,0.34411685311616375,0.20864370674232496,0.08223549245133838,0.7911602730554732,0.7877587959718405,27.86778176322874,18.30459789358295
3355,Khanh Hoa,VNM,2004,2004-09-29,0.08698623755708013,0.35834105409802197,0.0714474297355059,0.10375118423601751,0.33805134615380705,0.21347516634435582,0.09999616961259421,0.6328090626703864,0.6200731330518748,27.332330497804154,19.58044497136512
3360,Lang Son,VNM,2004,2004-09-29,0.03910183218197691,0.29976188957722993,0.026137958798719437,0.055809076015641355,0.29941953212558836,0.17932658042513708,0.07051078324373636,0.7699474238666,0.6531871401186139,27.833839721411923,18.9923183987361
3370,Phu Yen,VNM,2004,2004-09-29,0.15417600064195713,0.3439858315499618,0.14297269102222704,0.16510012081901437,0.3272721532890767,0.2297982381596311,0.12962579128072468,0.4521713500569478,0.42283811509265384,28.93607548221432,19.458804671084145
3371,Quang Binh,VNM,2004,2004-09-29,0.11789764394432768,0.2968207679712095,0.11401985531075037,0.12983186404274652,0.2826185452666251,0.1896545221626961,0.10369711347433856,0.5179251513557981,0.41154730644367926,26.553994628442847,19.900653558964656
3374,Quang Ngai,VNM,2004,2004-09-29,0.16581377471072722,0.36876214000038693,0.16059267407250102,0.17953709366520437,0.34887757114135876,0.2432343968534808,0.13430097412573272,0.4415009003421031,0.46910955555206413,27.386735804170172,20.018242846623597
3376,Quang Tri,VNM,2004,2004-09-29,0.18252767054784225,0.3745579699491082,0.17445753324011268,0.1940923349843345,0.355400921804716,0.2536844881518906,0.14819103847461698,0.43460587399670025,0.4289926520399906,27.86309094331342,20.454087153507487
3383,Thua Thien - Hue,VNM,2004,2004-09-29,0.17777597148264326,0.36854785286674496,0.16648191503678533,0.188680029611239,0.3520670743040337,0.2524537590883735,0.1463840948488321,0.4525683012064382,0.4419066948443154,27.523625959827136,20.642422421004515
3327,Ba Ria-Vung Tau,VNM,2004,2004-09-29,0.08953659949149123,0.3113354927601234,0.07370852087795089,0.10267743709077783,0.29045172738858954,0.18408552947550233,0.0876317453371256,0.5200016057561863,0.4960685572307869,28.54783178861673,22.177907021349494
3336,Binh Thuan,VNM,2004,2004-09-29,0.1049420351360493,0.3734892665380176,0.07215222813601613,0.11135747606020743,0.37585463135289066,0.2593024587627502,0.13657303037499116,0.58633009744395,0.6650055462747508,30.95970965900318,21.04300987951695
3342,Dong Nai,VNM,2004,2004-09-29,0.07584658138806534,0.2963474091456738,0.06018477886185382,0.0892144084788414,0.279279741895389,0.17800798516628055,0.08360183547871995,0.6057457521959517,0.5200305142602262,26.898215007736486,21.391777713588638
3344,Gia Lai,VNM,2004,2004-09-29,0.10900478676039949,0.3419989198406636,0.09764184977843847,0.1215981501531597,0.33382492311492096,0.21850449693131632,0.11203961989125541,0.5725786288583374,0.557442684733587,29.126824933518098,18.33885805654084
3345,Ha Giang,VNM,2004,2004-09-29,0.06161371511520478,0.36183711900264415,0.04613060701131822,0.080357023626854,0.35967783436425266,0.22828532343601343,0.09988109607410452,0.7299614244139052,0.7908341014201075,27.10479207412317,17.011275300814365
3347,Ha Noi City,VNM,2004,2004-09-29,0.09223236896650666,0.254655872996913,0.054271691497912895,0.08998541553867842,0.24917777671166183,0.19000109344296384,0.11776908869635737,0.46532408281899945,0.46868166392943295,31.57971760229738,23.383611132596673
3348,Ha Tay,VNM,2004,2004-09-29,0.08873394989179557,0.2599534387899139,0.05176592179345909,0.08790143533854786,0.258447532647807,0.1917398933715577,0.10776923545900025,0.482711110935405,0.4527201116034138,31.631396493558103,23.058206594562698
3349,Ha Tinh,VNM,2004,2004-09-29,0.16276093695004326,0.30613484171438815,0.16026128365811448,0.17391509823421158,0.2923223616286088,0.21302699315074264,0.12425630765088737,0.3743884802365922,0.3006487274256022,28.231666844602547,20.72491033482314
3353,Hoa Binh,VNM,2004,2004-09-29,0.04629935785937701,0.34648941162819286,0.03231368082351416,0.06669635829568961,0.33272227799292703,0.20192006849682864,0.08120334850704299,0.7590836136064638,0.750798037166303,28.245707759280236,21.040303094451225
3357,Kon Tum,VNM,2004,2004-09-29,0.10131190513871845,0.3363389331335554,0.09554257357287499,0.11535893067864082,0.3286135517676251,0.20821561385908366,0.10193386397338734,0.6222488446705232,0.5534852806549376,26.064465264132334,16.994817684968737
3366,Nghe An,VNM,2004,2004-09-29,0.08219549745177711,0.3595070474006835,0.06956011400594023,0.09923258900600519,0.3453678148743648,0.22118075226186848,0.10205755586019985,0.649676530972028,0.6835920315294536,27.04035990123814,19.62438231000466
3367,Ninh Binh,VNM,2004,2004-09-29,0.057775843593167196,0.2603136338255684,0.03320766693969494,0.06821586430209457,0.23655439406227574,0.15003647889093663,0.0692117288998398,0.62120567125584,0.4745934878484273,28.87048060652863,22.371009374270407
3368,Ninh Thuan,VNM,2004,2004-09-29,0.09153306353619217,0.34903049691792526,0.06765356083644766,0.10310916222698231,0.34400922828684444,0.2240622233599502,0.10693568546306437,0.5911153213023741,0.6174037552241961,29.04624652119303,19.660682071457913
3377,Soc Trang,VNM,2004,2004-09-29,0.235061462977761,0.3147090339091366,0.22239545896330595,0.24021329183679152,0.26533506686247205,0.15454945780644042,0.08474679125807177,0.18404909930141852,0.12192888062564168,,
3386,Tra Vinh,VNM,2004,2004-09-29,0.21277944854910977,0.30266361016767235,0.20525050996999566,0.22151983467505146,0.2542338438948341,0.16699474516893636,0.09183977698890898,0.21785606040854477,0.15443447626369522,28.085348837209374,
3387,Tuyen Quang,VNM,2004,2004-09-29,0.05112221183060322,0.36759497694687976,0.04109129873483853,0.07133658175022042,0.3555457514236191,0.2157153365198107,0.08691457253821121,0.757384226729995,0.7869907903985844,28.545015379270655,20.802095792294388
3388,Vinh Long,VNM,2004,2004-09-29,0.2543451208529269,0.3333738091846078,0.2561729105306132,0.26389979408591824,0.28762250237388204,0.18405143465193338,0.10340064987514033,0.16129114283029228,0.12062408931858931,,
3390,Yen Bai,VNM,2004,2004-09-29,0.07125137534411163,0.3445719242239821,0.06365796522327635,0.09028942456210713,0.33417183483766383,0.21093270016929963,0.09348835943876896,0.6712975215793678,0.6688310145909264,26.985976321027973,17.116224506277504
3328,Bac Kan,VNM,2004,2004-09-29,0.037304516825972925,0.358555414593063,0.027996305157813726,0.058544916224310975,0.3500774169099184,0.20417871204962856,0.07624479878479355,0.811005173620455,0.8002178167904703,27.166705558797556,17.99424979914578
3329,Bac Giang,VNM,2004,2004-09-29,0.0575810939314337,0.29109385683827005,0.0354244685029954,0.06756756285221795,0.2874210426530347,0.18719973126103598,0.08877430667377777,0.6684986771440123,0.6101811796597109,30.37889933958947,21.906041975000353
3330,Bac Lieu,VNM,2004,2004-09-29,0.161229125636347,0.23013359861919336,0.13445812529765103,0.1614562117120188,0.20455115222606404,0.14388669515741181,0.08395949216566179,0.18570150727243556,0.1122080804264858,28.85723404255326,
3331,Bac Ninh,VNM,2004,2004-09-29,0.07380271526993916,0.28380679196338854,0.04164758664338574,0.08075477439792825,0.24840798969962463,0.16020371689344112,0.08169958381757954,0.5823295012031163,0.4767117730062598,29.305729845795174,23.42381513923449
3334,Binh Duong,VNM,2004,2004-09-29,0.10609468350397579,0.3414688066780645,0.08759302764681577,0.11691454683624578,0.33756964214568264,0.23768911678275648,0.12172909454032933,0.5506540432875713,0.5777086463773794,29.69412352937975,21.19018616278017
3335,Binh Phuoc,VNM,2004,2004-09-29,0.08054087009226828,0.32713748338198817,0.065297083761718,0.0939145994620355,0.31941024592091416,0.20859643421819657,0.09689811120330342,0.6212799310677476,0.5955599769772942,28.249514266719185,19.9776884307461
3339,Ca Mau,VNM,2004,2004-09-29,0.1564935639551839,0.25612120374173786,0.13616269596570105,0.16081549247917637,0.23001377574353477,0.16530149091996285,0.10297894327394966,0.2640450955570121,0.1844667605567656,29.714686362761398,
3340,Da Nang City,VNM,2004,2004-09-29,0.1944327973386423,0.3712170471670807,0.18578234092204776,0.20448437139757042,0.3524297733064772,0.25575651522469584,0.15473898642703843,0.411891551471186,0.42045867278508237,28.590171605129626,19.49177654155485
3346,Ha Nam,VNM,2004,2004-09-29,0.07348568661774288,0.26766661262088776,0.04412003009912401,0.0800734181555713,0.24645899756370696,0.16172936103920335,0.07962893156576799,0.567314881151093,0.4410262361668797,29.325280372434325,22.34779789560129
3350,Hai Duong,VNM,2004,2004-09-29,0.07551784395871727,0.2569005430919915,0.044373129202383704,0.07942659810262567,0.24052052221309772,0.16441835318269146,0.08659348650723298,0.5411858496835933,0.43308028600439963,29.21857968762671,22.679542453478145
3354,Hung Yen,VNM,2004,2004-09-29,0.07301467175282973,0.27472880403434163,0.04265962936649957,0.07859473578188433,0.24783738889986173,0.16132299582474788,0.08150891139797757,0.5737236051335664,0.4599875982065918,29.160701086705654,22.15661374148407
3364,Nam Dinh,VNM,2004,2004-09-29,0.06330445688737453,0.3121868931757787,0.03459693384438868,0.07671430573295068,0.26506522491206336,0.16420114449880838,0.07643399704378681,0.6540240642857712,0.5657624166084986,27.831596596953283,21.957344338615048
3369,Phu Tho,VNM,2004,2004-09-29,0.06331019680509822,0.30836076882676994,0.041891857192594514,0.07433332532193382,0.301251858031475,0.19570311996848236,0.08964848336223616,0.6476598620843115,0.6164740936491631,30.3717874908425,21.905305786565417
3372,Quang Nam,VNM,2004,2004-09-29,0.2075659203882998,0.3960708975387038,0.2060636935279583,0.2206722588018865,0.37748593091721133,0.2726346780211008,0.16195524142873885,0.39333583258038013,0.4045514221905841,27.041501053573377,19.465699827271923
3381,Thai Nguyen,VNM,2004,2004-09-29,0.04870332753931545,0.3124934943848804,0.03412252761470393,0.06375185181561462,0.30379055624887374,0.1872275600937321,0.08040155457503802,0.7298567998240411,0.6620087437176333,29.496217934540308,20.819839266859184
3389,Vinh Phuc,VNM,2004,2004-09-29,0.08796564167045964,0.2737311626730561,0.053998493495988974,0.08869257385472576,0.280194154392948,0.21160108877716438,0.12071010053240086,0.5025413274800107,0.5366679092415079,32.414570400674116,23.368990441254724
73933,Can Tho city,VNM,2004,2004-09-29,0.20266375026862293,0.22455516087083405,0.19331531461971088,0.20739455728147904,0.19949363838363124,0.14846182775331804,0.09451949807694647,0.03902217202561844,0.03254862123907431,,
73934,Dak Lak,VNM,2004,2004-09-29,0.10394504098600418,0.3345845413306669,0.09151453873459,0.11658586430675781,0.32565768299443815,0.21511835322708328,0.11034342198729186,0.5677152163127592,0.5388316252821692,29.165350369656043,18.771109885540508
73935,Dak Nong,VNM,2004,2004-09-29,0.109203863753076,0.3278889795179798,0.10246544596502234,0.12213811552828349,0.3174390265711695,0.20330981257110328,0.10349291352484223,0.5361928706042431,0.4746016447821086,26.667510983972583,17.68768436978537
73936,Dien Bien,VNM,2004,2004-09-29,0.05104986304588459,0.37868608815357263,0.037819934870776215,0.07284837864700416,0.36550827637171185,0.21530737227381205,0.08440432756018783,0.7734025223349303,0.7986786172494723,27.547354165981446,17.647633700690612
73937,Hau Giang,VNM,2004,2004-09-29,0.1667814662711126,0.26891250689970936,0.16273533438827326,0.17625309046734175,0.23075856583659474,0.14791599429068683,0.08303189467063768,0.2756860673754685,0.17679281552942833,,
73938,Lai Chau,VNM,2004,2004-09-29,0.0480448929569998,0.36075467417497925,0.032902075040081705,0.06775474221544973,0.349237370099017,0.20464182284126317,0.07986435353639867,0.7847611966688035,0.7599379683990788,26.940251324381727,16.80028673748603
73939,Lao Cai,VNM,2004,2004-09-29,0.08194025189245244,0.3555947964143278,0.07207437532768958,0.10036265537099467,0.34609872550297693,0.22257640330566214,0.10210978572987249,0.6587487494924485,0.6707020565171421,26.131530231487684,13.277097356955865
3326,An Giang,VNM,2004,2004-09-29,0.14382737985162344,0.21003712283862222,0.1283775364476157,0.15299830756810728,0.17633327179957517,0.12236898049354471,0.0680364857544464,0.11436375271424064,0.12929566266680073,27.117567232453354,
3332,Ben Tre,VNM,2004,2004-09-29,0.18645671580367307,0.28747678563105145,0.17784996978542394,0.19434285308745186,0.24893449962856218,0.17626724580386954,0.10477715131350414,0.23588104624134393,0.17566388699723096,,
3343,Dong Thap,VNM,2004,2004-09-29,0.12743047728822413,0.13529884008033088,0.10154795796095391,0.12910093415379265,0.10910740898086714,0.07736603609419918,0.04330429648779769,-0.01380989152631542,0.02506510414552399,28.191606517225246,
3351,Hai Phong City,VNM,2004,2004-09-29,0.06633784925812192,0.2600041139652262,0.04275174198126553,0.07633319161123209,0.22880193561671686,0.14726929768080155,0.07221749526810528,0.5849460786537178,0.44675598889599394,28.61598325222524,23.09662395227078
3352,Ho Chi Minh City,VNM,2004,2004-09-29,0.12542354605781897,0.2693210192972672,0.11366634189057706,0.13565418080176497,0.2424119781975495,0.1703406188150172,0.09503313106275828,0.3877260344075672,0.29641614756673557,29.452419289906608,21.891792149875084
3356,Kien Giang,VNM,2004,2004-09-29,0.16225483195077958,0.23761046504046024,0.15329927355508421,0.17022507102050916,0.2101091066966825,0.15145907619153762,0.09261551174645571,0.19298248355361997,0.13384808547484867,28.194945010300373,
3359,Lam Dong,VNM,2004,2004-09-29,0.10286048136322185,0.34321959941326163,0.09171756560329887,0.11677681883107198,0.3331499885080909,0.2023352112348627,0.0954317335364542,0.5712782558998167,0.5282910315049102,26.101448677650293,15.646464356516717
3362,Long An,VNM,2004,2004-09-29,0.08791110747495494,0.16091831472262796,0.06834374119034134,0.09389362692946268,0.13622011059905337,0.09250495394272726,0.04709291768639471,0.24354966671041073,0.1528232660364264,30.103131341000008,21.480851906731687
3375,Quang Ninh,VNM,2004,2004-09-29,0.04532728925360472,0.28782381816504893,0.03206348836795432,0.06270759449065408,0.28276318681976703,0.17654612153501895,0.07360741937957782,0.7128383380421114,0.6151347685121465,27.795098455007423,20.777635266414197
3378,Son La,VNM,2004,2004-09-29,0.050731511266664954,0.3788565446822015,0.034320037311602665,0.07182709073513913,0.3735066059842481,0.2296876671533131,0.09451655582650745,0.7669271805199653,0.8614406179299426,27.53411616872143,16.813607665524685
3379,Tay Ninh,VNM,2004,2004-09-29,0.09858972153220769,0.3425954408568967,0.07862675044951543,0.11187440486603512,0.32676114563095116,0.2247470484407918,0.11033118707783876,0.5549796392225373,0.5857513159358178,30.389461005178273,20.052682319677867
3380,Thai Binh,VNM,2004,2004-09-29,0.06679799655671884,0.2775425287955791,0.0382787375652795,0.07532290068865605,0.24497848717149479,0.15551311487994204,0.075017228416794,0.6052010980542571,0.4782318394687159,27.92315648449048,20.55801380296713
3382,Thanh Hoa,VNM,2004,2004-09-29,0.05387020416231234,0.3381521906682187,0.03591285065681388,0.07029740878406125,0.326829667618815,0.2053859406320603,0.08693907349741807,0.7108030583874351,0.7180447985798409,28.324115719480528,20.53130141997541
3384,Tien Giang,VNM,2004,2004-09-29,0.08853218483604056,0.23307975742360537,0.07338238619229948,0.09891557977977956,0.20019023711629402,0.13174885104702966,0.06605688824968843,0.44276817112692196,0.3036770242501655,,20.63918032786888
3333,Binh Dinh,VNM,2004,2004-10-07,0.11508111668598375,0.31735569045302736,0.10709416806315716,0.12643303328608158,0.3074042471964783,0.20951918988957052,0.11383968534099109,0.5123462631312102,0.17598364963355229,27.896736846445876,19.05399828967224
3338,Cao Bang,VNM,2004,2004-10-07,0.04106248332100855,0.30006065163152645,0.024969045160441634,0.0557797308142948,0.30522927937092864,0.18339870633298333,0.07293915613898282,0.759328163142378,0.6507196351045715,28.088452727611987,14.830084801028887
3355,Khanh Hoa,VNM,2004,2004-10-07,0.07484353917526193,0.3112179266879295,0.06370729933120739,0.0890060598520519,0.2992846145777238,0.19150776249943546,0.0938174961268812,0.6442565566797515,0.6163874676407952,27.601465622550048,19.02898860110672
3360,Lang Son,VNM,2004,2004-10-07,0.04381224236963399,0.3126851421807198,0.029105749151166163,0.060072828469471595,0.3157411497888988,0.19191816596459843,0.0778074815375423,0.7546991552280581,0.6792507302866371,28.67087012573921,15.638971396352543
3370,Phu Yen,VNM,2004,2004-10-07,0.11890802666607939,0.32917064715780603,0.11245586186020186,0.13338958198768272,0.31737065661386055,0.2182983100784032,0.11742995347130517,0.5225997745741605,0.5109033271764574,28.366689153841023,18.583386722395108
3371,Quang Binh,VNM,2004,2004-10-07,0.08107407491255492,0.32344467318434694,0.07257664874352156,0.09605266235864539,0.3198372365328126,0.20489510044639264,0.09615366294059252,0.63061503434723,0.5737196611896633,26.802120570308166,18.344191507604233
3374,Quang Ngai,VNM,2004,2004-10-07,0.09956903735713556,0.315217948859404,0.09184526307021092,0.11309005244927056,0.30960203767023853,0.21218250921314794,0.10951451437446325,0.5591321627066953,0.5629944649655061,28.374241072967237,18.71361174611438
3376,Quang Tri,VNM,2004,2004-10-07,0.09887754011966646,0.30687039776779323,0.0944312432990238,0.1135729181176576,0.30237157601025055,0.20302188819576056,0.1016770371910021,0.5513830201770688,0.5096568683480565,27.37290851311968,18.88995445128446
3383,Thua Thien - Hue,VNM,2004,2004-10-07,0.08831247764826128,0.27238566030780975,0.0853437781162425,0.10181044683753353,0.27220773629560663,0.18488259059709583,0.09451915622352722,0.5385460213263401,0.32958812538585347,28.512661433765448,18.743066028974848
3327,Ba Ria-Vung Tau,VNM,2004,2004-10-07,0.1035506652161942,0.3096760050734103,0.09411245583631969,0.11626432211973962,0.2971286225407732,0.2071192448558003,0.10889712367290766,0.5069430868100991,0.5404034607213347,30.27913563471939,20.130232235900888
3336,Binh Thuan,VNM,2004,2004-10-07,0.07528349763800568,0.3374587534108344,0.0457844131400247,0.08187804971253969,0.3461864274394495,0.2425029428604405,0.12725002891635556,0.6638994201702806,0.897652431308844,30.466693346871768,20.042571881133643
3342,Dong Nai,VNM,2004,2004-10-07,0.06509830575576932,0.2732681899538897,0.05346068100989214,0.07803421386186792,0.26248102208204194,0.16673587253000757,0.07564027960953776,0.6228335732624265,0.5052219671080928,29.912613108754556,20.479633663992256
3344,Gia Lai,VNM,2004,2004-10-07,0.046894371485694225,0.28081923354571253,0.03182424696716478,0.05756958147986268,0.27810327719523786,0.16718418589516346,0.0728315735735677,0.7339116448943986,0.5963547602810821,28.681461358326032,17.49678732260155
3345,Ha Giang,VNM,2004,2004-10-07,0.037503334153919154,0.26711530768053476,0.023310018684139837,0.05021653100491379,0.26091704665627424,0.15394724533615015,0.05990012665499793,0.7597514859707617,0.5595981360987674,26.982310350073043,17.122230797307772
3347,Ha Noi City,VNM,2004,2004-10-07,0.108219778217496,0.2817664589699434,0.06392795769566303,0.10368383588173034,0.28420688825988005,0.22447193284255018,0.14045050662792136,0.43995320583542336,0.7366019273244984,32.947452148668134,19.760771868923193
3348,Ha Tay,VNM,2004,2004-10-07,0.10334079112195323,0.2741189706580357,0.06118022894940422,0.0990709425349998,0.2807685566299456,0.21782464108303204,0.1264785513895004,0.44525280959156,0.4716122413018306,32.11779995688034,19.26322070497938
3349,Ha Tinh,VNM,2004,2004-10-07,0.08172745986899188,0.307507390444014,0.06405101099388333,0.09352414371951939,0.3070837875575959,0.2061234533291022,0.09812308550269673,0.5968703206434067,0.5676469771124222,25.743842125963965,18.66632527366475
3353,Hoa Binh,VNM,2004,2004-10-07,0.05255220410588941,0.3358774479687934,0.037208733982746094,0.06978061584423881,0.3261128104319974,0.19947810882814593,0.0820580114397894,0.7257486146285529,0.7003398597392635,27.974696649543294,18.19520269741434
3357,Kon Tum,VNM,2004,2004-10-07,0.03834522270763246,0.2831076945263349,0.028705150281720493,0.0516011726425426,0.28201682957976076,0.16186079030771974,0.06393544760966521,0.7856050200902195,0.6135608894854774,25.701668462437926,16.0246114204948
3366,Nghe An,VNM,2004,2004-10-07,0.054580880989165845,0.33739263129703967,0.038078177438500886,0.0704705612231642,0.3275950361484428,0.2008794301689368,0.08429150106419511,0.7203250657664949,0.7005237219026544,27.28979292085537,17.99252556626682
3367,Ninh Binh,VNM,2004,2004-10-07,0.06842871378205344,0.29174298070145543,0.03837188652152497,0.0777259776770926,0.27314523933191087,0.18115381001943853,0.08783239079265788,0.602733756137025,0.5482684768127535,30.553941906532835,19.430514158993038
3368,Ninh Thuan,VNM,2004,2004-10-07,0.05992159050761722,0.3338768956349034,0.03255239550367477,0.07050757610035759,0.33960485746966784,0.23095441929844707,0.11634497262310288,0.7003294228464244,0.9419209761814518,29.993193962327915,19.685738956911248
3377,Soc Trang,VNM,2004,2004-10-07,0.0992509065653759,0.21779333241921123,0.06422253274852541,0.10007680951555147,0.17832734136762315,0.12111165693107272,0.060532221309026656,0.36381647057792743,0.23995606561428967,29.36417151469256,23.39430632836512
3386,Tra Vinh,VNM,2004,2004-10-07,0.1091326657878184,0.2668911438439074,0.07987800537656699,0.11501007176310242,0.23116520325467568,0.16074535378486918,0.08226168565074167,0.4128953562182668,0.3424960442387407,29.400515499168865,22.12539678678759
3387,Tuyen Quang,VNM,2004,2004-10-07,0.04589775802839802,0.3257283658949629,0.03477042894250402,0.06261265005626358,0.3139218444005629,0.18734354956917448,0.0744583177035552,0.7557823244675016,0.6817476055414651,28.525134475585194,17.059576930612565
3388,Vinh Long,VNM,2004,2004-10-07,0.10866276482176589,0.23852593230880398,0.0822335143527952,0.11125120827823567,0.20766397068375855,0.14264134649359247,0.0765177235861143,0.3597700391518311,0.26672935346835036,29.44962868004863,21.70389959159215
3390,Yen Bai,VNM,2004,2004-10-07,0.04726371624725909,0.29400956355953717,0.03756361107295698,0.06283745395828506,0.28230676596784066,0.1682790274232046,0.06759572570531441,0.7301409178837286,0.588661039381337,26.539712620357168,16.383716036033228
3328,Bac Kan,VNM,2004,2004-10-07,0.03881533193792248,0.34030373129021185,0.028718556149365117,0.057997405264372484,0.3327751389174875,0.19234396829708575,0.0719066028860233,0.7949682154516695,0.7306377306846459,27.286811482744138,16.171379126077017
3329,Bac Giang,VNM,2004,2004-10-07,0.06530785131364414,0.3045759408372821,0.03986420436204843,0.07393881035044186,0.307113319897163,0.20582191501602948,0.10175404122578079,0.648451847400939,0.6503512767896414,31.178924174794087,17.242552252116447
3330,Bac Lieu,VNM,2004,2004-10-07,0.07990498997228358,0.14616365455551175,0.04422796716144616,0.08035062554908429,0.10808032604129968,0.07415516357158276,0.03768127076333247,0.2712798171804744,0.13135626152564353,31.466208526745202,24.255591403281965
3331,Bac Ninh,VNM,2004,2004-10-07,0.09014494335573417,0.31919133226288526,0.05042035015037164,0.09688554047443662,0.28879591138378685,0.19512699636634365,0.10284658468560111,0.5518916603029667,0.5338657475039551,30.136168636893846,19.359688274992443
3334,Binh Duong,VNM,2004,2004-10-07,0.07270223659390025,0.3224015205092073,0.05584652836932149,0.0853133053957176,0.3254119580538406,0.22215224392007685,0.10254902068748264,0.6498782290346279,0.6584432275159635,30.73418981531678,21.443450477666175
3335,Binh Phuoc,VNM,2004,2004-10-07,0.03778883012940832,0.27906152605062157,0.020370151518535436,0.04924557542264149,0.27795662684632605,0.17109408545129956,0.06899183412612579,0.7572555836910303,0.6165423021321864,30.24762467799615,20.810350112444617
3339,Ca Mau,VNM,2004,2004-10-07,0.07012045943672811,0.17547332226795612,0.04405459908962091,0.07537456164617064,0.1427990031100425,0.09088847119881432,0.045025786202075216,0.3919984583424552,0.21649106334069995,29.962500194082523,24.390037182329607
3340,Da Nang City,VNM,2004,2004-10-07,0.0831302509686328,0.2732955613716017,0.078864394472476,0.09658458462750574,0.26671836923139497,0.17626814395101656,0.09060787334354767,0.5664094445653597,0.5027638256207654,28.353496069130202,18.522073791984585
3346,Ha Nam,VNM,2004,2004-10-07,0.09145678267458865,0.2926194255766339,0.055468215473320474,0.0942485702916141,0.2838975872017338,0.2003822745370292,0.10551361032852909,0.5149839427819185,0.48543585274106077,31.27032933103874,18.91657870536022
3350,Hai Duong,VNM,2004,2004-10-07,0.09480750874194256,0.30042501889003737,0.0550754019159778,0.09596434595058415,0.29267267502077704,0.21242009106611998,0.1181495634636862,0.5163352885745881,0.53297653477887,30.61434288659471,19.083989195189492
3354,Hung Yen,VNM,2004,2004-10-07,0.09602313034865166,0.31703932618165365,0.055761530290479255,0.09812028490767574,0.30209232191796526,0.21186186645284333,0.11375705611779163,0.5270957932315,0.5362832091888794,30.275378114872687,18.80008187380808
3364,Nam Dinh,VNM,2004,2004-10-07,0.071580337341511,0.32396033132747154,0.03804960140745057,0.08247134783004219,0.2830008650645774,0.18112353167059006,0.08812488022137323,0.6250785958813078,0.5850513559090794,28.7995824521039,19.504995763693167
3369,Phu Tho,VNM,2004,2004-10-07,0.06756225024954089,0.3033780528386989,0.04514160036890185,0.07732555208537872,0.29350126876900057,0.1902272101878234,0.08655460271648303,0.6257352106332874,0.5731613719743834,29.78849623108227,18.64669418756555
3372,Quang Nam,VNM,2004,2004-10-07,0.08985988820016759,0.300524123536862,0.08908038807953245,0.10519519327249666,0.2925008402106817,0.18818557309388415,0.09235604657557532,0.5842940670493593,0.4120492018678893,26.742101544157325,17.97427615551365
3381,Thai Nguyen,VNM,2004,2004-10-07,0.05401488275546306,0.338029992036336,0.03736589281213095,0.06933430688451353,0.3342021644273737,0.21149784479018557,0.09344296858485504,0.7223510862323881,0.7410825995468321,30.426289463324174,17.553417903619035
3389,Vinh Phuc,VNM,2004,2004-10-07,0.09243321784698764,0.28708738335824324,0.05602572985284712,0.09264444489819322,0.294687992296226,0.22330996260745248,0.12639143561164237,0.5051950887053217,0.5748471846490457,32.059200254790234,19.818739780909766
73933,Can Tho city,VNM,2004,2004-10-07,0.09603665004876581,0.12472870644860891,0.06345539801687247,0.09575011089315107,0.09977319953603934,0.06976722900744452,0.03835171306652548,0.056405364026535884,0.06960293796645542,30.36082842991093,23.060474170975564
73934,Dak Lak,VNM,2004,2004-10-07,0.051153965212304364,0.2904534562181007,0.036254775770240825,0.062412496720229714,0.28620062629940785,0.1743370178736448,0.07694693064523268,0.724537959780032,0.6025066707616925,28.921538312630553,18.18282555300555
73935,Dak Nong,VNM,2004,2004-10-07,0.04606547079925956,0.31694913151230164,0.03145386430250585,0.05929205779124692,0.3131100333247569,0.1857037156120909,0.0772099960807331,0.7604263156948486,0.6682744696153873,28.521403751319344,17.629347117547663
73936,Dien Bien,VNM,2004,2004-10-07,0.08917499042522646,0.3521136205043465,0.08036120978261502,0.10669594338142013,0.3389157255799308,0.21032556594499696,0.09600490622951972,0.6489518910933666,0.6004165404003053,24.64263186500102,15.388085341883068
73937,Hau Giang,VNM,2004,2004-10-07,0.07161959908444206,0.2077190627306482,0.04865842051906498,0.07826712314368339,0.17507392469335345,0.11215735895440308,0.05323736884524043,0.45484419672125725,0.2946641483355081,30.03969966332765,24.171994840319023
73938,Lai Chau,VNM,2004,2004-10-07,0.0878855530560796,0.3044994262016877,0.07914386402541353,0.10157171952191935,0.2928803519085274,0.18346464150102051,0.08724545903815564,0.6354218082849533,0.4898244602992251,23.605683819424275,14.00779892168133
73939,Lao Cai,VNM,2004,2004-10-07,0.05098987844658763,0.3047402180819543,0.03930947789280978,0.06655361850253237,0.2925388906727798,0.17486384711307235,0.07084875286595631,0.7337075025679346,0.5972344098008913,25.03713304944894,15.05816411996576
3326,An Giang,VNM,2004,2004-10-07,0.08201425094147735,0.1524738341000605,0.049380579054763014,0.08667635041972627,0.1272419112262343,0.08699168359840995,0.04616612252927419,0.10407475383072218,0.1651434743797503,29.163045749178043,23.763747175381692
3332,Ben Tre,VNM,2004,2004-10-07,0.13188523231628468,0.26791127828863387,0.11379177722597862,0.13770248515412398,0.23406526314817006,0.16146139828606346,0.08997610289501413,0.3453423958937256,0.27519421633278474,28.734711401508665,22.12429364234671
3343,Dong Thap,VNM,2004,2004-10-07,0.10180387764090196,0.1189305269419796,0.05817451795895905,0.09922826208453892,0.09942295686981797,0.07413583382883122,0.04427269692545067,0.053297137970880634,0.05062161688013575,28.691731078448456,22.74205194395758
3351,Hai Phong City,VNM,2004,2004-10-07,0.07193454766302725,0.27723703286369866,0.044475754789241324,0.08134707286514736,0.2491924388274292,0.1641675251819991,0.08249818464250228,0.569432856658919,0.48784419481027563,28.82624349828667,19.660860648801926
3352,Ho Chi Minh City,VNM,2004,2004-10-07,0.12450214209644296,0.277659802937917,0.11587482651340472,0.13625950786499905,0.2562087337441361,0.18436194768356148,0.10565406505572723,0.40638929370502846,0.3513362954971143,30.53305109991366,22.57263282453061
3356,Kien Giang,VNM,2004,2004-10-07,0.06050273304982263,0.14842174516371806,0.03589979890787569,0.0650692860785715,0.1218465969696287,0.07670673657084796,0.03522798798422135,0.31938556944499785,0.19437774092830068,29.82032952129312,24.061397481808623
3359,Lam Dong,VNM,2004,2004-10-07,0.036580565488136374,0.29329508261333104,0.02126615862279894,0.04974445549083455,0.2923818150933909,0.17014628464411527,0.0668438197970169,0.7827939626377589,0.6413962261687862,27.00412186104092,16.618901016682628
3362,Long An,VNM,2004,2004-10-07,0.10317824645699368,0.17650942412688334,0.08223214058836405,0.10779866176598353,0.15678688530235665,0.11271560672697536,0.06430752736196767,0.22839144745906964,0.1619811075388752,29.487474643793117,24.377275218469034
3375,Quang Ninh,VNM,2004,2004-10-07,0.05080430109137812,0.28054197513024015,0.038810985217913194,0.06771464774660038,0.27762209448175973,0.17504048164941674,0.07587804317458632,0.682087168159937,0.5832262693330468,29.03327007147681,17.175607504405384
3378,Son La,VNM,2004,2004-10-07,0.05346106216158862,0.3504673743349883,0.036924560886436225,0.07105924997293393,0.346117222811314,0.21084668577603,0.08663655904351263,0.7409447410454248,0.7458138243979535,25.939006441021895,15.499071275595714
3379,Tay Ninh,VNM,2004,2004-10-07,0.06645562771266646,0.33215528621190904,0.04450832481381479,0.08166935432454173,0.32227361877577276,0.21692464390707147,0.0989676678989999,0.654310272721989,0.7249531135338656,30.736896736527978,22.290395221790103
3380,Thai Binh,VNM,2004,2004-10-07,0.08302835092867782,0.3019169365934732,0.047490346156370475,0.08858521639461066,0.2786980536322042,0.18917428192711194,0.09779735787401625,0.5612379562200636,0.5199973300213647,29.295769524641457,19.109125721244673
3382,Thanh Hoa,VNM,2004,2004-10-07,0.057559617561187944,0.34037911343847105,0.03636378470455895,0.07205282475040478,0.3338284428063075,0.2127405040574911,0.09251187319283244,0.699799676449777,0.718300507465675,28.910805036200117,18.563147725251458
3384,Tien Giang,VNM,2004,2004-10-07,0.09405895086473043,0.252562006992787,0.07537431505499911,0.10348889054630718,0.22334610748757439,0.15132189359318765,0.07944032492821095,0.4354871688018667,0.360374305851885,29.3458712014773,22.976353291504413
3333,Binh Dinh,VNM,2004,2004-10-15,0.05840569401604553,0.33550363891041146,0.03649954550848305,0.07080693899877784,0.3339894313063226,0.2129477076534377,0.09884443426042915,0.7023376680976582,0.6210809717115002,27.409964675301758,18.26671155385607
3338,Cao Bang,VNM,2004,2004-10-15,0.07627633852682653,0.29251788781088084,0.06213643628564775,0.08787214596986416,0.3053228128476882,0.201177884724044,0.09471881019837626,0.6288532630963505,0.55101018284262,27.382478251968926,16.92016571892498
3355,Khanh Hoa,VNM,2004,2004-10-15,0.06962824450013097,0.34840929322732334,0.05247033607140081,0.08448555742104935,0.3413801330429578,0.217568099532379,0.10415531560772934,0.685096539357769,0.6578096868693152,27.734605321742247,18.627838958265897
3360,Lang Son,VNM,2004,2004-10-15,0.04889744070781646,0.2742743944283291,0.03346388792567845,0.06171828313061674,0.2835958767829411,0.17724825716091874,0.07327428375582132,0.6988432921692738,0.5649162083016154,27.93004071419219,17.70485380555322
3370,Phu Yen,VNM,2004,2004-10-15,0.105554584708653,0.35576623991973877,0.09136865942694447,0.12026721882877885,0.3460941583987381,0.23376382623309788,0.11980950312944623,0.5867034880713254,0.639285842512453,28.22269830522974,18.42376821765568
3371,Quang Binh,VNM,2004,2004-10-15,0.1762638281075484,0.32262552052270715,0.18011107966931758,0.18823270488084226,0.31734047625653194,0.23041233347726703,0.1341534308148136,0.3613953446799135,0.6971952234672548,28.205041199781192,19.081261739426637
3374,Quang Ngai,VNM,2004,2004-10-15,0.05258324878585962,0.3220678957744297,0.033529535303700245,0.06671542746922741,0.32315280466227075,0.20813824176936346,0.09249109642942285,0.7162074498757608,0.7395931152696505,28.615901730621335,18.404702887033277
3376,Quang Tri,VNM,2004,2004-10-15,0.15346450657530272,0.33586738350480594,0.15301089894090245,0.16693013557595074,0.3344439948054635,0.24062666776174274,0.13434117993460856,0.43614678356938463,0.41156146964964185,28.857705185934226,18.851337549424837
3383,Thua Thien - Hue,VNM,2004,2004-10-15,0.1026242340002851,0.2897038596724793,0.09725482354787883,0.11512829627922012,0.2936364304321834,0.20270203528980774,0.10655148996182646,0.5252610912458092,0.43538680298172855,28.614071072393745,18.327604446399874
3327,Ba Ria-Vung Tau,VNM,2004,2004-10-15,0.05444469199025777,0.30948358731199826,0.03506889441681577,0.0674807636096141,0.29512862434089027,0.1897737790098575,0.08627336508026111,0.6662166319031207,0.6785845518319412,30.020244332565273,21.865258960614838
3336,Binh Thuan,VNM,2004,2004-10-15,0.06772100892019853,0.3491346046860517,0.03362312611490451,0.07388251070266225,0.36228517145262185,0.2522374604544045,0.13110920763037756,0.6926148311603227,0.8407971016567292,31.48542916845878,20.190518251386813
3342,Dong Nai,VNM,2004,2004-10-15,0.04654165245004437,0.3151689630065523,0.027382969568222115,0.062221625679403064,0.30723097230964297,0.19149479534322295,0.08059115578993632,0.6832801676952732,0.7012070189612484,30.773222043133803,21.194831227524848
3344,Gia Lai,VNM,2004,2004-10-15,0.0490062628818692,0.32744095597793194,0.02807313925158915,0.06045840611836483,0.33339161609396506,0.20747940881487048,0.09237953170030011,0.7446712915969635,0.7890052309028983,29.857189569131993,17.144829391952456
3345,Ha Giang,VNM,2004,2004-10-15,0.23494689006825487,0.3879936248537808,0.2314196691156629,0.24474722043456498,0.3892130728088423,0.3043805702099134,0.1942149758033186,0.33479113851389863,0.3475848222925222,26.40714369091017,16.0202731500433
3347,Ha Noi City,VNM,2004,2004-10-15,0.11417413519803449,0.24816104354875457,0.0707309595725703,0.1090668895718555,0.24663265965706543,0.19350473740430674,0.11754023631213668,0.3688351503682687,0.3319226393346874,32.42421964627156,20.830999352824325
3348,Ha Tay,VNM,2004,2004-10-15,0.11666887134481062,0.2454070441378839,0.07160719682296421,0.11010618228433201,0.24912039912184375,0.19739817197798507,0.11472325543197047,0.35714603550115315,0.3035231043146998,31.04795341987771,20.00792069899189
3349,Ha Tinh,VNM,2004,2004-10-15,0.10648266685026873,0.28665259533198323,0.09205863512892636,0.11630819681545447,0.29148330282392765,0.20784676707343164,0.10646610254370914,0.5107336683638308,0.4507865957358112,27.775855377225994,19.587651427372112
3353,Hoa Binh,VNM,2004,2004-10-15,0.08716744773750364,0.3077988760922033,0.07302204272496184,0.0999441798864019,0.3024018719905469,0.19659373314579434,0.09044167741768538,0.5765720324174497,0.5097387794744697,26.921728958023287,18.759195027185488
3357,Kon Tum,VNM,2004,2004-10-15,0.03490689021894982,0.3106836380644032,0.02247096537376315,0.04960972664359866,0.31366975507809514,0.18057076961460267,0.06927204401522202,0.8017469287820513,0.6992420352127636,26.294492631713055,15.76553163489052
3366,Nghe An,VNM,2004,2004-10-15,0.0695587267004932,0.32202870556606716,0.052673044308499097,0.08343762875018125,0.3224289327224213,0.20858243250763392,0.0927719622768348,0.6558763381051604,0.6344687757805395,27.237580804882942,18.764165173293335
3367,Ninh Binh,VNM,2004,2004-10-15,0.0927089931308445,0.25566317540031924,0.053907607204986795,0.09442604386234307,0.24907894637113415,0.17832210083406838,0.09047684013473577,0.464902901514762,0.37241542682206924,27.802702765996216,20.64963591345088
3368,Ninh Thuan,VNM,2004,2004-10-15,0.06739476316044425,0.33451153121184796,0.03654069701491637,0.07465693339653758,0.3446560163775565,0.23977153915167915,0.12738337068005734,0.6789864159180865,1.0388513305855767,31.046136513796153,19.898404816767425
3377,Soc Trang,VNM,2004,2004-10-15,0.10185359647571321,0.22319542560552508,0.07026259702706698,0.1059198771465784,0.18071264141768922,0.12332766394139208,0.061790787837027225,0.370449609982023,0.24147990528142613,28.107493147905632,23.57345687726513
3386,Tra Vinh,VNM,2004,2004-10-15,0.08345488220426467,0.2313405895324119,0.052870262162163194,0.08970878816864479,0.19373138454512806,0.12642650214844614,0.05918524569765594,0.44382698113235,0.3222383787516651,27.89235147833594,23.815704083408438
3387,Tuyen Quang,VNM,2004,2004-10-15,0.09909105027026388,0.3294062556739613,0.09709159306079375,0.11510009315496539,0.329638950602922,0.21807688755846152,0.10248331820790627,0.5677355985253428,0.5353145765905114,26.964455941148923,18.034490034274814
3388,Vinh Long,VNM,2004,2004-10-15,0.09487224571870084,0.18891859352083018,0.0721486015603282,0.09812872881159135,0.1596071424133429,0.10264318647807878,0.04961143799074048,0.3161847618731146,0.18596199278019726,29.32070741293222,24.361672285952135
3390,Yen Bai,VNM,2004,2004-10-15,0.18093457786082137,0.3386617088574309,0.18624196479647334,0.19574566714504066,0.329964311809572,0.2350058447256811,0.1282500748745238,0.35620883259654484,0.31445519275690975,25.33935413304856,17.04367800120434
3328,Bac Kan,VNM,2004,2004-10-15,0.07465949129471479,0.3181389084642041,0.07200992426125928,0.09183159472095893,0.31780625845866184,0.1978056947861124,0.08525007351806639,0.6455378261472022,0.5752141326536471,25.71837777779576,17.612196182894174
3329,Bac Giang,VNM,2004,2004-10-15,0.07400264589078502,0.2777068787045244,0.0457607292176019,0.07983463084569721,0.28508014718324753,0.19850408521037133,0.09954951332199767,0.5854800584395664,0.5413077184862379,30.89526290546825,19.519196875681455
3330,Bac Lieu,VNM,2004,2004-10-15,0.11281323654910513,0.1803467596276435,0.08492577333958483,0.11533900848362512,0.1467973886893868,0.10983127760210312,0.06328136246054711,0.22999731849645286,0.13207623220307496,30.265713636685962,24.299992068917422
3331,Bac Ninh,VNM,2004,2004-10-15,0.11397045138242788,0.28153036471397147,0.06420143195723854,0.11157375109059871,0.2737797007720826,0.20513141915419655,0.11343372058169776,0.42173231338429484,0.38092116521022534,31.788709612561096,20.56233491152085
3334,Binh Duong,VNM,2004,2004-10-15,0.05840749558034832,0.3256660617931693,0.0340104243114017,0.0688264475579005,0.3365501111343278,0.23025080749334592,0.10746688451230883,0.6870581577714968,0.8060651971789139,31.782777925405014,21.59550554323475
3335,Binh Phuoc,VNM,2004,2004-10-15,0.04522492560998798,0.3085208674647356,0.024651632390636436,0.05662475038126207,0.3138634360173762,0.20158480790112177,0.08696577292262136,0.7368025564382993,0.7231489770830198,31.227892050170368,19.966355724345735
3339,Ca Mau,VNM,2004,2004-10-15,0.0779269284541352,0.16542808145161375,0.055760830797517605,0.08246235921681701,0.1379377001338463,0.08826654781631124,0.04438474587353622,0.3501531297145162,0.17401027323026164,28.47815373201878,24.000902570012027
3340,Da Nang City,VNM,2004,2004-10-15,0.09608162215423181,0.28230986665143776,0.08901992998160012,0.10848287007686122,0.280818478508106,0.1919808963206938,0.10094413288590195,0.5378482521810082,0.4687166527444045,28.791613239483656,18.631360004308082
3346,Ha Nam,VNM,2004,2004-10-15,0.11324720662350049,0.24790248296605444,0.07251744267513885,0.1097420125137851,0.24653131610641818,0.18856636687487735,0.1047056067555814,0.37712901974629487,0.3008444236317979,,20.214288490154313
3350,Hai Duong,VNM,2004,2004-10-15,0.10865633186936698,0.2654395418680375,0.06318826432154798,0.10529055634921436,0.2735285329567529,0.21740768038002248,0.12539180415859835,0.4191557477570219,0.4129928635979895,31.084227481472475,20.349022729871837
3354,Hung Yen,VNM,2004,2004-10-15,0.11669644803829912,0.26699237448939267,0.06735035556957462,0.10965562794363162,0.27272875686745063,0.21625053932391983,0.12458632936443599,0.39056404957320356,0.37362354725970043,32.0022916244991,19.935216874348452
3364,Nam Dinh,VNM,2004,2004-10-15,0.09812014011883911,0.28667748061388076,0.05390255945214355,0.10031896407291002,0.2700389159133369,0.19217293109376354,0.09968845641239528,0.4863535797407877,0.4260219799336491,27.77305529126491,20.524903575254285
3369,Phu Tho,VNM,2004,2004-10-15,0.09803902057806063,0.3015191615872762,0.07716564257130955,0.10599334409640032,0.29990263177058796,0.2059004872972566,0.10015073858845129,0.5182505732303794,0.48039029056220905,28.720408587038047,18.31335595571489
3372,Quang Nam,VNM,2004,2004-10-15,0.0735104214846566,0.31080309973105624,0.06687796787573179,0.0889560332348152,0.30991346627378136,0.1953391799068996,0.08941972940608736,0.6443908672689211,0.5808057755348155,27.504355343910294,17.226586993809057
3381,Thai Nguyen,VNM,2004,2004-10-15,0.08569110729420502,0.2925711190401607,0.07089628733144178,0.09642102435418527,0.28827731275156726,0.1868309635363091,0.08598022753470674,0.5581020503231716,0.46191773305432365,29.130256196768702,19.23644703983726
3389,Vinh Phuc,VNM,2004,2004-10-15,0.12059422882236234,0.27434883689222345,0.08311399174162831,0.11956514911899949,0.2703706414168738,0.20339209342274533,0.11338857086964498,0.3960711879026509,0.3483730363444558,30.40234669470474,20.17228509547547
73933,Can Tho city,VNM,2004,2004-10-15,0.11130372180834332,0.13185230995255726,0.08082466608074663,0.11157928385065087,0.10566317245331469,0.07434238529102258,0.04169865096070667,0.0457735066126941,0.04563640264169439,30.334105037443997,26.010073835381856
73934,Dak Lak,VNM,2004,2004-10-15,0.06027648496430234,0.34223544605106515,0.03851276210244687,0.07177446052966045,0.34607511900988147,0.2197272886816284,0.10109895041482643,0.7151519792628117,0.7728863594469184,29.588088710575565,17.80974116577555
73935,Dak Nong,VNM,2004,2004-10-15,0.04359006649568378,0.3351597583387051,0.024063507400089435,0.05630502394415984,0.3361104004465798,0.20204829673030567,0.08411296436543421,0.7697890314635392,0.7566357318833656,28.47251832935161,17.53599999853486
73936,Dien Bien,VNM,2004,2004-10-15,0.10932920692991173,0.33128532628542195,0.10122685290527703,0.1237357691180754,0.3241626624584154,0.20814343628402573,0.10174818085241122,0.5773511794602457,0.49887477757864657,26.105376272698788,17.01522516270795
73937,Hau Giang,VNM,2004,2004-10-15,0.10769585241942196,0.21776683572513705,0.09261246887591415,0.11503354502976747,0.18720153709186976,0.12658892197941954,0.06536082739091842,0.34740001637615253,0.2186817074475182,28.861499503574993,24.574260133615805
73938,Lai Chau,VNM,2004,2004-10-15,0.16317110728716053,0.36272846338974063,0.15582509265323422,0.1761530741635106,0.3554163367223436,0.2450577482638113,0.13301279766210883,0.48375577009936116,0.4506971108769281,25.791361604566788,15.998145593814176
73939,Lao Cai,VNM,2004,2004-10-15,0.23733530488962687,0.37765728967632034,0.24226111401761177,0.25006092505576055,0.3727405092830048,0.2862281428741478,0.17634892778497327,0.2904837596366102,0.283727138134885,25.954786989941688,15.739805801414118
3326,An Giang,VNM,2004,2004-10-15,0.09612192180902687,0.15864694902657786,0.07268348054895815,0.1033677395144516,0.13457656183110583,0.09505509620127678,0.052201647938528446,0.08409610717854206,0.13545584282736994,29.662261987896255,25.278776976608228
3332,Ben Tre,VNM,2004,2004-10-15,0.06847783383956925,0.22175457995440337,0.04073889903040403,0.07354669863238619,0.187656408366687,0.11153461670742214,0.04816190725154027,0.501591330087504,0.3265203613226251,27.566188023371744,23.432938175724995
3343,Dong Thap,VNM,2004,2004-10-15,0.10411193486968977,0.12244178459906029,0.07566970058105156,0.1061782151515372,0.10290107523621048,0.07476303283552946,0.04268947709285729,0.01222265009099653,0.04452904391274282,29.808072347495123,26.059872592866558
3351,Hai Phong City,VNM,2004,2004-10-15,0.09298095940429801,0.24478769439000506,0.06462575586238527,0.09939865447843127,0.22869813628394275,0.16037515154807766,0.0833634111496996,0.44886750020614424,0.33617892144689937,28.753304522465626,20.566882317144433
3352,Ho Chi Minh City,VNM,2004,2004-10-15,0.08622500586436967,0.248627026386532,0.06511260331285106,0.09400518405450228,0.22609533928328063,0.1543786833659506,0.08357830804630093,0.48363390748379587,0.3832481957638859,32.83410465979675,23.126658729835633
3356,Kien Giang,VNM,2004,2004-10-15,0.09955398568936726,0.17893210838770543,0.08358379575236136,0.10617688215064801,0.1533229059663954,0.10645244725349602,0.0572991215344594,0.2559697151331239,0.16474340835552367,29.223639871269807,24.680037388757764
3359,Lam Dong,VNM,2004,2004-10-15,0.040537893046175305,0.31588394493141,0.021926639575769128,0.05450296705302868,0.3193938440262525,0.1917650342124967,0.07825664177451948,0.7737086142986087,0.7120178984760187,26.753354257709724,16.535618154295626
3362,Long An,VNM,2004,2004-10-15,0.08249895565300476,0.17180470129400077,0.05866814375909321,0.08779181387754184,0.14895665675493192,0.1003570250334418,0.05139831029934941,0.2941802389023258,0.20625688810030196,30.508968646901167,25.40470017426582
3375,Quang Ninh,VNM,2004,2004-10-15,0.06027832905149788,0.25436469497749625,0.049463496700245725,0.07531903417202518,0.2551826123706618,0.16633437822311115,0.07404682008974973,0.6224504502954201,0.4809689740168707,28.47039690433571,18.952328770675333
3378,Son La,VNM,2004,2004-10-15,0.08318311308837284,0.33187409783199073,0.06867391446652386,0.09740742950682954,0.33304585362842565,0.21349711165919236,0.09763074289919074,0.6348968357045776,0.6126424778988757,27.50164087700813,16.990139860392272
3379,Tay Ninh,VNM,2004,2004-10-15,0.06215086728184443,0.31327647575586887,0.03639992791146161,0.0720302137139128,0.31310670475625463,0.2160906830845923,0.10830816281463447,0.6392843389051178,0.7467301710024272,31.884357345043455,21.67136872325888
3380,Thai Binh,VNM,2004,2004-10-15,0.09924132716324306,0.2501871212742724,0.05799879239056039,0.09673866723468716,0.24941460358907375,0.1896943646455463,0.10717332225029753,0.42869742524366183,0.3679407066369594,29.026214537903368,20.284122528699584
3382,Thanh Hoa,VNM,2004,2004-10-15,0.07560420643555903,0.3082110179139949,0.053738589580395034,0.0866669615955334,0.3137733540688768,0.21347422234211527,0.09892854746531644,0.6111428473324741,0.5912986765981421,27.414284764690503,19.27703548965167
3384,Tien Giang,VNM,2004,2004-10-15,0.0758929015485293,0.23260485004024756,0.05547191048009471,0.08462225376678517,0.201599731015699,0.12635221865810273,0.05844026337141462,0.46624220631542584,0.3493414700155567,30.023243485390452,23.668507486929826
3333,Binh Dinh,VNM,2004,2004-10-23,0.1690302289641156,0.34476111774943075,0.1658483609411423,0.1803573650563112,0.32703172644559897,0.2289571291641903,0.1284575516587065,0.3919958766224218,0.3775693717513185,26.13026035975027,18.692563788259477
3338,Cao Bang,VNM,2004,2004-10-23,0.048596155074694926,0.289227968028409,0.03050291139835103,0.06050790434559697,0.31027389473076733,0.20062394398596634,0.08861190632385829,0.7136840350841881,0.671421011827891,26.928011627888957,16.173886243304608
3355,Khanh Hoa,VNM,2004,2004-10-23,0.1112816662916021,0.3190286694911324,0.10011793636437726,0.12196460194549362,0.3092937586943162,0.20950932193139338,0.1150057153590736,0.5492722494352703,0.5271403963157982,28.1603153123834,18.542897588947763
3360,Lang Son,VNM,2004,2004-10-23,0.04363468530721609,0.2834113181699131,0.02861976998174386,0.05674527765039682,0.29856819628940634,0.18903814787195386,0.08129042452776868,0.7334493019471984,0.6457829811858647,28.031873042259445,17.05682568507049
3370,Phu Yen,VNM,2004,2004-10-23,0.14876478022109402,0.3346068922812139,0.1445746228078946,0.16114079135513037,0.31824891216736084,0.2212715350475924,0.12283329454843268,0.4584213244845673,0.4263600589001903,26.785276947946205,19.429856760831473
3371,Quang Binh,VNM,2004,2004-10-23,0.23603680167001748,0.3489861791551236,0.24083408854260194,0.24632212949522242,0.33876922534666337,0.26282064953017403,0.16613845992612641,0.2671185432855653,0.2204807348136075,26.814440068672695,18.622075956011464
3374,Quang Ngai,VNM,2004,2004-10-23,0.18321787796374372,0.34850427871109796,0.18286816764768551,0.19605739519736137,0.32857365023322044,0.2308298477122494,0.1281521453198451,0.36078030645327175,0.32307599703861695,25.984290547893675,18.121734126615095
3376,Quang Tri,VNM,2004,2004-10-23,0.11685419259461245,0.2834725716631724,0.11067179517713926,0.12787693811908848,0.2761210111121036,0.19278416914032823,0.10682561761926662,0.4870243986213283,0.39510707606357565,26.066628448377713,19.270285744518667
3383,Thua Thien - Hue,VNM,2004,2004-10-23,0.129945724872311,0.2698802096784692,0.12472803953342755,0.13909177201236622,0.26363793441681754,0.19029173496749802,0.11043651021322687,0.4357278035215451,0.31491210519338647,25.64736661562471,18.017906202660132
3327,Ba Ria-Vung Tau,VNM,2004,2004-10-23,0.052626400272060905,0.28009967296253646,0.030944883435129175,0.06239619557443663,0.27356033593101486,0.1795696439465954,0.08631867328267606,0.6438126819408992,0.6293909635167741,31.981625964883683,22.19559200837446
3336,Binh Thuan,VNM,2004,2004-10-23,0.06671773023285867,0.3085783591205417,0.03235457799754872,0.0682870617577507,0.32691095299759376,0.2326835070019685,0.12679294636830976,0.6708411736594606,0.6243033485860834,33.199410486032434,20.36295900461011
3342,Dong Nai,VNM,2004,2004-10-23,0.04419866748122756,0.28233533550820605,0.02527330936782283,0.056877974841252316,0.278531913068874,0.17546437089560493,0.0773234843981402,0.6674880468296905,0.6359730120680024,31.83784319304237,21.22427889351785
3344,Gia Lai,VNM,2004,2004-10-23,0.08584837481100961,0.321171901834811,0.06931696879793477,0.09533507931090819,0.32296988754220873,0.21174004295768517,0.10593355784867849,0.6229181927526269,0.6164989300205793,27.677202597299406,17.748457192679044
3345,Ha Giang,VNM,2004,2004-10-23,0.06388458504498616,0.27597592309954805,0.046330356643616274,0.07409520987593139,0.2867792824504147,0.18797151049802774,0.08550883163291781,0.6486599819126952,0.545049946646708,25.618386481845626,15.729756091877837
3347,Ha Noi City,VNM,2004,2004-10-23,0.10409070044773608,0.24810180739229273,0.06372224012861272,0.09943635325805482,0.26275928080277144,0.21750171026698578,0.14144091638509762,0.4053161373467423,0.4929665186438393,32.205474855276655,19.91359812054693
3348,Ha Tay,VNM,2004,2004-10-23,0.10300481622833642,0.24762292429182867,0.06345729671251606,0.09880407499146818,0.26482776110321943,0.21794557878101425,0.1325818667428514,0.4108624779937985,0.4512518610786823,31.365683981930168,19.381200567872686
3349,Ha Tinh,VNM,2004,2004-10-23,0.1363026104606138,0.28503543853885754,0.12877993057502352,0.14621180544149082,0.2826507042686205,0.20915684897798245,0.11727205373010224,0.43018446465997306,0.3531708492916224,26.211513902982947,19.088724348030958
3353,Hoa Binh,VNM,2004,2004-10-23,0.06916134017870468,0.29689921122606533,0.055215479075988595,0.08147977318780156,0.30413902708081064,0.2005455438643528,0.09315458569669507,0.6395336517893243,0.5920824620732874,26.93221524913091,18.47700198062576
3357,Kon Tum,VNM,2004,2004-10-23,0.09028930595703802,0.32931047361754306,0.08089932019477795,0.10306076288016792,0.3297329961562417,0.20910443574078413,0.10046525583540225,0.6481810855053587,0.6024016445663853,25.21284614095428,16.089596641735668
3366,Nghe An,VNM,2004,2004-10-23,0.07534456632598788,0.29935651558916715,0.06138682551947336,0.08750618965144816,0.2974291997586142,0.1927679312460176,0.08986422581726519,0.6249350998155235,0.5498503338194852,26.162617322845293,17.80380209361007
3367,Ninh Binh,VNM,2004,2004-10-23,0.08328009006569465,0.24350390620642973,0.049954495859894074,0.08465055787110592,0.24678717598624356,0.18059031256236388,0.0955869145377081,0.48256948450850684,0.4127289891684678,27.41758411810467,20.365293652458824
3368,Ninh Thuan,VNM,2004,2004-10-23,0.07070158635659751,0.30562825387224807,0.041269321115612566,0.07488971170820496,0.31648230190736903,0.22274075899275023,0.122053546689924,0.6533458734756952,1.6560194764365863,30.871972468965215,20.258602528226156
3377,Soc Trang,VNM,2004,2004-10-23,0.08088524068013025,0.2348999709343698,0.04490402563306272,0.08547664148797593,0.19647791089843075,0.13254850005213847,0.06335296478075222,0.45800990399685904,0.33797370005856975,29.941988126014575,23.52898785847712
3386,Tra Vinh,VNM,2004,2004-10-23,0.07311895118030892,0.25304569637318947,0.03826005805871429,0.07972714362497968,0.21768948046045128,0.14268714639578897,0.06554495840099685,0.5065077513575263,0.41264038701093436,30.182395465006884,24.037799294655358
3387,Tuyen Quang,VNM,2004,2004-10-23,0.07177150742413792,0.3104274527329802,0.0649138734216668,0.08704426219157335,0.313537222793136,0.20186851530018923,0.08912682645872072,0.6401285320302859,0.5888762413035209,27.104554282859013,17.612866107820942
3388,Vinh Long,VNM,2004,2004-10-23,0.08195392733573814,0.2028390905388089,0.05143298685877794,0.08372469751465902,0.17126977970770307,0.11089446975397639,0.05190601462423024,0.3650483044021126,0.2581418148716273,31.545156042745113,24.736753239444923
3390,Yen Bai,VNM,2004,2004-10-23,0.06595878652747945,0.28843857440535925,0.05696965179333079,0.08005909353803005,0.290608958248144,0.18587973148845535,0.08286419121567072,0.6545506119798925,0.5514136663730058,25.082251718976913,15.660911178524552
3328,Bac Kan,VNM,2004,2004-10-23,0.04658837887232449,0.3179454822363654,0.038085024539753154,0.06401669761561551,0.31981194635622695,0.19241764680543028,0.07698027656681489,0.7520454417293391,0.6805671680106944,25.89006330467307,16.450457223091522
3329,Bac Giang,VNM,2004,2004-10-23,0.06688293124796521,0.2745476831942445,0.04045520776854929,0.07156425636399479,0.2914233965113406,0.2069758019864825,0.10876868761604447,0.6121539599361191,0.620929440785884,31.329083341012296,18.511113728583773
3330,Bac Lieu,VNM,2004,2004-10-23,0.09189641834510162,0.19634204819072407,0.05466530040258755,0.09265500716582416,0.16004835929249847,0.11479075390533659,0.06103150718209306,0.3433728721234224,0.22353236107775074,29.275991069925258,23.78087016916625
3331,Bac Ninh,VNM,2004,2004-10-23,0.10127222965692519,0.25442300391222633,0.05801364643771267,0.096539628700653,0.26370061340943046,0.20977355575785867,0.12869305304069467,0.42809648130980354,0.44870522448847167,32.00526514227265,19.48193731523892
3334,Binh Duong,VNM,2004,2004-10-23,0.05998326198148688,0.31749674143148005,0.03436313689372357,0.06886517332165902,0.33225457300469985,0.2320401250806678,0.11279297647430861,0.6787466042361536,0.7775282953162727,33.25508927442831,21.55621766929601
3335,Binh Phuoc,VNM,2004,2004-10-23,0.04939771932134269,0.30114950388392625,0.02607360789856916,0.058267252663008695,0.30995248357690147,0.20284214565084996,0.09114710961593815,0.7102759102955717,0.6907964804438671,33.207445223785726,20.334031728454725
3339,Ca Mau,VNM,2004,2004-10-23,0.096078051804225,0.20646424813644282,0.07208422695574487,0.10142581243439268,0.17701154009010653,0.12079689087097066,0.06593435207461876,0.3656500532522305,0.2221696334809009,28.48827051299828,24.13385491555799
3340,Da Nang City,VNM,2004,2004-10-23,0.1575158649653439,0.29279011263534954,0.15200988252511416,0.16618384901810673,0.27918764147172237,0.2013892602963528,0.11771027172056119,0.40997462996609807,0.2980278985991313,23.894004787695565,17.348552999684326
3346,Ha Nam,VNM,2004,2004-10-23,0.10520993048838034,0.24252114982039918,0.06900719955380481,0.10197708508400045,0.2562736376548086,0.2058641690249964,0.12164408463314835,0.3973905149474066,0.3730746561177256,29.00023087222028,19.848463590008464
3350,Hai Duong,VNM,2004,2004-10-23,0.09787832124060901,0.2516315011410616,0.05629616208062325,0.09403961004178513,0.2628503163841875,0.21086279929287538,0.1284646617602725,0.44035040296879324,0.46501920109548,29.777010219250283,19.8743419017412
3354,Hung Yen,VNM,2004,2004-10-23,0.1049643438938034,0.2547852210407575,0.060907429374950126,0.0971950819672127,0.2721953785290408,0.22439876344133558,0.13921510529517073,0.4147117449703352,0.46776649589237784,29.991222252279552,19.45189697375257
3364,Nam Dinh,VNM,2004,2004-10-23,0.09942319363197166,0.2636297857985977,0.05682539897654985,0.0974879840326674,0.2596922083338756,0.19259237735318427,0.10638037438279356,0.44700171373105735,0.3934205402556652,27.098788192548817,19.20692374332615
3369,Phu Tho,VNM,2004,2004-10-23,0.07646049742558703,0.290265683820585,0.05563757482059916,0.08493340882405134,0.2967963038025754,0.20590992741105607,0.1019432325072067,0.5884961167575181,0.5694307413477714,29.420539520035273,18.516338921172366
3372,Quang Nam,VNM,2004,2004-10-23,0.22343218817746105,0.36356522890403425,0.2258909972218551,0.23380501792664835,0.34517444557785343,0.25356063247978256,0.15143355134773778,0.32580611602587056,0.27585644795292175,25.05556050672083,16.241513755741344
3381,Thai Nguyen,VNM,2004,2004-10-23,0.0656091494586229,0.3039223242619316,0.05103134202272918,0.07814053126104731,0.31234449913759194,0.20843401828218172,0.09913421787583636,0.6595900380099321,0.6443351562667131,29.218862690891967,18.220143331445016
3389,Vinh Phuc,VNM,2004,2004-10-23,0.09191220727998674,0.27614350774625773,0.05879470029646619,0.09329798711251423,0.28640438415588665,0.21945986054694455,0.12603126048516106,0.5022341505039724,0.57012559428379,29.720521654050028,19.4111536305604
73933,Can Tho city,VNM,2004,2004-10-23,0.10240870635218058,0.13513423361123203,0.0693903778494716,0.10156166871463136,0.10426626726764841,0.07307122412263507,0.03866019369796305,0.07956086586759344,0.07425380814428993,31.806101275682554,26.223569765731586
73934,Dak Lak,VNM,2004,2004-10-23,0.0882454048307138,0.30519269671436,0.07208387092864826,0.096025344640616,0.30906261134612995,0.20614138336038434,0.10734735857415102,0.6058819335757082,0.57350707548826,29.2066862896971,17.937547641810355
73935,Dak Nong,VNM,2004,2004-10-23,0.059072944585953524,0.3043097693785803,0.04129665339976285,0.06830944106850245,0.30588479069279845,0.19015697797371725,0.08811470097454224,0.7058409126870643,0.6269683286045123,30.249276022963794,18.019377003496675
73936,Dien Bien,VNM,2004,2004-10-23,0.04661769530831681,0.30712109203144045,0.03135772613745492,0.061096811919413165,0.3093549613543074,0.18329260608962444,0.07439116379700361,0.743803424584282,0.6413001582973178,25.25336815770887,15.1389290322218
73937,Hau Giang,VNM,2004,2004-10-23,0.09225628119229333,0.22128168344327806,0.06671944141779361,0.09713587206313569,0.19073356203134337,0.12863077532359077,0.06614735111414864,0.3881062547779489,0.2755900991767331,30.52729403564926,24.59106743464836
73938,Lai Chau,VNM,2004,2004-10-23,0.05335440587667287,0.3131932713225396,0.03700621999206741,0.06768681421945168,0.31595305299360044,0.19184862888948606,0.08119147701784778,0.7326244132341394,0.6538536127210883,24.423108020119095,14.807953049029688
73939,Lao Cai,VNM,2004,2004-10-23,0.06674018397388132,0.28439234359456916,0.05341326533446307,0.07956476446015112,0.2891794720546192,0.18614846013450523,0.08354870753495137,0.6537458591388718,0.5352614926044216,23.841982519748278,15.142496759792234
3326,An Giang,VNM,2004,2004-10-23,0.08026057385572204,0.1512766666539904,0.04962192066817203,0.08438223421870991,0.12472217727915738,0.08274896377729646,0.039333222325629615,0.11559294396432261,0.16767380654135036,29.309208311147884,24.949474716412155
3332,Ben Tre,VNM,2004,2004-10-23,0.06836819914828149,0.2556780055944217,0.03666154870803812,0.07478870000054602,0.2238935138397032,0.1375972578015132,0.06110593701255665,0.5208701651154418,0.4242875086686506,30.586365599163262,24.17874908002509
3343,Dong Thap,VNM,2004,2004-10-23,0.08454429438102012,0.12094696723815712,0.05188951223120537,0.0847436356185203,0.09745133274421561,0.06522329806934217,0.030622056328671612,0.0773407526873637,0.08645804595969225,30.75814857360618,25.714680526229028
3351,Hai Phong City,VNM,2004,2004-10-23,0.0870086563161912,0.2378305939987095,0.05638630178423636,0.09113551382813362,0.22800190932468442,0.16308741423230674,0.08823331549231218,0.46874350258707853,0.3626287417312756,28.973223989207167,19.981871006851346
3352,Ho Chi Minh City,VNM,2004,2004-10-23,0.07498232259860668,0.25620958876198946,0.051366395500788184,0.08387622895269331,0.23814593109088833,0.16257027407679003,0.08649764124758234,0.5265602374536114,0.46106456156236186,32.53293598340645,23.597841494482978
3356,Kien Giang,VNM,2004,2004-10-23,0.06786234028803771,0.17882637935911383,0.04156963603825558,0.0720925038464333,0.1506812759783529,0.09739961125454621,0.045274976642823504,0.3892188299972356,0.24746372888874943,29.30986896999387,25.17195198163866
3359,Lam Dong,VNM,2004,2004-10-23,0.03752924770794198,0.2777847910644949,0.02077347841048787,0.04897561409946989,0.2804906717695362,0.16703312587001445,0.06876057368674003,0.7671789524562426,0.6137446394957041,27.98322607037973,16.386668918610997
3362,Long An,VNM,2004,2004-10-23,0.06776391050263283,0.17089230734679042,0.040810574414375654,0.07074569556042327,0.14817711666031466,0.09646519425846584,0.04553350086165398,0.36060035964873177,0.24841019132490869,31.70720178197312,25.564388042651643
3375,Quang Ninh,VNM,2004,2004-10-23,0.06148956682986323,0.27530247139926306,0.05061854387792286,0.07714732621436231,0.27856656468560237,0.1835371764544041,0.0840941270343124,0.6374068451986428,0.5605811701600185,28.73070423657843,18.17963521376264
3378,Son La,VNM,2004,2004-10-23,0.060060324792713025,0.29829205312037327,0.04426853767713659,0.07242347592259786,0.30921091607682866,0.19580140038874264,0.08732748265243459,0.6849773962417304,0.617724718441987,26.435296809637883,15.467259221640736
3379,Tay Ninh,VNM,2004,2004-10-23,0.06836004006764945,0.31508015815802537,0.03969309158235145,0.07575646455211696,0.32184204264309013,0.2276311777586553,0.11955413275396848,0.6180136652368203,0.8066798812128175,34.053190400854525,21.80395441525135
3380,Thai Binh,VNM,2004,2004-10-23,0.10818686888811746,0.25285989691253297,0.06404262302286766,0.10196629247259965,0.26348373278359666,0.2137305597616664,0.1300510582404338,0.3982845867324036,0.40573552823569603,27.517976966939703,19.56342665007458
3382,Thanh Hoa,VNM,2004,2004-10-23,0.06873755864539338,0.3001975880535942,0.048560175908499,0.07914407717473236,0.3067594844930166,0.2075378039082928,0.09785205601222376,0.6320341807165643,0.6092955668994072,26.95805640020324,18.814866261375926
3384,Tien Giang,VNM,2004,2004-10-23,0.0632859918685523,0.2389150638445691,0.037477217713239565,0.07080315222259864,0.21115000848366122,0.13297165629194097,0.061264418351749214,0.5001949708639651,0.417870894999273,31.904964398465314,24.2613101012301
3333,Binh Dinh,VNM,2004,2004-10-31,0.21215751685495096,0.3713129836408308,0.2036092339103972,0.21982965248793185,0.3589155183740295,0.2704207337760632,0.16687219449685792,0.37329615599099886,0.3622267865217106,25.66121060802606,18.36724946026603
3338,Cao Bang,VNM,2004,2004-10-31,0.1392517678590369,0.3055705126969703,0.12781702961619865,0.146965832674584,0.3197949157897119,0.23362084272022848,0.13054099037845962,0.4474343345515694,0.4097763534304513,25.644891481954883,16.327062063279257
3355,Khanh Hoa,VNM,2004,2004-10-31,0.25376783334888414,0.409208542225578,0.24997993036620206,0.26239276860718147,0.39587327586013926,0.3040679478805613,0.19324059194623158,0.31191821402038805,0.3494437105602045,27.498238940429403,19.150443621095665
3360,Lang Son,VNM,2004,2004-10-31,0.0742925990168166,0.2980971987945798,0.05829641190490293,0.08584075257521555,0.3118648979224241,0.20828734875664234,0.09692607575851271,0.6289008653768728,0.586274157516205,26.87255902599559,17.21519539644853
3370,Phu Yen,VNM,2004,2004-10-31,0.27304995150474876,0.41866943781861077,0.27260206168400397,0.28363170510214686,0.3969613474654294,0.3011459384825152,0.18733134812659846,0.28716126631391486,0.2987331448147792,25.68574016190254,18.814733575343816
3371,Quang Binh,VNM,2004,2004-10-31,0.16742383061626262,0.2999021753747985,0.17065543342424946,0.17781331938231462,0.2969858063223231,0.21866827658266932,0.12996052263506117,0.35401088736942127,0.29914274346036207,25.808458202573394,19.049433630310535
3374,Quang Ngai,VNM,2004,2004-10-31,0.1941032956343529,0.3437961002454778,0.1904731232744188,0.2034109471959773,0.33299959154162345,0.25252112950066924,0.15528621010908833,0.37629386218946426,0.3317980121847148,26.296012696446162,18.964342154612954
3376,Quang Tri,VNM,2004,2004-10-31,0.15570775509185,0.3170448689367774,0.15334127819413162,0.1662915527719423,0.3130286568087494,0.2257409631256295,0.1299668781587847,0.412030224753863,0.36586700009590983,26.99554111103996,19.070294089797354
3383,Thua Thien - Hue,VNM,2004,2004-10-31,0.12412620516528403,0.2856782387805709,0.11972730064961018,0.13515489654866342,0.2838061576664898,0.2027361881714907,0.11426578315787891,0.46062153487071317,0.3782840753628644,26.680950394484388,19.03947576840484
3327,Ba Ria-Vung Tau,VNM,2004,2004-10-31,0.05952735579360346,0.2798008195883866,0.036490426540146025,0.06745347145257771,0.27684067695101033,0.18470567659585183,0.08952988339993832,0.6271890324820856,0.5965269703819551,32.71671375587238,19.377457556320067
3336,Binh Thuan,VNM,2004,2004-10-31,0.07202665488508085,0.3202167030733914,0.03497654100700123,0.072827878723906,0.3416733170230285,0.2456216779501604,0.13307965628976912,0.6566240833642499,0.7992496620627974,33.69408163901993,20.003534133037018
3342,Dong Nai,VNM,2004,2004-10-31,0.049340400607246815,0.29397386813508686,0.028971156388687056,0.061597014030045624,0.29154029669061116,0.18590072452356177,0.08201704566237251,0.6501327445050511,0.6454836795042723,31.72695531664458,20.651477028374497
3344,Gia Lai,VNM,2004,2004-10-31,0.09727012210613623,0.3159630915155381,0.0785577831531714,0.10352424252714068,0.32487973969737444,0.2215217814350614,0.11779738592560263,0.5996593582210357,0.5972698576545596,28.573668600249317,17.778129660859047
3345,Ha Giang,VNM,2004,2004-10-31,0.211707713810825,0.348262727498175,0.20871273580817068,0.21996440450396132,0.3524638790032953,0.27315463887989333,0.1681569790380239,0.33152594343574304,-0.10521777625748524,24.643658766667606,15.267546392867791
3347,Ha Noi City,VNM,2004,2004-10-31,0.16420709915495083,0.2735679037088734,0.14011054573260587,0.16320000499333728,0.28123502307215464,0.2320294203518632,0.14561090427380755,0.2687050604935121,0.2868365167332142,32.18907139731105,19.737138096070368
3348,Ha Tay,VNM,2004,2004-10-31,0.16539817490077935,0.2817446381355396,0.1443064338915591,0.16690174416666034,0.2843515239485875,0.2313485833714474,0.1405950583797105,0.29036990521449446,0.27010295823977903,30.40903970727012,19.98010728904229
3349,Ha Tinh,VNM,2004,2004-10-31,0.16581373219607268,0.29007805257168057,0.16390154362973475,0.1752223422392591,0.2872455765582771,0.21939095101040693,0.13097324001281196,0.34982891596073273,0.28084163607368257,26.727811009505523,19.282461113727962
3353,Hoa Binh,VNM,2004,2004-10-31,0.10836468493144165,0.2900980420797028,0.10073651161678401,0.11950159191523359,0.29204888238404775,0.19935148244496875,0.1001394264855713,0.5046145131799675,0.41733576003350054,27.070775342966478,18.254291100682483
3357,Kon Tum,VNM,2004,2004-10-31,0.06353000671882295,0.31364228958890517,0.050751248358590705,0.07564005919511853,0.31750175710018413,0.19569839549302567,0.0890381530130647,0.716719142096876,0.637600479123077,26.26062842421669,16.546485641982944
3366,Nghe An,VNM,2004,2004-10-31,0.09272784602479549,0.31209976854385335,0.08221727668807183,0.10508542886545835,0.3133590172828652,0.21117826027736367,0.10568947608566905,0.593154925558479,0.5511081016630371,26.148462791810314,17.85295567632969
3367,Ninh Binh,VNM,2004,2004-10-31,0.12411749387030524,0.2636938024400521,0.09667106730267201,0.12469792722578975,0.267627680217062,0.20782953004440807,0.11975943932693942,0.3807024525710256,0.34376101831619116,30.1887525008022,19.87375899087051
3368,Ninh Thuan,VNM,2004,2004-10-31,0.10268917377164727,0.3181879296154864,0.07364960848463886,0.1049708994518867,0.3311634202278288,0.24473237373094284,0.14234577244188287,0.5641060628072209,0.49149858280928616,31.343139405505,20.425658515016703
3377,Soc Trang,VNM,2004,2004-10-31,0.12012881570661871,0.26435345408580985,0.09626847485232437,0.1283052609943842,0.22601800176525372,0.15985894619372756,0.08475818236393165,0.37167777181895195,0.29307555468605956,28.640420426791373,23.803170250075485
3386,Tra Vinh,VNM,2004,2004-10-31,0.08227082701384969,0.2586237199652635,0.04872040799310044,0.0894745052630409,0.22226322999383752,0.14745123628118095,0.07004724772701693,0.4895478180252121,0.3867890859871622,29.03145997506597,24.26825818817424
3387,Tuyen Quang,VNM,2004,2004-10-31,0.14306762309768906,0.33623181435350175,0.14274626128882217,0.1563240278673328,0.33701472248859854,0.23796462268850666,0.12715262102098995,0.4610893801432535,0.44380667185851863,27.039921848592208,17.56912101747544
3388,Vinh Long,VNM,2004,2004-10-31,0.11402952202954324,0.21268501578088875,0.09037935141770666,0.11665478425463283,0.18392334485807804,0.1269154460038796,0.0684880406656779,0.2843606027304748,0.19275956028450703,26.144972153944614,24.654908556053705
3390,Yen Bai,VNM,2004,2004-10-31,0.13267142562621806,0.3015426508502642,0.13341129117309547,0.14578474049023835,0.3009128887331129,0.209022192317143,0.1108781482823454,0.4604923032693417,0.37236261013013755,26.172064577943782,16.087916573263065
3328,Bac Kan,VNM,2004,2004-10-31,0.12847985725667568,0.3302512472819505,0.1284124216659846,0.1428272755090242,0.3299128947290725,0.22380355733118826,0.1159457630328614,0.49921260208289603,0.45496624120374896,26.24686079245,16.765162746714772
3329,Bac Giang,VNM,2004,2004-10-31,0.09719367599846453,0.28511146115433433,0.06739938034125618,0.0993999202932462,0.29924057143790866,0.21932390406714555,0.11619928270923603,0.5044704689105052,0.5067459310366423,30.370845560131468,18.95116948830144
3330,Bac Lieu,VNM,2004,2004-10-31,0.12278828069767984,0.2128878753368456,0.0970994238130174,0.12552899500241058,0.18444305569523972,0.13751550868477197,0.07996347518805677,0.26469858317319883,0.1801939455160542,29.25279088650133,
3331,Bac Ninh,VNM,2004,2004-10-31,0.1553534979937449,0.2643653744026087,0.1151544162693341,0.14663495063196202,0.27921189434872196,0.2368379072542761,0.1463844563944451,0.27329360244625633,0.27764808358204196,31.729866350980465,19.876393859262716
3334,Binh Duong,VNM,2004,2004-10-31,0.06583662870419701,0.3271372689727495,0.03819389476066812,0.07425759074965001,0.3419943746339132,0.241867256722251,0.11794203642307176,0.6611568329025733,0.7490018150184188,32.436469573628656,21.953951058648173
3335,Binh Phuoc,VNM,2004,2004-10-31,0.05723678370177273,0.31301277409228356,0.02950541530428897,0.06347385736123674,0.32499405355748084,0.21696625181579207,0.0992054660584349,0.684858375927187,0.8936480371376634,32.83327682741777,20.252512914383328
3339,Ca Mau,VNM,2004,2004-10-31,0.08138706993821859,0.19568712895356757,0.05556333278379025,0.08613713309842723,0.1669253858212277,0.10848368650331312,0.05467974419230677,0.3918557134779089,0.22998324196317743,27.85426589261812,24.753805086710408
3340,Da Nang City,VNM,2004,2004-10-31,0.14542409614414842,0.30212284386593635,0.1421635623627385,0.15618205567982363,0.2975848952288961,0.2141059305604084,0.12419651069488934,0.4218123609883558,0.36606563288488814,26.822263090982826,18.70707909745567
3346,Ha Nam,VNM,2004,2004-10-31,0.18058321508173492,0.29729981987092435,0.1607532864560291,0.181441521233429,0.3048179856023732,0.2478930357146636,0.14892262048645447,0.27461758251779683,0.26102164062051164,30.650452943981346,19.385191936699627
3350,Hai Duong,VNM,2004,2004-10-31,0.13870138306259883,0.2623089186144424,0.09281500085080452,0.13214998350370413,0.2640008800760313,0.21398976895884048,0.1277694146632653,0.32328589060822316,0.2946338085746992,30.35735417059982,20.020062114790907
3354,Hung Yen,VNM,2004,2004-10-31,0.19612954701114152,0.29135847564468853,0.16917542329828203,0.19216654727547305,0.2971344085419242,0.25025878606179053,0.15522997966910435,0.2215766555295968,0.21617337474174766,30.64873920590751,19.602018929645705
3364,Nam Dinh,VNM,2004,2004-10-31,0.13437692369496004,0.27325979077288026,0.09437651446854932,0.1298377006402765,0.27854286615632,0.2242154546625348,0.13347123570188868,0.3616166785875959,0.3495865215251656,28.730511741291576,19.915497355244337
3369,Phu Tho,VNM,2004,2004-10-31,0.12094452443549866,0.31045931231310253,0.1050847433525752,0.12925404262184798,0.31290661532337327,0.22607410052522772,0.1206763592768028,0.46986088225785944,0.4664963464054239,28.637121764761822,18.269630536914452
3372,Quang Nam,VNM,2004,2004-10-31,0.15116483204301773,0.31559305775733243,0.1524855303661963,0.16332130865410802,0.30725959835794725,0.21910337740337882,0.12875367410224745,0.4288863921959719,0.37249341149374926,25.27629621234695,17.79293062180474
3381,Thai Nguyen,VNM,2004,2004-10-31,0.08574537851345392,0.31473639522839153,0.07127450816719597,0.09691831936066178,0.3256995645603835,0.2259260127794522,0.11267802958424891,0.5948632556388691,0.6122732060223286,28.45359485730014,17.860734104965832
3389,Vinh Phuc,VNM,2004,2004-10-31,0.1118544171221904,0.3044833326856434,0.0802254585477568,0.11375183494849558,0.30980302486403544,0.23636043490489134,0.1340404086504106,0.4721195861625392,0.5438272899451795,31.556873123770806,19.579541398970125
73933,Can Tho city,VNM,2004,2004-10-31,0.1301824823948512,0.15809600219857767,0.09847739226144873,0.12934788676225084,0.12370626615182845,0.09172468536651229,0.0539509990715281,0.05819342584419075,0.05423060382761696,28.703131415701687,25.95569422331081
73934,Dak Lak,VNM,2004,2004-10-31,0.16039232585382407,0.3566375763582565,0.14410420721086897,0.16610865693863522,0.3633504088014809,0.26372775487271377,0.1522167352504495,0.4868690428590228,0.5196758057137618,29.19719845962061,18.3971700994988
73935,Dak Nong,VNM,2004,2004-10-31,0.06425757129953324,0.31122997442585976,0.043535732979940095,0.07212190624379612,0.3154014051636156,0.19892880670392277,0.09370626137778033,0.6846074207049131,0.6335490639056753,29.472263909548438,18.1076509821704
73936,Dien Bien,VNM,2004,2004-10-31,0.06256859659287423,0.3012914984814373,0.04939787098377508,0.07552996801684637,0.3062464295959735,0.1878393179893714,0.08133124132077425,0.6856971572411661,0.5820038054366059,24.926855468374114,15.538875906869547
73937,Hau Giang,VNM,2004,2004-10-31,0.11381771903171434,0.21775434996252105,0.09273621421986611,0.11732461753632213,0.18687942970048974,0.13026555928581912,0.07280579449344189,0.3268552510750606,0.20739271389148783,28.569642094095094,12.39989270573841
73938,Lai Chau,VNM,2004,2004-10-31,0.07463899887807379,0.2918324209192606,0.06197447499654707,0.08634882715580439,0.2942113637538191,0.18393050365778454,0.08401274951698066,0.6541594789291526,0.5182030024903647,24.25124682358596,14.839955705392786
73939,Lao Cai,VNM,2004,2004-10-31,0.14456177933053582,0.30231933589155824,0.1414817201550809,0.15552242863094373,0.30376534578530745,0.2157155290506702,0.11744535172269127,0.4444377968112923,0.35033699460622403,24.261559842056904,14.937472323049638
3326,An Giang,VNM,2004,2004-10-31,0.10226624094649792,0.15080815230854833,0.06814026638431393,0.10192080450409818,0.1235774383068841,0.08860741067101822,0.048150676608769136,0.07024374299295197,0.11152412034304549,28.959463838753255,18.813010757419143
3332,Ben Tre,VNM,2004,2004-10-31,0.07880100655062103,0.25339094860330613,0.04993089105493187,0.08517235624559835,0.22312759054819378,0.14010354239132322,0.06525802668373279,0.497820063117407,0.3759453158724936,29.384866033016557,23.72225032088432
3343,Dong Thap,VNM,2004,2004-10-31,0.11446976695610545,0.1453284203700559,0.08026174676924655,0.11242054812418223,0.12196382927950608,0.09061531722004797,0.05102867099115347,0.04745162338619157,0.069446743305134,30.357734242541806,25.75023798885167
3351,Hai Phong City,VNM,2004,2004-10-31,0.15238952383252,0.2595132890795515,0.12503856303313482,0.1546059041038374,0.2493951898324963,0.18974686628489548,0.10730635904989212,0.28242922998378367,0.21143904676847367,28.298450028777847,20.649757089388732
3352,Ho Chi Minh City,VNM,2004,2004-10-31,0.08449052900707439,0.2648226439323413,0.06066180019527048,0.09250436670348236,0.24421796057698608,0.16750404181500253,0.08845578877094862,0.5090095905129295,0.43029307423314644,31.9996104076995,24.204298713433214
3356,Kien Giang,VNM,2004,2004-10-31,0.09248286775613856,0.20090082552158725,0.06950385208203276,0.09634670210753424,0.1721300361041326,0.11780560895189017,0.06219473352308884,0.34745957967233126,0.2372229108008918,29.229586193596546,25.152920885525713
3359,Lam Dong,VNM,2004,2004-10-31,0.05825104359572155,0.3042085373835907,0.03941810753520849,0.06864324197790608,0.30898826155421083,0.19327995775976775,0.08751242518039523,0.7114210338660097,0.6357614606163392,27.9850349659896,16.87782647008264
3362,Long An,VNM,2004,2004-10-31,0.09131783470715886,0.20059505743630557,0.065347694976072,0.09478042534905992,0.17732555751908022,0.12400589125838021,0.064896296809636,0.3344038948563277,0.2517576241455381,31.19773988314746,25.556025096454135
3375,Quang Ninh,VNM,2004,2004-10-31,0.10195795222776415,0.2704284042682923,0.09925120379263275,0.11720795521552134,0.27216391369873105,0.18634388021007406,0.0916502045446464,0.4922408645831498,0.388556230788462,27.931810015177845,18.62221650668501
3378,Son La,VNM,2004,2004-10-31,0.07205513261105398,0.28937054231971604,0.05682149075712695,0.0828554080518861,0.3016613433695982,0.19580108412708294,0.0899150269441927,0.6347420254352829,0.5474730575892496,25.83503161380911,15.930381291778993
3379,Tay Ninh,VNM,2004,2004-10-31,0.0765523860309165,0.3283113371747299,0.044468674551226994,0.08231890874996388,0.3371877962911321,0.24348014018930117,0.12965361535287603,0.6013754860002667,1.060243159257821,33.59081946394651,21.511689865015953
3380,Thai Binh,VNM,2004,2004-10-31,0.14873039000018695,0.2668895396575015,0.10276002999099837,0.1398783536242348,0.27361744499892143,0.23183922298817564,0.143950623962797,0.3007527115027961,0.29776041952444854,29.15326718759687,20.1732154070928
3382,Thanh Hoa,VNM,2004,2004-10-31,0.08070659005863083,0.30131640754393124,0.06160077142460518,0.09090617295034138,0.30621370600431297,0.21164833240367323,0.10298875411750634,0.5986261976758848,0.5736996753976308,27.709504170348794,18.672458056941664
3384,Tien Giang,VNM,2004,2004-10-31,0.09183416965069068,0.25647233116510776,0.06916591217039365,0.0993320853239114,0.2264763415240184,0.14970189760583869,0.07580569848669223,0.4403875765847032,0.36427600603898075,30.092150738483696,24.474795029591704
3333,Binh Dinh,VNM,2004,2004-11-08,0.08286716996972308,0.29145684303116287,0.06667018100915605,0.0923961416637598,0.28458665021804624,0.1864420835567685,0.09440547278821955,0.5937545527332136,0.4282331055040718,27.38656581851333,19.727892804792027
3338,Cao Bang,VNM,2004,2004-11-08,0.2377653133744629,0.3554883777860387,0.23884923905413818,0.2457476802143064,0.3632997205472025,0.2897055766683362,0.1851003809829303,0.27600987622620105,0.2686666069804524,25.82834483690637,17.812433315800572
3355,Khanh Hoa,VNM,2004,2004-11-08,0.10226857420662833,0.307841417167919,0.09194943052303833,0.11370454146365896,0.300228452482667,0.1986602576088655,0.10358024065098374,0.5448233542938096,0.4936093382062096,27.13432010507346,19.070231755184285
3360,Lang Son,VNM,2004,2004-11-08,0.22143689094771926,0.3491224908177168,0.22026199278817843,0.2286441428194136,0.35924577617157505,0.2834298106700682,0.1781292998144858,0.3025311049034722,0.28249937439589456,28.154796898769316,18.674923122083346
3370,Phu Yen,VNM,2004,2004-11-08,0.10975667378131287,0.3137661021664722,0.09839437831797837,0.12174663969995299,0.3013300749119327,0.2017167736500775,0.10617528032061897,0.5482876784512011,0.5128588725309408,27.19071440745019,19.75440731809144
3371,Quang Binh,VNM,2004,2004-11-08,0.06651548531447633,0.2719176713209932,0.054313216340945936,0.07733027929935149,0.2744867685041952,0.1813470979847787,0.08867902890707387,0.6500187334221742,0.5213324655233429,27.91062180714016,20.219526955651727
3374,Quang Ngai,VNM,2004,2004-11-08,0.06879342329038408,0.2876584445115863,0.05268964528787725,0.08009911299135083,0.28578117182250906,0.19027534217522724,0.09222471777860497,0.6484156098821945,0.5800468141219752,28.051982138175763,19.747704756218223
3376,Quang Tri,VNM,2004,2004-11-08,0.06610739274623177,0.2722995558407971,0.0512435833796165,0.07662847756783966,0.2715986095256855,0.17978949376035203,0.08865227285381555,0.6462070045378397,0.5202113277033675,29.123946005247333,20.04064415992921
3383,Thua Thien - Hue,VNM,2004,2004-11-08,0.05094783708723382,0.2568570848257612,0.03453117521811362,0.06156620162311162,0.258992609168842,0.1694027220478177,0.07967594853425179,0.6891218537580074,0.5244910777095539,28.4913454537001,20.605584588241843
3327,Ba Ria-Vung Tau,VNM,2004,2004-11-08,0.05672828251327432,0.26872813227648573,0.0327622001710597,0.06206081393504618,0.26945911496519964,0.18209098832259193,0.08948062689290294,0.6030676188728157,0.5880029619573848,32.09272391129962,22.344747429301382
3336,Binh Thuan,VNM,2004,2004-11-08,0.07649326987341844,0.3188669698320294,0.03740114073063199,0.07468852871059994,0.34423157041261426,0.25029644447391963,0.13670566018205277,0.6392675966711102,0.33675411513603937,31.5915275391256,20.51868145401533
3342,Dong Nai,VNM,2004,2004-11-08,0.04356039042036204,0.26973332272063655,0.025293898448710248,0.054133513456587526,0.2680313090066999,0.16901262305970796,0.07347630497716101,0.6620748598118515,0.5889632661520412,31.084743778327475,22.134699322625437
3344,Gia Lai,VNM,2004,2004-11-08,0.055358343622135264,0.28283898791165546,0.03296926374031463,0.06093458295050648,0.29612230753811997,0.1919630987710355,0.09105259408868219,0.6868228940410486,0.6697957480009236,30.25924490500518,19.10750164846212
3345,Ha Giang,VNM,2004,2004-11-08,0.2166618435828381,0.34105825910665866,0.2145019911497131,0.2245845475449267,0.34422514374927704,0.26823828220878293,0.16338485954177773,0.31423416848045754,0.31602699982209,25.645427503027275,16.265255824165493
3347,Ha Noi City,VNM,2004,2004-11-08,0.23309102530838785,0.330872549764481,0.217872975960508,0.23289579100827196,0.3368999593679426,0.2877711120749669,0.1897672066977304,0.20150220040645847,0.2315074737604266,31.08724232641794,20.99818245458748
3348,Ha Tay,VNM,2004,2004-11-08,0.1457650088527703,0.2895841601476684,0.11877000316567363,0.14590605557506353,0.2990330035242296,0.24741624723209416,0.15165409715941536,0.36190191203210575,0.3919420536783653,31.306797140152728,21.12179239275103
3349,Ha Tinh,VNM,2004,2004-11-08,0.09723615555875292,0.26466248349744076,0.08189337293432437,0.10523519516859439,0.26903641993929023,0.19545111473306237,0.10616991438502832,0.5169792643826943,0.4319182058306903,28.280238216772606,20.542335680996327
3353,Hoa Binh,VNM,2004,2004-11-08,0.06386783883154384,0.2657726038752257,0.04961397810829903,0.07356438823468142,0.27453558814640056,0.18467650317277462,0.08692023765557642,0.6441410974811136,0.5241068199368188,29.266357341003687,19.770906077448224
3357,Kon Tum,VNM,2004,2004-11-08,0.03531072515874534,0.2838130105930239,0.020294125732352692,0.04646298659025866,0.2890039011913358,0.16918166593454823,0.0671427725118138,0.7881099363176373,0.6454070656823887,27.227254366294467,17.782467156444255
3366,Nghe An,VNM,2004,2004-11-08,0.0871894872595646,0.2959008267408315,0.07542158498024189,0.09783893398240125,0.2989592514076573,0.20123736232428918,0.10118905119398998,0.594642590584809,0.5230274722789002,28.22820237080503,19.480920405272123
3367,Ninh Binh,VNM,2004,2004-11-08,0.14428638021779924,0.2630843063013051,0.12186606470565735,0.14338789717029457,0.272651364592034,0.2227215955416002,0.13782008853369074,0.32890642537988873,0.3090327480068609,29.836266678642982,21.253696533475644
3368,Ninh Thuan,VNM,2004,2004-11-08,0.1037724418835622,0.3195572022067118,0.07375921539396006,0.10496213536637475,0.3369533596672059,0.24872071913835905,0.1434810346641741,0.5401034473854465,0.8646985474416558,30.25209485393156,20.064984162005942
3377,Soc Trang,VNM,2004,2004-11-08,0.08837435068994101,0.28999912929855803,0.05511952527672859,0.09774612243169598,0.24631149380058018,0.16565298822913843,0.07865599643623976,0.4975215344668826,0.4572351857691641,28.269757401464414,23.464522639737556
3386,Tra Vinh,VNM,2004,2004-11-08,0.09112819097374736,0.25813735367198437,0.06144914470508188,0.09698833485057917,0.22721223851022848,0.15282166747125675,0.07714442603414678,0.4689140218724967,0.37210071948984597,28.810378688155524,23.596494576216667
3387,Tuyen Quang,VNM,2004,2004-11-08,0.20516324202688857,0.35525041450032435,0.21010353643908544,0.21660386335156692,0.3531591431313948,0.2680605200507997,0.1615569562304107,0.3331228066437413,0.318743535130977,28.43473843115728,19.513298971255658
3388,Vinh Long,VNM,2004,2004-11-08,0.09932094851018268,0.21358455832652917,0.07291846178853428,0.10069508774726449,0.17823141159407352,0.12026303864168199,0.06203415512780037,0.34422224827904024,0.23705035692121404,28.559107843445425,23.73740811881261
3390,Yen Bai,VNM,2004,2004-11-08,0.15593089343161795,0.31086412286684456,0.15498924407911094,0.1666309875806437,0.313175658227461,0.2300483165401799,0.13124590557072827,0.42590292823805154,0.35826709773614346,26.09696987216612,17.873814196292805
3328,Bac Kan,VNM,2004,2004-11-08,0.24856176436675206,0.37833019541750046,0.25607164183787895,0.2591570810273263,0.37445342931746495,0.28849545736518395,0.17994079035588548,0.2812615619532388,0.2628432260313864,26.186519860621953,18.16922777936726
3329,Bac Giang,VNM,2004,2004-11-08,0.17484523252082224,0.31872998493390436,0.16368719253673963,0.17864245674187348,0.33129680967590874,0.2618978356640459,0.16117798329075775,0.35521729315758,0.37627532587740525,29.12154433397629,19.94069336473383
3330,Bac Lieu,VNM,2004,2004-11-08,0.08056430277048927,0.2230456259632092,0.04419208106181411,0.08412976678903085,0.18523334711281506,0.12868138287094405,0.0629965985964399,0.41550570106327306,0.3209472757007597,29.96567910300239,23.856406656761184
3331,Bac Ninh,VNM,2004,2004-11-08,0.26864975792334417,0.3472881613651224,0.24832418538001877,0.2630586247817411,0.36317549660535614,0.32328509309226333,0.21672717108496017,0.1495704096949679,0.18739284102869394,29.849079606105423,20.895904374985463
3334,Binh Duong,VNM,2004,2004-11-08,0.05234159900747192,0.27139011910265176,0.030357742169065515,0.05881634559814024,0.2872679749356174,0.1998352696546342,0.0974400039238488,0.6745561591831725,0.6626796593759825,31.744294047263402,22.66360000653454
3335,Binh Phuoc,VNM,2004,2004-11-08,0.04403388327860697,0.2656170436468096,0.023392820796823664,0.05042511085495556,0.2745674294871225,0.17711229629539219,0.0772684492179016,0.7095349186000068,0.599224733846271,32.23625811337495,21.33522810023191
3339,Ca Mau,VNM,2004,2004-11-08,0.060376054894707085,0.1665849095628898,0.03651023584716723,0.06313964803156431,0.14082103204209345,0.088613925666368,0.04258212903001081,0.4449149929784432,0.22728730332837577,29.060438989416557,24.236053192868493
3340,Da Nang City,VNM,2004,2004-11-08,0.06115235767651967,0.26787835653245345,0.04653775379734151,0.07214369955389169,0.26675608315096316,0.174830918340581,0.08540692960151329,0.6601861302364743,0.5425133082929244,28.337044851805143,19.341881037087504
3346,Ha Nam,VNM,2004,2004-11-08,0.14366686185941444,0.2739886091114413,0.1212654727911965,0.14387603076799335,0.286055529708597,0.23625966050643477,0.14495396336881589,0.35131115629503756,0.35016961034649485,29.77971913171662,20.934831544389798
3350,Hai Duong,VNM,2004,2004-11-08,0.20836183287802218,0.3127622536840358,0.18657274390580847,0.20584685544484485,0.32200575345943394,0.2751258209985007,0.1818465061501368,0.23321369347046728,0.2680692648532401,30.690351516892694,20.881547626147473
3354,Hung Yen,VNM,2004,2004-11-08,0.20310519779141029,0.31044258443119227,0.17705776774826193,0.1973281411429912,0.323342906934809,0.28049160812567525,0.18418010480876304,0.24707314709420466,0.2858113145966201,30.204723357217613,20.77209308975573
3364,Nam Dinh,VNM,2004,2004-11-08,0.16540271535635825,0.2662251086130715,0.1307688690180103,0.1556036521404194,0.2812200741298255,0.24619083237136277,0.1608652276784821,0.2576939267358621,0.2774547633120883,29.89466543973331,20.942055353035528
3369,Phu Tho,VNM,2004,2004-11-08,0.1095164262174521,0.28708961053531584,0.09750010377936505,0.11750775090070369,0.2923085244210897,0.21339197010701458,0.11607422872477993,0.5016006624850878,0.44428000370574855,30.301944990287065,20.37482460192886
3372,Quang Nam,VNM,2004,2004-11-08,0.05609289636428717,0.2919453015419926,0.04330172141050174,0.06943013836604094,0.2894198318123909,0.18144895134880212,0.08237999177254639,0.7050387433749354,0.5439017084637079,27.28929597809089,18.888421748857304
3381,Thai Nguyen,VNM,2004,2004-11-08,0.25200652191320405,0.379094258155032,0.2537400593631499,0.2602341469418168,0.37941345743224963,0.3017652726865922,0.18924221815184677,0.2593139482407652,0.2647990560409559,28.558578028195132,19.73975342727856
3389,Vinh Phuc,VNM,2004,2004-11-08,0.19767447525617185,0.34245630716821174,0.1869693673565767,0.20325259623624298,0.33857293634572755,0.26972491494957646,0.16589481734165815,0.3071434511803639,0.3280124644750398,30.789528955108374,21.533313992663757
73933,Can Tho city,VNM,2004,2004-11-08,0.10330034679938921,0.13936357979623226,0.06737900517134024,0.09821442974746696,0.09135569143601815,0.06327141036802715,0.0334424922581427,0.1123799833648604,0.07573163355084628,28.949908065689073,24.98543200020939
73934,Dak Lak,VNM,2004,2004-11-08,0.07523214483089731,0.28879410697580604,0.05409234247717222,0.08063571487914373,0.3017321117448141,0.20243736409482338,0.10157490115418583,0.6225508971280491,0.5853413276489491,29.921928769147634,18.998068923131846
73935,Dak Nong,VNM,2004,2004-11-08,0.0598013670258474,0.2925320406490297,0.04070427219202794,0.06681048583532828,0.2989993220473082,0.18669249607523825,0.08636567961197052,0.6834689538137333,0.5931907466821614,30.43714878100257,18.734526824970047
73936,Dien Bien,VNM,2004,2004-11-08,0.0752576536727618,0.2823652569080027,0.06459406968259544,0.08595004139921301,0.2909596558559962,0.18629926381291448,0.08635562247780526,0.6451689930762314,0.5163605565149212,25.72738775410798,17.66499286181244
73937,Hau Giang,VNM,2004,2004-11-08,0.0902573008848285,0.21225837330522665,0.06479626154857929,0.09198503332825966,0.17436479984376924,0.11587388098322002,0.05886413212982083,0.396411046920573,0.2536033951735999,29.06565765764113,23.883724083031368
73938,Lai Chau,VNM,2004,2004-11-08,0.09859538231961508,0.29541724590350804,0.08871822478806111,0.10934488554852499,0.2991526152065145,0.19554109322599636,0.09548358147706881,0.6012468810157269,0.4810175177162688,24.45490351260226,16.501048225130447
73939,Lao Cai,VNM,2004,2004-11-08,0.17677404580996495,0.317922599185486,0.17569279416974332,0.1866475477753949,0.3202130616496007,0.23938244342480774,0.13911030524388576,0.3774114371672947,0.31562644419521635,24.389887113712067,16.100303060972703
3326,An Giang,VNM,2004,2004-11-08,0.1008581922384889,0.1470254264083036,0.06536661894993542,0.09729667886114456,0.11531723484889632,0.08256755716772328,0.04464884097351386,0.09472012161768686,0.1077491942829009,30.264587140935305,25.518209454060017
3332,Ben Tre,VNM,2004,2004-11-08,0.06996261258026662,0.23711062314255932,0.04372028727153761,0.07556900471632964,0.20734114771715126,0.12750161294183202,0.059792763871514304,0.5082323931981568,0.36940090819080523,29.041263135818536,24.085517534267527
3343,Dong Thap,VNM,2004,2004-11-08,0.08936835536671493,0.1286661889665515,0.05389321877637455,0.08582971927489667,0.0968859334764373,0.06618431774549312,0.032121882897704124,0.10987602928778528,0.09159792270213002,30.362474107627914,25.581373547126603
3351,Hai Phong City,VNM,2004,2004-11-08,0.1844721908103986,0.27074011694588523,0.16793218392886186,0.18461643386145496,0.27254831516366235,0.2253823772289545,0.1430463335358895,0.23244998282925594,0.19902126720058844,29.80690431515166,21.391029824088186
3352,Ho Chi Minh City,VNM,2004,2004-11-08,0.0670384605343587,0.2292300613121653,0.045691348910961264,0.07384641560582168,0.21246447579279787,0.14498464045755072,0.07878112768827386,0.5343590111095382,0.4108578462925617,31.031780083939978,23.76286136110694
3356,Kien Giang,VNM,2004,2004-11-08,0.07314090560945703,0.19477550447520856,0.047969847645701134,0.07499586729511637,0.16094014968490858,0.10570452743503864,0.051153008778566364,0.43006037076658515,0.27186135518216775,29.544464697137144,24.54549002150636
3359,Lam Dong,VNM,2004,2004-11-08,0.04785518805958341,0.300139397642014,0.027203362789035044,0.058202201368226486,0.30669649364262463,0.18803161495435694,0.08092091878408708,0.7337625590550414,0.6521905731753487,28.011502145409555,16.924333974621018
3362,Long An,VNM,2004,2004-11-08,0.06355897769239265,0.16827317472417627,0.038360065010205266,0.06583335172800882,0.14320012048512334,0.0929784164366263,0.04349012901084147,0.40398540467042166,0.24691120265976751,30.45120727348984,25.248275272156796
3375,Quang Ninh,VNM,2004,2004-11-08,0.1542933582382945,0.2956822601913535,0.15221828467583093,0.16487015978787067,0.2992222565255112,0.22376023331248576,0.12888157752955962,0.36886150679891744,0.32481580036938074,29.117380095155898,19.833743295936483
3378,Son La,VNM,2004,2004-11-08,0.06262831249574378,0.26984883683163896,0.0476942544070984,0.07176218390408072,0.28758776306488576,0.19142205682913527,0.08861842108413906,0.663679424404196,0.5583245794187708,27.26961915910759,17.854563137954255
3379,Tay Ninh,VNM,2004,2004-11-08,0.06018397153962567,0.2675720926445708,0.034980253603536626,0.06425972652879572,0.27841339875975685,0.19797022031273043,0.10294558618471061,0.6171813964575923,0.6545180226130466,31.95559733402328,22.550384008544956
3380,Thai Binh,VNM,2004,2004-11-08,0.19865541619396734,0.2897968524686612,0.17427059346784468,0.19254274531910626,0.29970328213338104,0.26283788177287964,0.17503994481140414,0.21637638759274633,0.2468428637738715,29.99612936550629,20.646447060928764
3382,Thanh Hoa,VNM,2004,2004-11-08,0.0792789772890621,0.279812735483837,0.06264798680750684,0.08758996008212451,0.2861695410873285,0.1986969400500588,0.09968830604237022,0.6049076900892091,0.5214140991859136,29.286555593352595,20.04101590892713
3384,Tien Giang,VNM,2004,2004-11-08,0.06787719849433185,0.22793163207129155,0.04523779197260813,0.0742279623454146,0.19600961962644547,0.12194886873807281,0.0571614033401483,0.49085365945500103,0.3629469082509836,29.516345695615026,24.150664776748602
3333,Binh Dinh,VNM,2004,2004-11-16,0.3295321604789931,0.44694051721623873,0.3246865394136137,0.3360210295144255,0.4253237637766813,0.3321105221483341,0.2123207338540284,0.22686766745406134,0.22441494940676598,24.936434483159076,16.4790584158548
3338,Cao Bang,VNM,2004,2004-11-16,0.04371509902710939,0.2665828004600744,0.026487056042217128,0.05425068117122681,0.2916481835836585,0.1886195755194956,0.08303388983208944,0.7154682733816727,0.6152057544772087,22.602971618536518,12.079147909204048
3355,Khanh Hoa,VNM,2004,2004-11-16,0.20894115919720604,0.37986877871296393,0.2039878370974883,0.21883416798752076,0.3679808867077592,0.2714093201628008,0.16386877269568065,0.37645738717030997,0.38675798953582013,27.344450739961,16.865483747723008
3360,Lang Son,VNM,2004,2004-11-16,0.04530665269564506,0.21384070409685557,0.029072898669014854,0.05104224377710542,0.2366810957219828,0.15690533790627628,0.07151924526898162,0.6523938316561436,0.4492844263614519,25.374851558529855,13.051925742935937
3370,Phu Yen,VNM,2004,2004-11-16,0.3031385172489194,0.44096633936214197,0.29870266926388045,0.3120896602167683,0.4148841825418217,0.31334856061680566,0.19239212945303513,0.28200271126234644,0.2903415875177966,25.531720917699744,16.25938454066984
3371,Quang Binh,VNM,2004,2004-11-16,0.2608505657308096,0.3655078686348992,0.2641438550319,0.27032456373829533,0.3581489740861275,0.2864659338516067,0.1862424926802034,0.23224084144648913,0.2256662437813727,23.424844779790146,16.333145671080665
3374,Quang Ngai,VNM,2004,2004-11-16,0.2713647774796921,0.3825359355122887,0.2697216536097601,0.28036212063697624,0.36092283505186745,0.27590501377177035,0.1707093432296201,0.26602611234606294,0.21283199219196283,24.528556411226834,16.81633459514688
3376,Quang Tri,VNM,2004,2004-11-16,0.19456587089463537,0.3220534983382657,0.19494214659908865,0.20556136147794513,0.30941205913245856,0.23153656179640422,0.13950465408149393,0.3363171944456018,0.2515442439097713,24.386840090862783,16.172192762896255
3383,Thua Thien - Hue,VNM,2004,2004-11-16,0.1671854458872713,0.2761305979920984,0.17221191131175267,0.17883882347309207,0.2669211009660634,0.1987859084858221,0.11901715210136452,0.32040296033872356,0.2438670431244154,23.58867212082324,15.633747951746006
3327,Ba Ria-Vung Tau,VNM,2004,2004-11-16,0.057866811146324325,0.24964526690869263,0.03420525507657306,0.0614121515679022,0.2561654385328167,0.17830738651235542,0.09230442916345148,0.572932831714223,0.5592902635280713,30.860340583768064,18.840530245457238
3336,Binh Thuan,VNM,2004,2004-11-16,0.07813667141404389,0.3027570104858364,0.03862308049867796,0.07387224728038871,0.33382303292059523,0.25021533949726116,0.14331129250749136,0.6180325360801309,-2.417173523850946E10,32.51817516710431,19.2643454308704
3342,Dong Nai,VNM,2004,2004-11-16,0.0435149358793391,0.2591380210885431,0.02501677740110576,0.0529498804893672,0.2592346179568412,0.16522460405957548,0.07438850028345154,0.6671791793820125,0.5773881569002429,30.003235104256795,19.3799262220017
3344,Gia Lai,VNM,2004,2004-11-16,0.13078928121580596,0.33343499114560365,0.1111068195276499,0.13464543466056803,0.34573844268656545,0.24445833166399872,0.13407396557229118,0.5423684485323677,0.5572870183771689,28.72494315972588,15.62290850326346
3345,Ha Giang,VNM,2004,2004-11-16,0.048324479165542646,0.2955688912763017,0.02994522468396744,0.06013600015813429,0.3151512940132927,0.20701565564381588,0.09049084577115511,0.7223646793563686,0.6892371197931602,21.155340706786422,12.075907594079187
3347,Ha Noi City,VNM,2004,2004-11-16,0.10255590883145142,0.2258126870910474,0.06190191851852568,0.09491334993210052,0.24248652200348286,0.20532725422255255,0.13550164819295066,0.37077449806472923,0.4098733462787771,28.61047520905925,15.167584634619947
3348,Ha Tay,VNM,2004,2004-11-16,0.0939130203858663,0.24412582888979553,0.056789306898656966,0.0912665246710514,0.2550553633876084,0.20355824682619628,0.12172540314994827,0.44282040482248913,0.43278701893115235,27.676694222869703,15.004368765136325
3349,Ha Tinh,VNM,2004,2004-11-16,0.18918900708946138,0.30665821618936745,0.18592292009119188,0.19835078969907044,0.3018800763347462,0.23626068910293932,0.1448255948176113,0.3432604519918831,0.2670356584968806,23.992416029044723,15.533761426621426
3353,Hoa Binh,VNM,2004,2004-11-16,0.050581557915749434,0.26113760343813164,0.033648458380325846,0.060695020837572715,0.27307917438446616,0.17991743997559992,0.08156006195409417,0.6654645255618047,0.5651966532926881,24.625073712592346,14.425626610937663
3357,Kon Tum,VNM,2004,2004-11-16,0.08462959356873985,0.31222892453549417,0.070305704433429,0.09430286768679125,0.31567884265288204,0.20252582084099818,0.09990271577658959,0.6477749964929704,0.5859754558123754,25.16942065149446,13.76369038397818
3366,Nghe An,VNM,2004,2004-11-16,0.05212471492551427,0.2704991859255059,0.03725282668269061,0.06316137917523937,0.2740962054519218,0.17480001894680072,0.07800730036130991,0.6992640762162757,0.5630295503096421,23.15664945126963,14.328937987152036
3367,Ninh Binh,VNM,2004,2004-11-16,0.08473562432848851,0.21063881264333115,0.05064285222815829,0.08127329488989388,0.22116535857287084,0.1741498227780739,0.10254739777738521,0.42490941914690566,0.3497163444268982,26.916597011664194,15.661895942682216
3368,Ninh Thuan,VNM,2004,2004-11-16,0.10883058540019545,0.3146296746479894,0.08221677877391372,0.11093561221653274,0.3321216491795842,0.24843932249257736,0.14434922023202548,0.5357287026049389,1.3682721739929393,29.978712778036105,19.702969636814398
3377,Soc Trang,VNM,2004,2004-11-16,0.08020056279011692,0.28693291505518986,0.04558398189922754,0.08945635324564223,0.24235855713484983,0.1580980972814271,0.07355481576307805,0.5148529014177476,0.4682044211153703,29.02770546674905,21.24834426757908
3386,Tra Vinh,VNM,2004,2004-11-16,0.07260085561561377,0.24206812278105416,0.0382046566698038,0.07780417626793384,0.21317708575013075,0.14000208375112902,0.06660850450277889,0.4997698136449963,0.3860281577261506,29.936150563985155,19.04557738645755
3387,Tuyen Quang,VNM,2004,2004-11-16,0.047045728600730315,0.2866654831052841,0.035468939587257,0.06026984601941508,0.29039738804194487,0.1807146910416779,0.0747867719794671,0.7174468587013336,0.6012635087206083,23.57482028052466,14.263635531670174
3388,Vinh Long,VNM,2004,2004-11-16,0.07134217799486968,0.1987771062575652,0.04184610981791552,0.07164296449755005,0.17856400062006408,0.11913794178800724,0.05553673109352886,0.42776520129548,0.2852744066530376,30.491689098360126,21.441158866768102
3390,Yen Bai,VNM,2004,2004-11-16,0.047335180685608984,0.26237473347247625,0.03625263048902227,0.05955932527935546,0.2691130022092646,0.17004176685459854,0.07218886649626284,0.6997685496869283,0.545680504149144,21.835129736536587,12.957473438028646
3328,Bac Kan,VNM,2004,2004-11-16,0.03775315630076449,0.271773462456769,0.027890036895504275,0.05108385870419918,0.27929460688026675,0.1667512650696269,0.06559576918799226,0.7533035659543879,0.5876905283385943,22.800277196253344,12.876606526987294
3329,Bac Giang,VNM,2004,2004-11-16,0.06789842465377717,0.23188012372635342,0.04031979357934663,0.06758216438263463,0.25265157881223993,0.18566585691762472,0.10072876225797721,0.5560410496338071,0.4752287611586708,28.254074235812688,14.480261608535855
3330,Bac Lieu,VNM,2004,2004-11-16,0.08038300590422551,0.24284107311359204,0.04427880457932405,0.08658666450484062,0.2094398367685909,0.14191626575519992,0.06825360994104616,0.4305160432380341,0.3687004105058167,29.39230619353994,22.11031201906927
3331,Bac Ninh,VNM,2004,2004-11-16,0.11571272782783977,0.21879169863712805,0.06666583393039995,0.1006202410626633,0.2484671894482435,0.22598517655160272,0.15343915190156882,0.3066752658124335,0.363255250425026,28.841181612648324,14.877775936744777
3334,Binh Duong,VNM,2004,2004-11-16,0.0593358762547185,0.2928094749599184,0.03431316486799946,0.06626068768113669,0.3072990186120279,0.21592400735668377,0.10706134505000779,0.6592097672164744,0.7138073086284648,30.143792962115775,19.177021040277168
3335,Binh Phuoc,VNM,2004,2004-11-16,0.046058729160982005,0.2805899085955592,0.024627228027495587,0.05375249212261547,0.28847644170402087,0.18895197753476442,0.0857120024516375,0.7120645273583923,0.6487941292548377,30.111754056630982,19.742926694202378
3339,Ca Mau,VNM,2004,2004-11-16,0.06484678298353505,0.20171507640978842,0.037896819448985195,0.07187770415762045,0.17460116480799942,0.10833425773947752,0.049893330390017566,0.4684590364429537,0.29039177853281906,28.783171541521845,23.37922257812036
3340,Da Nang City,VNM,2004,2004-11-16,0.3962805696520484,0.46224638404424395,0.39462623773540834,0.40209731696150663,0.43261707591392395,0.3450625205075311,0.22096033594119818,0.14164179955566297,0.11976132428173435,26.988310644399032,17.118463936567675
3346,Ha Nam,VNM,2004,2004-11-16,0.08941544982526851,0.22775727501328175,0.05577601415209154,0.08862047227261076,0.2371123782117902,0.18825145510848967,0.11040112194378564,0.43745111875458625,0.3741582420862411,26.740991580380253,15.023214383232524
3350,Hai Duong,VNM,2004,2004-11-16,0.10177338099659541,0.2232824176840296,0.05782740803520099,0.0928333568239136,0.2375148057950967,0.19928623776661444,0.13068214422304095,0.3740523027386621,0.37263713595260894,28.4220728015073,15.344500785967751
3354,Hung Yen,VNM,2004,2004-11-16,0.10729510132529127,0.23312621408069192,0.061125581946086284,0.09573055166592472,0.2521705384788492,0.21654797884958013,0.14415296212989961,0.3697331159191627,0.40960529735460854,28.455031136724426,14.481534820466159
3364,Nam Dinh,VNM,2004,2004-11-16,0.1083446959483812,0.20258047829924297,0.06235244903722191,0.09601427075936418,0.2176018248295919,0.1921715169084288,0.12881257938472465,0.29814888694321284,0.27894210899423044,27.233540809034977,15.646092677365964
3369,Phu Tho,VNM,2004,2004-11-16,0.06079311806170104,0.26068810319986874,0.03886604520848388,0.06741185943647245,0.2665316992565086,0.18055916085132429,0.08587762439177922,0.6237458713499165,0.5206075329477692,25.805052047937462,15.026984855623658
3372,Quang Nam,VNM,2004,2004-11-16,0.1990949852133997,0.32594472749012343,0.20662134418807507,0.21174265888278243,0.3121624321075924,0.22993852879972287,0.13910750803638922,0.31801296401330614,0.25017992417326373,23.80634108283667,16.382464368246268
3381,Thai Nguyen,VNM,2004,2004-11-16,0.050596620193512076,0.23418146088548777,0.035271858530530595,0.0581325913883786,0.2436299515614625,0.16211525513975675,0.07576505360217432,0.6514542804076185,0.47962780860040855,26.470280018157194,14.350860245563025
3389,Vinh Phuc,VNM,2004,2004-11-16,0.08048738032837212,0.26108146733965104,0.048416591435875206,0.08123436498208132,0.2654880037570388,0.19555147913638138,0.10816791723449239,0.531663644178864,0.49775177681147137,27.281012286122543,15.424171228487229
73933,Can Tho city,VNM,2004,2004-11-16,0.0984131804431321,0.1697158102638847,0.06055062417002327,0.09211604506807916,0.13746626051762934,0.10214158968431938,0.05278991058292612,0.24626325340590494,0.14954525505916247,29.301002147522947,22.610118868839635
73934,Dak Lak,VNM,2004,2004-11-16,0.14054733489117022,0.3277392909211396,0.12249086334235378,0.14469730035228132,0.3394871730394841,0.24484025723626882,0.13794137359955583,0.5164398187623075,0.500823679340509,28.637195725556662,16.01566210354926
73935,Dak Nong,VNM,2004,2004-11-16,0.05256672886214447,0.27035755423056856,0.03392483332857157,0.05845554236435129,0.27780683820604757,0.17226180574938374,0.08012340834151949,0.6922957150361918,0.5613295908471482,27.570404900850335,17.05464372158914
73936,Dien Bien,VNM,2004,2004-11-16,0.04978284418182587,0.26140886108306816,0.036917989013806496,0.06064644299521639,0.27159861565540155,0.16738476474339836,0.07328747008532341,0.7135652394485428,0.5361729137046635,20.904969262833266,12.208847102268619
73937,Hau Giang,VNM,2004,2004-11-16,0.08585620457032253,0.21976333765073708,0.05874819229012983,0.08794992903564833,0.18652492810228408,0.12193779559624617,0.05773525282665559,0.42600705878523504,0.27560721843869007,28.760930510010304,23.008474103085483
73938,Lai Chau,VNM,2004,2004-11-16,0.08010870146266534,0.2804060287558346,0.06772676064542639,0.09074463083241927,0.28680020903051207,0.186179657463596,0.09279944394617595,0.6451991761823517,0.503309436336201,20.81289027549545,11.427626148756614
73939,Lao Cai,VNM,2004,2004-11-16,0.1153646301250669,0.3071710570810761,0.10400675723893174,0.12591139383985686,0.3156037271750793,0.2253569913900823,0.12183584672196811,0.5584632046909219,0.4835333294037074,20.80498094875869,11.58533349549437
3326,An Giang,VNM,2004,2004-11-16,0.0958621024933664,0.1617367701241451,0.05694964584587364,0.09026501822109058,0.12962083902855634,0.09134703928997466,0.046265130568189525,0.15677690351125967,0.15759744507137652,28.564951969657198,23.12684729634286
3332,Ben Tre,VNM,2004,2004-11-16,0.06448720052609909,0.2377006346950698,0.03466024076754707,0.0698542581975151,0.2054315376762527,0.12219277218629758,0.05453908607101773,0.5266423909923538,0.3795389381742922,29.3939941587423,17.83816146338585
3343,Dong Thap,VNM,2004,2004-11-16,0.08987696533362964,0.15139792859948667,0.052969774948320066,0.08603600671005848,0.12317869618646657,0.08585302173712211,0.04225081204780104,0.17312276537916654,0.14058061777039446,29.049710005590104,22.989556683219917
3351,Hai Phong City,VNM,2004,2004-11-16,0.09612669278431273,0.1913336798247552,0.05707831504293268,0.0884581941934851,0.20247284207476393,0.16989348192355744,0.10847001662032091,0.3355211611343597,0.27998547289903564,27.140041921257072,16.320869400179667
3352,Ho Chi Minh City,VNM,2004,2004-11-16,0.07136211838849563,0.23909263054664695,0.046100320071750016,0.0769279194565577,0.22291286789586337,0.15319370005351324,0.08343358910033678,0.52303633065995,0.4314352043250403,30.066388120610306,18.63478141174234
3356,Kien Giang,VNM,2004,2004-11-16,0.06965936575317551,0.2243037863115315,0.04165235814112426,0.07373688944555692,0.19228502641228365,0.1242725052515371,0.05678945135408506,0.48125184126781767,0.35016917919096124,28.17043680735119,22.459345103579388
3359,Lam Dong,VNM,2004,2004-11-16,0.04543630559915589,0.2740559067804035,0.02761974795345747,0.05437401529240263,0.2805804480781848,0.17176711944059772,0.07648874541605512,0.7355418354603869,0.5962333571321136,26.157599857466803,15.714608686557753
3362,Long An,VNM,2004,2004-11-16,0.06716827307793874,0.18629921606599556,0.0395830764067756,0.06966567962122419,0.1618789260333014,0.10675553070135431,0.05119208536621607,0.41407612121304793,0.28462138276772964,29.58961174630522,20.96454116121289
3375,Quang Ninh,VNM,2004,2004-11-16,0.05667527780914111,0.21647854788200083,0.04145926819419726,0.06504539309471899,0.22935599918436653,0.1564973803080822,0.07568358408441603,0.5970005925158002,0.4223654908708471,26.251353386951084,14.539816840303626
3378,Son La,VNM,2004,2004-11-16,0.04191338372236269,0.25128600119102396,0.02563550441530495,0.05135777517081713,0.2704105111318813,0.17301100569341638,0.07497770793295083,0.7172895504861272,0.5662121078522401,22.17944389989822,12.162350050012352
3379,Tay Ninh,VNM,2004,2004-11-16,0.07049424571106393,0.28641249405690944,0.041121802474557004,0.0739500648606948,0.3017605786309804,0.2236213049995547,0.12382754752989356,0.5864405815555218,0.7971533435026318,30.704026845781613,20.18785709172146
3380,Thai Binh,VNM,2004,2004-11-16,0.10746225195017704,0.21278384294982988,0.06305350492700923,0.09609137972660002,0.22584285062161935,0.1964648197610101,0.13488872425157328,0.32376747040735676,0.32693811459836475,27.61113595978983,15.174140329479352
3382,Thanh Hoa,VNM,2004,2004-11-16,0.05852530452947593,0.28438715244158885,0.036102265677844546,0.06711534393409914,0.2929479300406755,0.19725716170503396,0.09297592938083202,0.6543252608783486,0.6102287240768236,24.93208998341719,14.66601895545512
3384,Tien Giang,VNM,2004,2004-11-16,0.06673701827082949,0.23651327097776104,0.040702825460952295,0.07264119866480898,0.20754996518080798,0.12893481091087117,0.05915620738568966,0.5201156959245129,0.37983118958160106,29.809388188783466,19.875415782504103
3333,Binh Dinh,VNM,2004,2004-11-24,0.3668437462625344,0.4510780691587407,0.3708650546747961,0.3740891461556554,0.41738699630646947,0.32013242921014073,0.19483347655057942,0.15452654322488593,0.1437357270133761,23.128985497112083,17.891401527123612
3338,Cao Bang,VNM,2004,2004-11-24,0.04536664429827439,0.24484437952540436,0.027861013650535026,0.05349501039459209,0.27495095642323986,0.18537582138749312,0.08479832289400431,0.6856762306301716,0.5700854017936533,23.898184364419773,13.212411089899847
3355,Khanh Hoa,VNM,2004,2004-11-24,0.3253251694241479,0.44421517506128483,0.32571209864360995,0.3337344206931163,0.4203603781171729,0.32522562539602756,0.20406424298198608,0.2216840930337719,0.22951633087946693,25.590238887289626,17.879164287143126
3360,Lang Son,VNM,2004,2004-11-24,0.04908631274233751,0.23364354937549314,0.03139542303110592,0.055069884711335615,0.26319246242464606,0.1795357862675132,0.08333164387447413,0.6539911392757859,0.5175898984280772,25.801380727455623,14.43497964089746
3370,Phu Yen,VNM,2004,2004-11-24,0.3519050991878152,0.4528261832926594,0.3551406505503035,0.3611924820584505,0.4177674490705647,0.31451482455342267,0.18823564147757857,0.1779776503315302,0.1732155312229171,23.526964211689926,17.22228914062821
3371,Quang Binh,VNM,2004,2004-11-24,0.45811910646263404,0.5147953742614856,0.4584966721332916,0.4635561694140464,0.49430453765562193,0.4192200742518043,0.2864140516766625,0.10758239893005121,0.11054311120882916,,16.752602050910383
3374,Quang Ngai,VNM,2004,2004-11-24,0.4719675015280629,0.5188446482088293,0.47615404090648333,0.47791256659826153,0.4667570718466588,0.3617624340502294,0.2257852913334854,0.08780784893411209,0.07729107656898175,25.329556786703623,18.23226898581874
3376,Quang Tri,VNM,2004,2004-11-24,0.5760577003546165,0.6056091721570651,0.5798253796088998,0.5805441803671579,0.559183327900888,0.4580866974159416,0.30528463830528185,0.03850056206129323,0.044357762146720596,,15.909802630603437
3383,Thua Thien - Hue,VNM,2004,2004-11-24,0.40217660434787156,0.47401853496692986,0.406342657853154,0.4112983837712639,0.45236979754353135,0.3807701135652215,0.2560954572678313,0.13614273983353226,0.1288380335611629,23.55606123022194,15.397764659474138
3327,Ba Ria-Vung Tau,VNM,2004,2004-11-24,0.07263470727665672,0.26902838025475984,0.04356451580259404,0.07444302527656096,0.2783760382052934,0.19988436963309678,0.1062227305970686,0.5593535040166238,0.5848968218368147,32.455905098386644,20.75321969584689
3336,Binh Thuan,VNM,2004,2004-11-24,0.08061607668677476,0.29829668516872015,0.03903086228990782,0.07404445579300142,0.33193970143879487,0.25166326853863286,0.14253957047678842,0.6033852218745323,2.1039009085601636E11,33.44409913366334,19.467636638801846
3342,Dong Nai,VNM,2004,2004-11-24,0.047760823964340365,0.27153742919927354,0.027543302602027617,0.05694499013409502,0.27221997605792453,0.17471858904343399,0.0793020715006792,0.6607616297369782,0.6026603140048912,30.825683901398758,19.19766162166796
3344,Gia Lai,VNM,2004,2004-11-24,0.15690562120384124,0.33880762544378806,0.1425407808138231,0.16141369226840074,0.3469673866303885,0.2501201908990139,0.1384338755082441,0.4740452581982474,0.4791102892057957,28.537526133166317,16.87498579031478
3345,Ha Giang,VNM,2004,2004-11-24,0.04842948838265009,0.26740564933094657,0.03100078421812148,0.0575602771687129,0.293077066902444,0.19741768725860248,0.0897117319289993,0.7034769880096805,0.6345829219620389,23.85940290858495,11.085675109058986
3347,Ha Noi City,VNM,2004,2004-11-24,0.09896184865096651,0.22170154117887814,0.06084514192337482,0.09292247226984382,0.2410442736701322,0.2026080531761058,0.12986090481230458,0.37648578789838677,0.3935576164503382,28.718178829717324,17.267421597260853
3348,Ha Tay,VNM,2004,2004-11-24,0.09094921210135265,0.24018729955709386,0.056961823131480696,0.09021591942640811,0.2528789059119877,0.20041758797093479,0.11709295322748389,0.4442502199147638,0.42142326832467114,25.86618852349,16.43852665049857
3349,Ha Tinh,VNM,2004,2004-11-24,0.5441527338207021,0.5792928729948381,0.5393969465638188,0.5456138833434419,0.554407279464707,0.4803674151685195,0.3356064109578214,0.05181707770630602,0.05892931456666463,23.130260432405745,15.796057685756628
3353,Hoa Binh,VNM,2004,2004-11-24,0.06909483410109557,0.2538568653635312,0.0568319103570833,0.07947164102690799,0.26877928726526373,0.1861149806089632,0.09220770190452741,0.5921896103619325,0.48731996990867016,24.778604439407513,15.422728989123094
3357,Kon Tum,VNM,2004,2004-11-24,0.1812022185192475,0.37937599040957753,0.1719110351749849,0.19016076807101018,0.36822697077848615,0.2444722296561419,0.12307576082339448,0.5428575819779851,0.4997983842332564,25.18492977359624,16.07535441799495
3366,Nghe An,VNM,2004,2004-11-24,0.34985388512378446,0.45695827990547266,0.3440713277780758,0.3549436845312357,0.4505620144951083,0.3740869808388731,0.25326977065047773,0.24998575119216862,0.23844066304627473,22.286637153360317,15.222932426454326
3367,Ninh Binh,VNM,2004,2004-11-24,0.11459756458437344,0.22178406380123758,0.09454432080158746,0.1151936533384582,0.2326316189449732,0.18969515093932718,0.12103320443447886,0.36079204967997247,0.2879337148787938,25.18657142708538,16.751452097335985
3368,Ninh Thuan,VNM,2004,2004-11-24,0.13612969201098254,0.3328834674988634,0.10579774571437331,0.13609383771868627,0.3517689198407559,0.27515726409830277,0.1664621588702422,0.47704964581718073,0.3979110159503381,29.861928751979395,19.33120758989924
3377,Soc Trang,VNM,2004,2004-11-24,0.08514919961491647,0.27560718111200644,0.056797448734737646,0.09267399965547522,0.23415164300030983,0.15419982056510004,0.07517708040926568,0.49882579919579734,0.4229297240121169,28.898309946933683,19.86543945966884
3386,Tra Vinh,VNM,2004,2004-11-24,0.07615418415704306,0.2607958606761896,0.044490303365122205,0.08406489743943873,0.22834948464231897,0.15108214371691286,0.07078023515053833,0.5087624419597326,0.42033407899153086,29.794667647324403,22.59508021174967
3387,Tuyen Quang,VNM,2004,2004-11-24,0.05294157600522761,0.28382334579865565,0.043022792212681925,0.0660462785214891,0.294883269697716,0.18972468618911603,0.08169804413072079,0.6900692903370174,0.5897171041032729,25.004249360741294,15.60442678711765
3388,Vinh Long,VNM,2004,2004-11-24,0.06846136264790095,0.21463316572349547,0.040197619341991314,0.07274473682724106,0.18705002770834203,0.12401119937893133,0.05729347956028927,0.4735988788629308,0.32462387776328133,31.134125941305665,21.11314118490836
3390,Yen Bai,VNM,2004,2004-11-24,0.052933832891532445,0.2747173305120211,0.04156313514410966,0.06501094920531185,0.2904676096962423,0.19034665584137211,0.08414232338111369,0.6911473362825233,0.592553151805448,23.531720311895498,13.430189092672217
3328,Bac Kan,VNM,2004,2004-11-24,0.03892101502650204,0.27028096638704924,0.02953933887771642,0.05237423410402742,0.28319718139587347,0.17340654820469684,0.06896020202196462,0.7469302917427624,0.5883470602252936,24.44740223798634,14.671318790750533
3329,Bac Giang,VNM,2004,2004-11-24,0.06743678873975774,0.23371330297552492,0.040054710435749624,0.06736010790170517,0.2575801408580559,0.19035475335836075,0.10187895386927866,0.5625740390130608,0.4905421090392163,27.390788210198863,15.970044455037826
3330,Bac Lieu,VNM,2004,2004-11-24,0.0695702766570133,0.17582095245560697,0.04019545395384887,0.07098501048621093,0.14923938700035239,0.10115194874919739,0.0510019923061677,0.3847534332603396,0.23611979232306737,28.28196084101965,20.959062157655605
3331,Bac Ninh,VNM,2004,2004-11-24,0.11375668671993713,0.21674174437819432,0.06577161201324197,0.10039753677949469,0.24610728792803624,0.2217170630335301,0.14878381412524255,0.3092519376206293,0.3540206521390329,28.515836938450995,16.58335598326367
3334,Binh Duong,VNM,2004,2004-11-24,0.05710797502785872,0.2816064890740692,0.03266751851322315,0.06297316527244687,0.2992010570267224,0.21167066451056024,0.10545802912422744,0.6600462239311763,0.7286499224147702,31.720444550403034,18.36860931839612
3335,Binh Phuoc,VNM,2004,2004-11-24,0.04651485931551399,0.28494258019200785,0.02412514851990646,0.05371287662696256,0.29024994941243687,0.18820339101088177,0.08387302639121957,0.7142561595073206,0.6148320254885202,31.409237685968954,17.466538781095437
3339,Ca Mau,VNM,2004,2004-11-24,0.05676634819242212,0.15629680618543457,0.03276000225405861,0.05983793261855487,0.1334220177735302,0.0833074137845919,0.03961791860986094,0.42677235890145093,0.21349907585498296,28.810468478830032,22.88466700450469
3340,Da Nang City,VNM,2004,2004-11-24,0.4804339116900913,0.5175964467162291,0.480340118394397,0.4851890741678175,0.488483122119871,0.43345974116228053,0.31952092634517315,0.04611587393704682,0.06070875453699016,25.459967804746416,15.357832599046906
3346,Ha Nam,VNM,2004,2004-11-24,0.0914388441682419,0.23133255319734336,0.06210113898302233,0.09196215903005459,0.24290526724084982,0.19267218804967395,0.11427710868493046,0.4333289366840295,0.3827507516771043,25.6874964732279,16.47889586027504
3350,Hai Duong,VNM,2004,2004-11-24,0.09877825985140809,0.20934140564857162,0.061437362879667966,0.09260112782140038,0.2189180507232388,0.18101862637010907,0.116088079442661,0.3641809568749884,0.30826797056291283,28.193925333739827,16.157914227127765
3354,Hung Yen,VNM,2004,2004-11-24,0.09977295578202214,0.22370109171700206,0.056672608810578874,0.09066747724934471,0.2386538508327416,0.20113615076896754,0.13002017013490735,0.3795420202595282,0.36980010273063835,27.304328398228098,15.864418761417063
3364,Nam Dinh,VNM,2004,2004-11-24,0.1649421133380511,0.23557834839600034,0.13711629261076635,0.1576998712712066,0.24961071633230988,0.22725062905194346,0.16491215698414258,0.20620487569213924,0.20177285879585147,26.149650734309734,16.427036480491573
3369,Phu Tho,VNM,2004,2004-11-24,0.07168378201032445,0.25816267252065067,0.053298583963630734,0.07886323979466475,0.2698681204097967,0.18876829914807283,0.09237272913482836,0.571896297071116,0.4824969921663537,25.3596745564548,15.611278844789206
3372,Quang Nam,VNM,2004,2004-11-24,0.4990350232044063,0.549635242723782,0.5028135426549446,0.5046869479550677,0.49386568687176174,0.38131003595973795,0.24682128332085537,0.0825013443149231,0.08661585598049326,21.73625850340136,14.746304824235095
3381,Thai Nguyen,VNM,2004,2004-11-24,0.05428596775759196,0.2554324220736375,0.03902867989858624,0.06350777349312837,0.2724023029482556,0.18405995626550756,0.0848796036243035,0.6467737120664091,0.5334283654044318,26.33980940184577,16.027857940792785
3389,Vinh Phuc,VNM,2004,2004-11-24,0.07478412249368825,0.25512698579979,0.04568470363590973,0.07757262552059432,0.26559022208287764,0.19545821638145258,0.10348298155006833,0.5407511544799526,0.49958796142762396,24.9711625453971,17.107846937361746
73933,Can Tho city,VNM,2004,2004-11-24,0.07773615578214786,0.1751304604889771,0.04768783054424427,0.08002738551143111,0.14725160133843176,0.11062273109857161,0.05719072949972071,0.3756100589640575,0.21363888947177972,31.402408095253517,21.77706738818191
73934,Dak Lak,VNM,2004,2004-11-24,0.21307766770417033,0.35543851697545636,0.20143150325144876,0.21609035805683124,0.36081368389883006,0.2710084212696513,0.1582955244720936,0.3737228458811412,0.33196496170436207,28.05709692430255,16.76694807388673
73935,Dak Nong,VNM,2004,2004-11-24,0.10246395794735914,0.30555193178862816,0.08587569624871079,0.10746499443610515,0.31243684316556725,0.21116880119497478,0.11229572369090965,0.5792463859677411,0.5103515653823244,28.323405843866713,16.8880035209776
73936,Dien Bien,VNM,2004,2004-11-24,0.045047311285989614,0.29392498072931655,0.02855449280599043,0.05679366336412268,0.31108008745799814,0.1930223241883254,0.08088749434240529,0.7414079375055214,0.6578975071112056,23.037638746368057,12.283217872374108
73937,Hau Giang,VNM,2004,2004-11-24,0.06930229337484135,0.19869650169585,0.041792326660022944,0.07097065987369444,0.16936361312223022,0.11193143086073354,0.05162449516303189,0.4648031148990893,0.27932578544135284,30.8015436153319,20.71726458761288
73938,Lai Chau,VNM,2004,2004-11-24,0.04680820691710633,0.2800685783385948,0.02989639817683788,0.05794260134848154,0.29085789585576627,0.1788590584983707,0.07559093587059014,0.7373874934984199,0.5981322269112866,21.259698204682834,11.442394559645084
73939,Lao Cai,VNM,2004,2004-11-24,0.06709971249741352,0.2834233558547706,0.05308192375492067,0.0778353333012139,0.3020973046969085,0.20409780648379452,0.09623282088088693,0.6512921435229039,0.5829052287063872,22.596928485826453,11.102568363454871
3326,An Giang,VNM,2004,2004-11-24,0.09268214946944761,0.16435800193293482,0.05275050857705951,0.08420179402235203,0.13474904947727037,0.10318244725988263,0.057761261512721825,0.23517786436340443,0.17767046308160722,30.26927877953613,21.15053711863232
3332,Ben Tre,VNM,2004,2004-11-24,0.06211529873795912,0.2363689612107013,0.03411765812049812,0.0675972106004236,0.20510378872725357,0.12193221503707384,0.053395013558522296,0.5422975766925243,0.3793389721294276,29.810157794991433,22.242659366809015
3343,Dong Thap,VNM,2004,2004-11-24,0.0827845006028177,0.161497716352353,0.046502996145032525,0.07839056380252529,0.1337976882378972,0.09711711529817459,0.04995824385059407,0.27049878880387984,0.17821972348446904,31.107331378783023,22.22903012621215
3351,Hai Phong City,VNM,2004,2004-11-24,0.14471638563703917,0.21627986908982647,0.12080736995169555,0.14272560984770757,0.22493446818328913,0.1977661215765034,0.13891111674527665,0.23874565562091346,0.19015153212004968,27.37444418214054,16.809716986346803
3352,Ho Chi Minh City,VNM,2004,2004-11-24,0.07156988965351813,0.24316318014042734,0.04662723442112801,0.07719104747995882,0.22705391063134314,0.1551572477586545,0.08326414743745944,0.5269112228084266,0.43058642674733566,31.654538646106683,21.167702598321384
3356,Kien Giang,VNM,2004,2004-11-24,0.06001698779977811,0.19631412150996919,0.034552036712093115,0.06228136548868485,0.17788671797082137,0.11990627637631283,0.05719539582116527,0.5052414796598661,0.3173080743408723,29.60587336358421,21.683586665836717
3359,Lam Dong,VNM,2004,2004-11-24,0.08496420399129323,0.31288099867420577,0.06657913796089372,0.0930577129498591,0.31717190190350075,0.2038429201261649,0.09736548997921964,0.6638528583621158,0.5828118356610301,26.511624504125802,16.161664787786215
3362,Long An,VNM,2004,2004-11-24,0.06567200869426473,0.19718070576091293,0.037332271126391335,0.06801094389067922,0.1749101476151301,0.1170461482833273,0.05532536513828759,0.4530540748652343,0.3128736612250199,31.353966368644013,22.000837834796876
3375,Quang Ninh,VNM,2004,2004-11-24,0.05565552074043577,0.21891076259662154,0.04070222369722045,0.06399533803460893,0.23242283415333928,0.15926582547724769,0.07627512826142932,0.6068979586289995,0.4314778307734947,26.574377032004566,15.447763266591743
3378,Son La,VNM,2004,2004-11-24,0.05205242753272902,0.2751044975452795,0.033973704852658305,0.06171877802570049,0.3019695566659667,0.2022863414933361,0.09281335285893223,0.6885324645618716,0.6412960401120896,23.668351003743627,12.746289767767824
3379,Tay Ninh,VNM,2004,2004-11-24,0.07481359043408604,0.29099862557042433,0.042341598528321,0.07627894577930791,0.30955826432068273,0.23247005489125658,0.12975029524778053,0.5745310076146679,-1.2325145949983961E11,32.359373466085046,19.317246144259947
3380,Thai Binh,VNM,2004,2004-11-24,0.100769770033847,0.19907591760268828,0.06224597822927713,0.09124743957264864,0.21082749579258717,0.18145760170452988,0.12364051433567394,0.3230527865615808,0.28981863220329396,26.921588270355116,16.293211264983572
3382,Thanh Hoa,VNM,2004,2004-11-24,0.10384963513967872,0.27616654578325206,0.09426674723939935,0.11329165523362159,0.28514134925150664,0.20762455148070436,0.11668186855209672,0.49923040444325384,0.44256593827183094,24.094969872477137,16.048910774955488
3384,Tien Giang,VNM,2004,2004-11-24,0.06615673100042052,0.23383105260914766,0.038763957269692846,0.07104069141429453,0.21107092042487427,0.13598759021427934,0.06356445126350455,0.5318051304613143,0.37786469362878183,31.213128095129562,22.132076928384397
3333,Binh Dinh,VNM,2004,2004-12-02,0.4135983061236687,0.4867894252094286,0.4151651292720983,0.4193847237085478,0.463004551900866,0.3712420918990657,0.23863060266788386,0.14543337004252208,0.12869462906017665,22.398707152705637,17.77272668562422
3338,Cao Bang,VNM,2004,2004-12-02,0.0422409900160919,0.21394215147248816,0.025664226069287425,0.04858658511150865,0.24193261953109538,0.16209964164493576,0.07650150303516705,0.6706402790414295,0.48248645647397465,21.89202001076378,9.867285155395404
3355,Khanh Hoa,VNM,2004,2004-12-02,0.3321021371521927,0.4489459850385111,0.3341128950392591,0.34155921554134194,0.43596770237131527,0.34338613668626294,0.22358616797207118,0.22663694261759842,0.23564654668987528,25.285799248482476,16.620483190764112
3360,Lang Son,VNM,2004,2004-12-02,0.0486323639799551,0.22116836631718473,0.03099014697091215,0.05354417727744943,0.25027792857397546,0.170715897825405,0.08192996384951844,0.6431042845939455,0.48862534935668084,23.47668462371132,10.819948060604355
3370,Phu Yen,VNM,2004,2004-12-02,0.4615198042407931,0.5368675530118384,0.46017297093656445,0.46620361567949825,0.5146541300079642,0.4312578461439351,0.2923913752997178,0.10718364562532767,0.12123394571966532,24.105651478522145,17.54705233842081
3371,Quang Binh,VNM,2004,2004-12-02,0.14199102677420528,0.2796289456369645,0.1426107853853113,0.15281739596889796,0.28301619983100806,0.21002541895019447,0.1234750497662184,0.4301997067688986,0.32415280877665237,23.617050636926283,14.290027917767782
3374,Quang Ngai,VNM,2004,2004-12-02,0.3591204028064519,0.4430956294771041,0.3637574545115094,0.3682664332157759,0.43388349490212713,0.3767682935463921,0.2725109370758533,0.15222745169618865,0.16108591452066037,23.01814457120741,17.27138357569669
3376,Quang Tri,VNM,2004,2004-12-02,0.23735715012901965,0.34229561539410913,0.2389272271217677,0.24566998818468325,0.3419408287246725,0.2776716991566406,0.1820529106436711,0.27896528498132567,0.2272939596670933,22.053275346930025,15.768158185146815
3383,Thua Thien - Hue,VNM,2004,2004-12-02,0.5102286838223631,0.5443937174740213,0.5094663231335681,0.5131333135267602,0.5271713941506124,0.47149071540152276,0.34190312752782975,0.04434565993403484,0.05231473314109112,21.194039482953823,15.65003327625388
3327,Ba Ria-Vung Tau,VNM,2004,2004-12-02,0.09083662882853251,0.27034060606532295,0.07019889784190285,0.09632825341949254,0.2768279509511919,0.2002756035013732,0.10546891504518269,0.47652545214696024,0.48133667587898127,31.831683160528126,17.478073588042054
3336,Binh Thuan,VNM,2004,2004-12-02,0.09052642718910034,0.2998382031684155,0.048554532285035104,0.08315796311873956,0.33906288208855256,0.26483208125417446,0.15558786589118084,0.5615948172003251,-0.059556854252251955,32.759942305121264,19.33212903362447
3342,Dong Nai,VNM,2004,2004-12-02,0.05895584272670488,0.28534404030613025,0.03809564731662154,0.06853480991170366,0.28602628726855567,0.18805814397475953,0.08750077158680054,0.6347022871237078,0.5946793825011787,29.687075314728457,17.95416591619389
3344,Gia Lai,VNM,2004,2004-12-02,0.11725401767141456,0.30157558542958873,0.10090112903013006,0.1215689283139614,0.3185553906096732,0.22866253719053875,0.1271790824701027,0.5403679754723127,0.5201598115238041,27.289169628605286,16.325538355790417
3345,Ha Giang,VNM,2004,2004-12-02,0.03996910515500258,0.22472019162859144,0.023267356182278282,0.047583216116777786,0.24741343238225982,0.16327482017069245,0.0747297671849611,0.6967289344159082,0.5142231220489355,20.878057536744805,9.729480370292928
3347,Ha Noi City,VNM,2004,2004-12-02,0.10284307977296948,0.22230649946492986,0.06167902015056379,0.09493961469059414,0.2398018704454159,0.2026632520724797,0.1381375586105208,0.36109160487870207,0.409187491304197,26.678094916440827,13.859789623844984
3348,Ha Tay,VNM,2004,2004-12-02,0.0932203726932058,0.2370838882043881,0.05584277660431468,0.09029248755651528,0.24969656238331975,0.19817916217098505,0.1224563503449515,0.429318635660991,0.4216655461317181,26.29733531122937,13.677226371994264
3349,Ha Tinh,VNM,2004,2004-12-02,0.06364180458934689,0.22144549702490748,0.04776994288478909,0.07184198912776368,0.22562197001320092,0.15740013007534642,0.07529844060870136,0.5788290133956049,0.409298608836525,25.141348780605412,14.52840691034881
3353,Hoa Binh,VNM,2004,2004-12-02,0.049903275797251165,0.23349131891971545,0.0332079827246708,0.05844209275787038,0.24975384960960856,0.16743102191326129,0.0798284977268999,0.6455598427648298,0.49937064766545647,23.440557920060908,13.029067536783867
3357,Kon Tum,VNM,2004,2004-12-02,0.10163043472915571,0.31933879772282225,0.0885430225807505,0.11070330244912242,0.3250762934711117,0.21672275566801816,0.11416684284958525,0.6265026688970889,0.5518854008654598,24.543072747965855,14.70271074039614
3366,Nghe An,VNM,2004,2004-12-02,0.04571367332793298,0.25842918454568786,0.02978360475715113,0.056119504632367596,0.26849472312396006,0.17107664459498,0.07484617386643422,0.7006944517744872,0.5568764858826342,23.045628183662316,12.744504233200256
3367,Ninh Binh,VNM,2004,2004-12-02,0.0837097657176529,0.19749167994291184,0.050885494948083206,0.07933490018793919,0.20904897990723392,0.16650009642216668,0.10298562812490053,0.40382728134082135,0.3244541260914167,25.47943420460396,14.396486728210775
3368,Ninh Thuan,VNM,2004,2004-12-02,0.11325976051718749,0.31287007059896266,0.08412241708955434,0.11463676852284903,0.3371321564348134,0.2605670758564424,0.15514182543695637,0.5255761159730741,0.1719379686214319,28.71009704716949,18.20254122474575
3377,Soc Trang,VNM,2004,2004-12-02,0.1344249739446356,0.2983829216806572,0.12342334897711435,0.14685531054134685,0.2566426667039234,0.1769652585631267,0.09373450605075445,0.3859320217428947,0.31997068653299343,26.91060831967321,18.32239635078844
3386,Tra Vinh,VNM,2004,2004-12-02,0.1158948330395047,0.26127476237531916,0.09316097452095587,0.12275725210130425,0.23423178994700783,0.1674472609396717,0.09102022113875706,0.3966160941509094,0.3105024536362656,28.08850286513101,17.886945770241912
3387,Tuyen Quang,VNM,2004,2004-12-02,0.046627372652665075,0.2613972191186819,0.03389901396492877,0.05764579880960625,0.2733046857763965,0.17369110047446015,0.07640083049446139,0.7010982589742121,0.5590175866127571,23.050034200454093,12.130764662281964
3388,Vinh Long,VNM,2004,2004-12-02,0.08092880462512811,0.22326567742971987,0.05900906260453381,0.08924031391071695,0.1904890267437275,0.12621679175690978,0.059994134124517054,0.45344529336094824,0.2983215961119377,30.683959775166908,20.92941441556299
3390,Yen Bai,VNM,2004,2004-12-02,0.042715763756929946,0.23246429780982253,0.030847010265247922,0.0529120718175274,0.2453257217764903,0.15596729314968552,0.06821715252191816,0.690013819840797,0.49179546281573033,21.295704702030786,10.179468836883295
3328,Bac Kan,VNM,2004,2004-12-02,0.03722172577232037,0.23797923756593875,0.02772465927221663,0.04785646051961915,0.2515769147701027,0.15138369980342636,0.06253840801403601,0.7295555458117795,0.5068632831402943,21.762260730211846,10.50649801114095
3329,Bac Giang,VNM,2004,2004-12-02,0.0703806524750524,0.23319478524106324,0.041673932297106614,0.06941661665252631,0.25794689238187646,0.1919255561792566,0.10785320198251598,0.5458051445561337,0.4987105763736081,26.007256906406653,12.574816024441942
3330,Bac Lieu,VNM,2004,2004-12-02,0.09498034733910564,0.21514234809783764,0.06948807126926079,0.10037704595741057,0.18150851246661145,0.12622899552006514,0.06638750199666886,0.3578326372157064,0.2588208417221798,27.870256214430484,
3331,Bac Ninh,VNM,2004,2004-12-02,0.11752248276492185,0.21693022654363592,0.06763377328699441,0.10303521861555574,0.24292382156861228,0.22023376225565372,0.1550935309540549,0.29515265297293125,0.3488645819191996,27.117279601550177,13.145410895176564
3334,Binh Duong,VNM,2004,2004-12-02,0.06647357717015291,0.314041743686099,0.03823055869435887,0.07274123684969577,0.3356167947475765,0.24258839161573525,0.12474902810235093,0.6364241715608088,0.8037610319335782,31.396033433159808,18.379620446228866
3335,Binh Phuoc,VNM,2004,2004-12-02,0.055184112299541156,0.30738792626770156,0.029820048838192337,0.06175042976194186,0.31756909250220794,0.2117979275537233,0.1003735701255144,0.6903881194366799,0.7312697445203384,32.41784973262493,17.573522381321947
3339,Ca Mau,VNM,2004,2004-12-02,0.08128025917946712,0.18044163016861595,0.06459616174825553,0.08799154918085456,0.154487182063657,0.10072395930027314,0.05222748224463258,0.37250099750097476,0.20459844017916895,27.768243755302212,
3340,Da Nang City,VNM,2004,2004-12-02,0.40805650970762375,0.4595468652876557,0.41353594081054407,0.41746550456513354,0.4463519897750286,0.4017677836959917,0.3044637067744793,0.08145547944676387,0.09092500889671742,22.73040328701838,16.921509894950763
3346,Ha Nam,VNM,2004,2004-12-02,0.0938795767284242,0.2261116857414391,0.059299955761484675,0.09138617673392735,0.23511500341843108,0.18638079836761984,0.11555924182804558,0.41383274849495166,0.3623825203152392,25.399899811318843,13.729214671100427
3350,Hai Duong,VNM,2004,2004-12-02,0.09772970121186228,0.21251031759883943,0.05558255036568154,0.0895266692856474,0.22458467463996826,0.1861142298746556,0.12402401516017816,0.36948595540418194,0.3406716145703536,26.526207882988956,13.670484307180157
3354,Hung Yen,VNM,2004,2004-12-02,0.10392317731901381,0.2226688236675588,0.058596664023355435,0.09264188419938615,0.2368238285169052,0.200157688252398,0.13665628749399333,0.36003212928152756,0.3659441277551317,26.82758336502355,12.961387777682738
3364,Nam Dinh,VNM,2004,2004-12-02,0.10463918624970857,0.19010308322886507,0.06142676572304946,0.09146656495575647,0.20505336573510088,0.18230894313601914,0.12930327062112268,0.2828267715940938,0.26625944173507377,25.211985951106,13.935064467033406
3369,Phu Tho,VNM,2004,2004-12-02,0.06335383843408174,0.24860759120451253,0.041442460453577315,0.06931904072149984,0.2604373565056654,0.17881077722844443,0.08872036934440415,0.5899434941351608,0.49004865131262587,24.493426710744703,13.276087296638805
3372,Quang Nam,VNM,2004,2004-12-02,0.3766289098629357,0.46110938415182195,0.37930449923361514,0.38312022911692045,0.4522434436459339,0.38745036286159457,0.2764564966399744,0.14615559576720982,0.1544137960856549,23.99534404082228,15.918585173824749
3381,Thai Nguyen,VNM,2004,2004-12-02,0.05680585466996871,0.24835449009768717,0.04011381794700243,0.06387420867372422,0.2667228529842875,0.18128669468324343,0.09038761193349693,0.633244011114461,0.5360892499943295,24.371628439109056,12.384462141187914
3389,Vinh Phuc,VNM,2004,2004-12-02,0.08002184648176107,0.2523410334622788,0.04837496497536266,0.08078507874697777,0.2651613160701006,0.19777990247770924,0.11353646059818892,0.5166144939322109,0.5093208113180451,25.34278586657885,14.039031594297763
73933,Can Tho city,VNM,2004,2004-12-02,0.07800755850474704,0.22128302728660282,0.05465562428022752,0.08985024155421259,0.18983736506851906,0.1370013501413377,0.06669261782225143,0.4629323487076783,0.31891932843537774,30.40432607105777,22.954077362421742
73934,Dak Lak,VNM,2004,2004-12-02,0.19676432270407276,0.3530317400885224,0.17921406403106194,0.19858882279540627,0.370595019077062,0.2876688744789047,0.1747346951386089,0.42555330588840573,0.40232861056637864,27.539854412418585,16.70003967056004
73935,Dak Nong,VNM,2004,2004-12-02,0.09141781621346,0.2992671610218212,0.0745258857288113,0.09731420540331338,0.31062001431448416,0.20790164515464954,0.10750133303444458,0.5902859073320689,0.5409461236074153,28.162232860938488,16.13703705520778
73936,Dien Bien,VNM,2004,2004-12-02,0.044629485080411604,0.25836580054152225,0.029222419258678564,0.05437936572825464,0.27406406622450047,0.16861481099995998,0.0738656565614612,0.7221910636442258,0.5543948068156784,20.29393054953332,9.870117484818124
73937,Hau Giang,VNM,2004,2004-12-02,0.09127815463967862,0.2340934429054319,0.07191142310663613,0.10011634879653497,0.20327519056412485,0.1394463952924012,0.07048457600882202,0.45043715963796954,0.29720400556443044,30.365069690137513,23.10633607715921
73938,Lai Chau,VNM,2004,2004-12-02,0.05111291670554213,0.25561295722312727,0.03431828614695858,0.06000463032657145,0.2681252419081074,0.1669125565182464,0.07633594195619456,0.7183904264866549,0.5119419776473688,19.498074402583732,9.782362347537711
73939,Lao Cai,VNM,2004,2004-12-02,0.040200024117965555,0.22691217216146375,0.026019852741540953,0.049019844862816554,0.24483335370087694,0.15705892612703973,0.06869280649796339,0.7062747361896148,0.49415453563482464,20.117920050786424,9.462159663198788
3326,An Giang,VNM,2004,2004-12-02,0.08687176412650671,0.18764740373896413,0.04963234689176656,0.08279700663977917,0.1624356203591622,0.12137590393779811,0.06233056873964501,0.31932755745908203,0.2394485789180713,29.42545365102665,21.25125478957281
3332,Ben Tre,VNM,2004,2004-12-02,0.1089962209313317,0.25877403805734744,0.09106014405570767,0.1168148793453657,0.23451157186764748,0.15632542849476044,0.08218158962300666,0.41364778489960685,0.3099987516723358,28.59890680114256,19.012465245983574
3343,Dong Thap,VNM,2004,2004-12-02,0.07482219741108936,0.18501718107806447,0.043679228660646795,0.07619831078036277,0.1605582353531327,0.11404031737592313,0.05441116264943733,0.371292651600812,0.24570416682451698,30.477744220110647,21.578029836059265
3351,Hai Phong City,VNM,2004,2004-12-02,0.09284868271553787,0.17526750566418944,0.05745064898393378,0.08686202894001543,0.18308740571422377,0.1520663140717371,0.09952958886505672,0.3000364057113793,0.2298032224386425,26.12145842243756,15.149566579441032
3352,Ho Chi Minh City,VNM,2004,2004-12-02,0.10239948253862946,0.25773832277586284,0.08471731884396573,0.10950321873207189,0.2486599012473888,0.17973106829786908,0.10341625516534206,0.4308356309239847,0.4085042369830341,31.921512446543733,19.500374806009578
3356,Kien Giang,VNM,2004,2004-12-02,0.06022022031970264,0.22583439907465244,0.03802394822298718,0.0684552024360033,0.2095120292518809,0.14079175862087956,0.06633561298965142,0.561519481571454,0.3887569744290916,28.912792596833633,21.467624858648882
3359,Lam Dong,VNM,2004,2004-12-02,0.08017777253785126,0.30400093345795676,0.06196658168934136,0.08864558262637542,0.3113652295017823,0.19982758194203645,0.09483098579525186,0.6787196342983385,0.5882225841364861,26.353108821342868,15.357068743116129
3362,Long An,VNM,2004,2004-12-02,0.06634139315281724,0.2091993414064557,0.04109575987761975,0.07090760023066085,0.19010571516144711,0.12763006378674546,0.06075800989719048,0.4850983024190075,0.3432381773940155,31.094588447870457,20.598657847127612
3375,Quang Ninh,VNM,2004,2004-12-02,0.05988719575546846,0.2316990819225652,0.04291675825158212,0.06795221279293685,0.24865982962209374,0.1728088711457103,0.0867757412998092,0.5976731438066707,0.47756844346765953,24.930130796571362,13.136931857636375
3378,Son La,VNM,2004,2004-12-02,0.04549544060556422,0.2466809316778266,0.026775771119115045,0.05346923847976617,0.27219247966006516,0.17899424430809335,0.08268193921597015,0.6857491705719492,0.568928785777001,21.229352807696642,9.811428432950047
3379,Tay Ninh,VNM,2004,2004-12-02,0.08224014360739398,0.30726186767943264,0.04786353634987964,0.08291978957362897,0.3316698451532497,0.2565811913479492,0.151965681166922,0.5655469482588631,0.7577379199823197,33.520632630506135,18.340483925264806
3380,Thai Binh,VNM,2004,2004-12-02,0.09923163962515373,0.19792917541745997,0.058505810331248444,0.08833646478899662,0.2083308630704022,0.1794810657645536,0.12671345633666792,0.32478221463544804,0.2981036847882112,26.285082594777457,13.62676679212756
3382,Thanh Hoa,VNM,2004,2004-12-02,0.055781276439939256,0.24416289015069795,0.034617210570508275,0.06251173267476723,0.2565074944569955,0.1738644208037103,0.08525542831703412,0.6259906841935969,0.5088659808535134,24.211762962913987,13.395540876344011
3384,Tien Giang,VNM,2004,2004-12-02,0.08108407432008077,0.23131423035510032,0.05895264702263739,0.0875018692197523,0.20973757847385804,0.13834167254357949,0.06665590483393846,0.48453210532108887,0.3252112189945707,31.13606174893531,18.870945344195462
3333,Binh Dinh,VNM,2004,2004-12-10,0.3763050906262039,0.45820289033340306,0.37884616986384606,0.3816374568403038,0.44790354929698406,0.3732737371359013,0.2486775774933243,0.13715734259358342,0.15096207631973627,23.092288065977954,17.278981859755774
3338,Cao Bang,VNM,2004,2004-12-10,0.04990698159573444,0.2349382229475551,0.030416293700568673,0.055703429758998585,0.2669150702524097,0.18250450977655314,0.08835761557860113,0.6482917151552505,0.5352376283253982,21.71691962813005,9.001452648402926
3355,Khanh Hoa,VNM,2004,2004-12-10,0.1278738343697901,0.30827402989085606,0.12048815745686783,0.13790375443952427,0.3035757610186927,0.21381250495256995,0.12224441450710209,0.48569345538545666,0.4102365334727046,25.639565083025065,16.770101933763353
3360,Lang Son,VNM,2004,2004-12-10,0.054999568458802855,0.23116439254879786,0.03555286091962953,0.05906071921139728,0.26294853763278786,0.18194620237220555,0.08970616961967406,0.618803498820101,0.5043540586441544,23.595168969708123,10.368213333518938
3370,Phu Yen,VNM,2004,2004-12-10,0.364215085857032,0.4673739264126745,0.3610457931380287,0.3694430102884547,0.4523456210265041,0.36667636153555083,0.2440217569164356,0.17989690882685744,0.20965679986031105,24.857716164503106,17.398092497444672
3371,Quang Binh,VNM,2004,2004-12-10,0.2126984761324979,0.33121590678270796,0.2143635125601147,0.22203962928655077,0.33547838603803765,0.2672310620477181,0.17012938546588716,0.31932219565756464,0.28450301268949607,22.572002791125236,15.610619789061877
3374,Quang Ngai,VNM,2004,2004-12-10,0.3211876836829644,0.41724604368970153,0.3213906029181758,0.3283625978537278,0.4064936753618115,0.331199767986141,0.21186179856498785,0.17032119648894015,0.17309463002668904,24.667974409224538,16.71870111945729
3376,Quang Tri,VNM,2004,2004-12-10,0.1323195186927905,0.27515984557858664,0.12800481976936443,0.14152358099792675,0.27974758239761444,0.2088331018683175,0.11903977394563074,0.43091317021299175,0.342941645616955,24.29977743122822,17.140678423970154
3383,Thua Thien - Hue,VNM,2004,2004-12-10,0.1394001972849785,0.2608578710686569,0.1394026449172405,0.14901374592645153,0.2676889416242346,0.20691554398939332,0.12393543971312532,0.3617066150719615,0.284831676937089,24.621354742215882,17.582468459458973
3327,Ba Ria-Vung Tau,VNM,2004,2004-12-10,0.06548963322373705,0.24598175527945124,0.03675465845943092,0.06537262639983381,0.2640676310266214,0.19430323373983463,0.10710037077544164,0.5227947675669317,0.5900082603008854,32.97074383548842,19.914124041131405
3336,Binh Thuan,VNM,2004,2004-12-10,0.0853782723173172,0.2788658987052593,0.040680154498186946,0.07412113420233704,0.3236239994429761,0.2567824460696449,0.1556925501361245,0.5630659119474642,0.5380423027095717,34.283286677138214,19.30667997211267
3342,Dong Nai,VNM,2004,2004-12-10,0.04973489182284717,0.2624132971851684,0.0279731321212105,0.0564078419192946,0.269685214209824,0.1776391094178481,0.08580799819315889,0.6371100347959235,0.6083466767708852,31.67967494413003,19.95391351655189
3344,Gia Lai,VNM,2004,2004-12-10,0.12989807929600714,0.312454099167523,0.1095942663176044,0.13092552520528558,0.3336209584245237,0.24602155274637658,0.14194738273166815,0.5051531834470588,0.562720719952896,27.600681301367388,16.616674153842602
3345,Ha Giang,VNM,2004,2004-12-10,0.04603327457074598,0.24262125453542305,0.026834205960407698,0.05284882342857349,0.2681749538349396,0.18038311039864818,0.08425979783594759,0.6786456451909356,0.5652470665102226,20.7086010921934,9.546448882270138
3347,Ha Noi City,VNM,2004,2004-12-10,0.10976969621906439,0.22929745241888042,0.06603155035291136,0.0996452777225679,0.2516275151489038,0.21677813427377715,0.15039061702963002,0.346983230430926,0.4321629051374587,26.606679029794783,12.919536765159371
3348,Ha Tay,VNM,2004,2004-12-10,0.10349137080244657,0.24450121584088097,0.06347056792345407,0.09811607038251131,0.26207501785579773,0.21253187034488602,0.13382669255465718,0.402993712122251,0.43145398761861603,25.871528934705537,12.37151869990851
3349,Ha Tinh,VNM,2004,2004-12-10,0.09251229744616396,0.22330979205234594,0.073978875152366,0.09831574661952333,0.2264763622714212,0.16580958738358695,0.08595376320050209,0.4580632178319849,0.32149059100775923,23.530850984180404,14.508634665873634
3353,Hoa Binh,VNM,2004,2004-12-10,0.06455273730546739,0.26225705531453175,0.04437963043543907,0.07205170832416966,0.28165451480073195,0.1928501055305108,0.09375911370834313,0.6028449924484782,0.5410361908394755,23.681939988102826,12.388998428410648
3357,Kon Tum,VNM,2004,2004-12-10,0.09119443035284622,0.3114100868705015,0.07696025640225058,0.09941493677612516,0.31762383876852784,0.20668281273021116,0.10358415017790142,0.6467581438802783,0.5744571229427404,24.463305243512668,14.986031198685238
3366,Nghe An,VNM,2004,2004-12-10,0.06066031954129879,0.24565436116290568,0.04129912664947319,0.0679347560042895,0.25418840706987267,0.16392607806337942,0.07523311121651255,0.6099763402449567,0.4617198836136353,23.113195577657006,12.692079039400422
3367,Ninh Binh,VNM,2004,2004-12-10,0.09890442917069535,0.21754587014117913,0.06111538326635285,0.09227755083665504,0.23237426576368106,0.1882065639641818,0.11854696397842603,0.3696973120292545,0.3444424843576956,25.397095686403553,14.152180928325889
3368,Ninh Thuan,VNM,2004,2004-12-10,0.09584370207749414,0.29542395977995106,0.06085961692753766,0.09302442378005557,0.3248669543154952,0.25063128791147676,0.14898097076376637,0.5423928156451794,0.3411399562605486,30.1535547010347,18.564334341396286
3377,Soc Trang,VNM,2004,2004-12-10,0.0659308465847452,0.28104513036900475,0.03502426902387308,0.07537840518699072,0.23832353218565033,0.14959817514505483,0.06719753210038211,0.5714469527187823,0.4815360644752032,29.16496573098572,21.66862457812153
3386,Tra Vinh,VNM,2004,2004-12-10,0.07055876595513574,0.245240711396705,0.036529980625715594,0.07538375638772023,0.2204143914888258,0.14697401955900502,0.07044147999693828,0.5098484691989963,0.41039746473930344,29.70638196498818,20.875554277389387
3387,Tuyen Quang,VNM,2004,2004-12-10,0.056329037753401846,0.27383723485138356,0.04309435361403201,0.06722908110457251,0.28795628762138364,0.18549411571389796,0.08292663848558332,0.6596451854453085,0.5568539960219532,22.526258302750072,11.298714313416822
3388,Vinh Long,VNM,2004,2004-12-10,0.05561131303647663,0.26520118232716283,0.03356904548372868,0.07229448293348176,0.22906098929133714,0.1479787244498028,0.06529328529298983,0.6251651771408848,0.49342971634190325,29.99170044736092,21.14307220333274
3390,Yen Bai,VNM,2004,2004-12-10,0.051078064119222395,0.2503884815456843,0.037692400781715624,0.06099784832113216,0.26696961237599043,0.17308925088110239,0.07716645138431746,0.6635035128261327,0.5191226627126353,21.19592470235698,10.30427107393567
3328,Bac Kan,VNM,2004,2004-12-10,0.047573484756351016,0.26470755023765535,0.036969614933924595,0.05868876812166036,0.28104432048566486,0.17411441410863568,0.07420618710371106,0.6968917410712856,0.5514492046108112,21.836099543034774,9.817468592588162
3329,Bac Giang,VNM,2004,2004-12-10,0.07702353473195543,0.24221348855338545,0.045808782120479764,0.07457998846994583,0.2708004261452142,0.2046841121449512,0.11764993169493032,0.5221383838390873,0.5227872956396783,25.790838728477752,12.416442018880012
3330,Bac Lieu,VNM,2004,2004-12-10,0.07184258022912911,0.21552199064967087,0.039628165830037525,0.07622763238656742,0.18570702664887942,0.12370370249036472,0.059830085442653294,0.42982916216044603,0.3232351191673113,29.655782323820397,22.495591217776926
3331,Bac Ninh,VNM,2004,2004-12-10,0.12537875218816147,0.22239863868791654,0.07300442245357101,0.10876909642172274,0.25039676737129757,0.23005324449575026,0.16604850915322786,0.2773082696748113,0.36513592603856826,26.998062061100033,12.638160897126658
3334,Binh Duong,VNM,2004,2004-12-10,0.06504613782927436,0.2952786762579821,0.03655798685971818,0.06898943008754879,0.3197888560915977,0.23298034126842396,0.12251244158706301,0.6333515670536383,0.7769678602277829,32.77476523311957,19.458060728125815
3335,Binh Phuoc,VNM,2004,2004-12-10,0.05561005693026057,0.2882193541660944,0.02805430500674697,0.058771103436000664,0.3011735241616834,0.20209203503520207,0.09806019401297461,0.6702457859380314,0.6522872949555956,33.39160165815079,18.709815140699504
3339,Ca Mau,VNM,2004,2004-12-10,0.05936036890181694,0.17875750522298933,0.03396010255034624,0.06414228369654415,0.1527437974551495,0.09326430092984615,0.04275566144041777,0.4548226589834324,0.2529924367378026,28.656488145049664,22.825211479091926
3340,Da Nang City,VNM,2004,2004-12-10,0.17466600119826908,0.28945481112744764,0.17660505208792102,0.18410699293524593,0.2886460476965262,0.22410945722673414,0.13926745199422724,0.31936443174433365,0.2586502083843595,24.678517653674696,17.644217548600594
3346,Ha Nam,VNM,2004,2004-12-10,0.10838324016433881,0.2358738582123835,0.07105695560696713,0.10325771771593815,0.25017628402820163,0.20358783525492175,0.12984361801206057,0.3706841486744729,0.36181580828078774,25.14897406496817,13.311438259754185
3350,Hai Duong,VNM,2004,2004-12-10,0.1095875228910046,0.22444706740720324,0.06239443415515689,0.09859537890323423,0.23905410019133622,0.20167005339547447,0.13796449893115995,0.3445098780200861,0.35509346929204494,26.609506995913502,13.292032584425199
3354,Hung Yen,VNM,2004,2004-12-10,0.1177973881333997,0.240402877475156,0.0670635041266115,0.10331886321896362,0.26075233844602735,0.2248820592868172,0.15653000325254987,0.3407817990741982,0.40865836774112724,26.72087844090055,12.059987156848617
3364,Nam Dinh,VNM,2004,2004-12-10,0.1182454266127725,0.19851231720097892,0.06813829867679314,0.10152133335617594,0.21406313801687968,0.1945794385439645,0.1431362076462184,0.2493836584384071,0.262868409870959,25.628732110839284,13.625063114702545
3369,Phu Tho,VNM,2004,2004-12-10,0.07053817495507733,0.2595366405747199,0.0462110125011291,0.07522014742691194,0.27402270452164545,0.19088951195392673,0.09600235959742974,0.5686315493008425,0.5037178436710416,24.245947856289266,12.028882507502846
3372,Quang Nam,VNM,2004,2004-12-10,0.15261280919696427,0.3088232520321597,0.1520464731605877,0.16336052448526187,0.3098300508793899,0.22902510913877758,0.13578360346895255,0.4168867564315876,0.36194167456065335,23.83030914116784,15.772922230722134
3381,Thai Nguyen,VNM,2004,2004-12-10,0.067427112990555,0.25974773648385013,0.04983352812939384,0.07397854342462241,0.2805160904876052,0.19426321850947886,0.09866657818151994,0.5923961930258997,0.5380419327905586,24.568619420591077,11.673323687508189
3389,Vinh Phuc,VNM,2004,2004-12-10,0.0879750333450362,0.2577966963220682,0.05266955132237335,0.08663079651986505,0.27307081866426214,0.2064330680660276,0.12023190005117868,0.49010665398949127,0.509777069644008,25.215772285553307,12.940030753179514
73933,Can Tho city,VNM,2004,2004-12-10,0.05560366615513486,0.28199593731575134,0.03535175500465624,0.0762325832318532,0.2434674580947878,0.16662949688948175,0.07541892753235863,0.6398527646582547,0.5582614148210716,30.499090454822042,21.697473677628558
73934,Dak Lak,VNM,2004,2004-12-10,0.11087272485359138,0.2887888102238644,0.08837675653008466,0.11142952362026622,0.31440712721102276,0.23330380192825168,0.13240709762920597,0.5111150214641392,0.5239206194884565,28.661737096275942,16.727984300058683
73935,Dak Nong,VNM,2004,2004-12-10,0.06327757396610093,0.2766243596026826,0.04167311795676499,0.06668790453983034,0.2917518285983439,0.1890693039600716,0.09324131118910559,0.6517899256684926,0.5700785044166113,29.550904520561655,16.41788630461417
73936,Dien Bien,VNM,2004,2004-12-10,0.05893190362907846,0.2692017828806316,0.041820328857985485,0.06674323958708112,0.28784439952648827,0.18345967820455353,0.08531795561952844,0.6726648243081709,0.542166790678224,20.424204410754573,9.662027222143758
73937,Hau Giang,VNM,2004,2004-12-10,0.05299207399132111,0.23568912731940925,0.032263801403204416,0.06615818835564286,0.20119938030401927,0.12867967880805173,0.05600002240072584,0.6161892835758018,0.41358975311330887,30.29701347699948,21.744816473485482
73938,Lai Chau,VNM,2004,2004-12-10,0.06757938355914098,0.2789015018491827,0.04725700775490061,0.07483418146760228,0.29394394150571235,0.1898656982840937,0.09146405149168753,0.6698967813350255,0.5441803025894898,18.876775213379165,9.524443902987272
73939,Lao Cai,VNM,2004,2004-12-10,0.04745210472468391,0.23946686490538455,0.031631215420760646,0.05535593358632156,0.26024190968374605,0.16949852285255115,0.07531629881337386,0.6727624688018564,0.5067197369287751,19.801280119824636,9.401732994938166
3326,An Giang,VNM,2004,2004-12-10,0.07295889927006971,0.19332875716294226,0.04144136410455902,0.07512421560755446,0.17715276326054238,0.1343509315356336,0.06937981745226328,0.4180972393431618,0.2909727367834977,30.014766631646893,21.395184828883984
3332,Ben Tre,VNM,2004,2004-12-10,0.06872144088462574,0.23403282953309956,0.03786834583280306,0.0720350081321094,0.20950816242885667,0.1292987196494686,0.06033460940049204,0.5046721231467562,0.36367888291613915,28.89392059841876,21.07459779036631
3343,Dong Thap,VNM,2004,2004-12-10,0.06537173389101246,0.22648456156470698,0.038712834532259835,0.07553050288031456,0.19638601215156773,0.13611324012295656,0.06396667680336363,0.5073253266559179,0.3721572804928694,30.42409946437065,22.00391967859642
3351,Hai Phong City,VNM,2004,2004-12-10,0.1115829783238294,0.18736412921728954,0.0750928095316666,0.10452985627916757,0.19383275054898003,0.16413589861738767,0.1108100057279074,0.26268791884659376,0.20709429407768287,25.666160818658774,14.7988041365419
3352,Ho Chi Minh City,VNM,2004,2004-12-10,0.0724429126866419,0.23134813031375778,0.047262124939248834,0.07629847531208789,0.2221265686526215,0.15630672555280464,0.08811672084685834,0.5018379718311045,0.4399120004281584,31.32416128808587,21.58875627779519
3356,Kien Giang,VNM,2004,2004-12-10,0.04943372183899023,0.2365364528377914,0.028441676962599333,0.06118346088453573,0.21728721613989932,0.14132737868196832,0.06333172920859227,0.6293816964602953,0.44723474280493086,29.1972922202475,20.98926987692745
3359,Lam Dong,VNM,2004,2004-12-10,0.043026127533581794,0.2612161375681298,0.024186798110461576,0.0500793781922052,0.2732979218536162,0.1682531435244842,0.07522012361646518,0.7228786721007887,0.5744205120407917,27.333286383849558,15.39614848245571
3362,Long An,VNM,2004,2004-12-10,0.06663668518539884,0.21801280556015468,0.041004523785384626,0.0716028297213471,0.20308897008212948,0.13984962034245763,0.06943590101611369,0.5081410488835723,0.39177648149002536,30.787540347548536,21.737218689034417
3375,Quang Ninh,VNM,2004,2004-12-10,0.06789198990959248,0.22560013635772821,0.05158316524846135,0.07485974752398519,0.24175546995660335,0.1691881951510055,0.08678738502567952,0.5523521440258626,0.42482062110148816,24.800299449446943,13.137684376764819
3378,Son La,VNM,2004,2004-12-10,0.05036133188673203,0.25204100189068496,0.02985358748279651,0.05635315413319628,0.28114676551246126,0.1877094641310302,0.08765618928609631,0.664097914764617,0.5765367375202046,21.817917681984678,9.902033894290414
3379,Tay Ninh,VNM,2004,2004-12-10,0.07646476121413512,0.2728312480431999,0.044395724392487484,0.0752416328279384,0.2989175771177646,0.23428781022461018,0.14173448837063438,0.5506336908780457,0.8956450978797238,35.13353136516026,19.327590709432364
3380,Thai Binh,VNM,2004,2004-12-10,0.11249481632710522,0.20720235884658314,0.06576932052045383,0.09872840232005431,0.2199549256026319,0.19357731583487173,0.14117933111516398,0.2921180050533847,0.29909755216409056,26.37301371398821,13.336057386322924
3382,Thanh Hoa,VNM,2004,2004-12-10,0.07126637239295538,0.27799445104702375,0.045298785564129286,0.07701593869835195,0.2943078994892428,0.204439800445809,0.102004484296044,0.5889482435994492,0.5696309216349239,24.255713238033287,12.796559616307388
3384,Tien Giang,VNM,2004,2004-12-10,0.06784070323512924,0.23808813915936786,0.04179357260203924,0.07510163449174849,0.21468582955321355,0.14161480410786073,0.06764803585170706,0.5437291529453687,0.38924089184746646,30.738168208003817,20.943121624482103
3333,Binh Dinh,VNM,2004,2004-12-18,0.05076442479231169,0.22785791404189643,0.03324673182287355,0.057875063218247175,0.22712039944482465,0.14610193591212672,0.07076278845444596,0.6628319248820637,0.4730435443131208,24.497935283328495,16.65357080972418
3338,Cao Bang,VNM,2004,2004-12-18,0.23513865279647364,0.33794191155806336,0.2309211745150629,0.2400207671195379,0.3534525578748597,0.28935888208144134,0.19126255481486457,0.25324837148839147,0.24206559336385777,21.598727839408053,13.224773650638374
3355,Khanh Hoa,VNM,2004,2004-12-18,0.07342883521038107,0.30279992555643914,0.05691683938914036,0.0839194348306817,0.2997286529436025,0.19304158087463108,0.09483478606121162,0.6350673674836392,0.5861736963638935,24.451999635861018,17.551366769846375
3360,Lang Son,VNM,2004,2004-12-18,0.14457669271830378,0.29368210558820557,0.13037276554657745,0.14859535307085575,0.31481738997358005,0.24001580982036416,0.14242927584178408,0.4177048474789601,0.38648289017113857,23.335061795364247,14.689419058798977
3370,Phu Yen,VNM,2004,2004-12-18,0.10834434975202398,0.30591720212998486,0.09460022881019256,0.11874309043888999,0.3010404247916714,0.20539218323200195,0.1097037916219562,0.5201014827905933,0.5755746651258847,24.027649608415402,17.728980637153
3371,Quang Binh,VNM,2004,2004-12-18,0.04210753412057738,0.22246257571016864,0.028085765917146097,0.05040818168761745,0.23022840900347627,0.14898330146927594,0.06681624470104583,0.6992125394940327,-1.19987944579009E10,24.897596449778078,16.206830098354903
3374,Quang Ngai,VNM,2004,2004-12-18,0.0503775797270195,0.2627166505061336,0.030454717803853025,0.059710753580130276,0.26864379221817397,0.18031016535257272,0.08291335410670889,0.6771100222219354,0.5761680304811536,26.29321446039153,16.651310260800365
3376,Quang Tri,VNM,2004,2004-12-18,0.05228486395147514,0.2541402329458089,0.03445767075193006,0.061335331878032445,0.2630967215122179,0.17742740780912727,0.08294542954510774,0.6640996124361377,0.547104817100711,26.116891209941215,16.100539435439934
3383,Thua Thien - Hue,VNM,2004,2004-12-18,0.047744076673629995,0.21131414961893885,0.03246681022323266,0.055200926347694336,0.22246626675468784,0.1520684315679801,0.07427714212510947,0.6462357726206519,0.4383826325139021,25.75787336671189,16.61378498750548
3327,Ba Ria-Vung Tau,VNM,2004,2004-12-18,0.07223170463291716,0.23331603719333543,0.04496160540268585,0.07129980874973607,0.25041150595838557,0.1843346660199233,0.10261057359510593,0.5187646671174378,0.49629336899308957,31.14077624980832,20.893512471451785
3336,Binh Thuan,VNM,2004,2004-12-18,0.09103879840600707,0.267313725946618,0.048601573579273805,0.07953353398053778,0.31054678302696165,0.24787969443627597,0.14994524421952812,0.5230402820161542,0.7200046473925392,32.5231377091622,19.467186905148743
3342,Dong Nai,VNM,2004,2004-12-18,0.04886785710861131,0.2405145732112545,0.028188811457938296,0.053968676723860236,0.25071464267320315,0.16577191803229954,0.08087992196988496,0.6210841204122005,0.5460528579292728,30.30191527858827,19.954309738121214
3344,Gia Lai,VNM,2004,2004-12-18,0.06328452170017058,0.2607902924295832,0.035943170706741454,0.06286903159488721,0.2866936283283955,0.19522631952362005,0.09906238957045269,0.6261388033974409,0.5577551163350921,28.61972487587003,15.376857977858615
3345,Ha Giang,VNM,2004,2004-12-18,0.17860945237759573,0.3003341608603679,0.17078918540808025,0.18361383678306936,0.3156569334608577,0.2469084497821286,0.15392206532507852,0.35710468265144735,0.3077933299184927,21.587086214368227,13.233331378856795
3347,Ha Noi City,VNM,2004,2004-12-18,0.11934304550496824,0.2671192139703779,0.07090682452139829,0.10905512242977773,0.28829614436031964,0.24748092711587788,0.16689386289470576,0.37724522994865095,0.5784658418475677,28.552550183377278,18.223150722366764
3348,Ha Tay,VNM,2004,2004-12-18,0.1087695593539068,0.2665194465381972,0.064574249284636,0.10214491119030528,0.28501470527333855,0.23431542740913233,0.14701029975921856,0.41859276140740465,0.511232194679998,28.384691141780337,17.789659383422453
3349,Ha Tinh,VNM,2004,2004-12-18,0.05050068484839817,0.20479419886491956,0.029698155495768493,0.05591833475768837,0.21105529454208397,0.1464246082610968,0.06970782305379619,0.6173997518675011,0.41258045969584634,25.652882502412005,17.078542467895428
3353,Hoa Binh,VNM,2004,2004-12-18,0.047619198869741704,0.21398275803131397,0.03152221111512259,0.053602605019912736,0.2300511072667476,0.1552839742587083,0.07326883100260648,0.641559978419299,0.4442834641794562,25.68160299796802,16.72591491073241
3357,Kon Tum,VNM,2004,2004-12-18,0.037149133753765516,0.2660237246187829,0.02095331138673717,0.04551938857729722,0.27593450776469886,0.16313589851044313,0.06832750475359389,0.7612107057074735,0.5881605947514124,25.517020021235428,13.556222863944008
3366,Nghe An,VNM,2004,2004-12-18,0.045581830276702276,0.22291156353068134,0.029645010186056236,0.05220670555375562,0.23500125696364288,0.1525532887405681,0.06996129225745325,0.6755745562484343,0.4633785035956535,25.599022181244642,15.993654795402126
3367,Ninh Binh,VNM,2004,2004-12-18,0.08334331713754528,0.19213529850891653,0.04919330655462438,0.07677880781886352,0.20316217677576298,0.165439459780534,0.10401946793778116,0.40398508364217517,0.31942800744604166,27.9110110963464,18.329380414091577
3368,Ninh Thuan,VNM,2004,2004-12-18,0.08117162317821545,0.28048171110567605,0.04300905270214431,0.07607893112957477,0.31232334517600624,0.2368204399506356,0.13566979695934903,0.5701728052040883,0.4234178292790291,29.455141380464692,18.9101041326881
3377,Soc Trang,VNM,2004,2004-12-18,0.08519835233305666,0.29074427726825597,0.057534436694249916,0.09532935271503064,0.2550950019213851,0.16816764237694065,0.08391845520637738,0.5302791470772225,0.46034201126402513,27.74145662766277,21.245987706129917
3386,Tra Vinh,VNM,2004,2004-12-18,0.1052118719766429,0.3017054866297759,0.0767791809180184,0.11512110338923832,0.28201003699970856,0.19794553957446745,0.10455160204509664,0.45665078697125916,0.4661498127863269,28.85673462145134,22.293951037893365
3387,Tuyen Quang,VNM,2004,2004-12-18,0.15449000248095027,0.3144620397903688,0.1523117996495266,0.16461758643784552,0.3237097984578677,0.23961983623267785,0.13901955314876568,0.4046245573602899,0.37830647276764207,24.029086172579035,15.922556931408861
3388,Vinh Long,VNM,2004,2004-12-18,0.09160137474794153,0.3143815441736239,0.07962949265807419,0.11044448516144517,0.2826190679830288,0.1872972703988936,0.0927912100229508,0.5434990339734489,0.500153799401817,28.437676571208275,20.88918278026678
3390,Yen Bai,VNM,2004,2004-12-18,0.11205508187649792,0.2613831191692989,0.10518141789536627,0.120188332717602,0.2746212159486009,0.1974405327603342,0.1100321166584833,0.48698169270635494,0.3715036216709461,23.03306892758125,14.014098345708916
3328,Bac Kan,VNM,2004,2004-12-18,0.1816341667670858,0.319585567138178,0.18316359705452476,0.191198097962568,0.3269234025115541,0.24405879924638343,0.14724721003626018,0.35206198002787126,0.30355910367437483,22.416577179172403,14.623291672236943
3329,Bac Giang,VNM,2004,2004-12-18,0.08180926792322527,0.2556643017139851,0.053199406575632636,0.08153792617730794,0.27603233935237814,0.2004132193709566,0.10510784482507125,0.5300547411241142,0.4708702537095963,26.033571118062913,16.42116410689614
3330,Bac Lieu,VNM,2004,2004-12-18,0.07805782505775546,0.21956308339717887,0.045423985248311476,0.08153209398100272,0.18994675293510302,0.1278944767691233,0.06415614589588356,0.41744929183399665,0.322995897947655,27.873081799437394,21.879079724191904
3331,Bac Ninh,VNM,2004,2004-12-18,0.11685604077362026,0.22146194956114187,0.06845421759376384,0.10304002482608914,0.2373761447802266,0.2042036907079334,0.13168355293873796,0.3072501010921702,0.29038087478922475,26.736133892939105,17.908321279779468
3334,Binh Duong,VNM,2004,2004-12-18,0.06377195210775598,0.2638409104535802,0.03697523664605307,0.06613886948448186,0.29060983779177396,0.21185570354150493,0.11179887056300848,0.6079952970879835,0.4775112659256778,31.143699230601708,19.111230867837158
3335,Binh Phuoc,VNM,2004,2004-12-18,0.05380029980745768,0.2617541885020516,0.028900376441412547,0.055509318503008054,0.27945313912739134,0.18829273400789914,0.09344776939300331,0.6558484734330132,0.6177406902948903,31.405050108620017,18.236327993710255
3339,Ca Mau,VNM,2004,2004-12-18,0.07943098274154967,0.19115107031451556,0.05756422179562767,0.0846787961278627,0.17008001907566864,0.11335306672106206,0.061897813730941505,0.39834521033471315,0.24253618452754383,28.1242932853346,21.430658062852185
3340,Da Nang City,VNM,2004,2004-12-18,0.04846342975946545,0.23841020116013326,0.03174136960791047,0.05744769768776634,0.24418723475715645,0.1617547864458159,0.07628427744120544,0.6682704125453185,0.5087741343090052,25.749928348680726,16.927998913187146
3346,Ha Nam,VNM,2004,2004-12-18,0.09344728832717034,0.22675685442988353,0.05783165350447346,0.08929602202612424,0.23809491267655747,0.19349908443206423,0.12206602757181349,0.4209305302486294,0.3915490683760583,27.620185626617648,18.014919806126336
3350,Hai Duong,VNM,2004,2004-12-18,0.09505169950149951,0.2162520109887767,0.0565912226573208,0.08890913654063651,0.2215456622401162,0.1755661216961587,0.10686616792955878,0.3881473292984194,0.3163407140873179,26.323231249598845,17.736452086188233
3354,Hung Yen,VNM,2004,2004-12-18,0.10851341288815668,0.24503150247183908,0.06117895708107691,0.09666668622127336,0.2588078667496011,0.21776228948089776,0.1439855392207442,0.37974495844321077,0.42342646456455135,27.33051722221529,17.928622227065425
3364,Nam Dinh,VNM,2004,2004-12-18,0.10974679578142936,0.19261625551040829,0.06913446700135761,0.0966075485051744,0.20363329355481805,0.1814707464852134,0.12768582411830523,0.27615444387252025,0.2658453720120802,27.27248828412722,17.6738441637097
3369,Phu Tho,VNM,2004,2004-12-18,0.12518318087227662,0.28394982829957377,0.1103281901089744,0.1313432442669809,0.2926821841735051,0.21791680325074148,0.12421373443856333,0.4428896184060794,0.39474113418040985,25.7581272672929,16.90360093807207
3372,Quang Nam,VNM,2004,2004-12-18,0.042018071381939866,0.24524707416008257,0.028227116763588172,0.05192887887050586,0.2504253051610303,0.15763516114468223,0.06878650481877513,0.7186439017768121,0.5434482651319872,25.008992939521313,15.63372651696475
3381,Thai Nguyen,VNM,2004,2004-12-18,0.1224601448650334,0.31028075973295943,0.10923235610886117,0.1303950049319098,0.32424356610419686,0.23641605953926012,0.12978244417775925,0.4817739137879846,0.47963198176958466,25.025562316689843,16.904471176886705
3389,Vinh Phuc,VNM,2004,2004-12-18,0.09688005759387487,0.2836158178969147,0.06203650551930304,0.09659593292658432,0.29789368258951143,0.22725031704953896,0.1291545631487465,0.4920911653165928,0.5477540553188575,27.74601263063048,17.644181800697122
73933,Can Tho city,VNM,2004,2004-12-18,0.04730839509370108,0.382776056033414,0.030646614797141276,0.0748188065141804,0.3321751067604873,0.21808220474870726,0.09312748903466539,0.7575291833745507,0.8955680196894211,27.27641875774992,21.233876939308786
73934,Dak Lak,VNM,2004,2004-12-18,0.07186864109498814,0.24952937812764575,0.04552693506498493,0.07050389570378734,0.2791736612364729,0.1997664093685908,0.10698000552943429,0.5758024558976067,0.49658685221933313,28.191725475287683,16.095045672445064
73935,Dak Nong,VNM,2004,2004-12-18,0.04949221563150353,0.24882746146481113,0.026018185943235777,0.05077120352279961,0.2667435711046696,0.16893920093828088,0.08015696773234067,0.6775286462592557,0.5319465081834758,27.99394289151086,15.439476986065339
73936,Dien Bien,VNM,2004,2004-12-18,0.041467989641741705,0.24664607531205426,0.024591732300711492,0.04801202127740549,0.27025788180601096,0.168818618244271,0.0729873691707231,0.7146410451088054,0.5449165140271782,22.90992636448072,11.895667839561343
73937,Hau Giang,VNM,2004,2004-12-18,0.0504601694988269,0.29060545664454207,0.031115065924187623,0.06892684554699363,0.25454990284403134,0.16298327521589417,0.06936210314098365,0.686685194562974,0.5769212835977298,28.337569841673805,22.074211201968527
73938,Lai Chau,VNM,2004,2004-12-18,0.05388213752021048,0.2568726113071064,0.03452016248258783,0.06024585224494162,0.2760958474503446,0.17626124626875167,0.08190675115182387,0.6963113290852944,0.534577947640156,20.877964144948535,11.756813162058135
73939,Lao Cai,VNM,2004,2004-12-18,0.09458265861288373,0.2544712734448354,0.08224101415316609,0.10104002733562734,0.27282358764157694,0.1940219904842539,0.10356241738200075,0.5346917466430712,0.4130620826762233,21.818284764044268,12.978468905715788
3326,An Giang,VNM,2004,2004-12-18,0.05676036344938215,0.27871864543516583,0.033259576286287375,0.0739806587516654,0.24742647450133426,0.17194805033236796,0.08061955670703445,0.6312741513525254,0.5720803090248531,29.412083650185885,21.109961669535398
3332,Ben Tre,VNM,2004,2004-12-18,0.10791798726830469,0.2357422012168972,0.09000727417491534,0.1132923711870114,0.21796578802931763,0.14562869675022247,0.08065201056061368,0.37377795101354944,0.26513823310283685,29.061748392015854,23.06054512080339
3343,Dong Thap,VNM,2004,2004-12-18,0.06034632811609923,0.3120447682739697,0.03954780911305117,0.07986657491680454,0.2740549658857166,0.18246198307804534,0.08233336837248471,0.6452933170323591,0.6284562531561894,28.299774575490453,21.493552906651455
3351,Hai Phong City,VNM,2004,2004-12-18,0.0838393384468654,0.16876384080979467,0.053744933820541047,0.08060361448369059,0.16582414695099623,0.12770567404855696,0.07384448504506538,0.32367429691026445,0.2064413715052434,26.03322321534897,18.184216012609514
3352,Ho Chi Minh City,VNM,2004,2004-12-18,0.07626046109598898,0.21531154902685237,0.052625735984397945,0.0806935265548763,0.2056579839477653,0.14356388709197973,0.08015399929190932,0.4693559790570512,0.33732576685595095,30.15918104532973,21.759460931325687
3356,Kien Giang,VNM,2004,2004-12-18,0.04903758806390147,0.2893316737085136,0.028302650595623383,0.06476357788164215,0.26788106720254246,0.1733944454002295,0.07707225199607441,0.6818212003802494,0.613356889718302,27.80904342318618,21.64964555127578
3359,Lam Dong,VNM,2004,2004-12-18,0.04132386128707678,0.24983589649091695,0.02289524791521626,0.047454290469290984,0.2627694804941714,0.1594439610699075,0.07058884606432005,0.720483172466739,0.5392003617072512,25.946746472706767,15.215683631400449
3362,Long An,VNM,2004,2004-12-18,0.07783990247827609,0.24541390019305978,0.05763441404189624,0.08713967404207569,0.23214940227999908,0.16045448688908648,0.08217863627438442,0.5120351434487397,0.4042990305766534,28.781045842057814,21.95628696557743
3375,Quang Ninh,VNM,2004,2004-12-18,0.07797504312115836,0.24728919182195,0.06297130011279382,0.08704005984213363,0.26094424308978303,0.18208605301715997,0.0921305270743213,0.5470108815531011,0.4486647740452559,24.96042152487712,15.896533930006166
3378,Son La,VNM,2004,2004-12-18,0.04527908375324533,0.22229577328052072,0.0265187006772448,0.04921477865931804,0.2523680873220745,0.17039851986838994,0.07997604553009335,0.6623071679095909,0.5031456762750062,24.252772293339138,13.044745561546113
3379,Tay Ninh,VNM,2004,2004-12-18,0.07433159751950895,0.2561824491588283,0.04368391290982993,0.07419421561285354,0.2817084657864262,0.21985638458297527,0.12976432640417757,0.5432496447647054,0.7821521415649418,32.50099828743944,18.720626510098835
3380,Thai Binh,VNM,2004,2004-12-18,0.11824537149460432,0.22237978707445197,0.08150402147772763,0.1091673474314858,0.22709105924833944,0.1910035974549252,0.12691141263583253,0.31607205363719687,0.2870234176280014,25.942133789683407,17.44262711770079
3382,Thanh Hoa,VNM,2004,2004-12-18,0.05185838500696555,0.21711127430882335,0.03178367585541392,0.0564707103775237,0.22935996208449544,0.15733949379851989,0.07638193199719269,0.6191330608324238,0.4400346294703652,26.11148427852012,16.676664448231918
3384,Tien Giang,VNM,2004,2004-12-18,0.08064590689524587,0.26239259565427486,0.062013839423207644,0.09176863614907842,0.24076625316529082,0.16138630894033093,0.0804659200509504,0.517195840898352,0.4254526639448421,29.293709747613075,22.41043029027887
3333,Binh Dinh,VNM,2004,2004-12-26,0.1544586379350652,0.2862040063925399,0.15102121044093994,0.16230443454734395,0.28349160626037273,0.20642447234185152,0.12326621858910335,0.3655180907842214,0.30053721216104207,24.262467463128495,13.556207697433681
3338,Cao Bang,VNM,2004,2004-12-26,0.3459886731159203,0.4202067852594081,0.3430979751818228,0.3483639741296118,0.43646680497491086,0.3860947006236747,0.28727998478054617,0.12558734004145025,0.17395014041242068,17.037964967096837,7.668076972758177
3355,Khanh Hoa,VNM,2004,2004-12-26,0.09306193427621731,0.27549783652218957,0.08314165688349777,0.10144780969851962,0.27694248167828406,0.18689623486759857,0.10209284445341676,0.5410046744266577,0.4585518653325373,25.720321904424488,16.799225796531697
3360,Lang Son,VNM,2004,2004-12-26,0.3542896904563402,0.4327503669541379,0.3473891018852754,0.35597477666451655,0.4510687212414653,0.4078315989419779,0.31444427268965836,0.12332568187130101,0.1916342318795073,23.630644958115553,6.49569295276935
3370,Phu Yen,VNM,2004,2004-12-26,0.1785402548463708,0.3145704319665933,0.17960319934930344,0.18839963714738348,0.3090479476684499,0.22425333639618986,0.13393228730889842,0.32751756725031744,0.2826875232618127,22.358961969908602,15.204319658951436
3371,Quang Binh,VNM,2004,2004-12-26,0.07643298248285077,0.23092273465197702,0.06419111103520714,0.08341213694208556,0.23986065616100946,0.16937615122122407,0.09497932964332705,0.5801791595727828,0.42161285367445617,23.391203888215685,15.180933020020673
3374,Quang Ngai,VNM,2004,2004-12-26,0.20995773639528584,0.3234817644159674,0.20697446095733407,0.21640018239968117,0.32343392581109826,0.2550747966567785,0.16445509185394663,0.29152126503872,0.26156962087624547,26.368323800475586,11.872146702442665
3376,Quang Tri,VNM,2004,2004-12-26,0.06937453055268779,0.2392309645502842,0.05361345610589155,0.07663726978411596,0.24678962293031234,0.17168711696568797,0.09045813601345316,0.582853308575739,0.44999858400036175,24.358627520378565,15.070077697309133
3383,Thua Thien - Hue,VNM,2004,2004-12-26,0.06911141107249108,0.21983438010252912,0.056313215237665915,0.07629551808469666,0.23012636713127974,0.16391092040777694,0.08967260356382735,0.5516018049469826,0.44305275150252643,25.298757802837567,11.585720700914058
3327,Ba Ria-Vung Tau,VNM,2004,2004-12-26,0.08061274546054285,0.2663173216984153,0.04659382895580584,0.07778559069621686,0.288110128479699,0.21836660476534728,0.12188119378891514,0.5070219330672822,0.6228017036083344,33.31107175421264,15.512600193532753
3336,Binh Thuan,VNM,2004,2004-12-26,0.09991786468638575,0.29609628937874627,0.048869577900659315,0.08548267859203956,0.3449721670247173,0.28193224558091234,0.17269449584260405,0.5148663964488402,0.22972161251987047,34.24228463791659,16.478001930275287
3342,Dong Nai,VNM,2004,2004-12-26,0.061857080365070496,0.27712898019489135,0.03489290473977811,0.06580002777502782,0.2899351701907114,0.19840291213615932,0.09789799367892944,0.5919312753839051,0.7407613955124772,31.544036577809,16.43322649973927
3344,Gia Lai,VNM,2004,2004-12-26,0.0933532389756114,0.26156860637868296,0.06931854838965774,0.09114868542941869,0.28875819647231404,0.20695983374769428,0.11641988007295596,0.5166978298773833,0.48906463708293746,27.344888240710848,14.402187753403362
3345,Ha Giang,VNM,2004,2004-12-26,0.43083633797674153,0.49293137231468737,0.42510942590830325,0.4303639108686878,0.5002757343723538,0.4399417232963743,0.3161566122508751,0.10275615781874309,0.14024852706473534,18.584148453009487,11.406085318770321
3347,Ha Noi City,VNM,2004,2004-12-26,0.3722887031128073,0.42348884801749853,0.36799404050086065,0.3722876219084138,0.43558944261627214,0.40670370016086416,0.31340151415611056,0.07444313328918382,0.10605020505726794,,8.286491790861918
3348,Ha Tay,VNM,2004,2004-12-26,0.37728718260419497,0.4328419034712487,0.36925861822678613,0.37672295743054307,0.4380137431803198,0.40192166691434916,0.29870987611884287,0.09114133981910412,0.11616620783312993,26.019192889965367,16.500462173627987
3349,Ha Tinh,VNM,2004,2004-12-26,0.10334329835635142,0.241680432598555,0.0834287285127131,0.10778515580328148,0.2494067686727425,0.19179391699383613,0.11543005371898837,0.47717900991400325,0.39443409678629404,25.626125158904447,15.723291982386227
3353,Hoa Binh,VNM,2004,2004-12-26,0.18381745808670633,0.3220806989514767,0.1731315542896069,0.18938115104309342,0.3373606208110734,0.2706725577546316,0.17501147111180773,0.36769232610938557,0.3637109071302749,26.52221679894002,14.93184529370032
3357,Kon Tum,VNM,2004,2004-12-26,0.06100242794827471,0.2712313201873614,0.04517166917199576,0.06779361027778986,0.2810846422387473,0.17395472438870357,0.08352815397834167,0.6841115394896902,0.5479987233979386,24.44922794310983,13.590771699282271
3366,Nghe An,VNM,2004,2004-12-26,0.12210972190698008,0.28979970489591445,0.10531767226291745,0.12795375981967136,0.30174979269200825,0.22272819760311657,0.1298553968400953,0.48660674108363416,0.45248389576526765,25.520094035934775,14.567564618626296
3367,Ninh Binh,VNM,2004,2004-12-26,0.11589839986238826,0.2021881491445987,0.09126998435071598,0.112331253817411,0.20903375736688945,0.17493741757920594,0.11818766810885571,0.3000008196951417,0.2349991863734707,26.2602368655737,12.531876499092595
3368,Ninh Thuan,VNM,2004,2004-12-26,0.0996020815468466,0.2894922703061481,0.05456840116447043,0.08906839162057344,0.3317572825824175,0.26618936091251105,0.16098074938561124,0.5179528534550709,0.640667740178724,30.300657538245762,15.064135333360952
3377,Soc Trang,VNM,2004,2004-12-26,0.0727955251027379,0.2636364031613247,0.04291449816128909,0.07939687482536116,0.2327664406614626,0.14923186111640807,0.07175665602943325,0.539794888933706,0.4252582083733163,26.365388683326522,16.57900154710812
3386,Tra Vinh,VNM,2004,2004-12-26,0.06595996103763384,0.24864408404445823,0.035767363801687026,0.07211419432522873,0.22440011468071328,0.14718909194853338,0.07105426458747646,0.5469388815289087,0.4401244654216037,26.578911994078084,15.173303625553022
3387,Tuyen Quang,VNM,2004,2004-12-26,0.5115145051167448,0.5609558522616735,0.5066274009733799,0.5100985270920158,0.5617501041583058,0.5006004396409262,0.35937182012236857,0.050696618324855364,0.07655128727891641,15.47004784688998,8.119824624799099
3388,Vinh Long,VNM,2004,2004-12-26,0.04662592785287651,0.308572898606299,0.02912202627993395,0.06571997165778733,0.26750725475293896,0.16118071053852134,0.0675417297034045,0.7017724275609968,0.6248101060442919,24.7987315339407,3.330000000000041
3390,Yen Bai,VNM,2004,2004-12-26,0.3195835588515617,0.42381182072846746,0.3093445082015967,0.3213187306695847,0.4356947631644187,0.36288738775399454,0.24164722364314134,0.2839384984507654,0.2581728876666366,21.240275586222467,8.230235466696499
3328,Bac Kan,VNM,2004,2004-12-26,0.43666140059204284,0.497851188385802,0.4372546316381871,0.43874509116741484,0.5045985602193627,0.44862237673074873,0.3316070698589665,0.07361058712240463,0.11280357333341859,14.151428571428609,6.203492868958699
3329,Bac Giang,VNM,2004,2004-12-26,0.39148692652857864,0.45875620341444046,0.38508927336149096,0.3915063610424187,0.4740467476026719,0.43620105030861767,0.3415732172703413,0.09375022866045521,0.15324638546212657,23.52077441589933,9.682229340756768
3330,Bac Lieu,VNM,2004,2004-12-26,0.07609144172092173,0.17997223198782555,0.04645951520130886,0.07595319825742552,0.1650900801773629,0.11423601943276923,0.06011025700091383,0.3602199870883482,0.23808857354513482,29.204571649385695,
3331,Bac Ninh,VNM,2004,2004-12-26,0.3809343133770047,0.4185664613797201,0.37522995131724257,0.3790332844537209,0.43198706045955204,0.415073790313145,0.3355368050115731,0.04958228858898346,0.08569950434133729,,10.92110073535482
3334,Binh Duong,VNM,2004,2004-12-26,0.06547420250253629,0.2511922825767264,0.03757586084314516,0.06477403430210323,0.28150232351460536,0.21002345720184085,0.11368856613122322,0.5832519828368405,0.6187276531726166,32.42715008875672,16.75349293579831
3335,Binh Phuoc,VNM,2004,2004-12-26,0.05386682257505341,0.2390929448622558,0.02883625461673097,0.052763256973599564,0.2569977616892082,0.17444249205741302,0.08795431092344473,0.6290671420034065,0.4978573102807065,30.370673324564272,17.634588633605773
3339,Ca Mau,VNM,2004,2004-12-26,0.07878700973064012,0.17632699540526023,0.05730234807692495,0.0827990562760157,0.15931924325109792,0.10600257728300246,0.057782274717567264,0.3652706267761833,0.210140991011809,28.347386820518988,21.715044510385802
3340,Da Nang City,VNM,2004,2004-12-26,0.10828750615830932,0.23078741401355213,0.10519913101300185,0.11679063007848756,0.2345388805380022,0.17085363860478117,0.10242400274111317,0.4097893308463901,0.2936424228100509,24.634808263672856,11.04456459116339
3346,Ha Nam,VNM,2004,2004-12-26,0.1674794690954808,0.2503953917860298,0.15669475900592492,0.16924774944490242,0.2595084599281602,0.2300845198004388,0.16935046535108253,0.22324192751557143,0.22539229622976545,,15.901009257854057
3350,Hai Duong,VNM,2004,2004-12-26,0.3390201679394097,0.39696705818240907,0.3277842762667267,0.33773216175890525,0.40048992910696285,0.3656818351431829,0.27272614660200883,0.12710224352014504,0.12673068601674417,,14.527213888346363
3354,Hung Yen,VNM,2004,2004-12-26,0.3331793630111344,0.3853683370624648,0.32448428389358686,0.3312943306379408,0.39172894435584327,0.36570006328224386,0.280975025131108,0.10461232602630827,0.12594115957129162,,15.711743047687017
3364,Nam Dinh,VNM,2004,2004-12-26,0.1454469242148367,0.2056131587529073,0.11818547727721188,0.13736244433469313,0.21206339210707634,0.1927351017837717,0.14635263418455433,0.20153547222890877,0.1652667153406612,15.071523128034785,15.481933907289035
3369,Phu Tho,VNM,2004,2004-12-26,0.48948385668617495,0.5515340277947541,0.4712076218519752,0.486285242358142,0.5418227057310769,0.47138558550166565,0.3215123576443287,0.09942365500850374,0.12008294756336471,23.182373926447948,13.653406168534843
3372,Quang Nam,VNM,2004,2004-12-26,0.09001276699261607,0.23869981836518658,0.0859107277899391,0.09869624433638607,0.24290897789727042,0.16598532603257912,0.09240693669938382,0.5403970881687289,0.363349200669494,23.208246421037757,10.650408413699767
3381,Thai Nguyen,VNM,2004,2004-12-26,0.48500890854042666,0.5360610954581393,0.4811700537424995,0.4845167144495096,0.5413637217934255,0.49000681028381216,0.3652822766395827,0.05564177892203263,0.08695038698101919,,11.149138871347445
3389,Vinh Phuc,VNM,2004,2004-12-26,0.36717973978686835,0.44518561957875574,0.3577314606541761,0.367058480046001,0.4529042026930279,0.40878566338013617,0.30092387379406144,0.12422140040967776,0.1737222692342287,25.353525982602395,18.182930332297317
73933,Can Tho city,VNM,2004,2004-12-26,0.04637849878224161,0.3900699911423235,0.030217921779690585,0.07110054296317544,0.3318608165593085,0.20029607458907445,0.08311118629498396,0.7649673736299761,0.8310788021388819,25.413928461134756,
73934,Dak Lak,VNM,2004,2004-12-26,0.0853663650104595,0.24547131113898366,0.05877166422268624,0.08171965037383849,0.27701034429968013,0.20628956495450942,0.11750464066630031,0.5116194217761239,0.5054955934770771,28.19289070043907,14.952153792619027
73935,Dak Nong,VNM,2004,2004-12-26,0.055327538516876065,0.2519437409737797,0.031241808855493228,0.05620001302515495,0.2710390355964718,0.17485362243608443,0.08518171154044835,0.6402526790077098,0.5166747376195356,29.22416063957429,15.059406872035872
73936,Dien Bien,VNM,2004,2004-12-26,0.058089204689121404,0.28637149530912787,0.037326479348205786,0.06439461367211247,0.31322246010906263,0.20310592515548076,0.09223615376042625,0.6737463921351962,0.6181867910975634,23.329688554068355,13.062068337614281
73937,Hau Giang,VNM,2004,2004-12-26,0.045085486110113863,0.2812255667527273,0.027809702156500516,0.06196966062900103,0.24551522807098092,0.15078348957361076,0.06422142060809372,0.7049813731501708,0.5591162834511035,26.99274924605089,
73938,Lai Chau,VNM,2004,2004-12-26,0.08287876330849295,0.2989414242673156,0.061673450376612614,0.08900404399160292,0.3196502114153651,0.21248212006448947,0.10378284550751149,0.6353094709899042,0.5684272085771196,22.572791920800057,12.408925049336558
73939,Lao Cai,VNM,2004,2004-12-26,0.3489846217362094,0.43766812292226853,0.3402342382718949,0.3499977376016367,0.44529354691383677,0.3754251246425513,0.2546674289426912,0.19774078068791917,0.20555301348512778,20.90767684778348,8.517820902517375
3326,An Giang,VNM,2004,2004-12-26,0.04495650018688273,0.32757703216234757,0.0269309579545875,0.065204506433338,0.28788017410540456,0.18399964022308532,0.08174093549603313,0.7303484871267397,0.7307392304007209,27.63202111245358,21.225051313968553
3332,Ben Tre,VNM,2004,2004-12-26,0.06548212598911249,0.20637356806216484,0.03725216106657661,0.06819878851938566,0.18507846299144898,0.11373975268141212,0.053649120081837705,0.47935182431412066,0.3124630074785861,28.903873767539697,9.66551708342029
3343,Dong Thap,VNM,2004,2004-12-26,0.04813171245373994,0.33938065226670106,0.02901695276147996,0.06920065626847548,0.2927089596404536,0.18082978326929275,0.07718730921422952,0.7152397198357404,0.7088860044162715,27.18710690861295,22.1032035274784
3351,Hai Phong City,VNM,2004,2004-12-26,0.14008971780332785,0.21495195580524074,0.11208224637243729,0.13741645914741363,0.21486053237340658,0.18315476341866174,0.1266776957046069,0.23630767548118356,0.18977489286165505,,14.928539679921428
3352,Ho Chi Minh City,VNM,2004,2004-12-26,0.07678448396197264,0.21892145068366284,0.049805387320534536,0.07802807739715459,0.21304146183921055,0.15236454443120961,0.08726376229049065,0.46002927374485614,0.37003826327533196,30.795931572651618,16.69348429761452
3356,Kien Giang,VNM,2004,2004-12-26,0.046286179485358354,0.27447690215577747,0.026769751431277456,0.05831707356010508,0.2557211164485337,0.16039582659607804,0.0719316974177312,0.6721833810813239,0.5725068944039116,26.854153101692347,21.155990217908087
3359,Lam Dong,VNM,2004,2004-12-26,0.05123873308410281,0.27422609621774846,0.027416020148407085,0.05609133338731661,0.29068589716978793,0.18498114320956802,0.08510826945056472,0.6898362057936404,0.5972373130790846,26.35979854743644,14.13088414824473
3362,Long An,VNM,2004,2004-12-26,0.05489663736779908,0.260892953962405,0.032446634950824525,0.06599422843534489,0.24593148881796434,0.16236245315239944,0.07779310231160046,0.6255567672169616,0.538255978371008,29.528245303518734,20.546953116426838
3375,Quang Ninh,VNM,2004,2004-12-26,0.17846074464591258,0.3144602448608507,0.16742503939250067,0.18767578307041444,0.3290232418574719,0.26717496548776937,0.1773133943684241,0.32971867563507135,0.36793348818828014,24.910842105263175,12.912856696686372
3378,Son La,VNM,2004,2004-12-26,0.09050729248478437,0.2777708797384373,0.06920064821572035,0.09402872447587893,0.31095753854903585,0.22576886688277467,0.12055841536011412,0.5626637514296741,0.5657461755227092,24.832228672281403,13.478681526322628
3379,Tay Ninh,VNM,2004,2004-12-26,0.07722352134824777,0.25339738280865215,0.04516942206925219,0.07441515539862857,0.28416417610301586,0.227496508061596,0.1399797742634188,0.5326721054437509,0.918502843851535,33.251011134470616,20.224662148678615
3380,Thai Binh,VNM,2004,2004-12-26,0.26939762691384533,0.3204066555640985,0.2585977753452671,0.267495987253531,0.328699901612178,0.3127779516346794,0.2542864456857029,0.11384837144210042,0.1389345638876948,15.33786051389619,16.532196045557882
3382,Thanh Hoa,VNM,2004,2004-12-26,0.11203928523579273,0.27544689299470726,0.0919950574495902,0.11647775848453275,0.2902659512507399,0.22015717648466804,0.12877378769052403,0.47684830462489725,0.4645313853615289,26.348502916058518,12.610332470005039
3384,Tien Giang,VNM,2004,2004-12-26,0.05545238772820445,0.27610841587144236,0.033790497134452716,0.06813549776570135,0.2483735166661717,0.1567038190141756,0.07122186945499334,0.6343982602028702,0.5301451829100697,28.72738945879036,19.334230922234394
