ADM1_CODE,ADM1_NAME,country,year,date,sur_refl_b01,sur_refl_b02,sur_refl_b03,sur_refl_b04,sur_refl_b05,sur_refl_b06,sur_refl_b07,ndvi,evi,LST_Day_1km,LST_Night_1km
3333,Binh Dinh,VNM,2020,2020-01-01,0.206851987907253,0.35829019939027895,0.20912884351891484,0.2156728742304234,0.34562737123585163,0.2579456766391178,0.16046979381737556,0.3412660533247491,0.3314280001203313,25.02157281322359,15.472856484589242
3338,Cao Bang,VNM,2020,2020-01-01,0.37233035568427963,0.4633324451650019,0.37824835054133554,0.37870559918883323,0.47370018844475764,0.4126378094991389,0.2952039706267222,0.15955451982091842,0.20599042747931545,24.222927651256907,15.054409245378594
3355,Khanh Hoa,VNM,2020,2020-01-01,0.07955349007544582,0.2889132813244835,0.06562913526142541,0.08661644726958591,0.2815106141227666,0.1847564622884028,0.100513497682601,0.6172209102567747,0.5482748953972758,26.32687850216806,15.39288257400829
3360,Lang Son,VNM,2020,2020-01-01,0.15667775501120676,0.30688139651190843,0.15862384353485381,0.1647126562467359,0.3195898911134817,0.2420493502572181,0.1495811796155498,0.4295957492484754,0.3816493912310874,23.844900788175416,15.776046895791188
3370,Phu Yen,VNM,2020,2020-01-01,0.14633244597097494,0.31570193641951033,0.14148878764127323,0.15460373282534215,0.3037855531990769,0.2190051927500318,0.12944582772073382,0.4519492658864293,0.41188749064061086,26.08125787323465,12.877774584884918
3371,Quang Binh,VNM,2020,2020-01-01,0.1799501032395468,0.33656425578927024,0.17479318231945806,0.18690396076850432,0.3383397794595268,0.25182084350068984,0.15403262940098197,0.38943208441425187,0.3874022636341893,24.760907538335683,16.381253217237028
3374,Quang Ngai,VNM,2020,2020-01-01,0.18716049078575608,0.35040955640981986,0.18662409670599062,0.1966924827948779,0.3372912872868952,0.2460617867825352,0.14826277866415039,0.3807786232510045,0.3564829474591166,24.366462638125835,15.548791599038264
3376,Quang Tri,VNM,2020,2020-01-01,0.08887794540305363,0.2717097682529599,0.07741794511376336,0.09619416706179822,0.2734804332969618,0.1868873233721149,0.09915936160351843,0.575561021881176,0.47326748906733723,26.39824076230601,17.731339298338998
3383,Thua Thien - Hue,VNM,2020,2020-01-01,0.060092773908578714,0.2384916360373612,0.05009185146466961,0.0683631831136222,0.2386020894907825,0.15410358599658916,0.0763619638965345,0.6404717239809123,0.7353134879496868,26.033660035719578,16.201872769216955
3327,Ba Ria-Vung Tau,VNM,2020,2020-01-01,0.06159637072095152,0.22251547711370306,0.03321729357766923,0.06058228753024945,0.2369397423497461,0.17651056006990307,0.09970458796295799,0.501267720108499,0.49720344933906524,33.32165896081147,21.383135527328935
3336,Binh Thuan,VNM,2020,2020-01-01,0.06867751269280528,0.2665616412188727,0.03393485546697217,0.06349783940368184,0.2921877137207491,0.21224101241784557,0.11467547871212441,0.6136887716445116,0.9291206170045564,32.84064212097079,19.843608001879833
3342,Dong Nai,VNM,2020,2020-01-01,0.047145007296430605,0.2299735446673324,0.026381824437441984,0.050536448443354455,0.23829180883694526,0.15868919884563693,0.08080815550720445,0.6303672807565724,0.5200282660115664,32.50426323919637,20.539303293816083
3344,Gia Lai,VNM,2020,2020-01-01,0.11407473565066283,0.300727280113801,0.09457973721780223,0.11461123703934573,0.3186525447562909,0.2317423268213796,0.13119478283049096,0.5260942913190894,0.5434126999316676,28.954337599174053,16.20560447142018
3345,Ha Giang,VNM,2020,2020-01-01,0.42514758179153583,0.49408040596397657,0.4280530298195356,0.4285003674119599,0.4948491828997499,0.415930549937618,0.2812991452008846,0.14244224555191218,0.1153819868535708,23.727201260513148,14.636203402700453
3347,Ha Noi City,VNM,2020,2020-01-01,0.22909962735996384,0.29547246203839694,0.23054893450993244,0.23269442165894363,0.300880825682595,0.275619779196581,0.20578269064512877,0.16078187414236947,0.1808804593627397,,18.051269937082473
3348,Ha Tay,VNM,2020,2020-01-01,0.19900144628873156,0.2880568945608445,0.192207725107577,0.2020987377649187,0.2857429302362137,0.2517107285041934,0.17832581109855794,0.24388238848420388,0.2343583911264498,25.133550655644314,18.715341392915594
3349,Ha Tinh,VNM,2020,2020-01-01,0.20458485406429003,0.3391065608393246,0.19324790743254058,0.20902268244819514,0.3352960797704887,0.26394950114113147,0.16883099692734438,0.3316095036003532,0.313246132043232,26.221595366459752,17.00833012813309
3353,Hoa Binh,VNM,2020,2020-01-01,0.13399824931857926,0.26984018066415955,0.1340520468881635,0.14118231920941385,0.2702370529506817,0.20701587216930725,0.12711598828423243,0.4371574593392365,0.3346925499635165,23.58602728298479,17.348153244316542
3357,Kon Tum,VNM,2020,2020-01-01,0.07343991590054444,0.28905349205147135,0.05611892612396822,0.07735909449265378,0.3077160785858395,0.20525867099015727,0.10440096003824358,0.6436914001723942,0.6194003611426558,26.965994326321546,15.464638053661723
3366,Nghe An,VNM,2020,2020-01-01,0.16262616025866222,0.3111016204038236,0.16013731735683998,0.16903698390975308,0.30825701634512465,0.23369527863978545,0.147599023230595,0.40646513623788066,0.35496640043821326,24.03041281651125,16.241943582694002
3367,Ninh Binh,VNM,2020,2020-01-01,0.26416516895380904,0.32559299477842146,0.26360754364026856,0.2665000256677819,0.31923286732645745,0.2794318933617883,0.191546378524533,0.14044321383086167,0.1282959535792768,26.802762473720637,19.56386273884577
3368,Ninh Thuan,VNM,2020,2020-01-01,0.08119391027529821,0.2740900923142022,0.048467665709498536,0.07712139681251087,0.29514486597293144,0.2117972570783653,0.11512192842242666,0.570961946097003,0.6885441492516279,29.259090685446616,19.165113472144164
3377,Soc Trang,VNM,2020,2020-01-01,0.06946595778022721,0.2909278565119996,0.03735048800877098,0.07771139171079328,0.25811745484745047,0.1692602393694413,0.08169908418777809,0.5592410641527851,0.528902652264347,28.94569976090172,21.032398272255246
3386,Tra Vinh,VNM,2020,2020-01-01,0.07292302704916939,0.2428644828870464,0.038011057153498,0.07545533951605764,0.22769281295712435,0.15819841773112694,0.08195473315093862,0.49393581986554513,0.4222977167129059,30.218347888415238,21.24414320230402
3387,Tuyen Quang,VNM,2020,2020-01-01,0.42518448283747745,0.4965975090094215,0.4393411208564375,0.43250276863826603,0.48731652264786673,0.42137905876678794,0.3000185107802737,0.11190653325349174,0.1334519844343685,24.56298961627,16.1400860613982
3388,Vinh Long,VNM,2020,2020-01-01,0.05337783357799074,0.33700994481552865,0.03314035752860439,0.06960891568442744,0.29676702788971615,0.18261511852454815,0.08110206849200745,0.691866982865976,0.6911163734983373,29.168394211387138,21.15911287731867
3390,Yen Bai,VNM,2020,2020-01-01,0.2900424081889142,0.3930412382991337,0.29397647372957675,0.2962196754621545,0.3979268249728057,0.3270604299910689,0.21617116971611747,0.2958070023428407,0.249936176386312,22.38595336311491,13.613840212411207
3328,Bac Kan,VNM,2020,2020-01-01,0.427252476896906,0.5006295234035201,0.4413513920899792,0.43456892795452196,0.4938448613758795,0.42877543642474647,0.30938453198077775,0.10243790585680525,0.12634475950201735,24.34265874024968,14.183866065739418
3329,Bac Giang,VNM,2020,2020-01-01,0.08997954603327576,0.26519770773645646,0.07063225647135983,0.09158517771805336,0.2781166186831249,0.20700819324744857,0.12058579371238566,0.5358285967051019,0.5104458811854639,24.157021728271758,17.127849200048676
3330,Bac Lieu,VNM,2020,2020-01-01,0.07410480716612013,0.19630480198956976,0.04033645666636097,0.07262783183164098,0.17071414052262396,0.1200803128780731,0.063445207956801,0.39745595180226234,0.28667830396447486,28.49290787962573,21.03028560144825
3331,Bac Ninh,VNM,2020,2020-01-01,0.1880504960203611,0.2618868043987197,0.17259817559443902,0.1848625261994348,0.2732177120998216,0.2534503997468365,0.18927098233536885,0.2021830737284249,0.2242432026809256,7.484904022970007,18.550468827700367
3334,Binh Duong,VNM,2020,2020-01-01,0.06921381577990396,0.24458172884217141,0.039686882069181,0.06652553379068983,0.2792064358573081,0.22171276361364464,0.1280960295750431,0.5549429028903944,0.6744412752546279,36.46758334897301,20.42380810959545
3335,Binh Phuoc,VNM,2020,2020-01-01,0.04823344784958197,0.2583926633670421,0.025805944361584548,0.05022768616647505,0.27592508754846856,0.18289646747156313,0.0852238433426606,0.6795599962831382,0.5930995819669298,33.55729977541123,19.28508520255768
3339,Ca Mau,VNM,2020,2020-01-01,0.05564935518093505,0.18282936904059988,0.031533472805529955,0.05987198011585153,0.15523825835794713,0.09460574175755074,0.04415879068831677,0.4832889705483804,0.27844447191361055,28.097226632776366,22.448506649225017
3340,Da Nang City,VNM,2020,2020-01-01,0.18455461183537425,0.3236637691076957,0.18586790536191453,0.19349664958955834,0.31722916778379234,0.23450735599720038,0.14328944632809942,0.37424964991188375,0.3212944119228835,25.839925520312462,14.110561766124608
3346,Ha Nam,VNM,2020,2020-01-01,0.1887265598310042,0.2752697932431485,0.18324952417137427,0.19190970897830273,0.27483596115053877,0.2425067978088176,0.16928144861029776,0.24784256008823413,0.23051606737987096,24.70768251802379,17.31537628216447
3350,Hai Duong,VNM,2020,2020-01-01,0.14660845852371607,0.262595140349831,0.11733159749256314,0.14217741692623928,0.2689227156459841,0.23368957904625876,0.16235592118545703,0.3426109522365162,0.36584178555732755,23.970794670723084,18.323383860669374
3354,Hung Yen,VNM,2020,2020-01-01,0.26810235510183494,0.3508037282479566,0.2608409822308551,0.2679470308933309,0.3523917494298208,0.3275272887979623,0.24927069462091156,0.18884849988664348,0.22457837329072444,25.69898344817786,17.834119600872143
3364,Nam Dinh,VNM,2020,2020-01-01,0.20723787763498208,0.26710851205111813,0.19773492644322224,0.20388100237135146,0.27304484659474204,0.2556727684547699,0.18676592072102344,0.1531047044177412,0.15758419704184515,26.242145765577085,18.073835096956525
3369,Phu Tho,VNM,2020,2020-01-01,0.20844092550710572,0.32274254856181955,0.213307341084147,0.21583048709911554,0.31722357711234045,0.25907647072446616,0.17032196234350472,0.3229200279108554,0.2604517108120085,24.909010308580427,17.884811149675073
3372,Quang Nam,VNM,2020,2020-01-01,0.16913735354434817,0.3327646468956156,0.16972901857594438,0.17832453786327734,0.3262348184006666,0.23425625020844715,0.14362160127076717,0.4278178755974718,0.37955785192252983,24.85456335192,14.183343090048897
3381,Thai Nguyen,VNM,2020,2020-01-01,0.241504149266804,0.3553062073317697,0.25840727685200154,0.253209751277777,0.35025307414651635,0.2876765805991985,0.20020280121146655,0.2266562467715312,0.24090857101173702,23.940712830957224,17.079644790754976
3389,Vinh Phuc,VNM,2020,2020-01-01,0.2424721591840958,0.3336171572311476,0.24377242027984078,0.24702943228800636,0.33128490163132157,0.2907216271455265,0.2085806024435243,0.19942935386501923,0.23283195915632937,,18.142072905911608
73933,Can Tho city,VNM,2020,2020-01-01,0.04883151232084901,0.4092648927435922,0.03262807311784703,0.07104325287495664,0.3415208866217387,0.20234029312985888,0.08696022524396499,0.7548939847685708,0.8635559742522838,27.37218913607713,20.766353496547666
73934,Dak Lak,VNM,2020,2020-01-01,0.11052824990096828,0.2881304324873811,0.09417416122909672,0.11266971934211405,0.30421011352936217,0.22054059107572285,0.12459358676065968,0.529401800213913,0.516456488837062,28.416740491458985,16.136229037897333
73935,Dak Nong,VNM,2020,2020-01-01,0.06038318121447449,0.2660123419564551,0.04146886963197747,0.06322443447167893,0.2812459588982376,0.1833127209459577,0.0905040135936311,0.656595334867548,0.5515691474306443,29.595141247275393,16.277699906865998
73936,Dien Bien,VNM,2020,2020-01-01,0.10226372656603246,0.2794444085054653,0.0928589432140044,0.10774166489410932,0.3002600373042847,0.2155745567940552,0.11907865334336858,0.5470725034640186,0.47456126503387985,23.555547689771387,15.691418755346241
73937,Hau Giang,VNM,2020,2020-01-01,0.04643792328038517,0.35719792730102606,0.028622002337716727,0.06819694706823343,0.3125043372974969,0.19661980746863178,0.08494324678420309,0.7510077718793845,0.7899215990096032,27.362037975346308,20.26316532381534
73938,Lai Chau,VNM,2020,2020-01-01,0.17266453760313888,0.32955864261806833,0.1704274368081544,0.17955811917547107,0.339867080044293,0.25304994221091287,0.1551394038149465,0.4221984563171844,0.3981454890184711,22.183467480298653,15.018954704069529
73939,Lao Cai,VNM,2020,2020-01-01,0.319965307015181,0.4021345122276072,0.3275726525227529,0.3256811197424385,0.4091194454143287,0.3406090138699565,0.22853064628212147,0.19139875505745635,0.18639605119465927,22.663623360514855,13.772236620805836
3326,An Giang,VNM,2020,2020-01-01,0.05038188547006518,0.32723086242152444,0.030133067504960025,0.06830078393067118,0.2846192321608244,0.18655090774065008,0.0852522039154156,0.6922758723576853,0.719560663597775,29.285067380531355,21.66430800280965
3332,Ben Tre,VNM,2020,2020-01-01,0.06105314200094817,0.2326812423125012,0.03432680601906267,0.0648631826467972,0.21072131225745908,0.12969300810775256,0.06365758994768003,0.5377809706946297,0.3979419992979628,29.249460979155657,22.1715340885943
3343,Dong Thap,VNM,2020,2020-01-01,0.05339608177452091,0.3141747998970648,0.032654048651611436,0.06724215496166282,0.2703058698561453,0.16340521891581467,0.07426583844277646,0.6767032112844221,0.6085626752729313,28.726194576757354,21.243672961316268
3351,Hai Phong City,VNM,2020,2020-01-01,0.11664664957684556,0.211570279272355,0.09331817557443399,0.11342337616519947,0.2173096551451226,0.1895272966961923,0.13300678012483377,0.3068514646190887,0.2861350867900059,25.747248665435844,17.4056374218179
3352,Ho Chi Minh City,VNM,2020,2020-01-01,0.0682264386972286,0.2107593526217708,0.043877802578588865,0.07132633451134475,0.20113071975924096,0.14709278034696888,0.08987444832889997,0.4989957742336415,0.397697200080916,34.029838688498884,22.100262851227768
3356,Kien Giang,VNM,2020,2020-01-01,0.04448061544169546,0.3272731813086275,0.025616154181240795,0.06006484140385514,0.2846759148941648,0.17584519471252325,0.07655982198341882,0.6932786434546254,0.7224121788552319,27.973047692098675,21.3495432426296
3359,Lam Dong,VNM,2020,2020-01-01,0.039847323839407416,0.24765347700000856,0.02174861165662052,0.04435860987593518,0.25733734767597094,0.15511715161111797,0.06970831329859185,0.7301663520331951,0.5431700183170254,28.342403885957154,15.730782667752104
3362,Long An,VNM,2020,2020-01-01,0.05426784202225082,0.3328093259078747,0.03270255788654607,0.06825968411209099,0.2956337918740863,0.1900659815933456,0.0901995709081776,0.6980664226453276,0.7093018163854078,29.800474870372312,20.972971253862564
3375,Quang Ninh,VNM,2020,2020-01-01,0.1702903443878222,0.3026675336211348,0.16496772372629406,0.1752766199969743,0.3067243326065528,0.24208427661387677,0.16079209461967983,0.3667977215799937,0.33771121002263416,25.00354484180651,17.249743028784817
3378,Son La,VNM,2020,2020-01-01,0.10608131844585267,0.24777631076893708,0.0971286520642843,0.10857609867054847,0.2724738857207281,0.21044604435091008,0.1251005414158954,0.4838908485197423,0.41669712332017594,24.536616704975625,15.303658193576032
3379,Tay Ninh,VNM,2020,2020-01-01,0.06396719762632379,0.2586981173426701,0.0377300290419248,0.06573094169658501,0.28333663130285336,0.21456042287036706,0.12108395554446891,0.5860963530535728,0.6841845091111014,33.77515070587231,20.045240809201143
3380,Thai Binh,VNM,2020,2020-01-01,0.14706167000290596,0.2343443487652,0.12247342720121498,0.1398439822280773,0.24667349218757315,0.2260786397634473,0.16231985835718896,0.26402077786302575,0.2672656734719794,25.781471504014437,18.008174775044687
3382,Thanh Hoa,VNM,2020,2020-01-01,0.1663442378281138,0.30868674383030104,0.16371584608105047,0.17319561106776374,0.305786535439227,0.23491906030732937,0.14330293774975122,0.4019345992335398,0.34882638150522166,24.7255023622812,16.871723870346713
3384,Tien Giang,VNM,2020,2020-01-01,0.06016111801776689,0.2899352744966704,0.03686216086467374,0.0702317544209518,0.26045001310745575,0.16842257304994396,0.08265920670136796,0.6306153119431831,0.5689193634082115,30.012524157244965,21.4834145136434
3333,Binh Dinh,VNM,2020,2020-01-09,0.08938905046092364,0.3131896785190212,0.08072068041654133,0.09979441299926486,0.3011919556545285,0.19494935319122683,0.10460988222076449,0.6045664583751642,0.5873326482760737,26.227304740215356,17.872444018511025
3338,Cao Bang,VNM,2020,2020-01-09,0.3148406039063265,0.40509357743065066,0.31385588176873225,0.3164982170020357,0.4199392401412401,0.3577393318069126,0.25253937255317727,0.21455650874112944,0.2401463173100033,20.9037023802457,14.053990818550364
3355,Khanh Hoa,VNM,2020,2020-01-09,0.0535747431219496,0.30717584879785426,0.03459735916455691,0.06278939305324932,0.303446896108139,0.18715915185164578,0.08798423714939611,0.7117581777431694,0.664071283007745,28.126937954423102,18.06541987159852
3360,Lang Son,VNM,2020,2020-01-09,0.36218685837138714,0.45401761872576607,0.3638538751366156,0.36671402698690203,0.45814699247056906,0.3912815185072693,0.2754695421649745,0.1759682688260004,0.19783312763834637,24.809512372362914,16.563396709194883
3370,Phu Yen,VNM,2020,2020-01-09,0.10910439405232898,0.3038480396860512,0.10102865902760502,0.11813865703655846,0.2979830053004804,0.20333620204088823,0.11340940789057345,0.5335159462314534,0.5585488059443653,27.552198741029773,18.253305815524097
3371,Quang Binh,VNM,2020,2020-01-09,0.11358724795724236,0.2889216559875455,0.10782416599324725,0.12203908048254886,0.2940252762380719,0.2055386217100575,0.11561510012931157,0.513655762676504,0.4454958538428669,25.33915956067753,17.570299911051965
3374,Quang Ngai,VNM,2020,2020-01-09,0.06525685141431437,0.2992279504267429,0.05530994729498647,0.07735682903678706,0.28845715591309185,0.1813856735233847,0.0898501733390672,0.673576448263958,0.6021549796258768,26.68031892778263,18.27891415239975
3376,Quang Tri,VNM,2020,2020-01-09,0.04736127944640167,0.2648339463969427,0.03162013840742682,0.05639870810223974,0.2691747947378527,0.1709402214534682,0.07839605315327074,0.7062687156183788,0.5853881537432578,27.110692659789148,17.7764391626359
3383,Thua Thien - Hue,VNM,2020,2020-01-09,0.043074256241587935,0.24272963075739057,0.03011568458730119,0.05211764457514599,0.24515773340886154,0.15199742611110417,0.07021982134190988,0.7032191312127515,0.5372932112421045,27.574813215985664,17.969823220820146
3327,Ba Ria-Vung Tau,VNM,2020,2020-01-09,0.06704302352509617,0.23614653282878179,0.035910013710080055,0.0644799860563913,0.25367897083907903,0.19112526974995855,0.10997515785079665,0.5041748891995258,0.5665772166075788,34.85567630509166,21.251396637903984
3336,Binh Thuan,VNM,2020,2020-01-09,0.07545820732803617,0.2837821290428891,0.03676926594103572,0.06798010730525242,0.3177233887632674,0.23915159166328137,0.13497938179569832,0.598151781896074,1.25168181709212,34.917585806652326,20.077607569769985
3342,Dong Nai,VNM,2020,2020-01-09,0.05382657800435558,0.24562832084269653,0.031123812593155293,0.05684345103347033,0.25746711540646544,0.17459294845822648,0.09090467188964944,0.6147525388656173,0.571358217157531,34.46651182944199,20.746093964365322
3344,Gia Lai,VNM,2020,2020-01-09,0.06512126307608182,0.2679579582012421,0.039348955599033855,0.06400339598875986,0.2939085375112955,0.2061884897373767,0.11064208827009617,0.6233425582187782,0.6190957552577105,31.386630426310383,17.05557179484725
3345,Ha Giang,VNM,2020,2020-01-09,0.3357919622073039,0.4286432084622656,0.3331529221247276,0.33706145157601775,0.44267059257021785,0.3728651675239284,0.254170407671416,0.18768228063605577,0.23105985420067257,23.1010989043374,13.611381298150926
3347,Ha Noi City,VNM,2020,2020-01-09,0.1795312559418263,0.26426464149306594,0.166612071148203,0.17992750800157842,0.27022265624005565,0.24020278217006472,0.17297756855803187,0.249081334075023,0.2496521252199765,29.070161547963988,19.394271314762282
3348,Ha Tay,VNM,2020,2020-01-09,0.1819763125297674,0.2736457882341509,0.16944785098528933,0.18455506345137446,0.271390001988323,0.23544323433022485,0.16523491993364264,0.2685394432329131,0.23016191649497916,28.18714035998852,19.66047832540664
3349,Ha Tinh,VNM,2020,2020-01-09,0.09920279319285705,0.2507063345428029,0.08550477802285457,0.10472159723139886,0.2501331523712428,0.17864604630225406,0.1000327986702608,0.5042504248826641,0.36981772460356355,26.670413566953552,18.542460750237947
3353,Hoa Binh,VNM,2020,2020-01-09,0.20734833156338547,0.34558426750573723,0.20830122085317515,0.21633275738448957,0.35435108286380124,0.28303542289236067,0.1836415864897422,0.32549101119247237,0.33614535258008865,26.53451223352132,17.863238997158877
3357,Kon Tum,VNM,2020,2020-01-09,0.04189984872401936,0.2604370424082082,0.023295931872338492,0.045776789118510915,0.2803064051874097,0.17713138454600164,0.08182932876903797,0.7264428243302673,0.6334263887919298,28.654692634798558,15.610886178671935
3366,Nghe An,VNM,2020,2020-01-09,0.16756027994997272,0.3285757599762413,0.15887576336613699,0.17392665491724424,0.3306376408062322,0.24950779212377436,0.15708583534215878,0.43693257532743,0.38469747722863823,26.31707854459436,17.34559958722535
3367,Ninh Binh,VNM,2020,2020-01-09,0.09264004604074459,0.19718901271092695,0.07013624431965895,0.09186273837608946,0.1992784305965345,0.1602406917668915,0.10223558784260929,0.37427858928384733,0.2799661835919225,28.459644605011913,19.841284604214053
3368,Ninh Thuan,VNM,2020,2020-01-09,0.07918548611923576,0.28722560613086057,0.04046475553969995,0.07250523045779374,0.31913933620474233,0.23467681126340664,0.1302452706252449,0.58802068050292,1.1578218068858888,32.56697692146344,19.384344704086867
3377,Soc Trang,VNM,2020,2020-01-09,0.07099590563493018,0.2902505278767914,0.03802957544590817,0.07765796516387659,0.26084296986219646,0.17188977235475375,0.08449574552910745,0.5553730262285012,0.5318406454833826,30.48430355862908,22.03745399550591
3386,Tra Vinh,VNM,2020,2020-01-09,0.07007702118343422,0.272794611588566,0.037092150785041106,0.07586727439177882,0.2542236953786075,0.17243410015192462,0.08739479344429937,0.5285447047928429,0.5233949857484579,31.116847479120164,22.541059426650577
3387,Tuyen Quang,VNM,2020,2020-01-09,0.39095623926519496,0.47674743274062453,0.3954569283409024,0.394059893776543,0.4815315238929665,0.41669127246233667,0.2995962522566821,0.11901288948756349,0.15614515744932045,24.70334115185475,16.68794510986259
3388,Vinh Long,VNM,2020,2020-01-09,0.05703865279094846,0.3518005059674904,0.0353533236516268,0.07413461277043856,0.3079005687270414,0.18573250185297469,0.08352972951261552,0.687667504902713,0.7000509200175749,30.7781970017058,21.483054317510717
3390,Yen Bai,VNM,2020,2020-01-09,0.29202358455440514,0.4037742314934536,0.28812023600145303,0.2945856228281643,0.41755435578700995,0.3478155307210543,0.23594821399720797,0.2621258231156287,0.26317510190782906,23.638715806753893,13.405335599479978
3328,Bac Kan,VNM,2020,2020-01-09,0.4209209254753914,0.5005172952295751,0.4287941644535802,0.42443059263229754,0.5002435059660203,0.42175429647601587,0.2899656836901669,0.12186647972218606,0.15229883400739985,21.471442500219013,11.972881631806615
3329,Bac Giang,VNM,2020,2020-01-09,0.3307660691499855,0.41915309846876564,0.3333497323230141,0.33511096699580256,0.42393663716855445,0.36743323057425215,0.26357313791369275,0.1542714619951976,0.2006752148648143,27.831496167413583,18.32366993089
3330,Bac Lieu,VNM,2020,2020-01-09,0.07747021690483714,0.1961387630042323,0.04256122165099419,0.07541321880093396,0.17436419605960982,0.1237733904627241,0.06660981436891918,0.3721442194737961,0.2763675809582714,30.59374501811168,23.03613006852436
3331,Bac Ninh,VNM,2020,2020-01-09,0.1502478841553165,0.23036385620033806,0.1308063027958329,0.1471896941644211,0.239907187531687,0.21828617717225476,0.15898608167872497,0.24833551801926923,0.2525366614963942,28.747882321398915,19.48187686569251
3334,Binh Duong,VNM,2020,2020-01-09,0.07274844108603391,0.25714650953058993,0.0413946566472521,0.07017051028839554,0.29118862438583404,0.23193114205646043,0.13817119765255173,0.5542262363664123,0.8538134974715185,37.72247551230918,21.13688223237892
3335,Binh Phuoc,VNM,2020,2020-01-09,0.055270205498028295,0.2677900647629027,0.02993483045153661,0.05553342839976124,0.28988968263359555,0.19960072275086535,0.09953373530044111,0.6520529685918404,0.6427967757650349,35.28668995142172,19.85349006345902
3339,Ca Mau,VNM,2020,2020-01-09,0.06044496684578061,0.18272724916380978,0.03433619468358892,0.0630832444284238,0.15990402647494176,0.09862659984594235,0.0480430178676048,0.44940373302968506,0.2671635267170207,29.53363985355242,22.594451775936594
3340,Da Nang City,VNM,2020,2020-01-09,0.08202711262663842,0.279311291313905,0.0717685715723747,0.09197279910023347,0.27679231084917366,0.1833152977717815,0.09820837693801267,0.5887542357924335,0.5060195661071656,26.357190328415964,17.825373251675522
3346,Ha Nam,VNM,2020,2020-01-09,0.12222263657318684,0.2203908726840927,0.10360278935481584,0.12318567360018957,0.2214725923346721,0.18660255239300672,0.1248364595217585,0.33353696847856695,0.2661608601820938,26.49383371242071,20.00189836057601
3350,Hai Duong,VNM,2020,2020-01-09,0.2538518913837903,0.3216692495361622,0.24760076922529786,0.255316617870823,0.32738642171536453,0.29495340236791656,0.21623153593921948,0.14932965499466128,0.16964512667009743,26.86700258431969,18.77745343563617
3354,Hung Yen,VNM,2020,2020-01-09,0.131688150890815,0.23635962877691197,0.11338303632931546,0.13050884300598495,0.2419354795251467,0.20638469090455253,0.1428773724700615,0.3297752737869022,0.30233506844018054,28.530750271352236,19.717577693174754
3364,Nam Dinh,VNM,2020,2020-01-09,0.12401205182707462,0.19607920702118317,0.09543089307889276,0.11567716732852613,0.20477743748766847,0.1869860148779531,0.13587643808198271,0.25935157932907266,0.22427254637978508,28.99123023547279,19.691279842429115
3369,Phu Tho,VNM,2020,2020-01-09,0.40222760242904926,0.47159768494561155,0.40211934464862154,0.4043004672515992,0.47182519921495336,0.42264685312813827,0.3101868408125426,0.11529118458284869,0.12367527290459938,26.56005349051297,18.04219181180057
3372,Quang Nam,VNM,2020,2020-01-09,0.05119606970902156,0.2863449528638262,0.043637754059884064,0.06393996512242649,0.282443250329084,0.16788498137260865,0.07404562681702456,0.7180605246688874,0.5822477666272602,26.000733692341246,16.681287678384564
3381,Thai Nguyen,VNM,2020,2020-01-09,0.412844425912058,0.4836978320194852,0.4172113711996533,0.4151231508814217,0.4868632328250187,0.43286840379917807,0.3183239528091822,0.09014719822777868,0.12761513972434177,24.61718043927511,17.93704230675155
3389,Vinh Phuc,VNM,2020,2020-01-09,0.4273986447260184,0.47954610928477276,0.4279780686160133,0.42887798259405513,0.4802485977959684,0.43394052154599616,0.3213303488895215,0.07175055723897907,0.09817232739604313,28.218377726824496,19.317811578153837
73933,Can Tho city,VNM,2020,2020-01-09,0.05633543745626237,0.3769764960932548,0.036967017415046106,0.07564722477835135,0.31200660730324314,0.18004465811848067,0.08079548465128575,0.7141441782179033,0.71912973926778,30.236010325175386,20.47536091486542
73934,Dak Lak,VNM,2020,2020-01-09,0.05635552711343146,0.25173432919863936,0.03257415598000281,0.05697826307115637,0.27537612270381334,0.19127850374831817,0.09944010889994413,0.639990240460108,-4.812552546316565E10,31.472075718122632,17.34219698498303
73935,Dak Nong,VNM,2020,2020-01-09,0.04476747446066161,0.25273668260013993,0.0238217244923449,0.046800255887875064,0.2727819697725588,0.1754263646559708,0.08303086270425004,0.695613627088542,0.5822709979879808,32.06446146700738,16.929350213288842
73936,Dien Bien,VNM,2020,2020-01-09,0.046347058084782136,0.25397352800901907,0.028839914418881445,0.05094126599219544,0.28428362241583705,0.18959028276953044,0.08817018975801436,0.6968014275309764,0.6090414872470274,26.087353541568675,15.291043808011652
73937,Hau Giang,VNM,2020,2020-01-09,0.04701703517775541,0.37056459105751516,0.02909965089330068,0.06752260773169658,0.3221501887117567,0.19790217941832836,0.08598214903375322,0.7553689391936036,0.8118508331005279,29.465620111773788,21.408725399750175
73938,Lai Chau,VNM,2020,2020-01-09,0.05051049173452184,0.2859747384853283,0.032835130688382085,0.05769589389271949,0.3082319912376896,0.19570338013650762,0.08731603505602689,0.7227962718940876,0.6797242669892584,23.459326639859665,14.696686276886524
73939,Lao Cai,VNM,2020,2020-01-09,0.2866735506548126,0.38809823926098774,0.2858138280822686,0.29062318704318196,0.4058135760339423,0.34067069613347506,0.2293263119125225,0.2442263033306414,0.22542165298824873,23.291249888029803,13.530428524495923
3326,An Giang,VNM,2020,2020-01-09,0.05283366395505253,0.35653885245696576,0.03186073099497805,0.07148185521023255,0.3104758308687205,0.19654920286800084,0.08856108602472092,0.712797449296332,0.7705436745246046,30.20922137347401,21.555951538534977
3332,Ben Tre,VNM,2020,2020-01-09,0.06327404292863437,0.261185904553855,0.03548632608813396,0.06840790773614921,0.2381880776096757,0.14543552293473166,0.06924844402282637,0.5516904761404764,0.46390395263910844,31.215056856504805,22.643637798002114
3343,Dong Thap,VNM,2020,2020-01-09,0.06666083075381331,0.327163925016025,0.0399608396812864,0.07884990290310086,0.28857287839307716,0.18123791548885482,0.08611624130699876,0.6323179584737968,0.6055835703874476,31.016615280912855,21.51340911851076
3351,Hai Phong City,VNM,2020,2020-01-09,0.259659811622956,0.33719743967923843,0.25008890932334205,0.2605257846360629,0.343290269064071,0.3059960775910068,0.22134825768337635,0.17560506920129973,0.18889761053870946,27.967208850469312,19.32467253736818
3352,Ho Chi Minh City,VNM,2020,2020-01-09,0.07152912368738065,0.21976509638037262,0.04454442258719109,0.07322097252681328,0.21323055112550118,0.1553353562478056,0.09580132188885931,0.49008923968735524,0.42708193532901356,34.724790146295845,22.271787967834232
3356,Kien Giang,VNM,2020,2020-01-09,0.05470185277815717,0.34304511813588295,0.032562894523523,0.06937617944556222,0.30115978688643064,0.18535045826595983,0.08260570808978654,0.6553049349448886,0.7040573832196203,29.21456601081925,21.783529611713963
3359,Lam Dong,VNM,2020,2020-01-09,0.04061366771010444,0.2574709859007473,0.021865419457798616,0.04507643983721597,0.27162153837708736,0.16678417742656063,0.07653841562751686,0.7298721885285845,0.5918406001690345,29.730724489733028,15.957696443113564
3362,Long An,VNM,2020,2020-01-09,0.05643235672579895,0.3132232171816568,0.03285725126655913,0.06693520124844211,0.27995248317421967,0.18007696685065555,0.08877717634888355,0.6722514142633368,0.6534794243109892,32.023711824300584,21.739407449572965
3375,Quang Ninh,VNM,2020,2020-01-09,0.2823803830418397,0.3876062477158929,0.2868610806116405,0.29071122562662205,0.3867783539273936,0.32115821184862836,0.219166449846175,0.21003035059338063,0.22624532985130325,26.522603996344493,17.644098575347616
3378,Son La,VNM,2020,2020-01-09,0.07225710519943584,0.24072041726972074,0.0548528682908401,0.07372134314045918,0.275892873630632,0.20306132160106835,0.1078325556092082,0.5868437621061686,0.5314600292678953,27.117418229643118,15.938890560409876
3379,Tay Ninh,VNM,2020,2020-01-09,0.06514884384179452,0.2769885990445934,0.03802441560691962,0.06758830639408982,0.29921403618669007,0.22345139108203207,0.12529324341810988,0.5983720342902373,0.8941178928662294,35.54369103521964,21.462412734771146
3380,Thai Binh,VNM,2020,2020-01-09,0.1894300920239647,0.2610899053742382,0.1724880127417787,0.1850898800008435,0.2698219900006554,0.24395619591306564,0.17480869311203243,0.19039217193159177,0.1982673931808536,27.90303685702072,19.26613178249037
3382,Thanh Hoa,VNM,2020,2020-01-09,0.12275487293079715,0.2859125083993677,0.11038868376406193,0.12887337844410593,0.29016104637036244,0.21569482827091097,0.1270331453125272,0.47633345428547014,0.4033670900259305,27.23504953604946,18.52663508894311
3384,Tien Giang,VNM,2020,2020-01-09,0.0611632527640249,0.31501665298291387,0.03626529254153563,0.0727959200831159,0.28404660130897563,0.18149929609743662,0.08972626204549607,0.642030910514917,0.6435619569056575,32.18568384747317,22.037493813642065
3333,Binh Dinh,VNM,2020,2020-01-17,0.16990036066795075,0.38562563036197595,0.16371950447997077,0.18034860721825502,0.3748357451878607,0.2659078511627957,0.16002591820240264,0.4710492840331435,0.5274085330040115,28.032236106944538,17.109762304858943
3338,Cao Bang,VNM,2020,2020-01-17,0.5022709781518961,0.5387992811022424,0.5072531926629914,0.5022766574374645,0.517192917907551,0.4341086429588532,0.28789476841332595,0.06342015216837472,0.06426122894843507,23.5228250898284,9.180608942509865
3355,Khanh Hoa,VNM,2020,2020-01-17,0.058364280488366886,0.32285026753534984,0.038547891927955866,0.06853836721816274,0.3170549847402873,0.19708861131456715,0.09270143838852413,0.7055549216913385,0.7064003946605726,29.411040751173704,18.145877527185757
3360,Lang Son,VNM,2020,2020-01-17,0.6154882714009519,0.6430397802995705,0.6104748432311741,0.6098700961909942,0.6176528543173457,0.5322050176466879,0.36502264186529143,0.02462349762569277,0.03408164590310494,24.545636153791506,14.674155802750601
3370,Phu Yen,VNM,2020,2020-01-17,0.21246676936471473,0.40127129574532,0.20645470420909562,0.22135395284818632,0.396824963743936,0.30017504414866786,0.19086210801868025,0.38581785023332094,0.5847186331721255,29.115556642416276,17.67822118810434
3371,Quang Binh,VNM,2020,2020-01-17,0.10309923201013502,0.2777693898468067,0.10141648053393604,0.11352458188915306,0.2793424192141205,0.1920144246143776,0.10494225617117313,0.5164385236892118,0.4327741341182991,25.77688589336188,17.651425962937868
3374,Quang Ngai,VNM,2020,2020-01-17,0.11606133656495253,0.33916922788579484,0.10850181815126195,0.12806843131889345,0.3279473415680194,0.2228601979232921,0.12510160492311598,0.5731786954077456,0.5603102214187676,28.24063813499112,16.975499377839835
3376,Quang Tri,VNM,2020,2020-01-17,0.07661065962278564,0.270763567096156,0.06636476305267554,0.08638441301575088,0.26983539520479816,0.18065117769756273,0.0938266939775494,0.5920085063569689,0.5029471376614723,27.635355285616008,17.84494268994932
3383,Thua Thien - Hue,VNM,2020,2020-01-17,0.042429820542991714,0.23172685946023866,0.031010650491846297,0.05177111400265169,0.23026710134288297,0.14272474720422215,0.0659347992663006,0.7021797137031468,0.5216096898685886,27.416987407349687,17.973333724766626
3327,Ba Ria-Vung Tau,VNM,2020,2020-01-17,0.05990292703882709,0.2219633310823765,0.03275729743089246,0.05910373135054486,0.232890251344979,0.1736485459920145,0.09933636990360163,0.5247593872995165,0.5179880714306213,35.3258283910765,22.00089494863352
3336,Binh Thuan,VNM,2020,2020-01-17,0.06795671441365601,0.2547440174439337,0.032986729710137434,0.06054627367786075,0.2838887401339853,0.21488946362659417,0.12082650190318225,0.6018265759129404,0.0341092721635055,35.35046311554572,20.68609774252938
3342,Dong Nai,VNM,2020,2020-01-17,0.049847923652355595,0.2318077123458091,0.028612506370946613,0.05279467742399554,0.23958466865952166,0.16226914778793342,0.08361036909940894,0.6312831272438804,0.6646219740855279,34.932659142042155,20.620652949342578
3344,Gia Lai,VNM,2020,2020-01-17,0.06433898072333695,0.25609659081942465,0.040018992636278956,0.06304429563885926,0.2801994242138723,0.197988604823757,0.10723771105698134,0.6253514514936298,0.6652550064073065,32.96728318097409,16.298311243077595
3345,Ha Giang,VNM,2020,2020-01-17,0.4179479475108233,0.46859570579460597,0.42245896609806144,0.4193003109176275,0.45358128591459795,0.37232374996492745,0.24162575344047066,0.1020418557364838,0.09120664156852626,22.883735615390176,11.654168372978287
3347,Ha Noi City,VNM,2020,2020-01-17,0.672503774669291,0.699687809990783,0.6449351777677045,0.65787618413078,0.68546606537747,0.6050478125755727,0.40587384303884605,0.02006535120891218,0.02653091378667716,25.135306180272707,13.493725054811172
3348,Ha Tay,VNM,2020,2020-01-17,0.6362726050692764,0.6666709180411674,0.6090582568295608,0.6218299343853505,0.6491927491671058,0.5919879784273173,0.4143679348571106,0.024297737150947078,0.036172909719454416,21.602087320482344,12.433165153436322
3349,Ha Tinh,VNM,2020,2020-01-17,0.1976180929311629,0.3370921627365151,0.19301436566887684,0.20547171714895118,0.33518829433028396,0.2650198547991102,0.16788119662526446,0.3352591331278917,0.35431045159295477,26.19832461372385,18.237469657571385
3353,Hoa Binh,VNM,2020,2020-01-17,0.4305279236205277,0.5070290357874685,0.4195019988662908,0.42652885687169445,0.5048474050744753,0.4549739958234651,0.3292923272614097,0.12604847659261376,0.16673465690276848,24.79708904460889,14.35330769274843
3357,Kon Tum,VNM,2020,2020-01-17,0.03783285140784047,0.23823686015304182,0.021748043549997636,0.04136949164284037,0.2521155459390547,0.15702358392938284,0.07100068023743816,0.7349663706247193,0.5540670103036814,30.00692781352946,15.612699275174862
3366,Nghe An,VNM,2020,2020-01-17,0.2855701637841519,0.40354765819456856,0.27682024779088504,0.2861957752568554,0.4060817668673313,0.3355026173441004,0.2276919311918663,0.2711443603454838,0.25944990884040775,23.26763389377155,16.32993181838507
3367,Ninh Binh,VNM,2020,2020-01-17,0.5023637691189689,0.533109762559576,0.49365154050369336,0.49739468092326283,0.5209840228806111,0.46797085322530557,0.33109506231156655,0.0336599034420543,0.04667426340749173,,15.647172107310348
3368,Ninh Thuan,VNM,2020,2020-01-17,0.07983969910278714,0.27403291454216727,0.041124700811777236,0.07181030671841428,0.3059405209127764,0.22947173140945204,0.12917067157286782,0.5854969663694146,0.5605654553950903,33.245182568558334,19.57638337708921
3377,Soc Trang,VNM,2020,2020-01-17,0.06843527317371921,0.27255000236212185,0.03639768644493062,0.07255042961825191,0.24547393685758062,0.16309716453105874,0.08242327036452243,0.5490103805012674,0.4994483132770525,30.486486702383555,22.011039889590897
3386,Tra Vinh,VNM,2020,2020-01-17,0.06141213678561361,0.2326929101492423,0.03180440550108247,0.06412773289228449,0.2168210683265283,0.14706857457688483,0.07668638899851882,0.5329312208592853,0.44568671928579817,30.46331701668317,22.352577698357845
3387,Tuyen Quang,VNM,2020,2020-01-17,0.5557836849911514,0.5871514459501831,0.5517831933288138,0.5518214105500588,0.5512537009502297,0.4525883636681108,0.2939377194296835,0.03404783646330072,0.03920832711983724,22.96534800535186,8.356460437812038
3388,Vinh Long,VNM,2020,2020-01-17,0.050173493755111015,0.29064843913861277,0.03134054787831916,0.062053461722636746,0.25191432116446694,0.15001913306468093,0.07034012287064716,0.6821178018902542,0.5720007026986298,30.07670052271078,21.699279817354366
3390,Yen Bai,VNM,2020,2020-01-17,0.3813908426390329,0.4545478857255047,0.3717278083275331,0.3782672639261872,0.4515921572125572,0.37590563450864584,0.24369183721991777,0.2049659092586017,0.15230887456633532,23.68498862972134,10.015175645861902
3328,Bac Kan,VNM,2020,2020-01-17,0.5811576034614274,0.6086512960216699,0.5833189082079765,0.5790526725056558,0.5739466595466511,0.4720897405765672,0.311559166140431,0.031912926901078165,0.03692708301971431,24.31784217565762,8.902402964136249
3329,Bac Giang,VNM,2020,2020-01-17,0.6232425902944503,0.6473058739793093,0.6180224030827702,0.6178379091389711,0.6227596248064251,0.539407166209001,0.37110026484115016,0.019990682384511575,0.028801785116467762,23.934835948644768,16.96854028931048
3330,Bac Lieu,VNM,2020,2020-01-17,0.07132648189834466,0.18078515376571833,0.03901817331384996,0.06971209323410142,0.15905518220716253,0.1146336528250656,0.06332523272289485,0.3720018468460817,0.26011469600540454,31.425531132469644,23.079671364009126
3331,Bac Ninh,VNM,2020,2020-01-17,0.642698915474298,0.6670625794618713,0.620614608838666,0.6304712097592833,0.655963179722836,0.5881311559619964,0.4065536378354957,0.01863067247083198,0.02619820699893115,19.322589848028514,12.222282976477294
3334,Binh Duong,VNM,2020,2020-01-17,0.06879497620096456,0.2787392658701348,0.039532247737148224,0.07208150100226104,0.2936801527866453,0.22229000926829406,0.12653336152986916,0.5957733454748145,0.741026724871756,36.2375014240637,20.867189332097603
3335,Binh Phuoc,VNM,2020,2020-01-17,0.05035662500123163,0.2731075140258587,0.027454047220333462,0.054824578787238065,0.27861583671751444,0.18328526597073558,0.08616320069738581,0.6839702903614331,0.6145922858786044,33.93138683041871,20.395451482063756
3339,Ca Mau,VNM,2020,2020-01-17,0.05996859602894525,0.17160933701806727,0.03497687710444779,0.06169420500196076,0.15109352330761683,0.09535673329179152,0.04749964655990626,0.4353275340308021,0.24621047110978972,29.869285045255722,23.266165270659478
3340,Da Nang City,VNM,2020,2020-01-17,0.07554356424047828,0.2657770460830255,0.06608149564877352,0.08570155716894891,0.2602512454544669,0.17303840626352088,0.09493712252832785,0.6113443103224233,0.48964738639514893,27.964986561705913,17.380260174756014
3346,Ha Nam,VNM,2020,2020-01-17,0.579653525111176,0.5997652340302141,0.5648562385831832,0.5712643108422468,0.5751715074327051,0.5010809739458427,0.3336623832918104,0.01609308402393833,0.02198475216137598,27.371870379920964,17.885065888792585
3350,Hai Duong,VNM,2020,2020-01-17,0.5596879050688809,0.5835608153054994,0.5505999260265588,0.5529708420442694,0.5666630373538537,0.5195891834087206,0.3708513864822288,0.021461741436483137,0.024511871228350933,16.21246797186846,17.60782911796275
3354,Hung Yen,VNM,2020,2020-01-17,0.6504782350345842,0.6704851762322092,0.6302751808801142,0.6393607261932476,0.6423838477963731,0.5441087207651241,0.3449878689703752,0.012251801240912345,0.0163075629690229,14.20286073621007,14.810318818912428
3364,Nam Dinh,VNM,2020,2020-01-17,0.5533363165251374,0.5641128175241309,0.5519620566123118,0.5491931073086537,0.5273937380738284,0.44270311991568617,0.2853235143610279,0.006731651522801343,0.010603990604759422,24.614292720678908,18.718580938139603
3369,Phu Tho,VNM,2020,2020-01-17,0.5466646136811188,0.5868628873616929,0.524235242036481,0.5343491945326593,0.573962247444696,0.514803075708502,0.3661750214550453,0.03980383464428271,0.04789587723949039,26.159512361612318,14.717381657448314
3372,Quang Nam,VNM,2020,2020-01-17,0.08009753948119931,0.28278256762630466,0.07612614563781835,0.09176493267528336,0.2753665933693579,0.17570032487058224,0.09157889824468342,0.6197777172986645,0.49123370445896325,27.11054334495862,16.659180864105153
3381,Thai Nguyen,VNM,2020,2020-01-17,0.6912817718108022,0.716064080171153,0.6716105042082758,0.6792195265263576,0.6802307216654638,0.5590522572080405,0.36984994215851996,0.017654866540567034,0.023012878083566068,25.524204757978605,12.500703837647487
3389,Vinh Phuc,VNM,2020,2020-01-17,0.6489418348628676,0.6851026813689992,0.6187627367497557,0.6329406183701007,0.6744886234971698,0.6104523688642673,0.42469790148575326,0.027999099044953492,0.042200142138592196,26.668583884030454,14.03373659424295
73933,Can Tho city,VNM,2020,2020-01-17,0.05437361879480509,0.3276362488359647,0.035418091769937196,0.06952609412280092,0.27077669735399307,0.15569325156627972,0.07295146647582941,0.6955686858050939,0.6151318619366135,30.171074755849723,21.238404748539814
73934,Dak Lak,VNM,2020,2020-01-17,0.06808293900640508,0.24849831998330635,0.04499255660954358,0.06770039436829897,0.27077376570000933,0.1937895897544718,0.1051223930716602,0.6118744551572965,0.5651623596916763,32.905167672737,17.09332787863505
73935,Dak Nong,VNM,2020,2020-01-17,0.04068889143336046,0.23023852150579255,0.022465928935988522,0.042352979881337995,0.24633604266800263,0.15745975622888794,0.0729268123094365,0.6948957768684891,0.5116009963022137,32.814631448934755,17.124742813272018
73936,Dien Bien,VNM,2020,2020-01-17,0.040732714466268576,0.2317018595777053,0.024818089384525517,0.044176290270537086,0.2622193271186563,0.17378798689069458,0.080665461278608,0.7010915305734137,0.5576114707175654,27.53906341263818,15.239975648975749
73937,Hau Giang,VNM,2020,2020-01-17,0.04798420404189501,0.3578550588019077,0.029799244176529273,0.06538155518476292,0.30443140461167817,0.18195036383948446,0.08066372673411805,0.7491884629765966,0.7424730188234784,29.634524753349552,21.346952694983763
73938,Lai Chau,VNM,2020,2020-01-17,0.039391533328228416,0.23516888589983057,0.025874564157141868,0.0450949200367683,0.2547884474894004,0.1583346175718447,0.06955651022205227,0.7393270850659628,0.5258850719541064,24.71282685429275,15.01943164161769
73939,Lao Cai,VNM,2020,2020-01-17,0.2640506772018617,0.3483103984423929,0.26595098529399264,0.2675927267613051,0.3560488434146058,0.2969544997576884,0.19707986963261945,0.23031146155760993,0.1839729484047614,22.74233820310806,13.081790907307811
3326,An Giang,VNM,2020,2020-01-17,0.04947400509256131,0.3212137840599676,0.029942034710255312,0.06431929822178639,0.2750721438140644,0.16847577138126205,0.07703116480254528,0.7153254275780903,0.6671044182190675,29.757630693685428,21.717573810237226
3332,Ben Tre,VNM,2020,2020-01-17,0.05540390551215487,0.217883217283326,0.031169762285406227,0.058586377824558736,0.1990483979135787,0.1224844067591627,0.06114496982951785,0.5458608172378797,0.39297999597889366,29.983406244195212,22.63544530156579
3343,Dong Thap,VNM,2020,2020-01-17,0.06130220222342235,0.2717849300567894,0.036355035066548,0.06917660647754822,0.23979007588068932,0.1528795480941407,0.07515652382898483,0.6017089446151025,0.4887631382910606,31.124385450420064,21.898061217773495
3351,Hai Phong City,VNM,2020,2020-01-17,0.5078602038571471,0.5319012197624841,0.5026544736697393,0.5034026710558263,0.5168355741254222,0.4741366289590624,0.3359996164180329,0.02563183161994601,0.045761320376535755,26.929822322726537,18.907254654436287
3352,Ho Chi Minh City,VNM,2020,2020-01-17,0.07104490011786556,0.2123368526615084,0.044757558245111136,0.07282918201798863,0.2064580951660745,0.15286209652053837,0.09571245715474778,0.4906235307019127,0.41446371810828336,34.45573882377302,21.916142616727267
3356,Kien Giang,VNM,2020,2020-01-17,0.047126844563009175,0.28595534949562607,0.026744199375381056,0.05637561725243894,0.2454144352399819,0.1467093622736346,0.06675567258125456,0.6547994663263711,0.5627408763178124,29.824533971884932,21.91984883627745
3359,Lam Dong,VNM,2020,2020-01-17,0.03542373975507815,0.22784044746476356,0.018824619313858895,0.03889072116572249,0.23932496554623445,0.14556965796683535,0.0648919125153236,0.731683807142041,0.5065490073266643,31.04360663217813,16.517091213369095
3362,Long An,VNM,2020,2020-01-17,0.055370313453823074,0.30229232961290403,0.032026051608614235,0.06505229773022529,0.2672139029950371,0.17039604843874093,0.08421162624757679,0.6675975543939201,0.6172759173275867,31.649897326525483,21.321622732873074
3375,Quang Ninh,VNM,2020,2020-01-17,0.6243084646322767,0.6481881628252334,0.6194778865486288,0.6193897530211319,0.6197050285495943,0.5479189057429208,0.38403582875814496,0.0192490670993777,0.027793468207352512,21.227250309564816,17.36013456606089
3378,Son La,VNM,2020,2020-01-17,0.07759376931378091,0.2301421037376861,0.058581032719356003,0.07675402423735109,0.26289027574721385,0.1990132547203023,0.10888703306421152,0.5574684363407844,0.5025688606567482,27.898105597251877,15.797858276639626
3379,Tay Ninh,VNM,2020,2020-01-17,0.05763624569919535,0.2755304238317069,0.03397355449663246,0.06405202724979926,0.28271436299439,0.20219594324540816,0.10738500629489836,0.6187912701769622,0.6149545059503154,33.35932797673758,21.524728084740314
3380,Thai Binh,VNM,2020,2020-01-17,0.55032309500314,0.5720030823105846,0.5397149544802482,0.5419181466640722,0.5521090982073402,0.4983442602220214,0.3454370162061571,0.022108999197006464,0.051507641313806994,21.304248934754895,18.55055695816976
3382,Thanh Hoa,VNM,2020,2020-01-17,0.34175507283345136,0.44757756946491145,0.32751916721504,0.33961173996158595,0.4513734325502505,0.3929938320877797,0.2799833802284751,0.2106933106351389,0.24516747282659815,24.20041413104583,15.69852320993894
3384,Tien Giang,VNM,2020,2020-01-17,0.05481593633475352,0.2701334014974673,0.03209864201124678,0.06246386382880849,0.24164615979677823,0.15421588125127156,0.07886309421329654,0.6387405088275415,0.5488602730680897,31.404387486569497,21.970252044479235
3333,Binh Dinh,VNM,2020,2020-01-25,0.1518156942639759,0.3657759797327352,0.15061754344739062,0.163925184820884,0.3541210803946504,0.24619477845429485,0.14528796769300903,0.44563111428552676,0.4984585770239927,25.271742589256412,16.189182967882832
3338,Cao Bang,VNM,2020,2020-01-25,0.034234917467343355,0.20302607313927454,0.02151653644683457,0.040490364461635425,0.22881708197165762,0.15267782000781066,0.06839140665871198,0.7154821256289919,0.4792557265029023,19.693815014853417,7.327801824646287
3355,Khanh Hoa,VNM,2020,2020-01-25,0.1196852143138988,0.3492014200789831,0.10390739944986496,0.12792678463795568,0.3487255201748745,0.24239850177763902,0.13589643152418485,0.5290633012357311,0.6229476540198634,28.891416716982807,17.890543833457286
3360,Lang Son,VNM,2020,2020-01-25,0.046905025217015825,0.24844715038147183,0.03434397667469529,0.05482390857874467,0.27317010249959434,0.17954184673744975,0.08326266837235811,0.6967613180474673,0.5675012382935578,20.715922994797996,7.9743212630312925
3370,Phu Yen,VNM,2020,2020-01-25,0.13424443378283488,0.33762204909350646,0.12637899679906786,0.14343247076015916,0.33363760091561656,0.24038122756187966,0.14161669027911408,0.4857279965214315,0.4328949164666125,28.70539504886006,17.20886985058289
3371,Quang Binh,VNM,2020,2020-01-25,0.21538313688752528,0.3606952399060464,0.2105261085078452,0.22294183725595157,0.366427557137305,0.2902124939438874,0.18856059640424105,0.32805592207876283,0.318054708737497,25.268169949456308,15.36277532228991
3374,Quang Ngai,VNM,2020,2020-01-25,0.10744659512677704,0.3601102406689351,0.09777491309299081,0.1218879557388945,0.3499882233923869,0.22801698096284478,0.11849767176898605,0.5634917690498032,0.5578361449398137,25.11825292828685,16.54534041673525
3376,Quang Tri,VNM,2020,2020-01-25,0.1397773307608981,0.3324149371319362,0.13493666554451292,0.15191993578554835,0.33825693440983684,0.2460149699445537,0.14104130470577705,0.46742865330248545,0.511902082691082,25.36516564529539,16.561436821534926
3383,Thua Thien - Hue,VNM,2020,2020-01-25,0.0932379922544789,0.29830823230234543,0.08958658412831846,0.1075227412749883,0.30032381738421415,0.19930120803662094,0.10195831279223158,0.5437944744660412,0.5119252225898058,25.58145385828015,16.533574964658875
3327,Ba Ria-Vung Tau,VNM,2020,2020-01-25,0.07277306762309596,0.2766068590294348,0.03863601581573036,0.07328049981950177,0.29061945449644944,0.21532826412289083,0.12253771546670238,0.5388187787177374,0.7080674435773504,34.84876978005766,21.042178137703008
3336,Binh Thuan,VNM,2020,2020-01-25,0.08179608805351908,0.301001010537832,0.03985000131793593,0.07413838639158514,0.3383825250615446,0.2598887549743044,0.1505122120157422,0.5824293434612289,0.24968009966340957,34.7095209302427,19.70735864681168
3342,Dong Nai,VNM,2020,2020-01-25,0.05951905165423908,0.28189749717577106,0.03360873509204985,0.06513235210609933,0.29232447864126215,0.19902225350231173,0.10295858771035064,0.620362911706331,0.6647551573726684,33.621060426947224,20.39003923004613
3344,Gia Lai,VNM,2020,2020-01-25,0.11179468519440995,0.30805313987209293,0.08574202882680526,0.1101252358831077,0.33463218249802884,0.2483209527813615,0.14526624069518954,0.5030707698339529,0.5959444109136256,29.782707663893927,16.449528253974997
3345,Ha Giang,VNM,2020,2020-01-25,0.07413803869129011,0.2258432748967848,0.061806079258150785,0.07874130424089207,0.2455022782563391,0.1746695908949262,0.09068331631384302,0.6388611890297125,0.41472124614865225,19.91837515256579,8.805147931052318
3347,Ha Noi City,VNM,2020,2020-01-25,0.08655457218358634,0.20607714157873677,0.05398196788402903,0.08299773273112995,0.21956071457594278,0.1800955953869396,0.11904412729681278,0.40328903374866826,0.38046296637043925,25.118419953984983,11.426256085322747
3348,Ha Tay,VNM,2020,2020-01-25,0.13036650132987102,0.23050798309555134,0.10686659337728037,0.13015005765312843,0.2239556573547561,0.18233411113942402,0.12068911547627348,0.30447461660060415,0.27795035557780334,24.322343571478577,11.64325098596245
3349,Ha Tinh,VNM,2020,2020-01-25,0.1012372664479087,0.2346739769340901,0.09246131275757272,0.10888168490953089,0.21848482518095577,0.1508900390627416,0.07799699367870339,0.47325318409954087,0.28444751802205465,21.875181778728727,13.670602986192824
3353,Hoa Binh,VNM,2020,2020-01-25,0.2316606533483388,0.3535863089252875,0.22763972133985966,0.23716817743473817,0.3617557216197579,0.3014219259828143,0.21673721998838819,0.27983547408852,0.3091889866138079,21.713223763502707,9.838695104253453
3357,Kon Tum,VNM,2020,2020-01-25,0.06347361378648686,0.3123480458722185,0.04531365458924144,0.07077203189675156,0.32478132126065484,0.20532500691299063,0.09712219821836926,0.6722359066551947,0.6808064178639445,25.741998415621257,14.367652568213538
3366,Nghe An,VNM,2020,2020-01-25,0.1704113561533455,0.3197263523620468,0.161068342832718,0.17625832307534003,0.31878751302488173,0.24128715835626918,0.147875079145205,0.4193969295057713,0.35818192278292527,21.32963552446566,11.052763274680952
3367,Ninh Binh,VNM,2020,2020-01-25,0.09453511507162463,0.20422872627997873,0.06986213464566039,0.09454547538143854,0.1970969977429821,0.14869639535641654,0.08689578987896511,0.3636882453955176,0.29123823575239377,22.76845290224338,12.002996493705897
3368,Ninh Thuan,VNM,2020,2020-01-25,0.09024144554962614,0.286344998322632,0.05014332058034928,0.08123159386235486,0.3260775555148642,0.25181229664960314,0.14620759938145872,0.5389874951945783,0.6498985777589007,32.993715396498395,19.212025155517733
3377,Soc Trang,VNM,2020,2020-01-25,0.11002345613682324,0.33892233375409864,0.07841887667242588,0.1174533809464279,0.3175025698453729,0.22338512686614892,0.12088651527573215,0.4859676715615304,0.5728941080717184,30.686208365153217,21.808987708665853
3386,Tra Vinh,VNM,2020,2020-01-25,0.08986899507283462,0.31998761533814174,0.05495305954203826,0.09784406121093782,0.30310259977157794,0.2110069795315027,0.11156233174710199,0.5178495709818888,0.6196741752097126,30.91468276697043,22.117176700612372
3387,Tuyen Quang,VNM,2020,2020-01-25,0.0448708138362153,0.2125111765168775,0.03875369580660975,0.053593565284937784,0.21822939110779005,0.14004203451122724,0.06182253474621062,0.6803023518951395,0.4189970825572501,20.63091535801444,9.514995388612714
3388,Vinh Long,VNM,2020,2020-01-25,0.07789952396881354,0.3631139865933053,0.053235128528420196,0.09563792729055066,0.32695109631519786,0.2044319456778444,0.098447851604924,0.6304007138503214,0.6652487443711065,29.989975687777545,21.392064674338126
3390,Yen Bai,VNM,2020,2020-01-25,0.1569233953880127,0.2849124380913594,0.1536570337057719,0.1630613109343907,0.29932491741567857,0.23531056721498633,0.14868091428484298,0.3996740322193903,0.33086443819570466,20.05787188134917,8.798698020533731
3328,Bac Kan,VNM,2020,2020-01-25,0.04458149816060923,0.23068563962574629,0.039345707553134025,0.054195795702401135,0.24399039428298996,0.15482533067347587,0.06829218188883905,0.6993603638151946,0.48582340613413194,20.118281924599902,8.095194567137403
3329,Bac Giang,VNM,2020,2020-01-25,0.0626312934550603,0.2464040290538714,0.037738725835607605,0.06387022218695275,0.2646940568403687,0.1838215632326638,0.09641343300373068,0.589331580083442,0.5253677064457842,23.50394631115042,10.448314918774017
3330,Bac Lieu,VNM,2020,2020-01-25,0.10569339993581098,0.234216198201222,0.07718344942362816,0.10836047644965606,0.21724558761976304,0.16559987332242726,0.0989889719149977,0.33611862763628897,0.3187387256096645,30.628924236273946,23.41833066350946
3331,Bac Ninh,VNM,2020,2020-01-25,0.09359692047294348,0.174594347161881,0.05540170183510276,0.08574362605758838,0.17247246989502482,0.14366009986149517,0.0951851377747666,0.2936785221643643,0.23506838789704976,24.457064119639732,12.05020658667666
3334,Binh Duong,VNM,2020,2020-01-25,0.07137520851212684,0.3213373812955866,0.04109512804129335,0.08003950230268896,0.32604699994075126,0.23604831116618968,0.13048339310708038,0.6236095998198407,0.821895980855432,34.19506872530192,20.7375705450211
3335,Binh Phuoc,VNM,2020,2020-01-25,0.052731271342605184,0.333623473449258,0.028709949775903965,0.06453614176060837,0.32907579587844127,0.20786216883803005,0.09437982571525037,0.7209161239721364,0.7485225974125135,32.83491977781715,19.829654037370496
3339,Ca Mau,VNM,2020,2020-01-25,0.10280686321683964,0.20382147072658052,0.08291483045661457,0.10519165759920404,0.1898395845453556,0.13774528643774,0.08515307602953692,0.33282818312348394,0.22278764499846931,29.511989547650337,23.53971094610176
3340,Da Nang City,VNM,2020,2020-01-25,0.1685646741976293,0.3416833379631554,0.16760492867976512,0.18209170939169883,0.33800514239365276,0.24224817515634064,0.1450402328010165,0.35727887259223756,0.3497780160416784,25.040431802429662,16.409842257748235
3346,Ha Nam,VNM,2020,2020-01-25,0.1052690235141471,0.18301458272919857,0.0855088532064456,0.10641179041103735,0.1637578874733035,0.12338593109374928,0.07273084810949099,0.2793721705352135,0.19155619359796638,23.316402744161913,12.405640209365197
3350,Hai Duong,VNM,2020,2020-01-25,0.08718586598441838,0.19303139614473688,0.0529636172137072,0.0828815555542181,0.18867827500720863,0.1449656096817664,0.0886326835671177,0.3686676636016847,0.2841288952305908,24.235234034514836,12.12540947008423
3354,Hung Yen,VNM,2020,2020-01-25,0.08873819388147157,0.19234616921318753,0.05836850902508977,0.08489506319872109,0.18220090039629938,0.13997175263323886,0.08554940230705015,0.3642706499443547,0.2739034595009977,24.557968137401986,12.174694911716813
3364,Nam Dinh,VNM,2020,2020-01-25,0.0895522181052113,0.13654635453528297,0.05258948269811764,0.07936486820511054,0.12445126991928922,0.104375961625941,0.06930911185994502,0.19628606519153194,0.12216723370205147,23.28944573439069,13.281727055275654
3369,Phu Tho,VNM,2020,2020-01-25,0.2137518862858138,0.3156752726170453,0.2053309998973269,0.21639727348217017,0.31894451735904633,0.2679071485274931,0.1903136584246173,0.2996823125695468,0.23812745926099244,21.837423694915184,9.990180968405795
3372,Quang Nam,VNM,2020,2020-01-25,0.16478554046933944,0.37375819384373354,0.1621103219700347,0.17806377529333842,0.36975314746152776,0.2558713735040418,0.1492233083578438,0.42916042185734044,0.4404808731036321,23.76934979911825,15.111880259011581
3381,Thai Nguyen,VNM,2020,2020-01-25,0.049278135483205,0.24467778846007712,0.03605390995782326,0.057443757741914236,0.2535694308877367,0.16530892056445454,0.0779789130539448,0.6640567081113867,0.5205911916406134,22.743536531154152,9.790250979333244
3389,Vinh Phuc,VNM,2020,2020-01-25,0.06817158508961489,0.2090219512757402,0.04373864177518776,0.06879942630071958,0.21278789263985354,0.15646145017477733,0.08629902556749147,0.5050054054048395,0.38451374622842643,23.843625928936685,10.731977656721
73933,Can Tho city,VNM,2020,2020-01-25,0.09502307893112806,0.4164330829398115,0.06720526900887709,0.11680591005394475,0.37286736359453565,0.2365646111714173,0.1163188530066501,0.616741308665266,0.7211744013959892,29.86866360273504,20.926776368718723
73934,Dak Lak,VNM,2020,2020-01-25,0.07089250889316309,0.2827621676334325,0.04015174474334947,0.06977366917946684,0.3136707759285168,0.2278986904788142,0.1235139099597031,0.5980772170569967,0.7138187822236092,31.852665226514546,17.36484643294477
73935,Dak Nong,VNM,2020,2020-01-25,0.05594229437581401,0.2830046667120845,0.030812109012776884,0.057709019369971505,0.30905582178248153,0.206369795047951,0.10122459336480343,0.666096419672314,0.6777959927239482,32.415506985453305,17.055427553989038
73936,Dien Bien,VNM,2020,2020-01-25,0.20398411966127805,0.3465396742609243,0.18622099946294884,0.20269314967370303,0.3707802889806474,0.2951928245615727,0.19263649332989677,0.3999695815859701,0.3912799452916614,25.46880332233511,11.289062595079482
73937,Hau Giang,VNM,2020,2020-01-25,0.06721525368822223,0.4288708727380295,0.04653054999526131,0.0920752757443217,0.3780072411208404,0.22952361915319433,0.10319369606766875,0.7202527208306658,0.8602968729368499,29.018879193802448,21.116279230461416
73938,Lai Chau,VNM,2020,2020-01-25,0.1896345533351961,0.3486492057945826,0.17639256017867683,0.1917451999606062,0.3663986843783652,0.2833804517138232,0.18397848379922443,0.4554208292633611,0.3988731050758438,22.989559333495716,10.420718503642833
73939,Lao Cai,VNM,2020,2020-01-25,0.22047427345691747,0.3432837422240101,0.21275950529829918,0.22356935981113799,0.3658523999784606,0.30087529876802666,0.19888266483679964,0.34560318115150507,0.3435267101713781,20.547319702394223,5.9779987566839745
3326,An Giang,VNM,2020,2020-01-25,0.08067200256529468,0.42280403360308055,0.05901249187819563,0.10309297480230548,0.3762292998570126,0.24239001846556055,0.11703895214600388,0.6702742937386081,0.8523470103750744,30.066361172109616,21.546248161625552
3332,Ben Tre,VNM,2020,2020-01-25,0.07089911313185521,0.27582449732310155,0.04159949498194474,0.07684669535686582,0.2591827213359424,0.16448813887870722,0.08094022335433904,0.5431666110135371,0.4976764064711629,30.11718878942982,22.18009548973323
3343,Dong Thap,VNM,2020,2020-01-25,0.09685324123959786,0.3544471641243688,0.0688260569986573,0.11241151899114406,0.32006901313727176,0.21471834210304153,0.11094456999904115,0.5483120468802463,0.5944886226088928,30.883366406820645,21.85940686910151
3351,Hai Phong City,VNM,2020,2020-01-25,0.08852955566465878,0.18247571286954825,0.060787023205401386,0.08705853793497591,0.17822028276007412,0.13951824023136972,0.0873111527848764,0.35313547526283223,0.24636511253021542,23.946564373150984,12.269607675108299
3352,Ho Chi Minh City,VNM,2020,2020-01-25,0.08101639258666593,0.25235319274581075,0.05075694897685435,0.08419365294588843,0.2463577736493048,0.17929860709783824,0.10793655406530227,0.4940587328302286,0.4946741197132932,33.63054704243341,21.913205369132875
3356,Kien Giang,VNM,2020,2020-01-25,0.07927393495256042,0.35898373420635327,0.0542201215644597,0.09430272123347885,0.3204681792147479,0.20354599418305183,0.1001413771585111,0.5848039346611551,0.6528081020164984,29.54148325220587,22.11084044998824
3359,Lam Dong,VNM,2020,2020-01-25,0.04870383733232105,0.2733932881848786,0.026317655995287164,0.05256988226673105,0.2946159161399911,0.1893778492841071,0.09035826085767289,0.696235482179649,0.6423336915765409,30.247501003340705,15.919048906128909
3362,Long An,VNM,2020,2020-01-25,0.0790386953170156,0.42062705756207575,0.046944701542115004,0.09958088669179439,0.3804351921794392,0.24859383836128565,0.12116470914411782,0.657882202573132,0.8611821800653724,31.1183911888474,21.212382077120953
3375,Quang Ninh,VNM,2020,2020-01-25,0.05631123706224295,0.23552559959308617,0.04427779061824707,0.06441168060336303,0.2442267643999087,0.16149375366926408,0.08063018132319816,0.6251187121700112,0.48404483281959426,21.21252486828174,10.203582802575509
3378,Son La,VNM,2020,2020-01-25,0.27636776473968805,0.3876935410917459,0.25814872561386737,0.2726737481129537,0.42103354270475807,0.36694554660326245,0.26070603185363644,0.2315475681635738,0.41669981712731324,25.577020261417736,10.70338733604054
3379,Tay Ninh,VNM,2020,2020-01-25,0.06806844601370804,0.35282281741091315,0.04003988321514431,0.08101738667774382,0.35358781376138393,0.2470291447289541,0.1279213362282976,0.6463643376401613,0.8146660904902673,33.22139398933146,21.151746076016828
3380,Thai Binh,VNM,2020,2020-01-25,0.08359256137665547,0.14746210949586014,0.049372015549846715,0.07565765245131605,0.1362994846212632,0.11001707137131175,0.07105192867087962,0.2598361943899747,0.1618141691060815,23.677517889756977,13.307001259541957
3382,Thanh Hoa,VNM,2020,2020-01-25,0.18215119551502557,0.3284123256452101,0.16821617214269818,0.18575233412160833,0.33244370546101965,0.2649376975584679,0.1775147767722234,0.37070287085428894,0.3801949544811745,22.233614216447386,10.623437683850161
3384,Tien Giang,VNM,2020,2020-01-25,0.07062975388539593,0.34248819617278337,0.04369533471055464,0.08347299618757947,0.31355509787570646,0.2036217564875879,0.1018397801431473,0.635618620032521,0.6998580622334418,31.031658161749064,21.49438137606136
3333,Binh Dinh,VNM,2020,2020-02-02,0.11628091870064144,0.33493920608766103,0.10868624107120617,0.1262457854164469,0.32070981210182264,0.21390474495879847,0.12183527942254486,0.5317306980055649,0.545060245546658,25.252834483837017,16.289040178773053
3338,Cao Bang,VNM,2020,2020-02-02,0.6945807813726775,0.716996607122004,0.6815029548019781,0.6856127895621905,0.6773135300946593,0.5553747500399298,0.36844057393715324,0.01807124537768984,0.022665275948555705,,7.441943781636015
3355,Khanh Hoa,VNM,2020,2020-02-02,0.08784204400220087,0.3384314526475331,0.06520160354515663,0.0960077714237157,0.3395287089490664,0.22488083848817164,0.11866864680027872,0.6076935804476393,0.6870153154463051,27.646778270633693,16.19876785535258
3360,Lang Son,VNM,2020,2020-02-02,0.6960946800406189,0.7250233807878118,0.6709632587728742,0.6826519336852535,0.6970513650950572,0.5924902179971017,0.40586138042931597,0.020511133228401687,0.029663769607685714,,8.88169712954108
3370,Phu Yen,VNM,2020,2020-02-02,0.1537035768945974,0.3550623445707827,0.14408413757846208,0.16263447438925047,0.35093642589701146,0.2511551711348418,0.14866208471759984,0.44521596602639113,0.4732465681394517,27.126715929823213,16.566399070097034
3371,Quang Binh,VNM,2020,2020-02-02,0.04659882319038143,0.25197241945426685,0.03584667208666509,0.056621157835736985,0.2561576745361558,0.1607554099808486,0.07361911611511546,0.7169937101207087,0.6298968580908628,26.454921551866263,16.615030570832076
3374,Quang Ngai,VNM,2020,2020-02-02,0.07189429420548106,0.29155285157287414,0.06164954110541683,0.08213664573104353,0.279344545747155,0.17799753538480712,0.09274771919107663,0.65853086438219,0.5672133798624355,26.588218773981758,16.162281684212466
3376,Quang Tri,VNM,2020,2020-02-02,0.04876403045549886,0.2539977628769212,0.03603043935025469,0.059117899976599525,0.25355978062704326,0.16178748854480918,0.07603837699201435,0.6892148143807535,0.5434157044420682,27.13494797756079,17.1466727279821
3383,Thua Thien - Hue,VNM,2020,2020-02-02,0.04165983719982718,0.2313345860169299,0.03128593579177273,0.05200263150054718,0.2286097954190515,0.1399479237101738,0.06396329566591459,0.7081935929714769,0.5331415410609895,26.446243801405103,16.659409366132508
3327,Ba Ria-Vung Tau,VNM,2020,2020-02-02,0.0782821333526644,0.30037051281926563,0.041810841277363,0.08080102883982013,0.31220011549939497,0.2271248778596329,0.12780972082618655,0.5307352396079343,0.725343296457285,34.322172492811745,20.37695832824551
3336,Binh Thuan,VNM,2020,2020-02-02,0.08397021975346321,0.30011782502795126,0.04179243117275682,0.07742408705261061,0.32927768717787914,0.24680417064705365,0.14064199720570258,0.5677625889948692,0.7908922598506444,34.50764853344322,18.517535128752037
3342,Dong Nai,VNM,2020,2020-02-02,0.06288668919548043,0.28115131499076423,0.03584922741052374,0.06789453979345701,0.2915238217919091,0.19926860880587016,0.10257166854890572,0.6027512419830919,0.6381750068360751,33.80092382572699,19.08405578681506
3344,Gia Lai,VNM,2020,2020-02-02,0.07301932035519094,0.2663338930795987,0.043252121897510765,0.06906820916454953,0.2919904853171401,0.21356017426144625,0.12162550636419547,0.5862675976695425,0.7943819160368472,31.640240268320653,15.44988303253451
3345,Ha Giang,VNM,2020,2020-02-02,0.5870402895695189,0.6261552477872274,0.5693758474291737,0.5779156773872604,0.6134721542471335,0.5189385300886005,0.34499959874596725,0.039992429776887675,0.05170168623464029,22.045299696575643,8.85264677542192
3347,Ha Noi City,VNM,2020,2020-02-02,0.6637912965151369,0.7023250235714872,0.6205796815229858,0.6439640208506103,0.6987958503408709,0.6022395770937,0.38992539513453117,0.02740645603344088,0.0360268789459438,12.048308182486627,6.144014062409248
3348,Ha Tay,VNM,2020,2020-02-02,0.6338979589433998,0.6699437977295213,0.5958143944280839,0.6167914611620441,0.6664991821941798,0.6003794161658511,0.420369373036119,0.02654788580717206,0.04065048158510994,11.71012937407595,7.210089940151373
3349,Ha Tinh,VNM,2020,2020-02-02,0.13400044825514407,0.28446587985953004,0.11920501441542349,0.13957889597738987,0.28603959337020135,0.22006350593042226,0.13604615050455526,0.4395397517657923,0.3821132853005791,26.07952158247191,16.502834539036137
3353,Hoa Binh,VNM,2020,2020-02-02,0.44327064089793317,0.521256241902433,0.4194262897988617,0.43399424211882875,0.5370619370611631,0.48663842512174815,0.35468058861877694,0.1183489480656283,0.16418094068468447,12.245747348119592,12.702065645585039
3357,Kon Tum,VNM,2020,2020-02-02,0.046907580054598046,0.28140237574713534,0.02688449385090065,0.05227707969836163,0.2905605603411473,0.18297735692057343,0.08725070042223433,0.7205799065790385,0.6872270952941478,28.498320627802737,14.171691718743496
3366,Nghe An,VNM,2020,2020-02-02,0.2865625427475141,0.4118872718373467,0.27260274288123065,0.28723495244075076,0.4209825401188171,0.35380096826762875,0.24233747613826404,0.25971701045335166,0.2899417238827343,24.327884626710407,10.742525609497669
3367,Ninh Binh,VNM,2020,2020-02-02,0.4783540552072339,0.5210799894103613,0.4561251092056618,0.4682660571128315,0.5226280558267542,0.47478482913118564,0.3442839365374164,0.046864516744500345,0.06745355213470097,16.367884186440584,10.29000000000002
3368,Ninh Thuan,VNM,2020,2020-02-02,0.09499679454434037,0.2970482131784552,0.04961793048076213,0.08480135566451784,0.3378494482219172,0.26039346510426536,0.15196883919151657,0.541404351329596,0.9948264563254516,32.819171481671155,17.512562711275898
3377,Soc Trang,VNM,2020,2020-02-02,0.09465489284893233,0.30149134515393144,0.05310660777875747,0.09388119770563084,0.2859398388398623,0.20382677244174768,0.11012463491611728,0.49245976142015996,0.5172790675555771,29.138303380632493,21.058428521897152
3386,Tra Vinh,VNM,2020,2020-02-02,0.07849856785938282,0.29673547191626726,0.04214610134747687,0.08442293203778006,0.2764917806169071,0.18965495010619143,0.09784999270891774,0.5246119595762232,0.557606583911921,26.193940875245,21.62273226402951
3387,Tuyen Quang,VNM,2020,2020-02-02,0.7237242467637952,0.7468472388076575,0.6994769812986311,0.7118102948788188,0.7048163237406868,0.5755796120601543,0.37647716155633665,0.015486649110443161,0.01906635854299554,,7.585647804820667
3388,Vinh Long,VNM,2020,2020-02-02,0.07727340344411882,0.3389038945438729,0.047291251632532824,0.0894417157707845,0.3092935081521526,0.1948101160863386,0.09405248781994024,0.6101211725782835,0.6011062866417372,26.615844477038078,20.00178160942451
3390,Yen Bai,VNM,2020,2020-02-02,0.5195475401396428,0.5689268288803313,0.5047958387078266,0.512474604484631,0.559945979852423,0.4705920952973413,0.309252308295692,0.07621480535018944,0.08423322487885178,19.573986297943673,9.498062174648775
3328,Bac Kan,VNM,2020,2020-02-02,0.7373876525112273,0.7597230747578186,0.7152813828006465,0.7249985918769754,0.7131043903997776,0.5847405735059062,0.3891852846520393,0.014383527037305699,0.018211985967276127,,7.07081725783842
3329,Bac Giang,VNM,2020,2020-02-02,0.5548471648786144,0.6033855295247628,0.5342681102030439,0.5464640322047961,0.6038907644962999,0.5349728708552239,0.3743991503003286,0.048494366142650853,0.07171850149333132,10.336019215048042,14.708399173857604
3330,Bac Lieu,VNM,2020,2020-02-02,0.0796614235734167,0.20145535891239247,0.04454247484936246,0.07867747919766412,0.18236448971789274,0.13238409760163103,0.0747907913983491,0.3699084844180933,0.2900455213507454,28.92229895173803,21.129026486752032
3331,Bac Ninh,VNM,2020,2020-02-02,0.4900956478573018,0.5208533608262593,0.4696396344948925,0.481272913265802,0.5193432367292414,0.45954101987535734,0.30500322694589005,0.031043700921225353,0.036419725395206,12.390772914981477,14.138312362371533
3334,Binh Duong,VNM,2020,2020-02-02,0.07450560461155155,0.3349555881675731,0.04280470120386969,0.08349642351456954,0.3400398939425498,0.24415715486892522,0.1335690414704003,0.6229774716626691,0.5278193466744048,34.73797587576457,19.131354969611326
3335,Binh Phuoc,VNM,2020,2020-02-02,0.05385875112179797,0.3401344928403965,0.02934494525957804,0.0664836823780613,0.329733799957908,0.20502406826415256,0.09212033814385696,0.718369018820512,0.7508837399475917,32.95510961471793,18.53776999214647
3339,Ca Mau,VNM,2020,2020-02-02,0.11354814294456458,0.21219048686731543,0.09128699689554666,0.11482052309059416,0.20005501908964068,0.14643167619052977,0.08995598617386609,0.3018984428530934,0.2099280588871757,29.301832332030887,22.015175277962026
3340,Da Nang City,VNM,2020,2020-02-02,0.056248330311850225,0.2388488011018655,0.04673389881692727,0.06596800418523019,0.23457001965819324,0.1504282558217192,0.07886832282024835,0.6518673548482414,0.4781889905237498,24.95592344337481,15.938344127757247
3346,Ha Nam,VNM,2020,2020-02-02,0.5213132930388884,0.544922623238132,0.5071770051795069,0.516227460582214,0.5285620358395475,0.49700872377174354,0.3766527968690144,0.02190634294954281,0.032825742075910616,8.647981765345369,8.524569762008877
3350,Hai Duong,VNM,2020,2020-02-02,0.5394538633887812,0.5714327623006864,0.5243802029126493,0.5332438804759876,0.5640224137883889,0.5080777489860117,0.35787090906902375,0.032663273090887485,0.04460680979629993,11.187529641302751,16.330693617556342
3354,Hung Yen,VNM,2020,2020-02-02,0.663291664332885,0.6928436335014604,0.6287928696434852,0.647126339957333,0.6719725706840076,0.5688937415431222,0.36592239542952826,0.021311169492063353,0.02605555445713411,11.87265959758379,6.130162300268767
3364,Nam Dinh,VNM,2020,2020-02-02,0.3697879738714235,0.3873365207543425,0.36333487226960876,0.3674375042683145,0.37082523917325416,0.34853860510921747,0.26435067968093723,0.02625798265723185,0.020761436880622902,9.956567969189326,17.732970301181503
3369,Phu Tho,VNM,2020,2020-02-02,0.6665471096301764,0.7092072397236465,0.6235687564926453,0.6459078803868876,0.7025779009394626,0.6074293572858709,0.40925914708441385,0.03110133788222609,0.04483357575252117,10.682182061579667,10.642965445902261
3372,Quang Nam,VNM,2020,2020-02-02,0.04528933742367223,0.2573635945100636,0.03858022853148758,0.05680291472557494,0.25010737401674143,0.14592579279953613,0.06497903348187462,0.7291714731361955,0.5076106915609162,24.922178705994938,13.708884992675442
3381,Thai Nguyen,VNM,2020,2020-02-02,0.7439454449416862,0.7732111943666841,0.7108871651135387,0.7278274180712071,0.7397450734585478,0.6143456772602544,0.40682522457504633,0.01905790238581887,0.02407464544084533,9.407142857142885,8.32091300059273
3389,Vinh Phuc,VNM,2020,2020-02-02,0.698041713799803,0.73775605568901,0.6518935361018866,0.6762460155564073,0.7259205963310933,0.615471318526931,0.4014491311189363,0.026724797432799402,0.03453410421280997,11.148403955686328,8.555746919146424
73933,Can Tho city,VNM,2020,2020-02-02,0.09982675404036799,0.3843958718819047,0.062066566403645794,0.11220824266727604,0.3534543207002396,0.23069201321350458,0.11596588093243973,0.5642919196076644,0.6307891762484374,29.61569776289762,18.711998576172327
73934,Dak Lak,VNM,2020,2020-02-02,0.07285859738076823,0.24107788502688607,0.046308024389962385,0.06925839906868393,0.2668282935290433,0.19826243749818578,0.1143080408746002,0.5681635108959283,0.4333566708873858,32.26303473675767,16.14213132035247
73935,Dak Nong,VNM,2020,2020-02-02,0.048662082339780546,0.2436729498311786,0.02632831441462626,0.04895793106631251,0.26372152086625034,0.17439072096207411,0.08558830061294385,0.660484534711509,0.5435406915979394,32.37336547132685,15.935475965367113
73936,Dien Bien,VNM,2020,2020-02-02,0.11670336357606688,0.27241025637450333,0.10266349955020886,0.11814392958385563,0.29864134080051813,0.22175308841691382,0.12425814139534704,0.5144807780164262,0.42139428556499453,25.330364945907984,14.98538119202496
73937,Hau Giang,VNM,2020,2020-02-02,0.07012450455625029,0.397183423060685,0.04645835308713598,0.09111653391843257,0.34635726297590497,0.20937293188168932,0.09507058830624689,0.6877311190172891,0.7394359120815094,25.15287128228371,19.49951960704518
73938,Lai Chau,VNM,2020,2020-02-02,0.22383521421295902,0.36342789134396414,0.21187335912492025,0.22514202325842686,0.3769853158255691,0.29405207203785794,0.1831605325657749,0.4049746016760246,0.3475561298669248,23.37580627641355,14.274334352710772
73939,Lao Cai,VNM,2020,2020-02-02,0.45452728157086786,0.5056623621435812,0.44548043770848017,0.45029320005157886,0.5056778969899293,0.4364331823386199,0.2993573789921454,0.07404916179393121,0.0938750833587402,21.262543367925847,7.180641339063389
3326,An Giang,VNM,2020,2020-02-02,0.07174869505151257,0.3949975427060235,0.04432401660976884,0.09070640614779814,0.35325199589943757,0.22168081233253628,0.10370679618454398,0.6674590988376569,0.781812221166302,27.76037724835375,19.891206960209008
3332,Ben Tre,VNM,2020,2020-02-02,0.06845470564199992,0.2642044270337923,0.038551293767566525,0.07324943356593723,0.24677863168074995,0.156880450518435,0.07772278859329487,0.5340379938079189,0.46892727446817367,27.878349614569213,21.961986241035703
3343,Dong Thap,VNM,2020,2020-02-02,0.07859105991496534,0.27481345835007687,0.0473027572288443,0.08415439449908921,0.25647805474043156,0.17218375565477514,0.0893380289386165,0.5293477598315429,0.4609417764420964,30.28910614828604,20.84634395783001
3351,Hai Phong City,VNM,2020,2020-02-02,0.3577983140234461,0.39418034496219245,0.35938693473808064,0.360111777824282,0.38732920273437105,0.35554032741628505,0.26257065192166573,0.057120087768744034,0.12197993332913608,25.359300791556752,16.48589805886904
3352,Ho Chi Minh City,VNM,2020,2020-02-02,0.08376048845501914,0.24516585838715724,0.053473129627373134,0.08634408999194182,0.24186497928565132,0.17839245622916539,0.11011091557860699,0.486536377816096,0.46528550619862646,34.31452386368032,21.102640226302672
3356,Kien Giang,VNM,2020,2020-02-02,0.07358102374840131,0.3379329974757119,0.04471717574392467,0.08669751628726798,0.30158903274963705,0.18848254560771813,0.09018097787588643,0.5795055690413744,0.5917789275548184,27.968431123070395,20.528765725530516
3359,Lam Dong,VNM,2020,2020-02-02,0.04514480960589271,0.2478946644014302,0.024260752353595868,0.04801725531673196,0.26337840198999046,0.16570344077581298,0.07801640539370865,0.689794800526619,0.5434076773201915,30.06953620529298,14.690301550172832
3362,Long An,VNM,2020,2020-02-02,0.0739829598144793,0.3199478054938465,0.04262202272555192,0.08273826794026323,0.29521574520038196,0.1948307104451384,0.10173183188046811,0.6153333261825207,0.6270999018851123,31.198945425128645,20.287218963073514
3375,Quang Ninh,VNM,2020,2020-02-02,0.6689485330591795,0.695637555714437,0.6513909117235918,0.6608556783909716,0.661886863239125,0.5588315872371366,0.386629814151795,0.02177584269147948,0.03222743522098048,,11.432591587814985
3378,Son La,VNM,2020,2020-02-02,0.2293948750227384,0.34726099399170324,0.2093611100562251,0.22406779368501323,0.3848336461921849,0.3303571800762429,0.2210073816443745,0.3136193788778991,0.39812488114660705,26.654015029892577,14.134964429842777
3379,Tay Ninh,VNM,2020,2020-02-02,0.06747283541524525,0.33982676924902877,0.039741114203483,0.07918951103462586,0.3397441036584269,0.23507242992018293,0.12165247053377973,0.6487271540510486,0.9106086096428834,33.117499659884615,19.674398412010774
3380,Thai Binh,VNM,2020,2020-02-02,0.4932592931078159,0.5143805859554452,0.4805519137867208,0.48714292662460285,0.4974146573830135,0.46011640773695245,0.33526765390457247,0.023542469516759947,0.029594691551461782,6.590044358010713,17.651911466911265
3382,Thanh Hoa,VNM,2020,2020-02-02,0.29083413206277997,0.40722239893311984,0.2742459327736214,0.28938579614873206,0.41839360344981436,0.3613000422618437,0.2545236814651505,0.24618976477759735,0.27590279620411384,24.31296979678618,12.956542002179665
3384,Tien Giang,VNM,2020,2020-02-02,0.07123959983659908,0.31024184225699203,0.04210126547262858,0.07985292951646372,0.28558091164368393,0.18563822741356148,0.09569782507294286,0.6031051520882104,0.6031967497504876,30.61761901715048,21.06132533866995
3333,Binh Dinh,VNM,2020,2020-02-10,0.03655726574398233,0.2807247309842745,0.02240729049799773,0.0465113756823724,0.26704169850124093,0.15715016814798033,0.07002468214674981,0.7753932996371009,0.6493594014705444,29.96879562621474,21.349427605948193
3338,Cao Bang,VNM,2020,2020-02-10,0.2523850653000466,0.3465601099585426,0.24810210663280924,0.2549486593727814,0.3697863547260148,0.31649455440149304,0.2218729959642955,0.20310654303735742,0.24621730031518227,23.373126295098626,15.756592324903295
3355,Khanh Hoa,VNM,2020,2020-02-10,0.0609515997335318,0.2692890920061,0.043976366528208154,0.06639413089177985,0.27287722295439476,0.17998750395138355,0.09264228597809412,0.6608880869990272,0.5835169553168907,30.756145085068898,19.178107976416555
3360,Lang Son,VNM,2020,2020-02-10,0.25140037695001566,0.357535542994659,0.2413364477573574,0.2508934849298307,0.3747381890954256,0.32282876289783063,0.22756916294168753,0.25028033241885445,0.3477370282894624,26.233967984156852,16.854850174773365
3370,Phu Yen,VNM,2020,2020-02-10,0.04720079726610712,0.26987066260395226,0.030034474426924397,0.054738906925092035,0.2684286287004119,0.17392577860358205,0.08455922848059855,0.7069016285199612,0.6499391222886128,31.785301046892002,20.414996158887458
3371,Quang Binh,VNM,2020,2020-02-10,0.04269461159733616,0.25866850844032335,0.03242274909572122,0.05312399126940394,0.26225547067022076,0.16533845229040975,0.0734538326749902,0.7442339012997243,0.6141810071779924,30.250453642064382,20.480321331907763
3374,Quang Ngai,VNM,2020,2020-02-10,0.0334301262530957,0.2692691491534357,0.02074552454933475,0.04423459167497522,0.25947410541952637,0.15613058732149637,0.06933792388060292,0.7808193433980728,0.6368938887105877,29.939232391064596,21.53300736825236
3376,Quang Tri,VNM,2020,2020-02-10,0.05211659773573109,0.26282051408812634,0.040196567574277635,0.06166682293609905,0.26196399076728916,0.1709042821655292,0.08146454311302505,0.6909390817235452,0.5684532121799607,31.385073062537707,21.210941640027723
3383,Thua Thien - Hue,VNM,2020,2020-02-10,0.04374319782883792,0.24699557540870112,0.03444567866382052,0.05445680899251326,0.2452807516676853,0.15397733712945677,0.07201405270233384,0.7169775166261172,0.2437571357403396,30.32065533610461,21.702975182378452
3327,Ba Ria-Vung Tau,VNM,2020,2020-02-10,0.06685094335859004,0.24829687120211827,0.03746513202641608,0.06634036621190204,0.25821931073035126,0.19122480522247928,0.10809477066023429,0.5411534102278441,0.5764456609679742,35.1660421003553,21.80285414595406
3336,Binh Thuan,VNM,2020,2020-02-10,0.07974540161356222,0.28263343541819685,0.03852070611992852,0.07053579344009779,0.3142472652590802,0.24392735773604743,0.1423478964109915,0.5763616315484769,0.705459594551881,36.03908245138725,20.719501633100275
3342,Dong Nai,VNM,2020,2020-02-10,0.053124201752346056,0.24565636918457182,0.02994265543898922,0.05646965892622674,0.25444631225145403,0.17306700510270728,0.08989819985714188,0.6086237508352038,0.5646117281675402,35.126035954140626,21.402567247359634
3344,Gia Lai,VNM,2020,2020-02-10,0.06822516757881465,0.2678296496876597,0.036363870003691595,0.06332404310474699,0.2981888865789646,0.22034258786665595,0.12309173913630252,0.6041325037470285,0.7783273247525252,35.24361204952078,20.09260622648832
3345,Ha Giang,VNM,2020,2020-02-10,0.25989354547998306,0.35938007054236937,0.25449192771770063,0.26211474583855576,0.37867738086461344,0.3085706163016998,0.2009818635586337,0.22914111262741857,0.22755054260655894,25.098114941961853,15.096002885717791
3347,Ha Noi City,VNM,2020,2020-02-10,0.2501330474729308,0.3197585332708019,0.23759690530576338,0.25023891043421503,0.3212069582645111,0.2927012246404548,0.2109234385295692,0.15693017162066117,0.16042626756960993,26.02900377157762,16.973796112570014
3348,Ha Tay,VNM,2020,2020-02-10,0.3059928170500117,0.363723136750092,0.29014078157141615,0.3031676388728226,0.3634769653418438,0.33099084000669965,0.24107649378412432,0.11246042920028855,0.11953057873882006,27.626864357749827,17.211568136033577
3349,Ha Tinh,VNM,2020,2020-02-10,0.05562757543320363,0.27237333504791056,0.04067901493782435,0.06704824160546267,0.2721130824831438,0.1823070099126493,0.0859013705458535,0.6908474799193921,0.5877123676410188,30.469372888770085,19.863250234408262
3353,Hoa Binh,VNM,2020,2020-02-10,0.12633527833672614,0.2905819061037183,0.11795450098219358,0.13401868331085018,0.3077530160087266,0.2375090202519021,0.1407856660594345,0.4727364105586544,0.45881459341073516,28.459155334878666,17.746990831580813
3357,Kon Tum,VNM,2020,2020-02-10,0.050537382310819064,0.29994984934848334,0.029901954469285973,0.05675027606110309,0.3113203806038918,0.19778354024824785,0.09211532879316663,0.7210457784738007,0.7394148674932437,30.655485635367494,18.45859377149663
3366,Nghe An,VNM,2020,2020-02-10,0.04636123177299491,0.28159326556277264,0.03147778757266166,0.05708221863345783,0.29376255882039093,0.19227341848427726,0.08602774420584523,0.7234828695636715,0.6574502423712553,29.52531648672028,17.91112012669967
3367,Ninh Binh,VNM,2020,2020-02-10,0.3575150441425387,0.43967042305477516,0.33240498888961273,0.3509450896255804,0.4480969331031746,0.39568624791449325,0.27246411180402197,0.16289254752637275,0.18405642061086191,29.971464058541784,17.46431659202332
3368,Ninh Thuan,VNM,2020,2020-02-10,0.08291490420313812,0.2515482515840138,0.04567704046066018,0.07240866237977069,0.2886043139562505,0.22858506153082206,0.13572363959946687,0.5336570940782923,0.6661061211727223,34.84749913023906,19.80560707327127
3377,Soc Trang,VNM,2020,2020-02-10,0.11549611206140184,0.3211257970003322,0.07559965547577473,0.11427171044179203,0.30928450029872195,0.2299605110711528,0.1314101327570525,0.44971818437059213,0.5442583301578662,31.78585986612639,22.34409134948546
3386,Tra Vinh,VNM,2020,2020-02-10,0.0820558913261266,0.3060356252942381,0.046756042908203725,0.0880941389689085,0.2889625203588196,0.20032099251411137,0.10415401631534542,0.5109928775086144,0.5965229384354794,31.479286062048597,22.45415037532441
3387,Tuyen Quang,VNM,2020,2020-02-10,0.226202100845446,0.33897096517260844,0.2267244523854001,0.23351532935878394,0.3528835990742113,0.2874009626423778,0.1834207589735004,0.24892578282960331,0.23729549576732908,26.940692315353825,16.88804017401103
3388,Vinh Long,VNM,2020,2020-02-10,0.1234548920755399,0.3480865733473988,0.09366576849382699,0.12944533172501532,0.33831066560896017,0.24028678089323172,0.1362907720175415,0.47748258267406773,0.5502392315219463,31.11311360753703,21.9706898666868
3390,Yen Bai,VNM,2020,2020-02-10,0.16394202492238807,0.29592899605774076,0.15493801376080837,0.16856561025303407,0.3180895733244051,0.2538668796597589,0.15675590564099584,0.3909466266041886,0.3447139180994479,25.53029589481444,14.592331927557375
3328,Bac Kan,VNM,2020,2020-02-10,0.24912681639013803,0.3566878096852191,0.25082899978108975,0.2552591271672221,0.37418129861555016,0.3086832734747671,0.20439640074336848,0.22362704516817128,0.22424111013378836,26.56884845652627,15.765997182863348
3329,Bac Giang,VNM,2020,2020-02-10,0.302445056885879,0.391213267218355,0.28214957631717735,0.2963660891758684,0.40940049226797687,0.3666392181035891,0.26652269070395235,0.1924455344000108,0.22122689788197997,27.56011825881843,16.79347927438325
3330,Bac Lieu,VNM,2020,2020-02-10,0.10481717956416443,0.23831437428082997,0.07320238956939995,0.10537792415910657,0.22438045005664656,0.17176363536530104,0.10360551801735186,0.32337596356994924,0.35170721781460285,31.08223815798698,23.540544868520687
3331,Bac Ninh,VNM,2020,2020-02-10,0.29562587228380943,0.33973771905290956,0.2810965623443501,0.29311559475086496,0.3378486177952253,0.3182025792167301,0.23952512114975555,0.09116806565850974,0.09920494022924554,23.09871657974881,18.06833223036378
3334,Binh Duong,VNM,2020,2020-02-10,0.062277133965383286,0.2909224306860601,0.035820483591322255,0.06773527327337338,0.2978658437108968,0.213467577761214,0.11748545914210905,0.6352876078691035,0.7563928636386432,35.64980406848926,21.68073626803647
3335,Binh Phuoc,VNM,2020,2020-02-10,0.04410557690981715,0.3076589902352754,0.023912841583991998,0.05455226337220231,0.3018402453951306,0.18688563966531357,0.08297513035997957,0.7373088963330536,0.7047058122138996,33.81477030328074,20.676961997798934
3339,Ca Mau,VNM,2020,2020-02-10,0.07773357388421784,0.17709887660333865,0.04998900339878488,0.07695944121704285,0.17001947398471853,0.12058592999937619,0.0691981387624473,0.3661487556999566,0.2384098699914092,30.964162799975043,23.971112815562147
3340,Da Nang City,VNM,2020,2020-02-10,0.04944899952282182,0.24828746076346545,0.037193814880023,0.05903184356298214,0.2461972619843842,0.15858446886581593,0.0810198039600947,0.6994915891449914,0.5407269565426868,29.88807480009912,21.85859063872284
3346,Ha Nam,VNM,2020,2020-02-10,0.4001119599567352,0.4513236685582698,0.3724818757553876,0.3898105826360662,0.45706349285304626,0.42429371569662844,0.31130794017852037,0.07596121219580194,0.09782827688941863,28.102269955413153,16.864587414631234
3350,Hai Duong,VNM,2020,2020-02-10,0.3734157156903013,0.42245923953989856,0.354614886279514,0.3674994787936415,0.432204241873453,0.410139690471486,0.3194926163344526,0.07312983624291147,0.11940045157693002,21.233197070485282,15.23765358787131
3354,Hung Yen,VNM,2020,2020-02-10,0.367702425655643,0.4209571303073796,0.3439520953400081,0.3588057777476434,0.4245458380623068,0.39016843571987914,0.287493611637643,0.09683563141811621,0.08352000747689256,26.4635000151565,16.166992090614187
3364,Nam Dinh,VNM,2020,2020-02-10,0.5312133064454209,0.5761149002839266,0.4813033782594253,0.5089281370184765,0.5881287192814316,0.519280406343452,0.34364885231103204,0.04588890945844181,0.055888085147722345,11.146889068172696,16.265992265094543
3369,Phu Tho,VNM,2020,2020-02-10,0.22077256987609142,0.3225184224198408,0.21351957377122677,0.2243322277258429,0.33392214108177964,0.28161596725172844,0.18897423701065966,0.22922186274615283,0.2673938703248263,27.166811099496016,16.13960304897337
3372,Quang Nam,VNM,2020,2020-02-10,0.03226685671632788,0.2573462295497864,0.024683532126041966,0.04440409390156916,0.2516221358610973,0.14544824484730812,0.05940471953665873,0.7849368382991374,0.5800451311253026,29.668491559848214,20.93980098487004
3381,Thai Nguyen,VNM,2020,2020-02-10,0.3032964369751891,0.3902131045129742,0.2941565078422632,0.3038238631053232,0.400730278089676,0.34573990320531534,0.24029602285440038,0.16018516150072962,0.1775108593408871,26.976819552964947,14.890011603970478
3389,Vinh Phuc,VNM,2020,2020-02-10,0.22582314814021928,0.3181528710981375,0.21566629836182938,0.22834882918581528,0.32297763725475265,0.27908092868147283,0.1911456966296652,0.20754233584980142,0.21853523588640072,27.634456570195702,18.08782094204569
73933,Can Tho city,VNM,2020,2020-02-10,0.12644570822840895,0.3414626121329498,0.08986103407519266,0.1296774323482904,0.3327176265697247,0.24151480134284042,0.13824339813809727,0.4508934403811398,0.512242780561748,33.16515732235908,22.391803876711002
73934,Dak Lak,VNM,2020,2020-02-10,0.06917673398599267,0.25826332097399257,0.038666161084253955,0.06538869001303989,0.2869240046104422,0.2162610594029518,0.12242583740256212,0.586532145866633,0.6600649191195412,34.75357139466888,19.887443597791805
73935,Dak Nong,VNM,2020,2020-02-10,0.05426183704491604,0.27138575355792344,0.029497994375301612,0.055726584926130265,0.2922434986971161,0.19574574043020995,0.09423665785842561,0.6641147051772525,0.6160608139987793,33.69372371728428,18.924791338931723
73936,Dien Bien,VNM,2020,2020-02-10,0.051118541102204706,0.2563080349875528,0.03050726550507606,0.05389108130512796,0.29736311068536964,0.20933683593520955,0.10229602611062574,0.6642765896560655,0.6742007919921801,27.73315150608946,14.645822677473273
73937,Hau Giang,VNM,2020,2020-02-10,0.1109470620873458,0.38063078560494745,0.092843390895541,0.12640890038282285,0.33995813660422297,0.22500845001335495,0.12540053761742476,0.5669681214716832,0.6210409869213812,29.890202876634895,21.749861733834155
73938,Lai Chau,VNM,2020,2020-02-10,0.04222919195945486,0.26477017293311794,0.022176030427720827,0.04852752769141489,0.29553636627060903,0.19363487133202148,0.08524652111868337,0.724263596546615,0.6436228407810474,24.71464282962645,14.223147220631878
73939,Lao Cai,VNM,2020,2020-02-10,0.17594284538145177,0.30636509743544577,0.1635311630187412,0.17804284997265107,0.3349380929519407,0.27261992883641534,0.17073656204211918,0.37390931638163166,0.3617174332506213,24.945631908350748,14.07616452704195
3326,An Giang,VNM,2020,2020-02-10,0.07443205377340677,0.36683017386093353,0.04641074262083856,0.08742787579778424,0.3321192616600842,0.2143817401468128,0.10486262207153314,0.645928777074583,0.7303004372000558,31.878710387734568,22.61251675676736
3332,Ben Tre,VNM,2020,2020-02-10,0.08453207565948213,0.27342659898937444,0.05607021989240354,0.08872986380134235,0.2571955159385557,0.17022539960299007,0.08916941671906516,0.4875035015521545,0.4537716818074548,31.360787504544884,22.69050303666513
3343,Dong Thap,VNM,2020,2020-02-10,0.08611643536481162,0.2905742082464916,0.05488005840551332,0.09356175110544868,0.2716603262240431,0.19035026861774948,0.09888191948609544,0.5198173415227813,0.49313926141426434,33.04018957166049,23.05181536749002
3351,Hai Phong City,VNM,2020,2020-02-10,0.40747206786831863,0.45038517236707615,0.3838535932890939,0.39986236449878054,0.4648303991559722,0.4426069850282967,0.3500546017092486,0.05450937074141067,0.09419404272131997,19.847409689837427,15.001679331214046
3352,Ho Chi Minh City,VNM,2020,2020-02-10,0.07710236771210609,0.21941845000498544,0.04965434972450715,0.07748696188087612,0.21217632138575443,0.15782815831822974,0.10031756478623106,0.4729940049913499,0.41742771704396237,35.34574632191871,22.852220886514303
3356,Kien Giang,VNM,2020,2020-02-10,0.08620714212244816,0.3219204637180105,0.056189463296171804,0.09583350521112947,0.2976903846342226,0.19649566401421312,0.10156145653850565,0.5309301576714384,0.549383241406658,31.277110856963876,23.18025151865731
3359,Lam Dong,VNM,2020,2020-02-10,0.04822264612337687,0.2560971966469193,0.026663673858986894,0.05082100414226604,0.2757111900084719,0.1793436900111584,0.08636076032179786,0.68430516037827,0.5879572442864269,31.22078950032002,17.440474907627358
3362,Long An,VNM,2020,2020-02-10,0.06997435961932426,0.3060567069125067,0.03982463605279367,0.07726353685544304,0.28495938087800826,0.19342802169972728,0.09964514988024153,0.6133194719554411,0.612011971375708,33.589461043666994,22.419768425130176
3375,Quang Ninh,VNM,2020,2020-02-10,0.3475800719123506,0.4248172823676049,0.334028619016409,0.34478497383255746,0.443807486161693,0.39583731058943505,0.2921573994844953,0.12884717423900713,0.1760844939620002,19.006762533892605,15.28369732885963
3378,Son La,VNM,2020,2020-02-10,0.05937644977345112,0.22897773410410938,0.036716715486027285,0.058550025984498266,0.2747821626878061,0.21100333487253708,0.11319600651022019,0.5928705709885614,0.6464076165884655,29.367039369132264,16.233629851392493
3379,Tay Ninh,VNM,2020,2020-02-10,0.054417228685873655,0.29639898335459797,0.0321791459513988,0.06352223564667801,0.2936799034625976,0.2004010610568797,0.10151622522995522,0.6734088418542604,0.732458132005197,35.0375249977694,22.167595214669227
3380,Thai Binh,VNM,2020,2020-02-10,0.5660794431565661,0.606780729581742,0.5187753672989108,0.5451091992321222,0.6197732502320513,0.5651003054769056,0.4059753611460106,0.03493893221519995,0.05706979316137435,8.349415169302235,16.082560826941656
3382,Thanh Hoa,VNM,2020,2020-02-10,0.13226991201141783,0.317619954972766,0.11831189337964965,0.1390241065297162,0.33071743641905155,0.25198858857191453,0.1465117364597956,0.5263671367210049,0.5046904703828488,29.784269553161565,17.9896565889038
3384,Tien Giang,VNM,2020,2020-02-10,0.0865031059846402,0.3266986625569819,0.0569171107387062,0.09440903481678133,0.3025051755152721,0.20475524241958779,0.10818556354495686,0.5703938448894854,0.6039383789985658,32.9693328917023,22.527623437116286
3333,Binh Dinh,VNM,2020,2020-02-18,0.09540429042050015,0.32032546679055734,0.08407288921537369,0.1046911268199266,0.3102683235302234,0.2022442756632078,0.10968824216241171,0.5951461196261425,0.5646390449353028,25.454976798799972,16.26101067613798
3338,Cao Bang,VNM,2020,2020-02-18,0.2640439950127427,0.3535733156533581,0.2612079323016154,0.2662467684696918,0.3697861239781592,0.3213325803014078,0.22554616068468702,0.24450212286136294,0.21692519144189948,21.26862918426048,11.002948297612146
3355,Khanh Hoa,VNM,2020,2020-02-18,0.06291909619583627,0.28103077405648214,0.043592879337399394,0.06836621900920926,0.288640689523808,0.1915834086815173,0.09982326456165957,0.665658233799212,0.6823299554000121,29.382496261855465,16.795261639451457
3360,Lang Son,VNM,2020,2020-02-18,0.1380849326697835,0.27348013492147766,0.1324074822119109,0.14327924213425663,0.2900840068820365,0.225380030633713,0.14023802491942278,0.45948581411260814,0.3649193959319008,22.587116361024485,13.831830570019497
3370,Phu Yen,VNM,2020,2020-02-18,0.16242695424380113,0.3461281759587462,0.15369921721936503,0.16904186542750885,0.3481649726198186,0.2568182572714141,0.15655453164548513,0.4389824281458067,1.3486746164859278,27.341888698761753,15.90029650169672
3371,Quang Binh,VNM,2020,2020-02-18,0.11677991159589096,0.29089356288123414,0.11136657656909875,0.12543094961033271,0.2932436408354825,0.2129927692213721,0.1277268409277659,0.5065868023761531,0.46173450975725966,25.654124719163864,15.698996410065918
3374,Quang Ngai,VNM,2020,2020-02-18,0.11699517100267004,0.3092440431022232,0.11566383959642221,0.12832849459340642,0.2992699020613266,0.19516666404225413,0.10569427838593916,0.4864446987116026,0.41915383175417154,25.129330362212578,16.692576316173383
3376,Quang Tri,VNM,2020,2020-02-18,0.06273203478454528,0.29698591877014674,0.04537503976251243,0.07303954182013697,0.2996243219964023,0.20020830319730903,0.10077728877421989,0.6683596363159102,0.6485411313585865,27.855353167472025,16.89389930145392
3383,Thua Thien - Hue,VNM,2020,2020-02-18,0.06497888676783223,0.2817062909704847,0.05396727327380246,0.07724889392408617,0.27763004383951057,0.17778605415864998,0.08758164610707382,0.6412771116380915,0.5642641813688883,25.3502266089846,16.621112275589393
3327,Ba Ria-Vung Tau,VNM,2020,2020-02-18,0.07514448215500279,0.25602119107414456,0.040105273029090685,0.07198216993882534,0.2786860156697748,0.21262010750103802,0.1259115292139523,0.4841536437013858,0.6261421964615651,37.33231983044364,21.541488465170325
3336,Binh Thuan,VNM,2020,2020-02-18,0.08625441493458362,0.2835330135102256,0.041814681034855215,0.07491151609921787,0.32223534298286843,0.25436097612466085,0.1538390921996022,0.547940270002491,-5.660402793806625E10,37.51419777259966,20.251973153813637
3342,Dong Nai,VNM,2020,2020-02-18,0.06023108248338262,0.26966179280739094,0.033494537176851004,0.06354735465200748,0.28611707832704225,0.19900215397051824,0.10670270408253273,0.5973572831421967,0.6517698327895898,36.83063177905157,20.616037103040856
3344,Gia Lai,VNM,2020,2020-02-18,0.08574177864645582,0.2773155293753634,0.05075253103313632,0.07830512410445276,0.31207619162407724,0.23434506076419126,0.13804013304049662,0.545650970846486,0.724312822721481,32.69872282713005,16.197007355616876
3345,Ha Giang,VNM,2020,2020-02-18,0.25556216073722243,0.3502334513810769,0.25385542033748204,0.25775537711187646,0.3604858541282938,0.30587974749203484,0.2059055591195059,0.26593193941674764,0.24109442364843614,20.540674121812014,11.069335538517462
3347,Ha Noi City,VNM,2020,2020-02-18,0.08214638908280235,0.17030206254204042,0.05324519322746796,0.07883589964762688,0.16843501367293237,0.143671984342461,0.09813868485285751,0.3591588401742384,0.25039055137912153,29.47922005077821,16.58334860732068
3348,Ha Tay,VNM,2020,2020-02-18,0.09332579109931155,0.18833529701138157,0.06414266166855274,0.09084322733198706,0.17534372227205616,0.14150119986843335,0.08964114741458289,0.3499145898251199,0.2479298113940572,29.093067552588227,16.617504204806885
3349,Ha Tinh,VNM,2020,2020-02-18,0.18999961784770839,0.32672254893031255,0.18851019915143685,0.19933824003702497,0.32136740034863825,0.25741213468988894,0.1690362067336612,0.3486489087105178,0.3225608658378155,26.00012166853378,15.847926812241807
3353,Hoa Binh,VNM,2020,2020-02-18,0.05442323237371892,0.22852136332328724,0.04229250280584955,0.06267885093266283,0.24102792673704876,0.16651962365749554,0.08231428619310417,0.6337048318155784,0.49205778055095956,26.172521825322143,14.852482647208829
3357,Kon Tum,VNM,2020,2020-02-18,0.06349649521535082,0.27099048025830835,0.04692224710205524,0.06732802474392684,0.281079952722353,0.1796167889116571,0.089902534888208,0.6478921891354379,0.5637236244913446,27.647513949269495,14.445167545818624
3366,Nghe An,VNM,2020,2020-02-18,0.12813294900635816,0.3113258801122828,0.1243469846204675,0.1390049776219682,0.31867679716805986,0.23448693367991885,0.13757566110888192,0.48061597047520455,0.4923827766095286,25.975521296996856,15.205284059648585
3367,Ninh Binh,VNM,2020,2020-02-18,0.11886524844330318,0.22971531654355734,0.09553536973365287,0.11930137934092967,0.22929708301108626,0.18648274869695694,0.11683184101832511,0.34119799773131665,0.2906690411616245,29.090396372855565,17.3553157667053
3368,Ninh Thuan,VNM,2020,2020-02-18,0.08909812686655748,0.2654001689154712,0.04535952479443946,0.07624550205064441,0.3102849249841104,0.25007897249604044,0.15330138770380014,0.5234421301444957,0.7579478067064861,33.98054235645511,19.395489905375957
3377,Soc Trang,VNM,2020,2020-02-18,0.0997235863992438,0.3018112856745336,0.051780806975981745,0.0931930557339948,0.29925654498086435,0.22121500446210635,0.1257551511270849,0.4778340999994009,0.5840018047920849,31.964082423194046,22.124233878579698
3386,Tra Vinh,VNM,2020,2020-02-18,0.08337772675630978,0.28749665869488855,0.042948434941785414,0.08384024292470862,0.2788797066020943,0.19389497825043125,0.10568811406249816,0.4946255412235229,0.5415334954327274,31.66543967763798,23.12787985084402
3387,Tuyen Quang,VNM,2020,2020-02-18,0.16893785860003138,0.2753910553368817,0.1778662299774201,0.17917736091011902,0.2696179750429714,0.20897376091498576,0.12675246372477267,0.33002760987246,0.21558123958184158,20.51542275544367,12.627376931453664
3388,Vinh Long,VNM,2020,2020-02-18,0.08874315221136397,0.2924129348060059,0.049837931809238505,0.0861802716609882,0.29396991570764786,0.20903562100260864,0.1165439333794826,0.5182144602071693,0.5534094138465846,33.534462014182395,21.353447009980318
3390,Yen Bai,VNM,2020,2020-02-18,0.1670670973103049,0.2873603534061776,0.17167802721480505,0.17619669098279828,0.29967976456428363,0.2382273947743899,0.14640531356519562,0.34607830753666124,0.3170035652441274,23.847491763316498,11.934604523037065
3328,Bac Kan,VNM,2020,2020-02-18,0.19823772196300887,0.3033128166898165,0.20834979604515555,0.20725864638005045,0.30715928727488506,0.24617461559214265,0.1619614046026257,0.2934303185178075,0.2334772975200175,23.28468895374824,11.260547606730022
3329,Bac Giang,VNM,2020,2020-02-18,0.07596913938879082,0.22225827291919334,0.054296480859292395,0.07634076854582489,0.23072455042706558,0.1696459998296166,0.09587727512600794,0.5334353489524531,0.41018275391070036,25.644362176367743,16.200413935142233
3330,Bac Lieu,VNM,2020,2020-02-18,0.07792670955561577,0.19446519483794422,0.04244774564947956,0.07388015381008829,0.18114347617899607,0.13343863828635533,0.07717921722430438,0.3431874568312604,0.2993239017351612,30.79277284827657,23.313869093497985
3331,Bac Ninh,VNM,2020,2020-02-18,0.09726592908964693,0.16166046679287702,0.05673555055864293,0.08806173305714117,0.14573162741254847,0.12604409605958217,0.08607493935548037,0.2510538387282357,0.17461410108088615,28.775703553933248,17.057117328552877
3334,Binh Duong,VNM,2020,2020-02-18,0.07210935461909079,0.3318447588056873,0.04142246098413384,0.07833936897697158,0.3479277965317557,0.25459288073308495,0.14136634896624273,0.6273879182315865,1.0372724017689896,37.759771937810285,20.806270448982502
3335,Binh Phuoc,VNM,2020,2020-02-18,0.05189710454333684,0.33163799604150285,0.02816854377312337,0.0614312240914739,0.3353994879231499,0.21516942170635897,0.09881340254571867,0.7184060014767211,0.799932234469419,35.5802135193453,20.207575856031205
3339,Ca Mau,VNM,2020,2020-02-18,0.06939318046718644,0.15903445917033812,0.039369930226644555,0.06625022643973362,0.15104985189345563,0.10548931850125665,0.05968981893949372,0.3556333670378968,0.2168320321473621,30.699992687307155,23.66626959861833
3340,Da Nang City,VNM,2020,2020-02-18,0.12386562487598643,0.3049493991716649,0.11816530895110766,0.13451235610850984,0.30212235245950064,0.21095344163568577,0.12220610972001368,0.4594634854934466,0.42056599231201114,25.3165841092495,16.151486740393693
3346,Ha Nam,VNM,2020,2020-02-18,0.12158013172070813,0.2018032546000647,0.09812922398447164,0.11967910058229787,0.1921335397797398,0.16095272564288743,0.10599770954557135,0.278530592842854,0.1906095971799769,29.04951280875096,17.4332131740156
3350,Hai Duong,VNM,2020,2020-02-18,0.08179992175886071,0.1707334278975079,0.04754041346338506,0.07668199884772119,0.16010545937123716,0.12892768565445978,0.08086955883487504,0.3576985467617978,0.22060615741858183,27.65554883074574,17.417701470543193
3354,Hung Yen,VNM,2020,2020-02-18,0.09404516102088815,0.17841687140045362,0.06200759377121883,0.08697888151578637,0.16302220715502105,0.13276609398199565,0.08687090068126681,0.3226244522203178,0.20931642891677482,29.25393503526939,16.793525951270873
3364,Nam Dinh,VNM,2020,2020-02-18,0.11677167576649405,0.17864069690779075,0.08065812686904894,0.10483506113879201,0.17257193960439643,0.1543458552755176,0.10478308584006948,0.22742307289465208,0.1501504262798234,29.92712441124344,17.60829995867757
3369,Phu Tho,VNM,2020,2020-02-18,0.10269162670616479,0.2275458368211651,0.09426163454687143,0.1086595536329346,0.23210289784513055,0.1756169219549828,0.10186824222767744,0.4723678145815093,0.3215690348125875,26.983183326805683,14.853282679456022
3372,Quang Nam,VNM,2020,2020-02-18,0.09751776054399133,0.3032115805785445,0.09462425190620223,0.10984171391519298,0.2970978424246841,0.18680408240580687,0.09552319090126009,0.5401845926145495,0.4604714648771691,23.786289892557527,15.586544445508817
3381,Thai Nguyen,VNM,2020,2020-02-18,0.07413810436492667,0.2051980046298936,0.06822604159076552,0.08054198189393019,0.2074443942942776,0.146659475742239,0.08008701230286798,0.5391864810660135,0.32739859919265235,25.788497931928706,14.951563797748182
3389,Vinh Phuc,VNM,2020,2020-02-18,0.07046049405322159,0.19198152852984707,0.04735878770953016,0.070350736949988,0.19273160114792504,0.14869404050936055,0.0876716329747328,0.47759200552315845,0.3374586200305985,28.57057582076799,16.40581173703873
73933,Can Tho city,VNM,2020,2020-02-18,0.08938352396394092,0.22860976011262896,0.05174454984268323,0.08347297437472795,0.23209401796882356,0.17538322076415655,0.10398979300863438,0.4176559865760307,0.37689594354369527,34.12129168086517,21.106938829181768
73934,Dak Lak,VNM,2020,2020-02-18,0.09812534807187319,0.2725532123798018,0.067163283602487,0.09186563528419124,0.3064958499232194,0.2384025093735415,0.14712309386627836,0.5155749679586253,-2.110731425346965E10,33.17986918897374,16.86466729656602
73935,Dak Nong,VNM,2020,2020-02-18,0.05687650984468723,0.2623318485243365,0.02944172462420819,0.05535236343550523,0.2890509376279698,0.1973309543745999,0.10160143642984762,0.6380815158444944,0.5973921101979389,33.50691111907203,16.942233192752308
73936,Dien Bien,VNM,2020,2020-02-18,0.0587413399797536,0.2548810771726262,0.039700603944955296,0.060421238226588014,0.29354151749254204,0.20931241852790214,0.10555526476065082,0.6382675167071133,0.6614035754619436,27.210167846989858,13.732913586918773
73937,Hau Giang,VNM,2020,2020-02-18,0.06188789861086782,0.30830743939598443,0.036965223160053136,0.07133258599150477,0.2775487840139233,0.16995855503829693,0.08336977148387575,0.6598431900196199,0.582415543385826,31.205911050162516,20.92315148376924
73938,Lai Chau,VNM,2020,2020-02-18,0.1350721400723511,0.30918531801624294,0.12119745668257864,0.13837492210397123,0.33889813271585334,0.25399917575739966,0.14740040711759234,0.5231770500389161,0.511765508977408,25.52036087114584,12.620923800957085
73939,Lao Cai,VNM,2020,2020-02-18,0.2935139569901,0.3974401079923713,0.28859418679094856,0.29551955469620356,0.41937177128176645,0.35927760986994445,0.24281084204574874,0.24928697498243008,0.27158257589444784,20.543833708047348,10.284888487613847
3326,An Giang,VNM,2020,2020-02-18,0.0701037768834434,0.297461087485141,0.04022457497701972,0.07398978171089156,0.28124566920407396,0.18689512604822825,0.09777142393427705,0.6014063205328551,0.6001491826514952,32.70260772812576,20.921669097797206
3332,Ben Tre,VNM,2020,2020-02-18,0.07079009163478302,0.25399811951534135,0.03958474850512387,0.07291421718631956,0.2432873632942657,0.15729241910199504,0.08140151370213201,0.5070247347011649,0.4593206639671495,32.30684586993081,23.493664076092
3343,Dong Thap,VNM,2020,2020-02-18,0.07321622654696085,0.23465789358678685,0.04031639670743449,0.07364460477367563,0.2324275990141797,0.1716240248506834,0.09775493519221354,0.5059348331401885,0.45248383496803174,33.73036353537954,21.584874417857804
3351,Hai Phong City,VNM,2020,2020-02-18,0.09207135878831318,0.17537345470593818,0.06248098603168746,0.08867279680149423,0.16494047182124755,0.13346442587457888,0.08646730907759256,0.3348524655613418,0.21262441263955267,27.624176631864735,17.66458880658136
3352,Ho Chi Minh City,VNM,2020,2020-02-18,0.08149487172323873,0.23280652763334378,0.05062885645516583,0.08205199140502582,0.2338683731058811,0.17639757145258655,0.11251999262394659,0.4681729659776954,0.4929312313603665,36.43985599716698,22.315346505384408
3356,Kien Giang,VNM,2020,2020-02-18,0.06855200019163332,0.24541847953660542,0.03742963332294565,0.06895465574644757,0.24094816180859727,0.16186354440710365,0.08552519440333878,0.5090432891086133,0.4496698054220495,32.364154139690264,21.74937553212427
3359,Lam Dong,VNM,2020,2020-02-18,0.04965250850465153,0.25313074396200613,0.025754169406151054,0.05098298656535164,0.27763515427833857,0.18318187981538336,0.09122077043451808,0.6707032729332638,0.5937855292365706,31.747759253530788,15.7887771001365
3362,Long An,VNM,2020,2020-02-18,0.09096023293647892,0.28838648857626425,0.0499292105090922,0.08785099038215166,0.299369321232205,0.22416375938823677,0.1293476856523511,0.5121821991549477,0.6225696341497505,35.03883365059207,20.84730579620477
3375,Quang Ninh,VNM,2020,2020-02-18,0.06328083603748239,0.2061693406428959,0.053685785890663924,0.07000961905039489,0.21060001282078156,0.1452452997252729,0.0749126834601542,0.5889375453986238,0.3715991856545791,23.707212383527303,15.42997387873251
3378,Son La,VNM,2020,2020-02-18,0.07026914652669532,0.21216263395662227,0.051764598473525124,0.06885334482349814,0.24814831759223316,0.19170111732055709,0.10578998960877484,0.5401227131571684,0.4670719778779579,28.59739945867165,13.341700471490617
3379,Tay Ninh,VNM,2020,2020-02-18,0.06543426009554035,0.3203326066403585,0.03867512639230939,0.07330058145565685,0.3288535162092419,0.23082465698602442,0.12238791193177101,0.644430484661486,0.9295083928584054,36.206114150075436,20.548357364032753
3380,Thai Binh,VNM,2020,2020-02-18,0.09367987860618651,0.1621198842434157,0.05519271109725561,0.08260671931987616,0.1433414152962296,0.12146911202499619,0.07944305472214698,0.2693748525785176,0.16106657348796086,28.22404891468757,17.417642300096425
3382,Thanh Hoa,VNM,2020,2020-02-18,0.0839493865208916,0.27062294843153595,0.06901362623550938,0.09229163893483291,0.27949954387417353,0.20107724493100196,0.10742898311251209,0.565199522372189,0.5226384911358712,27.219590986507452,15.56332912698976
3384,Tien Giang,VNM,2020,2020-02-18,0.07553068519830446,0.2820055736442026,0.043056630241876795,0.07795980916187058,0.2709329280609716,0.18583310706218564,0.10169662924558295,0.5485968807926276,0.5571068895946284,33.99370693343428,22.126753837737535
3333,Binh Dinh,VNM,2020,2020-02-26,0.13475541774564231,0.358771712000169,0.12516245061476491,0.14441404099202407,0.3505456874841546,0.24307509943323127,0.1420045623842214,0.49556619776260474,0.5848803788929179,28.706644103645182,18.409100288483792
3338,Cao Bang,VNM,2020,2020-02-26,0.25501628023926914,0.3527192781764561,0.25865544853771144,0.26136061602552224,0.36642936605739546,0.2940915752940207,0.18966185390129395,0.20908438068862936,0.1959223419410439,25.449508145197754,15.887952545638338
3355,Khanh Hoa,VNM,2020,2020-02-26,0.10566950519834332,0.3453611015532531,0.07983745149327258,0.1105685495682897,0.3543963118725678,0.2501539930675188,0.13964787772815695,0.5545400944751446,0.7701180161205123,31.62892496845183,17.648320923928317
3360,Lang Son,VNM,2020,2020-02-26,0.16208346459219553,0.30026101559617563,0.16136734562844202,0.17001105440497097,0.31160984903726385,0.23086590924615172,0.13459092770426254,0.35091083718333865,0.32417210243732864,24.161653156641023,15.525949174763293
3370,Phu Yen,VNM,2020,2020-02-26,0.14640704843516278,0.3488193388408268,0.13332112556456177,0.15323717247338284,0.35083240490682727,0.2587250675156759,0.1542869159503465,0.4523029755603416,0.503631466260883,30.45991616151622,18.94506024823963
3371,Quang Binh,VNM,2020,2020-02-26,0.1587673899419308,0.3310709363649894,0.15352036696203794,0.16747923093297518,0.33570022247329906,0.2477517054460019,0.14967936918024238,0.42882421326973424,0.41387432000613417,26.36525863802848,17.28092629078638
3374,Quang Ngai,VNM,2020,2020-02-26,0.092747174640799,0.3351505222092854,0.08026082706975661,0.1042319527160104,0.32760856905850855,0.21838853929000573,0.11698161198402039,0.6050002349174693,0.6458217819966027,28.905481096344527,17.684956028114385
3376,Quang Tri,VNM,2020,2020-02-26,0.10194527023746959,0.30880431343262726,0.0919826642379517,0.11217834807094064,0.313017733654668,0.217919753196012,0.11840336123264412,0.5489352677951348,0.5219476729173883,29.153356097551697,17.98483413903405
3383,Thua Thien - Hue,VNM,2020,2020-02-26,0.05523850913619307,0.2816724495903146,0.04577173115000769,0.06832031051118816,0.2810098069249443,0.17672119930035818,0.08290850094440813,0.6893395065340152,0.5096633066990969,28.418409682028248,19.179201058333607
3327,Ba Ria-Vung Tau,VNM,2020,2020-02-26,0.08432593798256487,0.2810690191600549,0.04482997914783426,0.07985789862130518,0.30362207877506187,0.2305116515246009,0.13461382300996866,0.4856540588931199,0.6630192062265811,36.832667664993174,22.445778383870753
3336,Binh Thuan,VNM,2020,2020-02-26,0.10206693344736899,0.32187997778646305,0.048815665538938964,0.08802905007397853,0.3618412709499124,0.289329890688357,0.17617825449869196,0.5273233459190226,-2.482905621050363E10,37.70846098567628,21.005468103678233
3342,Dong Nai,VNM,2020,2020-02-26,0.06723761018389528,0.29443731109446053,0.038014785562640895,0.07083696354092801,0.31058885186093776,0.2176070465523443,0.11474216432495418,0.6021081709624944,0.736488626995337,37.035338140105935,21.372628403253014
3344,Gia Lai,VNM,2020,2020-02-26,0.09908970994372156,0.2867153749944752,0.06587760965880331,0.09165276639712193,0.3208634081679804,0.24662717300969042,0.14845870968498492,0.5150722736596681,0.8225813834373951,36.03701638680458,18.514693363549426
3345,Ha Giang,VNM,2020,2020-02-26,0.3828467646288007,0.4563886947832663,0.3772540528293017,0.383080801833264,0.4638949490341178,0.3813663222099058,0.25497775484277313,0.11463620142002992,0.1294748935786096,25.794016440844842,13.62681437681601
3347,Ha Noi City,VNM,2020,2020-02-26,0.21842173961997768,0.2930759959505012,0.20736756377030222,0.221369061771499,0.2932873521702914,0.25649805289217015,0.17984099950947738,0.16349304716278362,0.18647599956306518,27.74973975379443,20.000629378059426
3348,Ha Tay,VNM,2020,2020-02-26,0.13024576382265202,0.23566027269250764,0.1079979344907325,0.13274953027417014,0.22338566271046728,0.18126904634191865,0.11382187587349288,0.3132863678261851,0.24806900193991446,27.937716178538373,19.481670153141877
3349,Ha Tinh,VNM,2020,2020-02-26,0.22920124655283367,0.3688801625061898,0.22508362543425386,0.23723387629164366,0.3696765087412579,0.294869202801451,0.18912550464788538,0.294714512645196,0.3199631276237098,25.79624775581023,17.680122387798825
3353,Hoa Binh,VNM,2020,2020-02-26,0.10897493730695777,0.2839454096579204,0.10024995832877609,0.11858019540785586,0.29828727877107947,0.21941415918015592,0.12082798314804741,0.4786339773934661,0.46067032284512804,27.289978991813644,16.468304526931313
3357,Kon Tum,VNM,2020,2020-02-26,0.053167242915231915,0.2854903128146104,0.03358235235516894,0.05772135759460371,0.29898435184428007,0.19079545324153468,0.09191452006839887,0.6905963743305477,0.6588144535949112,31.51264358193186,17.147637528645586
3366,Nghe An,VNM,2020,2020-02-26,0.14680928631914936,0.35336470110183804,0.13423776560546366,0.1558071813986898,0.36833322276130287,0.27233448242687885,0.15921241721314797,0.47929406478332776,0.5457256342491199,26.418003956958167,16.64450780877543
3367,Ninh Binh,VNM,2020,2020-02-26,0.1629149174162617,0.2739985914300522,0.1442310285187877,0.16449267729079886,0.2767558051855646,0.23290457894422004,0.15330512697153148,0.2822372959736915,0.28471757372446366,26.772541525178784,18.48641140957854
3368,Ninh Thuan,VNM,2020,2020-02-26,0.10962567181701607,0.3046397355823201,0.05700356591023597,0.0934394639549731,0.35337562546300033,0.2899524529970271,0.18020539370309616,0.48948488655186395,1.809856831401575,37.02774623473817,20.06886385384234
3377,Soc Trang,VNM,2020,2020-02-26,0.11577823511416302,0.3500288957883329,0.060621699005661764,0.11092019534177847,0.347558755092247,0.2570123326709795,0.14361329663361166,0.47441646872896354,0.6747281956595499,32.59791913345007,22.13713953215362
3386,Tra Vinh,VNM,2020,2020-02-26,0.09800292568373362,0.3403136256251941,0.05087809209263202,0.10078419479985816,0.33087252631520375,0.2300155004111316,0.12296551102320952,0.4980453819016892,0.7103868549896355,32.09258904407373,22.409368443171264
3387,Tuyen Quang,VNM,2020,2020-02-26,0.20254886382203682,0.3083561060238698,0.2150558513376749,0.21420143094281655,0.3085896928627336,0.230593359293728,0.13737193423681524,0.24514903540272684,0.19608592735127459,26.168954229420304,17.43124061303779
3388,Vinh Long,VNM,2020,2020-02-26,0.1024661969532748,0.32815320371812684,0.05781969984617636,0.1003096593223352,0.3304172891891025,0.2362334625761664,0.1301151193404226,0.5118414571641694,0.6047707592988688,33.60514097101522,21.949044383282356
3390,Yen Bai,VNM,2020,2020-02-26,0.2079699066377435,0.3083343348837142,0.21530464069437702,0.21651641490091406,0.3141912795978708,0.2341265622475581,0.13680620712575042,0.26153761278322235,0.2152656960307113,23.139137507975338,15.598470714662515
3328,Bac Kan,VNM,2020,2020-02-26,0.18777028821050157,0.30808312835108753,0.19623009554284968,0.19773095016832296,0.3145734953026975,0.23956307287507342,0.14598541692699876,0.2952036652017584,0.24149630449990386,24.815923962367997,15.532451436162036
3329,Bac Giang,VNM,2020,2020-02-26,0.1463537125258642,0.30716299662384544,0.122782203267394,0.1482742815130506,0.3159846729163937,0.24356802974940578,0.14667681828843948,0.3988079277072407,0.43164500970217207,27.99962666708705,17.440285090663945
3330,Bac Lieu,VNM,2020,2020-02-26,0.10153498682198231,0.25569190990288776,0.057844538037289214,0.10015441234326093,0.2419620692740695,0.17977599027400173,0.10181140682681235,0.3505738237078953,0.40461407780771375,30.889702401690183,23.125041649254744
3331,Bac Ninh,VNM,2020,2020-02-26,0.200284585093426,0.2704093617087659,0.17325808680885596,0.198326613835085,0.25706473046198997,0.22650892145796453,0.15773961042651194,0.16639142882315489,0.15325775780524817,29.551925456062868,19.61859522442316
3334,Binh Duong,VNM,2020,2020-02-26,0.06823515009431799,0.3090062236288783,0.03894876911412916,0.07277755590331685,0.3255892346401356,0.24116269987770608,0.13422334506939787,0.6262660208780915,0.9351922954340367,37.83547162100905,20.951302391454355
3335,Binh Phuoc,VNM,2020,2020-02-26,0.05204034684772108,0.33532560665888683,0.02813127476921355,0.06111392059118634,0.34168597371111276,0.22253518778995154,0.100798403913934,0.7235129930951377,0.8147067125344245,36.241529289944566,20.42698885991468
3339,Ca Mau,VNM,2020,2020-02-26,0.1154647732761808,0.23209874242165973,0.08194648952747653,0.1145018563754921,0.22324642605989714,0.16570042814070832,0.10156604179955771,0.32718780204762676,0.2680618427157205,30.067087817817292,23.157567175518796
3340,Da Nang City,VNM,2020,2020-02-26,0.12551535594299798,0.30348139740620284,0.11856850527073803,0.1352518337484045,0.30293560175268563,0.2166978217250618,0.12947111174777906,0.4600906903743298,0.45754381530786387,29.09918225751016,17.92430179210687
3346,Ha Nam,VNM,2020,2020-02-26,0.17191327430631273,0.25946939001648933,0.1523283036540163,0.17361130135319094,0.24733716098797992,0.2111319821183265,0.14313398025988533,0.23883811330202462,0.19808026000755577,28.424397426039754,18.49619957781675
3350,Hai Duong,VNM,2020,2020-02-26,0.1525088154236814,0.2496720552743558,0.12835313388590847,0.15296849885893746,0.24065373141841426,0.202048027475225,0.13334468690686496,0.27016572922316306,0.23701598219459538,29.22128406826937,17.575119951740728
3354,Hung Yen,VNM,2020,2020-02-26,0.19560832819902071,0.27579710690081105,0.18211950852099418,0.19641090675400327,0.2583554884082447,0.21483774933352123,0.1430665537609206,0.18615009548513092,0.16279040657648333,27.242214496618594,18.555170803372242
3364,Nam Dinh,VNM,2020,2020-02-26,0.13962702607540864,0.21381732775804024,0.1115843977631083,0.13501652147508172,0.2067274712797142,0.18423219814899872,0.12915181939450732,0.2325612685726766,0.18737662271717512,29.137603058002934,19.249653224775322
3369,Phu Tho,VNM,2020,2020-02-26,0.1326466529031841,0.26390198717026575,0.12696850349023392,0.14000126671039415,0.26832364121211444,0.20353823877179555,0.11711019333120445,0.3760472639127333,0.3191729080836698,25.91385614160976,17.792905512709893
3372,Quang Nam,VNM,2020,2020-02-26,0.06838816690497786,0.32401605848823567,0.059456151563103424,0.08332522611879684,0.3194912071614342,0.19742702306780846,0.09224112582182266,0.6767149521689931,0.660025464340862,28.16893024136967,16.316022479973352
3381,Thai Nguyen,VNM,2020,2020-02-26,0.1895823643608959,0.2966413246149288,0.19508280724150012,0.19893703499917909,0.29387368772707656,0.2228190498137054,0.1360167569069259,0.26458067929153356,0.20633633755259323,24.724038241548502,15.705873422198788
3389,Vinh Phuc,VNM,2020,2020-02-26,0.15360070266635134,0.2696657022019906,0.14289865460602783,0.15899325926399194,0.26745480204740335,0.21325475554548373,0.1323576865494198,0.29301042272378497,0.26206659764267876,24.33042098181529,19.434681543123713
73933,Can Tho city,VNM,2020,2020-02-26,0.11155375452526742,0.26741588485847084,0.06842994645445001,0.10720624603953027,0.2700602758691001,0.20778025902160646,0.12003038486122457,0.39668649804271144,0.39988445959244406,33.46081708599958,21.67576413681754
73934,Dak Lak,VNM,2020,2020-02-26,0.08268221403279244,0.2808769046436031,0.04665681432414202,0.07695288027787575,0.313799988457834,0.24205043905495463,0.14275955483496178,0.545196283742189,0.7281513881371027,36.579342761025586,18.861312062057983
73935,Dak Nong,VNM,2020,2020-02-26,0.06570957993510827,0.28822624178876777,0.035531153546644184,0.06442342148388522,0.31666356832089027,0.22145539362265482,0.11432673448566717,0.6199204471129672,0.680056952358753,35.95086161590128,17.937699600967107
73936,Dien Bien,VNM,2020,2020-02-26,0.05863495209053404,0.255661040408262,0.03654003399353517,0.059105547722023935,0.3017706848674854,0.2216871873365595,0.11158824374084761,0.6277239906509202,0.7317802467293093,29.65443836186344,16.810446751127138
73937,Hau Giang,VNM,2020,2020-02-26,0.08535944049878932,0.36554505739468185,0.05157798313053003,0.09651565586741025,0.3355006600172902,0.2143651693983093,0.10386555411642055,0.6175032001031974,0.6368376439596874,31.34040528291943,21.34654934939519
73938,Lai Chau,VNM,2020,2020-02-26,0.055032123285783156,0.24287921153117134,0.035680097730129264,0.05875185158594635,0.27233030810990155,0.18762200704342785,0.08705193263107446,0.6578132304247497,0.5467538215811046,27.12614028368704,16.156189401515363
73939,Lao Cai,VNM,2020,2020-02-26,0.2991245642045186,0.374262350523878,0.29247152892597156,0.3000317909785782,0.37778486820141366,0.3174264369319458,0.21126922782833357,0.16771267433770798,0.16015568353601306,24.545177422919263,11.452786531488412
3326,An Giang,VNM,2020,2020-02-26,0.08865308767093756,0.34927651809831095,0.05243065771946297,0.0960226705904857,0.3298830694831814,0.22449528794061993,0.11650818495525689,0.5726641212257603,0.6536512168144842,32.817965117945896,21.615245897518754
3332,Ben Tre,VNM,2020,2020-02-26,0.07673016838274564,0.2748385099153786,0.04231046432181401,0.07897301365933977,0.26093965462577123,0.16878876458708775,0.0862773108901389,0.5165513266091792,0.48068236110150225,32.4859304684637,22.97729359795818
3343,Dong Thap,VNM,2020,2020-02-26,0.07919948146968372,0.26542347520174664,0.044364560595437134,0.08268187252475162,0.2593916248114603,0.1916242571917183,0.10689855584658814,0.5182339704891424,0.5171489124315265,33.62136212208421,22.597712054419343
3351,Hai Phong City,VNM,2020,2020-02-26,0.12972215063456444,0.22694102033205674,0.10332054091831609,0.13002792119902357,0.22373014381473277,0.18410850989908442,0.12126510423583503,0.28847681947774334,0.24999012526375855,27.915536413627677,19.425986372862265
3352,Ho Chi Minh City,VNM,2020,2020-02-26,0.08325832468328834,0.23347368865712867,0.05218943975161109,0.08343073994134168,0.231113127999319,0.17402052505253862,0.11015399399775497,0.46319623835050916,0.46029567951446987,36.14920666294235,22.664952476645546
3356,Kien Giang,VNM,2020,2020-02-26,0.10520164603806582,0.30774059757330297,0.062298329364960776,0.10428064997235767,0.3086647847098979,0.22002949215437784,0.11969594353502044,0.4629833854387395,0.5020115779899685,31.744019503648698,21.939686344087384
3359,Lam Dong,VNM,2020,2020-02-26,0.061789702482986035,0.2941891004981337,0.03242481264956458,0.06292696955438823,0.3213787174340011,0.21972673025102646,0.11144762672185832,0.648224310756964,0.7228283843516277,33.16280156180497,17.053678438169992
3362,Long An,VNM,2020,2020-02-26,0.08710161041104382,0.25984600121148127,0.048185510150652554,0.08168807644313757,0.2734896693150722,0.21293266297575358,0.12462122849812692,0.4913654121795948,0.4632151358569691,35.72756424991656,21.66125629953232
3375,Quang Ninh,VNM,2020,2020-02-26,0.1145199356254941,0.29241175379135076,0.1014842853597118,0.12311658783871245,0.30878436077040294,0.22527909516516534,0.12727981138952618,0.482998125032715,0.48159851549492927,28.214319104633525,17.467586013137517
3378,Son La,VNM,2020,2020-02-26,0.07934901284652453,0.23612469808227227,0.05622124930790645,0.07568200011894789,0.28343588095559535,0.22498944644457924,0.1266587066156383,0.5182701466888706,0.6736228351295496,29.41251082690721,16.873104108656744
3379,Tay Ninh,VNM,2020,2020-02-26,0.059111580974987296,0.29021783520755046,0.034686031178233434,0.06604269549891696,0.29852150023440016,0.21009672957303366,0.10906682556070436,0.650659645359518,1.1134182642181116,36.217674884343786,21.666846718689488
3380,Thai Binh,VNM,2020,2020-02-26,0.14747809836672746,0.2272107933609606,0.12149878166693204,0.14487228768388358,0.21138762944532416,0.18371704459154056,0.1263200176148778,0.23243977313311945,0.18651244424592445,29.61955296008907,18.374856728313095
3382,Thanh Hoa,VNM,2020,2020-02-26,0.11105426607333965,0.3121907849863354,0.09389060751919288,0.11986714176626675,0.3241420325647967,0.2390850521548397,0.13310243045098244,0.5219487879435368,0.5584076564296786,27.562935374500572,16.973421605898153
3384,Tien Giang,VNM,2020,2020-02-26,0.0827314206633015,0.2927780087442003,0.04757794988126894,0.08462339254740608,0.2826102817540192,0.19739012099870631,0.10815103265690502,0.5391616141147535,0.5638276491485145,34.15088597068648,22.39087772525083
3333,Binh Dinh,VNM,2020,2020-03-05,0.04125997181394762,0.2614801420560801,0.026449683811310496,0.049802006424037974,0.2471999219254451,0.1498654978457375,0.06865890338309172,0.7386839955450853,0.6002198770011115,31.109705318905704,21.289894180429112
3338,Cao Bang,VNM,2020,2020-03-05,0.04532803117438065,0.24360819138127882,0.027447924356360693,0.05244098251373312,0.2748327109954531,0.19716343060452407,0.09643747885851409,0.6896918037412545,0.636020978135179,29.91899840960719,17.89906934121892
3355,Khanh Hoa,VNM,2020,2020-03-05,0.06913121614388448,0.2971927512465013,0.047780704644265336,0.07474254614047166,0.3043494795354427,0.20749046683348435,0.10634869229208427,0.6431329631373928,0.6723437657102854,31.583102496934462,21.12351192472722
3360,Lang Son,VNM,2020,2020-03-05,0.04118684015257246,0.24829106882122445,0.027560572318799402,0.050850270225822364,0.2670093896511913,0.17945761844514083,0.08112811541744745,0.7235470928964658,0.5886042857265524,31.80812521101206,19.43429096674084
3370,Phu Yen,VNM,2020,2020-03-05,0.04311703197748205,0.2620428200371211,0.02550925177164481,0.05093555978252565,0.2562675206502737,0.168909214437175,0.0797171928868164,0.7181390230548926,0.6181346884417919,32.11082493452742,21.927317906408128
3371,Quang Binh,VNM,2020,2020-03-05,0.03454467087614208,0.2530538732550345,0.024416699416701198,0.04530126962728839,0.25782055139665055,0.16206160115960191,0.06944351176228854,0.7711378114023131,3.684992284420024E10,32.41825620667973,21.853746325411596
3374,Quang Ngai,VNM,2020,2020-03-05,0.03422260599732352,0.25529271095432027,0.022187469205782274,0.044101180455668944,0.24431240800096107,0.1495023629390153,0.06694680604182272,0.7685842896598181,0.5914489893427675,31.633456744793232,22.404877649141536
3376,Quang Tri,VNM,2020,2020-03-05,0.04326584462076163,0.2531391982585534,0.030624163996513232,0.05178614180083821,0.2551916419762951,0.167972403914609,0.08035591597037231,0.7130786756528276,0.5856941342056354,32.764291590256725,21.49034808610811
3383,Thua Thien - Hue,VNM,2020,2020-03-05,0.03774934269502123,0.24317146817870453,0.028838130695032032,0.048591959681706196,0.23762648471740147,0.1468304215615512,0.06535046226463796,0.7467100593192927,0.5325162987565393,31.675382308530054,22.3558613056847
3327,Ba Ria-Vung Tau,VNM,2020,2020-03-05,0.14365090633456246,0.2891931939037333,0.1335727978974631,0.14595619979741326,0.3004899154528848,0.2382356704365342,0.14771573594132995,0.3305418032905374,0.40336747961456837,35.76314578544431,22.623861067438813
3336,Binh Thuan,VNM,2020,2020-03-05,0.11107788725137306,0.32280207783717135,0.06885502980280182,0.10202814241939615,0.3538604936758954,0.2787195262363694,0.16458203518660053,0.5043344516423814,1.180919631483993,36.78177983030922,21.601948301807237
3342,Dong Nai,VNM,2020,2020-03-05,0.11958408715150562,0.27864322624914184,0.11704152173351244,0.12728429847900405,0.2822006101405038,0.20737426252748983,0.11978604432400426,0.4297544299684828,0.4301664969946139,35.19108377093402,22.607727347470146
3344,Gia Lai,VNM,2020,2020-03-05,0.08258312497389077,0.27930241524441424,0.04989685168147993,0.07650489473785818,0.3090470036316532,0.23653292743866086,0.13526827941776465,0.5638701670751127,0.5359713927175851,36.835458137231484,21.093359176263885
3345,Ha Giang,VNM,2020,2020-03-05,0.044226500169891984,0.24473628280019583,0.025795846570346573,0.050989405398577145,0.27813708133218473,0.20169219395561666,0.09890631139271322,0.6927455334568589,0.6670282882359053,29.45905108721162,17.293607810685586
3347,Ha Noi City,VNM,2020,2020-03-05,0.08058999472272767,0.21056464129724972,0.05023126896366713,0.0810984792840141,0.21086395936402444,0.1722304649384491,0.11278905519204269,0.43520162115632505,0.41068959124368426,34.34845723500302,21.570316728850923
3348,Ha Tay,VNM,2020,2020-03-05,0.07573458405562726,0.22307745628880113,0.04473235845138057,0.07847740903011442,0.2124181225951274,0.16239667777190947,0.09479944125247038,0.48342573101320235,0.4221667935356965,33.66218214519019,20.53239106480159
3349,Ha Tinh,VNM,2020,2020-03-05,0.04712796570555628,0.2622438900710508,0.03340542694847483,0.05810361685415846,0.2621728259540605,0.17429459052663784,0.07994853186611818,0.7305133296012737,0.5880215708131566,31.93787285328529,22.11261694118471
3353,Hoa Binh,VNM,2020,2020-03-05,0.04747738942131085,0.25991428993684934,0.03132904901798202,0.05748842643500128,0.2783158000384956,0.19341737290178818,0.09286917242831057,0.6876904480710608,0.6282838118579713,32.25356423817139,20.135372984894257
3357,Kon Tum,VNM,2020,2020-03-05,0.06370086057728656,0.29304148826723037,0.04654298209803312,0.06861279722207854,0.3044481304283081,0.20212074524105833,0.09975205463693453,0.6686251033050158,0.7703969118433301,31.79506325093913,19.643946480462315
3366,Nghe An,VNM,2020,2020-03-05,0.04100788598118951,0.2598129112336973,0.02748119655468859,0.05081679879033442,0.2709428894201892,0.17729526881962343,0.07827923815660535,0.742885348752393,0.609550573109615,31.87374722155352,21.049827904843806
3367,Ninh Binh,VNM,2020,2020-03-05,0.09154257021851857,0.23663024296370264,0.06265582655298486,0.0938303465083415,0.23316688654504233,0.17858216438534769,0.10466682788542472,0.4672459281802019,0.3901547670027672,33.38420276464224,21.31442270980154
3368,Ninh Thuan,VNM,2020,2020-03-05,0.10379545845630862,0.28541620013206165,0.05595123022839545,0.08893227926936315,0.32940106293710875,0.2709980102125453,0.16628153149876926,0.49453564767221786,0.8536138302549049,36.34412882664067,21.56744961270598
3377,Soc Trang,VNM,2020,2020-03-05,0.12941487863586826,0.2952108328095368,0.08680175474023236,0.12140766327308432,0.3003334399649257,0.24033082849434254,0.14473715889653263,0.4063823927723285,0.47716108926299106,32.3613198929676,23.327541642551076
3386,Tra Vinh,VNM,2020,2020-03-05,0.13541931493453382,0.29323023808007004,0.10891633977817328,0.13490919331396936,0.28896627202590147,0.2243816957266679,0.1362133386668548,0.3736177272692847,0.43714039633875784,33.53238194270849,23.616904587332353
3387,Tuyen Quang,VNM,2020,2020-03-05,0.04976069356328307,0.2638283650941616,0.0386837750199005,0.061180189192822636,0.2846088552041662,0.1986199182225981,0.09504857951775801,0.69077706365527,0.6418256847042442,31.819474606917808,19.416125534382488
3388,Vinh Long,VNM,2020,2020-03-05,0.07687403913560016,0.24800495787892787,0.045374219694825406,0.07550314124099489,0.2411919803336675,0.17868858949794275,0.10504256283643061,0.5173055620420377,0.48302053151838864,31.115406230674054,23.342625604939013
3390,Yen Bai,VNM,2020,2020-03-05,0.047937811240414636,0.2441338010787419,0.033635609750449866,0.05632687321826039,0.27117143612522765,0.19486428449635634,0.09555923805073105,0.6737846187060184,0.625039091348606,30.059291350972806,18.03443018516551
3328,Bac Kan,VNM,2020,2020-03-05,0.038601863714085756,0.2611483796410192,0.02918037040702414,0.05050799266434751,0.281563551749794,0.18867614297430474,0.08337455385516361,0.7447626230120329,0.6471780611503193,30.885249453604654,18.903311046374203
3329,Bac Giang,VNM,2020,2020-03-05,0.08726691831283095,0.2635286067422817,0.06676363238731639,0.09276491649462949,0.26632739622659185,0.19345870422259068,0.10701932805922809,0.5438979938350254,0.4715995067900589,33.15494034363783,20.9759850739476
3330,Bac Lieu,VNM,2020,2020-03-05,0.08298904989602542,0.18731485555207128,0.047697125424846776,0.07745922102537081,0.17518244539479397,0.13618450710370542,0.08158677690992518,0.3238547542946279,0.2758886483937062,33.229566054997925,24.799056453235576
3331,Bac Ninh,VNM,2020,2020-03-05,0.09356748662589161,0.1928012369587827,0.05679471743609361,0.0903022138453361,0.17459052730925514,0.14321227119716826,0.0931840490148121,0.3485476076078698,0.2511369261199003,33.77284254264614,22.049053597091437
3334,Binh Duong,VNM,2020,2020-03-05,0.1050599122774967,0.3138229650177869,0.0940468966647637,0.1123120323089583,0.32175415046364175,0.24075629775982205,0.13496089483623522,0.5254422631099709,0.6565809430589415,36.49416363655277,22.98787418919853
3335,Binh Phuoc,VNM,2020,2020-03-05,0.07794434478454196,0.2965690052693477,0.06760304959856676,0.08616119577825049,0.2949343841461517,0.19678802677693677,0.09517108282085611,0.6216081067139487,0.5566999603861386,33.923083372227815,22.517018912799642
3339,Ca Mau,VNM,2020,2020-03-05,0.06915043496808486,0.15434855465486427,0.04284623027349561,0.06715497464184242,0.14590302679069506,0.10716279099010005,0.06175308499570159,0.35002430583819205,0.21657454143333613,33.68438276039988,24.420318412623
3340,Da Nang City,VNM,2020,2020-03-05,0.04015741644299938,0.23055197090084015,0.028632844669299957,0.04958372125436879,0.22739732809243832,0.14575766006521776,0.07223118838666344,0.7268790524678417,0.5290165673668961,31.056050982292717,22.74164979813606
3346,Ha Nam,VNM,2020,2020-03-05,0.07726241991029525,0.2037640514436784,0.049892348959336426,0.0805722840409025,0.18841642762346006,0.14391670353209596,0.08416402159855549,0.4470123439237032,0.3225600422579766,33.5488675575044,21.74995586731797
3350,Hai Duong,VNM,2020,2020-03-05,0.07497061952209462,0.2047371805176288,0.04527884852023018,0.0769229857694141,0.1931114820239611,0.14851141773491366,0.08824171281343625,0.46154834662136407,0.3460913086773472,33.04284062936515,22.140898946917932
3354,Hung Yen,VNM,2020,2020-03-05,0.07859250665495371,0.203718114248037,0.04667589270711408,0.07717755435738528,0.1884586344398878,0.146728054080771,0.08967827375074072,0.43651643598516615,0.3429048294811243,34.030360846370364,21.484776435247415
3364,Nam Dinh,VNM,2020,2020-03-05,0.10944634585096252,0.2019715612161829,0.07559789827648758,0.10697832417442849,0.18340575297777678,0.15357617152653782,0.10011227377938034,0.3157196876737558,0.22544217743764935,33.36216299803998,22.150467320414883
3369,Phu Tho,VNM,2020,2020-03-05,0.057257967916145,0.26036659778921456,0.038061138500549055,0.06637939196048294,0.27357106727543157,0.19639896380176786,0.09972556490018814,0.6391729031462091,0.6052425178293055,32.30105903072181,20.142746646235004
3372,Quang Nam,VNM,2020,2020-03-05,0.030068478239658192,0.24385533346579427,0.023098396953268083,0.04160459559932324,0.23629785593397834,0.13754866647388744,0.05551576189580754,0.7844902629421779,0.5396035361510528,31.60342456402432,21.51169291446901
3381,Thai Nguyen,VNM,2020,2020-03-05,0.06623053273122284,0.26031321993845874,0.055642357393654564,0.0776192724255137,0.2671931532579048,0.18749254649525451,0.09519654701947136,0.6117631136388336,0.5285926244789533,33.38495315908706,20.553578347945937
3389,Vinh Phuc,VNM,2020,2020-03-05,0.07022504108437737,0.2546917213415475,0.04370989173484424,0.07617788267421577,0.25586852564554297,0.19216598931509793,0.10874465389335025,0.5704027438073305,0.5662631287497637,32.32396763440276,20.741738912806877
73933,Can Tho city,VNM,2020,2020-03-05,0.08300178048941763,0.20595143837371366,0.05610323993971826,0.08561867316688841,0.19302697100522878,0.15288077746430792,0.09280702525333227,0.41684949489517614,0.343362694661512,31.89139168567393,23.06650061011049
73934,Dak Lak,VNM,2020,2020-03-05,0.07896807880678704,0.28748818193871256,0.04160366651038655,0.07376436323671938,0.32005242619109997,0.24558451674241816,0.14098963284960503,0.5727975338809936,0.881564217836563,37.104602241326276,21.756080995782956
73935,Dak Nong,VNM,2020,2020-03-05,0.06289739261023877,0.2543601432766988,0.043406218668752675,0.06458683653577797,0.26902203790187956,0.18589755919742076,0.09324972069175437,0.6310284272937576,0.5399093094635306,35.07075425273493,21.061740680751218
73936,Dien Bien,VNM,2020,2020-03-05,0.05395023549541734,0.2532509490273991,0.0315249425488882,0.055062714423746585,0.29667864841877467,0.21787920184215215,0.11270240578230327,0.6453882721132438,0.7120250139593906,31.286946497264157,18.134841711420417
73937,Hau Giang,VNM,2020,2020-03-05,0.09151453399310153,0.27444686185931805,0.06173100989939722,0.09137499797531885,0.26966153847037494,0.19544247723310817,0.11020831876807455,0.5156368122438689,0.4777208789426878,31.30801408328222,22.87504015733907
73938,Lai Chau,VNM,2020,2020-03-05,0.040563959104821135,0.2567932846757215,0.02135345343957816,0.046824206603639215,0.2875549048732928,0.19383164965123897,0.08876589895019764,0.7251513016144875,0.6588589919659769,28.813004795693015,17.51167406236244
73939,Lao Cai,VNM,2020,2020-03-05,0.05091541802584095,0.24501279035791515,0.031551780747571805,0.05691381980677282,0.2804479921581182,0.20917010382628212,0.10719035846778689,0.66346685173948,0.6826240082148679,30.248426471379936,17.060951728421177
3326,An Giang,VNM,2020,2020-03-05,0.09368431530202148,0.28203061564362664,0.06619676735893086,0.09650527993333051,0.2680086899502579,0.19447709012866526,0.10880862201503254,0.49210348597424236,0.2844028865615618,33.22610210039288,22.98629891892805
3332,Ben Tre,VNM,2020,2020-03-05,0.1273418923521224,0.27343791099907205,0.11383539359367027,0.13199594776132928,0.26242006306636756,0.19190473879614528,0.11505112755590298,0.37399523118674083,0.3440895668191215,33.167644721067674,23.852074387777975
3343,Dong Thap,VNM,2020,2020-03-05,0.0823959164320489,0.25938892335806735,0.05490016029774129,0.08759821107607507,0.24376713167938124,0.18374404186106402,0.10422837559098416,0.4983542964223333,0.46814589694568987,31.709874081779386,23.611333376826973
3351,Hai Phong City,VNM,2020,2020-03-05,0.08832547349132681,0.19890240028813996,0.06220568571900017,0.0893731989622697,0.18947248518725693,0.14883559726509307,0.09320287327642986,0.3997341682284068,0.29860836645639965,32.35799531416581,21.70494195853918
3352,Ho Chi Minh City,VNM,2020,2020-03-05,0.14279081324234813,0.2580881554667241,0.1426664064829345,0.15072896073738454,0.25444665596068056,0.20230162603192509,0.13030650865542473,0.30262245293529777,0.3220458385756054,33.51100036134178,23.733307661336248
3356,Kien Giang,VNM,2020,2020-03-05,0.09325857061428462,0.22805281343769285,0.06038400898225846,0.08822127123957091,0.2413233333292495,0.18978225303076837,0.11061138373054817,0.3925652158067055,0.41507611381074133,33.508348674242434,23.38496361871275
3359,Lam Dong,VNM,2020,2020-03-05,0.06935236979094683,0.2761292472000125,0.04789899388852844,0.07184387788661738,0.29823044832726575,0.2048318406119867,0.10525661315817496,0.6207412025621867,0.6373876277424345,32.51673492566661,18.996856459886992
3362,Long An,VNM,2020,2020-03-05,0.10545141572693316,0.2600901672118731,0.0715771818972443,0.0998415624052196,0.2749246502979734,0.2269379731548981,0.13743857887444189,0.4334185592281029,0.5282189000838161,34.6532904061364,23.499938705390658
3375,Quang Ninh,VNM,2020,2020-03-05,0.10685144638891232,0.2568516698184404,0.09382029370546299,0.11267169942543331,0.2654214033635876,0.19913472359373688,0.11656954305343034,0.5101083803282179,0.3997078726134539,30.87137246935708,19.915867589742298
3378,Son La,VNM,2020,2020-03-05,0.05700236778833604,0.22182066201447465,0.03189388767616445,0.05547754562799401,0.26760430826459075,0.21271918164470943,0.11822566791428933,0.5875541069695767,0.659417963291679,32.01076985561298,18.653599586153096
3379,Tay Ninh,VNM,2020,2020-03-05,0.06641352572768042,0.29397564539655113,0.042100819084354126,0.07219125737174692,0.30236758693291443,0.21770614183900444,0.11318499362074604,0.6190841038345827,0.6447572788560288,34.04945120748943,23.07224917663103
3380,Thai Binh,VNM,2020,2020-03-05,0.07857161109913066,0.18447179357660579,0.047198564733210296,0.07725903509614918,0.16139494553803302,0.12741509341862248,0.07764401785630572,0.39848176640547456,0.264943486506293,33.216414315315276,22.535297819002135
3382,Thanh Hoa,VNM,2020,2020-03-05,0.049631282889934146,0.26160604700592177,0.03233640936177125,0.05846724010831212,0.2730870643903552,0.18833140967547532,0.08920924119129378,0.6889376751115485,0.6127882040070283,31.990819649045257,20.626412128222025
3384,Tien Giang,VNM,2020,2020-03-05,0.09225540795148128,0.27443243822005364,0.06528040881593018,0.09371805733024464,0.2635686847592468,0.19449058430305685,0.11267762665783149,0.5107205449063519,0.4981631006955191,33.00665131937703,23.80415289715146
3333,Binh Dinh,VNM,2020,2020-03-13,0.05839071608259361,0.3364229950845947,0.034540141797236495,0.06856845710055144,0.3392143229617009,0.2159248169489329,0.10425299911094826,0.7047129373762797,0.8048528579845257,32.48197823457943,20.46198266689582
3338,Cao Bang,VNM,2020,2020-03-13,0.3990239556085804,0.49591902654546627,0.3412439597422631,0.3794221790929764,0.5306273700407602,0.44893238015350845,0.2962449156555017,0.16412317232269436,0.2269797374864071,30.234032424881097,15.137033790411158
3355,Khanh Hoa,VNM,2020,2020-03-13,0.07275555575206591,0.30938724230118053,0.04406701463236728,0.07610515725947668,0.32597173706176996,0.2259178529965355,0.11979218102670612,0.6290612496332759,0.8198023849961804,33.31678754976265,20.32991865530748
3360,Lang Son,VNM,2020,2020-03-13,0.5318588348529147,0.6033454503865221,0.45979168069062365,0.5042649090930034,0.6193206626928164,0.5263490973039248,0.3566234654101434,0.0661101853088068,0.09344797061684745,28.239228686796707,17.455762974254228
3370,Phu Yen,VNM,2020,2020-03-13,0.06872638870758507,0.324990989564996,0.03953543643938397,0.07487797923698619,0.3366287957636859,0.23216007306404685,0.12220875273250693,0.6518260154694477,0.9626945469667727,33.989378806075266,20.80424043695585
3371,Quang Binh,VNM,2020,2020-03-13,0.05028386334142698,0.32985462983212804,0.038335731352414894,0.0654124397594431,0.3464579165125934,0.2226044106462619,0.09466504015804034,0.750513969345322,0.7244007495749979,34.17350937260811,20.41812182609685
3374,Quang Ngai,VNM,2020,2020-03-13,0.0529869781423621,0.3147330635547344,0.032968493829830636,0.06333401800651105,0.3207672249600938,0.20890897284044013,0.10129515676026364,0.7128857986792033,0.7983414990476075,32.547053528595235,20.439385633501114
3376,Quang Tri,VNM,2020,2020-03-13,0.06137727088183336,0.3276256435364801,0.04694962250628569,0.0737737653806662,0.3416055285496575,0.23012912432911,0.10915389979747718,0.6896285245755955,0.7563854705273272,35.219121424116366,20.988309105368142
3383,Thua Thien - Hue,VNM,2020,2020-03-13,0.06230112155750359,0.30692295016859167,0.054721129997898195,0.07662902462281734,0.3122431653657806,0.20230320248050548,0.09340968052448798,0.678484812058188,-0.01253936895269598,34.947411631195564,21.43227859016942
3327,Ba Ria-Vung Tau,VNM,2020,2020-03-13,0.07980860275894695,0.2563184537287234,0.04258693912977499,0.07429817001082996,0.28018643271308696,0.21567361169628427,0.12958572143825378,0.49708696362316207,0.6356462177812005,37.24043089724477,24.02436116801991
3336,Binh Thuan,VNM,2020,2020-03-13,0.09274426660000401,0.2893497034042576,0.04489892455232611,0.07892775209374357,0.33206965440111796,0.2650935948679703,0.16219250686590472,0.5329708827204485,0.8817648984720131,38.17732505958165,22.37087080224733
3342,Dong Nai,VNM,2020,2020-03-13,0.07336079605929312,0.30176291432370694,0.041587039511887254,0.0756631067011272,0.32180584291360287,0.22825332143996585,0.12381857309033507,0.58090351427473,0.7283564113620359,37.20620408141861,23.0413755325073
3344,Gia Lai,VNM,2020,2020-03-13,0.0770828011025908,0.2727324672091752,0.03891556523756152,0.06803408194853812,0.31258869275087625,0.24267648902013494,0.14602807194849135,0.566973138866341,0.5346228374941772,38.719842828061886,19.975157463868616
3345,Ha Giang,VNM,2020,2020-03-13,0.25861084303788917,0.3975501118469626,0.20756535472885182,0.24527089925048848,0.4484893913687145,0.38840243934413776,0.2561946311867579,0.3130302810055147,0.4431546250270741,30.60739144983446,15.677830804736091
3347,Ha Noi City,VNM,2020,2020-03-13,0.38425853562060736,0.4601351410519903,0.3098994576844019,0.3577181471585447,0.4924489246211653,0.4774986140062121,0.3707295662356382,0.09137548753238199,0.2125100625168667,23.575963633700194,7.39965344395476
3348,Ha Tay,VNM,2020,2020-03-13,0.323082753543065,0.4229664914500073,0.2627646131230145,0.30448083907222906,0.4514177982062274,0.4237428235336753,0.3199995479961769,0.16710882376055672,0.27529786812544926,25.98534657971746,14.927243727446063
3349,Ha Tinh,VNM,2020,2020-03-13,0.2689610466017389,0.44691705768515944,0.2304848635119661,0.2643688948720711,0.4696042316322999,0.38953915533460065,0.25178125551886305,0.39815561285127893,0.44329380463694207,29.547507106391475,19.100553324117495
3353,Hoa Binh,VNM,2020,2020-03-13,0.37007651542325676,0.4745626746771101,0.29642925096465084,0.3429716364991297,0.5239757898029799,0.4895256400139425,0.36288689049955025,0.14249781169879336,0.2970457522262065,27.194561030295645,15.45068046328298
3357,Kon Tum,VNM,2020,2020-03-13,0.059126978652562334,0.30874779813632913,0.03794674597597548,0.06372396038255361,0.32756610987725265,0.2173089833286131,0.10702302218083176,0.6872193665805795,0.9339827584116294,32.89067035549895,18.84775084112131
3366,Nghe An,VNM,2020,2020-03-13,0.23918914076332404,0.4178551272129389,0.20524073293002257,0.2351230083872444,0.4538823359593846,0.36668891754612715,0.22321154170440802,0.41334318086711086,0.4565820252119841,31.584072870672273,18.340320520093933
3367,Ninh Binh,VNM,2020,2020-03-13,0.4770556034717379,0.5642677278032466,0.38136479569587595,0.43882322551297076,0.6028086976153835,0.5496541056692897,0.37859354569503517,0.08422536863949093,0.1565736706465272,19.76097237766213,16.61022019287152
3368,Ninh Thuan,VNM,2020,2020-03-13,0.10643688695915685,0.2951587705391426,0.0544415290012284,0.08985443347055959,0.3460050495262107,0.28681383936874516,0.1806118267835648,0.4876335428992743,1.1771123339718734,37.701647464687696,21.476073692204018
3377,Soc Trang,VNM,2020,2020-03-13,0.09512703849741361,0.25194924662691953,0.052502186317317845,0.08611228488120537,0.26025737929985576,0.20491050312059295,0.11830909391570622,0.43139680642981937,0.48812415796479103,34.79056206560507,23.303611921705436
3386,Tra Vinh,VNM,2020,2020-03-13,0.08399200724173267,0.22863697606371491,0.046484157299863736,0.07841375775174465,0.23196551633900775,0.17681622710715122,0.1030793957126099,0.44471736892521274,0.4181817673856493,33.82338288886558,23.799176269296694
3387,Tuyen Quang,VNM,2020,2020-03-13,0.2760752323445634,0.3814225799382497,0.24665334326842422,0.2711564842493545,0.4135845663212098,0.3569766738364204,0.2429619597562539,0.18903886269348805,0.24337687079269982,29.509874423147807,17.440722095562474
3388,Vinh Long,VNM,2020,2020-03-13,0.09870239823068273,0.26236534310959836,0.06731046295837209,0.09756622914892371,0.2578199466794868,0.19460340966358963,0.1183658677794345,0.46984745250315446,1.9453244646136696,34.09093764667848,23.4771694222832
3390,Yen Bai,VNM,2020,2020-03-13,0.2589140964088108,0.3791439398998751,0.21496245858942825,0.24695126160482386,0.4237675723050289,0.37743174800900664,0.2691804980215017,0.2704476313802638,0.404093276908785,28.309497229424434,16.521983724669422
3328,Bac Kan,VNM,2020,2020-03-13,0.378407514346651,0.467996049761671,0.3372714429798219,0.3666085574695147,0.4953888355031609,0.4232772775050302,0.2950723202019508,0.13384657543165293,0.18405330006244972,29.890680056064003,17.083443889709972
3329,Bac Giang,VNM,2020,2020-03-13,0.5097104571293216,0.5939564192411867,0.41897819339915937,0.4744119818273268,0.621244750335806,0.5549148342788054,0.38915118356943734,0.07836380902320096,0.13489962809596034,26.847794584364568,13.114000000000043
3330,Bac Lieu,VNM,2020,2020-03-13,0.1353920956670789,0.2528306644397635,0.09808393246968777,0.13027617784998652,0.24748944616092244,0.19803005175810381,0.12482121575237252,0.26601452655832086,0.3044634312935645,31.926085135582298,24.629021219933303
3331,Bac Ninh,VNM,2020,2020-03-13,0.500097040591993,0.5745659191725809,0.41197481934785857,0.46643751681165146,0.59671828227531,0.5327728668004514,0.3661381822578128,0.06893206413807236,0.10623275367812317,18.041783398541533,11.625492957746506
3334,Binh Duong,VNM,2020,2020-03-13,0.07946699855002039,0.33972472606673976,0.04582477098168259,0.08314242542824413,0.3627299396770317,0.26968017707698866,0.1522140000872757,0.610777291620581,1.1314690549664532,38.352247377284996,23.139435551135914
3335,Binh Phuoc,VNM,2020,2020-03-13,0.060308698148091394,0.3433410685581166,0.03285342556136358,0.06694334761364502,0.36220643512964557,0.24404130721379183,0.11630309725201159,0.6975568211247493,0.7753508238932613,36.34102025101715,21.87848219127631
3339,Ca Mau,VNM,2020,2020-03-13,0.15029681967252775,0.23759441053111013,0.12505130928197059,0.14836687884622027,0.2366813153083181,0.1900899311580732,0.1273931283071553,0.24261606286387147,0.20423149546799618,31.17991151443885,24.667887663950275
3340,Da Nang City,VNM,2020,2020-03-13,0.0740657436381885,0.30022230532242367,0.06150291707843036,0.08468743734011375,0.3153818364488654,0.21567468971317927,0.11030250000725912,0.6257049358959678,0.6887356307108197,32.961333857707565,22.003859919257756
3346,Ha Nam,VNM,2020,2020-03-13,0.5382120465287554,0.6266987780433035,0.4228855285020936,0.49118278783080843,0.6554685982740625,0.5705914336030701,0.36933475199972865,0.07613711490702768,0.11122403611729775,16.12187686974867,16.56070482332393
3350,Hai Duong,VNM,2020,2020-03-13,0.5561591199349104,0.6377916797934848,0.4520211132346255,0.5147964881765598,0.665325140628872,0.5945323335611266,0.411931749269429,0.06845853700524224,0.11211456661533774,16.398112993781385,
3354,Hung Yen,VNM,2020,2020-03-13,0.5659904546986566,0.6506502409933356,0.4521901939050548,0.5198163125710564,0.6722034082009485,0.5828517978938003,0.38344896738900675,0.06978787023687094,0.1028495349467161,17.617436891738993,16.341143324468497
3364,Nam Dinh,VNM,2020,2020-03-13,0.5176645511979074,0.6080648771848156,0.4044919709033934,0.471048171684864,0.6437313213280984,0.5580113874470852,0.3446478982764874,0.08038502219966318,0.10753377903088457,14.987426821457918,16.86160518680799
3369,Phu Tho,VNM,2020,2020-03-13,0.30060112731718447,0.39934828668837263,0.2454552818241494,0.284335499516357,0.4305012834622826,0.39735134258280813,0.2985024159517091,0.15082086127210795,0.28377115753941495,25.744878957553134,16.853260568758568
3372,Quang Nam,VNM,2020,2020-03-13,0.06969203359671886,0.3195749901895722,0.06494202114297587,0.08417010693009819,0.3304134250628915,0.21109510678817606,0.09644652244895387,0.6667126017656955,0.6690144945056526,31.38657155170668,20.64945190152458
3381,Thai Nguyen,VNM,2020,2020-03-13,0.3595594429400821,0.4500716971974729,0.3133889487629809,0.34588596713965386,0.47570866118539124,0.4234849191699741,0.30332625884712083,0.12444564697497323,0.1995080882199167,24.237123848669473,18.521955076204954
3389,Vinh Phuc,VNM,2020,2020-03-13,0.2821579874286748,0.3954241041300408,0.23194644968406963,0.26971548243762283,0.4241757690106223,0.38817782253788674,0.2837971762929804,0.19458463375984977,0.3160884357473232,26.508637905400438,16.5752922913337
73933,Can Tho city,VNM,2020,2020-03-13,0.0767596287627904,0.2169338872939871,0.051875239074613964,0.08404743602636089,0.20091845234487357,0.15316597598371295,0.08816796923644898,0.4836300773213171,0.36193002689677195,34.57193318306351,23.646049354612074
73934,Dak Lak,VNM,2020,2020-03-13,0.07456424470502211,0.2685207458721611,0.038045513075938425,0.06818606986098666,0.3041456341409249,0.23462712447039796,0.1404535503521481,0.558530830296732,0.8618996394449849,38.51960104841661,20.49322516890188
73935,Dak Nong,VNM,2020,2020-03-13,0.061973383470654,0.2784724361360845,0.0340876438169711,0.06129425542342398,0.3083040164067141,0.21817682568636684,0.115063313297452,0.627063579948453,0.7098448762934867,36.43937538304398,19.669860014021275
73936,Dien Bien,VNM,2020,2020-03-13,0.09446033652769316,0.251862349390767,0.06934576543847425,0.09305924663023865,0.2887662768327288,0.21933236203154396,0.12169037516992594,0.5106350014706065,0.47741973301341584,32.74922978377984,18.949794549543768
73937,Hau Giang,VNM,2020,2020-03-13,0.08554646657266055,0.24934011786228272,0.05402582568214517,0.08241168961783761,0.24962662188435963,0.18205861517563005,0.1013685901040484,0.5076325060955101,0.4217283666451773,33.837941894767575,22.87232769981843
73938,Lai Chau,VNM,2020,2020-03-13,0.10468416395711332,0.2718270991649233,0.08098037519941317,0.10519716242473574,0.3027769726383336,0.22352324501548412,0.12254024834123209,0.5605324129449099,0.46229688855266704,30.365423564107928,18.10811099826881
73939,Lao Cai,VNM,2020,2020-03-13,0.25932486336931737,0.3835787831905459,0.2155673056888367,0.24748792745621984,0.4352160471051357,0.3840635022630066,0.2590627020765266,0.2851013866366949,0.38862448245850156,30.135027546135955,14.180652335562906
3326,An Giang,VNM,2020,2020-03-13,0.07821285016113201,0.25192961033267414,0.04690352184792515,0.07711842965050733,0.24969407244106143,0.18382427083039177,0.10321149925246881,0.5056668157958661,0.4671793571603202,34.79416696723859,22.89951270749422
3332,Ben Tre,VNM,2020,2020-03-13,0.07571000948641118,0.222854268569997,0.04341864191045139,0.07389447449104533,0.21627588482094376,0.1542710850077337,0.09123890973899347,0.48298786710709,0.351639063811917,32.37205344784085,24.1524281874748
3343,Dong Thap,VNM,2020,2020-03-13,0.06977584472318324,0.24749648591981743,0.040384083023800095,0.0739288017573805,0.2340713854361462,0.1721397351629662,0.09770386055116799,0.5261978363694109,0.35825112379978047,33.824911233912644,23.48857159682843
3351,Hai Phong City,VNM,2020,2020-03-13,0.5899525180657142,0.6679915219598815,0.48144231165984896,0.5460350046882984,0.6854080735989109,0.5865240481546621,0.3797161709411337,0.06195970410313204,0.08558058437555244,16.041632913410965,16.950000000000045
3352,Ho Chi Minh City,VNM,2020,2020-03-13,0.09312724627028506,0.2435063251861552,0.05953729011698393,0.09248163833385434,0.24660706450613734,0.19274476438239674,0.12689080279004306,0.44256102977615924,0.5061239827249685,36.73124181832134,24.33977479695477
3356,Kien Giang,VNM,2020,2020-03-13,0.10499148698273642,0.22549046506801293,0.07398606984744585,0.09952530070451142,0.24391565010398955,0.19813698005792998,0.12006203548147913,0.3674345742544863,0.3458821959728451,34.20084177241365,23.469542478615235
3359,Lam Dong,VNM,2020,2020-03-13,0.06261763931174355,0.28797678496582263,0.03273077831565148,0.06312643992024328,0.31887109230229094,0.22194767326587964,0.11634351755889044,0.6415383442967153,0.7392298246921998,33.596425279210116,17.928890964346703
3362,Long An,VNM,2020,2020-03-13,0.09564724909769874,0.24239733525322527,0.054843566355369106,0.08700227189212363,0.2659980127761703,0.2248279164864603,0.14380886800879333,0.4295489188211936,0.43335741892084884,36.818140902655045,23.356445508789022
3375,Quang Ninh,VNM,2020,2020-03-13,0.5384179916661709,0.6116744970137717,0.45621562634438495,0.5068695874912914,0.6300790812169249,0.5453540225610337,0.3708531004310237,0.0670378516153106,0.10316716460055018,25.444709463532256,17.726069887951397
3378,Son La,VNM,2020,2020-03-13,0.15829813788918323,0.2993734193578784,0.11603074796478541,0.14910116670848297,0.36155337950382554,0.31048513556029617,0.19512192494348526,0.37848384907919513,0.6325565873736069,31.635852970608692,17.751682885559614
3379,Tay Ninh,VNM,2020,2020-03-13,0.07892565701569579,0.33310190055484573,0.04661468429516671,0.08324024645877216,0.35977624591282653,0.26631115974245645,0.14518700440910162,0.6086415145383798,0.9967969258425262,36.78510967167394,23.159130795478077
3380,Thai Binh,VNM,2020,2020-03-13,0.5840638166622926,0.6714381225564146,0.4654184127038094,0.535135626881031,0.6871903059574158,0.5686150914262541,0.3468746152971682,0.0696119790521411,0.08561921406453726,12.860776578722122,15.756743711508568
3382,Thanh Hoa,VNM,2020,2020-03-13,0.3767059098866586,0.48966239299036274,0.30298704438378216,0.35077840584435516,0.5329847734704067,0.4910834475779306,0.3572265215659467,0.15933350061107135,0.3201246263381148,29.330148044730027,16.381632858524743
3384,Tien Giang,VNM,2020,2020-03-13,0.08513004775778057,0.2619137775447573,0.050704631193976835,0.08281503646365646,0.2601433595053595,0.19620120974583607,0.1170747174056576,0.517054514066546,0.5155910027669439,34.68764603437138,23.985716395551474
3333,Binh Dinh,VNM,2020,2020-03-21,0.06519557563493894,0.297599344357744,0.04522557506890995,0.07223360350944104,0.2999935395060837,0.19869571226151098,0.10126472763110182,0.6666704978982858,0.6125558198392618,31.887477875358293,20.577557809658835
3338,Cao Bang,VNM,2020,2020-03-21,0.09914234147408606,0.23703517038675467,0.08350942612995006,0.10380181577213178,0.25094243791764587,0.1884921528548556,0.1033775336297594,0.5628674875372939,0.347494202142076,27.787824314690443,16.80315650954936
3355,Khanh Hoa,VNM,2020,2020-03-21,0.08578842093665048,0.31053402357271026,0.058142375501685946,0.08788282106122554,0.32993578312001576,0.2353224218632311,0.12833106378238018,0.5869700157587483,0.583359781743046,33.42391067860151,20.335466290582723
3360,Lang Son,VNM,2020,2020-03-21,0.41545111647076477,0.511805754763652,0.3409528519244284,0.3872669534833953,0.5431186932660642,0.4811324893797875,0.33615504896129883,0.12369733495254968,0.18500058498011537,25.351569110480423,18.401285853592455
3370,Phu Yen,VNM,2020,2020-03-21,0.07260152349877086,0.2888241651404171,0.048963249677373,0.0766764717871404,0.2989947665060436,0.21237599638484886,0.11596125943220337,0.6219589898822625,0.7908851020381227,33.9284589326935,21.022867072567845
3371,Quang Binh,VNM,2020,2020-03-21,0.04246953150974529,0.30224403329964716,0.031843049131579704,0.055923572692253266,0.3142656792733295,0.20498722632076888,0.0884194399744085,0.7673197198753386,0.738144325804546,31.827572492053438,21.364364058075758
3374,Quang Ngai,VNM,2020,2020-03-21,0.04883613252757185,0.30023944832910077,0.03043556404704071,0.05898840502484179,0.3022469171804981,0.1960292328508668,0.09271883727463981,0.7232077550374978,0.7065125220631744,31.8897314059677,21.255523554050995
3376,Quang Tri,VNM,2020,2020-03-21,0.05591890198993888,0.2825949212962781,0.044080866122339225,0.06590686845766185,0.28699130663767836,0.19541563875923196,0.09425696825280108,0.698864492900639,0.7385986360748689,34.080706652052314,21.597407630420456
3383,Thua Thien - Hue,VNM,2020,2020-03-21,0.050334204677389284,0.2696350637947202,0.04546595092049748,0.0638369055912082,0.2658945638553428,0.169042527808088,0.07585674645887422,0.696994343789625,0.6711766758734751,31.936450736027627,22.35256606323731
3327,Ba Ria-Vung Tau,VNM,2020,2020-03-21,0.08978333208460296,0.28925483467628654,0.0503383997057538,0.08597744239382468,0.3133083168322614,0.24254429659699997,0.14355795602811416,0.49651286154090135,0.7540612746983212,37.9151504750451,23.27642670456216
3336,Binh Thuan,VNM,2020,2020-03-21,0.09686789043728619,0.3074460015331388,0.047314657721232424,0.0839179286814979,0.35089410886294387,0.2824976478396058,0.17132958402319343,0.5322225439655652,1.0795095949119586,38.43590766841004,22.20367178976354
3342,Dong Nai,VNM,2020,2020-03-21,0.07599991530972966,0.29251842440016185,0.04487846120491583,0.07737962505824378,0.3128907495990996,0.2262216905744815,0.12450751749392261,0.5711159983637707,0.6672387956360183,37.294645882509315,22.99715804419564
3344,Gia Lai,VNM,2020,2020-03-21,0.07589592609846846,0.2719687064593734,0.03866829549155072,0.067616772722354,0.30734184271226583,0.23993099138085724,0.14367728276481342,0.5765163943590074,0.7427146425658069,38.8896551646558,20.634634557379098
3345,Ha Giang,VNM,2020,2020-03-21,0.07865562805895013,0.2272212749156412,0.061971543647125246,0.08410962425759616,0.23889070876700375,0.17508232004601368,0.0898015347872967,0.57251835683812,0.3804222430010672,26.805336991070636,16.780779464654735
3347,Ha Noi City,VNM,2020,2020-03-21,0.3114269593219241,0.4016487485815498,0.2737240159943456,0.30218311801605785,0.4197066582726372,0.382289010447826,0.2728269487477984,0.13850084301758475,0.21224048953163646,29.014499650635127,17.077945557224513
3348,Ha Tay,VNM,2020,2020-03-21,0.19062716654117845,0.33275823171823726,0.15158760883803346,0.18871125917643866,0.33284304920625657,0.28434057858135886,0.18717790886894944,0.32806265064035356,0.3705294473706793,28.929097956087233,17.450037734837508
3349,Ha Tinh,VNM,2020,2020-03-21,0.060891066451119885,0.3164014348425307,0.0469656453040116,0.07431029511017964,0.32822014583999765,0.22445376628797692,0.10345689189389491,0.7067552802721374,0.7486419226906538,32.27283347442857,21.810051008268452
3353,Hoa Binh,VNM,2020,2020-03-21,0.1155936086025398,0.2999857631224159,0.09346571422635282,0.1217095744634978,0.3253338828603483,0.2510033011214384,0.14007248903435343,0.5025834049016366,0.5612048240532269,30.189419261463822,18.85152257370847
3357,Kon Tum,VNM,2020,2020-03-21,0.05052344876257966,0.27551556046755576,0.03389149159444546,0.05598177841581347,0.28277795203310313,0.18355586790594206,0.08723390010438248,0.7039241735300232,0.6896981203548812,33.082068266643944,19.68293721285694
3366,Nghe An,VNM,2020,2020-03-21,0.05082902732883572,0.28688235817402796,0.03696563657457518,0.06199113447186714,0.3058437732843829,0.20644042819996813,0.09096539481004329,0.7154763966931341,0.6819398456726332,31.518462027813182,20.956166373406372
3367,Ninh Binh,VNM,2020,2020-03-21,0.23533735515677062,0.36665986848957144,0.19404445102190648,0.22991287461019633,0.382843079005031,0.3376308298286491,0.23409908153686668,0.2444784944847048,0.3703267113098297,29.968112508188902,18.386639841917855
3368,Ninh Thuan,VNM,2020,2020-03-21,0.11254974241540473,0.30683758214003365,0.05989011439164991,0.09609098699701456,0.36056474208625494,0.3008112003375988,0.1882579447137752,0.48339296172883756,1.7809416426237417,37.400758999271645,21.376452813758924
3377,Soc Trang,VNM,2020,2020-03-21,0.14408545678554266,0.27645702829419694,0.10327349577439303,0.13218636035505563,0.29375261714543716,0.24817840665611518,0.1574824445606939,0.3275063137140658,0.4450630121664693,35.63200886947988,23.249666974093234
3386,Tra Vinh,VNM,2020,2020-03-21,0.17059788990908015,0.2958564453169252,0.1360410193926705,0.16248706271564065,0.3085504364665857,0.2574227899910508,0.1682946472768573,0.2830208658404813,0.38786148865568126,35.04159439923043,24.148120620224578
3387,Tuyen Quang,VNM,2020,2020-03-21,0.13087790844386812,0.2696477442992431,0.1248909508012709,0.13914845367222886,0.2765380429695573,0.21078990319675978,0.11966982983395058,0.45890431762079015,0.3307516424193673,28.074796630514765,18.766121731156915
3388,Vinh Long,VNM,2020,2020-03-21,0.14119899703963215,0.29004304231939104,0.1224109708714101,0.14409130748853227,0.2824122897005925,0.21914144458676946,0.13768271642752253,0.3714197832944747,0.3834752514767932,32.131296813515185,23.273790628912447
3390,Yen Bai,VNM,2020,2020-03-21,0.12096773193472861,0.25365450366781256,0.11094753062737864,0.1269362623994903,0.2703801313192057,0.20852023844858888,0.11660867715620404,0.46660112213153476,0.3395921269178493,27.047899298246133,16.949266424944
3328,Bac Kan,VNM,2020,2020-03-21,0.1385346900367272,0.2820642050105884,0.12640621319106626,0.14351634141645173,0.2924027805778633,0.22317508334492306,0.13018317343300767,0.5003903500784854,0.3451182957325797,27.50951049627539,19.060682691036405
3329,Bac Giang,VNM,2020,2020-03-21,0.315709923152418,0.4274707829117145,0.26882845491433516,0.30226745789137727,0.4473210600181342,0.3907982733626559,0.2686597881177418,0.19617042841164448,0.24592020322443423,26.477919717524657,19.11106267049676
3330,Bac Lieu,VNM,2020,2020-03-21,0.10999071079207105,0.2001146985177322,0.0739785809523666,0.10275771642415804,0.19422646418714876,0.15998938873819293,0.10207780506617142,0.2668925703799783,0.23948735197300094,33.25327206152235,24.74361807586935
3331,Bac Ninh,VNM,2020,2020-03-21,0.2918585094540823,0.396269141995647,0.2473482485238621,0.28252985203517095,0.41014321254943215,0.37118383106225145,0.25819819676570094,0.16710779591402727,0.2414986420293296,27.699800464985636,18.89057405131825
3334,Binh Duong,VNM,2020,2020-03-21,0.07664984891762452,0.3209799942242082,0.04471146487640768,0.07995755552015661,0.3394984321988346,0.2549922484470463,0.1449566325287078,0.6099631725443798,-0.11327337867909638,36.63667393248389,22.61057171827337
3335,Binh Phuoc,VNM,2020,2020-03-21,0.05174487005453314,0.3128275127412242,0.028104149512235502,0.058827661958247277,0.3250700702926501,0.2160602105796756,0.09949346873587397,0.7141728846330405,0.7707465583178356,36.20714565954619,21.93682208395216
3339,Ca Mau,VNM,2020,2020-03-21,0.10895977235872273,0.1922317140996942,0.0811327158330844,0.10544904462383806,0.18896396660267678,0.1496145857329279,0.09685285767111038,0.2850091260627072,0.20985358080317662,32.55867611246309,25.185102913629148
3340,Da Nang City,VNM,2020,2020-03-21,0.0644927682820714,0.27484288254350475,0.05149773190328269,0.07448245116666687,0.2771557795185043,0.18811730201702082,0.09734462632494394,0.6422706846347127,0.5790266718011099,31.52265856942142,20.64903174693997
3346,Ha Nam,VNM,2020,2020-03-21,0.2143988970004583,0.34188689132353606,0.18330810400919448,0.21299516382009093,0.3414207597171278,0.30079718238756686,0.20810389044934885,0.29004225792950883,0.34252716673241607,28.393268344642642,19.025680792998067
3350,Hai Duong,VNM,2020,2020-03-21,0.3215553049954509,0.42458958747222636,0.2723049206016581,0.30836347703622496,0.4403972839929028,0.39508863391517884,0.274592469591281,0.15254571662451008,0.23310278647008634,26.864936632369794,18.915565856575636
3354,Hung Yen,VNM,2020,2020-03-21,0.32390034137037466,0.4291330520024793,0.27292738647273196,0.3103673463612205,0.44917348021889403,0.4098320219954923,0.29339543070741597,0.14524315175704058,0.2514324166865139,27.04029499270246,19.21887225326602
3364,Nam Dinh,VNM,2020,2020-03-21,0.2903717815143341,0.4069063231299465,0.25193580816751554,0.28330905626848146,0.4189981596331553,0.3778779014784611,0.2619897097901237,0.1977993487589383,0.29205790303036966,29.102188488536974,19.923165836797068
3369,Phu Tho,VNM,2020,2020-03-21,0.1295802434247543,0.28663345812761115,0.10733013801137353,0.1332526071831369,0.2942203550113754,0.2283200319135059,0.1300810380972934,0.4766476370239053,0.4034413842216938,28.065854791976378,18.444191543237153
3372,Quang Nam,VNM,2020,2020-03-21,0.04745748683664287,0.28264795587436864,0.04103020237330674,0.060874217108460735,0.28073630273769273,0.1727627300482887,0.07467713309084606,0.7277914171858962,0.555508714589792,31.31161419714512,21.012567947903918
3381,Thai Nguyen,VNM,2020,2020-03-21,0.34753241473563423,0.4523258144474181,0.2955972558704682,0.3315421891860496,0.4689871569516241,0.4037831787246333,0.2724072638753232,0.1941595772087619,0.20316811067661167,26.750380952381004,18.686580454285114
3389,Vinh Phuc,VNM,2020,2020-03-21,0.25281922472215873,0.3777548720637427,0.21874402901561507,0.24929768452072557,0.39155238678001836,0.3379775845613632,0.22459412547745164,0.22670934348910282,0.2927854214080682,28.360704291145858,19.180101815724427
73933,Can Tho city,VNM,2020,2020-03-21,0.09253374699004305,0.28836261922735607,0.07480176781591465,0.10665038585306466,0.26310779055383116,0.19634983118067534,0.10955094947955976,0.53081195117643,0.5049343896297303,34.27777989601935,23.412936589517972
73934,Dak Lak,VNM,2020,2020-03-21,0.07652759586678065,0.270445551798046,0.03926846781648357,0.06924255166707209,0.30743083374739477,0.2405241240036047,0.14540997244722945,0.5641311194792208,0.5448104630654375,39.23001071386107,20.903737016158278
73935,Dak Nong,VNM,2020,2020-03-21,0.05712277825517045,0.2570954705575121,0.03354514437922086,0.05697631855513064,0.28207403667701686,0.1987944846309762,0.10348029691206387,0.6400742106482536,0.6305597384119281,36.65309779514074,20.10098975203098
73936,Dien Bien,VNM,2020,2020-03-21,0.05505614661877673,0.23138400228192554,0.03324558678848415,0.05590790373429528,0.27070876838601166,0.19790616165460698,0.0991377474101131,0.6163601013042005,0.6308559574245787,30.64763811183978,18.528730704965884
73937,Hau Giang,VNM,2020,2020-03-21,0.13835206175707818,0.2770924320583104,0.11781510773887612,0.13801715947306611,0.2780405450268953,0.2204071682323224,0.13739234498266775,0.3704794129364527,0.3560660296161262,35.0290077078842,22.70882514167488
73938,Lai Chau,VNM,2020,2020-03-21,0.05269913125676379,0.230409890861416,0.029600312798946465,0.05595424998005997,0.25824032961538534,0.17439053331359083,0.07722415266317195,0.6406332236924851,0.47571111459368964,28.34283285776797,18.32245274782181
73939,Lao Cai,VNM,2020,2020-03-21,0.15909678540962283,0.2737080881481897,0.14218543116177226,0.16107826645392168,0.29615030369931394,0.23965442414460553,0.14247840314128762,0.35463336008766244,0.303864600542683,27.186735117673287,16.245681000913592
3326,An Giang,VNM,2020,2020-03-21,0.10806958259358816,0.2577718231521941,0.0741739549220854,0.1032881431165131,0.26233952002038546,0.21085191166627756,0.1299486752223579,0.41432970741336966,0.7325182216686023,36.1403478148886,22.453773411184134
3332,Ben Tre,VNM,2020,2020-03-21,0.15090813987815943,0.28317012074492093,0.1324275131535242,0.15222545377505875,0.2782279054180894,0.2140692283335878,0.13637010163771818,0.3215531538852379,0.31626614741648296,32.635036902191466,24.092367183310483
3343,Dong Thap,VNM,2020,2020-03-21,0.09537647231037896,0.28543014048158466,0.06823408625469579,0.10168226584371326,0.2668181818903229,0.2001446228836925,0.1163705475573584,0.49133460571082477,0.5001221827927769,34.17209629317122,22.615254848889816
3351,Hai Phong City,VNM,2020,2020-03-21,0.35523643163468055,0.43606069227188804,0.3087529141900513,0.3405229184692135,0.4490509707930412,0.40291981305828756,0.28105333848442493,0.1188726133933675,0.16582772844472882,28.542798078388895,19.91142826696264
3352,Ho Chi Minh City,VNM,2020,2020-03-21,0.11857791114769668,0.25141829086020484,0.09270337662450252,0.11789099541110137,0.2535365884638339,0.20697648168654914,0.14016680583806998,0.3802764313061179,0.43329948673121255,35.32166341901017,23.702968996354095
3356,Kien Giang,VNM,2020,2020-03-21,0.10305181400769284,0.21646825392403585,0.07258605999029002,0.09725682494852522,0.23381529243000923,0.1960156611397211,0.12342333695680743,0.36300994016069615,0.33124504640905866,34.893075699775615,23.439062701022713
3359,Lam Dong,VNM,2020,2020-03-21,0.055284774400488595,0.2750708341957555,0.029571598767019376,0.05693734658196867,0.30243735976861075,0.2077736353022222,0.10516432298364214,0.6634490074820865,0.7110549652217055,34.1573642870662,18.40760229537419
3362,Long An,VNM,2020,2020-03-21,0.12880681980447756,0.2638269035601403,0.09589798454248369,0.12273031083151127,0.284276208241412,0.24816757857200156,0.16381512198450363,0.3676338453851629,0.528648753158227,37.151800751076095,22.438475550270574
3375,Quang Ninh,VNM,2020,2020-03-21,0.29661226460937007,0.3861673544845081,0.2748959105727802,0.29264112963663985,0.38930861247394327,0.327913186304505,0.22038766036649493,0.18685705077079706,0.17030192398142036,29.519988789710965,19.1575703044916
3378,Son La,VNM,2020,2020-03-21,0.05860763271629167,0.22041991994689045,0.03501255541739771,0.058653660364261555,0.2593161216465888,0.2016917373993842,0.10677280052930158,0.5885887008227674,0.5806406988431881,30.93906003880559,18.741603091265617
3379,Tay Ninh,VNM,2020,2020-03-21,0.07551928946384551,0.3057467869566523,0.04697286247515043,0.07910492148473418,0.3267437454232535,0.2452053218763905,0.136499090597275,0.6013163220076906,0.8321601198305715,36.54521880435793,22.10689672729441
3380,Thai Binh,VNM,2020,2020-03-21,0.3143460207135957,0.4203793471127084,0.27668462448550035,0.30548679153735747,0.4327913679481899,0.39322379748867814,0.2776320443102665,0.16172335464432638,0.24873325181199896,28.212888365576024,20.090388890422535
3382,Thanh Hoa,VNM,2020,2020-03-21,0.14292043217801548,0.3353569599999892,0.11489933241045298,0.1457678952527575,0.3631931088986649,0.2863864836332782,0.16742608778980347,0.46720437583629326,0.5739811410609008,30.75954820073286,19.87748274350541
3384,Tien Giang,VNM,2020,2020-03-21,0.13938586919723658,0.3065672775572221,0.11463417660648789,0.13931289657091184,0.30593672090044244,0.2422376894449609,0.1517634391633103,0.4047995952462791,0.46028378317125607,35.00461606841583,23.315791862718942
3333,Binh Dinh,VNM,2020,2020-03-29,0.055199699427780705,0.2883465205990043,0.031272338046757574,0.06026855271731973,0.2969628972473692,0.1966700616129378,0.09700587159004696,0.6975981139001022,0.732415872414102,33.6803587332734,21.518006917520367
3338,Cao Bang,VNM,2020,2020-03-29,0.5888149344852155,0.6801310567723234,0.4561030831070781,0.5323257175489423,0.7039789885907755,0.576783408526919,0.3469639965293193,0.07218601997896876,0.08920566385500002,,15.928345223087161
3355,Khanh Hoa,VNM,2020,2020-03-29,0.07158552456993178,0.287448568404826,0.043322772065084274,0.07246459802206183,0.3071147935126354,0.2183689979169232,0.11741691897584887,0.62527465631937,0.9148501398296677,35.03296358668351,20.798172071757335
3360,Lang Son,VNM,2020,2020-03-29,0.5869216383838151,0.6684913784323162,0.4770394351210063,0.5412837622604548,0.6912682823365992,0.602896446428197,0.4076169298043728,0.06517066082351806,0.10092261998662518,,16.465103143172225
3370,Phu Yen,VNM,2020,2020-03-29,0.055394625946100104,0.27524220243608427,0.030855954932661016,0.05974661922438897,0.2846439962612777,0.19806946345545073,0.10126080714157704,0.6736363761907143,0.422908795920291,35.37112877501879,21.778077638334402
3371,Quang Binh,VNM,2020,2020-03-29,0.07797006507728715,0.26262865251871337,0.07100331123133473,0.088277707694984,0.2575885663598536,0.17906271402738078,0.09298252365206827,0.6561265111414292,0.5239550921098475,31.248196976224634,22.96516901876969
3374,Quang Ngai,VNM,2020,2020-03-29,0.051928554035426136,0.2800950028880702,0.03050091616337023,0.05837397952081781,0.28685514125973943,0.18955757472906698,0.09493296301113473,0.6996727201167952,0.6950327738178628,34.115931259108166,22.294438361038495
3376,Quang Tri,VNM,2020,2020-03-29,0.05569845608310512,0.2595473151214042,0.048040506978724466,0.06671042460439089,0.2549199049543704,0.17139283789318463,0.08125146094416726,0.6791039414532619,0.5680639640855518,33.32093782342175,23.22959460350826
3383,Thua Thien - Hue,VNM,2020,2020-03-29,0.05460333779803085,0.25902842689165756,0.050541092353080436,0.06768331974199694,0.2488831247581957,0.15903344128326913,0.07243422530354653,0.6949451394746066,0.45585557932700765,31.80988723569437,22.130242293511042
3327,Ba Ria-Vung Tau,VNM,2020,2020-03-29,0.10133090474851378,0.29210376107680114,0.052802763422791096,0.0918089550953524,0.3246970415807545,0.26150249817312377,0.16474044356827852,0.44413453605067027,0.7364852651667433,40.02801007055945,24.36015960549894
3336,Binh Thuan,VNM,2020,2020-03-29,0.10677603311425103,0.31216439115516975,0.05109473364877891,0.09009964605900411,0.3600479792312573,0.296336686519151,0.18694323597418358,0.5090584855509694,1.1019966554568086,39.3208162456554,23.174521667668486
3342,Dong Nai,VNM,2020,2020-03-29,0.08151745056768095,0.29301017911723903,0.0446616427344738,0.08017575982742747,0.3184328798833526,0.23514502819677421,0.13550894640329358,0.5424542278815306,0.47661957865389115,40.51942614954145,23.610370919199294
3344,Gia Lai,VNM,2020,2020-03-29,0.07228027466826731,0.25098128515527257,0.035865360208645475,0.063253201830878,0.2857936834836263,0.2237927236751825,0.13760060419738876,0.5627467570323339,0.6039800966230727,40.344308220552875,21.025512046448885
3345,Ha Giang,VNM,2020,2020-03-29,0.4701546409247323,0.565877463771432,0.35426569505806865,0.4210826523208429,0.6176602139377757,0.5377449409058843,0.3464348252168979,0.09699619497633662,0.13554863962614827,23.189936056399,15.682301906820515
3347,Ha Noi City,VNM,2020,2020-03-29,0.6185113977330224,0.6921333354220499,0.5154644961967394,0.5764053269118349,0.7024761223504727,0.6050042366019449,0.40419078014531357,0.056360712414303564,0.07873733510900595,12.31802379333787,18.302634817271496
3348,Ha Tay,VNM,2020,2020-03-29,0.6154734519795336,0.6902970975426724,0.5139256818033058,0.5744594245884318,0.7002237403686775,0.6069605212946071,0.40621257616243783,0.05764284827338519,0.08240892371873657,21.929206288030084,18.568358506039978
3349,Ha Tinh,VNM,2020,2020-03-29,0.4124126011920137,0.500326611399825,0.3939074161626869,0.40952009295153835,0.4958729901614454,0.4459887973263697,0.31526090417649016,0.11727717228335789,0.15641139912212373,30.844300060165914,22.39219727892214
3353,Hoa Binh,VNM,2020,2020-03-29,0.5568591000466111,0.6335427470117698,0.48131012663661515,0.5275141598269862,0.6442866272024876,0.5662675203387325,0.3844652118587732,0.07173540848785304,0.10598189084177669,27.6959543707057,19.342894078689728
3357,Kon Tum,VNM,2020,2020-03-29,0.054854739287984365,0.2972307916288519,0.034958815475111364,0.06058702177168208,0.31194380864212673,0.2074779720549212,0.10361164710896495,0.6936656125592732,0.7997981053707397,34.2317961537976,19.59858937684358
3366,Nghe An,VNM,2020,2020-03-29,0.3156498622875378,0.42624671457720265,0.2979310542650339,0.3149159047897318,0.41759187763039596,0.3493968801966823,0.2275579358448486,0.2534767494643334,0.22573354825050157,29.665667695639055,20.966673264921077
3367,Ninh Binh,VNM,2020,2020-03-29,0.6153330531827073,0.6800700843341185,0.5459873258269642,0.5886030825528288,0.6738007951637037,0.5837653162411878,0.3866336873516293,0.050447131862249674,0.06890840036494443,,18.98763749153404
3368,Ninh Thuan,VNM,2020,2020-03-29,0.1079045502539328,0.2922628135004716,0.05418998172573755,0.0899532882317145,0.34622022610410536,0.29137241284942006,0.18496810464250038,0.48726368085256266,1.9003879543662343,38.95352218141607,21.98820364344281
3377,Soc Trang,VNM,2020,2020-03-29,0.14846396316932264,0.2988843134605842,0.08765161477006461,0.1304870410496588,0.3259595974770237,0.28216995800606925,0.18807214058152713,0.32734878141773815,1.6474955045703055,37.87316754357463,24.130619962008044
3386,Tra Vinh,VNM,2020,2020-03-29,0.1526818748885592,0.29317785610349956,0.10168314604003076,0.1394641169520926,0.3167406033436987,0.27040972400089464,0.1791336480567778,0.3153677604794849,0.1496267029735829,36.35129400425621,24.45546982176374
3387,Tuyen Quang,VNM,2020,2020-03-29,0.5537389441502936,0.6452339007536988,0.43222151647167256,0.5021434364711334,0.6713298394497462,0.5506752714299215,0.32428274671166274,0.07667113664736033,0.09179472998180327,,16.976202287183458
3388,Vinh Long,VNM,2020,2020-03-29,0.12038645379045693,0.30006997024569737,0.09260768817038993,0.12413022650549169,0.2923524747031935,0.22087900736985422,0.1328525316261065,0.44160357736331973,0.4796873458378741,35.401267431872746,24.145919244704857
3390,Yen Bai,VNM,2020,2020-03-29,0.38313342599565875,0.4840469513924747,0.3044734619343758,0.35385940164058055,0.5173082307377336,0.4416732302193639,0.2802240671536761,0.194598242397713,0.18390987437055903,26.738377274942472,16.923323122126483
3328,Bac Kan,VNM,2020,2020-03-29,0.5833639508770453,0.6747861790119918,0.45389529109310683,0.5282147123400202,0.6975091269722663,0.5714714472317796,0.3426717675956409,0.07278430418413356,0.08912275230987524,,16.731791447117356
3329,Bac Giang,VNM,2020,2020-03-29,0.6086544479519558,0.6871577584780394,0.5068809933118679,0.56751913578273,0.688895756916574,0.5749873188538546,0.3690218852806245,0.0629027674372922,0.08260491638578207,,17.26810048502751
3330,Bac Lieu,VNM,2020,2020-03-29,0.12355376449803698,0.22636243529312672,0.07439662829117641,0.11228052319390179,0.2285373905899187,0.19209910686026,0.12858452326002529,0.2571880872379486,0.593105746890576,35.41336989163231,25.43250773088186
3331,Bac Ninh,VNM,2020,2020-03-29,0.6080568328016376,0.6857816064084291,0.5019611222105484,0.5655214571844687,0.6936609956286927,0.5901339171401426,0.3829382804256095,0.060288683629594025,0.08060047539903113,,18.301695307705174
3334,Binh Duong,VNM,2020,2020-03-29,0.08075590750359822,0.3233195565908773,0.04712638579098371,0.08301268588170062,0.3472542582098385,0.26311937668275653,0.1537381266849759,0.5983100708643916,1.2887239683901401,41.7755763902012,23.28273569258599
3335,Binh Phuoc,VNM,2020,2020-03-29,0.05806841216082714,0.3209398162089168,0.03158945855835761,0.06409194914801648,0.3397302831336105,0.23057402833098017,0.11068106679348275,0.6898950453216266,0.8050618330574262,38.722065172119045,22.30135256294374
3339,Ca Mau,VNM,2020,2020-03-29,0.14925363537716854,0.23363852470225327,0.10855145514377079,0.14025734108654972,0.23927990230655533,0.19350402463071198,0.133191442114631,0.2769548096032974,0.2620969589816676,34.35936708951402,25.693311602874648
3340,Da Nang City,VNM,2020,2020-03-29,0.07177495298391237,0.2700287332902932,0.06230584664286261,0.08282564518267795,0.26867484661092034,0.1834654673007107,0.09489373483410538,0.6100399209587622,0.5696888836952047,31.615112460130508,22.279955753988606
3346,Ha Nam,VNM,2020,2020-03-29,0.6038897448136149,0.6790432891865394,0.5110462685129733,0.566907700465033,0.6898177177371055,0.6024508818069626,0.40169224513640844,0.05871331961337804,0.083838375940788,16.115287356321893,19.64102722100662
3350,Hai Duong,VNM,2020,2020-03-29,0.5754868406063844,0.6604570932158366,0.47038647965757807,0.5339696014024338,0.6615187376585557,0.5456579415576993,0.34051216748199664,0.07877508735249417,-0.12877090301247468,23.569517507623498,18.034098612399635
3354,Hung Yen,VNM,2020,2020-03-29,0.5974480225772182,0.6779889434911138,0.48690633510307507,0.5530503922221799,0.6932425632060906,0.5968981503700176,0.38853810809668776,0.06333858093659601,0.08782311784830521,10.734032051282085,19.384509521829543
3364,Nam Dinh,VNM,2020,2020-03-29,0.5667059921214914,0.6331304653023023,0.510959929781076,0.5469451953263005,0.6177991533083693,0.5445001035029118,0.3708203404489602,0.06090090139179724,0.09677466883474797,16.828048534600736,12.510779365253487
3369,Phu Tho,VNM,2020,2020-03-29,0.5582165710144997,0.644006422432198,0.45847087919624285,0.5172001553988564,0.6625733603542201,0.5719195399329255,0.3746292681225988,0.07410018727936225,0.1206661344693638,28.056657806400793,18.551645042908614
3372,Quang Nam,VNM,2020,2020-03-29,0.05140772422944663,0.27903836284740124,0.04521540415231165,0.06502510225551095,0.275901306321251,0.17031141320699783,0.0754161301416032,0.7099900071358415,0.5419180860223161,32.24467436505279,21.70051932221849
3381,Thai Nguyen,VNM,2020,2020-03-29,0.5881339655773,0.6731737180059894,0.4740411193053548,0.5402496584224477,0.697914213478186,0.6076663238231982,0.4078564947883466,0.06746608515190204,0.10119856859839935,,17.11219350396439
3389,Vinh Phuc,VNM,2020,2020-03-29,0.5930582930503351,0.6720240491313184,0.4931794777689897,0.5527535511063293,0.6755013766806728,0.5780097140922543,0.3860927801493462,0.06303026999479461,0.08713100053887865,14.653611801999546,17.85217114674935
73933,Can Tho city,VNM,2020,2020-03-29,0.1050800575542344,0.3639635293088537,0.08062367802965564,0.12224924964596752,0.33623581490624416,0.243150878191105,0.13442800417123552,0.5564271486251988,0.6879593337576342,33.806887427504535,24.20766790762515
73934,Dak Lak,VNM,2020,2020-03-29,0.07727206838832079,0.26292635515325885,0.039226806502334975,0.06926383288841383,0.29692011538224106,0.23253177736511552,0.1423837307362276,0.5478855976193341,3.720435484602047E10,40.60482951879951,21.475019875741527
73935,Dak Nong,VNM,2020,2020-03-29,0.05849184935947442,0.2593183927779966,0.031792717957058285,0.057176824265174266,0.28667499032637156,0.20427595993116662,0.10927901895240713,0.6262895979709755,0.6483893482811557,38.19638241648076,20.170071402460444
73936,Dien Bien,VNM,2020,2020-03-29,0.07915919129284539,0.2134354216079465,0.049288032082239475,0.07820344624594228,0.25555873844784743,0.20046362992336972,0.10883601237120917,0.46910145551734356,0.5032637328764431,33.07408431496405,20.75886819505085
73937,Hau Giang,VNM,2020,2020-03-29,0.11006445291970485,0.29319615850523895,0.08024126259681881,0.11399168835420757,0.2884674508835353,0.2203298400071222,0.1307311445909428,0.4615414197654635,0.5121794567098694,35.83337432787078,23.94263591814631
73938,Lai Chau,VNM,2020,2020-03-29,0.07412555143099585,0.22550066440276642,0.04547492682388641,0.07532701480390652,0.25497134176936803,0.18455273681901507,0.09070774805968074,0.5535942135539937,0.40786057706286577,30.011837909145676,19.835491868452074
73939,Lao Cai,VNM,2020,2020-03-29,0.3761607835221285,0.47318490921045686,0.2972277676144768,0.34671939031993865,0.5144755005398892,0.45705740268500233,0.3089322337033689,0.167295049925821,0.20262149958211367,23.730198508500564,15.537263530399567
3326,An Giang,VNM,2020,2020-03-29,0.13271982274365962,0.2842127224396482,0.08969231707197754,0.12457271937563608,0.2939202017792996,0.24674502774451662,0.1608121044961909,0.3722080725623004,0.4915595750127589,36.14771906703602,23.88202575404418
3332,Ben Tre,VNM,2020,2020-03-29,0.14078732877532094,0.3123029085781261,0.10989089422126815,0.1412687576245084,0.31298208349133544,0.23839853903391406,0.14819254802311904,0.3717705256001953,0.47603654448757415,34.583692784303224,24.55316219868362
3343,Dong Thap,VNM,2020,2020-03-29,0.09995294459241735,0.3118400831927153,0.06712805576071425,0.10710496914495156,0.29270274915160566,0.21670411842760817,0.12455231864901001,0.5034253727493582,0.5427622056404872,34.14838967854593,24.118233453383958
3351,Hai Phong City,VNM,2020,2020-03-29,0.22959528628132866,0.3476292639706622,0.2027606680590701,0.2276516576723768,0.34369643561872815,0.2932364927368258,0.19160702674677685,0.30982353469662743,0.3125496846553064,28.376859632298252,18.19681175811519
3352,Ho Chi Minh City,VNM,2020,2020-03-29,0.10995640049573743,0.2664794308262094,0.0714935559851007,0.10730680859324027,0.2748629417122607,0.22352648749071052,0.1542464386779622,0.4264748108349144,1.6935682071019416,39.122352353749854,24.449238109939007
3356,Kien Giang,VNM,2020,2020-03-29,0.12742295362973044,0.2565848494971967,0.08494021724622913,0.11875577196232791,0.2781549533782832,0.23231955474732313,0.15539397456317136,0.3690779489858588,0.5151125949523363,35.74958599842986,24.43242425051575
3359,Lam Dong,VNM,2020,2020-03-29,0.06339494927196535,0.28420041558434145,0.03291678538388789,0.06374646078834811,0.31421918059575044,0.22355303528657416,0.11983579379139749,0.6389161881037628,0.7817203103125666,34.841820982580664,18.197351843927123
3362,Long An,VNM,2020,2020-03-29,0.11872154940488978,0.278316682687145,0.07072283393073253,0.10900282125124006,0.3073140137053152,0.2699508708381511,0.1838302018109761,0.4113203482587152,1.0119407120146484,39.24170960628007,23.526585192319022
3375,Quang Ninh,VNM,2020,2020-03-29,0.5231073957236256,0.6039365565469799,0.4266391164837403,0.4855861509769624,0.6097076259178906,0.5215463509811807,0.3490395401011085,0.08392319228226049,0.1379577752149427,27.935348459755605,17.149970240091328
3378,Son La,VNM,2020,2020-03-29,0.12982483419675836,0.2553927230402609,0.09891958287574594,0.12719952178095736,0.2893566578760057,0.24143597036621414,0.14535629780050294,0.4064717305013994,0.6631055328265483,31.234968420591212,20.001108480549604
3379,Tay Ninh,VNM,2020,2020-03-29,0.07723567934011762,0.3158818099753737,0.046053287291932775,0.08032091823279809,0.3432124021481736,0.2590729203691039,0.14629704550930273,0.5935099309134029,0.30910229583894544,39.46241596079596,23.279127263448352
3380,Thai Binh,VNM,2020,2020-03-29,0.4794013629555499,0.5643139887091337,0.4293177658873783,0.4638365446009164,0.5515883563666713,0.4847377476396277,0.32941884856361847,0.10738249638818546,0.13612186346738342,8.527700999048555,10.424347903340443
3382,Thanh Hoa,VNM,2020,2020-03-29,0.5236522530911273,0.5994787725714534,0.4742640463434985,0.5058102427644412,0.5878555585614553,0.5038403422969319,0.3321119004347278,0.08710122283670248,0.10984457017530973,29.200564029451233,20.329815212135113
3384,Tien Giang,VNM,2020,2020-03-29,0.12925567311612446,0.328798457461478,0.08895196756588124,0.12588177910800108,0.33471055524149507,0.2630955611559336,0.16575379866947285,0.4500050081151611,0.699745742779296,37.70576654068719,23.97676757591699
3333,Binh Dinh,VNM,2020,2020-04-06,0.11093648785509477,0.28855937724978875,0.09993440457276459,0.11637820176229875,0.2856048771413384,0.2025781646507689,0.1130647575486485,0.5082031009736484,0.47974831713777205,31.874899676037565,18.52122526259605
3338,Cao Bang,VNM,2020,2020-04-06,0.3107194014620887,0.41290464126243687,0.2958982618953986,0.3112499233793105,0.4203201739097745,0.36465740163387855,0.26148570760395407,0.19144611307576423,0.25036927339629156,25.75078964564126,13.244207192162893
3355,Khanh Hoa,VNM,2020,2020-04-06,0.15563507511338745,0.32815416724349256,0.13934863644485887,0.15674263282188325,0.34944265705365213,0.2718409492427872,0.16427222360795907,0.4115374847907672,0.5181550530588633,34.141415523868396,20.02795878975604
3360,Lang Son,VNM,2020,2020-04-06,0.45376072549824703,0.5133330097417944,0.4275967079198706,0.44586725057516896,0.52526876319368,0.4724577746701233,0.3446607309040715,0.06479353082903455,0.09758488644518988,21.355678480516943,13.991783961448874
3370,Phu Yen,VNM,2020,2020-04-06,0.13936504766549354,0.31337967885951623,0.12074834329704025,0.1409269621929148,0.3236495762763765,0.2504108169373395,0.1524845589945839,0.451244706760833,0.5615443274730546,33.766726753228575,17.331387629567924
3371,Quang Binh,VNM,2020,2020-04-06,0.35156907114016384,0.47843017601317317,0.33993499645842845,0.35285326827313906,0.48060232737802144,0.40868416530778084,0.27776465728806365,0.2393435114215804,0.27672739453960465,28.145460055260397,14.680529730144478
3374,Quang Ngai,VNM,2020,2020-04-06,0.1488728839901483,0.32171164462586854,0.14309626287986466,0.15592320471035057,0.3203087432378773,0.2323243291765331,0.13299719531946147,0.43555193589608326,0.4580877117646341,31.992198617512557,18.34480346438685
3376,Quang Tri,VNM,2020,2020-04-06,0.288050764072323,0.44932477661760084,0.27786542152424365,0.2915977380891279,0.458195942430501,0.37010022346661076,0.23718336923369243,0.2964419663355976,0.29153557348528947,31.17316808922518,16.20271399455334
3383,Thua Thien - Hue,VNM,2020,2020-04-06,0.25800771194831695,0.4099981816579191,0.2579862323767192,0.2674031210763102,0.40847504180645805,0.30559700322843075,0.18552560527676695,0.27758790217784873,0.3100420443188533,29.708569745238325,12.712888541072555
3327,Ba Ria-Vung Tau,VNM,2020,2020-04-06,0.13606445129029418,0.2801364264370031,0.11629743799570133,0.13456293033741984,0.2978076584273214,0.2435497689525558,0.15207195738879986,0.39206323266270726,0.4468697140965236,35.90525109543743,23.527128820677426
3336,Binh Thuan,VNM,2020,2020-04-06,0.15646362276848988,0.33523418991539805,0.11857738085107827,0.14490684007492743,0.3793668370394616,0.320047002899579,0.20327654159676212,0.3964253300563816,0.5861772936498768,39.87632522607677,22.410483644184957
3342,Dong Nai,VNM,2020,2020-04-06,0.11285595255914568,0.29814601488474957,0.09689191533768096,0.1181691228145451,0.3132312628873623,0.23724050500760507,0.13626975433270822,0.473271241327272,0.5558842191881307,35.91904453113477,22.78890069513962
3344,Gia Lai,VNM,2020,2020-04-06,0.10238064104653148,0.2661072260249139,0.07875970209214887,0.09820457869614595,0.2870627389153923,0.224724888529154,0.1344923981101959,0.479697806470115,0.7060160134748632,38.253232518920974,17.136598625185616
3345,Ha Giang,VNM,2020,2020-04-06,0.19181274713430205,0.29936702201029547,0.1841046964477624,0.19638843096507336,0.2984993869689034,0.2504880434341797,0.16476140879346227,0.34445176711213804,0.2588347965621608,27.07151478393046,11.395503560576632
3347,Ha Noi City,VNM,2020,2020-04-06,0.4817574795787193,0.5355903214436429,0.46760003514917703,0.47796857389307085,0.5325940084847559,0.4813339392242299,0.33440632841864876,0.05803604842734255,0.07575840337408864,29.68821334116958,17.78444431053737
3348,Ha Tay,VNM,2020,2020-04-06,0.3241297055018101,0.4178848572544761,0.3190036538210586,0.32858130589585116,0.4090880388591556,0.36277830698633984,0.2502800993585082,0.15261920519229483,0.1853638075562208,28.166258901477367,18.086957310660043
3349,Ha Tinh,VNM,2020,2020-04-06,0.26652904286404056,0.4040371241307198,0.26438538461609773,0.27407455401414826,0.39890248656021743,0.335749319535817,0.2319763396402225,0.26856256271928775,0.3186043271051032,26.402740156483897,12.510350957319513
3353,Hoa Binh,VNM,2020,2020-04-06,0.1991473921771788,0.347349913742529,0.199568884120676,0.21016492490359268,0.3512378681072438,0.2796231460323552,0.16685384112248272,0.3736480697919853,0.37086579384218243,29.27714892848738,14.595170323272068
3357,Kon Tum,VNM,2020,2020-04-06,0.09375374598319502,0.3059215139540963,0.0834299909511518,0.10147567467780165,0.3123505390182579,0.21466554423288164,0.11217254860442667,0.5697834007285912,0.6078499193152365,32.84531422486758,17.02093966438313
3366,Nghe An,VNM,2020,2020-04-06,0.16897028048314708,0.33786981778168057,0.17155350501152375,0.18096763750122283,0.3364950628681516,0.25871459352671333,0.15702547548291862,0.4054888425164588,0.419290459950348,26.424617195379735,16.677243947086172
3367,Ninh Binh,VNM,2020,2020-04-06,0.45023707475976743,0.532484842972973,0.4389751078282016,0.4478933351117109,0.5260407424977191,0.46028810560343786,0.31199771039350344,0.11375897311649431,0.1326456947321036,27.0294507013758,13.780055638629765
3368,Ninh Thuan,VNM,2020,2020-04-06,0.16453059747379964,0.3252949166964425,0.12279889627135418,0.14865694291168804,0.38058004540824714,0.33067479367791264,0.21472151217292643,0.36115623271828134,1.4105887317502364,37.998949799409125,21.967383331015068
3377,Soc Trang,VNM,2020,2020-04-06,0.11959856616276718,0.25775642644264,0.06553486138661191,0.10329548405365595,0.2841912488542257,0.2474445381099669,0.1645706104745608,0.3518749645493684,0.49861733612328996,37.67414026798655,23.0197609069816
3386,Tra Vinh,VNM,2020,2020-04-06,0.11163665083571098,0.2596186179562955,0.05972781280960478,0.09893707406826222,0.28283992864311214,0.23923924432165947,0.15526103281687445,0.3723772273154913,0.8592876023522422,38.09491181348663,23.47662421488667
3387,Tuyen Quang,VNM,2020,2020-04-06,0.38918880980786874,0.4565527808274165,0.37518896229926485,0.38681316290907547,0.4518719596623173,0.4062390130347679,0.2897156395006013,0.09300291606843375,0.11621612096198614,23.413308402991653,12.25298353184315
3388,Vinh Long,VNM,2020,2020-04-06,0.07939255696841246,0.29309803819922725,0.04839380117649067,0.08667692513350525,0.280288290448687,0.19888239833109844,0.10644525876515243,0.5493281911941431,0.6120074826984991,35.165764212660505,23.509625593771002
3390,Yen Bai,VNM,2020,2020-04-06,0.25992684864162724,0.35494312196377364,0.2518416703242181,0.2628791047974936,0.3484652289731664,0.2905467537400424,0.18472824089204,0.26745097613508345,0.19961464167506934,22.25581814808131,11.85947419200723
3328,Bac Kan,VNM,2020,2020-04-06,0.3676431881459055,0.4388355755399794,0.3556068069801268,0.3668620030706917,0.44333687240646974,0.39528694414205084,0.283120445412349,0.09750314287718936,0.12372885025997833,23.559327084077786,11.787892142467266
3329,Bac Giang,VNM,2020,2020-04-06,0.5451985849308738,0.5998334690176461,0.51854577473681,0.534799653094735,0.6007088725870615,0.5266605848818569,0.3687522581985374,0.049264449563476725,0.06961825008868591,26.6760575888619,16.104538461364015
3330,Bac Lieu,VNM,2020,2020-04-06,0.12414819852364785,0.2001090999680532,0.08258709275342158,0.11285523748532161,0.2077694166102184,0.18032577999514784,0.12232085634705152,0.22115728995559095,0.3568498263154003,35.79398931952505,25.184044731282874
3331,Bac Ninh,VNM,2020,2020-04-06,0.6317665818330528,0.6820943148478525,0.5944927846113909,0.6157718944824367,0.6825645998687373,0.5998652503835912,0.4063844446945394,0.03733504089402565,0.051851469606743965,27.776480276498805,12.47669478585271
3334,Binh Duong,VNM,2020,2020-04-06,0.11715091534597542,0.362802920445102,0.09502289377828695,0.1244138413239483,0.38546003989179667,0.2960052060885642,0.1678758008318283,0.5284449333815288,0.7891929061373861,32.56098484755534,21.702628825646308
3335,Binh Phuoc,VNM,2020,2020-04-06,0.08427281234267237,0.33578482323068265,0.0654464334621245,0.09368889989627227,0.3474691346315993,0.243085977226956,0.12066629015581179,0.6292081805024855,0.7329685950434192,34.353178184797635,20.87935059947014
3339,Ca Mau,VNM,2020,2020-04-06,0.13180090646681883,0.21384816354777633,0.10869073771980546,0.129363468548899,0.21405461475625892,0.17274385769998404,0.11198209811860635,0.24985559718590605,0.20274585414173527,33.93698063235813,24.436783870483755
3340,Da Nang City,VNM,2020,2020-04-06,0.18758539728231,0.34841598382433564,0.184684342360357,0.19603022551267577,0.3444950769340962,0.2558088782247028,0.1570272525860061,0.3606973305291165,0.42882901651015376,30.11440820039324,16.194413979190664
3346,Ha Nam,VNM,2020,2020-04-06,0.554414858955335,0.6184796135585758,0.5223371789797181,0.5414468073126881,0.6204586648223355,0.5500575057308982,0.36947714964259903,0.0548047812375436,0.07484304375368796,27.3520913748278,17.454593216581724
3350,Hai Duong,VNM,2020,2020-04-06,0.5574787190119944,0.6225022915352378,0.5223222760730387,0.5432610749785387,0.6249807084160653,0.5600543367203178,0.3863103531629952,0.05688145901885675,0.08350392725992176,27.257241197553302,12.882718142396197
3354,Hung Yen,VNM,2020,2020-04-06,0.5346553273529635,0.6040124287706242,0.5042887227893712,0.5231698384435696,0.6062065550187018,0.5413491346349419,0.36741765466564086,0.06367925634789508,0.09021815646437789,28.092370497826234,14.370582762734468
3364,Nam Dinh,VNM,2020,2020-04-06,0.48040893114339045,0.5557008128995853,0.4709536275643834,0.47847712343431065,0.5441453459726605,0.4853957577984608,0.3363527245723706,0.08683667982816526,0.11093611326856732,25.73669601091199,16.966525056585315
3369,Phu Tho,VNM,2020,2020-04-06,0.2879859568737918,0.37313876231416293,0.2906022301627137,0.2948312615716043,0.35593359188539786,0.3106671179983979,0.2114101199934443,0.15435718037804735,0.1642055294498565,,12.57273641525518
3372,Quang Nam,VNM,2020,2020-04-06,0.18348711535322895,0.3529155831171996,0.18796282897748026,0.1951888883616059,0.34849350599447,0.24849768394992908,0.14491503146255125,0.37776587861333716,0.39017092963940764,30.803016569779004,16.54987345595932
3381,Thai Nguyen,VNM,2020,2020-04-06,0.3934842791159683,0.45686173074888353,0.37768903717946695,0.3914204294095801,0.4668147847866992,0.42060629757631807,0.3066049791304663,0.07904578923789231,0.1148150530561727,,16.211865388930363
3389,Vinh Phuc,VNM,2020,2020-04-06,0.37494069095524407,0.45062185945750965,0.360006151096976,0.37433272694219544,0.44860176285734865,0.40275059928850665,0.28261873026056433,0.10348772297358105,0.13240156941117645,,20.217940046326536
73933,Can Tho city,VNM,2020,2020-04-06,0.09493734419856623,0.3745587415487014,0.07694240877832931,0.11459862347849102,0.3436536288922814,0.23873544386189205,0.12373182385483876,0.5962984927119243,0.7389232172964143,33.82774009276201,23.815304063010732
73934,Dak Lak,VNM,2020,2020-04-06,0.09034687298550415,0.2712424401073996,0.06283302412349179,0.08648612538895482,0.29504382915345573,0.22941056680578253,0.1340774652599768,0.5320556348179838,1.0873320637030546,40.24021153558164,16.922448996908887
73935,Dak Nong,VNM,2020,2020-04-06,0.09553891856055191,0.2933861788753637,0.07813240752177014,0.09865473197704724,0.31425730421794307,0.22819410234489418,0.12288265343247323,0.5498514857389274,0.5867680424408098,35.94761616316877,
73936,Dien Bien,VNM,2020,2020-04-06,0.09180326760584022,0.23116783936254415,0.08342951606183616,0.09670800776384875,0.24761480717301443,0.1863325266889686,0.10113904742353437,0.5045926080429133,0.5500621675505651,27.462733652373984,17.296317087110015
73937,Hau Giang,VNM,2020,2020-04-06,0.07262549127951216,0.2793253024241597,0.0446466754163519,0.07985945640904846,0.27312525710576874,0.1992114840480988,0.10866870544551316,0.570807947887862,0.6097575305959049,36.41164631056703,22.492759023200815
73938,Lai Chau,VNM,2020,2020-04-06,0.06728991934620542,0.2260853069831957,0.05407164868335735,0.07310554246514649,0.23600448546301128,0.16579705791943578,0.0843859944279117,0.6201576086148674,0.43825433205333275,26.154610454722118,15.577685040798682
73939,Lao Cai,VNM,2020,2020-04-06,0.09062785008601335,0.22316848190019115,0.08334082926407649,0.09869695324345565,0.2267837475237293,0.1716641385975319,0.09313390074791106,0.539634841931535,0.3310116395715349,26.53142658246881,10.337091389026455
3326,An Giang,VNM,2020,2020-04-06,0.10423910621581463,0.2824879225511274,0.06618653657473893,0.10411883514312881,0.28130365818014996,0.22582367486923657,0.13446015676440318,0.4460832904042264,0.44447624323067475,36.17696347156699,21.49858922796911
3332,Ben Tre,VNM,2020,2020-04-06,0.12940621496400523,0.29785623701571406,0.09657756163542493,0.12843985124098095,0.300276274796998,0.22673260367055423,0.1386646778108169,0.39842129535221105,0.47344712773188763,32.39486246822058,23.97537281841617
3343,Dong Thap,VNM,2020,2020-04-06,0.07702886816077581,0.3258523117337596,0.04535608819663357,0.09091844690874251,0.30115303981879943,0.2125785038348454,0.11096591303677521,0.5846607911563572,0.712060196120732,33.79110968314253,22.5009326577305
3351,Hai Phong City,VNM,2020,2020-04-06,0.5530709984801603,0.610545286616687,0.518973889262255,0.5393049931385856,0.6119604600703197,0.5503851617027057,0.3852806777039565,0.05241452419554652,0.0795015424628425,26.401436856097295,13.561949146007095
3352,Ho Chi Minh City,VNM,2020,2020-04-06,0.16662003711772674,0.2978386724258746,0.1464166680073234,0.16658638565539105,0.30711858703362344,0.2563500253047115,0.17515236493211847,0.3105514634793236,0.5362542953663444,30.775746948274772,24.008355444517168
3356,Kien Giang,VNM,2020,2020-04-06,0.10401239358403144,0.2476157332163542,0.07057373534513209,0.10018511798894447,0.2662880132838965,0.22356963955866826,0.14376185842592104,0.3858063295771342,1.0851618898752606,35.339509580578635,23.756031604952813
3359,Lam Dong,VNM,2020,2020-04-06,0.11346487219262423,0.29858219156713345,0.10186839703083661,0.11867434539800413,0.31784992751742286,0.2303259495725245,0.12709737805604115,0.509126733401227,0.517855273760192,32.84777152627512,16.69872690206364
3362,Long An,VNM,2020,2020-04-06,0.12409775972105162,0.3068605154573608,0.08044575322559087,0.11997801870524638,0.32971740578226777,0.279280393397244,0.17846509869345972,0.4400461756844046,1.3075126722930488,35.67714948720509,22.82218899884981
3375,Quang Ninh,VNM,2020,2020-04-06,0.5308796445421676,0.589411692651039,0.49956543516815327,0.5190727218345871,0.5870260060731156,0.48267290321001033,0.3199907277389091,0.061527793606441256,0.07039081349451905,24.416042542406966,14.673763915481011
3378,Son La,VNM,2020,2020-04-06,0.12032095742803232,0.24432027480875795,0.11748925173140998,0.12760428630295725,0.2504956956166739,0.1938074019003135,0.10605384955483939,0.42640497067253297,0.31204263101629537,27.050675719364015,14.857666056052143
3379,Tay Ninh,VNM,2020,2020-04-06,0.11624881288905989,0.3597253505741311,0.09214603948609895,0.1224512510340325,0.3869966452125906,0.3013715595881678,0.17191037608805124,0.5151572301588119,1.1507173182910921,36.02848476478014,19.095900545014416
3380,Thai Binh,VNM,2020,2020-04-06,0.5393919927313748,0.6089390926052654,0.5102830638167221,0.5287771337675897,0.6060296491322675,0.5421958364195496,0.3734641077238243,0.06206291264424225,0.09150307655821713,26.11859231600546,14.827739077096624
3382,Thanh Hoa,VNM,2020,2020-04-06,0.20817915428414802,0.36411785731361046,0.21131355519543824,0.21947203035642976,0.36313162244378905,0.29538599852323927,0.18987933787942912,0.3532543025355345,0.39376928899847524,27.499075300036452,14.823321557743098
3384,Tien Giang,VNM,2020,2020-04-06,0.11643469644176795,0.33163067430222815,0.0792710853134577,0.11622013518370995,0.33359920860717585,0.25715475163850143,0.1550701604300009,0.4845870425269701,0.6698583201311207,35.23006168448491,23.648527995822477
3333,Binh Dinh,VNM,2020,2020-04-14,0.07282155886832356,0.33562953457305383,0.044354026499816485,0.08058208735524362,0.34191036249078316,0.23716654177129065,0.12420503643290176,0.6466984363823689,0.9332224259431252,32.90791957209679,20.700132582086674
3338,Cao Bang,VNM,2020,2020-04-14,0.07966644142590419,0.3137318497944588,0.06551409212735505,0.09542260346611614,0.32660993212982675,0.2293732100834927,0.1144314674425815,0.6430797942386632,0.6526789621310666,28.490078272627215,15.670814973851295
3355,Khanh Hoa,VNM,2020,2020-04-14,0.09058864835338885,0.30552044801117606,0.05992283160773506,0.09202872372799957,0.3252831488405651,0.24556793003199884,0.14058093801730032,0.5568104444206685,0.7878164306291633,34.96437103194742,20.483216435420513
3360,Lang Son,VNM,2020,2020-04-14,0.05677749903413008,0.30326626002632895,0.04528685672897508,0.07458167826724973,0.3143702739631296,0.20885889006408084,0.0926423935629602,0.6999509781744891,0.6606276144460479,27.298215644605822,15.037241792737168
3370,Phu Yen,VNM,2020,2020-04-14,0.08349925801980043,0.3119463799786283,0.052632317617254405,0.08705635478068591,0.3257876115866448,0.2427772563195922,0.1379404397526346,0.5908549437711682,9.362354693499727E10,34.721493505201614,20.809823980979104
3371,Quang Binh,VNM,2020,2020-04-14,0.04715718757562894,0.3145905188300273,0.03486040398418826,0.06217525363401762,0.32590022846529754,0.21410500041500816,0.09463455171000304,0.7457720313101541,0.6571124833674937,31.18871463365425,21.256812083335717
3374,Quang Ngai,VNM,2020,2020-04-14,0.06394823915347572,0.30318993944732375,0.0426155966067995,0.07175254751251395,0.31100475527252774,0.21408584266095548,0.10956380997981904,0.6657090647091205,0.6816504791175642,33.76909565658715,22.36625947818041
3376,Quang Tri,VNM,2020,2020-04-14,0.05937760897464723,0.29554711240045745,0.0413672636872309,0.06861772424283777,0.31272867044104496,0.21820476718199244,0.11015245699337756,0.669675615092722,1.1530053954404504,34.12035156624077,21.314343916318677
3383,Thua Thien - Hue,VNM,2020,2020-04-14,0.05003292216201452,0.28276809898602434,0.038464456035262655,0.06345264761907164,0.2884599766471452,0.1862753003397724,0.08674514231941555,0.7038394886042206,0.6866368820157008,31.020269074631553,21.945605666159555
3327,Ba Ria-Vung Tau,VNM,2020,2020-04-14,0.10878474673327404,0.29944128490402444,0.05691099151415116,0.09799960660146663,0.3328244596655977,0.2713568325628512,0.16868653201733233,0.44568923204427086,0.94973761509195,40.0606111705355,24.186105263324876
3336,Binh Thuan,VNM,2020,2020-04-14,0.11476841935682995,0.3350517598415195,0.05637291733340783,0.09966464649771481,0.38182652848360304,0.318880043635112,0.199016386347534,0.5027457015489143,0.5446231373597421,39.127054441774725,22.819492322276627
3342,Dong Nai,VNM,2020,2020-04-14,0.0885264514646404,0.32989905485267484,0.051720042389016056,0.09109291941552579,0.3510218903954132,0.26574776419147206,0.15054329976491135,0.5530653722684217,0.9574746206077086,39.22184148296488,23.514625508262643
3344,Gia Lai,VNM,2020,2020-04-14,0.10191972689520681,0.3252017148505878,0.0539779582464361,0.09200143328471147,0.3671982506796833,0.30291782495901465,0.1910341420812337,0.5294243897169321,0.6636963541719182,40.24917949194793,20.85445460745963
3345,Ha Giang,VNM,2020,2020-04-14,0.16219465875798986,0.32166787836576094,0.15034463956491245,0.16985727373327095,0.3406175146174676,0.2746454041185098,0.16694785382316005,0.4338622766985551,0.4386414637285835,28.892040604127157,18.133237654818508
3347,Ha Noi City,VNM,2020,2020-04-14,0.08406457609013834,0.2775633441065412,0.056262685965099396,0.09316411552820225,0.2759318207763956,0.21264137635958136,0.12440344843791713,0.5303082576142402,0.5868570792014922,30.36979648643918,16.859239509950967
3348,Ha Tay,VNM,2020,2020-04-14,0.07612430500295778,0.28695128234472334,0.05150711720771978,0.08826404206681783,0.270149732317408,0.1961013357989073,0.10547308671269243,0.5919900790182653,0.5694229135609279,28.969720991833984,17.08480509339797
3349,Ha Tinh,VNM,2020,2020-04-14,0.05305174104292449,0.3239156980535286,0.03541855656193551,0.06705141736742062,0.33328919369648713,0.22909593938297315,0.10680423011943639,0.7218796614071994,0.8655634771622219,31.3049865509706,21.774643916172245
3353,Hoa Binh,VNM,2020,2020-04-14,0.06132395497547721,0.29328459997389333,0.04891306957369512,0.07716903367450434,0.29908164439432133,0.2042091391697363,0.09478444747994935,0.6744181700718199,0.6266136276915454,28.361466400859562,17.8980719017444
3357,Kon Tum,VNM,2020,2020-04-14,0.08123549661043758,0.3536676035519375,0.05980920795939628,0.09015211683923095,0.3695598948873947,0.25527816597972464,0.12972651897028406,0.6391525577527543,0.9117742699873372,32.832192449175956,20.050395021481346
3366,Nghe An,VNM,2020,2020-04-14,0.04615682501847879,0.3110165862088664,0.03173016775993073,0.06133630494288411,0.3150301761819639,0.20673613736770544,0.08872570980743798,0.7506749770912238,0.7471177729071004,28.55974766688256,20.890935604380815
3367,Ninh Binh,VNM,2020,2020-04-14,0.06500011543782683,0.3154891102753775,0.04204744702996197,0.08107293332356753,0.3028847614004935,0.2118294583493207,0.10450085899719588,0.6554441152836481,0.6969706832050324,28.06639611055565,19.645013527288697
3368,Ninh Thuan,VNM,2020,2020-04-14,0.12430642709569757,0.3010367701901545,0.06684462372468913,0.10453351919976213,0.35414754430078493,0.308250810469425,0.19969525786200004,0.43709212393057284,1.3732850664981135,38.068607228569995,21.817231822488417
3377,Soc Trang,VNM,2020,2020-04-14,0.11451242369911828,0.23502174356912175,0.06399957715124563,0.09969312172939623,0.25691600355355537,0.2230887103789929,0.14922752110602652,0.33907663788686776,0.5135639835057952,38.07470481908753,24.23530003528141
3386,Tra Vinh,VNM,2020,2020-04-14,0.10817641528272268,0.2430294455345714,0.05767839427331899,0.09676560143021674,0.262819179768149,0.2200998085234026,0.14490199224944092,0.36964129124096246,0.5396656260784736,37.49312181648401,24.619338723402755
3387,Tuyen Quang,VNM,2020,2020-04-14,0.17432120428164685,0.35157784356341,0.17219155528444738,0.1880633116043616,0.36043283354490807,0.2796941590804683,0.16472358325218872,0.3972344813382406,0.4136248302941588,27.41989022757009,17.294845864526522
3388,Vinh Long,VNM,2020,2020-04-14,0.09438632074021112,0.30074382292267476,0.06980677897278953,0.10316832079920538,0.28996180673447597,0.20794468492509227,0.11537018638958725,0.5309251774492747,0.6636047370572905,34.35362662322222,24.32279290319958
3390,Yen Bai,VNM,2020,2020-04-14,0.1365590786315396,0.31008193051812344,0.13058520172310134,0.14817756720551198,0.32616311093586764,0.24836637432578634,0.1387500526134652,0.46093885693316305,0.44329858539522066,27.245055838307078,17.695377020639064
3328,Bac Kan,VNM,2020,2020-04-14,0.1369651646539168,0.34079010600378873,0.1332077652865869,0.15202155482123092,0.3515406459563429,0.26122672442524797,0.14541838265452808,0.5102053219290481,0.5091448791226361,26.685818243698137,15.028947343571346
3329,Bac Giang,VNM,2020,2020-04-14,0.06205692289917886,0.32048172234274663,0.044275633260239824,0.07803404045555354,0.325162592114983,0.22281813882979248,0.10543107139648009,0.6843251877363195,0.7306414122668826,28.537023980111538,16.30341180044995
3330,Bac Lieu,VNM,2020,2020-04-14,0.09448185711686899,0.15588625940283302,0.05302620502687391,0.08251337010409265,0.16449973436245657,0.14574181665103916,0.09880038010694746,0.22341866632629956,0.25055871025637855,36.09448391936005,25.710783891287992
3331,Bac Ninh,VNM,2020,2020-04-14,0.07355838175795024,0.30493846071561176,0.0442632024540835,0.08626487130658998,0.28987458980681846,0.21538405391763218,0.11590000746565579,0.6075756253727757,0.6803642203601115,29.10046085378117,17.46514083768579
3334,Binh Duong,VNM,2020,2020-04-14,0.09091567588298179,0.38728707769398324,0.05610753783445413,0.0991439890430241,0.40673035331314944,0.3111199683466721,0.1738974145357672,0.6153869335712787,0.9908829592136071,37.99786957563912,23.375371395200418
3335,Binh Phuoc,VNM,2020,2020-04-14,0.06441659893680765,0.37742849302879655,0.03522182538917322,0.0771942166335365,0.3913355360138654,0.2733596916079893,0.12918128595158923,0.7008932906624912,1.080688961440421,36.51548541362252,22.848509028173673
3339,Ca Mau,VNM,2020,2020-04-14,0.0998352959290025,0.1870077107987099,0.07179809999636752,0.09678301689891859,0.18940339358748265,0.1503586970796907,0.09534386421765374,0.29778651484325275,0.2575501130664251,33.38652500048143,26.374075593811202
3340,Da Nang City,VNM,2020,2020-04-14,0.06566517934834683,0.2876439710518342,0.05124559587748996,0.07699034735282267,0.2911252090437359,0.19512866679507485,0.1043464377630892,0.6416022765281623,0.6590780067340472,31.97077626628011,21.97458481331611
3346,Ha Nam,VNM,2020,2020-04-14,0.08287343953399304,0.31764678138341607,0.06339823501023382,0.09895427801261121,0.30071964073668744,0.21787565029559317,0.11552795651925453,0.6014700855811339,0.6364225155067452,27.991093940170106,18.293039202585362
3350,Hai Duong,VNM,2020,2020-04-14,0.06484738266975183,0.2989173479208365,0.04214029150569338,0.07877191197817168,0.2889780816476371,0.2071323131527736,0.10540982440609174,0.6406212328680381,0.6652664014115722,28.801629840862766,17.955700525213338
3354,Hung Yen,VNM,2020,2020-04-14,0.06463909712743801,0.303015198842838,0.03974864940554981,0.07822856584154055,0.2913335879362807,0.20975681507532504,0.10730858368634809,0.641432140140128,0.681920001924278,28.786671347568692,16.79931409445095
3364,Nam Dinh,VNM,2020,2020-04-14,0.12575223322892418,0.3427287301516015,0.11367838496466598,0.14106287287928373,0.3186104525534855,0.24648128659081878,0.147935624024491,0.48285340808532273,0.5991527319685857,28.061035228201916,18.663733188271365
3369,Phu Tho,VNM,2020,2020-04-14,0.12645657946506692,0.33257053685041976,0.11531394333538621,0.14025200710012428,0.3345402188913486,0.24851509602486266,0.13484399218348128,0.4910000911240424,0.4986965255077966,27.279660980436883,17.801052099594422
3372,Quang Nam,VNM,2020,2020-04-14,0.05289507986716001,0.2952498017335892,0.04135547625805805,0.06597196084344666,0.2987089491401253,0.18929504225757013,0.08713225129770887,0.7089620278770851,0.6804096441330555,32.417756624205715,21.843627201251234
3381,Thai Nguyen,VNM,2020,2020-04-14,0.09593224297489325,0.3288019206254759,0.08642318813787411,0.11282469214506854,0.3335225269452726,0.23676134381731984,0.12019958904613984,0.5924218561720169,0.6046719486135959,27.008044788133315,15.7240874374026
3389,Vinh Phuc,VNM,2020,2020-04-14,0.07052772410004633,0.2982979087310962,0.05099449459464605,0.08332527629449549,0.2864930822800683,0.20213969728964926,0.10557442605371926,0.6230678540152087,0.6339201041070617,28.398740519349122,17.928181264854835
73933,Can Tho city,VNM,2020,2020-04-14,0.11909579990467314,0.3817948135755252,0.10521617566026195,0.1358285119378886,0.34676607874929016,0.24373028870790897,0.1364725231566933,0.5489127357964506,0.655150058859627,32.66859579186259,23.938196565507212
73934,Dak Lak,VNM,2020,2020-04-14,0.0948864778156068,0.3026470542070062,0.048502438536321614,0.08531845288686392,0.3424802542883035,0.2831443759790911,0.17791756908098247,0.5310066549481146,1.220752645529099,40.73233146687153,21.66340157069014
73935,Dak Nong,VNM,2020,2020-04-14,0.07250016235290846,0.3172242899642567,0.03987121180087781,0.0744831048070734,0.3408257397269444,0.24984244081723034,0.13307823166418314,0.6261912624319563,0.8748563810164357,36.73511678683031,21.364009979114375
73936,Dien Bien,VNM,2020,2020-04-14,0.05681254009019075,0.26201329843794063,0.03426629532467207,0.061086373898628345,0.30239348330993077,0.23083078087134,0.12083342441852321,0.6484411654955224,1.003388707335561,31.83712479457507,20.08914704267475
73937,Hau Giang,VNM,2020,2020-04-14,0.11268754490914801,0.3023624185891566,0.09497700749275546,0.12204189515885841,0.29040985218392745,0.21617795963848768,0.12615067078686878,0.48063791635860703,0.4940036221498986,35.09637461650999,24.57910319220961
73938,Lai Chau,VNM,2020,2020-04-14,0.043325308992643655,0.2637035866377822,0.024095448806692555,0.0529245390589424,0.2864310509887302,0.19547640969383134,0.08819106000237178,0.7227006826271629,0.6571943693372377,28.831177091850236,18.75223076504792
73939,Lao Cai,VNM,2020,2020-04-14,0.09553481633786645,0.27004602154179247,0.08343390556583714,0.10459934126212585,0.28799619015499517,0.21820683414151645,0.11837814233567392,0.5592000687680757,0.48981615401569295,28.474768040966225,16.30835969738316
3326,An Giang,VNM,2020,2020-04-14,0.10564921634096151,0.28626629921161406,0.07771752522377087,0.11263579950063145,0.27340534134938077,0.2141217208826536,0.12098848868705987,0.45319927660062215,0.5395834454989354,33.87920808705444,24.101985454361895
3332,Ben Tre,VNM,2020,2020-04-14,0.09446238665334596,0.2650297796036704,0.0615494749298807,0.09517449259879357,0.262552598054593,0.18865066205406267,0.11055793627694924,0.4552859580304778,0.4816513003503734,34.2819177078225,24.93459976533448
3343,Dong Thap,VNM,2020,2020-04-14,0.09673355565103348,0.3281464418492746,0.07178001424994772,0.11119712796101625,0.30234528385680487,0.2165475423091363,0.11622185102512872,0.5431858121201296,0.5851721714692567,33.175153173350004,24.495083701915423
3351,Hai Phong City,VNM,2020,2020-04-14,0.2952576278416529,0.3962205276381553,0.28517736410306027,0.2994885453262569,0.3989118740718991,0.3610306467839887,0.2682135566278067,0.18400987300312255,0.23730976821649072,28.60425017737242,17.605617842175093
3352,Ho Chi Minh City,VNM,2020,2020-04-14,0.11219323981490203,0.27553945432222077,0.08270644237721061,0.11441964927457629,0.27762657867142115,0.22276971466169496,0.1469909172811853,0.42569807666278214,0.6355558873691406,37.0870867754166,24.471662804795464
3356,Kien Giang,VNM,2020,2020-04-14,0.11476470831692942,0.25223000484898667,0.09057499115304841,0.11565513919101664,0.2578260597055937,0.2088787009797771,0.12926889986544368,0.35842844165868615,0.4087181330158613,33.845087176323915,24.998562851389273
3359,Lam Dong,VNM,2020,2020-04-14,0.06564332306110221,0.30981416762058306,0.03656972681087523,0.07095860624228224,0.3282527640422331,0.2290981478042832,0.11689750466733916,0.6538442697005691,0.7836828433384261,33.67445359551537,18.712614974441895
3362,Long An,VNM,2020,2020-04-14,0.11383650121725601,0.3042058002047383,0.07011881458723461,0.1101626169077866,0.3243583183716163,0.2764824098136867,0.17714845106139293,0.4563664065982475,0.4580466356327496,38.54962493465248,24.493064443035493
3375,Quang Ninh,VNM,2020,2020-04-14,0.1777082901826484,0.3312216274051638,0.1697431787714874,0.18640938653678918,0.33988407045052327,0.2741375176386449,0.17739231838579256,0.42164975755758316,0.40176308506062425,27.303520014406363,17.067926707806375
3378,Son La,VNM,2020,2020-04-14,0.05916168703824746,0.2597539171068103,0.03725834020653484,0.065847503422011,0.2916075362189921,0.22175795073514037,0.11513185722029919,0.6372434892311581,0.8152620384156969,30.567412226782917,20.014924396502522
3379,Tay Ninh,VNM,2020,2020-04-14,0.07670709824051268,0.3665482367741758,0.04568215088271085,0.0870523089101857,0.38185273837937117,0.2845355177402614,0.1491511049393178,0.6370001260466422,0.9321201272148619,36.52146331824031,23.642291963126944
3380,Thai Binh,VNM,2020,2020-04-14,0.23064094222601342,0.40034424838500965,0.22140588504505057,0.24162509469608345,0.38612866279287533,0.32940199787636926,0.23135773870913287,0.3125812582239078,0.42974754488199407,28.63036526325679,18.092828341383395
3382,Thanh Hoa,VNM,2020,2020-04-14,0.07334613525970671,0.3194584820873339,0.059383778626199736,0.08859866007459737,0.31918187404510645,0.22013906430520794,0.10587578457135403,0.6774853262271144,0.6607666564314341,28.095023067984016,19.744484601195992
3384,Tien Giang,VNM,2020,2020-04-14,0.10837546424921242,0.30578320420210736,0.0729390280137697,0.10718021260615622,0.3067610392122003,0.23666270430141642,0.1463824297212177,0.4746883889872104,0.6350123655783538,37.753558499053256,24.50123408045878
3333,Binh Dinh,VNM,2020,2020-04-22,0.1989601386755021,0.3831676839176581,0.19040151753418375,0.20624893986544085,0.38371939777651776,0.2829980865575022,0.17431242009672196,0.36011148322619146,0.5700351667700635,29.949405872344414,18.57453591302044
3338,Cao Bang,VNM,2020,2020-04-22,0.0511712311249918,0.3366108619123091,0.03227272128938575,0.07032497936515861,0.3469541907585393,0.23201985451597776,0.10546451408470603,0.7412682898246522,0.8529936056146501,31.748140934485896,14.202084696323274
3355,Khanh Hoa,VNM,2020,2020-04-22,0.24632798854195123,0.4104057757590074,0.2264882854664515,0.24674591945824942,0.4287233929837244,0.3399212622960439,0.21575629438794747,0.2988100877896246,0.4462376285887991,32.882523644170384,18.84883937734288
3360,Lang Son,VNM,2020,2020-04-22,0.05147305157654165,0.33821866891267954,0.034885361372108466,0.06989476477170863,0.3515654665017497,0.23594660289246766,0.10492960585795384,0.7384255235488578,0.8479709821442488,30.3866583988002,15.625853566714852
3370,Phu Yen,VNM,2020,2020-04-22,0.19889533262619918,0.39109870387982926,0.18184235064375553,0.20328415168719952,0.4034277359695757,0.3105785778505611,0.19166654254946358,0.3674444700518465,0.448318199096966,30.952518838698104,19.07535873785883
3371,Quang Binh,VNM,2020,2020-04-22,0.15364879747374888,0.40663609962709385,0.13894586201293013,0.16713723117032425,0.4133804455131568,0.29973760670767857,0.17081075785939082,0.550141123233393,0.6942561725212499,30.056859036092,16.00900591091474
3374,Quang Ngai,VNM,2020,2020-04-22,0.11779078803969567,0.3133598359188378,0.10577340950582828,0.12499086324645466,0.31157822072900854,0.22516248212994677,0.12820883665199018,0.5525240385370128,0.5489635994909181,29.111652808277128,16.488668775695366
3376,Quang Tri,VNM,2020,2020-04-22,0.16526904091848305,0.33087075177155506,0.1690141121601063,0.1770401359544059,0.3284651845045998,0.2504343811443165,0.149177254138678,0.3940116335750919,0.45360642569544596,30.118093574477115,12.064829632100867
3383,Thua Thien - Hue,VNM,2020,2020-04-22,0.10253029207915833,0.28136987974903016,0.10447167185356536,0.11525260256117074,0.27128000333259883,0.18553065874732635,0.09710533863453107,0.5373470893200611,0.41780883148473297,27.455009348185328,17.238518127196315
3327,Ba Ria-Vung Tau,VNM,2020,2020-04-22,0.10045670319768912,0.27116456372462633,0.05868578175187383,0.09208936456844435,0.3030859813702497,0.2464199676270853,0.15295761935991772,0.4388174322325241,0.6952506647157348,39.99708329666343,24.056301655478762
3336,Binh Thuan,VNM,2020,2020-04-22,0.10464462867729686,0.3011094082805091,0.056229070174004595,0.09260651335923537,0.34077386663235304,0.2783996681329223,0.16994283943798266,0.5022142036769669,0.9740600712192894,39.30578581288239,22.809944921350436
3342,Dong Nai,VNM,2020,2020-04-22,0.0705372150926483,0.2929630801287613,0.04158160842930677,0.07634665921990369,0.3056162898022725,0.21961032031644934,0.11763447976844806,0.5818408866130342,0.7543905967682397,37.02998661351988,23.0038799032504
3344,Gia Lai,VNM,2020,2020-04-22,0.12357368410413025,0.305219687686197,0.08592425594492897,0.11447089064546488,0.33990361630430027,0.27542026535337905,0.17809392189983556,0.4625991693571281,-1.1985111468646906E10,37.57227544903114,19.328559502588522
3345,Ha Giang,VNM,2020,2020-04-22,0.0562110935646335,0.31251471442757156,0.03595302580937843,0.07152688639436307,0.33128222984593275,0.2327480529108668,0.1123442566917045,0.7096353549429589,0.808908609328358,33.07570211906553,8.331785714285743
3347,Ha Noi City,VNM,2020,2020-04-22,0.08286295766139504,0.2925588483405967,0.05057417583009331,0.08909280998589136,0.28841375028026284,0.22241845889944722,0.13545989400417638,0.5444138526187782,0.7049499420453612,34.718844000478406,19.470623380912567
3348,Ha Tay,VNM,2020,2020-04-22,0.06985766465515376,0.317526697823918,0.04112361069544748,0.08287631129478513,0.2994507466913769,0.2132469274237481,0.11324722431368878,0.6298276623608439,0.7324313691417982,33.501396411080286,19.636724384122385
3349,Ha Tinh,VNM,2020,2020-04-22,0.07347199726017443,0.3433562887400995,0.057601898442430015,0.09028808041453686,0.3466117746439195,0.2364090877065358,0.11449570989649195,0.6921790853204223,0.801876063861592,30.52643078273861,16.88417865984887
3353,Hoa Binh,VNM,2020,2020-04-22,0.061667431272861534,0.33906949942785336,0.04703736815056231,0.08107155931132405,0.3416759007040958,0.22591228064295113,0.1019918063927966,0.6901768374611755,0.7727577974626139,32.14168427581047,17.58410764023329
3357,Kon Tum,VNM,2020,2020-04-22,0.06876022577432789,0.3336691092767944,0.046044439573421886,0.0773428090146589,0.34370791298079667,0.23084568681968962,0.11671448317247095,0.6696206675124997,0.8561842206548563,31.76661105094882,16.509094490239022
3366,Nghe An,VNM,2020,2020-04-22,0.05347340266661159,0.32862738548155573,0.038960771895526734,0.07056833593086692,0.328341472271448,0.21118545600682742,0.09405916565603165,0.7324804948620611,0.769093421198828,30.06115890803793,16.559916171612088
3367,Ninh Binh,VNM,2020,2020-04-22,0.064958137862868,0.33600322923546966,0.03806422744342835,0.07937854690787201,0.3211932572348537,0.22379212718050062,0.11455982656104782,0.6682876086940879,0.8046983291513482,33.305225524289774,19.568851926050893
3368,Ninh Thuan,VNM,2020,2020-04-22,0.18218561973378894,0.3293909609525268,0.13758358860861128,0.16553073640648616,0.37528388610796626,0.3182430727839971,0.20577856501190073,0.31803100304571247,-0.1464724185105442,34.74741526739248,18.80728581691565
3377,Soc Trang,VNM,2020,2020-04-22,0.1678064684999439,0.2707423004308861,0.13743881820124987,0.15996592793682352,0.28180684332847306,0.23934357421990768,0.15691431411736972,0.24502671138179488,0.657079471931887,31.321648346900872,24.72666047959257
3386,Tra Vinh,VNM,2020,2020-04-22,0.1592214390932958,0.27153915187583355,0.12638519194908826,0.1529977179307707,0.2823577807357755,0.23407656344404654,0.15167571372923122,0.2629122447268508,0.5700445335118164,32.625678496550655,24.925386708001483
3387,Tuyen Quang,VNM,2020,2020-04-22,0.04709812767604897,0.316744174565229,0.03431177025080972,0.06521410098835989,0.3271018487772569,0.22034131060058343,0.09712036843964145,0.7422817220401934,0.7822651992328516,32.952241757466055,15.336094178111972
3388,Vinh Long,VNM,2020,2020-04-22,0.12860202412100571,0.32144385976253087,0.11907053708995259,0.14089469179726466,0.29996890170159973,0.21223208958549242,0.11909941872104812,0.4465375043607616,0.4322879148913907,30.431441082423976,24.108951725503793
3390,Yen Bai,VNM,2020,2020-04-22,0.04982270029560353,0.29953700934227556,0.034969886692254044,0.06577189767385058,0.31338812861841236,0.2140621536970968,0.09647427055357219,0.710834201778719,0.7312663861306639,30.731683256865434,15.45125568905934
3328,Bac Kan,VNM,2020,2020-04-22,0.0429254458477572,0.33165080314704315,0.03171596076387467,0.06330750069953102,0.3429953686681727,0.22631855044913976,0.09582599282811181,0.7714928518255821,0.8331355968252385,32.011917481623726,13.86196955792921
3329,Bac Giang,VNM,2020,2020-04-22,0.06197055170377579,0.3427536590068051,0.03792443115868881,0.075050961930981,0.3457874694214341,0.23983083299976157,0.11915339897373287,0.6959718867535845,0.8750602475880273,31.8211359995735,17.52296377477795
3330,Bac Lieu,VNM,2020,2020-04-22,0.13508105674829743,0.18637637903290222,0.1067594269041571,0.12780827493692068,0.18937734934021136,0.1669905404835777,0.1120682919307939,0.17129346801101042,0.17200474222139314,31.36792718242741,25.527364528356372
3331,Bac Ninh,VNM,2020,2020-04-22,0.07697989409912387,0.3319097338772492,0.043952567126825784,0.08700404059087888,0.30874595389345,0.22647701926473404,0.12851484328252605,0.6131980950313991,0.7808900964943033,32.62649608048507,19.476800695998037
3334,Binh Duong,VNM,2020,2020-04-22,0.0759299438988941,0.3666644788784458,0.04672921043005867,0.08679466143676043,0.3744768579832764,0.26675712659308864,0.13897068966434775,0.652728426909178,0.917465625837259,35.554834487079894,24.044234966214525
3335,Binh Phuoc,VNM,2020,2020-04-22,0.05147706509710405,0.332706776777803,0.02797179898208885,0.0640929336668196,0.33828414341648083,0.22215426410940586,0.09980190273075569,0.7255029979574321,0.7950161650624576,35.88738507921249,21.474933345649163
3339,Ca Mau,VNM,2020,2020-04-22,0.11998877247887703,0.2086757291925715,0.09717839302396905,0.11965267160882977,0.2057211229682034,0.16113070605121615,0.09961422422665799,0.2759987520054135,0.20251835666919638,31.610050634894147,25.689270274989195
3340,Da Nang City,VNM,2020,2020-04-22,0.13767214847307802,0.3233295905656155,0.13009360213404197,0.14825452675634002,0.31931842653149595,0.23705873386135734,0.14907754649099816,0.4450386224951518,0.5382710035555871,29.049134635925082,19.787012644661665
3346,Ha Nam,VNM,2020,2020-04-22,0.07159832909645478,0.3182301194439926,0.04650899449452737,0.08478940720389301,0.2979964123410634,0.2101365120153069,0.11135573407360512,0.6265464735089835,0.6930273839739832,32.94581574590969,20.083115438950575
3350,Hai Duong,VNM,2020,2020-04-22,0.07199123392842212,0.3201454679504057,0.04269541304482239,0.08223328175619078,0.3063725187573564,0.22211044705236058,0.12228641361767903,0.6255327146224909,0.7660480104053681,32.12621692157402,19.49794990048156
3354,Hung Yen,VNM,2020,2020-04-22,0.0737896650462875,0.32143877138109433,0.04653650491370926,0.08437852324394174,0.30466336252767384,0.21974529151595337,0.12026545270880394,0.6167717571831813,0.7461107179924171,33.51893236141585,19.69401838109729
3364,Nam Dinh,VNM,2020,2020-04-22,0.07814390750667852,0.3450906609298957,0.051627361278331736,0.09078945221438338,0.31903073162143986,0.2287917666741901,0.1236359376643084,0.6448690506009246,0.8301336092167056,31.56542471723944,20.35773139722892
3369,Phu Tho,VNM,2020,2020-04-22,0.05767050427301821,0.3219692714781233,0.038669751879054776,0.07305002371254288,0.3227703350557824,0.221064988990328,0.10549527035772673,0.6935110689409251,0.7666992391024061,30.503084070232575,16.6124633277186
3372,Quang Nam,VNM,2020,2020-04-22,0.09242244384284909,0.2867447714685129,0.09042419127847771,0.10451746716257015,0.2751370086981045,0.18066312878978757,0.09118201969713684,0.5879341077966692,0.49709964014283553,27.68870868991102,14.54923690422904
3381,Thai Nguyen,VNM,2020,2020-04-22,0.05443101940811419,0.32431815715220047,0.03895983867724406,0.07095219731964666,0.3295584116289552,0.22425353355694175,0.10519680015533854,0.7119273654996744,0.7936149852933813,32.78495180905342,15.449193114995033
3389,Vinh Phuc,VNM,2020,2020-04-22,0.06543209659752176,0.3304226391220748,0.03978414963078411,0.07844906887487099,0.32298228448238897,0.227783024692781,0.11802545373948506,0.6667936071752717,0.8122330295256702,32.12005405831431,17.465560373525484
73933,Can Tho city,VNM,2020,2020-04-22,0.12009755725117179,0.39398574471983294,0.1117520787300046,0.14030712946534354,0.3505480511734016,0.23576670484788995,0.12380337776406393,0.5420438342063603,0.6073844647293475,27.860205627969307,23.568069336303658
73934,Dak Lak,VNM,2020,2020-04-22,0.11797189240861275,0.3077191865043237,0.0780602641688667,0.10970389256455254,0.3462154884555696,0.28101977245359683,0.17916789307354664,0.47236893307948435,0.7415668948324908,37.77396352199076,19.764523223053637
73935,Dak Nong,VNM,2020,2020-04-22,0.07170898110034016,0.2815631589002899,0.04501385825144996,0.07287895483758476,0.2999971987566767,0.2136620510442465,0.11567074017014768,0.6134580783504076,0.6762640928124815,35.84604369838443,18.90795672567397
73936,Dien Bien,VNM,2020,2020-04-22,0.07065067919332742,0.2924580903694441,0.04996841928775168,0.08047480493222613,0.3169880932539935,0.23007849644860398,0.11724127264731722,0.6178817856649381,0.6865418943857966,31.153609437796213,
73937,Hau Giang,VNM,2020,2020-04-22,0.10920643647527487,0.3175672020057256,0.10123766980755478,0.1241134788040307,0.2913367239225387,0.20363047354560326,0.10862414040085845,0.49739252518634786,0.4859286375273127,31.51471732125651,24.115477751002338
73938,Lai Chau,VNM,2020,2020-04-22,0.06091376284496569,0.29019589457979295,0.04067492285079312,0.07266673786038354,0.3062960428488649,0.21087272551113223,0.10190769351180114,0.6657929652090314,0.6581739727998623,29.598623006714522,
73939,Lao Cai,VNM,2020,2020-04-22,0.05141439845372957,0.30224533029709544,0.032918866696519014,0.06680791226558631,0.3196612689280697,0.222689376291274,0.10230116216852005,0.7136557484551446,0.7524848886419607,30.603269545216193,
3326,An Giang,VNM,2020,2020-04-22,0.09171792569119525,0.27034148370423755,0.0669974155278028,0.10046833460638369,0.2509376914192483,0.189935260962534,0.10666042914563356,0.4888121201299339,0.48203187954314225,31.81894468999165,24.60423490785048
3332,Ben Tre,VNM,2020,2020-04-22,0.11470235073180528,0.27369825880894527,0.0885734734080235,0.11664378715668496,0.26563330238386645,0.19189009033297363,0.11136662954410255,0.3992660909252462,0.39732831020924547,33.11866835846405,25.70301532913795
3343,Dong Thap,VNM,2020,2020-04-22,0.10141817324626196,0.3108135440538216,0.08078493008513149,0.11409580408759278,0.28361299862772066,0.20041696985121432,0.1090600538243953,0.5151101334926863,0.4901682292367728,31.516074693118355,24.815068880524375
3351,Hai Phong City,VNM,2020,2020-04-22,0.08382153646074368,0.28541245068567295,0.05660666898734103,0.09131678310280913,0.2763146486190657,0.20867741393719053,0.12235258299093375,0.5280948070813216,0.6477521984834662,33.11844291888562,19.63990399130491
3352,Ho Chi Minh City,VNM,2020,2020-04-22,0.09548599391068928,0.2571118628850197,0.06876919556263528,0.09988046594162044,0.25247677261707974,0.19221876333331298,0.12130041043810749,0.45635460054971844,0.49001745660641066,36.068132553690674,24.743845913172496
3356,Kien Giang,VNM,2020,2020-04-22,0.10490416229166,0.24407666018094334,0.08364445094105291,0.10711006378988681,0.24670461412904005,0.1924108422603861,0.11400168102791229,0.37770048947768203,0.3759699477334588,28.448670965351102,24.745720177602685
3359,Lam Dong,VNM,2020,2020-04-22,0.0712838335970826,0.2958751163281587,0.048387608737293024,0.07686357750859008,0.3104824699420259,0.21154821016733238,0.1083692122681094,0.6414630172677789,0.6482474599887461,33.05584230326939,17.16225629316247
3362,Long An,VNM,2020,2020-04-22,0.10537105287699146,0.2667647571924236,0.07210812360195194,0.10374317698714902,0.2744238859136555,0.22237990112220232,0.13768149736362945,0.43830573928639316,0.5395351964770471,35.20996633298415,25.083652305753933
3375,Quang Ninh,VNM,2020,2020-04-22,0.07925139388168342,0.3020655705917019,0.06429654260840761,0.09091611704537494,0.312077564692208,0.22149619411181423,0.11452124965914595,0.6112497715705131,0.7370991175327116,29.29871477228167,17.320126213698305
3378,Son La,VNM,2020,2020-04-22,0.062134057844055214,0.30745105967449327,0.03635725891798685,0.07360218643752046,0.3323413350483827,0.24223917926188543,0.12234317810248022,0.6625501881078045,0.8364938302867196,30.31780467791239,14.586363636363673
3379,Tay Ninh,VNM,2020,2020-04-22,0.0710621402723784,0.31330237384208803,0.04588859239830275,0.07926616792570404,0.31810674987983195,0.22854096506542249,0.12078027805239863,0.632048174430059,0.807162296616398,34.69156725674217,21.877001272871894
3380,Thai Binh,VNM,2020,2020-04-22,0.07046170434195653,0.34348280732863407,0.04268066969350342,0.08358706613255582,0.3175345590303488,0.22747861790599835,0.12336636542842894,0.6588289708334991,0.8425083340620988,32.37672010762262,17.476138792772062
3382,Thanh Hoa,VNM,2020,2020-04-22,0.06352369859647593,0.3427928888006208,0.04588282659313771,0.08035639221156314,0.33926963099245866,0.22576844685396594,0.10580156793680626,0.6924409608773879,0.7884873322662624,32.3817822422428,17.33429703322143
3384,Tien Giang,VNM,2020,2020-04-22,0.1398506813062745,0.3031339599313914,0.11778432360299083,0.14109936284092495,0.30038896931166637,0.23205022954131185,0.14546712532445838,0.37681611745370247,0.4377974156517731,35.71787181375815,25.815965629930506
3333,Binh Dinh,VNM,2020,2020-04-30,0.06271551965266188,0.31530714409456706,0.036155868136179346,0.0701301662331531,0.32042724341936585,0.21500705867567177,0.10892671010757955,0.6714918730843161,0.7685546137096161,34.77040034270685,21.97643150855443
3338,Cao Bang,VNM,2020,2020-04-30,0.0498926771341793,0.2814600585022931,0.03709245984761779,0.06389191794647388,0.2781281087748064,0.183152017731873,0.08151407035843584,0.7344361487927773,0.6314512664812677,32.10251248135002,20.3596457223854
3355,Khanh Hoa,VNM,2020,2020-04-30,0.08016687458821743,0.29802616548791,0.048432416022807075,0.08073575665209716,0.32323436816384926,0.23917600854047785,0.13435770267923922,0.5917669867111497,0.5008662847908211,35.899614229040196,22.096147296261098
3360,Lang Son,VNM,2020,2020-04-30,0.0958531609699196,0.2751244248075156,0.09125516228777047,0.10691934388987986,0.26519916685085493,0.18611273292891528,0.09822819992012027,0.6510951079971791,0.42989685324404553,30.06778528579954,21.122710612805825
3370,Phu Yen,VNM,2020,2020-04-30,0.06680577049247029,0.2992272008358992,0.03713002525821896,0.07045265959120091,0.3148789093964748,0.22809112503901482,0.1261432909558737,0.640670244560916,1.1946040144284085,37.0135316703378,21.95823418479051
3371,Quang Binh,VNM,2020,2020-04-30,0.04805444404523717,0.3183814113555076,0.03203786689325882,0.062091563710786266,0.3286218559850236,0.21748881443320528,0.09759634842191803,0.747878624360847,0.7098729792304624,33.174887222736174,21.955379826470107
3374,Quang Ngai,VNM,2020,2020-04-30,0.056533787180032935,0.29878150626150624,0.034777570812543596,0.0647696423906724,0.3048542140080766,0.2067043509037418,0.10533264082867434,0.6874838638808699,0.7764750959867717,34.8220225017663,22.89250151120632
3376,Quang Tri,VNM,2020,2020-04-30,0.06434850814539571,0.30022172512338935,0.04265940789868688,0.07173924226629781,0.31650596264315267,0.22589176331957544,0.11631390325706793,0.6508199699867911,0.5655857243696075,34.280906831912105,22.586787933091113
3383,Thua Thien - Hue,VNM,2020,2020-04-30,0.05414668518293645,0.2852674909201043,0.03930350827016897,0.06587841344414345,0.29125011036411624,0.19207299930492114,0.09102635135079645,0.6866819553668231,0.6640766849783302,31.768647969806775,22.919815940217575
3327,Ba Ria-Vung Tau,VNM,2020,2020-04-30,0.0929718786215196,0.2689500902491059,0.0475504090644159,0.08414947918237692,0.3034156148824323,0.24247106217753542,0.14856387647741273,0.4445927312639443,0.29238269337151407,39.106172029233164,23.688335108990135
3336,Binh Thuan,VNM,2020,2020-04-30,0.11299474350621752,0.325101404835342,0.05544805848794565,0.09728357372924197,0.3722426440946175,0.30826710798058854,0.19339057469529622,0.5076267836402405,-0.22476385663749424,39.59290822631259,22.23067628715736
3342,Dong Nai,VNM,2020,2020-04-30,0.06851511286591713,0.3035380197721137,0.038753848499164946,0.07513427050082365,0.315480187921066,0.2248086089586431,0.1198496956733884,0.5974602904130022,0.7787906289944726,35.5246001189053,22.28931888309781
3344,Gia Lai,VNM,2020,2020-04-30,0.08799077507904728,0.29453056467446626,0.045070342861407466,0.07946160352143306,0.33038471167453926,0.2626323781277748,0.16228290482697033,0.5500927954864739,1.0869962751203017,40.415940509026186,21.785483288289967
3345,Ha Giang,VNM,2020,2020-04-30,0.10820379307238535,0.31902866805041435,0.09553528026153019,0.12000412356365754,0.330972189236587,0.24885707203271565,0.13652497468660899,0.5565521509468713,0.6335846869751478,32.00793413028699,20.943007777243906
3347,Ha Noi City,VNM,2020,2020-04-30,0.29341718285699203,0.4278786006123186,0.28720417815052773,0.3002083891004258,0.42453704370932427,0.371660521793959,0.25871361908277296,0.2248363111234507,0.3372681003961806,33.24457997187124,23.70507415753159
3348,Ha Tay,VNM,2020,2020-04-30,0.2704725593337348,0.42030057776626756,0.26660443181925897,0.28020263681245916,0.4071393376291545,0.34459222788073035,0.23381643951896622,0.2586410523030974,0.1595728560205038,31.825787634121525,24.144813960831755
3349,Ha Tinh,VNM,2020,2020-04-30,0.05709083388702079,0.3395250218747635,0.03509479362078159,0.07168334266780171,0.34897094850646493,0.24077576516907725,0.11370746102461858,0.7130159199846995,0.8822946657879519,33.48726673294652,22.955812190554948
3353,Hoa Binh,VNM,2020,2020-04-30,0.07398720530741633,0.3510026319317613,0.05914276778857539,0.09154084038666817,0.3512131599136147,0.2426502020838759,0.11660406882455392,0.6840681955313288,0.7982210964137572,32.58233541392284,22.419909483655772
3357,Kon Tum,VNM,2020,2020-04-30,0.06993377227500794,0.33201068589568394,0.04783181475171059,0.07796585843362566,0.34155943969343866,0.22876817008556788,0.11486149029649619,0.6719787896605688,0.8845317460947454,32.80185233490847,20.549064990713717
3366,Nghe An,VNM,2020,2020-04-30,0.05308797268042981,0.3536843479933427,0.03331306329635821,0.06981106103816567,0.36098079426107954,0.24183934123602627,0.10945053598446837,0.7436678355113328,-3.0870210714055763E10,33.786321961828136,22.18865437072336
3367,Ninh Binh,VNM,2020,2020-04-30,0.06710284717523364,0.32114357616712813,0.04151095765689436,0.08109778578421462,0.30190803099216784,0.2099634740738597,0.10434288918438962,0.6548206704295105,0.6912576178057677,32.56678058240963,23.832374931572268
3368,Ninh Thuan,VNM,2020,2020-04-30,0.12023672307435328,0.29687092696245665,0.061508495476566706,0.09945124141085276,0.3548225196576972,0.30691144094728245,0.20053366713015758,0.44666661665321394,0.7035334940187655,39.605837694105574,22.931560192960326
3377,Soc Trang,VNM,2020,2020-04-30,0.11993739983303844,0.24542233156481366,0.0731794789733636,0.10848763567081733,0.2577360442700246,0.22035364654119008,0.14439413707514964,0.3423213166246204,0.5164080217720239,35.45382016883691,25.36230050025883
3386,Tra Vinh,VNM,2020,2020-04-30,0.11097769331845812,0.260012161543307,0.06045872683028422,0.10166606293243105,0.2743612324644569,0.22610697444313388,0.14662093776222826,0.3731237821942527,0.6876438130105907,36.984031009982374,24.189364438489413
3387,Tuyen Quang,VNM,2020,2020-04-30,0.19661039163739502,0.37625751058638823,0.20065021593194604,0.21009480198679306,0.3816419789016114,0.3040006597847914,0.1878323771025142,0.37614878357819276,0.4368783094101272,30.870115050468595,21.392599991503175
3388,Vinh Long,VNM,2020,2020-04-30,0.08090848647186506,0.3453324154958352,0.05826481009273991,0.09769733535502734,0.3176430560009738,0.2144483832826136,0.10695175949536322,0.6115567119480775,0.6694669470000996,32.16548340733146,24.097006127295863
3390,Yen Bai,VNM,2020,2020-04-30,0.12396694425893613,0.3231620847299124,0.11695641493511987,0.1368642712870743,0.33118016709215053,0.2503595874520243,0.1399962562079691,0.5242341664497879,0.541179962687543,30.25164727350842,20.853820866114557
3328,Bac Kan,VNM,2020,2020-04-30,0.16755158881277507,0.3547967853693934,0.16749144995749096,0.18002353965120396,0.35327652284704514,0.26972274226936904,0.1580208445210334,0.47577180780512013,0.4542457630904511,30.77112673941304,20.668810485175616
3329,Bac Giang,VNM,2020,2020-04-30,0.20539821447535148,0.38849882328090485,0.21030001216023972,0.22018946951245696,0.3848002300175839,0.3022795339663956,0.18709489479992072,0.3690773073579251,0.4312733588906163,30.63198119369814,22.552599822812375
3330,Bac Lieu,VNM,2020,2020-04-30,0.10334195789690111,0.15615664106986096,0.06355058868465353,0.09242266190029713,0.1608933682306961,0.1444374825138108,0.09837124846021902,0.19666935847373695,0.17489509948745222,32.737836108330065,26.840679953877757
3331,Bac Ninh,VNM,2020,2020-04-30,0.29405941335549857,0.44735388877065135,0.29240185972813876,0.3056297457331554,0.4343995954060593,0.37422675713109427,0.2574863132254646,0.234203123896659,0.3194660856685465,30.475239523942264,23.685800643971174
3334,Binh Duong,VNM,2020,2020-04-30,0.06627133145844805,0.33236086975340395,0.04043775367098067,0.07688870034388692,0.3335582424775465,0.23664849341584537,0.12255792699500125,0.6746269456332502,0.8835909519493882,35.70411399362231,23.129726362035786
3335,Binh Phuoc,VNM,2020,2020-04-30,0.05094897353645281,0.3303429367119255,0.029684715465922353,0.06451655866374956,0.32954775001515935,0.21172257805003214,0.09214635052986865,0.7345180996496194,0.7645916600660987,35.19281317495544,21.718299745868748
3339,Ca Mau,VNM,2020,2020-04-30,0.10117781313482753,0.18025019577708767,0.07802014895414497,0.09936136802720552,0.1795834262321516,0.14150645933999412,0.08943285635353986,0.28706159262229797,0.18963379350508006,31.347728249370476,26.577936054669188
3340,Da Nang City,VNM,2020,2020-04-30,0.05930565402934887,0.2948301487576431,0.04061220008188503,0.0708096803293208,0.29072188254060105,0.18928425834602094,0.09666808819956721,0.6773979127444111,0.08109822349170785,31.748853970538462,23.430142910994004
3346,Ha Nam,VNM,2020,2020-04-30,0.24017766939223875,0.40720246666765353,0.23636901261326848,0.25206350999811533,0.39044718704425296,0.324669679154347,0.217612293227273,0.2977268560129665,0.36302741734367183,31.930544084069226,24.724910172269997
3350,Hai Duong,VNM,2020,2020-04-30,0.26022663344792224,0.4140542171700426,0.2582423166380603,0.27247371212622906,0.4018521181736652,0.33705218569084267,0.222689519243766,0.26379482757457334,0.32226408436593723,30.869782467716462,23.04231110535531
3354,Hung Yen,VNM,2020,2020-04-30,0.3387967576692884,0.4717580972286511,0.34254705241322614,0.34889160851873185,0.45606183382907606,0.3967351261665209,0.27675513347738856,0.18857443504494897,0.25985101717954184,30.31911689343764,24.48002354268625
3364,Nam Dinh,VNM,2020,2020-04-30,0.13457489971678474,0.3803025227062461,0.11114366694511647,0.147140431829272,0.3550006249165525,0.2718682790159659,0.16213070444601668,0.49746288871687666,0.6620569468330634,31.01272055744494,23.7716208884554
3369,Phu Tho,VNM,2020,2020-04-30,0.23116257206078197,0.4164727052807571,0.226787867206673,0.24264424737315812,0.42264612638952603,0.34413847556269894,0.2169139362332015,0.3454894309175572,0.4508585712721498,31.214036880219812,22.640116898933815
3372,Quang Nam,VNM,2020,2020-04-30,0.049960063954045446,0.29784620868710426,0.036749898143647174,0.06278108578179978,0.298916274583719,0.18853496341934997,0.08627645960694406,0.7190312835336562,0.7862917082620872,32.898436009238004,22.65281882259507
3381,Thai Nguyen,VNM,2020,2020-04-30,0.5155713426561146,0.5972060085620304,0.5060041766877615,0.5146232004966146,0.5866844447230862,0.5043133850563833,0.34006271295976415,0.08782917136834723,0.12246386775179799,29.798681538694527,21.807711688801565
3389,Vinh Phuc,VNM,2020,2020-04-30,0.23382513217807527,0.4141846072728737,0.23174252916414542,0.24428110573126235,0.4086011321174775,0.3337517676326906,0.21571929197209525,0.3276687025452586,0.44719667768507315,32.18075457452404,23.208038127922386
73933,Can Tho city,VNM,2020,2020-04-30,0.07766014989172426,0.420484701222167,0.05554399702999216,0.1027613851450015,0.3685288644541294,0.23584497585146644,0.11043902054485065,0.6771356944253855,0.8181555592254953,31.607576435696792,24.531314600656923
73934,Dak Lak,VNM,2020,2020-04-30,0.08675483517479816,0.2946795970418726,0.044872135093426885,0.07969750181090092,0.3304504900638836,0.2608704797671866,0.15740477346056136,0.5530337299888011,0.6702639030995854,40.70943533919446,21.85875906600272
73935,Dak Nong,VNM,2020,2020-04-30,0.06970331600797254,0.30726672981449,0.040913109810549186,0.07240916828748535,0.32630237422630987,0.22822078536259788,0.11756215207723747,0.6321752473551049,0.7196798620893191,36.550386642005726,20.577100719313616
73936,Dien Bien,VNM,2020,2020-04-30,0.07270872345157406,0.3277998567813666,0.042827911890527995,0.08163900380429684,0.3548930838443542,0.26521411463483124,0.13815610263365938,0.6473236705178993,0.9360523488760076,32.39083678933775,21.091105215114236
73937,Hau Giang,VNM,2020,2020-04-30,0.07609362796989139,0.33472413391039163,0.05526773554507015,0.09272490248504488,0.3045875164200196,0.20774164622361033,0.10569896232944617,0.6309828342214274,0.662421536658042,31.09599379499679,25.297283576679014
73938,Lai Chau,VNM,2020,2020-04-30,0.06462080345505752,0.3094851385698454,0.040710502638124306,0.07573727545176992,0.32474614492948595,0.22843645793056824,0.11136708400742397,0.6789374977239185,0.7649359888280618,31.55725727733967,20.660097312904853
73939,Lao Cai,VNM,2020,2020-04-30,0.0741333997545692,0.28421576317348146,0.060599455475287896,0.08601856887790564,0.2905348356945878,0.20857601743238602,0.104369294514084,0.6276451570199933,0.5951605497832162,31.26578425564809,20.3403651195758
3326,An Giang,VNM,2020,2020-04-30,0.07844992945710451,0.3205791776496615,0.05339734740243495,0.09513928302124591,0.2906247896751492,0.20816834946466733,0.10658683898292146,0.5960536117295391,0.5896054157310291,32.58423616013097,24.978644822648636
3332,Ben Tre,VNM,2020,2020-04-30,0.10636609038504628,0.2742801452651305,0.07826838539101125,0.10821813336491218,0.2679059692352145,0.19135687441444893,0.11024734958625036,0.41635019411870694,0.43969186947143707,33.534403137212394,24.44383733666417
3343,Dong Thap,VNM,2020,2020-04-30,0.07637153660802508,0.3399830664538437,0.050115445548932484,0.0935938355088975,0.3093424562001131,0.2084762886028199,0.10136886239051121,0.6218529302690573,0.6448843818833679,32.16312316758941,24.695698367549443
3351,Hai Phong City,VNM,2020,2020-04-30,0.18858187962541925,0.3357316860570419,0.18117579751379348,0.19850303833941685,0.3272707615165157,0.26978263411283804,0.17508857282557524,0.3032797344113548,0.3245779973573147,31.03687942963583,21.722205337037764
3352,Ho Chi Minh City,VNM,2020,2020-04-30,0.08290206396907268,0.23588579950744223,0.05696986923058035,0.0872935479893275,0.22806800631184393,0.17099646230402607,0.10470621810990828,0.48537490160009233,0.4398566696219039,35.761143011757476,24.438952930461706
3356,Kien Giang,VNM,2020,2020-04-30,0.09066399678019936,0.2533086749103508,0.06188315427185296,0.09327723549298937,0.25105442921551335,0.1943250075765395,0.113705560544514,0.42605912908789734,0.4606941759108382,31.834927005174595,25.72372172058563
3359,Lam Dong,VNM,2020,2020-04-30,0.058110874994249016,0.2984384069735676,0.03317185662935947,0.06378579953979562,0.3120409558439917,0.20925617318964104,0.1027442272544837,0.6888049234441369,0.7329488637268022,33.418116525829234,18.646934460490666
3362,Long An,VNM,2020,2020-04-30,0.0782997652539988,0.2639180533899044,0.044290269473437234,0.0793629649307658,0.2665974019660081,0.2120000291320331,0.12526763484687198,0.525120243879086,0.5816377405758696,35.90290463987474,24.008597348382928
3375,Quang Ninh,VNM,2020,2020-04-30,0.15616513637625037,0.3183533982404257,0.1539383410518413,0.16675268966665854,0.32159983956148736,0.2504524211043735,0.15313705662572652,0.3946549145740268,0.42060463316296115,30.30436910634081,22.060380485984147
3378,Son La,VNM,2020,2020-04-30,0.07120106005425043,0.33380400467656435,0.03983716511246701,0.0809528243547031,0.3587153482907596,0.26929863340977,0.14169715263423632,0.6497850394913383,3.649515429723358E10,33.74940008102371,20.99952116820871
3379,Tay Ninh,VNM,2020,2020-04-30,0.06579171307005353,0.3368499604664257,0.04106546410705248,0.07797502567723903,0.33502801856214665,0.23447199261786858,0.11674569889269414,0.6660733091711987,0.870426849665318,35.5676007107752,24.128915254385685
3380,Thai Binh,VNM,2020,2020-04-30,0.230445413685928,0.426793721052064,0.2176275314794146,0.2424643612819597,0.4075741425199479,0.33681702718762146,0.2211891035632922,0.33686624237826623,0.471441175538887,30.12266491560008,23.453206425787997
3382,Thanh Hoa,VNM,2020,2020-04-30,0.0548094767041015,0.34102912378506745,0.03420185397673792,0.07060909839877962,0.3390708040762595,0.23063274576435472,0.10587436390409123,0.7205536503585371,0.8617087509228886,33.60303025590379,22.8212283790562
3384,Tien Giang,VNM,2020,2020-04-30,0.08939113984208398,0.2945697506447184,0.054690809260779925,0.09035930323818474,0.28867718028059713,0.21400247775149964,0.1255305071239191,0.5216314304175298,0.6076519704503287,35.26669703082277,23.524679742017447
3333,Binh Dinh,VNM,2020,2020-05-08,0.05704434198058045,0.31068496381079763,0.03223047672257122,0.06547989693285713,0.31006996482668814,0.2022894067784035,0.09749011269291585,0.6926905108999796,0.7056602739898923,33.54268992102076,22.201929678018896
3338,Cao Bang,VNM,2020,2020-05-08,0.05315607136769763,0.35914134088222044,0.03705461742667738,0.07399560577856133,0.3554663501762865,0.22708604668641263,0.097441597586361,0.747266583801527,0.8207724843198517,33.252539493403226,21.332612869925228
3355,Khanh Hoa,VNM,2020,2020-05-08,0.10199091312892021,0.3082064314396573,0.07231506626228887,0.10256114684550979,0.33270313569605076,0.24805573007033707,0.14026273966619937,0.5189187643856458,1.2205493826169462,34.64829501018943,21.30202149105189
3360,Lang Son,VNM,2020,2020-05-08,0.050549747275117754,0.2854818495785008,0.040994522466899386,0.06584608002878395,0.2793697642278632,0.17909157019214525,0.07813247947093006,0.7234787832386239,0.594136971116494,30.660712465031157,21.49440736901954
3370,Phu Yen,VNM,2020,2020-05-08,0.0686817155659679,0.3111625854741797,0.03770017280848826,0.07318007505320873,0.3237655767148945,0.22903329886205284,0.12132036521815379,0.6407779732071927,0.7800844679391986,35.92733069942564,22.425027855097163
3371,Quang Binh,VNM,2020,2020-05-08,0.049392689378589545,0.2678149281869637,0.03963321399077722,0.06142459084217573,0.26387724727876777,0.16692483039383327,0.07301971966477151,0.70802479258629,0.5847964277871199,32.68363435058243,22.757170613707608
3374,Quang Ngai,VNM,2020,2020-05-08,0.05375500867517344,0.2911233174017517,0.032691142938145616,0.0612441339093156,0.2915352848668352,0.1951846614197912,0.09731311933322545,0.700027644824175,0.5791588227043316,34.34758633670906,23.381909704469237
3376,Quang Tri,VNM,2020,2020-05-08,0.062046800383368406,0.26605404416506956,0.04541383812719186,0.06911665686184895,0.27020985179039825,0.18652815617855023,0.09425730164960743,0.6353663369062732,0.5933003725824272,35.17499904449505,22.838529485409648
3383,Thua Thien - Hue,VNM,2020,2020-05-08,0.04973389163626346,0.24638242254941253,0.03974564611857933,0.05968932008594125,0.24199336882490777,0.1552784475714447,0.07164629258636389,0.6889388213684274,0.518013346621128,31.976766048258316,23.282462111549073
3327,Ba Ria-Vung Tau,VNM,2020,2020-05-08,0.1598461999044486,0.287910604148444,0.14175934182858857,0.15889236332003892,0.3075966786869077,0.2502031137644715,0.15513804537462392,0.2618434273453789,0.3233522937376315,38.9758571605249,21.956710617711185
3336,Binh Thuan,VNM,2020,2020-05-08,0.1357744616051587,0.3221174957726763,0.08949628434772447,0.1230640614906743,0.3636850035752782,0.2999497717202768,0.18597579082893534,0.4260877811049272,0.6851187875846828,39.618424896360025,21.830729166036672
3342,Dong Nai,VNM,2020,2020-05-08,0.13102693933976117,0.3110122759774922,0.12152175592462226,0.1396059225981958,0.31367436685042843,0.22955371697002458,0.13122997939707273,0.41848106690899534,0.4402859268538859,33.62223454653355,22.144073533693927
3344,Gia Lai,VNM,2020,2020-05-08,0.09867375189540768,0.27783528445586203,0.0652277638320469,0.09163396761335844,0.3085692489728096,0.24434661730688007,0.15020834732928093,0.4993292857094431,0.7865077108453102,40.05898218048986,22.32367475314591
3345,Ha Giang,VNM,2020,2020-05-08,0.0656484154947376,0.30583369527345977,0.049125482601665715,0.0791303897927136,0.3146575821062129,0.22053593663183096,0.10803311232420543,0.6759601321719539,0.6971766058656076,31.949700168226325,20.29389603712014
3347,Ha Noi City,VNM,2020,2020-05-08,0.22653701766564333,0.38503162541167274,0.17439172652960144,0.21676417162981496,0.40683109332935746,0.3538549533942907,0.2717272119191042,0.3172827740705198,-2.4630807343225104E11,33.88544842370146,20.43898594373412
3348,Ha Tay,VNM,2020,2020-05-08,0.15677786012828226,0.3619155345673188,0.11718686039709626,0.16058316837389341,0.34646383501434613,0.26449276253823606,0.1714298166260304,0.4843467364887585,0.838408428287679,31.686239396909457,22.375820185585212
3349,Ha Tinh,VNM,2020,2020-05-08,0.04937483449587068,0.28691851051223694,0.031443962487788954,0.061888045217315266,0.28207474126954457,0.18192006825173387,0.07872813418007181,0.713636577273036,0.6131176962284296,32.32409821841325,22.84251122140646
3353,Hoa Binh,VNM,2020,2020-05-08,0.0497745168117711,0.31194999269680596,0.036028562527024764,0.06660284679533385,0.2996730875876115,0.18914821815779487,0.08117619493096932,0.7401975954359162,0.6569039725728056,32.209605673865155,21.92414679786711
3357,Kon Tum,VNM,2020,2020-05-08,0.07085698872787041,0.286933194227862,0.05591049540542147,0.07720589639702902,0.2900048941448619,0.19295150658348995,0.09760272460636822,0.644137933997912,0.6048779173347937,33.17861861612567,20.496569147962045
3366,Nghe An,VNM,2020,2020-05-08,0.040120982932396944,0.2720951119911359,0.026345011856038013,0.05251484387973061,0.2645993033568462,0.16456661537806488,0.06802952615404945,0.7509780853376227,0.5862069076992807,32.40544843729977,22.233744662613656
3367,Ninh Binh,VNM,2020,2020-05-08,0.0868145250082816,0.2987284749776069,0.05942891227061108,0.09408238256149698,0.2767657847790054,0.19846984163247092,0.11370785904490305,0.5799595936104411,0.5889695293054014,30.651943130766956,24.637267522168433
3368,Ninh Thuan,VNM,2020,2020-05-08,0.1376343563029824,0.29781744618550143,0.08277799117074612,0.11763166144579117,0.35379099047536133,0.3084847456335944,0.2004414168615361,0.3888272208102752,0.2739189351126307,37.8375872732717,22.877083242111226
3377,Soc Trang,VNM,2020,2020-05-08,0.14497534690075076,0.24988433561268567,0.11784680612216133,0.14003036364589577,0.2554916751021331,0.21468902238082346,0.13777409486054012,0.2709434953065332,0.282470573981095,28.338052807585896,23.604084983543604
3386,Tra Vinh,VNM,2020,2020-05-08,0.14465060215926406,0.2566884302468018,0.11916130714633544,0.14212427823200116,0.26287013734747094,0.21722205414451803,0.13866287705774435,0.28279821167641744,0.3085503139380005,26.72293434260922,24.391201586123987
3387,Tuyen Quang,VNM,2020,2020-05-08,0.07384653691910449,0.3276230369966401,0.06829435772584824,0.09229070643311288,0.32157499353582325,0.2134278004355444,0.09838043197477651,0.6553425715232255,0.6406657907709089,32.50129925384485,22.482032609312743
3388,Vinh Long,VNM,2020,2020-05-08,0.11366881032369497,0.32404651298526665,0.10728347283735264,0.12853910685629258,0.29179589295229036,0.1984749064098208,0.10606606271059695,0.48924182038681385,0.4556472315529779,29.151143588149306,24.551445783132536
3390,Yen Bai,VNM,2020,2020-05-08,0.06400896851033464,0.3062470107816166,0.05367973430397837,0.08013942147029254,0.3086605597814767,0.20623709933379605,0.094214871480529,0.6663899541002611,0.6384470578550013,31.470135092019632,20.379169350238897
3328,Bac Kan,VNM,2020,2020-05-08,0.06260399797539859,0.33587208287201215,0.05630705493068645,0.08233372387620579,0.33020924287067627,0.21129860028805492,0.09143601031685278,0.6976364044191082,0.6889479536183333,32.464209943980265,20.5011069672155
3329,Bac Giang,VNM,2020,2020-05-08,0.08779933317073012,0.3053958552021212,0.06988169043670613,0.09698536187216335,0.29263952426727874,0.20657520815410818,0.11489885287155605,0.5838633561430389,0.5566830257499408,31.123670686779032,21.600682117447626
3330,Bac Lieu,VNM,2020,2020-05-08,0.1303678455273128,0.1751218219311201,0.10405791649781275,0.12377403645918138,0.17672146234577607,0.15633138165075774,0.10644379135693544,0.15401791503831797,0.11392340645033462,29.770093731639378,25.70123039174301
3331,Bac Ninh,VNM,2020,2020-05-08,0.11127857980952559,0.3328744235567053,0.07927511652550628,0.11651509666909182,0.3003583980263929,0.229480042297952,0.14775874155795968,0.5182522924871494,0.6332369603363709,30.82420333105718,19.20558037209925
3334,Binh Duong,VNM,2020,2020-05-08,0.1527396021018492,0.379129182083266,0.14738767531817376,0.16559920600597258,0.38300551173057035,0.2833048479402095,0.1620102921564536,0.44277812589780174,0.5766074437039448,34.15464388141194,17.91372671827055
3335,Binh Phuoc,VNM,2020,2020-05-08,0.12266351808951127,0.35463071480307296,0.11964947674851725,0.1369062288810956,0.349794178566271,0.2380781267076689,0.12260963844005798,0.5096308029121179,0.5260880312791906,33.52807529546114,17.31084494146233
3339,Ca Mau,VNM,2020,2020-05-08,0.11867015855717934,0.19179207262539105,0.09831502231238448,0.11718573875834963,0.19068366183907048,0.15321191614529955,0.0989010282188734,0.24403248172935138,0.17234329954461752,29.22594438237252,25.605473454173104
3340,Da Nang City,VNM,2020,2020-05-08,0.06205108110383967,0.27108309463131025,0.04664561765539991,0.07147678194117622,0.2623664346270708,0.17341013321305535,0.09071723726403594,0.6533571931880294,0.582958761935762,31.967594358316333,23.572244611219727
3346,Ha Nam,VNM,2020,2020-05-08,0.09330015070728682,0.29968096706664754,0.06568657149388593,0.1006545271453033,0.26913180400009307,0.1971930143559917,0.11916234317817787,0.5490613868884133,0.736482506780229,31.512091550106508,23.60785608317845
3350,Hai Duong,VNM,2020,2020-05-08,0.08255095522582453,0.2932222784804582,0.05439692381009187,0.08936179364802334,0.2672299868193771,0.19440083504634045,0.1148846630405822,0.5694590944371194,0.5923685117676127,30.37346619322792,22.800448171754482
3354,Hung Yen,VNM,2020,2020-05-08,0.08987349427069645,0.31184002366205554,0.06113684353268218,0.09613960751250614,0.28025516845949916,0.20672922401620128,0.12483884900993739,0.5697189580329921,0.6300371960228872,31.56045411139837,22.61332349740268
3364,Nam Dinh,VNM,2020,2020-05-08,0.08129208888017189,0.30053297099437165,0.05544233989836385,0.08894085470247011,0.26184091850563473,0.1862002304593945,0.11070550763097704,0.5854845283041618,0.4626747319273314,28.23814003084949,24.875957391601638
3369,Phu Tho,VNM,2020,2020-05-08,0.09200380499463601,0.3121146155724631,0.08336020916958745,0.1063546313825398,0.3006982314534571,0.2049429999107085,0.10295452338303795,0.5810672882177524,0.5319000499100466,31.958456716298475,22.4982123178814
3372,Quang Nam,VNM,2020,2020-05-08,0.04650785683873657,0.2642232469229339,0.03673572527967734,0.05719468749445615,0.25738200393481414,0.15953234968581906,0.07148885475246851,0.725765654771317,0.3858204468923405,32.72009394449476,22.20781160589051
3381,Thai Nguyen,VNM,2020,2020-05-08,0.12207198567107022,0.34724336059546257,0.11093703396928536,0.1336240460146798,0.3432762776891142,0.24878321062851122,0.14075600505036245,0.5259968387930781,0.44352877720389167,30.872779616826747,21.06014107182085
3389,Vinh Phuc,VNM,2020,2020-05-08,0.11722457955615083,0.3682987169026638,0.08929247083914901,0.12805025131453462,0.3544424286436091,0.25367121309510826,0.14411508382919072,0.5804020735443876,-3.2838887418694527,31.12755266715652,21.394471678598578
73933,Can Tho city,VNM,2020,2020-05-08,0.1253960244460851,0.354818595197293,0.12045182092064784,0.14248846242857363,0.30821965040417365,0.20556964448069043,0.11047341636314553,0.4872474045556602,0.45931923094554483,28.86425759895039,
73934,Dak Lak,VNM,2020,2020-05-08,0.11971594555017744,0.29394250202334815,0.08631611628079078,0.11297296372751864,0.32803021466822857,0.2618767810234214,0.16296110215496043,0.4379787576642866,0.5567014969180185,40.345905611423156,22.093305156356188
73935,Dak Nong,VNM,2020,2020-05-08,0.10917083742658631,0.30977164607036345,0.08975300552140496,0.11150165935192159,0.3271987106269286,0.23846254314307505,0.13408428408901807,0.5049018931272844,0.6083681745079906,36.18120639389326,19.896688229689925
73936,Dien Bien,VNM,2020,2020-05-08,0.062177609151672836,0.2989775888006447,0.04075593509861198,0.07192005811415186,0.3157502570429817,0.22411647077565422,0.11212584155409035,0.6653466295572916,0.7586367260494918,31.753518319902984,19.308414439534104
73937,Hau Giang,VNM,2020,2020-05-08,0.12217683471997641,0.3393621641398838,0.12145625379448181,0.1392536973547041,0.3051149156095719,0.20799457276358885,0.10994589340126314,0.4793958758485842,0.44568738813021896,31.82765971377798,24.089424591966186
73938,Lai Chau,VNM,2020,2020-05-08,0.05313829465475576,0.2876546882550699,0.03373843908018211,0.0646155731714836,0.2951170195068966,0.19735966311554384,0.090941796931517,0.704387140253743,0.6689048131623705,30.475033440413185,18.78062057400744
73939,Lao Cai,VNM,2020,2020-05-08,0.05249202335843362,0.30803116294789,0.03528964670439763,0.06704619447695777,0.31553743054394506,0.21503470634747354,0.09851553264994385,0.7134265233753815,0.7337179482430509,32.079010346936535,20.11474900513102
3326,An Giang,VNM,2020,2020-05-08,0.10057793561120451,0.33587107953175144,0.08940669035662029,0.11743008335307091,0.2972858100399613,0.20727276213055312,0.10808984986342311,0.5522219468283007,0.5408483739768811,27.27776389541684,23.82736612965451
3332,Ben Tre,VNM,2020,2020-05-08,0.13527579932146308,0.26620917208702316,0.1195133656769972,0.1389626579756197,0.2570567891249364,0.18827790136568198,0.11130099957964171,0.3260627321685914,0.2829326039121234,30.675760487588956,25.510000000000048
3343,Dong Thap,VNM,2020,2020-05-08,0.10632296780951586,0.3122773112377917,0.09246243327776596,0.11866409004674547,0.28607466179047125,0.20138423586780824,0.10724454585235188,0.5032386314693538,0.4714543270792641,28.540301777865345,23.57000000000005
3351,Hai Phong City,VNM,2020,2020-05-08,0.21610111251514166,0.32944477090384444,0.2070494999148188,0.22303455611403805,0.31166554871873386,0.2565810380791804,0.1785089771192245,0.27188372258218774,0.25758332228000186,30.298136438327305,23.007903260719043
3352,Ho Chi Minh City,VNM,2020,2020-05-08,0.15865658324249793,0.2777620081335314,0.15350314113454322,0.1657435523003024,0.2724477203618133,0.21537547855423084,0.13948083861206884,0.2903633307059418,0.2707858143347074,28.212800671307953,21.565062458152987
3356,Kien Giang,VNM,2020,2020-05-08,0.11444090179822722,0.2514545743330652,0.10115568730404348,0.11966164494520577,0.24148035271172882,0.18461873603696993,0.10850999185100879,0.3542043658020466,0.3154466550877479,29.296181186569267,25.019078686511637
3359,Lam Dong,VNM,2020,2020-05-08,0.09475105898013711,0.3079713047732807,0.07730320926722063,0.10081147643210135,0.31888048651480383,0.21852772985708463,0.1149344202414771,0.5536397487374655,0.5597663349258125,32.51150753776997,17.578680877555044
3362,Long An,VNM,2020,2020-05-08,0.14194810256785484,0.2983625341103577,0.1258897238788123,0.1463600954897531,0.2982478893607369,0.23872501639478938,0.14572268380023792,0.3714269259900726,0.3966501934064042,30.672476027586566,23.986747209862152
3375,Quang Ninh,VNM,2020,2020-05-08,0.12239776678382945,0.27160851699454447,0.11540634548242042,0.13130171957951103,0.26665373522086666,0.20087831403155892,0.12242424592130696,0.45565877099797664,0.3741269209116278,29.190241141116868,21.28682835509655
3378,Son La,VNM,2020,2020-05-08,0.05700289905772261,0.29798528098852756,0.03324329731248055,0.06683712154965149,0.3126890731354508,0.2227444213785796,0.1122181682428366,0.6791194409270576,0.8968827020210838,32.23034929624907,19.51141455562282
3379,Tay Ninh,VNM,2020,2020-05-08,0.1453636570513013,0.3623953459335952,0.14361679933537008,0.15938787099071178,0.3573131066077215,0.25945968817019094,0.14311014877013822,0.44728808412298077,0.49379213908060327,33.190566381348106,22.422847826741176
3380,Thai Binh,VNM,2020,2020-05-08,0.08918417995302726,0.30421986291335784,0.06736835685890284,0.09912444371911894,0.26713873298283325,0.19175392578546196,0.11347466012544932,0.5634416287846254,0.5619574365876568,28.69203402024951,23.76019800720069
3382,Thanh Hoa,VNM,2020,2020-05-08,0.06352370649267725,0.29879178201209544,0.04452645326379676,0.07480429491593632,0.2884351761714507,0.1916849102603929,0.09101822087213546,0.6844055732012525,0.6040669862412422,31.87135750772889,22.64157442139695
3384,Tien Giang,VNM,2020,2020-05-08,0.15794214903579823,0.3048467688110094,0.14415245873362686,0.16157120714042728,0.30129200155681246,0.23219274506319354,0.14223667663262163,0.3270241988360969,0.32756459069457233,31.241196552464423,21.14266666666664
3333,Binh Dinh,VNM,2020,2020-05-16,0.0585661650112793,0.2964030931837801,0.03836943832632617,0.06764733636660368,0.291882787640488,0.18891067837540704,0.09097988409957104,0.6810673961330809,0.6523063770357852,32.745317250698754,23.05818945190285
3338,Cao Bang,VNM,2020,2020-05-16,0.05477365315213137,0.41592163280315747,0.0341681799465573,0.08019201628239973,0.4108931883414136,0.26881670002241403,0.11359888671169904,0.7688844548459576,1.0199632734425865,30.63035958093423,18.576577101764588
3355,Khanh Hoa,VNM,2020,2020-05-16,0.08118853835499994,0.26173723842856866,0.058544093415891715,0.08258171211240585,0.28099794822818025,0.2082852548085923,0.11649617560955022,0.5524471767947894,0.3215564557476562,34.14506213255242,20.950813239019364
3360,Lang Son,VNM,2020,2020-05-16,0.06273855778986447,0.39374758153110173,0.044988481379608744,0.08552694449689509,0.38681353465468915,0.25366507502018676,0.11002510099205927,0.727975863630677,0.9000549257720402,30.753324836192515,20.61653260214598
3370,Phu Yen,VNM,2020,2020-05-16,0.06300941073510964,0.252706653842598,0.045256678848402516,0.06825760412917005,0.2530490819996451,0.176354981316753,0.09025287834256113,0.6151824711524662,0.5306465319057404,29.02161067693795,22.230028006619733
3371,Quang Binh,VNM,2020,2020-05-16,0.04124042379741608,0.2601611318836252,0.02997939533985772,0.05268943131748831,0.2553355911350141,0.1596284368417827,0.0693413080949773,0.747251556619322,0.5692819142970563,33.10706560989224,23.13855446335341
3374,Quang Ngai,VNM,2020,2020-05-16,0.07157976483319492,0.3462004723576344,0.043803298410994604,0.07982022172202094,0.35709382979415233,0.24447718131569643,0.12672657126071327,0.6594348086414586,0.9945690348411874,38.574260497069545,22.845826368348515
3376,Quang Tri,VNM,2020,2020-05-16,0.07582055003141532,0.29794288502169247,0.06071064531680106,0.08554040699534837,0.3000726951067821,0.20583083197225072,0.10235303810959677,0.614288175618841,0.6269024897034953,35.399516938553454,24.3627334795368
3383,Thua Thien - Hue,VNM,2020,2020-05-16,0.06513552333631452,0.30254947051316927,0.05246874438445638,0.07869424641637689,0.29987813463169033,0.19337988925988636,0.09057869218654867,0.6435843480976636,0.6749365469730593,34.12962060997192,24.027620436544293
3327,Ba Ria-Vung Tau,VNM,2020,2020-05-16,0.11482698000702521,0.2552145117644928,0.08639853645626097,0.11012969949723195,0.2800220867539609,0.22990827465114194,0.14556152213557183,0.36932834681795357,0.5573431121921048,36.86068831427046,26.152380074004554
3336,Binh Thuan,VNM,2020,2020-05-16,0.09172409499633334,0.27257253337476883,0.048711106082760955,0.08115563328501685,0.3116695691625631,0.25902021587187235,0.1603683298936614,0.5186866988705918,-9.60649377618659E10,36.992825330618615,20.4735228419226
3342,Dong Nai,VNM,2020,2020-05-16,0.08358026606169362,0.2826006599372759,0.06303885536328563,0.08995550611091192,0.2885621046710646,0.20653082961523378,0.11377606483266903,0.5366797827275958,0.588716480578902,35.615123795016885,23.215096370498557
3344,Gia Lai,VNM,2020,2020-05-16,0.15062489384252556,0.3006685743518848,0.1360154907526604,0.15011837560740365,0.32250586537458686,0.2585280361575498,0.15978604590458825,0.3702972605006668,0.4316899200130834,37.800778307681206,20.97262414726339
3345,Ha Giang,VNM,2020,2020-05-16,0.056339854178052866,0.35947385097424567,0.035278300735017164,0.07565163001427022,0.36281852523324176,0.24620853964140055,0.10873168001737643,0.7354813366947545,0.8719672052236306,30.49289270062561,17.966969735828567
3347,Ha Noi City,VNM,2020,2020-05-16,0.12982634445607363,0.32197095688987504,0.10578466839834286,0.13759090458711465,0.3118029718189748,0.2417347993510623,0.1465634367280523,0.42645208733517703,0.4992943673763236,35.51225712941521,23.499379882812544
3348,Ha Tay,VNM,2020,2020-05-16,0.09126763887282253,0.3284595777675015,0.06529810080179242,0.10533195292408987,0.3015772159199221,0.2107240986784446,0.1101575763538597,0.5713092205227395,0.5905010930989225,34.17518832325232,22.19524647958711
3349,Ha Tinh,VNM,2020,2020-05-16,0.0467974913488932,0.2628539025845871,0.027971074135846583,0.05633579126750742,0.25914857480582876,0.1700804777991971,0.07779904218788405,0.7104094491393025,0.5721442104791387,32.84370765799033,23.13065452057236
3353,Hoa Binh,VNM,2020,2020-05-16,0.045391298123305425,0.34042926090223646,0.03195929936677769,0.06550385182449736,0.32787061035994103,0.20355820689860596,0.08289226448016214,0.7645906564450327,0.7524053382676588,32.3367839113047,21.746937391583206
3357,Kon Tum,VNM,2020,2020-05-16,0.12838337718554796,0.34656586597596184,0.12255846234170625,0.13868478145479762,0.35028073205124255,0.24467961998153992,0.13316598515067724,0.5180146771568628,0.6023948576070446,33.03009005945094,19.1409560197603
3366,Nghe An,VNM,2020,2020-05-16,0.04856281226370238,0.3066660797133846,0.0314542869125201,0.06170802922789767,0.3047890359761224,0.1968419415529689,0.08768245748523151,0.7360858414516483,0.6971178859842585,32.77711234040682,21.15345651082971
3367,Ninh Binh,VNM,2020,2020-05-16,0.09796556640127656,0.3261663875015376,0.07543767990125307,0.11074663909955854,0.30637659897853076,0.21470384747961843,0.1129875048295072,0.5524714989707245,0.5546254736543847,31.955373389235262,24.013414693833557
3368,Ninh Thuan,VNM,2020,2020-05-16,0.10192431304785662,0.24694099874003192,0.058942769075359995,0.0873484486999748,0.29217598172056136,0.25339845503861774,0.16035422819054404,0.4424430548548306,0.7534536612272253,36.89226111459125,24.29083634081283
3377,Soc Trang,VNM,2020,2020-05-16,0.11681815956656702,0.23756974002824144,0.08088212253424658,0.11024316030112948,0.2423918106361202,0.20243226117932048,0.12809556168683175,0.3440772688308898,0.3789415291859058,37.8856346811507,26.588214971209243
3386,Tra Vinh,VNM,2020,2020-05-16,0.113338939190573,0.24148923630427022,0.08261504416832305,0.11060722723671261,0.24502774118760717,0.1970128600181213,0.12214524286698362,0.35885124330344653,0.3841216646566389,35.52661029399258,
3387,Tuyen Quang,VNM,2020,2020-05-16,0.05496077821741575,0.3658776286863705,0.04010864580954328,0.07604371513522498,0.3595654511039578,0.23748767342200375,0.10126381513595845,0.7410932725979928,0.837774488156368,31.063805137383756,18.80034716088017
3388,Vinh Long,VNM,2020,2020-05-16,0.089267731361512,0.3272017382512544,0.07253130214141852,0.10193207697082216,0.2948046378052238,0.19600243030081244,0.10195677461100042,0.5816393236730907,0.5625755794253643,32.30780984488606,
3390,Yen Bai,VNM,2020,2020-05-16,0.07023792687425769,0.34252576393721595,0.05595856041720233,0.08763403109654526,0.3433568912069972,0.2334655473773743,0.10698802037734231,0.6754280863515412,0.7333452399886725,30.92266921870102,17.50357455056096
3328,Bac Kan,VNM,2020,2020-05-16,0.05031800189054501,0.3927743113820142,0.03814003558649468,0.0748418957913206,0.38576603093979317,0.24962719850955076,0.10243922799253026,0.7752401588580221,0.9320842078163599,30.420971858114893,19.063195567144678
3329,Bac Giang,VNM,2020,2020-05-16,0.0895641307937641,0.37565480543032836,0.06471342868579577,0.10382773900064286,0.3666101595185377,0.25317542112123836,0.12506966935117714,0.6194772540667909,0.7612828199666319,31.646630900751695,21.075382169048915
3330,Bac Lieu,VNM,2020,2020-05-16,0.10351172104016118,0.15443405840775237,0.07140154871281365,0.09527237844721263,0.1542832003946012,0.1362551460822387,0.0919371760958752,0.19803018384344187,0.1481997376310465,31.290626555359193,26.777112104853003
3331,Bac Ninh,VNM,2020,2020-05-16,0.12345752019905443,0.34535816848535283,0.09928803756896004,0.13453123507565432,0.31550145257136114,0.23165037378418418,0.13354787022685563,0.47750709939344577,0.5306414609751677,33.713281123501844,
3334,Binh Duong,VNM,2020,2020-05-16,0.12462064625721152,0.3435173165911044,0.11385859881695536,0.1353747335348251,0.3430708011002409,0.2503454895072523,0.1431051457411878,0.49197981357945164,0.6129396971990726,36.06237230579669,
3335,Binh Phuoc,VNM,2020,2020-05-16,0.09352899586628799,0.3272098731974389,0.08445251182214783,0.10581379713615967,0.32204479608417913,0.21287244708282466,0.10469581925984422,0.5839940586670201,0.5572009885975627,34.12827938904878,22.604562817250113
3339,Ca Mau,VNM,2020,2020-05-16,0.09624066034598831,0.17530557631711052,0.07375204222354509,0.09476987063380916,0.1732068893341126,0.134608576599334,0.08258207241706904,0.2950950372191217,0.18613822680603592,31.542813773334274,26.479046528975342
3340,Da Nang City,VNM,2020,2020-05-16,0.06520479288239811,0.30928290598621405,0.043351192219575424,0.07638841211935822,0.3038424808620557,0.1977963589270557,0.09988502976798264,0.6561260234378867,0.6690519957507939,34.70891574352116,23.491787007434876
3346,Ha Nam,VNM,2020,2020-05-16,0.11777912026737868,0.33607404723149414,0.09531163293038876,0.1308007880382437,0.3063713240227844,0.21951356471417485,0.12187273425775605,0.49226852186782344,0.49695567613094377,33.36945029389683,23.21439196032683
3350,Hai Duong,VNM,2020,2020-05-16,0.11234876885105394,0.337231625451459,0.08495014573096124,0.1225927497273868,0.31865625937320624,0.2357061172533748,0.13410764911350262,0.4976373391788384,0.5743281157245824,32.842534857780265,24.56620689655175
3354,Hung Yen,VNM,2020,2020-05-16,0.11839917212279467,0.3486191763874695,0.0947469519870526,0.1301927398362719,0.3214192506753211,0.23155560603068082,0.12952425606512155,0.49782877206559895,0.5338990154649275,33.68945316648167,22.40871373018249
3364,Nam Dinh,VNM,2020,2020-05-16,0.116798614407936,0.32790416156142854,0.09712700516214916,0.12898331334561233,0.2937788604754764,0.20626363745387585,0.11393144048641642,0.4719847731564169,0.4594624605925841,31.012976750492165,24.44437592004777
3369,Phu Tho,VNM,2020,2020-05-16,0.06635585867067215,0.3453918857814554,0.04456644949254103,0.08230350320331653,0.3368581077210746,0.22724067013730043,0.10327989670440711,0.6783093790328515,0.7315934145304235,33.43261784525732,20.617242850883436
3372,Quang Nam,VNM,2020,2020-05-16,0.0625936476247412,0.3172555893529377,0.04815497605049642,0.07563054004356974,0.31626637180983785,0.20091664149899044,0.09432840698797235,0.6804986973962979,0.6573887034748744,34.79203827291387,21.947473377187777
3381,Thai Nguyen,VNM,2020,2020-05-16,0.08781031815774397,0.354274795018703,0.07698421729652048,0.10551326502211328,0.34379923442753707,0.2300067154562262,0.10667617479481256,0.6149448700597381,0.6466117655799001,31.904833090582123,17.93291646965328
3389,Vinh Phuc,VNM,2020,2020-05-16,0.11374022336727803,0.3360338136116248,0.09373910600395065,0.12570234083797013,0.3206629361283668,0.22837315772382935,0.12076565076006915,0.5044987047164774,0.5191852540190003,33.91478843013632,18.073491778310167
73933,Can Tho city,VNM,2020,2020-05-16,0.10462049023038257,0.33369682549412755,0.08278387744447056,0.11540218094456128,0.30016886361382156,0.20269273339908866,0.11032126634468603,0.5277877304884008,0.516229658233614,31.354293925579015,
73934,Dak Lak,VNM,2020,2020-05-16,0.1102465593539653,0.2624475314365272,0.08847262512810558,0.1078676842559737,0.28650969493054496,0.22869560187250415,0.13698044999409364,0.4492759509562217,0.49287771312481093,38.36467548605258,21.61791284556589
73935,Dak Nong,VNM,2020,2020-05-16,0.08135054174532658,0.2783443534637166,0.06316751731620254,0.08620938488012624,0.28729884136196987,0.2004532265973939,0.10485587339960188,0.5755715012428531,0.524899962444135,31.91908397037323,20.702321384112764
73936,Dien Bien,VNM,2020,2020-05-16,0.09893280616456185,0.3401542176023343,0.08180634975823407,0.10978126139986458,0.35411140688005494,0.2533643467878546,0.1342049069316229,0.5759710712822677,0.7651568790672728,32.18603181332157,19.916601683174093
73937,Hau Giang,VNM,2020,2020-05-16,0.08026033859558926,0.3275816279009659,0.06307675499636725,0.09374235379936441,0.2924142192916202,0.19339884435228957,0.1001995727205111,0.618466225799153,0.5922661103787681,30.593917920656672,26.816993943257923
73938,Lai Chau,VNM,2020,2020-05-16,0.09254715474242564,0.32750581047468663,0.07636718438030587,0.10488585221307721,0.3337018844411349,0.22994853692084136,0.11654307287200906,0.6194764872530274,0.6427668773430413,30.655446248720573,20.280798988798995
73939,Lao Cai,VNM,2020,2020-05-16,0.08174189993453328,0.3562187780466988,0.06510374860067616,0.09866710045940351,0.35470077518994986,0.24555711088879467,0.11735604657968132,0.6557992579622051,0.7434864430599144,30.222296836628644,16.881026292332766
3326,An Giang,VNM,2020,2020-05-16,0.0791332137789258,0.3695052639341921,0.05971994049623969,0.09810807421427697,0.3267850537886144,0.21699479446674141,0.10550203895315126,0.6404533819174524,0.7394935603841246,31.56878852383844,
3332,Ben Tre,VNM,2020,2020-05-16,0.11197568589607076,0.24797987503469762,0.09565484388575812,0.11578461685440009,0.24096145329800908,0.17480005106452312,0.1023159783319879,0.38482480555373294,0.3285748736091458,33.23809222692601,27.642322297955197
3343,Dong Thap,VNM,2020,2020-05-16,0.10836680017254095,0.31183303003542134,0.09116879782929276,0.11874708913359282,0.28905765733467054,0.205793120035687,0.11205232434558794,0.4868021235262361,0.47101370624543915,31.499369129716165,
3351,Hai Phong City,VNM,2020,2020-05-16,0.11503874620542945,0.29661630964501706,0.09045671882147345,0.12346312347999178,0.282308879999677,0.21452488366446554,0.1270344492691218,0.4333795270943184,0.46624324430497766,29.24773390473817,21.54994895768027
3352,Ho Chi Minh City,VNM,2020,2020-05-16,0.12177737162569928,0.24873086276797318,0.11146219757554679,0.12860294543077702,0.2409673628929678,0.18776225922969916,0.12033407354702381,0.366644219886318,0.33623091074716366,32.62094051585767,24.992740664257415
3356,Kien Giang,VNM,2020,2020-05-16,0.0867332702924269,0.2374900743633716,0.06163475229454422,0.08941753223933238,0.22891353969281375,0.171026674155453,0.0982819374486866,0.4211549868828519,0.39566019198178504,31.049582388822056,26.879822789897297
3359,Lam Dong,VNM,2020,2020-05-16,0.07165243068392887,0.2789568322091637,0.05428650365763238,0.07844529675951556,0.28418386232442655,0.18887529214028304,0.09512041612548561,0.6285556397634473,0.5526416816009866,30.94713925819295,18.966845026725164
3362,Long An,VNM,2020,2020-05-16,0.1249493750302131,0.28468292499293046,0.10531035365688306,0.12869727018740737,0.2830029914447655,0.22315476661648906,0.13329387303310553,0.4019825091788345,0.43157854059498024,31.906889334730213,
3375,Quang Ninh,VNM,2020,2020-05-16,0.1089354717250989,0.3119520175258207,0.09988017478464448,0.12270989843394646,0.3085355794132375,0.2146878195149404,0.1092858335981497,0.4922437956745448,0.48201401782973025,30.42166576593176,21.493445254446705
3378,Son La,VNM,2020,2020-05-16,0.08033692306464409,0.33706259163354996,0.0591228016193938,0.09157249758724544,0.3489572953324087,0.24962669942931992,0.1295804428811994,0.6376914229614757,1.136919523236975,33.85087028771461,20.41749380160305
3379,Tay Ninh,VNM,2020,2020-05-16,0.12318286528795565,0.34387368808711627,0.11614943574162491,0.13677981677595494,0.33398745540753066,0.23475917958638634,0.12411710691629917,0.49722966272585933,0.5276372428092314,34.751996887186344,24.189400408512913
3380,Thai Binh,VNM,2020,2020-05-16,0.11757282708823691,0.33242779587837623,0.0972298299103667,0.13088134762603498,0.29865882572170577,0.21093149183832333,0.11566143086013983,0.4772323721510298,0.4709050841501377,31.09487809698275,24.398757900672496
3382,Thanh Hoa,VNM,2020,2020-05-16,0.05405419131690692,0.31140886725463424,0.03525099422195414,0.06767185781583672,0.30297592362176096,0.1975916813340037,0.08854971854760235,0.7144960510013543,0.6736724977160085,33.064149713989025,22.168748150186875
3384,Tien Giang,VNM,2020,2020-05-16,0.12629922597656545,0.27214133496627163,0.10660887226019909,0.1277448722505506,0.2709937706613323,0.20954768098542387,0.12781145555486845,0.38564228847689364,0.36248590285084137,33.568822063724326,26.202992111868074
3333,Binh Dinh,VNM,2020,2020-05-24,0.04731218104938573,0.30375587158224987,0.02721466900334192,0.05897495500226807,0.29182266463603107,0.18089136272764136,0.08161813466075195,0.7313596303286862,0.6742534900611854,32.16907342048729,23.820480838027027
3338,Cao Bang,VNM,2020,2020-05-24,0.14668015049006858,0.35695948660513394,0.15118794337396646,0.1635032299466252,0.33906253407936426,0.2385550617837367,0.135531950680379,0.4766401145456956,0.46346125906745067,28.93387010134696,20.261138659452413
3355,Khanh Hoa,VNM,2020,2020-05-24,0.07398191171953486,0.27343164005746456,0.04600666273916935,0.07524214273851047,0.2914180167642338,0.21491093936102523,0.11926445165873023,0.5987762955458653,0.6298191311631,34.81145280530507,22.662623903259842
3360,Lang Son,VNM,2020,2020-05-24,0.12240455252848902,0.35672898585262913,0.12642031366382958,0.14189198477625026,0.34057468330803875,0.22510715131471398,0.11381416264366172,0.5242338690998437,0.5105079689793706,27.78383572867895,19.298070011611983
3370,Phu Yen,VNM,2020,2020-05-24,0.05781451898341004,0.27955051835953815,0.03199128662079141,0.06356499561951034,0.28120474204273666,0.19204206750833075,0.09649950728579208,0.6618525824811174,0.6571203695661338,34.290290922741974,22.556456202659113
3371,Quang Binh,VNM,2020,2020-05-24,0.05546833439261935,0.27481226744871745,0.043377678924070635,0.06646945572380389,0.266691331480089,0.16890014868080414,0.07909606735010605,0.6944761926457119,0.5627306468137463,31.31448581675493,24.401281617538142
3374,Quang Ngai,VNM,2020,2020-05-24,0.057614867483023254,0.3167895952170167,0.034881652765807354,0.06739154440011941,0.3114392516626042,0.20337368280393875,0.09726461809019406,0.6940116793702149,0.6882492562477649,33.38607266800608,24.005168637050268
3376,Quang Tri,VNM,2020,2020-05-24,0.0617117188798773,0.27235255337054026,0.04487057096531131,0.07007168671320835,0.2665368106056112,0.1781470735840788,0.08850191910223335,0.6520931300641499,0.42223885650353815,32.92527854895502,25.010890704816894
3383,Thua Thien - Hue,VNM,2020,2020-05-24,0.05202178957323624,0.29191997587460433,0.03750500089273396,0.06571220822543883,0.27874967073625995,0.17225604335749373,0.07620671025756587,0.7034279425233626,0.5991837947660692,31.48457174706174,24.86212194546021
3327,Ba Ria-Vung Tau,VNM,2020,2020-05-24,0.08318671834786258,0.22900397655566607,0.0572228505873733,0.08241616412590726,0.24269876053537534,0.1904664398843648,0.11409845858530898,0.46129469037757537,0.47079008509165066,34.611142086000676,25.351408155903115
3336,Binh Thuan,VNM,2020,2020-05-24,0.08619074415471317,0.27486224495384065,0.05011023547481251,0.08170066700792555,0.2964849671184015,0.23554980992235944,0.13825638922653047,0.5463631952171514,0.8380178663428552,31.77134789417058,24.41187380298241
3342,Dong Nai,VNM,2020,2020-05-24,0.08897114909144489,0.2773652571124141,0.07483302181095446,0.09741158056164015,0.27439359699003557,0.19286163891934333,0.10645051457809092,0.5164289115267856,0.5015696467400461,30.70213319769328,24.139860211554932
3344,Gia Lai,VNM,2020,2020-05-24,0.09153645973674522,0.26663897753531535,0.06782400268038223,0.09118114015522823,0.28242835398259775,0.21526337449220734,0.12340938565345999,0.5277067517454489,0.5666398796052227,33.24669047514152,21.177523174415807
3345,Ha Giang,VNM,2020,2020-05-24,0.16681070008098584,0.3524040883129209,0.1734789524589919,0.18325740628421908,0.3391539642310133,0.2424172273290778,0.13502278763004882,0.4116733477757879,0.3813583993194706,29.758586718650452,17.851669762255927
3347,Ha Noi City,VNM,2020,2020-05-24,0.1314196023736959,0.3038756283038023,0.1115010571188834,0.1383380847712022,0.28936567628879506,0.2197133536526268,0.13785058593386654,0.40063975565316085,0.4334983729855779,36.92220526457242,25.67915466654166
3348,Ha Tay,VNM,2020,2020-05-24,0.11277117903426725,0.32391429431211916,0.09289700022600206,0.12719529483781064,0.2922808678473405,0.20029008078024516,0.10088487598505357,0.4846869686477937,0.44921340823443806,35.33149243808068,25.521836483168443
3349,Ha Tinh,VNM,2020,2020-05-24,0.10778105602162738,0.31122007069083996,0.09122701045604538,0.11711716465075014,0.2998003068333227,0.20473369374465095,0.10924698443171384,0.5396052756208185,0.4874068154973659,31.203352948635512,25.17630731812988
3353,Hoa Binh,VNM,2020,2020-05-24,0.07806101196391454,0.3607468851054156,0.07052359408621472,0.09948335695225338,0.33730696577824504,0.20886849267382307,0.0901188728723046,0.646485775782475,0.6352311614048057,33.14517689403955,22.775524148410277
3357,Kon Tum,VNM,2020,2020-05-24,0.0750846777355189,0.28542052296176945,0.06593596877220356,0.08407291890635576,0.2809713784750583,0.18309588151530976,0.09054343863848342,0.6378982855961574,0.5232506699430072,28.69909312078382,19.819505197996524
3366,Nghe An,VNM,2020,2020-05-24,0.05804506510681843,0.3011730422002151,0.04209323131982534,0.07031907548589401,0.2877732782890366,0.18144538013972233,0.0812570471090773,0.6952080312885057,0.5927562909320397,30.944732843474025,23.045231113337646
3367,Ninh Binh,VNM,2020,2020-05-24,0.1063435567483081,0.3186495654283192,0.0857607436803163,0.11864644806944016,0.2985841535040898,0.20125249296655706,0.1045429959543008,0.4941311468166128,0.4604349021080123,34.92622604392422,25.932967515822334
3368,Ninh Thuan,VNM,2020,2020-05-24,0.09808130962959015,0.26201384071983885,0.05031736146904699,0.08399076987336802,0.30815403673767583,0.2685405951079464,0.17406799746448934,0.48718594169418744,0.41578093702042623,37.69733395689128,24.724574137416717
3377,Soc Trang,VNM,2020,2020-05-24,0.08597762254663316,0.21417958930177441,0.05181021350131706,0.08146292951022789,0.21152074361606932,0.17196874736061712,0.1061944790738581,0.40258421050631016,0.45446659867648265,33.29982141970676,25.963254745697324
3386,Tra Vinh,VNM,2020,2020-05-24,0.07157044846487336,0.200174394943785,0.04141601416533428,0.07023158512947829,0.19591261778611527,0.15224896426041065,0.09029749632626634,0.4317843713452807,0.5834315392295193,32.866646502465876,25.959342312975018
3387,Tuyen Quang,VNM,2020,2020-05-24,0.14095944292437135,0.36574971741658846,0.1456833368111806,0.16006190993705996,0.34950855599639463,0.2414492465135423,0.12792351148790493,0.47569578124358347,0.47656828418372627,30.775212905029708,23.61275624811252
3388,Vinh Long,VNM,2020,2020-05-24,0.05593347563015295,0.29700968819172685,0.03957555032280384,0.06864441072861974,0.2588751969865364,0.16153172664701482,0.07690435167673444,0.6656227332833438,0.5869246501332513,32.97370335621486,25.156302656951688
3390,Yen Bai,VNM,2020,2020-05-24,0.18548125518701172,0.35619266771709335,0.19299911713580664,0.20054130817412444,0.34247054659060916,0.2413412761771412,0.1364788397040489,0.3671986598084259,0.339561089621469,30.74834827081362,20.168685525450666
3328,Bac Kan,VNM,2020,2020-05-24,0.11874347553386655,0.3549388663716539,0.12487093846336499,0.1383031385595057,0.33521274132428425,0.22413483586597477,0.1137874230910409,0.5426743584781348,0.5158290860182357,29.079530090871337,21.758601746074525
3329,Bac Giang,VNM,2020,2020-05-24,0.13047818751743173,0.33284850033434804,0.13020992840396287,0.14581832522456095,0.31159248693241126,0.20874616176386565,0.10965493508509204,0.4567992421595905,0.41795637913061634,29.037550794131743,17.134688299433915
3330,Bac Lieu,VNM,2020,2020-05-24,0.08621343784294613,0.1339604835489232,0.05716502597149035,0.08053115118335921,0.13114174282777022,0.1137049374303016,0.07505345641820076,0.19227892142115718,0.1348957122512488,34.08042679822439,27.673115070870686
3331,Bac Ninh,VNM,2020,2020-05-24,0.1094254848497344,0.32346650316510367,0.08432765880395776,0.1199339288400491,0.2822519738858069,0.1988776383569767,0.11743516290171059,0.49837934427481023,0.49367511434591554,35.147454673582054,
3334,Binh Duong,VNM,2020,2020-05-24,0.1030173965226748,0.32563355284654627,0.0924295645698439,0.11477761224212486,0.3197621240723862,0.22445731867010552,0.12080681472406958,0.5428970026348492,0.5398637420452467,31.733217768568316,25.070950413223176
3335,Binh Phuoc,VNM,2020,2020-05-24,0.08830449400433692,0.32243223544048333,0.07932206003557256,0.10029494206187173,0.31298701129379775,0.20427032775998358,0.10057122093954778,0.6031856245709912,0.5608645762668218,31.803607019162527,22.656097292801853
3339,Ca Mau,VNM,2020,2020-05-24,0.0655440940780669,0.13679493667679135,0.043221435835244945,0.06448336884872581,0.13163542138414433,0.10015141999163614,0.05904573772388561,0.3359522900241547,0.17542067526169028,34.06122564087285,26.559668600533428
3340,Da Nang City,VNM,2020,2020-05-24,0.06661792418770848,0.3317285208346826,0.04605521793880298,0.08083522407533368,0.31763642534483977,0.20032585947730983,0.09486583035931175,0.6627681750501234,0.6464571705488966,32.777408348002,23.869319264460756
3346,Ha Nam,VNM,2020,2020-05-24,0.10680912731590758,0.3358764345238216,0.07661573547061117,0.11877202305482841,0.3053579352043333,0.209053051399228,0.10979801032514211,0.5162197878547057,0.5168815253675304,34.4845615353866,25.93044187927865
3350,Hai Duong,VNM,2020,2020-05-24,0.1213615446442304,0.3166591099769493,0.10274057793392002,0.1317728160189698,0.2970626836820167,0.21282731617025458,0.11763448913186819,0.44856432165142707,0.44171715887199364,33.3636240440917,
3354,Hung Yen,VNM,2020,2020-05-24,0.10532591938588737,0.3343054819719305,0.08155576541546664,0.11727474183496885,0.30159443194849367,0.20081675240231814,0.10504028740359045,0.5142367334161478,0.5013908657483174,34.70614646292899,25.722522394136938
3364,Nam Dinh,VNM,2020,2020-05-24,0.10056798067709347,0.3398294904726521,0.06276708885063331,0.10823503484952499,0.30973773455047615,0.21271570195887501,0.11494278551620916,0.5332307731516454,0.5647488204111419,32.639871235697726,26.608850017319092
3369,Phu Tho,VNM,2020,2020-05-24,0.12735165780652116,0.3472270096540791,0.12155819938041178,0.14268335724315914,0.33212774359780656,0.2253740264926869,0.11680614964145507,0.485785317389908,0.47587606096239427,32.35461284999213,23.815410454063887
3372,Quang Nam,VNM,2020,2020-05-24,0.04902946222719747,0.3041075384877391,0.03487776823444229,0.06262454713262243,0.292944557253506,0.17733572236138412,0.07611668229975437,0.729209690617509,0.6553803452611207,32.19763877051512,22.51495541831619
3381,Thai Nguyen,VNM,2020,2020-05-24,0.14094833348824734,0.34451549103721313,0.14417008760029587,0.15711668720878086,0.3264777789335503,0.2234290240637533,0.12080958106187814,0.44614772515192064,0.4167097595924615,31.71580464434184,23.009741987470644
3389,Vinh Phuc,VNM,2020,2020-05-24,0.14751664643459989,0.33708751107384477,0.13952827033289789,0.16100929583847384,0.31625206232047093,0.22463590685652987,0.12224295130406235,0.40523089986590694,0.3930201677325037,34.834108658954236,25.246544028027962
73933,Can Tho city,VNM,2020,2020-05-24,0.08612400044632768,0.29417382549688387,0.05906143776758998,0.09340577346939932,0.2651408725982326,0.1783452663088693,0.09406176935979953,0.5362721990421108,0.47863162018752353,31.40971517783927,25.180810718618964
73934,Dak Lak,VNM,2020,2020-05-24,0.0728840114568961,0.24764779857087243,0.04737869089786615,0.0726484002747346,0.2654363058804004,0.20094055096651248,0.11159285083015692,0.5724259183958802,0.4711072861762555,34.5631960216954,20.78967630101375
73935,Dak Nong,VNM,2020,2020-05-24,0.08528010472868852,0.28856470717943916,0.0705337794265562,0.09201734178429993,0.29079485421423645,0.2007043585331259,0.10592148141201664,0.580089220103275,0.5304666543867437,31.619693951579173,20.575105580752165
73936,Dien Bien,VNM,2020,2020-05-24,0.08880008373785576,0.34133618950822436,0.07180800911860606,0.10110064232315928,0.3482327235342487,0.24191004418190323,0.122732015470737,0.6065575800321391,0.7200455039952971,29.782024985632425,19.0673818804048
73937,Hau Giang,VNM,2020,2020-05-24,0.052830358382896944,0.3155292886620745,0.03647112339640946,0.06707631841196095,0.27241298995126334,0.1688490469639834,0.07937746643185026,0.7078288630284247,0.637461181630521,32.23221417976527,25.42662565070315
73938,Lai Chau,VNM,2020,2020-05-24,0.129368858028431,0.34474741701637174,0.12034756185005793,0.14230846573575723,0.33919699605269427,0.23410589104184554,0.12251767406156623,0.5346939266529211,0.5208158831304958,28.19850172024709,17.423976827016045
73939,Lao Cai,VNM,2020,2020-05-24,0.1296873494469303,0.33490059665749294,0.12736921243931554,0.14430695267664,0.31813121211906553,0.2215217108026384,0.11765627213057214,0.5320775910819499,0.46829873404474,29.70350988843409,18.91043118931142
3326,An Giang,VNM,2020,2020-05-24,0.06415904182267375,0.36966963042802725,0.04611023738485502,0.08156122050345418,0.3161435335226809,0.19793612765955151,0.09221745340420434,0.6926291170344098,0.7431123701316595,31.377390379825584,25.85234710285283
3332,Ben Tre,VNM,2020,2020-05-24,0.0611876097561794,0.1972950173875549,0.03911373547485199,0.06459708155331885,0.18713279463620947,0.12812994006217573,0.06869988733346714,0.4823410399013133,0.35466259753130724,33.146446155700566,25.812521012273592
3343,Dong Thap,VNM,2020,2020-05-24,0.085017580150288,0.2926349705563411,0.06373190775284458,0.09412700416105278,0.26200507298705317,0.17832508750340867,0.09306112958326558,0.5325682540258531,0.48761743770992977,31.50933002639329,25.393557729796875
3351,Hai Phong City,VNM,2020,2020-05-24,0.1259637237700088,0.29972522096709137,0.10310926740472147,0.13296623103720762,0.2868176965497076,0.215301349948289,0.12685223696901254,0.4075479183336045,0.42867286249698877,31.05575324018591,23.945665919270006
3352,Ho Chi Minh City,VNM,2020,2020-05-24,0.11038126190635546,0.23935970169023876,0.09774652080321888,0.11736283776721364,0.23052323562686836,0.17512187494129577,0.11098107654620264,0.37885572733186546,0.33112429681810596,30.742216443191328,25.338353250797883
3356,Kien Giang,VNM,2020,2020-05-24,0.07127167545953626,0.21987142361224082,0.050322968354240556,0.07563849287131676,0.20223742281876889,0.1431886172643508,0.07760555400283188,0.45367924602995885,0.435040070756817,32.87556484399972,26.333319021311922
3359,Lam Dong,VNM,2020,2020-05-24,0.06226451204101515,0.28164307410706907,0.04580219080914502,0.0703152354650714,0.28284183088024323,0.18440036710634233,0.08948999961221546,0.6666589870620384,0.5771251799070202,29.35551657714357,19.24566723251236
3362,Long An,VNM,2020,2020-05-24,0.08251410980680067,0.26036691869510736,0.058792788902278605,0.08701926232646498,0.2512794131071911,0.18868216135723662,0.1072458444787836,0.5100461961188211,0.49680488417615615,31.462257211365966,25.03834192869651
3375,Quang Ninh,VNM,2020,2020-05-24,0.11399815609432522,0.3071829787189482,0.10965465189076738,0.12712389017678313,0.2999193782435485,0.21084084339171466,0.113384007248574,0.4796535853446415,0.45671833517143806,29.09779301120147,23.047960952462134
3378,Son La,VNM,2020,2020-05-24,0.10370046768878824,0.3333032054585352,0.09066398238924372,0.11557422340335079,0.3364876662135737,0.23724675791728916,0.12546140362248484,0.5509652997491802,0.6293522703044342,31.08649201661741,20.120382977098906
3379,Tay Ninh,VNM,2020,2020-05-24,0.061811467537014775,0.3114930500904943,0.04580121812301595,0.07457764101712022,0.29720995253834853,0.19996578436341045,0.09673756288781225,0.680824075290561,0.6888116717479152,32.76043207585349,22.592305716519295
3380,Thai Binh,VNM,2020,2020-05-24,0.10230169245806689,0.334307040442726,0.06394255873969815,0.11027996216844631,0.30678322771829203,0.21710248958108894,0.11809090577739947,0.5271343630627277,0.564165230174953,31.632009426854335,26.53000000000003
3382,Thanh Hoa,VNM,2020,2020-05-24,0.08032085727692105,0.3186911032719361,0.06669611955742485,0.09378680037397162,0.3044109951780824,0.20197639458729455,0.09636378092811583,0.598423570237699,0.5657126008802165,34.458604608995785,23.551562955456486
3384,Tien Giang,VNM,2020,2020-05-24,0.0765495155870172,0.22747895569760432,0.05062719853453838,0.07720783150405232,0.22513913296640878,0.16885575759086527,0.09920903753143734,0.48894307252564323,0.4254420081802005,32.70307275597749,24.989672856314574
3333,Binh Dinh,VNM,2020,2020-06-01,0.05852225368039617,0.35533412583086016,0.034070378292810184,0.07176226092494095,0.3436335821625131,0.21651103678236183,0.10267281597533219,0.7135767577034425,0.9386753961864905,32.88535190696125,23.351725816057485
3338,Cao Bang,VNM,2020,2020-06-01,0.12235993714929126,0.3577460048396238,0.1258376789393092,0.14116205277419494,0.33864473440442167,0.2213397457921691,0.11248651730843882,0.5376367209092042,0.5068427189597063,30.93555688841811,17.30149478284945
3355,Khanh Hoa,VNM,2020,2020-06-01,0.09390407483956051,0.3140159779824334,0.06319103548713459,0.09508602376054616,0.3348585788476615,0.24964546586482272,0.1423297595952817,0.5606054194829051,1.044111937288406,34.58943988616117,22.720471272764232
3360,Lang Son,VNM,2020,2020-06-01,0.10547675075746715,0.34087546323649504,0.10682707000549976,0.12381448599228778,0.32107547318886576,0.20275999750701287,0.09608951200984311,0.5611184872160451,0.4965353265667484,32.51711746228178,21.210646135589688
3370,Phu Yen,VNM,2020,2020-06-01,0.06645689686512946,0.3163562018261478,0.038556061586428506,0.0734650705710008,0.31673962166732766,0.21724833566815052,0.11225264243607945,0.6510253713040124,0.8817301213735005,35.33300436677764,22.55585808732192
3371,Quang Binh,VNM,2020,2020-06-01,0.06388903809557925,0.31013957638444156,0.050983090641899126,0.07740015805350167,0.297883473628449,0.1919688830450702,0.09369032323610431,0.6903185129682065,0.6654715680194034,32.100040373127875,24.276570066199522
3374,Quang Ngai,VNM,2020,2020-06-01,0.05522693350056459,0.31384333752508564,0.033801823284392594,0.06554781608120361,0.3051641849410389,0.19772261947864228,0.09538167742675645,0.7009888168456887,0.7454310063813778,33.672922289765445,23.758643316640033
3376,Quang Tri,VNM,2020,2020-06-01,0.06786919489605246,0.30819579342634007,0.049952516297825454,0.07888785790472086,0.2954324666390176,0.19585147479441958,0.09781737436046568,0.6628399325679087,0.6222913884283503,32.78307934795,22.72974805294363
3383,Thua Thien - Hue,VNM,2020,2020-06-01,0.04414481531089216,0.28017124905307367,0.03084756437701424,0.05788517153335102,0.26195785218666445,0.15912374672569987,0.0698071622953526,0.7363687818088113,0.5806745151635799,32.29109961799495,23.520283195648368
3327,Ba Ria-Vung Tau,VNM,2020,2020-06-01,0.09959622948474808,0.26400222149028274,0.074788855962425,0.1009835264972347,0.27384185113254234,0.2122524547172139,0.12557912221940049,0.43567125380979993,0.5163159175220049,36.71511657639108,19.013952747176532
3336,Binh Thuan,VNM,2020,2020-06-01,0.09236104229827868,0.3255478342583168,0.052012882287147275,0.09075097328056564,0.3459152106163754,0.26798318742359545,0.15646926946756767,0.5801211448674193,0.4411983104854163,36.267539247562596,20.670462579352623
3342,Dong Nai,VNM,2020,2020-06-01,0.09062941729810507,0.31189712625156457,0.07335052253295908,0.1013614342186078,0.30526761412180725,0.21015773508538374,0.11037732529866674,0.5429091143652045,0.5798162771569676,34.504345217236434,19.568514573941616
3344,Gia Lai,VNM,2020,2020-06-01,0.08105491718837465,0.28423996760554077,0.055410307327784895,0.08269846317785397,0.29395937184480403,0.21936484259476302,0.12530851870350346,0.5887997573450627,-9.788614603674019E10,34.93134166743747,21.305334016858737
3345,Ha Giang,VNM,2020,2020-06-01,0.11016635709711632,0.3452595697910627,0.10475899341937037,0.12630525416598853,0.33409647935684944,0.22755644507400205,0.11638356735179782,0.5742220073481933,0.5574795162800773,30.477850286761104,21.030655108013768
3347,Ha Noi City,VNM,2020,2020-06-01,0.08893296190083619,0.25960992058635407,0.061460386288491445,0.09320513305285785,0.24723351400729074,0.18979205922293846,0.11554361317888576,0.4870505491459714,0.47284268721976447,41.3722525214491,27.437232119170698
3348,Ha Tay,VNM,2020,2020-06-01,0.08432634173711921,0.2882857850972941,0.050137298301527564,0.09126042838271081,0.26218748451639856,0.18697757628799558,0.10061468473145109,0.5370108368472224,0.5215855415764544,38.95743741469198,26.78120247744949
3349,Ha Tinh,VNM,2020,2020-06-01,0.06755221402874828,0.3063808550887149,0.046024082695563684,0.07846342715348353,0.29688879502619925,0.19765978496658784,0.09527349553489306,0.6491354710040048,0.6163671867587776,33.443775073204435,24.672508801186343
3353,Hoa Binh,VNM,2020,2020-06-01,0.05427724276839599,0.35371200076364756,0.03751667854472961,0.07307924602525938,0.3359614439059444,0.20899469756217484,0.08908610274485246,0.7296827080080587,0.7461175197252934,34.44297137622198,24.12764439541567
3357,Kon Tum,VNM,2020,2020-06-01,0.074841314637453,0.30814764080111506,0.06360131549804084,0.08459934007024121,0.3021242473815039,0.1984561309118759,0.09891639686461456,0.6589777248894001,0.6113199866899783,29.733646392311712,20.179146744618663
3366,Nghe An,VNM,2020,2020-06-01,0.06734206154753727,0.3389042690392798,0.0487203333316869,0.08111118804000006,0.329783752786324,0.21331362368897458,0.09948353764719058,0.6814120859728531,0.7006190422172626,33.28061017472326,23.941688070654767
3367,Ninh Binh,VNM,2020,2020-06-01,0.09021543870069972,0.2843887257289955,0.055841234821907754,0.09304071971924022,0.2779154184755606,0.2057588898213799,0.11740472918809874,0.5195455353886267,0.5388879507421752,37.008537762789565,26.319814119926278
3368,Ninh Thuan,VNM,2020,2020-06-01,0.10665154753421044,0.30019962732808686,0.057704644543032695,0.09521003828194848,0.34545510536662993,0.2905406454433764,0.18386207154875303,0.4944599611655913,0.30968485946122104,37.31044222703702,23.30575871857304
3377,Soc Trang,VNM,2020,2020-06-01,0.1115018804800515,0.27286090217528486,0.07665090780404962,0.110528691954437,0.2664701843618992,0.2086385612483982,0.12210098075232466,0.3882666564327168,0.6749155244291143,31.29411248436177,25.299770410256233
3386,Tra Vinh,VNM,2020,2020-06-01,0.10561115960502267,0.2562278538586288,0.07703463374648893,0.10710702365920416,0.2479589345126947,0.18893771862347214,0.10928988296771447,0.39425441778022485,0.5595277555203527,34.319564622361206,25.244531077805846
3387,Tuyen Quang,VNM,2020,2020-06-01,0.08836217044448155,0.32933708232918374,0.08531779720307178,0.10525252766582319,0.31139179721939375,0.20432792502203373,0.0987289876108059,0.608811712607432,0.5601801586150676,31.270366894168223,22.874278793636844
3388,Vinh Long,VNM,2020,2020-06-01,0.0945159357794079,0.36192368488932036,0.07862295317572753,0.11122268249378821,0.318447295094776,0.20512389802075248,0.1003299312421854,0.5838802243380505,0.5973875883028508,32.11768919234055,25.00430496659789
3390,Yen Bai,VNM,2020,2020-06-01,0.11164341394942327,0.34069048063366847,0.10635658161678406,0.12719900523845357,0.3284751254618651,0.22330779141070525,0.11182553487066249,0.5658355914347212,0.5309577523144432,30.66818257464278,21.423509114685555
3328,Bac Kan,VNM,2020,2020-06-01,0.10268520494170684,0.35484183992167345,0.10616033089907034,0.1222992513021855,0.3351898103161471,0.21330162458308874,0.10168321567409974,0.585875241906281,0.5450388339080678,30.919073651952097,20.689918004342903
3329,Bac Giang,VNM,2020,2020-06-01,0.09444237985928242,0.3082519594207421,0.08110382251651636,0.10559968140638573,0.2890744416501057,0.19147593967027426,0.09575839781255714,0.5514182828322103,0.4784249205663501,36.75806272865057,24.11210428601819
3330,Bac Lieu,VNM,2020,2020-06-01,0.1043600396597667,0.1653484464803905,0.0753645439237652,0.10096294492446738,0.16076129061150896,0.1335593796945473,0.08434887827519069,0.20470455912119562,0.15450894726537084,34.36324279638371,26.85577420659603
3331,Bac Ninh,VNM,2020,2020-06-01,0.09957394452906812,0.3283702977236456,0.06514926296154752,0.10952904329299988,0.29520441164508576,0.2102351055164501,0.11626424530582988,0.5316443286207838,0.5533734943686933,38.57559875044777,26.338959453905428
3334,Binh Duong,VNM,2020,2020-06-01,0.08864712042349224,0.3731931805208226,0.06921814883024197,0.10464812022446152,0.36498660158138857,0.2502485504996855,0.12370633889637728,0.6229710314957413,0.7601444090483648,33.40194540171903,20.0955817713059
3335,Binh Phuoc,VNM,2020,2020-06-01,0.058459717841658244,0.3328651886098399,0.04366547507155908,0.0729712488518431,0.32035663175733803,0.19889836857353213,0.08558537392972243,0.722316557013082,0.6774355034807653,33.58345467543327,17.375696254611476
3339,Ca Mau,VNM,2020,2020-06-01,0.11483732214128117,0.1971320305434236,0.09594225776555765,0.1160263674543761,0.19073628021659117,0.14643322769058348,0.08959944490510359,0.28213929005642047,0.18190213775182448,29.758019759481776,26.764967833576634
3340,Da Nang City,VNM,2020,2020-06-01,0.05894498677354939,0.30594570563815726,0.04190040061675039,0.07256290767037353,0.28634563836861227,0.17851820730053614,0.08748346011303201,0.6809230680177543,0.6185056435192583,32.86188750522161,22.84241237093136
3346,Ha Nam,VNM,2020,2020-06-01,0.10383621631575707,0.28259984262518506,0.07229193557263483,0.10839170951170411,0.26595074697474114,0.19702284644155124,0.11288196730159877,0.46165793324870474,0.43088878103009004,39.20542458046523,26.864118107948517
3350,Hai Duong,VNM,2020,2020-06-01,0.09386630099420983,0.29520214134508027,0.0625283372444783,0.10101699802427476,0.27749233078165014,0.20192604992222452,0.11020404889688232,0.519343670670517,0.4947211824780458,37.21929412515262,26.757839398415502
3354,Hung Yen,VNM,2020,2020-06-01,0.09524282635803771,0.31934765261191533,0.06108518242286489,0.10285786090287255,0.2945453310182259,0.21097913415344746,0.11585122324384355,0.5373946674600178,0.55978206270347,37.180321828492,26.312570378796853
3364,Nam Dinh,VNM,2020,2020-06-01,0.11798479097965077,0.2856595958187657,0.0802534609672321,0.115150486617286,0.27653939089245294,0.21399333256927094,0.13092212652403876,0.412702907803697,0.42330303070528985,33.24965966068101,26.26315931657611
3369,Phu Tho,VNM,2020,2020-06-01,0.06839330089145335,0.3317210058132392,0.049977111310509595,0.08330457576163862,0.3155359830051955,0.20732324441623137,0.09506296093104472,0.6597371885119514,0.650178007736227,33.984083748976154,24.046211302791754
3372,Quang Nam,VNM,2020,2020-06-01,0.05439516322030257,0.3212058353764323,0.04055423157573562,0.06945038049552435,0.3060516385274769,0.18619681838825025,0.08297499917507233,0.7182312720010297,0.6753395184184775,31.89710380025797,22.032395156054392
3381,Thai Nguyen,VNM,2020,2020-06-01,0.10493927270358507,0.32881211357373036,0.1018595868936582,0.12007115848513811,0.3102428841592114,0.20837550608397457,0.10642320034213046,0.5428631411500543,0.4981342118880766,34.53082056109728,19.92472156158491
3389,Vinh Phuc,VNM,2020,2020-06-01,0.07740903553312864,0.2844297001021587,0.05124039172265878,0.08503204364066586,0.2676158715124371,0.18976962693738927,0.10093660642714508,0.5723806313401758,0.5374662540065246,37.48132835302331,24.3532341584434
73933,Can Tho city,VNM,2020,2020-06-01,0.11049776209355239,0.3141255065268545,0.08326491960590865,0.11861150106622775,0.28549051663810693,0.19814519088775112,0.10443444396383106,0.47069961813722855,0.4389507189783846,30.13820333772849,24.86905030459969
73934,Dak Lak,VNM,2020,2020-06-01,0.06980111597635832,0.2633977656673036,0.04591623517751506,0.07300469923859595,0.2708106325764188,0.1968774875777553,0.10493293387341596,0.6053239765991795,0.6435565760815853,34.44737787652912,20.51152768504099
73935,Dak Nong,VNM,2020,2020-06-01,0.056444610362543106,0.2870884033050773,0.03849369229427978,0.06522109260386658,0.28380134901919013,0.18415256690043436,0.08612903875386314,0.6886523035598585,0.6041607533244419,31.9470132248195,17.97202383485427
73936,Dien Bien,VNM,2020,2020-06-01,0.16168933704002753,0.3980618478536147,0.15440342964274817,0.17539839006355668,0.3921394681400061,0.2781623867603206,0.1548979822222215,0.47720641673864517,0.5627364886952744,29.398468430723167,19.43224390135902
73937,Hau Giang,VNM,2020,2020-06-01,0.10345420912513681,0.385926239348886,0.08850885391567571,0.12155138364689541,0.3357893303044488,0.2148166217407666,0.10664963466713365,0.5826302074383644,0.6136985719304271,31.685983233878822,25.127707051201934
73938,Lai Chau,VNM,2020,2020-06-01,0.19911822734717252,0.41217199676218025,0.19282693279288968,0.21151658070413018,0.4033689884733468,0.2957546150366358,0.174217948613266,0.429922552271879,0.48690292052568107,28.368000532708333,17.80349535343259
73939,Lao Cai,VNM,2020,2020-06-01,0.09330202983429205,0.34937779792489004,0.08420896036264808,0.10964377621872197,0.3327428283203287,0.22394559332745675,0.10928299711774751,0.6416660301854312,0.6329820318172047,30.39253856346161,21.01007037363911
3326,An Giang,VNM,2020,2020-06-01,0.07765699186841668,0.41667504229314256,0.058613168514128164,0.09868950934523552,0.3573019214722024,0.22191712383279655,0.10141881881803075,0.6810469013079995,0.7747202761561094,28.125126784744616,25.190697956227773
3332,Ben Tre,VNM,2020,2020-06-01,0.09077569778033079,0.2546648128061095,0.06599828068774197,0.09538217776753036,0.2416078206136632,0.16788769970700887,0.09045419075369752,0.4492874868468003,0.3977540204813255,32.681602868964816,25.216232310551682
3343,Dong Thap,VNM,2020,2020-06-01,0.08033437584492238,0.3050420348517217,0.055008774175738795,0.09150400934238852,0.2745485188896841,0.18517330966088782,0.09131227269661223,0.5562659286674841,0.5202753655584825,30.199252518171004,25.336097134628183
3351,Hai Phong City,VNM,2020,2020-06-01,0.1106508544239696,0.2750649003384428,0.08579849109223242,0.11761065343748266,0.2577274088397576,0.18941057878689124,0.10656518975201025,0.4190328343992451,0.37826822922140685,31.278568474289695,26.45725163471839
3352,Ho Chi Minh City,VNM,2020,2020-06-01,0.1180901078803162,0.27238500652907705,0.10350259795183045,0.12696471224610484,0.2591837925202926,0.192836584947621,0.11565576071207194,0.40598430589198903,0.39005947263794494,32.477595391100714,21.967033634216627
3356,Kien Giang,VNM,2020,2020-06-01,0.08199179575358667,0.2531525455801699,0.059286291939601304,0.08907107105050947,0.22772598551671364,0.1568108258981188,0.08223694436400299,0.4708107744746832,0.3897996082550414,29.629217982978723,26.195914052717043
3359,Lam Dong,VNM,2020,2020-06-01,0.07070409986370862,0.3312026072139941,0.050431501432020326,0.08158155284527266,0.3342951117411617,0.21876746394405938,0.10592927601526615,0.6660472099432106,0.7167815802966551,30.568042541335906,17.843833433387495
3362,Long An,VNM,2020,2020-06-01,0.07745695188252366,0.2923936650877183,0.048198576016851964,0.0850672389549591,0.28110324007233034,0.20422561392228783,0.1069918376714539,0.5640671740041769,0.5844439175619014,31.968812003422993,24.714325630487217
3375,Quang Ninh,VNM,2020,2020-06-01,0.16986224878472408,0.32709873257858907,0.17063881300484793,0.18247932721167698,0.31650412640776876,0.21567834262061486,0.11729061795692435,0.33871939078046437,0.2921556042906594,31.12574874307735,24.02413028540228
3378,Son La,VNM,2020,2020-06-01,0.13649056951944316,0.3764185972348702,0.12380533150800432,0.14963150533856986,0.3716539560481561,0.2597702978646103,0.13843168400532807,0.5181243226657265,0.5960904886371762,31.337460916466576,20.27758413715187
3379,Tay Ninh,VNM,2020,2020-06-01,0.0653598221641987,0.38173184229297,0.0428840906032104,0.08383833875916023,0.3645285043111878,0.2408851628638388,0.1106944176364129,0.703770198855403,0.8711097613084063,33.417114142414,23.59273199047637
3380,Thai Binh,VNM,2020,2020-06-01,0.1030735063099469,0.31898884924336984,0.06515466595019527,0.1093045127136516,0.29626814062837054,0.2158875703188734,0.11884700734597815,0.5051684117189069,0.5206516182931606,33.304315543737616,26.585066868619244
3382,Thanh Hoa,VNM,2020,2020-06-01,0.0637055123386313,0.32209146956129636,0.04028494734134414,0.07494062858574485,0.3096464556566886,0.20369451224258872,0.09645170844200947,0.6630911659217031,0.6775265304009833,35.06870542638516,25.258311276979395
3384,Tien Giang,VNM,2020,2020-06-01,0.09488212939069647,0.27343474203641704,0.06760567388005609,0.09797451978864045,0.2634541019100685,0.19271771066617321,0.10650124486137116,0.4816148414759915,0.4528155180364906,32.15794493736023,22.820609132546988
3333,Binh Dinh,VNM,2020,2020-06-09,0.06687410960781726,0.35142837948443384,0.04649804224196648,0.07980183530557247,0.3312488446540926,0.20605081393541066,0.09776489094868102,0.6845952887876101,0.7355283133579578,33.37324660952161,21.302050154242732
3338,Cao Bang,VNM,2020,2020-06-09,0.2529365137250208,0.4264870168527947,0.26757838989181265,0.26843832392742367,0.404494823788517,0.28697696429601827,0.17311897202921991,0.29858825949122186,0.3307362172431714,27.758985477658108,20.745161872007692
3355,Khanh Hoa,VNM,2020,2020-06-09,0.12857216894418774,0.3178645117878775,0.11491659139979635,0.13403486623639085,0.32323728298899473,0.23420825307069515,0.13005649967281044,0.4531295530727218,0.49458184931331195,33.265956361561045,20.836273107721624
3360,Lang Son,VNM,2020,2020-06-09,0.17144760867985515,0.36789990483267926,0.1822508609396435,0.18768252679634456,0.34669013593085407,0.23886997457632306,0.13551211853607426,0.41649861952375483,0.407004059237634,29.9190305581364,22.607538691414156
3370,Phu Yen,VNM,2020,2020-06-09,0.08373487632815636,0.3281205463151789,0.06123912207863024,0.09303177327239993,0.31805144364030336,0.2130873992209477,0.10781211715629993,0.604742757109181,0.381364163003251,33.72920300922446,20.70214424915646
3371,Quang Binh,VNM,2020,2020-06-09,0.06453163567070994,0.3405536148297469,0.05156722778496136,0.08164751019688662,0.32650275517631366,0.20293345008013425,0.0898078303747162,0.6889243172822535,0.6660898513863173,32.08016943300706,23.88507923374638
3374,Quang Ngai,VNM,2020,2020-06-09,0.06905370844036496,0.3116344064255845,0.05609244973093994,0.0806969401243126,0.29275304716159944,0.18566648840149913,0.08850153796635198,0.6490258849852087,0.5901132405051049,32.43255999115033,23.10483577299759
3376,Quang Tri,VNM,2020,2020-06-09,0.06956585732178068,0.2975074639789387,0.056592079458052655,0.08094501702947131,0.28154269615099653,0.18269970159539445,0.08920149723420913,0.6405497476405017,0.5553352922887975,33.49980163021295,22.95142748687571
3383,Thua Thien - Hue,VNM,2020,2020-06-09,0.05608965379794118,0.28903216700557643,0.047097689554970575,0.07017281130684129,0.2665850171078277,0.16077170478918534,0.07175752494521095,0.6903957917674985,0.5455553381542253,31.08734472881324,22.545790312036505
3327,Ba Ria-Vung Tau,VNM,2020,2020-06-09,0.15655322673397545,0.2959609405757067,0.15065490755669636,0.164523982131164,0.2895059326016758,0.22092441133742838,0.1356950232117779,0.3375303910748255,0.3389678953971699,30.922918697601908,
3336,Binh Thuan,VNM,2020,2020-06-09,0.10755432131901392,0.31701376718176427,0.08573349081964411,0.1127415931641615,0.317215962345311,0.23249274538310172,0.1288557779329882,0.5171402519919446,0.5504292763825627,26.21252291041408,
3342,Dong Nai,VNM,2020,2020-06-09,0.1541121181035163,0.3321788929286453,0.15269243864262097,0.16706828756466957,0.31899553218596094,0.22665045555759533,0.12856907041741703,0.39688106110593013,0.38244467842358093,29.359404726293768,
3344,Gia Lai,VNM,2020,2020-06-09,0.1279960375693154,0.32240101812115884,0.11315477967590812,0.13301685259391546,0.3250033307014846,0.2422550980811553,0.14117584604124678,0.47431892463651,0.5397524808047807,31.987593218984642,18.703834133570055
3345,Ha Giang,VNM,2020,2020-06-09,0.19040843015168218,0.4136731927749501,0.19238418899393142,0.2071121184261162,0.39849553290354656,0.27007907637617856,0.14517816911560608,0.4113144264292706,0.47262189411431466,29.079495384436363,19.54783541117754
3347,Ha Noi City,VNM,2020,2020-06-09,0.12904768157389965,0.2949224790255346,0.10297382531739513,0.13143205262390056,0.2892237700480039,0.2306285233135003,0.14805404226473767,0.3929005122142386,0.5151886064765523,39.5274008451821,26.080847911310883
3348,Ha Tay,VNM,2020,2020-06-09,0.09689455376560754,0.281119148907266,0.06353864377447047,0.10164117001477421,0.25710882276057384,0.1902617922569028,0.10953639049819426,0.4704233689685352,0.5336813795196189,36.21250901059261,25.9146916195998
3349,Ha Tinh,VNM,2020,2020-06-09,0.06996719129566505,0.3277271526960463,0.046208686365584034,0.0823900212634445,0.3185328700215973,0.21132233646567844,0.0997030017672707,0.6435105412122992,0.6572384547548924,33.10204669381487,
3353,Hoa Binh,VNM,2020,2020-06-09,0.06078588952774335,0.38341582226576426,0.04151416188506015,0.08146985292762898,0.3647170157366668,0.2311076827349827,0.10004703263513172,0.720266940417504,0.8238466259633139,31.992544368169114,24.0093468188045
3357,Kon Tum,VNM,2020,2020-06-09,0.1054165060595273,0.31572300452598656,0.10207379977866829,0.11602231824196785,0.30637697705237565,0.20243916333571518,0.10324665797558212,0.5489526092330733,0.48509016570391084,29.43004421141172,17.672353461192216
3366,Nghe An,VNM,2020,2020-06-09,0.0659509094548645,0.3636663923772504,0.045311688058059574,0.08198521531862887,0.35382811786564716,0.22790805252442015,0.103008309884702,0.6926814690860983,0.7744481917776154,33.072862949100724,20.65016013355219
3367,Ninh Binh,VNM,2020,2020-06-09,0.09460820603031612,0.28504094495066973,0.053639661024010146,0.09362763062851782,0.28330887688669987,0.21471661941868556,0.12388394775867172,0.48735518483084656,0.5462996543201527,36.96968318944033,
3368,Ninh Thuan,VNM,2020,2020-06-09,0.14135395946661086,0.3093130793928589,0.11823825558842564,0.14120912798969054,0.3299353020973848,0.2634437092066698,0.1577483359267625,0.38777393803705457,0.3768078882733198,29.002732312278606,19.204237842175868
3377,Soc Trang,VNM,2020,2020-06-09,0.11652750686023808,0.2518633217954218,0.09549612424649699,0.11789184981278766,0.2341224837776899,0.17738000362384093,0.10234288303978707,0.362437271333634,0.31628267184152203,,
3386,Tra Vinh,VNM,2020,2020-06-09,0.15934524581738227,0.28390931321132923,0.148939175008669,0.16494332981138463,0.2645505119796874,0.19041650966127296,0.11051365179394916,0.2989117293369676,0.255455616316819,,
3387,Tuyen Quang,VNM,2020,2020-06-09,0.2098729976571904,0.40595555616470846,0.2195768061383412,0.22505421540464846,0.38718708096627924,0.27839353748782864,0.16391389113173774,0.3703839877792632,0.3902398965162823,29.277636655028225,21.556833012147923
3388,Vinh Long,VNM,2020,2020-06-09,0.11361210769789777,0.32756146212178805,0.10627426601137296,0.12731922325015366,0.2909628730192295,0.19046177962234978,0.09977846926947252,0.4957445570825368,0.4584365565370692,24.78004665207216,
3390,Yen Bai,VNM,2020,2020-06-09,0.22208751975471705,0.40857312918940514,0.22965544446075783,0.23717273584488746,0.3892498167935763,0.27137790087144503,0.15677162431802544,0.34235246875437647,0.40127717343069574,29.88192001339347,16.073745182936705
3328,Bac Kan,VNM,2020,2020-06-09,0.19470317530461334,0.39143027613047937,0.20838162558944978,0.2112868199996619,0.3679796867512096,0.25323644043328325,0.14525434280195948,0.383513942621152,0.3798959539383063,26.742963136141107,22.542849914226416
3329,Bac Giang,VNM,2020,2020-06-09,0.11114054349969883,0.32826312067696006,0.09611792085574443,0.1195255144003144,0.3155920597368876,0.22034619787114146,0.12021475765295732,0.5244234315250202,0.5243425415267495,31.017587450486705,24.349054226961297
3330,Bac Lieu,VNM,2020,2020-06-09,0.11873979957138193,0.16706262301701139,0.10590782827461281,0.12062919929125682,0.15174623213720526,0.12004849606434263,0.0719167069821316,0.16741557277778335,0.09963141125566441,,
3331,Bac Ninh,VNM,2020,2020-06-09,0.13862446149783345,0.3008013258780781,0.0992411130289055,0.13469344359474628,0.29442996647140823,0.23958023785354607,0.1538178346702797,0.37534458371718965,0.45418773896303916,34.17431140801646,25.85984371541154
3334,Binh Duong,VNM,2020,2020-06-09,0.11059831785376055,0.3569854655455211,0.0998431047224203,0.12465378678031923,0.3490545026876241,0.24130624903101172,0.1262659511377923,0.5569393417482709,0.6519350317674094,30.84835559802836,
3335,Binh Phuoc,VNM,2020,2020-06-09,0.1405919126067707,0.36455569715326397,0.14252419959898968,0.15579683660195398,0.3511924597682145,0.23886382259988342,0.12585914756794558,0.4770433631957799,0.46917449515136056,30.49892840828811,
3339,Ca Mau,VNM,2020,2020-06-09,0.10979969505010652,0.17241525798258106,0.10366320631434457,0.11466376474335883,0.16011425623056086,0.11807307568141027,0.0690740483914684,0.23909020158242494,0.1284418119476532,,26.118909090909124
3340,Da Nang City,VNM,2020,2020-06-09,0.07467684824281295,0.28724300420942855,0.06328759869022808,0.08586358665720717,0.26573165888630684,0.17150506157341078,0.09199705436830984,0.6014441327713813,0.5220243753003471,32.563546762040254,23.842109961617858
3346,Ha Nam,VNM,2020,2020-06-09,0.09339817796583276,0.24817351996765644,0.05691177813431996,0.0937797170640019,0.22459196869860468,0.16864157034029795,0.09901141438365572,0.43499294497704144,0.3962261328091441,29.637642814191242,25.910000000000025
3350,Hai Duong,VNM,2020,2020-06-09,0.14586068218613413,0.291488014880043,0.1171294969094749,0.14472519074697263,0.2864681478133779,0.2290833477687325,0.14552916753069348,0.35022417547471996,0.3996723708956137,33.20475944371368,25.568662128606906
3354,Hung Yen,VNM,2020,2020-06-09,0.10133258907909592,0.27354185344264254,0.061974304951639005,0.09880605780105983,0.2560071704483699,0.1977649153010379,0.12070133551087153,0.45053134604824624,0.4901950001434491,31.753551855349855,25.605793061801734
3364,Nam Dinh,VNM,2020,2020-06-09,0.11640733706857545,0.24355881789277084,0.07118367607842126,0.10520890893043376,0.23686207427633627,0.19625404074895503,0.12877220486014673,0.34892856173660236,0.3783158561348707,36.47717727072174,
3369,Phu Tho,VNM,2020,2020-06-09,0.13899835975594227,0.3486474852481742,0.13474047420968227,0.1522339411532661,0.33229131194564193,0.23272107971711647,0.1282125779921359,0.4711009826283914,0.47863776080286097,29.388607260238125,
3372,Quang Nam,VNM,2020,2020-06-09,0.05941505832147632,0.2949302695383617,0.05180408108414871,0.07285327295692974,0.27342519997835957,0.1631937646579823,0.07272135267684435,0.6819928087298719,0.555849572052792,30.3489840725241,21.807174865190696
3381,Thai Nguyen,VNM,2020,2020-06-09,0.17091281457177787,0.3629546243187534,0.18060462371369213,0.1860488550013388,0.34389507007276926,0.2430483241934425,0.13773438868392512,0.39565462309680655,0.40089695024403615,28.297817414110266,23.786044006182497
3389,Vinh Phuc,VNM,2020,2020-06-09,0.12458669551190658,0.3129142800403367,0.10735073681825487,0.13165208958930125,0.30026762261257695,0.2226296274511485,0.12850789412844146,0.44598109550373194,0.3895439756823637,32.03975665935909,
73933,Can Tho city,VNM,2020,2020-06-09,0.09682797007675664,0.25164594055300527,0.07478762921462816,0.10253875908497279,0.22700030574825897,0.1636812532028147,0.08984899617590805,0.444293552173897,0.34554907940206786,29.375908859901752,
73934,Dak Lak,VNM,2020,2020-06-09,0.1422929137231465,0.33083292347814114,0.13518688554390734,0.15138259439134016,0.3286929350845454,0.24172763600519154,0.13704196381965175,0.43450521015882193,0.5780665603216113,31.136065685130525,17.54882360821938
73935,Dak Nong,VNM,2020,2020-06-09,0.15023268730618905,0.3532756901243954,0.15203137245421705,0.16383705272550297,0.33971202917693194,0.23333871478794743,0.1251998060145731,0.44649803210945577,0.4253188465507176,29.015692935364317,14.210734355525037
73936,Dien Bien,VNM,2020,2020-06-09,0.19156017694319216,0.43562958176262995,0.1839821632332483,0.20685353329158285,0.42208531347951306,0.3015823461551748,0.17626844213074208,0.44705575407219855,0.6070636148458436,32.21611528009395,6.785514228872958
73937,Hau Giang,VNM,2020,2020-06-09,0.08448282249147734,0.32199811879851886,0.0704127320557261,0.09738817086584566,0.2766907267312458,0.17723200058586533,0.08967504760154286,0.595127537345777,0.5309148246847112,29.43012480499223,
73938,Lai Chau,VNM,2020,2020-06-09,0.29280454476068324,0.4726800004341754,0.2892754617277134,0.3039128642885968,0.4538105319533756,0.3392207963751837,0.21489517930350918,0.3095979667671494,0.40135105183446296,30.918042113095794,9.991076064644865
73939,Lao Cai,VNM,2020,2020-06-09,0.19347900137169086,0.4483451967475171,0.18705759116505852,0.20978205483081983,0.43512210522064665,0.30729409318150314,0.17132702571071548,0.46518111249380445,0.6132458353020922,29.905206226808485,20.3343785064207
3326,An Giang,VNM,2020,2020-06-09,0.0654376449701308,0.34596280534180923,0.04882176662552335,0.08028448107918401,0.29775887498614734,0.18421589553892906,0.08613819358578417,0.6801543465871689,0.6593419479715126,27.5709722717193,
3332,Ben Tre,VNM,2020,2020-06-09,0.17903053771866684,0.29984799582245153,0.1756471371321806,0.18741762943869741,0.2828392119685822,0.19776223366974566,0.11340664708073421,0.27263896520627146,0.23060496945657236,25.946374999999996,
3343,Dong Thap,VNM,2020,2020-06-09,0.11064973662536974,0.29486403588674265,0.09619331731867484,0.12155616987592782,0.2673682854773553,0.1853264736990966,0.09943028604191013,0.46242865502056624,0.39853710909040513,27.65680546558689,
3351,Hai Phong City,VNM,2020,2020-06-09,0.21338531247945958,0.31330978734307,0.20569229978818934,0.21798688993431048,0.30408118597186135,0.23936470677006472,0.1532521825740172,0.2064284639949964,0.21220203988595454,27.80344003248973,25.96906366711226
3352,Ho Chi Minh City,VNM,2020,2020-06-09,0.1483069122492829,0.28609705707392313,0.1430294952981484,0.15919093476846286,0.27272740888311087,0.2065577356934669,0.12989077364882246,0.3341970799679183,0.3154523493973861,25.079237671039465,
3356,Kien Giang,VNM,2020,2020-06-09,0.07316520940948291,0.2268776679221801,0.053954408230787655,0.07939485032427554,0.20551856711836072,0.141474150202867,0.0743113991754875,0.4627411904642676,0.37742698060891866,29.41035348051361,21.630000000000052
3359,Lam Dong,VNM,2020,2020-06-09,0.13553943292360723,0.34047429418499353,0.1353830702956433,0.1482169059097934,0.3295486321398711,0.22022466308374108,0.11759340333844753,0.4689574092828885,0.43279152638699825,26.2593106256233,11.771278945106024
3362,Long An,VNM,2020,2020-06-09,0.1444144586853455,0.31077233988397607,0.13318430934197273,0.15334449263421512,0.29849828619376906,0.21927020871111894,0.12482642891335,0.38621412026111474,0.36681214116206995,30.321067413955777,
3375,Quang Ninh,VNM,2020,2020-06-09,0.21166985210517816,0.34745851247666887,0.21581598693697526,0.22200386123015994,0.33299736394386587,0.23470429992321976,0.138697352540456,0.2986991825802659,0.2814075896896969,29.137696681448446,23.352598278429074
3378,Son La,VNM,2020,2020-06-09,0.12912640197536185,0.41125093838346616,0.10958572459804503,0.14317033759122078,0.40735617006001495,0.2910807275736789,0.16205536596304823,0.5636110488967035,0.8709912187889135,33.51652411012535,9.082884102750537
3379,Tay Ninh,VNM,2020,2020-06-09,0.10960169380767283,0.3639680553778553,0.10176387872889645,0.12562732620834985,0.34553870437646267,0.22899253170340855,0.11397407198172277,0.5570346930744157,0.5912699154770078,31.402797639132842,
3380,Thai Binh,VNM,2020,2020-06-09,0.14393051798053574,0.269198954416963,0.10826711707857875,0.13761499104606345,0.2596355573239445,0.21251230427913728,0.13852935478918382,0.3133438240582624,0.3249132701352673,35.13242882690159,26.21629266867884
3382,Thanh Hoa,VNM,2020,2020-06-09,0.06756300136698881,0.3610463962377671,0.03988900889876202,0.08149475626956333,0.34727577260689046,0.229720619026187,0.10611906081890786,0.6678546663766133,0.7824417120911259,32.90839270840429,20.339764126810564
3384,Tien Giang,VNM,2020,2020-06-09,0.1517318079765706,0.2881847413126904,0.1410210802473848,0.15739558773270768,0.2787017698684519,0.21087218384695045,0.12599577256392236,0.3351199470558906,0.2996169049322492,28.055705115434897,
3333,Binh Dinh,VNM,2020,2020-06-17,0.05318196321872948,0.3361072972965796,0.03048364348230298,0.06438066827576837,0.31912981554477093,0.1965582483887283,0.09103043262286727,0.7277975098297477,0.7484414534844626,31.790534002434164,22.62010112504385
3338,Cao Bang,VNM,2020,2020-06-17,0.13708222336897546,0.44336670289451635,0.12841773309318633,0.1583393095011534,0.42731392163994264,0.28698556199914654,0.14337070420172404,0.556322676251631,0.7019043698348595,29.707995755848394,19.257861131240453
3355,Khanh Hoa,VNM,2020,2020-06-17,0.07785391402968321,0.2925910658378273,0.05308456025953996,0.0817688643169574,0.3021017504400647,0.21670625240513286,0.11864501117680612,0.6099431444756943,0.7787440847435905,32.09418072921217,21.912449238894368
3360,Lang Son,VNM,2020,2020-06-17,0.09780688560280686,0.41715314879866894,0.08617518561437963,0.11923984817146226,0.39613259262337186,0.25500422498138076,0.11773971239505986,0.6394796414906941,0.7461708195311091,29.26790937472698,20.65786839071474
3370,Phu Yen,VNM,2020,2020-06-17,0.05609387126992011,0.308252574166467,0.03267829942432936,0.06533795470774986,0.29547870100533613,0.1918308465035302,0.09218515399418897,0.6948728662509908,0.7015774312296451,32.5215213232056,22.712966052599505
3371,Quang Binh,VNM,2020,2020-06-17,0.06567794142950936,0.3570515167796914,0.046516597307937856,0.08096465667021198,0.34489011588569324,0.22423213047679197,0.10531776104963159,0.6993519060987157,0.7572295737850944,34.21720345630514,24.30673728964007
3374,Quang Ngai,VNM,2020,2020-06-17,0.05192498952366384,0.31882203711490964,0.032210191493178365,0.06260026191754053,0.3045382293658183,0.1932613004320966,0.09125244760047907,0.7259131250631436,0.7292187373607593,32.853981981615455,23.067036341625084
3376,Quang Tri,VNM,2020,2020-06-17,0.07217000512598033,0.351465328119242,0.04863272547430122,0.08365489539095658,0.33926696787830946,0.22780640779307557,0.11424825446380421,0.6702838643352068,0.793900062510564,34.805816780851444,23.727682580574367
3383,Thua Thien - Hue,VNM,2020,2020-06-17,0.05256648115468219,0.3322503272707537,0.036612853582781275,0.06835815201791826,0.3097756984847773,0.19136850006913808,0.08603714410285995,0.7299114135176711,0.7290529384313921,31.614113338171915,23.219927279472106
3327,Ba Ria-Vung Tau,VNM,2020,2020-06-17,0.09841398481674311,0.29814478948848433,0.07959551571404822,0.10747956643453259,0.29396438604821845,0.21332225231606974,0.11975537502712717,0.4871116490214016,0.5403793528857396,31.212884495509602,17.57192706944342
3336,Binh Thuan,VNM,2020,2020-06-17,0.07576702558251865,0.3340620188706736,0.04302223369782602,0.0821511759658573,0.3352869647239741,0.23684403188706554,0.12325485949420062,0.649198128797286,1.0182725823679453,31.83029215008276,22.344928683288103
3342,Dong Nai,VNM,2020,2020-06-17,0.07096997267515809,0.2925878463366465,0.05373467917891856,0.08137658270936941,0.2779267717307094,0.18286082282987676,0.0909847485004971,0.6194176639550567,0.5637384082449022,30.61902084725397,22.855957035277793
3344,Gia Lai,VNM,2020,2020-06-17,0.09065142405654694,0.3229543574828273,0.06850815191939723,0.09746793435337021,0.32404385367026906,0.2313776091152505,0.12775183547020424,0.5954899796397035,0.6616175777722404,32.40777205482476,20.51187389665142
3345,Ha Giang,VNM,2020,2020-06-17,0.19952166682022035,0.41170102653143387,0.20258880810137647,0.21696576469616632,0.3942024452060098,0.2775041825685975,0.15043985263306467,0.3914884978684702,0.4267839164851823,30.82897053325409,21.884184431865727
3347,Ha Noi City,VNM,2020,2020-06-17,0.10716337387074662,0.2980758388072385,0.06704360916463421,0.10780865374730389,0.28713181343325256,0.22817911972358476,0.14499453622516895,0.4617452778050606,0.6032110073233167,38.08730416449614,25.19917768034183
3348,Ha Tay,VNM,2020,2020-06-17,0.09255432793659435,0.28984622348336586,0.05324148493547,0.09645417665116246,0.2601198714958895,0.19078673372899424,0.1074580381961671,0.49393585350907593,0.5432765354200841,35.049714229940236,25.52332295379387
3349,Ha Tinh,VNM,2020,2020-06-17,0.06113469695809556,0.3271868756352449,0.0356754389772798,0.07256067679934991,0.315875881849047,0.21197834565030155,0.10200371218773568,0.6804896064688033,0.7324716459361242,34.25030492607513,25.635169654796428
3353,Hoa Binh,VNM,2020,2020-06-17,0.05347584895808226,0.37957988667622317,0.03261706726707725,0.07357169320414048,0.3548184327150856,0.22265115299533175,0.09399935237889179,0.7454346597274292,0.8295261247686446,32.74926444432508,21.621344705234435
3357,Kon Tum,VNM,2020,2020-06-17,0.0744478387751639,0.32629200429747296,0.06208955102920199,0.08600077840195776,0.3200038062925911,0.2060427328302638,0.09965114742427636,0.6708665227763856,0.6536698859981056,29.274968789919456,19.05120133162753
3366,Nghe An,VNM,2020,2020-06-17,0.060213084412473854,0.3451312555838251,0.04033586483888894,0.0745408111362154,0.33044621837069865,0.2123029235388593,0.09722769786198378,0.7141792580235062,0.7580089698377201,32.66213505199797,23.145378648319177
3367,Ninh Binh,VNM,2020,2020-06-17,0.08646787361237718,0.2651704223156524,0.04995682020524829,0.08779620560296789,0.2495059513642574,0.18468321407669555,0.104798888423763,0.4884956180338578,0.47063833751855455,34.97997822259869,26.383552456215693
3368,Ninh Thuan,VNM,2020,2020-06-17,0.09955307527633364,0.3127344194881772,0.05666773774866947,0.09502377772724792,0.3423027196368244,0.2758379187636166,0.16787420871179545,0.53857279867179,1.0361787581728352,33.95779459348515,22.883046905396785
3377,Soc Trang,VNM,2020,2020-06-17,0.09809970600215322,0.2458790213265111,0.07194644938403372,0.10090867486649634,0.22377611474990347,0.1650296404042806,0.09372832302364857,0.4014349356306242,0.3442753880645234,28.332229101351203,
3386,Tra Vinh,VNM,2020,2020-06-17,0.09914841668352108,0.26561326011783515,0.07759540610099697,0.10690844724794066,0.24707684693887533,0.17728459926103168,0.09768961853531773,0.4210224358075908,0.39288750408894685,29.377234872546648,26.531796611408183
3387,Tuyen Quang,VNM,2020,2020-06-17,0.10212707972811536,0.3972943234299155,0.09495241898759726,0.12145137903691344,0.37706058188204183,0.25149081779095017,0.12063244800439145,0.6104930062706094,0.7062363608816186,31.209413622761215,23.22312295444929
3388,Vinh Long,VNM,2020,2020-06-17,0.10644544400185049,0.33054395045007895,0.09122921758296644,0.11938288565900315,0.2976723846055842,0.19870952809211623,0.1053031934421123,0.5197469318467278,0.4930661660365863,31.792081128747707,26.470000000000027
3390,Yen Bai,VNM,2020,2020-06-17,0.13674552542155202,0.39392496512170844,0.12934568923506606,0.15333191315134054,0.37953213547250136,0.25977375142025866,0.1328208162252453,0.5319281522324177,0.6241846855990061,30.962186006385135,18.714242416968236
3328,Bac Kan,VNM,2020,2020-06-17,0.12653305167654488,0.4314580867180798,0.12408141599936563,0.14808375747411914,0.4127284708297894,0.2741135211226793,0.13455408924400694,0.5730064837494656,0.6970658889314705,29.789045813011125,21.288889570960155
3329,Bac Giang,VNM,2020,2020-06-17,0.09042263153656595,0.3685651901583744,0.059415638978586496,0.09977988985763665,0.35535242440403675,0.2467776393030146,0.1255764638442931,0.60421283003036,0.7429779729784123,29.825391159699823,24.76725339863539
3330,Bac Lieu,VNM,2020,2020-06-17,0.08746461565595759,0.15542155463626647,0.06310565508499916,0.08797541885684042,0.1394125280958333,0.11380952315101094,0.07096050376228646,0.2504649508714234,0.16009167958186651,31.5916352770964,
3331,Bac Ninh,VNM,2020,2020-06-17,0.11725960601397507,0.2712898717801578,0.06927833076863928,0.11190132119811505,0.2544317494258694,0.20536716771984298,0.1313212082550092,0.3896526625594755,0.44944926097945553,36.434745673997995,25.685941642148737
3334,Binh Duong,VNM,2020,2020-06-17,0.07390618481612356,0.3205651047429974,0.0591773870642828,0.08621688684804618,0.3104631137976521,0.21020231574495876,0.10436951471536242,0.6507840210797594,0.7205924842514364,31.507988102094817,23.4170805635586
3335,Binh Phuoc,VNM,2020,2020-06-17,0.0478629204306762,0.30642607890661794,0.03531673602890455,0.06067991919862277,0.29123223512140933,0.1755524206910018,0.0727685210076771,0.7516598712710926,0.6253595673034588,30.889386208646243,22.307980603463964
3339,Ca Mau,VNM,2020,2020-06-17,0.1044376770344043,0.18104101613328366,0.09038498480373425,0.10778946777208678,0.17008518526590824,0.12647091890139847,0.07374055063184434,0.2752216949416695,0.15970161682415016,28.123763445064657,26.438369026859384
3340,Da Nang City,VNM,2020,2020-06-17,0.06313824849466232,0.31676467352009297,0.043263845765938946,0.07500238840757024,0.29561960737816195,0.18922077448054858,0.09673270350947492,0.6749759383454774,0.662246788788837,32.89365113497747,23.563750767377893
3346,Ha Nam,VNM,2020,2020-06-17,0.10051611636634543,0.24409878799167678,0.06217055228294023,0.09915368375599792,0.21568372424799823,0.1638982776612426,0.09881602524347048,0.39919481940193513,0.3615597176905158,35.02594760918982,26.97642885113197
3350,Hai Duong,VNM,2020,2020-06-17,0.1087241898622462,0.27417306699247035,0.06441243837142431,0.10617005996116409,0.2569661736745371,0.20103275086543973,0.12292576261857237,0.4212973763355891,0.4661285570873244,32.29572968412699,26.863223622411798
3354,Hung Yen,VNM,2020,2020-06-17,0.105754022107515,0.26754855310647957,0.06251469160222979,0.10166331988094304,0.24027701793226175,0.18528917087483773,0.11356081895480112,0.42242841347987753,0.43897772234560284,36.4670487122956,26.429745460658598
3364,Nam Dinh,VNM,2020,2020-06-17,0.10618750474092953,0.20893862413201122,0.060976820605586624,0.09443906880462397,0.19122536370757726,0.15842226653653965,0.10621564873049429,0.3181154490355379,0.26073572911217546,35.456063199834304,27.118613558199346
3369,Phu Tho,VNM,2020,2020-06-17,0.06918974573412227,0.35721945138722916,0.04541524339516258,0.08365317221842117,0.33926653332918394,0.22597137933403605,0.10372657873683525,0.6685768846428813,0.740014506190042,32.88226879901252,21.56469857803773
3372,Quang Nam,VNM,2020,2020-06-17,0.04614573526750689,0.33060622755399055,0.03134055742913645,0.06205514438889692,0.3123020478422391,0.1862812801985502,0.08029198755158062,0.7581721605893141,0.7436244208492017,32.09813841010973,22.014444825508917
3381,Thai Nguyen,VNM,2020,2020-06-17,0.130715780283227,0.38215364694838355,0.1231563146597061,0.1457792223571676,0.36253089195860355,0.24909126123776476,0.12868392254056557,0.512004302794828,0.5559680389471932,29.365295955931227,21.93592494466432
3389,Vinh Phuc,VNM,2020,2020-06-17,0.08366263880591522,0.31326815316914597,0.05152340054155638,0.09123977830573672,0.2910703390885492,0.20589038424678469,0.10844782056846934,0.5649210443600031,0.6034438828560775,32.913464807053316,24.99833696607668
73933,Can Tho city,VNM,2020,2020-06-17,0.10898390961037208,0.2695215428199088,0.09117152112342357,0.1185764724681928,0.24608019069489256,0.18030535476165543,0.10007749254742927,0.44528023160341856,0.35673896417198636,29.884644111609504,
73934,Dak Lak,VNM,2020,2020-06-17,0.07000682899824354,0.30233798639353354,0.04875671143752012,0.07856303615041522,0.2983033017896151,0.2036702808929622,0.10424511294103897,0.648482936470021,0.6045655980798744,32.02726223693819,20.36105922281246
73935,Dak Nong,VNM,2020,2020-06-17,0.0696390186740278,0.30947706422690274,0.05675581444209794,0.08116309545943698,0.29992291756132083,0.1927618126355704,0.09241704334856307,0.6697184995835419,0.6032680656026146,30.391711228788015,19.98244518684041
73936,Dien Bien,VNM,2020,2020-06-17,0.17844523777526755,0.410862756085011,0.17821023229542124,0.19456443878281104,0.3896837023761939,0.2753585642972349,0.1552104418477282,0.4411330884329382,0.5141875846608025,28.86723042136044,17.705211774626935
73937,Hau Giang,VNM,2020,2020-06-17,0.10034960623544334,0.32703113764097275,0.08297995284359996,0.11219366053710064,0.29449882177924996,0.19446387061570358,0.10077815038928391,0.5418256204526398,0.4978951640738691,27.523516975060346,
73938,Lai Chau,VNM,2020,2020-06-17,0.2978181392619986,0.47830150019621315,0.29728618658024897,0.3107585912167933,0.4567396113617719,0.328100120228391,0.19140680502258758,0.2862335375692101,0.34416398611439813,28.442656091437666,12.262028591161942
73939,Lao Cai,VNM,2020,2020-06-17,0.17728706708818762,0.4130777675861352,0.17795274341148692,0.19476303893450192,0.38981467324549407,0.26269568295503276,0.13737229800849604,0.44439298458457727,0.48672328397047127,31.944609696545637,18.27848517424129
3326,An Giang,VNM,2020,2020-06-17,0.10401595448312696,0.39777734217623273,0.08756827862297688,0.1209390072330231,0.34705566470041327,0.21871750314006871,0.10723064841170998,0.590724057487115,0.6230956336391532,28.86092155235955,
3332,Ben Tre,VNM,2020,2020-06-17,0.11593654535902843,0.25830061520992137,0.10058002936210064,0.12255230002422968,0.24733538275925676,0.17933834811306895,0.10547287343300514,0.36425641445109674,0.33358083152866574,29.06900023278661,26.835844533363854
3343,Dong Thap,VNM,2020,2020-06-17,0.08614398002059843,0.30199283670886423,0.0646286238030809,0.09978754779032326,0.270591043363715,0.18252869210533668,0.09157318060682014,0.5504330521113705,0.4865492554254247,30.030902315240812,
3351,Hai Phong City,VNM,2020,2020-06-17,0.10130696805920568,0.23910413086724744,0.07089997384211086,0.10258176788428339,0.22320061471039204,0.17073934776980587,0.10368126571988534,0.3963457991602898,0.35091176625369697,32.022062353575954,26.55290596919459
3352,Ho Chi Minh City,VNM,2020,2020-06-17,0.10353786431944162,0.2548348385937647,0.08985127385666464,0.11289748292107732,0.2398429604128641,0.1776213843091141,0.10979669523500533,0.4362890868168893,0.39409918783207787,32.076658544680484,24.765845935168063
3356,Kien Giang,VNM,2020,2020-06-17,0.0927549695836305,0.24852887058715803,0.07616894926686621,0.10008270338345293,0.2266020034212289,0.15810021218907863,0.08437023807318363,0.4312275884919152,0.34489691182782145,27.902370074023732,26.74107265232797
3359,Lam Dong,VNM,2020,2020-06-17,0.059673956958605605,0.29778747110782205,0.04554635327326164,0.07071908446024594,0.287901842300856,0.177726380531514,0.08066727976085913,0.7039156264670348,0.5877534306022881,28.629798937381057,17.772552203397414
3362,Long An,VNM,2020,2020-06-17,0.08125252576003165,0.27903044710183517,0.0594990530164484,0.09025446276211871,0.26099645859722204,0.18707031400994045,0.098545295892156,0.5584457505610105,0.49066428566364445,31.64456176819074,25.009153687028487
3375,Quang Ninh,VNM,2020,2020-06-17,0.11749319230901153,0.33758758875694617,0.10425221913102517,0.12995959765289328,0.3273177798655413,0.23014111794331335,0.12222657215258229,0.4997571511448412,0.5290707367900221,30.12819759811067,22.026770485469036
3378,Son La,VNM,2020,2020-06-17,0.11869283918845874,0.38491073209988963,0.10834713138089326,0.13451656153575828,0.3688788940348712,0.25371915437289544,0.13273693533277686,0.565219038595035,0.6932018287902441,30.726051758942756,18.652321922214867
3379,Tay Ninh,VNM,2020,2020-06-17,0.06907752819630326,0.3556579931994173,0.05337691911105834,0.08553902952259418,0.33527334725098784,0.2179023015399232,0.09972830835749448,0.6846691114185504,0.7238370429338992,30.729719698405635,
3380,Thai Binh,VNM,2020,2020-06-17,0.10111880930224906,0.2096084322876131,0.059263917921468116,0.09263486638242224,0.18431296351856946,0.14686578547352738,0.09385608961437107,0.34174051662354504,0.2707409328989759,33.359560000685086,27.075503266419233
3382,Thanh Hoa,VNM,2020,2020-06-17,0.061937442674217115,0.33726639278575565,0.03716080303859549,0.07466333262124551,0.3170079605474882,0.20677809314617412,0.0950525730004606,0.6810728176485463,0.7105991897886357,32.61963398458234,23.47564606515741
3384,Tien Giang,VNM,2020,2020-06-17,0.09928565047158723,0.25628243154570735,0.07877887540438112,0.10426771195279365,0.24492274867415287,0.1839132549754044,0.10666188434281239,0.4546629894966799,0.39526204383677405,29.80802249697721,24.658115010889876
3333,Binh Dinh,VNM,2020,2020-06-25,0.06626059101517454,0.38058122649245724,0.041320116757867946,0.08031318515021052,0.36150621630627566,0.2255122578764949,0.10443109144858281,0.6984848749274701,0.8244116347462974,33.56433944930976,23.675279148273216
3338,Cao Bang,VNM,2020,2020-06-25,0.269182895682319,0.44632144105682586,0.27965709811716366,0.28478894847530367,0.424896490305315,0.3044492982543244,0.17879962018470055,0.2843535733274617,0.2945396542736114,27.508959380493124,20.814817184680557
3355,Khanh Hoa,VNM,2020,2020-06-25,0.12402602091046808,0.3427962934141426,0.10419494983191231,0.13066869361718653,0.34635594039067136,0.2522660088311779,0.14172800443896613,0.502179168414866,0.5474235851031841,30.67898266390812,21.27104009588991
3360,Lang Son,VNM,2020,2020-06-25,0.18174444162974082,0.38836977366901393,0.18805633183783207,0.19806703313496704,0.3671651576194007,0.25366879727102404,0.1421941077631511,0.40137327882380713,0.3928471838623623,29.58812267581599,21.812190977070475
3370,Phu Yen,VNM,2020,2020-06-25,0.09619064978741794,0.3684601794352617,0.07323125413113908,0.10795645062214942,0.3566645217995068,0.24214764914338946,0.1237353202489341,0.5947200662916274,0.7155370074105228,25.065788635156675,21.643224292210654
3371,Quang Binh,VNM,2020,2020-06-25,0.06976523127244351,0.31868120382722925,0.055141494697898655,0.08231789507662944,0.3068781623290378,0.19705844384332627,0.09518306933183782,0.666528348532457,0.6400219893535448,31.998953526196512,23.437155010677028
3374,Quang Ngai,VNM,2020,2020-06-25,0.06760409390012331,0.3463220913689968,0.05083615105068445,0.08085126015620048,0.32455526843716465,0.20416461128316973,0.09461559596744137,0.6764978685372294,0.6866912895827092,34.37742595560266,22.481952734937
3376,Quang Tri,VNM,2020,2020-06-25,0.07684310864681872,0.3235793050065608,0.06080543464929188,0.08787380360261189,0.3087115411448643,0.20335358252957944,0.10261163264768348,0.6430257991128774,0.6341928189792659,34.2326100233374,23.00456137564194
3383,Thua Thien - Hue,VNM,2020,2020-06-25,0.04952716485952225,0.30163271824060023,0.03968673325291535,0.06393108931429248,0.27316203439399106,0.16184852754356763,0.07130678092861811,0.7260486433836502,0.6039575028062086,31.94451030942515,23.14472280415619
3327,Ba Ria-Vung Tau,VNM,2020,2020-06-25,0.1551553269839477,0.32270503945175155,0.15025807658962462,0.1678078259841529,0.3088380318494214,0.2236651899220693,0.12695259202246548,0.35266834658778096,0.3461436519584133,,24.531785409001415
3336,Binh Thuan,VNM,2020,2020-06-25,0.11087379504256271,0.3592422190693401,0.08824594084791126,0.12048909087342069,0.35280510484089145,0.24756602236254244,0.13198868014846088,0.5638563129755619,0.3838257512177917,28.124946280239197,
3342,Dong Nai,VNM,2020,2020-06-25,0.15885496921912584,0.36174779173896493,0.15590098236488875,0.17294885334963814,0.344488328230952,0.24413274373562513,0.13619804401391258,0.4068842089692904,0.4236134009542431,29.362322425141066,
3344,Gia Lai,VNM,2020,2020-06-25,0.15156189961662944,0.37669190388931484,0.14104737980606694,0.16248875287135814,0.36769870292078904,0.270301638008262,0.15502408588043298,0.46548568759314846,0.6432870196014693,30.92543849533248,14.1595179647673
3345,Ha Giang,VNM,2020,2020-06-25,0.3169633196151201,0.49908570854718654,0.31750603391954857,0.3291319732244345,0.4790126305671718,0.3525051990803242,0.20677678669146637,0.2929667668738175,0.35123580793764897,29.12399431786672,17.64311053798937
3347,Ha Noi City,VNM,2020,2020-06-25,0.13839874314762365,0.29581594069090217,0.10990535442414577,0.13918047810715278,0.2865686687664792,0.2330035999024828,0.1539912003689195,0.36855625976261114,0.44708211139341697,39.775862717370536,26.647652816058496
3348,Ha Tay,VNM,2020,2020-06-25,0.11453239406006124,0.28786318630584795,0.08390546064252864,0.11890905938333977,0.2605526204077675,0.19521546548777913,0.1149532793124272,0.4306484799017013,0.4174350845932966,32.22403415156483,26.100952483407205
3349,Ha Tinh,VNM,2020,2020-06-25,0.06438629787594022,0.3067551472077476,0.04292692255561455,0.07432663860048452,0.29531182686856977,0.19731192264206412,0.09698202604470876,0.6637186389423807,0.6389592502598254,32.904322180948476,24.738776093729502
3353,Hoa Binh,VNM,2020,2020-06-25,0.06873091832322543,0.37171674944069166,0.050274524750080374,0.08620970288770233,0.3499748323252678,0.22062940880960258,0.0985093683222646,0.682942765627077,0.73791260956624,31.130604430879103,22.61432102853201
3357,Kon Tum,VNM,2020,2020-06-25,0.11935724429880454,0.3472729873142457,0.11939211062192757,0.13379140580894444,0.33204038011993214,0.21746456758233196,0.10879850032462321,0.5169596446607939,0.49149669261610185,29.21970995860343,17.668037264659986
3366,Nghe An,VNM,2020,2020-06-25,0.06937169586203555,0.3492968142684606,0.05018346994912186,0.08271532383026593,0.33610046217993306,0.2173038380730202,0.10223252861480363,0.6777997167698799,0.7164622234339315,32.34661733146198,23.498154324051658
3367,Ninh Binh,VNM,2020,2020-06-25,0.09831845789039059,0.27015425853369707,0.05992697542813787,0.0982668478417897,0.25384313766464806,0.18937946107064205,0.10919394253776372,0.44885894687167904,0.4448004563861056,33.547270446348215,26.001984407028363
3368,Ninh Thuan,VNM,2020,2020-06-25,0.11415967899161265,0.3238437797797588,0.07954389844604026,0.1135721798288597,0.3440444048187476,0.27069656701439315,0.15919268391333127,0.49063716199758667,0.6733824208859498,,
3377,Soc Trang,VNM,2020,2020-06-25,0.13249536185702024,0.2746262336761512,0.11926809737360732,0.13979621219235433,0.24311928612621692,0.17921732942450047,0.10357728545445224,0.3404538124996978,0.29633779982940417,29.20860869565218,26.710001316247915
3386,Tra Vinh,VNM,2020,2020-06-25,0.10423372074775908,0.2673071142236137,0.0895143290173422,0.1132522011470638,0.24088251952928605,0.17059553232674843,0.09349884027952723,0.4230661444188273,0.365802336494977,,25.080138648180263
3387,Tuyen Quang,VNM,2020,2020-06-25,0.18274693034444872,0.4239227050945411,0.18208957358926658,0.1981911243753544,0.4056195557513769,0.2853524771382263,0.1566195312806806,0.4486259762963451,0.5086352864427501,27.768808191075475,24.297823563442062
3388,Vinh Long,VNM,2020,2020-06-25,0.12306583671345839,0.318779488484565,0.1162485450767329,0.1362508966770704,0.28478211227306827,0.19402963273738866,0.1060554493175836,0.46045946826255313,0.403086429398515,,
3390,Yen Bai,VNM,2020,2020-06-25,0.1884705933625219,0.41769825138842215,0.18483346305795495,0.2027669806239306,0.4058019136091925,0.2885026649989289,0.15991006156525195,0.43081241625065586,0.5035536997055177,27.36725052725384,20.942835134430453
3328,Bac Kan,VNM,2020,2020-06-25,0.20374530395110824,0.42793937081383693,0.21172400402469294,0.22085742486052573,0.4054745975816586,0.2803710922395037,0.15862258373994634,0.39156113986356195,0.4330646779308927,27.559675611003087,21.036600808535493
3329,Bac Giang,VNM,2020,2020-06-25,0.1266689472289939,0.3275366152754535,0.1120456032797644,0.13424029310612473,0.3127386086678469,0.22346694620435897,0.12656656421878684,0.4645599835796513,0.45241594184495976,31.47197789480813,23.888051946376383
3330,Bac Lieu,VNM,2020,2020-06-25,0.10785330145564553,0.1781127609350919,0.09303907352327782,0.11334014906245272,0.1551499252728038,0.12327316032810427,0.07598483400283342,0.21576717763959902,0.1521641544994142,,
3331,Bac Ninh,VNM,2020,2020-06-25,0.16095167927099588,0.2827382498944225,0.12268074418096742,0.1558014016489069,0.262530042465093,0.22170835941669817,0.1509849159222369,0.28386600868925266,0.32193032575587877,,26.530081174147014
3334,Binh Duong,VNM,2020,2020-06-25,0.16700499786955544,0.38677672533163737,0.16658795814750388,0.18250421625729454,0.37531723733361305,0.2711173811962499,0.15139726263640776,0.4232463704936522,0.48632048240969644,27.97748986115736,
3335,Binh Phuoc,VNM,2020,2020-06-25,0.19930023710190345,0.39279902910439746,0.21052380315283922,0.2150464386505931,0.372718872498663,0.26381058218638076,0.14814503670979895,0.3563562243752551,0.3613611136373672,25.4987674883411,
3339,Ca Mau,VNM,2020,2020-06-25,0.13726388713314538,0.2049474597785622,0.13178223733000263,0.1438461111250827,0.18823671557601004,0.14430369881680577,0.08874654332682318,0.20876957243594513,0.1310516434032597,28.65659044607295,26.552107969151663
3340,Da Nang City,VNM,2020,2020-06-25,0.06512142501091292,0.33813444142565086,0.04611761997450505,0.07930132777496583,0.3120717479531176,0.19315331193613317,0.09225303917991162,0.6725806631425825,0.6594295599967622,30.11713537656168,23.047653104668868
3346,Ha Nam,VNM,2020,2020-06-25,0.10982585243809272,0.26062450898422856,0.07152802954455514,0.1092911418193671,0.23722386689075198,0.1829346090183072,0.10926499336422296,0.4003402327365755,0.3619662286934544,31.50285958578763,26.141595836178098
3350,Hai Duong,VNM,2020,2020-06-25,0.11740486161987626,0.2677261530582703,0.08258330651431368,0.11795748836094655,0.24442428484589443,0.1873933222555557,0.1107839757769812,0.39495349361956084,0.3519434046457793,26.908771283188777,26.07712013083444
3354,Hung Yen,VNM,2020,2020-06-25,0.1207838613568538,0.2731109055748321,0.08359094307251017,0.11842092362599407,0.24320892987167622,0.1866988552202449,0.11273250653703634,0.38569429150149537,0.36316939123415853,32.78241102786233,26.22356013184694
3364,Nam Dinh,VNM,2020,2020-06-25,0.1166799521594411,0.19890103816019986,0.06922341895166678,0.10325029260840299,0.1681183208424847,0.14072457969665111,0.09532023227896595,0.25025349318517526,0.20746520097916998,33.76180642045194,26.39066023927139
3369,Phu Tho,VNM,2020,2020-06-25,0.1117734159622604,0.34134933801734196,0.0986032867153924,0.1234843030172184,0.32486464391686537,0.22383181808941588,0.11629777235907432,0.5253339387679508,0.5189323602317719,29.295688295333832,24.65082193117562
3372,Quang Nam,VNM,2020,2020-06-25,0.05610487544484036,0.33575617494491183,0.045436422742448856,0.07250880777596119,0.30947501516801945,0.18185168172528623,0.07687755269564535,0.7182686764557371,0.654115036063984,31.680497603779,20.625243192402298
3381,Thai Nguyen,VNM,2020,2020-06-25,0.1394452484119662,0.35024831142274854,0.13619786937892922,0.15240547566860183,0.32893539558653795,0.22721539433006652,0.12309496154758218,0.459131911389565,0.433831985660835,27.917970290669043,23.84030005907439
3389,Vinh Phuc,VNM,2020,2020-06-25,0.12310920059517254,0.31048330587788137,0.10193980893376885,0.1298542311145244,0.2920502447278616,0.2149472236182317,0.12403587030049115,0.4445281736117214,0.4339593034838921,29.52403527075582,25.64998803783048
73933,Can Tho city,VNM,2020,2020-06-25,0.12758045594304623,0.3041981226684881,0.11885012425543216,0.14254212128266947,0.2742294198152982,0.20244062298532625,0.11368405094748199,0.42440293839417087,0.3818053316595087,,24.827173478655787
73934,Dak Lak,VNM,2020,2020-06-25,0.1663727863461056,0.37793416681255115,0.16371331624323732,0.18006263202858214,0.35839028150328783,0.2582627900781471,0.1440403001634884,0.4370084350086017,0.4637141278852257,29.556143422761796,8.547795275590587
73935,Dak Nong,VNM,2020,2020-06-25,0.21096459972557943,0.3888099285374764,0.22115641587017454,0.2248223460222362,0.36439410202255634,0.26808893297027275,0.1578316123866428,0.3481956508337145,0.34900876345601367,26.932748174574733,
73936,Dien Bien,VNM,2020,2020-06-25,0.22198223258298708,0.46005214539692174,0.22224135160891206,0.238891069092534,0.4365705616339989,0.3060484443972406,0.17437626502458292,0.39489949418790116,0.49179254118590926,29.705706271851025,21.535912171655983
73937,Hau Giang,VNM,2020,2020-06-25,0.10850939940207346,0.31521006998790935,0.09575898128390613,0.12048192927688746,0.276707846974322,0.1872648123077635,0.10084654784708925,0.5027866615456934,0.43983719390497,34.39009025627517,23.652441522395733
73938,Lai Chau,VNM,2020,2020-06-25,0.32905091942258213,0.5005690673775813,0.3302487262252915,0.34139578062471015,0.47129595944377617,0.3388413659255738,0.20854235213894365,0.2624191123560602,0.341480739322709,30.542681953002262,-25.16999999999996
73939,Lao Cai,VNM,2020,2020-06-25,0.20386047021530504,0.46348175229347344,0.1983198215667325,0.22062735952206167,0.44484561424291946,0.3130813802929875,0.17182016573661735,0.4556931249788267,0.5842957693814231,32.524889469005934,13.31690857690033
3326,An Giang,VNM,2020,2020-06-25,0.10772867841675365,0.39013856028931954,0.08958620610694498,0.12346059860142031,0.33894262216932053,0.21576664777011523,0.10655529400388072,0.5731251127558795,0.5925233957537437,27.92225234926558,
3332,Ben Tre,VNM,2020,2020-06-25,0.1267328861408116,0.2609428650556983,0.11966450998844712,0.13480818434964817,0.2399259553496173,0.1711667745908629,0.09908837660589738,0.3338532060978909,0.28393645559082453,,25.396922617846535
3343,Dong Thap,VNM,2020,2020-06-25,0.11141703840853993,0.32238743606937137,0.09621699666197635,0.12611269588718343,0.2890872954404131,0.19905143746489334,0.10185286146196082,0.49697736140025606,0.4508972174624591,28.85145952838512,25.46704945340972
3351,Hai Phong City,VNM,2020,2020-06-25,0.10222775761161025,0.2515006256430488,0.07159607853000734,0.1054792612207284,0.22752162237934878,0.16843921094392475,0.09567301793626312,0.41751448500955884,0.3429907410519845,29.81782463760795,25.188523771809788
3352,Ho Chi Minh City,VNM,2020,2020-06-25,0.16944841873958721,0.3006897806798063,0.16952004713652644,0.18285416326886425,0.27998454604963063,0.21089353180511253,0.12502862077253665,0.2864468769658203,0.25168235920382576,31.151291902071595,25.34791907514453
3356,Kien Giang,VNM,2020,2020-06-25,0.12769646697454276,0.28079696502117457,0.12058121048336104,0.13926687860574505,0.24653963533723508,0.17819862547762755,0.09974065429787184,0.3872946926058114,0.3244848941242777,29.617736942123706,24.466615776081447
3359,Lam Dong,VNM,2020,2020-06-25,0.17003960490671965,0.3839763660310946,0.16528890878389604,0.18287937477344549,0.371393219389681,0.25909721708133,0.14384351207940468,0.4406337033068881,0.45444035293307816,27.05724016218004,
3362,Long An,VNM,2020,2020-06-25,0.12264919904022524,0.3145643835880128,0.11270044042413876,0.13641854142630583,0.2909018132230342,0.21056260617042954,0.11185850169808495,0.44252692003617544,0.41257879925467983,30.60057592534437,25.3389952500617
3375,Quang Ninh,VNM,2020,2020-06-25,0.15131403914429928,0.3238635545718407,0.1493251794225133,0.16306549160536582,0.30831787077069006,0.21916485256340584,0.12382061905699893,0.40037380566608544,0.3571983750096996,27.946849921816504,21.034841649417682
3378,Son La,VNM,2020,2020-06-25,0.13877582433680985,0.4195703925918485,0.12559465206582868,0.15452966701093893,0.40699522409811595,0.28122321594244704,0.1507301759067506,0.5381771805852368,0.6995546998777027,31.308399724687515,21.501430976157785
3379,Tay Ninh,VNM,2020,2020-06-25,0.11641669660267588,0.3625940328872776,0.11081845497433407,0.1329760669139244,0.33499636020532103,0.22610861397501814,0.11140526846868203,0.5390666434879449,0.5267374158907009,28.747910520037667,25.141381578947392
3380,Thai Binh,VNM,2020,2020-06-25,0.11480600493872875,0.21994275651152823,0.07290359792371782,0.10706766374921468,0.1861513551618742,0.1476749112810217,0.09240599984061007,0.3100891478218594,0.23324335855469322,33.144062842704805,25.845693974630542
3382,Thanh Hoa,VNM,2020,2020-06-25,0.07059894333367879,0.3635838123738815,0.04504523302421667,0.08481829045338035,0.34679711297688426,0.22850730239046202,0.10651261298971487,0.6629102059113972,0.7543926506393891,32.539075499333016,24.405836537057137
3384,Tien Giang,VNM,2020,2020-06-25,0.11824507360681004,0.26661936385414003,0.10978852892526059,0.1275015690750881,0.24629741827340282,0.1815712448947263,0.10238991956203435,0.38969371680731013,0.3203104202679461,,24.878604388778328
3333,Binh Dinh,VNM,2020,2020-07-03,0.057466480490483925,0.3418972028040717,0.03593237279437813,0.06875111728319828,0.3205389158848422,0.19656250562715344,0.09215303331596592,0.7141714424613649,0.7474620607634801,32.36951952072471,21.903350741750113
3338,Cao Bang,VNM,2020,2020-07-03,0.23737428127000637,0.45293260521085216,0.2427824586531453,0.25417200644478183,0.43156757272523527,0.2980996786198874,0.16704378533590936,0.3481369987024676,0.37786529613270103,27.721532298659923,19.676332879827385
3355,Khanh Hoa,VNM,2020,2020-07-03,0.07134716088895526,0.31528778775982647,0.047331502818671,0.0785336580633741,0.3145921209360196,0.21560800290618648,0.11212147840157,0.6438366769505207,0.8214568016284574,31.490940529740026,21.191845264961046
3360,Lang Son,VNM,2020,2020-07-03,0.17475222967846116,0.40408401024299384,0.17870111930963767,0.19159764913106553,0.38116913859918056,0.24813344224015627,0.12979370799145126,0.4212405188589808,0.4259651653278067,30.249054652680783,20.772330168196564
3370,Phu Yen,VNM,2020,2020-07-03,0.06193654884458126,0.3390067417726179,0.038859877199356865,0.07256964958153155,0.3212681491141271,0.2053862748355691,0.09719197586667909,0.6928121688131821,0.7845328447668679,33.07201774343715,21.829445099429986
3371,Quang Binh,VNM,2020,2020-07-03,0.08340389659351342,0.34760915833654954,0.06635037171366887,0.09619451327728762,0.33865082907559774,0.22163771639386892,0.10992215980528607,0.6406755932137805,0.6863201846855236,32.024852091443194,22.981525880183096
3374,Quang Ngai,VNM,2020,2020-07-03,0.05076337103840118,0.3249846692747604,0.03328689761979815,0.06260504396773092,0.3046889254987261,0.1887080951116152,0.08787752260411652,0.7321785152852995,0.5474245106700599,32.84950103882874,22.40604148165286
3376,Quang Tri,VNM,2020,2020-07-03,0.08535759755759989,0.3530155226469482,0.06405133825350919,0.0962172253364934,0.342347534169408,0.2286660976900593,0.11711796430383228,0.6308562954884606,0.7447588172399051,31.829071911396575,22.211709628356154
3383,Thua Thien - Hue,VNM,2020,2020-07-03,0.051997724257567275,0.32696153257266797,0.03811793795488107,0.06772180640060503,0.30313136668850627,0.18111929667761245,0.07977670667811063,0.7300779336981497,1.119456278617635,31.264965293446426,23.08681349816791
3327,Ba Ria-Vung Tau,VNM,2020,2020-07-03,0.11811025390406442,0.33721941124498983,0.10442191934308451,0.1314811699981799,0.32300496949893387,0.22925389696130544,0.126937200718728,0.462169159322721,0.535822790348428,27.535238174036078,23.341057724298484
3336,Binh Thuan,VNM,2020,2020-07-03,0.10400100231728122,0.36334469152899584,0.08275727519234309,0.11498529509786656,0.35123216873140967,0.2399918599468708,0.12337470444235887,0.5724698950688155,0.6662291668292476,29.782008861765583,20.650766448241143
3342,Dong Nai,VNM,2020,2020-07-03,0.08746392074186891,0.3480899381424547,0.07003803306642391,0.10209089471508899,0.3294292028339272,0.21436329563307646,0.10436787222450183,0.6008837460353237,0.6310069843005023,28.21319347308948,22.387944283296417
3344,Gia Lai,VNM,2020,2020-07-03,0.0970747058408234,0.337236994390059,0.07949254124946599,0.10596239776037107,0.33093676833363295,0.22990030548215287,0.12450981358742351,0.5914166102093367,0.6411869847645013,32.06634799531835,19.34761288628002
3345,Ha Giang,VNM,2020,2020-07-03,0.19462175478233745,0.39760795861202136,0.19992799977461345,0.21132863081164316,0.37799003269809706,0.25619439845010267,0.13734034207641826,0.386226160637865,0.3701746121541744,27.096604238207473,19.40712509712512
3347,Ha Noi City,VNM,2020,2020-07-03,0.14157418757912238,0.30031517161904586,0.11800588479489597,0.14656187538000737,0.2862622490970382,0.21849240268621908,0.13107867482701988,0.35738733367510567,0.35554913906613034,26.527777777777803,26.474108352144494
3348,Ha Tay,VNM,2020,2020-07-03,0.10510929221882415,0.3023121546215329,0.07664675102699126,0.11392003192019692,0.27693379181395505,0.19827003774520027,0.10722469756292567,0.4727285021634642,0.4584118706187476,30.30196660777695,27.574342242041702
3349,Ha Tinh,VNM,2020,2020-07-03,0.07925532961580682,0.3330682829961604,0.05525825498349413,0.08870825518418018,0.32514673568924024,0.22196241066389294,0.11374814242444431,0.6247621404829681,0.6926096855648473,31.64731085121429,24.20558448280163
3353,Hoa Binh,VNM,2020,2020-07-03,0.06877794770986677,0.396806034271543,0.04943586079302376,0.08997705924644404,0.37272812546919354,0.23031907017112396,0.09757584960490849,0.6976153036525004,0.770984304342593,27.251474781052078,23.092265321720074
3357,Kon Tum,VNM,2020,2020-07-03,0.08309461582789406,0.34772241997076897,0.07268205402808414,0.09653300423521922,0.3392214295150894,0.21677812266741245,0.10388649512680465,0.6573452286707903,0.6639724581280523,29.065481093497496,17.07825159254021
3366,Nghe An,VNM,2020,2020-07-03,0.08181636289180325,0.3716289642800831,0.06169291340745091,0.09645534628570007,0.3601573970676774,0.2365172572641256,0.11501753437568717,0.6516180681434559,0.755523120094345,31.10288523742732,22.244474288050256
3367,Ninh Binh,VNM,2020,2020-07-03,0.09091892454679866,0.2799313413700819,0.053916468771649,0.0946306988692064,0.2620631541672851,0.18805568363316041,0.10288563303000121,0.4817753170215717,0.4787433187280208,32.61992079342923,26.26808262268774
3368,Ninh Thuan,VNM,2020,2020-07-03,0.09327437357398478,0.33040702218064555,0.05686383889442561,0.09429882756679792,0.34432267169886815,0.26169606311390253,0.14847776933783213,0.5753424744160341,1.3487806779588647E11,34.03524426753932,21.458660528945405
3377,Soc Trang,VNM,2020,2020-07-03,0.11640327727228965,0.3045935849934907,0.0871775529216288,0.12350770043330621,0.2696879134218678,0.19315334300843282,0.11001687935247194,0.42777844410138216,0.4173210053046546,28.659376018910283,22.545206230692074
3386,Tra Vinh,VNM,2020,2020-07-03,0.10921376121525639,0.31116664604238564,0.0837170511663272,0.11921210882096454,0.2804931011554872,0.1950587708297065,0.10625470736107347,0.46510445015363855,0.4602667402105047,28.167631409215495,22.94192608018921
3387,Tuyen Quang,VNM,2020,2020-07-03,0.17290966079672834,0.40360111970759716,0.1780654593121927,0.1909486235964957,0.37976776807385554,0.2584347352829719,0.1364441313218597,0.42633215250913514,0.436400373605264,30.01735192706753,25.70404802621564
3388,Vinh Long,VNM,2020,2020-07-03,0.09330269251021227,0.34557823348184236,0.06838211007648505,0.10602657477831813,0.3129427830596929,0.20348772881347493,0.09865092137881293,0.5762389569431992,0.5547353503590137,28.709453273515248,22.33875729659456
3390,Yen Bai,VNM,2020,2020-07-03,0.19258818458681942,0.4171538408881473,0.1933449752365427,0.20923996990546584,0.3999854486077365,0.27913200076150707,0.1493223770760546,0.40742139729996285,0.43972056699055373,28.534830391264997,21.838108638852475
3328,Bac Kan,VNM,2020,2020-07-03,0.18975357910159632,0.4332093503580073,0.19584107570142023,0.20827719396979233,0.4085650973466851,0.2796689253365036,0.1518246653252251,0.42951147226817915,0.47471031880638753,28.371023833997544,19.510405473532636
3329,Bac Giang,VNM,2020,2020-07-03,0.14211099091949883,0.3638626869228377,0.12863191908889318,0.15198360633966343,0.34732918347841046,0.2387190825670956,0.12646784449830803,0.44789873510235595,0.4722273183111001,27.36493821847637,20.8461309947197
3330,Bac Lieu,VNM,2020,2020-07-03,0.10061038264317686,0.21500048060568605,0.07566974007063798,0.10621238027379461,0.18825934278522125,0.1409967923637357,0.0797924372317363,0.332638990405478,0.2659736037107295,26.975183870231618,23.268315334773263
3331,Bac Ninh,VNM,2020,2020-07-03,0.1491529114383874,0.27231624548857103,0.11578944534638969,0.14774363140611704,0.24929920507486278,0.1931892045511522,0.11745286363590746,0.2905058659643926,0.2611811152993224,,
3334,Binh Duong,VNM,2020,2020-07-03,0.11769981725365376,0.3674820003185922,0.10550868203022608,0.13192659709698992,0.35940615121860936,0.25357829614842026,0.13471060065580828,0.5325232473521794,0.6283257438709945,28.05299448555957,20.895615141955886
3335,Binh Phuoc,VNM,2020,2020-07-03,0.07695350781384647,0.3492466269198512,0.06365304905058648,0.09105891269958025,0.3374105491411082,0.2144966141359676,0.09924455338609486,0.6668731835004197,0.6585349828100527,30.514187966962403,20.58495519179863
3339,Ca Mau,VNM,2020,2020-07-03,0.1886371732989075,0.25797144717073867,0.1809826848258075,0.19443489666259695,0.24213196793275785,0.18363241105084632,0.11382882450850833,0.19460907468097782,0.12519000974812194,27.197393787953622,22.294762365049422
3340,Da Nang City,VNM,2020,2020-07-03,0.05996080760232965,0.3174631102533301,0.041807228233462994,0.07321320447908693,0.29602978676038566,0.18407129681161702,0.09095949039813918,0.6844578020420858,0.6613741958232114,30.39075926872395,23.30574775720844
3346,Ha Nam,VNM,2020,2020-07-03,0.1061028105215701,0.27288897074542934,0.07511767931944639,0.11195120925664477,0.25032335952366347,0.1872025353537706,0.10782958667679846,0.4324422621606093,0.3951483728226289,31.883842290651952,26.940648281186352
3350,Hai Duong,VNM,2020,2020-07-03,0.14120887642988408,0.2787403722089666,0.11666430086617872,0.14456933614855474,0.26052989872970334,0.19835177281837152,0.11685782802597605,0.3268450515477923,0.28831808810487486,27.759431268105835,
3354,Hung Yen,VNM,2020,2020-07-03,0.12736595002471335,0.2678750726910576,0.10093685748622086,0.12876137346056585,0.24025232262546586,0.18026750102931938,0.1070482934920502,0.3528951069702468,0.3022608991002111,30.628985118029398,
3364,Nam Dinh,VNM,2020,2020-07-03,0.12871283619246385,0.22880997857867716,0.07953675015035108,0.11550819663899077,0.20560143775705775,0.16901044097439313,0.11116368276593797,0.2754977042166795,0.23709690621913967,32.950631926591434,26.326145682401048
3369,Phu Tho,VNM,2020,2020-07-03,0.11221391587875723,0.36702986820560923,0.10024697764793739,0.12796570623363254,0.348074981273137,0.23202235571696114,0.11250093733378333,0.5401223473723274,0.5546606879320691,30.315365368242595,25.837701297299446
3372,Quang Nam,VNM,2020,2020-07-03,0.04922158033905313,0.336660957767266,0.03616167171971686,0.06554544751865395,0.31436698261975643,0.18572504992140923,0.08063539488893375,0.7500944467680456,0.7311021827702913,31.089006915329144,21.71397184310196
3381,Thai Nguyen,VNM,2020,2020-07-03,0.16100852719605202,0.3885128637235181,0.16284182854256063,0.17710409563502222,0.3635582670574434,0.2471895785695323,0.13187199818429546,0.4380723946574199,0.44204370785470165,29.308338886826476,20.228888888888907
3389,Vinh Phuc,VNM,2020,2020-07-03,0.1118377948606821,0.3384074647431835,0.09274222426701861,0.1238653340727967,0.3169136379713842,0.2216760029692734,0.11698974705196884,0.5021583982123701,0.5261469643868502,31.571442226571264,27.032259256488764
73933,Can Tho city,VNM,2020,2020-07-03,0.08847816768697561,0.3486936102126392,0.06652286644331921,0.1076149061747509,0.3154895571712751,0.2165150955196416,0.10653353773948755,0.6020297836296447,0.624306640037322,29.759878067465085,21.937548419629096
73934,Dak Lak,VNM,2020,2020-07-03,0.07716611146973097,0.32482953072369947,0.06218584833316106,0.0889947589950423,0.3096889459045458,0.20332329214996914,0.1003126472778407,0.6527904515955589,0.6343457418286648,30.212879359274798,19.67898879507246
73935,Dak Nong,VNM,2020,2020-07-03,0.08267480291945108,0.3213054075781779,0.07337558772529382,0.09495627095251322,0.30707067097126856,0.19713640249338812,0.0964799830083095,0.6341880229292631,0.5683261954979225,29.065453732838808,18.159673094631106
73936,Dien Bien,VNM,2020,2020-07-03,0.3234413758165492,0.507363365013895,0.3280258232994745,0.33773709188548456,0.47024249802051515,0.29947731549562706,0.16529295433152114,0.2505533406188785,0.2671997532420182,26.94901545420787,19.853927427560823
73937,Hau Giang,VNM,2020,2020-07-03,0.09262585761753954,0.348696053451577,0.06695331631261076,0.10544977326444693,0.31124301892861267,0.20106743244601527,0.09775211034942236,0.5942744340933642,0.5549862487283501,28.430359418259435,22.773145491227368
73938,Lai Chau,VNM,2020,2020-07-03,0.445494955077657,0.5588795577777901,0.4532907038180398,0.4549114504449207,0.5000801919193297,0.31149850424488873,0.17478491858594272,0.14476410602259798,0.1381670687375142,27.661632761192365,14.785474350809329
73939,Lao Cai,VNM,2020,2020-07-03,0.23309524725874278,0.45802096422265465,0.23486252290639895,0.2507564671289975,0.4300083442775809,0.2853468480143053,0.14823775250886376,0.3809904808443119,0.4027274373104857,29.130549661686167,22.300747390079305
3326,An Giang,VNM,2020,2020-07-03,0.10650521838146228,0.3802548916893574,0.08274888714983797,0.11989059288627722,0.33509069026643884,0.21594142427110088,0.10672124479281005,0.5642986814843427,0.5738119293742877,29.67385503148227,22.18045174279961
3332,Ben Tre,VNM,2020,2020-07-03,0.10855869358808519,0.28044879097602615,0.08853490591907519,0.11629274476431202,0.25725151242954897,0.17450383643227035,0.09185818251160983,0.43710565639041205,0.3679217798014641,27.614457494493333,23.00351485429037
3343,Dong Thap,VNM,2020,2020-07-03,0.0759196348295026,0.3519837063127746,0.04680779918230039,0.09215674296302527,0.3210476970803456,0.2111330180187582,0.09500436550605808,0.6360939803041075,0.6455966716977131,29.56823244152018,22.440002539963515
3351,Hai Phong City,VNM,2020,2020-07-03,0.14707866039413914,0.2726459184973846,0.12293944656614003,0.1490232991671063,0.2537427745874102,0.19398298355540758,0.11897053072344722,0.29800528628035466,0.26948572756460426,26.719184459757717,25.670000000000016
3352,Ho Chi Minh City,VNM,2020,2020-07-03,0.146956237497574,0.2993806454130017,0.13966957261630805,0.15863589182008303,0.28100261466588505,0.20956067428448627,0.12697078161569583,0.3552194676487222,0.32563012299411587,26.547935085243633,22.452733573194944
3356,Kien Giang,VNM,2020,2020-07-03,0.0820199060998656,0.2783860969852434,0.06324683666384895,0.09325678048417535,0.24657197469465736,0.1650664016969,0.08263972027102917,0.5143268666936673,0.42960015177133826,28.608110515224183,21.472279113276326
3359,Lam Dong,VNM,2020,2020-07-03,0.0678177416791555,0.31012255842732156,0.05435983924213727,0.07954050979362184,0.2989250854176928,0.18562878279578926,0.08696049853515923,0.6755302919088588,0.5873719225435683,27.10087889926092,16.596650984341387
3362,Long An,VNM,2020,2020-07-03,0.11933182486301319,0.3467109230362524,0.10054568704753947,0.13286433212570056,0.32529527558432175,0.23387463235247077,0.12413941499799261,0.49928508139810107,0.5249500283192767,27.653781660076273,22.361390844553533
3375,Quang Ninh,VNM,2020,2020-07-03,0.16600267231189098,0.34473792339388826,0.16575339197499486,0.1789407549347514,0.3282515269053639,0.22698270698598927,0.12572241597997844,0.36889149392486903,0.3587901619642347,26.923754152055402,22.204292080371808
3378,Son La,VNM,2020,2020-07-03,0.15614814505310293,0.41524684473396606,0.15234833354853006,0.17391035914477262,0.39401364018170304,0.26475048165617987,0.13634141752036158,0.48490009173527054,0.5537909964314288,28.273240029680363,19.77336111314386
3379,Tay Ninh,VNM,2020,2020-07-03,0.08569987414770115,0.3907176645402509,0.0689772648369581,0.10450555919651067,0.3674262778269023,0.23915999131234705,0.11034228284874965,0.6493455422204855,0.7416920702136726,29.65786519571775,21.217409444341207
3380,Thai Binh,VNM,2020,2020-07-03,0.1301027143084842,0.2344660216863406,0.08921916470555175,0.12255628597982349,0.20437546668291834,0.16336882084626436,0.10528451883139435,0.28408451383872746,0.23222280412173046,32.4667779873991,25.896037076840425
3382,Thanh Hoa,VNM,2020,2020-07-03,0.07249445418833851,0.3695393839211548,0.049015651491167295,0.08841330588144453,0.3514952632314791,0.2279690155693345,0.10513921178136906,0.6626277097593912,0.7434494437256236,31.36866231161064,24.330343104549815
3384,Tien Giang,VNM,2020,2020-07-03,0.10655843774400618,0.3077275681165558,0.08689554028854046,0.11700055385033463,0.2847295485486528,0.20427033420796856,0.11123895443374715,0.49928018584298883,0.47861286760004246,28.333735488886624,23.23976244434261
3333,Binh Dinh,VNM,2020,2020-07-11,0.05923070932455328,0.32805263413128927,0.038718191137173626,0.06944898366640544,0.3076514677844637,0.1893314840355695,0.08970425816088037,0.6997649300169565,0.727457896599902,32.16542288259866,21.951216236366605
3338,Cao Bang,VNM,2020,2020-07-11,0.15166415084438456,0.4225129446422575,0.1490726774697052,0.17035826655249814,0.40883065989888634,0.27700390223312554,0.1449313936671498,0.5243163358798159,0.6030673096766416,28.59459118918131,19.772703717152012
3355,Khanh Hoa,VNM,2020,2020-07-11,0.08377546251262598,0.33748469650222895,0.05605187099919268,0.09018028331242525,0.3402457447085311,0.23741893787621798,0.1275891012189994,0.615177691488785,0.7272201132482687,33.5379888128189,21.836373756682757
3360,Lang Son,VNM,2020,2020-07-11,0.10093432187719649,0.3814220633553578,0.09174902125260016,0.1174929693536679,0.3665070702056304,0.2390416675186923,0.1192955775484144,0.616395939052417,0.6718099185366345,31.115706413387795,21.93158799696821
3370,Phu Yen,VNM,2020,2020-07-11,0.0628646626231663,0.3117188386493478,0.04341694717436283,0.07215087367744684,0.2952283157087151,0.1904286124819569,0.09233574663352896,0.6770621827349628,0.7598805883979131,32.243065448578314,22.364513715987197
3371,Quang Binh,VNM,2020,2020-07-11,0.07228426968977313,0.3367651682632095,0.05601056973169403,0.0851067664571242,0.3274699358763028,0.21085743138230356,0.10113554824611803,0.6686515122754396,0.46313219411083795,33.275541627512354,22.788137611683556
3374,Quang Ngai,VNM,2020,2020-07-11,0.05419726389516552,0.3497188741747249,0.03362011741534271,0.06692363247733624,0.33083006598904463,0.20542185429507834,0.09507401014679423,0.7275857399102673,0.7897433311967508,33.13491164124759,21.913390175111612
3376,Quang Tri,VNM,2020,2020-07-11,0.06491047138614868,0.33227180787815913,0.04575712908614672,0.07648520802823251,0.3184131631898679,0.20616754651773148,0.09972606813227589,0.687418962395717,0.6831845952679434,33.61111073240537,22.9049815200785
3383,Thua Thien - Hue,VNM,2020,2020-07-11,0.05287884947640987,0.3336561580671402,0.038834436296491415,0.06826235904510154,0.30863667639119985,0.18494169992589068,0.0821218310121109,0.7322065830854212,0.7071587860796084,31.430164656931616,22.91254978917723
3327,Ba Ria-Vung Tau,VNM,2020,2020-07-11,0.11417148283904713,0.3045902704164881,0.10646309911054792,0.12601752297095212,0.28960000340562714,0.20114412402903048,0.1081703793673504,0.42730376146568244,0.4257261418501051,29.404040265990577,23.334275774849303
3336,Binh Thuan,VNM,2020,2020-07-11,0.08145862895917826,0.37289140108855495,0.05329970534806319,0.09236982475786447,0.36009379541086567,0.24054573585172,0.11861712363333325,0.6578726324571444,1.6055437616523003,31.06780494767497,21.590255206986292
3342,Dong Nai,VNM,2020,2020-07-11,0.09345353879703287,0.33235933908108883,0.08149619105059024,0.10663980197331056,0.31524346039474327,0.20692841013234345,0.10376499388451049,0.5753221226205324,0.5753787476362879,30.502705586598,21.995944865150438
3344,Gia Lai,VNM,2020,2020-07-11,0.11325844936431359,0.3407060712279892,0.10117705915088253,0.12279076352399235,0.332574106492643,0.2322456303636023,0.12861362913250632,0.5479590482138904,0.6555575064943662,32.25414833448227,20.010919801320078
3345,Ha Giang,VNM,2020,2020-07-11,0.18485012333213652,0.41983094396655074,0.18267099062066783,0.20069250560029991,0.40454986126341685,0.2845146641472743,0.15612961584422347,0.45889791087192283,0.502597133027929,28.131042586667157,16.034384754668928
3347,Ha Noi City,VNM,2020,2020-07-11,0.10320377036131208,0.2932792087224789,0.06477827888474297,0.1034411941517246,0.27974260276239205,0.2186936151860114,0.14140382692883996,0.4707470306727231,0.6522876172392562,37.9169505132194,26.09430129147318
3348,Ha Tay,VNM,2020,2020-07-11,0.0861992476894491,0.3007011357316432,0.05107399701875049,0.09228023792361438,0.27642755943047487,0.20155695569251036,0.11503471497321589,0.5478372528826785,0.6124758879405638,34.11888957786452,25.631126862999864
3349,Ha Tinh,VNM,2020,2020-07-11,0.070020796957725,0.33868620485030054,0.04449576660784003,0.08021020165229374,0.33069408431957437,0.22345914030168365,0.1111431413565681,0.658934971656439,0.7669889236979964,32.98039986278685,23.08905738192568
3353,Hoa Binh,VNM,2020,2020-07-11,0.056075027490071996,0.3851511916284368,0.03626907132757109,0.07493137221811347,0.3655794361330679,0.228363641739592,0.0985967499133112,0.7379637715729942,0.849793057656332,32.40371211097752,22.58065847309833
3357,Kon Tum,VNM,2020,2020-07-11,0.09989914318899994,0.34360861949154214,0.09634457645750077,0.11329876587719544,0.3300998839475903,0.21336278029329736,0.10674091380420897,0.6048263242572838,0.5845769700062415,28.0682107785105,18.911885307932607
3366,Nghe An,VNM,2020,2020-07-11,0.06771791472096564,0.3683704390537424,0.04579135143634201,0.0813582295840998,0.3597201061198501,0.23539386643995958,0.11135411198591806,0.6976896950013634,0.8382897572530205,33.442600039972405,21.77986265932794
3367,Ninh Binh,VNM,2020,2020-07-11,0.08452607262100993,0.28385881154136255,0.049046856402196644,0.08828642154158568,0.26814288286823357,0.19452758251822466,0.10688818993083764,0.5180479636600105,0.5318251231223157,35.54747107511694,25.36337280708813
3368,Ninh Thuan,VNM,2020,2020-07-11,0.09788128168782127,0.3563734477585212,0.05563122722724183,0.09828360027976209,0.3741119979716344,0.2852578788172348,0.16531478882715156,0.5787055011227845,1.7029143029688547,34.87769029205487,22.202064391336773
3377,Soc Trang,VNM,2020,2020-07-11,0.08814557110651572,0.26949649152775773,0.061742288159371,0.0957072976049798,0.2409347374327866,0.16346209406778792,0.08478376380150794,0.46655678787137533,0.41281688817338824,31.08564290050438,22.688215352118988
3386,Tra Vinh,VNM,2020,2020-07-11,0.10829099251838778,0.29428626136170816,0.0904335782734354,0.11959766174491708,0.26808457980550454,0.1818764637718836,0.09564440662360922,0.4430823877194738,0.40359029633021865,30.089668001537028,22.28541047817073
3387,Tuyen Quang,VNM,2020,2020-07-11,0.12094259525822985,0.38471008540719526,0.11977435301651045,0.13859105927929735,0.36163533394491976,0.2398782786459231,0.12071594408299718,0.5676867986931421,0.5813319764363292,28.92515674441609,21.137034112590307
3388,Vinh Long,VNM,2020,2020-07-11,0.12620630840168323,0.3370543594352386,0.10777566247411974,0.13727107186407791,0.30936860459789073,0.21196646625450333,0.11138483344473647,0.45658400163242535,0.44305728558010515,30.80954507523488,20.241515930460693
3390,Yen Bai,VNM,2020,2020-07-11,0.13484630870302194,0.39115521267996023,0.12808713019931245,0.15095148700464556,0.37387619767664015,0.2548982128131088,0.13108502131647007,0.5459630513374191,0.5989481318949562,27.918766788940626,20.057936034961372
3328,Bac Kan,VNM,2020,2020-07-11,0.13864877433063597,0.4154756322005974,0.1398921397777196,0.1575042832466638,0.3950450539024161,0.26353603876228343,0.13555254568954248,0.5556094421696909,0.6149463498537185,28.812654657788304,20.67144530145075
3329,Bac Giang,VNM,2020,2020-07-11,0.09750227879625267,0.355262965207944,0.0710820629228222,0.10510374803796485,0.3459513625887091,0.23948470367876293,0.1266116218748934,0.5762525278202331,0.682329033928695,32.31422220651635,24.117055100357074
3330,Bac Lieu,VNM,2020,2020-07-11,0.056042139408926675,0.17357723098209482,0.03095358498268049,0.06198238915527543,0.15193710325442258,0.10405932270760215,0.053419717263357196,0.3681217504506837,0.2872042482745675,32.81587525041252,
3331,Bac Ninh,VNM,2020,2020-07-11,0.11364764447435637,0.25753973990548773,0.06764515919116888,0.1091685035149866,0.22861563018486944,0.18234247935523476,0.11811664796538623,0.383807181558193,0.40918391721764125,39.25831305688831,25.821962809894476
3334,Binh Duong,VNM,2020,2020-07-11,0.11460318835787589,0.3509321334491814,0.10678349808650299,0.12862594682368794,0.34366547484780996,0.24116894557380392,0.12740789516724443,0.5335147051456487,0.6065529017861563,30.719768736962003,23.21896278311156
3335,Binh Phuoc,VNM,2020,2020-07-11,0.08443638893424484,0.34542228898020644,0.0765365898278546,0.09853017158153879,0.3325443714482775,0.21093789900049897,0.09730827118154053,0.6430593749178886,0.6181572801233122,30.8156323227399,20.524646447997316
3339,Ca Mau,VNM,2020,2020-07-11,0.05715221982844953,0.16163268908244013,0.035974554734966614,0.06253044888363596,0.14476971754412005,0.09651901676479269,0.04982177411323016,0.42631091716054914,0.23460405917474556,32.45636333609087,26.10545527752971
3340,Da Nang City,VNM,2020,2020-07-11,0.06929867958112858,0.34219512794280016,0.047814905962985224,0.08160661487073108,0.3216844454424642,0.20479770422113922,0.10458012925431476,0.6627347930566351,0.7164273294618833,32.94683183301886,23.226802714094852
3346,Ha Nam,VNM,2020,2020-07-11,0.08826670215625732,0.28883681311238024,0.05440633732608849,0.09657053894788517,0.2585816735070558,0.19129991109963465,0.10938218129747927,0.5268077043810028,0.5240932688717097,33.92049660656203,25.69931383770539
3350,Hai Duong,VNM,2020,2020-07-11,0.10199761085483648,0.2884191746052248,0.06369263991622218,0.10519796293996254,0.2677358838485658,0.2040935902451354,0.12075493879408972,0.47532109056327704,0.5006019325056583,33.80117585094477,25.619131474112304
3354,Hung Yen,VNM,2020,2020-07-11,0.09630272015392152,0.28282909725518235,0.056199375038691615,0.09701840746887712,0.2541370679684723,0.19255761239231428,0.11691464070129287,0.48327546704364427,0.5248558886588954,33.222988079399265,25.51172723190278
3364,Nam Dinh,VNM,2020,2020-07-11,0.10660858459767987,0.23123651313340873,0.06120369952017646,0.09943716575707784,0.20876307498171517,0.17200414501986808,0.11021780716793089,0.36039278937080416,0.3192701065924574,34.765032557154434,25.994582325510777
3369,Phu Tho,VNM,2020,2020-07-11,0.06078556993347359,0.32795969212550535,0.0419326472693002,0.07412844388336075,0.306288455838701,0.19614657220591472,0.0898035471348521,0.6884826408178336,0.7189844987076914,30.176803146096407,23.89462179941297
3372,Quang Nam,VNM,2020,2020-07-11,0.051813371957082514,0.3578338931426365,0.03757666227296729,0.06931974601107711,0.3352680837469813,0.19963180842702935,0.08612885679733942,0.7485104692715843,0.8170746669302542,31.587393735981532,21.35489755265457
3381,Thai Nguyen,VNM,2020,2020-07-11,0.11537309878160867,0.36621548511531576,0.1072350733581355,0.12875037069783843,0.345618416145048,0.23625340718882226,0.1260653499029706,0.5579709665424331,0.5961251874793005,30.20023193098568,23.336258165669108
3389,Vinh Phuc,VNM,2020,2020-07-11,0.08376380682076401,0.33641911235350513,0.05445904017673365,0.09261997250722429,0.3184453055129794,0.22533771186859367,0.12357521790363286,0.5978495084488915,0.7383397001179621,33.36561032619149,26.35475043383593
73933,Can Tho city,VNM,2020,2020-07-11,0.08786407599142643,0.32840791267405633,0.06862256186598067,0.10429276949102155,0.2972052996594669,0.19540355774158188,0.09367804162911117,0.5752947153715677,0.5524327421537377,28.80305525695654,24.641246487687756
73934,Dak Lak,VNM,2020,2020-07-11,0.07264830126470315,0.32021306162932806,0.05793507585488319,0.0842699471995169,0.3041820652330261,0.19838976207660378,0.09820210630110461,0.6654068909299419,0.6510749514941019,31.10225386651808,19.928631256262467
73935,Dak Nong,VNM,2020,2020-07-11,0.06830115355396932,0.3321214674616546,0.056282162966805334,0.08205904128124142,0.3149411462575355,0.19688262694946937,0.09084463992920501,0.6892211744861936,0.6435289522568657,28.906424173359078,19.205774627619217
73936,Dien Bien,VNM,2020,2020-07-11,0.13171782062832899,0.39696113314487347,0.12870709079080297,0.14972046089245278,0.3730393028398197,0.2446991440207128,0.12429532396058772,0.5464238276541146,0.5894957124434589,28.693574108848704,19.282285611976928
73937,Hau Giang,VNM,2020,2020-07-11,0.10903278461127566,0.30418801377357507,0.08853364491402999,0.11790790935172835,0.2824679114194894,0.19027689382343016,0.09839864418169865,0.4906725168925273,0.4203164032161987,32.576476771211034,24.320634810390356
73938,Lai Chau,VNM,2020,2020-07-11,0.18367846066633,0.3969441776508405,0.18258107296023546,0.19744574012205796,0.37163763590791776,0.25775920831087906,0.14064164453003192,0.46251827293549075,0.45825666665374404,27.263461562630706,14.011753109619924
73939,Lao Cai,VNM,2020,2020-07-11,0.18977869927362745,0.4445560549980302,0.18565644010610777,0.20618265331629118,0.42207103729924045,0.2968721873662651,0.16088142487296267,0.46834311422130315,0.5614598019428302,28.92766027342989,12.846702171581368
3326,An Giang,VNM,2020,2020-07-11,0.09284854706626247,0.33613439377658044,0.05981032408986871,0.09955261883367635,0.3107211548825376,0.20775435141281434,0.10452026417322742,0.5527994761481868,0.564635653157069,28.71082786128186,24.192369939815936
3332,Ben Tre,VNM,2020,2020-07-11,0.11200711795778916,0.2759165241605329,0.09683680588888235,0.12149232041644438,0.253718360971587,0.16961962141703268,0.0900752562612452,0.4036456363716575,0.3381411243901357,28.999494240074235,23.590019464973608
3343,Dong Thap,VNM,2020,2020-07-11,0.08720638300163747,0.320543736824893,0.05832687364989691,0.09740181244710881,0.3027970090414043,0.2070958220559043,0.10263398436824243,0.5578410207131658,0.5712080779181605,28.729803322635895,24.48641254259172
3351,Hai Phong City,VNM,2020,2020-07-11,0.11099446076517867,0.2630016537151583,0.07661709324147217,0.11147204285064632,0.24309423835605173,0.18562874430059859,0.11579551653782179,0.39794647663745614,0.35525010741586105,33.87525163137649,25.249752077219195
3352,Ho Chi Minh City,VNM,2020,2020-07-11,0.10962865815036589,0.2844130070993802,0.09508790701975874,0.12148422328051184,0.26371024981010316,0.18686408828681958,0.1084095097550339,0.45307718547924625,0.4256163036224653,30.564335852358987,23.13317816835143
3356,Kien Giang,VNM,2020,2020-07-11,0.06934281824994472,0.26215673833105607,0.05054763556805084,0.07975546568637945,0.2330135013509214,0.15235053932730158,0.07433014524482769,0.5354980623549123,0.44822935056693314,29.966404272989294,25.471609640135465
3359,Lam Dong,VNM,2020,2020-07-11,0.07302787979409016,0.3247189817314224,0.05977084117979267,0.08544312318091436,0.312912267464561,0.19335313599344514,0.09036789990703299,0.6630436480547178,0.6045398288117947,28.17502217942174,17.60358005097264
3362,Long An,VNM,2020,2020-07-11,0.09609338031247827,0.3266560728095473,0.07188160671499756,0.107618239625296,0.3144679744425251,0.2231998097434461,0.11717544223152235,0.5521574698136602,0.5870501757907439,31.135690827582383,23.082969880665473
3375,Quang Ninh,VNM,2020,2020-07-11,0.11459002470577798,0.33455323783567664,0.10299844710677955,0.12657217384273434,0.32099079934846125,0.21848601978942594,0.11848917919444577,0.5160817866158823,0.529895312203386,31.163402970557275,22.93686545374167
3378,Son La,VNM,2020,2020-07-11,0.08339936787574521,0.3956146149318758,0.06836909424874293,0.10332227908445511,0.3764125391070901,0.24225239245333613,0.11161588788301384,0.6731696028596651,0.7928041162171007,29.19834120829212,17.880867169244272
3379,Tay Ninh,VNM,2020,2020-07-11,0.1116828373972646,0.36678065482597766,0.10040488746995808,0.12632068228941082,0.3538963352579885,0.24213486656974076,0.12541185633803398,0.5533253344496248,0.6150242527972765,30.986930932954902,21.182180414539364
3380,Thai Binh,VNM,2020,2020-07-11,0.09910311571204855,0.23627645864781596,0.057586641933956705,0.09556284596885338,0.20431555617540298,0.16059388946576472,0.09967761357669956,0.3975976673433929,0.34530035349141197,34.319041929282164,26.052981030161
3382,Thanh Hoa,VNM,2020,2020-07-11,0.06313878380979955,0.3770693869654767,0.03825970044556023,0.0782244370029424,0.36154466165675947,0.23600679045909165,0.10903649671779746,0.7042130258189829,0.8253301401252792,33.01781173191599,23.008380960993815
3384,Tien Giang,VNM,2020,2020-07-11,0.10966020821555987,0.3076974755280571,0.0929605413701067,0.12113513891893132,0.2857137359708,0.20205836155189036,0.10953639802550921,0.47883077622776477,0.4655708506150836,31.217827234522293,24.823088806904334
3333,Binh Dinh,VNM,2020,2020-07-19,0.067905363598671,0.3724893041759387,0.04108516533577126,0.0805321898875442,0.3612423325002999,0.22810965907133193,0.1086355664107106,0.687445972317862,0.8581148386820857,32.32918712797374,22.43721985108921
3338,Cao Bang,VNM,2020,2020-07-19,0.1300252611129519,0.4176291831555264,0.1238492175670616,0.14854077778925998,0.40400920970233467,0.274972047419202,0.1442090097557501,0.5852558755563485,0.7145124198970585,28.778677933391467,20.186810580426954
3355,Khanh Hoa,VNM,2020,2020-07-19,0.08539848742560464,0.3498718358387403,0.05723279946202257,0.09333189483658026,0.3550173273176754,0.24708223498590945,0.13200518669967243,0.6180437894907199,0.853189259051388,34.536219990541404,20.600495496053867
3360,Lang Son,VNM,2020,2020-07-19,0.09627742432067024,0.3645985449094331,0.08729071553935554,0.11190036430017024,0.34843443210374825,0.2282510170776113,0.11346017862923152,0.6287729016561112,0.6550071453761345,31.07944292092643,20.918430782264217
3370,Phu Yen,VNM,2020,2020-07-19,0.0704536297223069,0.36374377809385877,0.04299195067329168,0.08136015270589124,0.3581994425060344,0.23665076201310045,0.11749320087858316,0.6737338512571466,0.7966496124513589,34.71360177267845,22.36136751842613
3371,Quang Binh,VNM,2020,2020-07-19,0.06892678413468471,0.3570125364707486,0.0502531739399872,0.0840820716409731,0.3473285010517489,0.22089268385289462,0.10211392382263891,0.6843488040084011,0.7842374590716861,33.89374293320745,22.34863467480533
3374,Quang Ngai,VNM,2020,2020-07-19,0.06253971192724014,0.37405347178659704,0.03737602784093202,0.07558817511173205,0.3589066459977482,0.22804865128359258,0.10838471249776421,0.7106572375193232,0.9124462247731758,32.667571499280285,22.475062049562684
3376,Quang Tri,VNM,2020,2020-07-19,0.06758970838974622,0.37179493722704515,0.04359296016774051,0.0818700212152601,0.35901013618623656,0.2301155596007696,0.10731669882628346,0.6967810965119526,0.820449460513505,35.01138473820716,22.445330891928542
3383,Thua Thien - Hue,VNM,2020,2020-07-19,0.05854996366397794,0.3802294383624119,0.0389614962263755,0.07677028716038832,0.35627824311582634,0.2144100981678722,0.09429233125077557,0.7309762141129552,0.8164405447144817,32.263758481918245,23.07790391581789
3327,Ba Ria-Vung Tau,VNM,2020,2020-07-19,0.11174926063844774,0.31185941762810837,0.0990892737841668,0.12167410414990217,0.2986868676341362,0.21012368618220462,0.11664744143246615,0.4670521801167747,0.4951569429888653,32.11603461244205,23.007091027898447
3336,Binh Thuan,VNM,2020,2020-07-19,0.07976084023885668,0.3562478835575415,0.05170990233192789,0.0884243972790573,0.34804230776220857,0.23304986647926063,0.11744250587818376,0.6574511944526976,0.5941226615203278,33.03696676230142,21.873974447879775
3342,Dong Nai,VNM,2020,2020-07-19,0.08610904430661517,0.3312485441513245,0.07117843375493174,0.09878738719543452,0.3172295168428957,0.20844189101624697,0.10474206300123005,0.6002341414683849,0.6174960135515111,31.91927693574178,22.294345298312283
3344,Gia Lai,VNM,2020,2020-07-19,0.10566208548076851,0.36455782577617457,0.08957091936209227,0.116363251924357,0.3590370829523399,0.2491234165423413,0.13473813462101789,0.5885117992412435,0.9360353309721123,32.862009477330155,20.54685234058484
3345,Ha Giang,VNM,2020,2020-07-19,0.21698796751388397,0.4342200529885707,0.21904845920883187,0.23193093692321973,0.421454553916867,0.3147745081852045,0.18777136162245664,0.4081160433696443,0.5039825035634737,28.521739742698642,18.72417495519746
3347,Ha Noi City,VNM,2020,2020-07-19,0.16945586261860368,0.32844654260344675,0.15574342715259357,0.1759241618781213,0.3150681476970436,0.25128591164142705,0.16200667589618176,0.34533492103560537,0.41724216345973386,30.908147206548,24.668098204258765
3348,Ha Tay,VNM,2020,2020-07-19,0.1310524021039164,0.3331945814703952,0.11308129972093525,0.14157188523878153,0.3069842582876628,0.2270103193954502,0.1320694850490885,0.4559816096877556,0.4947766721617334,30.629154230930883,24.97999947167083
3349,Ha Tinh,VNM,2020,2020-07-19,0.0688597282496605,0.3572244833109579,0.0413280198135658,0.08073855031288454,0.3457386835528929,0.2296145096533006,0.11064457946051875,0.6769367913500781,0.7941689281897786,34.94334155105291,23.38435318689508
3353,Hoa Binh,VNM,2020,2020-07-19,0.0940020142332911,0.379510152842833,0.08416399888510874,0.11135214079542217,0.3589387759754214,0.23209609499863176,0.1109425566702768,0.6207764597076361,0.6725234106167762,29.57169639044779,22.15859605774973
3357,Kon Tum,VNM,2020,2020-07-19,0.09407769924297486,0.37982762604429093,0.08512758755204751,0.10936455411736261,0.36925339388405554,0.23649694658447312,0.1143166334733948,0.6367854963829316,0.7205574898570741,29.08969850133587,18.987614804128867
3366,Nghe An,VNM,2020,2020-07-19,0.06984057140783605,0.3699486449873414,0.04849967223972622,0.08416559202323678,0.3579203523506075,0.23086826364450952,0.10759612255757327,0.6926178341720906,0.7932312924201375,33.47169171472462,21.94441372304676
3367,Ninh Binh,VNM,2020,2020-07-19,0.13179286140002272,0.31989133255434155,0.10634515097292356,0.13872413181414106,0.3018312387661451,0.2245789539639601,0.1277010666912144,0.42357469814046467,0.446816884888962,32.6777693949482,24.672058647105807
3368,Ninh Thuan,VNM,2020,2020-07-19,0.09903871329300987,0.3585794114865405,0.05759199525794781,0.09996532026816021,0.3778695798931928,0.28826000954964426,0.16888370790927568,0.5776741949737761,1.6864517330347863,36.26254800048499,21.70243259921526
3377,Soc Trang,VNM,2020,2020-07-19,0.08567392400993985,0.27581582780587,0.05950417833564834,0.09368961380447484,0.24386872494925804,0.16723714702830506,0.0868415278842778,0.4942550217423258,0.44554177194036126,28.855363066798862,25.217395692239727
3386,Tra Vinh,VNM,2020,2020-07-19,0.09835216219324924,0.287847960355195,0.07826746565457983,0.10807692865209069,0.2613378777739614,0.17817982585806444,0.09354497420666595,0.4660285727831675,0.4330584528947213,30.624918217301655,24.58307810665413
3387,Tuyen Quang,VNM,2020,2020-07-19,0.21639502946108718,0.4246073554846773,0.22584314870560146,0.23236306669719947,0.4018545475993554,0.2916379054316189,0.1740889323615491,0.3773628990577646,0.4335106164980279,29.401686306478144,22.434897693887216
3388,Vinh Long,VNM,2020,2020-07-19,0.0976360897536875,0.28073363704771526,0.07600597414432034,0.10480497607919732,0.2566332532103079,0.17642231597801628,0.09408023659756165,0.4836583698767655,0.4214689935342954,28.865226642231903,23.452858138052576
3390,Yen Bai,VNM,2020,2020-07-19,0.14477434616686177,0.40915532755072226,0.14114657013891785,0.16244809578465982,0.3932132244251705,0.2722577618871696,0.14604254757051732,0.5268990544407696,0.6389277979471764,28.26032580523268,20.77222863617748
3328,Bac Kan,VNM,2020,2020-07-19,0.19815069404434135,0.4568433892692022,0.1992886843450433,0.21486791387125068,0.43570767885481293,0.30850485768837244,0.17631407753343298,0.45737386840376787,0.5714190106455753,29.100876401815466,20.3627144588011
3329,Bac Giang,VNM,2020,2020-07-19,0.13174648341504366,0.36986862037295287,0.11477113238439947,0.14114209431537936,0.35619897398852374,0.25243592137156334,0.14000224306241912,0.5008127776458711,0.5936023030258262,31.374517604616265,22.79245560176334
3330,Bac Lieu,VNM,2020,2020-07-19,0.07314778850391815,0.19604820924650104,0.04972824233205033,0.07972834582607431,0.17056730153377553,0.12147347694808357,0.06634721390606879,0.34597633440831893,0.2907530489928952,28.94728447396953,26.715855425124243
3331,Bac Ninh,VNM,2020,2020-07-19,0.15378345098240256,0.29666284298835655,0.12420261699071725,0.15616572439698134,0.2687752249446483,0.21852362077591586,0.14134639146998748,0.3379309757163952,0.36679247017864236,34.222888390353354,24.17459792989651
3334,Binh Duong,VNM,2020,2020-07-19,0.14489222371899227,0.35512386342309316,0.14318181171840103,0.15837288780027087,0.35175795336863824,0.25203681290513447,0.14027234436096736,0.4618996485060827,0.46809941217331297,30.8324636950074,22.507324859595304
3335,Binh Phuoc,VNM,2020,2020-07-19,0.12933452602439965,0.36694301806266344,0.12895245205765216,0.14377430891058376,0.3573914418434426,0.2373489072100685,0.12063559611561642,0.5349192127494025,0.5301399631718136,31.32760106317386,20.660801371346405
3339,Ca Mau,VNM,2020,2020-07-19,0.07647194235571467,0.17711731776356487,0.05882931157142346,0.08237120300590857,0.1567992273609168,0.1088265351116175,0.05976466975570796,0.38616012680706435,0.2198245602836197,28.25953548664334,26.170392508958166
3340,Da Nang City,VNM,2020,2020-07-19,0.08221370788757182,0.37364699692302383,0.05643114279823878,0.09530563902678861,0.35619037038901247,0.22941392905434468,0.11701736549434485,0.6435361793710327,0.7535348122393539,33.793592364868125,23.065783479465452
3346,Ha Nam,VNM,2020,2020-07-19,0.12474455569925436,0.35439242039712987,0.10326875300303337,0.13927893791579454,0.32374334908845426,0.23735794250686335,0.13315842151050186,0.48565811902898914,0.5694654627291228,30.59413650058231,25.04330199242651
3350,Hai Duong,VNM,2020,2020-07-19,0.14820674723133095,0.3333807250491463,0.12219675879241639,0.15501215270919447,0.31283369052510696,0.23961914369176732,0.14481884812628934,0.40072689017233026,0.4732261904851485,34.10425308660309,24.47895253717413
3354,Hung Yen,VNM,2020,2020-07-19,0.158764329350679,0.346946416544572,0.14044557373118535,0.1674257042852103,0.3214241499396155,0.24447410675243123,0.1463809581364363,0.3906340091317631,0.4384790466106106,31.32291599853851,24.556379891968284
3364,Nam Dinh,VNM,2020,2020-07-19,0.13625263908794538,0.27949334905175605,0.1025409926472757,0.13789651303888525,0.25126342861666395,0.20235566648904227,0.12544789124632386,0.3479574053268063,0.3372547494312218,33.04476448683404,25.45235560708512
3369,Phu Tho,VNM,2020,2020-07-19,0.13301676647893076,0.3823465399373,0.12732644407841265,0.14867661101831678,0.36091781358776065,0.2484708565773293,0.13281051506524907,0.5236542706071697,0.5755173319696092,30.16966554125538,23.206576786864026
3372,Quang Nam,VNM,2020,2020-07-19,0.055537187636379465,0.378024793111768,0.03847275484046041,0.07397382483332922,0.35676870264650945,0.21244626749644321,0.09156812047850876,0.7435821129605087,0.7697214917331625,31.717593909390533,21.312220808407876
3381,Thai Nguyen,VNM,2020,2020-07-19,0.18525542073657564,0.4213544766575582,0.18344186394520226,0.1992055486366646,0.3992376818247477,0.2824566830789003,0.16108471700158444,0.45562927720114255,0.5305071633887971,29.58134292678931,21.598315079536167
3389,Vinh Phuc,VNM,2020,2020-07-19,0.2066222289040367,0.3967813103792143,0.20169130684217082,0.21665676019962946,0.3807885073082437,0.2922702925866335,0.18159646875249102,0.35650219920672965,0.45640544481489553,30.52841549019798,24.8550005895075
73933,Can Tho city,VNM,2020,2020-07-19,0.08844038639031108,0.34464818514059314,0.07319087108292323,0.10612895075793057,0.30631783430496823,0.20526693999647216,0.10412748820813211,0.5875253149835978,0.6123840300657428,30.62213170541761,23.233479410357155
73934,Dak Lak,VNM,2020,2020-07-19,0.10804542129344802,0.3682836873563714,0.09636421672932347,0.12132713507079582,0.35358004584306096,0.23881276170821533,0.1256663099165574,0.5931207845727421,0.6641222193764618,32.15434242573279,20.544260386923533
73935,Dak Nong,VNM,2020,2020-07-19,0.1142911973691824,0.36633413221923616,0.11009410940690133,0.12854723413264313,0.3512756656124905,0.23092393642435424,0.11781338120408746,0.5778886241839378,0.5896488272554842,30.812370353387024,19.326567064541184
73936,Dien Bien,VNM,2020,2020-07-19,0.10649926917261204,0.3989066733376134,0.10161355111504976,0.12624086832637266,0.3735866960935813,0.23667944621271486,0.11101135247219948,0.620543578119146,0.6701256950513215,29.58111242644846,20.70165867550098
73937,Hau Giang,VNM,2020,2020-07-19,0.09227296318526891,0.2937387522795602,0.07216889067584122,0.10117214952197393,0.2705501638986452,0.18674319181626794,0.09875246881417757,0.5379075536724138,0.4718196179984714,31.373113029192783,24.083256339383823
73938,Lai Chau,VNM,2020,2020-07-19,0.13811667324036045,0.3882017284250318,0.13584777945409024,0.15491318642779428,0.36447083309394035,0.23802644926046163,0.11891487882613139,0.5435120622289695,0.5559582776881601,29.53859307341203,19.28575115240669
73939,Lao Cai,VNM,2020,2020-07-19,0.17429289623890076,0.41989077442475403,0.17598421005869413,0.19137300447216773,0.3970323853829823,0.2769679586026878,0.15029597810961698,0.47589909368202105,0.5534104061671555,29.334532796126236,19.629935906793396
3326,An Giang,VNM,2020,2020-07-19,0.11356983018638248,0.31355494137089535,0.08652672198547967,0.11882925840593103,0.29299777834699897,0.20602014071636973,0.11070668852963277,0.4679509431893049,0.450327569037707,30.906946252966453,22.06151563528167
3332,Ben Tre,VNM,2020,2020-07-19,0.11307603011966995,0.26148686100581064,0.09660171666664562,0.1196429715940991,0.24101428882782966,0.16688159493486945,0.09329219420002843,0.39181728393273674,0.3264761994620767,31.467989020474114,24.07483850890753
3343,Dong Thap,VNM,2020,2020-07-19,0.09338847842980719,0.3108016725550207,0.06991462827418612,0.10352016472463493,0.29235824189994847,0.20488087437656607,0.10635637702070372,0.5361191125940182,0.5363203455363185,31.018485762174073,23.010602790482334
3351,Hai Phong City,VNM,2020,2020-07-19,0.1570508562349004,0.2879274438510861,0.13467994333798772,0.1606810183601553,0.2675864307627506,0.20365695384004456,0.12445097988845913,0.30088532373907567,0.2885086864377218,32.53721959185531,25.233122183367833
3352,Ho Chi Minh City,VNM,2020,2020-07-19,0.1263787245971648,0.2771921659729778,0.11741754229209922,0.13701476207518246,0.2597148403470551,0.19152649736500713,0.117639689920984,0.3934911748296289,0.3737705012352746,31.174537536690494,23.768208937063662
3356,Kien Giang,VNM,2020,2020-07-19,0.07277936740930019,0.27393643995001576,0.05472431205003791,0.08405867662464031,0.24078177907601062,0.1592004363169499,0.08017201756384126,0.5367935248521455,0.46860674907812255,30.30466628055631,24.507767384892674
3359,Lam Dong,VNM,2020,2020-07-19,0.08709069950055841,0.3448818951216586,0.07461812245076559,0.09999254801378453,0.33589159023379883,0.21347293613670484,0.10359517641235454,0.6409975814080232,0.6359026236732682,30.236330748774076,17.72610006511491
3362,Long An,VNM,2020,2020-07-19,0.10015470856631459,0.3093292769010362,0.08397949104927938,0.1116925573646498,0.2942278746064918,0.20934082683209948,0.11267232288653238,0.5356081332114367,0.5176276996663657,32.06226797541208,23.566237301731878
3375,Quang Ninh,VNM,2020,2020-07-19,0.12058954961200105,0.3363554274837308,0.11000057703188952,0.13256226017202744,0.32146489524566235,0.2215177860182262,0.12114433548736646,0.49151179180987814,0.5097054623141627,30.815105852917164,22.824539727115837
3378,Son La,VNM,2020,2020-07-19,0.08180751051770399,0.40552575926936146,0.06809664911323762,0.1029454587760471,0.3827794003624837,0.24339838113421133,0.10988966253312298,0.6842205527623896,0.8066858356132519,29.61304096772156,20.790133483201437
3379,Tay Ninh,VNM,2020,2020-07-19,0.12930550348633676,0.3645413494822371,0.12129744711153347,0.14345111668397545,0.3535040147405298,0.2449353348722668,0.1303917528788193,0.5160894675071962,0.5530066217920376,31.29278334790772,22.97849107425479
3380,Thai Binh,VNM,2020,2020-07-19,0.1664682377856117,0.30060023685740267,0.14711232478880876,0.17246843245169147,0.2725536186091859,0.21028127250203923,0.12530667343681115,0.2890388088836722,0.26298136515146175,31.790392501592105,25.539834659954458
3382,Thanh Hoa,VNM,2020,2020-07-19,0.09598385096227598,0.3854150761241088,0.07859018320991056,0.11041652794384464,0.3682020451420727,0.24554744110270074,0.12106706323682687,0.615705867468277,0.7213592722011246,31.89901584141588,22.918061008730962
3384,Tien Giang,VNM,2020,2020-07-19,0.10741019659576036,0.30214584099610203,0.09151003544642104,0.1180516101665613,0.28013966818836483,0.2005732940002419,0.1122572251696747,0.49038597529369343,0.4786117746922051,30.85040589075938,23.351610266001007
3333,Binh Dinh,VNM,2020,2020-07-27,0.06684326351635508,0.3726368649737464,0.040370700414667136,0.07934102439677757,0.3602854204541651,0.22714021226236591,0.10746631048974804,0.6969338777359265,0.8981827685758174,34.992162425275936,22.737406835771527
3338,Cao Bang,VNM,2020,2020-07-27,0.15551322804083806,0.4081674116593896,0.1564990005757621,0.1737983471994998,0.3932900874485664,0.26455959778223637,0.13833385579175558,0.4942283106495199,0.537327227327591,28.989398349631728,20.03329204258619
3355,Khanh Hoa,VNM,2020,2020-07-27,0.08245259055249778,0.35965014174159177,0.058466848099971484,0.09433302084114727,0.3547410452143973,0.23808289290271478,0.11907675348318189,0.6313885328031391,0.6333011796052257,30.261370541092724,21.089380197825275
3360,Lang Son,VNM,2020,2020-07-27,0.143873230980209,0.3699301415331232,0.14259792426237275,0.1590592438571586,0.3523196564334976,0.23698581250036538,0.12559223894928076,0.509962881437797,0.5074534238200735,31.23610187431758,21.511887174497264
3370,Phu Yen,VNM,2020,2020-07-27,0.07212554971804218,0.3522126566677333,0.05006818509834744,0.08368461752041469,0.3366819285909503,0.2190159376367402,0.10628187368476961,0.6682766112191123,0.7759185055668759,34.109928893747714,23.09425896528486
3371,Quang Binh,VNM,2020,2020-07-27,0.04496139371292582,0.27441690387903916,0.031838175469462326,0.05541992006862163,0.2613912451906588,0.15940784320971504,0.07107520027726413,0.74202127470291,0.5819597355083157,30.88099658706369,21.61295400400421
3374,Quang Ngai,VNM,2020,2020-07-27,0.06291294012942791,0.3846256769978389,0.03847754759471714,0.07755584265364934,0.36649882246711124,0.22844721128514245,0.10412349902573619,0.7190329108589764,0.8935824122078563,35.86367399344447,22.548689930479835
3376,Quang Tri,VNM,2020,2020-07-27,0.062283953579656506,0.29630180820113416,0.04837055275589301,0.07233735684851461,0.27932966754041755,0.17866490936207652,0.08738130509422971,0.6799359263168806,0.6174533086418663,32.98167547868436,20.935387284825875
3383,Thua Thien - Hue,VNM,2020,2020-07-27,0.052415485864085155,0.3383667053346853,0.03831255354606522,0.06830287172716425,0.3114105625128538,0.1829493803357292,0.07823361699067065,0.7373545066951206,0.6794934607508242,32.1919500125693,
3327,Ba Ria-Vung Tau,VNM,2020,2020-07-27,0.09617727366934858,0.28886155339390174,0.08574856992870601,0.10591293286731417,0.2693719930505768,0.18837699615942732,0.10320362253275885,0.5189254561419017,0.47381124007622283,29.9567558446167,
3336,Binh Thuan,VNM,2020,2020-07-27,0.07257370053633266,0.33748347000347717,0.04924975139156628,0.08183243692834574,0.3217493569496155,0.2114675758538276,0.10227977165889138,0.6769643813752073,0.7326675649955492,29.646556152521377,19.417481612013503
3342,Dong Nai,VNM,2020,2020-07-27,0.10726274725097859,0.308178894407596,0.10497796674765272,0.11995878670094588,0.28697449069227315,0.1923527613887761,0.10050787305082123,0.5225758687162698,0.44839012086527574,28.940405516337613,
3344,Gia Lai,VNM,2020,2020-07-27,0.09090717882752614,0.3523697958590893,0.07711499070343471,0.10385884089863567,0.33608853916393516,0.22332783906814932,0.11179129911325943,0.6312179490380877,0.6815348425827208,31.97201350308155,19.95280390327806
3345,Ha Giang,VNM,2020,2020-07-27,0.1937829681460804,0.4390116399340084,0.19323887918789928,0.2108587445852956,0.42430482668122815,0.28694169745189374,0.15376113501236546,0.448118261803257,0.5442441478387845,28.143025350907354,20.218117728048707
3347,Ha Noi City,VNM,2020,2020-07-27,0.20333726840950397,0.35032836626814623,0.20035797538774203,0.21203232402647057,0.3374580474546251,0.258338995382568,0.1635630109302419,0.28024396415482716,0.31433369536322764,32.05105924739799,
3348,Ha Tay,VNM,2020,2020-07-27,0.19335054197234272,0.3806504848919084,0.17796640837680794,0.20062893750697197,0.36181069891020945,0.27390780843561546,0.17057008710081323,0.366083323246398,0.4705204312327838,33.101605096586525,26.510000000000048
3349,Ha Tinh,VNM,2020,2020-07-27,0.07038430875435159,0.30577974331962915,0.050988011177896794,0.07899205002821966,0.29297493982509937,0.19544662469449392,0.09899598981688762,0.6488999461179075,0.659691475880279,31.515214259037343,22.71835366201962
3353,Hoa Binh,VNM,2020,2020-07-27,0.13449012613483569,0.3770936767935947,0.13068572352887434,0.15038429818093188,0.3530992193407769,0.22940977993830622,0.1179815619731071,0.5231893931177393,0.5204767760214534,29.762454331590956,22.37414472433361
3357,Kon Tum,VNM,2020,2020-07-27,0.0949173343208945,0.3257632014930893,0.09142426707157868,0.1071737212525381,0.3089850421580348,0.19905130754590283,0.0982920668998119,0.6175087002776806,0.5343094205946084,28.881195014747348,17.291009956128097
3366,Nghe An,VNM,2020,2020-07-27,0.08381239645211458,0.3405138209465582,0.06685338500586185,0.09518580497753064,0.32846375416670226,0.2132203285603115,0.10517155239294439,0.6403945546412471,0.6534268004950173,30.135361822489696,21.19985732287436
3367,Ninh Binh,VNM,2020,2020-07-27,0.1707817612264631,0.3300888281313521,0.1540130135656247,0.1779749726355907,0.31218774114780695,0.24043634914096831,0.1472135302137345,0.3468335984051406,0.35239134805765865,28.646130555486625,25.44004162105164
3368,Ninh Thuan,VNM,2020,2020-07-27,0.0951629201506442,0.37421021570643986,0.05665127636681119,0.10050032561360477,0.38486543936563605,0.28170066686540085,0.15495311609661547,0.5986019610708875,0.9088038658157187,29.72462218289326,21.451305566158112
3377,Soc Trang,VNM,2020,2020-07-27,0.08545693876398859,0.2781767837338469,0.06909720483117462,0.09640428679164413,0.23762515885274751,0.15790841174908318,0.07866800244585043,0.5130291353436701,0.43547590745311987,26.227704633983354,
3386,Tra Vinh,VNM,2020,2020-07-27,0.11402123072673456,0.28780425327761316,0.10452617944324631,0.12612083182428277,0.25343363219303977,0.16980398551824616,0.0862944637265589,0.4247692162445428,0.3511065668594367,27.63704362663227,
3387,Tuyen Quang,VNM,2020,2020-07-27,0.17875699674796827,0.41260902177121833,0.18696958016817108,0.1966042258073894,0.38292424594758595,0.25220361234597943,0.13385280383510698,0.438733297927678,0.45490962432864,28.756601624122013,21.365235623487912
3388,Vinh Long,VNM,2020,2020-07-27,0.08117631027819401,0.24870411482989424,0.06946073222822113,0.08962977620572062,0.21658861303277438,0.14279267696467154,0.07012635518265244,0.5156526864177993,0.3645384643336584,27.772327405354478,
3390,Yen Bai,VNM,2020,2020-07-27,0.2210467535690055,0.44294012108859243,0.22919179618078056,0.23821718635454797,0.4237043894680469,0.2794447294833823,0.14894247322226026,0.3687039605689592,0.4261320298373824,27.986169818482594,17.293699005539263
3328,Bac Kan,VNM,2020,2020-07-27,0.13322998226245603,0.42255530838688965,0.13452856279467815,0.15348742862415982,0.3995618901616499,0.2606241390579436,0.12798339681875354,0.5718496528935589,0.6438863145718142,28.736763658846993,21.01201141081322
3329,Bac Giang,VNM,2020,2020-07-27,0.15399941075352636,0.36222873214913187,0.1451233787027758,0.16317203396931415,0.3481861215128841,0.25004622671372984,0.14313621037613058,0.45298926755244134,0.5104604043205868,33.282023214246294,22.55150679450166
3330,Bac Lieu,VNM,2020,2020-07-27,0.09540270175233607,0.21039996483643622,0.08398903891434392,0.1045988982083216,0.17933166669378378,0.12732232087658174,0.06831076609944045,0.3226633787520686,0.25509007556633084,25.472899755864283,
3331,Bac Ninh,VNM,2020,2020-07-27,0.21676641937148125,0.36738111170730947,0.18601633775069842,0.21398093182519684,0.35877688855178413,0.3029920295029232,0.2119045028085616,0.2746040370155151,0.24495937987490202,34.85408569020768,25.66391249452599
3334,Binh Duong,VNM,2020,2020-07-27,0.16243865988141112,0.3403345792204177,0.17151938580056394,0.1777532610342291,0.3261460778717283,0.23616831264916197,0.13068890090010887,0.37146321320301556,0.36345615321020275,30.392147326489017,
3335,Binh Phuoc,VNM,2020,2020-07-27,0.14019880656904504,0.33943384668187065,0.1496196250901562,0.15563781993878556,0.3212648862497663,0.21067894701283627,0.10452153010428528,0.44673400452639844,0.3810813764515926,28.125574773779583,
3339,Ca Mau,VNM,2020,2020-07-27,0.09479127284446358,0.17952482586466934,0.08425660328291566,0.10171464096667414,0.1544726283905193,0.10866731434521962,0.061396526203125114,0.3317200595502742,0.1750796148718807,25.731791710420055,
3340,Da Nang City,VNM,2020,2020-07-27,0.0690618489735831,0.3456968362988381,0.04691775577187217,0.08209358413096936,0.3240720650394865,0.20227940584054593,0.09774971189631528,0.6629223840295846,0.6713263252386964,34.152813424509255,
3346,Ha Nam,VNM,2020,2020-07-27,0.21058995722199064,0.3816025676330695,0.19523648407519215,0.2183084649023462,0.35310543391384713,0.2809395552976619,0.1816396232768283,0.3255244273463604,0.4333326525377615,31.49375756937499,25.545419932307823
3350,Hai Duong,VNM,2020,2020-07-27,0.17304848160211597,0.3263363479881364,0.16731011307759666,0.18343407210112478,0.30084575656719464,0.22932743681480836,0.13865619602062648,0.33156909996316686,0.3307121245566253,34.32824021458605,25.82551155465387
3354,Hung Yen,VNM,2020,2020-07-27,0.19242629750713164,0.3592936435735591,0.1797717864361778,0.1985829134006049,0.33744554092805695,0.2699859112621415,0.17573007714711042,0.32641611419333255,-0.9357390309033241,33.354218532395,25.263409025934248
3364,Nam Dinh,VNM,2020,2020-07-27,0.17509434367220256,0.3013054514487459,0.16194976788644988,0.18226063829158845,0.27394320643986536,0.21842631384304223,0.13900832477701391,0.28375202980062664,0.27523126235037815,28.14121869758927,26.809581865709013
3369,Phu Tho,VNM,2020,2020-07-27,0.1847386912014503,0.3957344793237707,0.19216893234887458,0.2014230401769982,0.3700346592714759,0.24490258923468466,0.1297729468579152,0.3817108147357287,0.40129898199483227,30.515408169451806,
3372,Quang Nam,VNM,2020,2020-07-27,0.05393915922162476,0.3634454191872754,0.03971967401177144,0.07170131056119874,0.33950233395010426,0.19897291444172785,0.08266914801017697,0.7497322985359905,0.7588128993839601,33.43451182969738,21.146692499281794
3381,Thai Nguyen,VNM,2020,2020-07-27,0.13903269270429988,0.41451293414258983,0.13572429316373655,0.15584202100419492,0.392459103387319,0.2633951132174797,0.13663617456657282,0.5372368358423766,0.6428752630601211,31.337590016924626,21.646927889657142
3389,Vinh Phuc,VNM,2020,2020-07-27,0.154653165127252,0.35082653790597707,0.1585438672469082,0.16928247055592271,0.31899632193553334,0.211810272839785,0.11255967309021073,0.4131984461283831,0.38294190337817813,32.13948451119032,22.415820247426097
73933,Can Tho city,VNM,2020,2020-07-27,0.1171015586342373,0.35637659155779294,0.11462052707997007,0.13710876992632817,0.30944819264826606,0.2082742267096817,0.10481281036306896,0.5172229814590227,0.4955282099684462,23.802711043735155,
73934,Dak Lak,VNM,2020,2020-07-27,0.15056564355571234,0.39791199490976364,0.14657707714824825,0.16613746961694356,0.3760170639357153,0.25804724143686025,0.13865268969294806,0.49591950346133223,0.5629890078517104,30.263332400591178,19.74258195046336
73935,Dak Nong,VNM,2020,2020-07-27,0.13972050276509704,0.352187824865153,0.14577148626681344,0.15470546161278967,0.32817981200702245,0.2166013711868629,0.11150444780451436,0.4780763839732925,0.43447788933331827,28.14857785037497,18.29641238104826
73936,Dien Bien,VNM,2020,2020-07-27,0.13538492592987172,0.4192672892914485,0.1343917486764659,0.15603552451018485,0.3921300826866834,0.2426259936627012,0.11484595072381097,0.5473996485243547,0.5747791609919259,29.495498748913633,20.54574868499498
73937,Hau Giang,VNM,2020,2020-07-27,0.10113080088339306,0.27332298320232656,0.09394853180472339,0.11152618725283783,0.24006703704448393,0.16057581204067803,0.08057501578102434,0.499573038884142,0.3675246048361877,26.163993272087076,
73938,Lai Chau,VNM,2020,2020-07-27,0.15573803572657374,0.4051033781748526,0.15300125772799575,0.17227877112523157,0.37822837442829715,0.23404332588536148,0.11423013881031983,0.5287429189526965,0.5277623610591701,29.087068723591898,19.95468350922593
73939,Lao Cai,VNM,2020,2020-07-27,0.2658122373451542,0.46360018296778344,0.27307094048728986,0.28161254964588184,0.43256371790765985,0.265434336855143,0.13807085613109302,0.30382150643406436,0.3126055432624186,29.43852550722601,19.957177415499196
3326,An Giang,VNM,2020,2020-07-27,0.12503020029075543,0.29181052539652935,0.10878564029697031,0.131188016671701,0.2693358199002126,0.19109909367183808,0.10182911321603835,0.4152678559935269,0.34933699957485165,25.092408668669908,
3332,Ben Tre,VNM,2020,2020-07-27,0.12035285014368262,0.2566186801668511,0.11551314957663915,0.12975555261598654,0.22676077295562302,0.1526967719746461,0.08318771882958251,0.36783420039365033,0.2663921940388489,26.85652895014588,
3343,Dong Thap,VNM,2020,2020-07-27,0.11281069874057413,0.308159171632516,0.10266250682314011,0.12531234842425867,0.28084703568211894,0.19781919075147927,0.10303455901399929,0.4753025916340518,0.4311126049170029,24.085906956370458,
3351,Hai Phong City,VNM,2020,2020-07-27,0.14818456791862383,0.27030043985496455,0.1366714864924688,0.15524238617629402,0.2483688385763129,0.1891639188139618,0.11927972743479666,0.30504743667036727,0.27369814243321505,30.873587976851734,26.319222079919275
3352,Ho Chi Minh City,VNM,2020,2020-07-27,0.11516647743337592,0.2505378622482476,0.11311224186538477,0.1268966924955815,0.22441489053738858,0.16436740898907884,0.09978640135793283,0.4018029453713402,0.3035336439136188,23.903147812123674,
3356,Kien Giang,VNM,2020,2020-07-27,0.10108121114152598,0.2794460151983876,0.0943411674669742,0.11409910455994526,0.23949837851299097,0.15828854586118793,0.0795651843992428,0.46880178151982527,0.3782885112120076,25.557125554586996,
3359,Lam Dong,VNM,2020,2020-07-27,0.13166197254775558,0.35173779467383,0.12969124508565705,0.14493820976000554,0.3341786881987247,0.21793240349600354,0.11250169190475863,0.514268227298962,0.4649486711965946,28.28010795307536,17.388576165758113
3362,Long An,VNM,2020,2020-07-27,0.08721665785433359,0.30540093466339546,0.07177693942975678,0.09994572512024014,0.28010807241769686,0.19560955261155102,0.09958184137544306,0.5821523997193419,0.5280970595034893,25.737855455054987,
3375,Quang Ninh,VNM,2020,2020-07-27,0.11158610832692074,0.29529208563059406,0.10895845724743837,0.12467280285033652,0.27590315429925644,0.18037021269776274,0.0939794875218558,0.4920717398604994,0.39853239711969385,30.903519146512213,25.001153620303622
3378,Son La,VNM,2020,2020-07-27,0.1619537645275365,0.4266683749754066,0.1587134607554258,0.18026093346848476,0.401963761749505,0.25203737900666173,0.12294567579198626,0.4861462345343175,0.5186120520242298,28.663330188912646,21.06080623037007
3379,Tay Ninh,VNM,2020,2020-07-27,0.12407108046167992,0.3401141642939804,0.11925349107201119,0.13776218147939243,0.32151346868824593,0.21923274065809983,0.11261684092085139,0.5065284214228972,0.47592171238322895,28.60697876537797,
3380,Thai Binh,VNM,2020,2020-07-27,0.17857342813880012,0.306611705103744,0.17083813755777952,0.18822720174250113,0.2756336671526477,0.21238143476283747,0.12982367384466142,0.28816085964854343,0.26168381008458635,26.615401517406276,26.864174092882152
3382,Thanh Hoa,VNM,2020,2020-07-27,0.08980273151084903,0.3494438513433572,0.07621008501205646,0.10337129421583408,0.3294095645183623,0.21317306543107578,0.10250155986877038,0.6145464007003381,0.6083533880568882,29.431892210142806,23.744341624864315
3384,Tien Giang,VNM,2020,2020-07-27,0.09306860201340128,0.2836055998189079,0.08507939741083448,0.10523327231262974,0.24962870006199858,0.16974672856388115,0.08861582967614884,0.5176902354543305,0.43322891726032137,27.01703107994598,
3333,Binh Dinh,VNM,2020,2020-08-04,0.08510917025944294,0.37881656808461317,0.05993525955696045,0.09649048932801822,0.3656821514272127,0.23955677956732774,0.12151034624440527,0.639598367360508,0.843978207702678,29.069276356778023,24.572658294086896
3338,Cao Bang,VNM,2020,2020-08-04,0.19696774617869467,0.41690308019471267,0.2032073255097655,0.2144714614567984,0.39762763158989534,0.2799604876801619,0.1579391275521774,0.39884232587828244,0.428805898602755,29.354896637927013,
3355,Khanh Hoa,VNM,2020,2020-08-04,0.09736240291285356,0.38257636158834335,0.07314514493624205,0.10950018403537327,0.3730001191260793,0.2558966828503139,0.13665966550607622,0.6095469854603416,0.5532023869282429,31.073097445329854,21.78221476510069
3360,Lang Son,VNM,2020,2020-08-04,0.12334656860847089,0.39111078668084137,0.11758258305169382,0.14257103880531807,0.3712560819735774,0.23589324719332003,0.11101630984255444,0.5383636729967654,0.5425567989954118,30.678569385850018,22.946249487723282
3370,Phu Yen,VNM,2020,2020-08-04,0.09929874511350731,0.4027621966079889,0.07442358506221833,0.11211007412832362,0.3852144599866601,0.258438181087999,0.13390592577746313,0.6205265134784163,0.7911102474437434,31.559053315653077,
3371,Quang Binh,VNM,2020,2020-08-04,0.08407623475946052,0.3786910598700769,0.06812630113773412,0.10051803722918996,0.36447234828471775,0.2379734146620657,0.11555485559286423,0.6557077710278942,0.774310685058395,30.194418181537976,22.446187128675174
3374,Quang Ngai,VNM,2020,2020-08-04,0.0770295229914936,0.3392411131988684,0.06257605500451033,0.0880008508209902,0.31770719180847323,0.20411657427640137,0.103845644034469,0.6501654078420543,0.6909679496792335,29.780380831141333,23.355883825295535
3376,Quang Tri,VNM,2020,2020-08-04,0.10261918850591423,0.3652332396377197,0.08584353015818381,0.11462806548811996,0.35209648074765104,0.23554107686018924,0.12196361895039584,0.5962036594781424,0.9796339530396844,29.999256466601025,22.26556852035591
3383,Thua Thien - Hue,VNM,2020,2020-08-04,0.06299353787935222,0.33941433782248026,0.04882677852860598,0.07791909384514883,0.32025184438443755,0.1972709205598187,0.09160205601523193,0.6923044567392266,0.6618140066688347,29.70305781762622,22.06364129920981
3327,Ba Ria-Vung Tau,VNM,2020,2020-08-04,0.11382389859600629,0.3496225051595243,0.09805236720245303,0.12633125421446365,0.33322293490095956,0.23347085620373792,0.12661941550248743,0.49800287039861746,0.5856607681735044,31.683846158633894,24.095404357248807
3336,Binh Thuan,VNM,2020,2020-08-04,0.09199921325850692,0.39650745298128914,0.06521577784632925,0.10350805509140162,0.384314547520133,0.2588378556305416,0.13092859743732535,0.6421973341120051,0.9836147734606048,31.897036926504356,
3342,Dong Nai,VNM,2020,2020-08-04,0.13673258015712203,0.3906058246136132,0.12500612957010054,0.15049126110493183,0.376286526104542,0.26054275925811354,0.1385450540017105,0.5044162930919636,0.6092368018757147,30.4893425182856,
3344,Gia Lai,VNM,2020,2020-08-04,0.23253483531727878,0.4354363098386286,0.23426695495874225,0.24533490266272037,0.413852573350774,0.29842395139109007,0.1727143449090696,0.35258344010305803,0.5038859164305571,27.470412817567762,15.188205456916092
3345,Ha Giang,VNM,2020,2020-08-04,0.20555867300460479,0.40846403092340633,0.21288732811573954,0.2220147303659474,0.38453572014027837,0.27437605538921034,0.15487350764593333,0.38941625859934265,0.4035905562898749,29.362440853739994,
3347,Ha Noi City,VNM,2020,2020-08-04,0.15166360043118926,0.3395392505686034,0.14303933349716685,0.1645882768188724,0.315746602719313,0.2320035970631338,0.12909141948831027,0.38949934674664305,0.3849484157634234,,
3348,Ha Tay,VNM,2020,2020-08-04,0.11381873543491874,0.3380283249141805,0.10344057924001646,0.13009551042469836,0.3052209676257391,0.2127642806243905,0.1071150852364769,0.5011847146198856,0.4723743417265007,25.472912170811203,
3349,Ha Tinh,VNM,2020,2020-08-04,0.06863447313155199,0.3885142446552673,0.04227493645975244,0.08540721391759885,0.3708768690187888,0.24430793931998918,0.11428462533386718,0.6895584805300636,0.8781569611615011,31.104485583203374,22.596379994849936
3353,Hoa Binh,VNM,2020,2020-08-04,0.08487083131935495,0.41434522850766353,0.07177021366008601,0.10749642013610032,0.39268786785243254,0.24611022812936845,0.10497724451286446,0.6639149633335661,0.7401526047175201,28.104103309920742,22.192745069903836
3357,Kon Tum,VNM,2020,2020-08-04,0.1845981930794348,0.39003879208314285,0.1894933536725895,0.19830652766006662,0.3701793614346517,0.24602251511345172,0.13107064062411802,0.41558933531279624,0.39276380612795836,27.78448906365012,14.633777694603465
3366,Nghe An,VNM,2020,2020-08-04,0.08460600573707923,0.42770393400543016,0.06221889267004961,0.10461764210893064,0.4122718657452285,0.26712195418490825,0.12292023040349054,0.6731194173138738,0.8862259000687428,30.316723430978342,20.82243718942594
3367,Ninh Binh,VNM,2020,2020-08-04,0.10846367612365411,0.3442513229322821,0.08577255314474047,0.12254857049938629,0.31966838905101136,0.22788210303800302,0.11916077156547299,0.5220981201097503,0.5728901930516082,27.08131874702061,25.74161917286508
3368,Ninh Thuan,VNM,2020,2020-08-04,0.09109097472218394,0.38338743362033034,0.052769008696731866,0.09703930041513087,0.39076115533467753,0.2871080392955553,0.1596392873008443,0.6203693085138418,0.6801483632502572,34.07940785042879,15.114673763804682
3377,Soc Trang,VNM,2020,2020-08-04,0.1226976767659891,0.32279871535097354,0.10230858389596961,0.13404318397996876,0.2835154494629629,0.1971366072832877,0.10764732192908325,0.43950405515953694,0.43634675085373265,26.675086861651177,27.32454545454546
3386,Tra Vinh,VNM,2020,2020-08-04,0.09662413092586421,0.3176570700745334,0.0724665227242697,0.10811595567047358,0.2810343386211032,0.18724776892135508,0.09609057146656608,0.5012348066290755,0.4983619141955589,27.816683507362537,25.897159442027927
3387,Tuyen Quang,VNM,2020,2020-08-04,0.1688302362015065,0.3879522875326787,0.1783992037090752,0.1872662516299043,0.35337249607721904,0.2365735516897628,0.12678579572343374,0.4227339439488208,0.4142192962742496,27.77963622773147,
3388,Vinh Long,VNM,2020,2020-08-04,0.1047866723819695,0.3304173702744412,0.07968092731000646,0.11429891193768249,0.2994767485281325,0.20468591255209873,0.10835411686957891,0.5161481297595983,0.5209691399066657,29.570710131681825,
3390,Yen Bai,VNM,2020,2020-08-04,0.20033720192939589,0.422189051228855,0.20353888696801714,0.21781363512332333,0.39835087258884505,0.26885544065848227,0.14322594117448811,0.38952656513864625,0.41591344998387475,28.88900070533738,
3328,Bac Kan,VNM,2020,2020-08-04,0.17098631071135706,0.41274580930310245,0.17654542989454872,0.18986867543635047,0.38513789926418623,0.2585263991038552,0.13728034095894873,0.44073340761879637,0.46152996299302795,28.157656008764768,
3329,Bac Giang,VNM,2020,2020-08-04,0.12979551723614785,0.38897722937923196,0.12182012722738282,0.14622383715081524,0.3654434566590168,0.24499311616063146,0.12179157773859227,0.5116471096298663,0.5460466530783682,27.14389809988455,24.237066419651192
3330,Bac Lieu,VNM,2020,2020-08-04,0.15109582884699044,0.25636089427118613,0.13682440972540658,0.15800416017132823,0.23007834297897103,0.18123775623922195,0.11741864560008063,0.23992838954309495,0.21512909253770263,29.536161464967492,26.843900742607893
3331,Bac Ninh,VNM,2020,2020-08-04,0.1928090264228482,0.3544909950826967,0.19131836216896156,0.20695730269220375,0.32260168512094944,0.23656477625877076,0.13228732242604835,0.3091123949065476,0.2841221487296759,28.39221094484442,
3334,Binh Duong,VNM,2020,2020-08-04,0.18137721904124096,0.43067306313174963,0.16986849291206013,0.19443090761890003,0.42746278981402913,0.3158074133427187,0.1796003424455815,0.4375706071287077,0.6371247800431695,31.60818967262615,
3335,Binh Phuoc,VNM,2020,2020-08-04,0.18492930362292315,0.42454613820498127,0.18293307590299018,0.19841964293071862,0.4138027003619306,0.2942117009117114,0.1619955731266756,0.4267272927694484,0.5343940397411718,30.513179378584777,
3339,Ca Mau,VNM,2020,2020-08-04,0.10382062944117092,0.216775430222454,0.08721135671034136,0.11140515361594831,0.19180644485613565,0.14208595546464847,0.08899024044842749,0.35455769552775446,0.2524662321102046,29.996598331301676,26.484931482100315
3340,Da Nang City,VNM,2020,2020-08-04,0.08084790423914279,0.32888346940494106,0.06406364182791188,0.09225074882133112,0.31006002456548254,0.20317550749789226,0.11100830570765083,0.617488641804279,0.7019814243223998,28.881590013477105,21.843436915064164
3346,Ha Nam,VNM,2020,2020-08-04,0.12112676620685407,0.36762479007872056,0.10598762612739439,0.13705680161883313,0.33176876422141316,0.2341855624747328,0.1232610882039799,0.5151647910667819,0.5510811770060623,23.565909125267254,25.759555638718478
3350,Hai Duong,VNM,2020,2020-08-04,0.13897694851897233,0.3573383454898909,0.12617099343814056,0.15303241836795511,0.32850781251453376,0.24311217399297375,0.1345454496759015,0.4539116134769755,0.49199791758431793,26.274650187773258,25.949643296575672
3354,Hung Yen,VNM,2020,2020-08-04,0.12014451493274307,0.3471816876510186,0.10915770672609708,0.1347005637426136,0.31040296532349093,0.21945887675979123,0.11424204751474677,0.5061273661607525,0.48739001615090294,25.687997003457564,25.513100573815017
3364,Nam Dinh,VNM,2020,2020-08-04,0.08945210562259515,0.30947211086863347,0.06744734082587268,0.10140364528748674,0.2693145303437224,0.19772381559467464,0.10657767468184089,0.5613883515459502,0.5461080457358273,26.21089561664426,26.415623521760587
3369,Phu Tho,VNM,2020,2020-08-04,0.12105177440069598,0.39019626898643417,0.11237463236552306,0.13956118044460206,0.36053424083451446,0.22371353652953774,0.10146147286927462,0.5449308770017195,0.5471180670422725,24.741270578116875,
3372,Quang Nam,VNM,2020,2020-08-04,0.06927164364557555,0.3413878400740805,0.05970292030492119,0.08444679159141737,0.3186187079863617,0.19343134108351084,0.0905641096932973,0.6802686637438281,0.9167904037588627,29.393968484027603,19.868320099103197
3381,Thai Nguyen,VNM,2020,2020-08-04,0.16187798048400331,0.39024350034540195,0.16355654759621277,0.17948664475908277,0.35775402553779245,0.24158366128194766,0.12565212059246703,0.44213786908704883,0.4318295361450328,24.170791289120814,
3389,Vinh Phuc,VNM,2020,2020-08-04,0.11118776189438,0.37315727949298394,0.09948357375790154,0.1287201766941087,0.34355801015269877,0.23119878436349936,0.11265937142055384,0.5401929197226678,0.5602900515701842,22.241484038037683,
73933,Can Tho city,VNM,2020,2020-08-04,0.13066858851615298,0.4013893578391133,0.11343360117588072,0.1468955471233901,0.35497622223538566,0.24497851758586275,0.1390489386630007,0.5195251950680392,0.6206733108781517,30.252129060117735,
73934,Dak Lak,VNM,2020,2020-08-04,0.16353017077003767,0.41416795163853976,0.15531406390695182,0.1770018437825835,0.3931480607335506,0.2757933694671519,0.15762627028438944,0.4754830066176155,0.6089842167774336,27.499784611638997,
73935,Dak Nong,VNM,2020,2020-08-04,0.19772099802864493,0.4240445262191675,0.19625723024267924,0.21043082624751977,0.4056104178085666,0.2902283529333358,0.16968169833947563,0.3997429148372318,0.5138748156230291,27.539484823912787,
73936,Dien Bien,VNM,2020,2020-08-04,0.23441866749020202,0.4687423474347773,0.23718177415085098,0.2518929640323761,0.4342076850250162,0.29326356046485674,0.15987437924171372,0.3796215396733941,0.4304767576490327,28.184846893238884,
73937,Hau Giang,VNM,2020,2020-08-04,0.1003136709907724,0.3251959207129175,0.08224934041349422,0.11219732351530559,0.2919516868033875,0.20204221520205054,0.11208379290241602,0.5383408814610366,0.5347419533256585,29.69256972984346,26.690361532899505
73938,Lai Chau,VNM,2020,2020-08-04,0.264835604073983,0.45673036433065933,0.2694210175241291,0.27875968540071205,0.41860829077028966,0.2861468741464466,0.15525165969251173,0.33563151057885415,0.3477615553703298,27.875329662806326,11.006107382550343
73939,Lao Cai,VNM,2020,2020-08-04,0.21725129443472907,0.4538346112643086,0.2187058096806282,0.2350101833645566,0.42463585805826354,0.29496770988439847,0.15961227289860572,0.41391506534051087,0.47179297132280407,30.080682399708568,
3326,An Giang,VNM,2020,2020-08-04,0.10845390031313769,0.2768641680121512,0.07395269882937362,0.10867478606244078,0.2528701336539326,0.1831405033834499,0.10186735113466219,0.4217023106870354,0.38482321443039363,30.15690502606673,25.529305669008377
3332,Ben Tre,VNM,2020,2020-08-04,0.1212981909048876,0.30868168148419656,0.10151156468669843,0.13032803391927436,0.28127680011892464,0.19209500781295638,0.10482585140859604,0.4242296660126894,0.4048796131690296,29.770767206121857,25.44935525316821
3343,Dong Thap,VNM,2020,2020-08-04,0.08949708893520458,0.3084984542151001,0.059924683159724955,0.09759186361428358,0.27888041023298427,0.18893923978739557,0.0961163219433882,0.530032986139493,0.5064635359580554,28.5262934482232,26.057144448570412
3351,Hai Phong City,VNM,2020,2020-08-04,0.1456302851344045,0.3084431913697743,0.12231205046996979,0.15291253982370978,0.2844294870505041,0.21975169442756481,0.1324604765441595,0.3681447477179187,0.3753369017266696,26.847620166375044,26.150230026825035
3352,Ho Chi Minh City,VNM,2020,2020-08-04,0.15492722589551486,0.32424223044491757,0.13964687555542946,0.16450112668146055,0.30896524695136984,0.2368915950940657,0.14911889889605387,0.37093365454962585,0.4174755486428633,29.301493417393004,
3356,Kien Giang,VNM,2020,2020-08-04,0.10200011823996512,0.3143369545272837,0.08153344836410972,0.11397982397627891,0.2784942807664638,0.19160097758813097,0.107105110159063,0.490977942548907,0.4874680799283031,30.1323818349285,26.620878471699864
3359,Lam Dong,VNM,2020,2020-08-04,0.17733559401865573,0.41555338190966734,0.17084926155293842,0.19018152517285802,0.40258906212012385,0.27868035832110855,0.1577761985509742,0.45179678365231674,0.5609792370264075,26.864343692457364,9.890691065825118
3362,Long An,VNM,2020,2020-08-04,0.1003894612627391,0.33487669011773885,0.07295277795958491,0.11075253921381137,0.31209831153991974,0.21932160822507127,0.11724967467091764,0.5412630526494567,0.568303900457161,29.757084280034835,25.227650613553703
3375,Quang Ninh,VNM,2020,2020-08-04,0.13103536832129284,0.3573542428336898,0.12075554767052163,0.14516144864543434,0.34161539602408875,0.23450808090732567,0.12546134629279926,0.4827610026818437,0.5077884919049075,26.232604836638913,24.27082874661259
3378,Son La,VNM,2020,2020-08-04,0.1731758686720144,0.4166364063676886,0.17237154914340108,0.19090572931477756,0.3876711730214846,0.251189518437792,0.1262821121155471,0.45584137711751177,0.47372651314786296,26.643499940706693,
3379,Tay Ninh,VNM,2020,2020-08-04,0.11214153823695258,0.40188874538171576,0.08482897558080817,0.12482132622021763,0.39788780965492915,0.2849099558140214,0.15488014483547125,0.5629578658677045,1.1706067826218078,30.533116384412263,
3380,Thai Binh,VNM,2020,2020-08-04,0.08441257811254751,0.30163910789962195,0.06397153146300787,0.09646301942207262,0.25707146424988614,0.1847134967700198,0.09771871097302585,0.5819922945269559,0.5298932125256446,24.163165078189554,26.268988497026662
3382,Thanh Hoa,VNM,2020,2020-08-04,0.0922785530999418,0.4219451401236887,0.07363870398949732,0.11210348744345143,0.40064720756393996,0.2603530114784185,0.11945907604480084,0.6429133490493546,0.7929040327755189,29.942332180980976,24.091629901939715
3384,Tien Giang,VNM,2020,2020-08-04,0.10883045650133871,0.35308148740679324,0.08811606234324339,0.12046311666359778,0.32423428275275984,0.2261851466386618,0.12282329669852499,0.5340938460152638,0.597077558444851,29.88139384164363,25.174894395944833
3333,Binh Dinh,VNM,2020,2020-08-12,0.059455301655158575,0.35722064119994507,0.035318490789401254,0.07113170874745267,0.3397887345139237,0.20670471035775081,0.09347890905138137,0.7139562629928594,0.7600166599268593,31.557168291415483,20.475164824094527
3338,Cao Bang,VNM,2020,2020-08-12,0.2830853205547187,0.4586126908102134,0.29474274699066844,0.29772396582199184,0.4311456009469874,0.32045006774938695,0.19220004024968498,0.28439654128337605,0.3288768459870129,29.116395372566235,17.965224393371177
3355,Khanh Hoa,VNM,2020,2020-08-12,0.07080136165441105,0.3418199179209956,0.05220060654627598,0.08420072573321967,0.32195818926918857,0.1984608276245352,0.09427345868463037,0.6629673379579193,0.4388978752566269,30.032893055682653,20.452727905089606
3360,Lang Son,VNM,2020,2020-08-12,0.2679551342471089,0.4416707026763315,0.2767999199677347,0.2823758950931274,0.40719148632033536,0.28698999219255594,0.16673762681327287,0.2908700429937268,0.31475407835141694,30.69587603839806,20.88321803615097
3370,Phu Yen,VNM,2020,2020-08-12,0.06410591071335377,0.3355619768017713,0.04577284467372577,0.07658323111562393,0.3116611371906139,0.19215427930817092,0.09014875350007605,0.6866452024822969,0.6721235313005637,32.445485563285295,20.466748942182633
3371,Quang Binh,VNM,2020,2020-08-12,0.17804363989121944,0.3648373052426026,0.18415486271564846,0.19032819646243856,0.3382431177830765,0.23004125907484654,0.1264476149402633,0.4288254415931574,0.33487691739328457,30.571220512761922,
3374,Quang Ngai,VNM,2020,2020-08-12,0.06086605608593832,0.34953153497780853,0.04169930381229042,0.07410800202110147,0.3283591660909396,0.20253050592209815,0.09268242832523674,0.7008655017215147,0.7155680396303368,32.28226427349669,21.301371538383783
3376,Quang Tri,VNM,2020,2020-08-12,0.14491836779417824,0.34039585172025955,0.15133323414913785,0.157891224804278,0.3127585658270459,0.20968008337496039,0.10991639586679938,0.462135543599676,0.3968107564821661,30.997825401467416,
3383,Thua Thien - Hue,VNM,2020,2020-08-12,0.08136129047634667,0.3409275533888899,0.07118264307218915,0.09562908700119703,0.31964685454557834,0.20202305570607035,0.09848395043083634,0.6237783824465153,0.6152207072415745,25.512527069454347,
3327,Ba Ria-Vung Tau,VNM,2020,2020-08-12,0.13050913170142187,0.2994506047419946,0.12866795538823642,0.1414474409148093,0.2810596057646553,0.19730097094416646,0.1143152678136169,0.4093699103441003,0.3878003561360748,33.16491360842171,22.86868589743593
3336,Binh Thuan,VNM,2020,2020-08-12,0.07406825158781116,0.31635477344924035,0.05395526174747249,0.08164141049464457,0.30324340101104164,0.19911919530809996,0.10044796462335104,0.6536970948220958,0.6631167673635985,31.208545022324532,19.930439865253668
3342,Dong Nai,VNM,2020,2020-08-12,0.10358831596053283,0.30666153859030487,0.09348117868834631,0.11438223033640962,0.29173519942844095,0.19150216669600295,0.10013789916445762,0.5254850736273574,0.4722157355513633,31.507607461804817,
3344,Gia Lai,VNM,2020,2020-08-12,0.09687610829577138,0.3653005535249374,0.08174205147886233,0.10942780358460602,0.34989891312871346,0.22955540464430133,0.11622909108753486,0.6180595119359982,0.6881803756491759,30.179603690307488,19.192897028955674
3345,Ha Giang,VNM,2020,2020-08-12,0.36678258397780683,0.4955260130667406,0.3807817727791836,0.37844045125940967,0.4642213152671152,0.358185946202811,0.21634685346565374,0.18876328695875352,0.2531801895541121,28.93838789008998,9.58809203614209
3347,Ha Noi City,VNM,2020,2020-08-12,0.2857557904599842,0.4125990675187316,0.2869595593526677,0.29583528918766056,0.3851711038506467,0.29604286104521355,0.18801634730521324,0.19569609216745057,0.2197594437344558,,
3348,Ha Tay,VNM,2020,2020-08-12,0.2160735849460492,0.3845294030132755,0.21371699970730887,0.2273492293087833,0.35705337271831683,0.2749897996980909,0.17611847341266623,0.30832511746428504,0.3426469819327382,30.184666876756207,19.195122552239088
3349,Ha Tinh,VNM,2020,2020-08-12,0.06653083812303637,0.2899330006372542,0.05802562962889796,0.07812391959966512,0.2618143314596478,0.16100970063219094,0.07380856300549715,0.6686836860112254,0.5188892017360202,28.577272100158606,
3353,Hoa Binh,VNM,2020,2020-08-12,0.21880591151195997,0.40632459496001383,0.22612997337040527,0.23371152542552506,0.3732047216083915,0.23651216109789147,0.13060378814161513,0.3397077478347549,0.35167229005958855,,
3357,Kon Tum,VNM,2020,2020-08-12,0.10098782791342312,0.3710735985359486,0.09060894558767646,0.11487809368846257,0.36045852996901445,0.2312042947489166,0.11398826646233119,0.611446946300829,0.6598912409653188,27.279596976559677,15.192514794782088
3366,Nghe An,VNM,2020,2020-08-12,0.06907815797017883,0.31214129128093654,0.05955769920122318,0.08196890506175633,0.28734168060861104,0.1756619141741437,0.08011293610588267,0.6938116131037709,0.5781608105893594,29.26104156492786,
3367,Ninh Binh,VNM,2020,2020-08-12,0.06776577933636015,0.2592347076123782,0.054496820353073044,0.07946211946000911,0.2261520877918791,0.15105395488786438,0.07391818844586928,0.5887648978268093,0.44677901343269494,,
3368,Ninh Thuan,VNM,2020,2020-08-12,0.07722175367375357,0.3409469295818515,0.045831532344466935,0.0831853790091193,0.33833242435384003,0.23665864163904188,0.12574277004215417,0.6452566394972945,0.6380253837680343,32.58482859369839,20.724433652624118
3377,Soc Trang,VNM,2020,2020-08-12,0.15175033850369357,0.30309318210755426,0.14557405899660558,0.1620407452324018,0.2648207524858458,0.1761878228834378,0.09569821129705298,0.3539849043041749,0.28418290865571016,29.70654217373068,
3386,Tra Vinh,VNM,2020,2020-08-12,0.15437728064747994,0.2961836483347152,0.15154043824965133,0.16510507434363209,0.2655727543083307,0.17199858919632433,0.09041256360995363,0.33699253627957987,0.26921218408637404,31.827093528539418,
3387,Tuyen Quang,VNM,2020,2020-08-12,0.2091738844080698,0.4052984611027561,0.22081632774470247,0.2246795734830043,0.37015301222872665,0.26833969732105084,0.15760086765480633,0.37682995518153856,0.38423067898995894,28.02790847314133,21.526195449174864
3388,Vinh Long,VNM,2020,2020-08-12,0.1457448096910786,0.3124030378760143,0.13300830390433419,0.15404983804898092,0.28733806529880135,0.19256178759281337,0.10421005232263734,0.3845845988382852,0.3305132546592503,33.175173678882395,
3390,Yen Bai,VNM,2020,2020-08-12,0.3478125111371064,0.49250581462098,0.35279872761987136,0.35794973545913494,0.46061120651001636,0.3567560032765398,0.222243535359038,0.22449364758618268,0.25708002263117263,26.462798876878978,13.666691538249104
3328,Bac Kan,VNM,2020,2020-08-12,0.26261083184127965,0.45498231344152334,0.27411346553154864,0.2779375129485174,0.4248013530889233,0.31259079357734476,0.18852910320213534,0.31662619573847356,0.36296622528907924,29.23518750745015,20.209445444347256
3329,Bac Giang,VNM,2020,2020-08-12,0.29825385156338097,0.4337372105670396,0.3145787779309147,0.3125289209946208,0.38704890762068694,0.26440666215422926,0.15324564179107894,0.2071680917071383,0.18689451557419554,30.147341393079007,22.390000000000043
3330,Bac Lieu,VNM,2020,2020-08-12,0.14695816678400198,0.24256484002242082,0.13771851407873706,0.1553639435179234,0.21163312954981742,0.14580244166767803,0.08365940015139108,0.2274074357378474,0.16988475964876298,29.294533333333376,
3331,Bac Ninh,VNM,2020,2020-08-12,0.27694732077691914,0.4287484488708477,0.27563316444609876,0.28827642802941317,0.38456474015620085,0.2688006749175156,0.15737316330953602,0.25444444178417663,0.27404881494165445,29.04530271530277,
3334,Binh Duong,VNM,2020,2020-08-12,0.10024675950744014,0.3356759427259976,0.08477584690035414,0.11147747065007103,0.3336414769282308,0.23282076982652367,0.12353013636616798,0.5727028089816164,0.5987598279406138,31.71542617073401,
3335,Binh Phuoc,VNM,2020,2020-08-12,0.06936633046131753,0.344772658214645,0.05346627574656074,0.0821129581996735,0.33658779612593565,0.21027785712928332,0.09223700168680664,0.6938305991828103,0.6676453163893453,30.335994711189112,
3339,Ca Mau,VNM,2020,2020-08-12,0.09433180226877529,0.19061885458435476,0.08253980447439926,0.10133828650573538,0.16045428532840753,0.11087446120085401,0.06298366014386873,0.35279090635280075,0.19603336469348642,30.35095440867754,
3340,Da Nang City,VNM,2020,2020-08-12,0.0846614138025488,0.33511086320859196,0.07033247618706524,0.0986259627529983,0.3122881108098766,0.20053284292706788,0.10338587358939604,0.6038686923033663,0.6068250748705449,26.80848852454494,
3346,Ha Nam,VNM,2020,2020-08-12,0.19053618583563225,0.3588949246357718,0.1928777949110888,0.2043581443318606,0.3237166957003974,0.21849547518303944,0.12116120419779021,0.31538140962282674,0.2858654602989435,,
3350,Hai Duong,VNM,2020,2020-08-12,0.3014765442366094,0.41760094141051646,0.30831312278989326,0.3124272501850698,0.3696068517352284,0.22835628421340148,0.12729762863691318,0.19817574785624448,0.1775149033788136,,
3354,Hung Yen,VNM,2020,2020-08-12,0.22544325076179406,0.41332310843569897,0.21860798358592154,0.23606614390028915,0.37604482358108743,0.2680952653285019,0.1605413992647865,0.3384515229166354,0.3980168989624016,,
3364,Nam Dinh,VNM,2020,2020-08-12,0.06823999755421188,0.2869545473933454,0.05380346906078248,0.08128510072038518,0.24420450438528532,0.1719899637621664,0.08719418829968102,0.6087002692425562,0.5408131212081727,,
3369,Phu Tho,VNM,2020,2020-08-12,0.1378074443231301,0.34706813157771993,0.14143074172267583,0.15327238761245385,0.31559420523611065,0.2127925865559277,0.11587190430374332,0.4708505601158852,0.42229206812583364,27.732187545227152,18.004265214322913
3372,Quang Nam,VNM,2020,2020-08-12,0.07236070052298543,0.36132551730041135,0.060147579246246176,0.08883485670213641,0.3367643293163215,0.20364979013963128,0.09530106484311061,0.681422713578867,0.9454271756758574,28.14117407818682,12.418445118867004
3381,Thai Nguyen,VNM,2020,2020-08-12,0.23505776076105103,0.42052027054827296,0.2456539800421788,0.2500956913054433,0.38447547194295595,0.2812156646002669,0.16967211600428556,0.3148856769242432,0.349142415738523,27.335431539432406,21.36215080026969
3389,Vinh Phuc,VNM,2020,2020-08-12,0.18013762986450507,0.3495946104542373,0.1891577076926416,0.1952725217804835,0.3139509476576802,0.2244989170849754,0.13406108415331916,0.3433440225979741,0.32133212639439185,,18.189790313463348
73933,Can Tho city,VNM,2020,2020-08-12,0.1218944111229275,0.332277060270772,0.11007205375493863,0.13459482562912897,0.29489780920592185,0.19187877449980978,0.10057169063152636,0.4792498597283634,0.42528521264151603,27.7364231862886,
73934,Dak Lak,VNM,2020,2020-08-12,0.10186707672627669,0.342542588702752,0.09383067006911187,0.11474606215744983,0.32193463297444475,0.2060372779191565,0.10253675494239811,0.5859205259045049,0.5460100468447208,29.5062540256641,18.89735458303238
73935,Dak Nong,VNM,2020,2020-08-12,0.07781088454570559,0.34800872741018657,0.06584565221372646,0.09176679130669874,0.3295824093605302,0.20239789231318256,0.09258009845785944,0.6603084972114078,0.6289070230550439,29.233739409807093,19.268630402952322
73936,Dien Bien,VNM,2020,2020-08-12,0.3959638664323808,0.531927550664719,0.4036109677705143,0.4063009701942438,0.4865156611547827,0.3430176784579038,0.19789483792897816,0.17265597743790365,0.177615783362334,26.42721261686874,
73937,Hau Giang,VNM,2020,2020-08-12,0.11812008024054974,0.30366794932840885,0.11184787799071241,0.1288482244552746,0.2685426866511779,0.180623232999141,0.0975566428778616,0.466988897600988,0.3915729592903585,12.438064842958491,
73938,Lai Chau,VNM,2020,2020-08-12,0.42520186645766045,0.5382520721374332,0.43475164195797666,0.4349812528746404,0.4810913049500431,0.33023849026238916,0.18443343390868894,0.14636870509481392,0.14375395163488003,27.800906684007607,2.491690682036517
73939,Lao Cai,VNM,2020,2020-08-12,0.4495841997710055,0.5707450090149596,0.45836561400202297,0.45947717394692855,0.5113231134706343,0.3570112901836198,0.2069794694756121,0.16527980507283702,0.1796986711729987,29.311777530731383,11.34271763994588
3326,An Giang,VNM,2020,2020-08-12,0.1181420638020685,0.26211263100823323,0.08348942147220317,0.1154950045199602,0.2523663363165811,0.19319245087802392,0.11107666945180247,0.367960379339996,0.3576186179233573,30.29064092725015,
3332,Ben Tre,VNM,2020,2020-08-12,0.1322339761752092,0.2759226665591616,0.12477483673840507,0.14140634027365684,0.24830832284537024,0.1678121931246821,0.09487314510009454,0.3609303648482217,0.31003391321206764,34.12540891767627,
3343,Dong Thap,VNM,2020,2020-08-12,0.09907581145063309,0.28104129140576395,0.07136318338390353,0.10354730549019793,0.26389196524577146,0.18168106720998597,0.09476902586246444,0.4738433596367034,0.41826431658691815,29.77084162562403,
3351,Hai Phong City,VNM,2020,2020-08-12,0.26062922252046744,0.35589299216738846,0.2741239564679063,0.2745754029991697,0.31567467695007234,0.21993102620752147,0.1290348017299084,0.17672190688625783,0.1417935033935578,,
3352,Ho Chi Minh City,VNM,2020,2020-08-12,0.12468873323356268,0.2727614457802314,0.10871035216562641,0.13287488956440863,0.2554343236370934,0.19071404809120224,0.12335175206012804,0.39729371361987764,0.5309693882748359,29.808512104316936,
3356,Kien Giang,VNM,2020,2020-08-12,0.1077319296884715,0.30225005644905983,0.08784694158746734,0.11709812054323358,0.27538103141677955,0.1863444147420217,0.0993693095581971,0.45957152386264255,0.429079955840671,29.633532021585488,
3359,Lam Dong,VNM,2020,2020-08-12,0.07526639962577268,0.3066856906474409,0.0653792421549008,0.08621432028282333,0.29305427677472196,0.1795315006798944,0.0854279315247978,0.6414938313891358,0.5438465526131111,26.186340389344377,15.941308825307432
3362,Long An,VNM,2020,2020-08-12,0.08135764837765336,0.2790196010665476,0.05455005593264617,0.08729442994259613,0.26799473313389877,0.18682401482610764,0.09991154330042427,0.5505575741118865,0.4975996653288436,32.02338039673581,
3375,Quang Ninh,VNM,2020,2020-08-12,0.40077552820096946,0.4767254902137612,0.4177084821883721,0.41277293698536544,0.41529927395065946,0.25464774683591546,0.1422982536836802,0.10768587411152841,0.09115220656359588,,
3378,Son La,VNM,2020,2020-08-12,0.21525302123700016,0.4164841956706753,0.21437995971469503,0.22832392109620595,0.3859832554527853,0.26815500203203074,0.15103564401842312,0.40393395350596545,0.4000928528323402,26.683230978053597,10.53202309717501
3379,Tay Ninh,VNM,2020,2020-08-12,0.07761997735513128,0.32117424207933964,0.05480015231878468,0.08757939976856635,0.31833159115805815,0.21767173521644914,0.10920004564578738,0.6201465724493622,0.6620370190582362,31.60747068522967,
3380,Thai Binh,VNM,2020,2020-08-12,0.1454490065701267,0.32259108901666156,0.147763217076704,0.16118787767094517,0.28048876849386145,0.20150106632710377,0.1115333017289066,0.3999872931518806,0.3553090645513359,,
3382,Thanh Hoa,VNM,2020,2020-08-12,0.06680730024475617,0.3097519188757905,0.058264928023114525,0.08031793054964237,0.2774905876585281,0.1673703169063435,0.07345951071355832,0.6790054029499607,0.556430781487638,29.614821985773112,20.485687816996222
3384,Tien Giang,VNM,2020,2020-08-12,0.10342780710649332,0.31491276553655684,0.08564111242096334,0.1133532016369046,0.2863701066367952,0.19177462464829012,0.10380674639967176,0.5198030032696139,0.4992495927009275,32.816079189977685,
3333,Binh Dinh,VNM,2020,2020-08-20,0.061260845307130087,0.33677495185444845,0.03959898977109515,0.07172248838744323,0.3207248422056392,0.1981026442157737,0.09191815967194528,0.7081828317888119,0.7306633106323337,,
3338,Cao Bang,VNM,2020,2020-08-20,0.054460084539101485,0.3853117089272698,0.042257661143015976,0.07646369903865116,0.3723912067389713,0.2230661667778367,0.08952280451322567,0.7687988166195447,0.81253285670718,,
3355,Khanh Hoa,VNM,2020,2020-08-20,0.057312839968913766,0.33394269947956534,0.03624054994721622,0.06964558903618412,0.3202732490059773,0.20094539497877972,0.09444355706638435,0.7151554388529295,0.8583419824979621,,
3360,Lang Son,VNM,2020,2020-08-20,0.06025667969212226,0.39242573729098607,0.04709662139408812,0.08216833910317045,0.3734391381815034,0.22607662801159967,0.0933182763543062,0.7472824643941702,0.8114525624010385,,
3370,Phu Yen,VNM,2020,2020-08-20,0.05850807274080812,0.36037317335644775,0.03714444551814004,0.07290131827220969,0.3347244519490114,0.20511325441482195,0.09196395002253914,0.7262182079318609,0.7927668097878119,,
3371,Quang Binh,VNM,2020,2020-08-20,0.14904325521431597,0.41954150992269956,0.14056055360925912,0.16531106810499682,0.3963518801815056,0.2606926148982957,0.13533764032565662,0.5157805338781555,0.6301189232197123,,
3374,Quang Ngai,VNM,2020,2020-08-20,0.04710397317108,0.31435997509792235,0.029524918116517303,0.057781607188721086,0.2986445394266452,0.18346255167382047,0.08434164232077235,0.7445708897890884,0.709624305494799,,
3376,Quang Tri,VNM,2020,2020-08-20,0.1269316578555403,0.37423822461941036,0.11485271273761592,0.13839407599489506,0.35569934693775573,0.24031923703133642,0.1296456538241065,0.5322506533591315,0.7189701445444184,,
3383,Thua Thien - Hue,VNM,2020,2020-08-20,0.09229045062214973,0.35932936799155,0.0797033826915614,0.10622099231755623,0.3374837855868582,0.21420410914490504,0.1070370419279012,0.6110674858017211,0.6404907268351677,,
3327,Ba Ria-Vung Tau,VNM,2020,2020-08-20,0.10907488661695729,0.31963063779603523,0.09514276406499461,0.11858906818161931,0.30616807507168814,0.215367571671414,0.12175705776492089,0.476184268056893,0.5392819599075019,,
3336,Binh Thuan,VNM,2020,2020-08-20,0.07967854410096076,0.3540345386207573,0.05463950220781337,0.08807870234954825,0.3482723178832326,0.23173046382795895,0.11676073124135074,0.6601468406083891,0.9530251651886702,,
3342,Dong Nai,VNM,2020,2020-08-20,0.11455753318417095,0.3250491439391674,0.106138379888603,0.12597826414685925,0.3146108575982903,0.2135507368021084,0.11364672492759213,0.5003058122735581,0.501900801682314,,
3344,Gia Lai,VNM,2020,2020-08-20,0.10586672873131386,0.3606416636333645,0.0946691726862485,0.11809385232054981,0.3461553069271437,0.22952926502407367,0.11919363151031191,0.5982483115917396,0.639800645417763,,
3345,Ha Giang,VNM,2020,2020-08-20,0.0421696747673685,0.3070707852053231,0.0320811203281556,0.05767765862178137,0.2910028093575869,0.17323279907773237,0.06984616732023832,0.7929381220074403,0.6579703737599784,,
3347,Ha Noi City,VNM,2020,2020-08-20,0.07987889061751934,0.2847348953014649,0.05668720530742801,0.08840207810950292,0.2602603856031321,0.187543951159286,0.10673477144711793,0.5530511601666568,0.5664054906940116,,
3348,Ha Tay,VNM,2020,2020-08-20,0.057243486307947705,0.269311733862784,0.03693614725609421,0.06856706378234963,0.23196505462947775,0.15306093612543814,0.07632659873710625,0.6456398366294557,0.531182868881939,,
3349,Ha Tinh,VNM,2020,2020-08-20,0.07183195308766092,0.3797028137091347,0.04940894046482533,0.08820995275544845,0.3566403705804346,0.22838276622067138,0.10680505747914261,0.6775511170131711,0.7899147053260198,,
3353,Hoa Binh,VNM,2020,2020-08-20,0.045009811613139314,0.3431488770918391,0.03395293482236367,0.06413523560706126,0.31509315462924814,0.18578430511960162,0.07331966821908457,0.775967860903677,0.7130658789228468,,
3357,Kon Tum,VNM,2020,2020-08-20,0.10271224607559465,0.350585727300458,0.09672160970172443,0.11530205994486246,0.340000817391819,0.21871405782598244,0.11078646492697987,0.6143140885473856,0.6133689081108094,,
3366,Nghe An,VNM,2020,2020-08-20,0.06209425888012929,0.4127837160023374,0.04343812146137922,0.0825507440212583,0.39047868424745313,0.23740128502599878,0.0991131351734221,0.7499167901572781,0.8649149142402786,,
3367,Ninh Binh,VNM,2020,2020-08-20,0.08160932849184321,0.31002806133659194,0.064091770384889,0.0961102433937377,0.2805960531417174,0.19281210424076117,0.1005545685729491,0.5872217895677533,0.5688664238553577,,
3368,Ninh Thuan,VNM,2020,2020-08-20,0.07434959508868749,0.35121280491958945,0.039733277210238595,0.0797919656201253,0.35603813485238384,0.25160049590891553,0.1349533286495414,0.6594724133154289,0.8233861629273138,,
3377,Soc Trang,VNM,2020,2020-08-20,0.09400538546672363,0.28366600329429703,0.06877569496816069,0.09949697821143627,0.2522884962036077,0.170677071192646,0.09113507441568837,0.48843263012372906,0.4436294361669476,,
3386,Tra Vinh,VNM,2020,2020-08-20,0.1008603523716714,0.27574243408745164,0.0730014389393616,0.10483295236132342,0.24888701619341272,0.1715381669985508,0.09475569039970218,0.45294389971306676,0.4110141980566555,,
3387,Tuyen Quang,VNM,2020,2020-08-20,0.033128738376226936,0.29888978657209947,0.027002253845048545,0.04833010987481143,0.26601354949679207,0.14796143405979084,0.05437704391527427,0.8177119519467725,0.6160393583099851,,
3388,Vinh Long,VNM,2020,2020-08-20,0.0993956190068551,0.30171483893075307,0.07608453824347307,0.10731902587136917,0.2732880094741818,0.18774292916392263,0.10110216225477502,0.5138805771609849,0.4993818850166819,,
3390,Yen Bai,VNM,2020,2020-08-20,0.06169954162213186,0.3170070331795063,0.05495652312229608,0.07670351701076653,0.29715902046596787,0.1814358909344896,0.07915136848499553,0.7275604765498234,0.610766713269273,,
3328,Bac Kan,VNM,2020,2020-08-20,0.0478336577758611,0.3478101087294957,0.04185004559252715,0.06655086714925983,0.3226121525298867,0.18655077128519237,0.07256527990246801,0.7880694032640074,0.7030726760795227,,
3329,Bac Giang,VNM,2020,2020-08-20,0.07030528356582119,0.3758620591417112,0.05076122592021626,0.0866594229371069,0.3484877671489138,0.22093901294330198,0.10199078986708894,0.6904337711202172,0.7636161473656682,25.391115249547784,
3330,Bac Lieu,VNM,2020,2020-08-20,0.08544330450241543,0.19650398109967712,0.06107304918018254,0.08940408189449904,0.16931491940851182,0.11987092165513467,0.06830263926398326,0.341352278837513,0.2448082749447889,,
3331,Bac Ninh,VNM,2020,2020-08-20,0.07459638606574431,0.35124331506290807,0.04477106991753238,0.08904526304177533,0.3094624800683723,0.21606363590779568,0.11200866907424745,0.6412970988160004,0.7340737380020147,32.15501293040827,
3334,Binh Duong,VNM,2020,2020-08-20,0.12585603600432987,0.3562401323181468,0.11538181058310937,0.13795645166268658,0.35823269211870296,0.2576019422697513,0.14125783381737259,0.5011245800819409,0.605389257714539,,
3335,Binh Phuoc,VNM,2020,2020-08-20,0.10061240012025016,0.3292974388943416,0.09499379747743364,0.11211876097433923,0.32520608123171507,0.21381737222668323,0.10481732938977353,0.5681518256594275,0.5318166080271386,,
3339,Ca Mau,VNM,2020,2020-08-20,0.08844420888602021,0.20096684483042845,0.06962459026898707,0.09404497712875816,0.17642701407110034,0.12342875953201331,0.07077554924517708,0.3815653158426365,0.2462539237333711,,
3340,Da Nang City,VNM,2020,2020-08-20,0.057700279725153125,0.32408325317449277,0.039384173847730825,0.07098470755170788,0.3038369520798874,0.1878457440640678,0.09347226006911155,0.7061090555241576,0.700971616743914,,
3346,Ha Nam,VNM,2020,2020-08-20,0.0897860836002108,0.32008112391229426,0.07704487521140302,0.10431756343146928,0.28180905418477253,0.19447215831038495,0.10608492990629495,0.5728086027465886,0.5781864166948096,,
3350,Hai Duong,VNM,2020,2020-08-20,0.07876284093029239,0.34191236839211087,0.05505592676629334,0.09411789123168535,0.3082476233570061,0.21220104919726293,0.10835599028934512,0.6237912037921857,0.6808497308343967,31.252694300518147,
3354,Hung Yen,VNM,2020,2020-08-20,0.09264506088950834,0.33440145431247864,0.07746019536919398,0.10695339056249459,0.29615520000235795,0.20534204761301128,0.1098030597555376,0.5739334719875595,0.6019921701286812,,
3364,Nam Dinh,VNM,2020,2020-08-20,0.09599504343932189,0.33970982379692555,0.07849024207393324,0.11004092689456961,0.2974909801229503,0.2118552229979688,0.11679355139049524,0.5681443636642933,0.615180157904211,,
3369,Phu Tho,VNM,2020,2020-08-20,0.04135916934306647,0.30443987435826336,0.026420825556742904,0.054625462150124426,0.27348724154550635,0.16173707138903604,0.06566243686197744,0.7627849065132478,0.6340284632197823,,
3372,Quang Nam,VNM,2020,2020-08-20,0.05123961394286854,0.33701734618209345,0.038584343703763846,0.06673911913724993,0.3166474537597162,0.18597597609307254,0.08147985873340802,0.7509712100682626,0.7776134102600043,,
3381,Thai Nguyen,VNM,2020,2020-08-20,0.04306761381820438,0.34416283757705823,0.030419262126563533,0.06032105043627691,0.31156265680473505,0.18532692609035537,0.07633045080307362,0.7870502375523691,0.7433478511188558,,
3389,Vinh Phuc,VNM,2020,2020-08-20,0.06521504165741783,0.33444261479090254,0.03956032510504098,0.07821680398783579,0.3043898064637661,0.19968202233277585,0.09720255180912889,0.6632119759020121,0.6982504556816811,,
73933,Can Tho city,VNM,2020,2020-08-20,0.106608700910839,0.34809398008606907,0.08100037793212485,0.11719777476705581,0.3106675703654929,0.2084524326926789,0.11243780515612849,0.539196308414042,0.5589479647266926,,
73934,Dak Lak,VNM,2020,2020-08-20,0.0700157018213851,0.33078752156034263,0.05548455218657945,0.08214423461858579,0.3150089991372224,0.19828887639602694,0.09435541435646827,0.6781491174556632,0.6559625676236461,,
73935,Dak Nong,VNM,2020,2020-08-20,0.0744082484976755,0.32268415597659283,0.0630459524515935,0.0855680934851522,0.31238434553727346,0.19815715991563895,0.09521250927620985,0.6631459716510356,0.6142036168293509,,
73936,Dien Bien,VNM,2020,2020-08-20,0.17420990169503442,0.42880740368045045,0.1742864984670983,0.19129096753516642,0.4073664284172348,0.2771644350448642,0.15342312550265763,0.4727468687650656,0.5475005579026062,25.016477011620005,
73937,Hau Giang,VNM,2020,2020-08-20,0.08560035123189634,0.2929891567275416,0.06781587889822897,0.09528446233949762,0.2590371636660217,0.173632227522451,0.09255962223185897,0.5528344597186605,0.48847956813001814,,
73938,Lai Chau,VNM,2020,2020-08-20,0.17505914619519675,0.4185810647252768,0.16947407079654075,0.18969381704034916,0.39762885988254393,0.27179083818627037,0.15006315952726293,0.4823482730380739,0.5289633677230522,16.98958815539259,
73939,Lao Cai,VNM,2020,2020-08-20,0.05762010746806679,0.32349621533573786,0.04972770159473354,0.07300070785236751,0.3028852962031905,0.18404285885747096,0.07894659887090513,0.7525398320456771,0.6378215422532119,,
3326,An Giang,VNM,2020,2020-08-20,0.10784421393429974,0.2547605437860323,0.070868410446107,0.10535841742162354,0.25043861749507257,0.19862198884786628,0.11780021537426687,0.39477406026932105,0.46597546621522096,,
3332,Ben Tre,VNM,2020,2020-08-20,0.11369824700867297,0.28050968810746646,0.09074397890060974,0.1173363982965609,0.2527933110933899,0.17270077848201462,0.09725608253639575,0.42103064081505104,0.381324820659957,,
3343,Dong Thap,VNM,2020,2020-08-20,0.09273378799206744,0.2737303865964323,0.06033036624746264,0.09597871183080074,0.2548579453094496,0.18090348619245805,0.0988169853525726,0.4712398182069417,0.44585063512215795,,
3351,Hai Phong City,VNM,2020,2020-08-20,0.11781618730658247,0.3098077643321759,0.10284406001290476,0.12995812866461945,0.28488034435854875,0.20806828423028223,0.11860772773872846,0.4596557395993586,0.4693977318340702,,
3352,Ho Chi Minh City,VNM,2020,2020-08-20,0.13630655190966506,0.2877872187571199,0.12038163269827941,0.1431763735991139,0.2724294504543864,0.20779898935358046,0.13416615302656848,0.38296552762454233,0.5223238852514211,,
3356,Kien Giang,VNM,2020,2020-08-20,0.08653725550730343,0.2867684692967939,0.060629695098543976,0.09389981998443658,0.26397356059487986,0.18120828934857627,0.09791491607373196,0.508256350523807,0.49026847845617716,,
3359,Lam Dong,VNM,2020,2020-08-20,0.05204113002487964,0.3132129765151816,0.03750039232701533,0.06402270717264417,0.30506262010955293,0.18362919823361584,0.08014450165384894,0.7390615893880577,0.6571452966782811,,
3362,Long An,VNM,2020,2020-08-20,0.10064851018102478,0.2850752589478331,0.07512130980354974,0.1055898411127833,0.27565463400371565,0.1999244242573585,0.1118676578852118,0.4824944222794053,0.4620027606549367,,
3375,Quang Ninh,VNM,2020,2020-08-20,0.07833069822211501,0.3308159190641338,0.06674326067310087,0.09404821397307517,0.3103705986258884,0.19474930101765847,0.09169452270687974,0.6266668103398858,0.6048920415530369,,
3378,Son La,VNM,2020,2020-08-20,0.09335162956339492,0.380592305383059,0.08493756559685865,0.11148351369506056,0.3605153466301193,0.23029950921030362,0.10851317077231004,0.657593125001204,0.692971719175939,,
3379,Tay Ninh,VNM,2020,2020-08-20,0.10354147488354144,0.3377058019286126,0.0857692654066405,0.1137792709254363,0.33875540033824797,0.23869177725425167,0.12662645388992883,0.5388416188560293,0.6384922630317758,,
3380,Thai Binh,VNM,2020,2020-08-20,0.09455003316706898,0.35975780012094893,0.07683030661372445,0.11139818542149184,0.31612226008372535,0.22150653901056652,0.11637138602013945,0.5899051187091714,0.6747168110245816,,
3382,Thanh Hoa,VNM,2020,2020-08-20,0.05423836688174996,0.3888825142897653,0.03761800807832962,0.0748280201706767,0.35985896884528035,0.21875354791376017,0.09005106563108402,0.7576707673852475,0.7943056409933039,,
3384,Tien Giang,VNM,2020,2020-08-20,0.1050771377416734,0.3130385593216926,0.08559101845738913,0.11272784457934311,0.2848810637062591,0.1975325596449575,0.11064845461283537,0.5103047720080912,0.5152363521694764,,
3333,Binh Dinh,VNM,2020,2020-08-28,0.05832352668389234,0.34266206189486276,0.0363106827726557,0.06949978810562994,0.326936143622249,0.20369392365721414,0.09532273805527279,0.7089553498241968,0.7941965885327077,30.285866980948864,21.145330868870484
3338,Cao Bang,VNM,2020,2020-08-28,0.04864033588825091,0.3591619564782651,0.039559768836087535,0.06857647728691042,0.35072355937935834,0.2084668620411507,0.08279669711004815,0.7794608724229327,0.783762620159614,31.903283942641306,20.754805026827732
3355,Khanh Hoa,VNM,2020,2020-08-28,0.07088140413318302,0.36233965268074825,0.04705226832288348,0.08365829400245497,0.35212204962510707,0.22839317066744974,0.11192266276149468,0.6781033652563774,0.8401974088049384,29.37811474508585,20.961481501165355
3360,Lang Son,VNM,2020,2020-08-28,0.03577660955349038,0.34183348806455544,0.026017635487076175,0.05486758707397307,0.32510528255370597,0.18769812950956546,0.07164508736982532,0.8157394936592877,0.7602086845557939,31.31212619319872,21.38947143525459
3370,Phu Yen,VNM,2020,2020-08-28,0.061185678859139773,0.3447326070253214,0.037739367465175644,0.07315090679248094,0.3276949035058444,0.2056267656501026,0.09544038494795491,0.7042421084406942,0.7169968659717664,31.624789075524994,22.460138216039773
3371,Quang Binh,VNM,2020,2020-08-28,0.05910643889072035,0.3520988438359599,0.04518054334359063,0.07362400617945145,0.33264703248082306,0.20501792800929944,0.09252356543105969,0.7235977002765624,0.6960635285413119,31.220506495249605,15.904284895433852
3374,Quang Ngai,VNM,2020,2020-08-28,0.05341524243904473,0.3290774430140258,0.03465174897273462,0.06369237397615965,0.3089668022349022,0.19172748776908277,0.08885714180802722,0.7379685106959863,0.8357275016449528,28.54544211196836,21.443412993889588
3376,Quang Tri,VNM,2020,2020-08-28,0.06674346617754155,0.359740309171742,0.04787913672300595,0.0793802821726629,0.3448064708226314,0.22118807453536776,0.10381221322827319,0.6940142423817467,0.5004985353575414,31.765104481904505,
3383,Thua Thien - Hue,VNM,2020,2020-08-28,0.05519681453177867,0.334928938718994,0.03903631557871277,0.06831243102884635,0.3174314672417968,0.19466905855698394,0.08808130963708317,0.7169709714159362,0.6035755611081364,30.969874132812166,
3327,Ba Ria-Vung Tau,VNM,2020,2020-08-28,0.08848826985407417,0.3128547410215522,0.07181783731029416,0.09966963898411166,0.2976347304349173,0.20484157730140015,0.10736818920883374,0.5346663760313088,0.5744319934002424,32.80443564525522,23.232129091465303
3336,Binh Thuan,VNM,2020,2020-08-28,0.07425310437678614,0.357665279877219,0.04651971421373954,0.08337091073698885,0.35204191876051094,0.23352681956086419,0.11428136744448103,0.6692995089982574,0.7629429709975984,33.885317173892844,22.79275063638146
3342,Dong Nai,VNM,2020,2020-08-28,0.12081836927266104,0.3339875497074284,0.11239052216565891,0.1327473511252769,0.3213958222546419,0.22064685144286775,0.11864229177782003,0.494471946532899,0.49832256887257764,32.124641278556616,23.965233100233174
3344,Gia Lai,VNM,2020,2020-08-28,0.09765114215476652,0.3562030910379411,0.08743495627890209,0.1108200296412778,0.3419173065694989,0.2248147834880965,0.11295227914463946,0.6080640443279403,0.6365111295064806,30.706197752804133,20.172297532241753
3345,Ha Giang,VNM,2020,2020-08-28,0.05886222930746002,0.38033688141518046,0.04777326842259948,0.07896646099761065,0.37504090865560585,0.2338196569943153,0.09861976089481161,0.7490592708382993,0.8606646235425937,31.619231504817094,21.50638219668135
3347,Ha Noi City,VNM,2020,2020-08-28,0.08294058848928058,0.30633412495679696,0.05323912808497663,0.08986749082841412,0.2910722157004239,0.2175498366395423,0.1322672180367165,0.5664793150151043,0.801797415384029,,25.85147964067053
3348,Ha Tay,VNM,2020,2020-08-28,0.06927335643300636,0.3129224103741873,0.041253599790546686,0.08021674048435133,0.2877856807412198,0.20065399165069053,0.10842252452779369,0.6280126228965142,0.7402544517760759,32.65725840755998,25.9548912022443
3349,Ha Tinh,VNM,2020,2020-08-28,0.05813981449520395,0.337298072705111,0.039179243658016095,0.07090274576923274,0.3156807544524474,0.1963906858116905,0.09016319594787324,0.712106662128125,0.7056505774407732,31.945926218350053,20.716967036117815
3353,Hoa Binh,VNM,2020,2020-08-28,0.046731703510222246,0.38795627291084306,0.0328519896735335,0.0675379218329381,0.3730366922182232,0.22817831232327607,0.09463436601917535,0.7787507787837353,0.911778575247641,30.75587566819987,22.727412599613913
3357,Kon Tum,VNM,2020,2020-08-28,0.08612022928887905,0.340109117256251,0.08098510080869804,0.09977152947783882,0.32872570687663616,0.2029842139942381,0.09410104552544515,0.6433064252339916,0.5867540211323776,30.111249530481103,18.74560046094734
3366,Nghe An,VNM,2020,2020-08-28,0.060074150940496895,0.36072964629286697,0.04851204232721258,0.07683759918983948,0.34352195611010233,0.21149919131272132,0.09272742064548956,0.7230575629263191,0.7515446415175875,31.08518528414785,22.145897628675183
3367,Ninh Binh,VNM,2020,2020-08-28,0.05618773429410568,0.30464819092529666,0.03341473962319425,0.07024325901547236,0.2781325509139276,0.18555420316654486,0.09179170500595674,0.6745464626938755,0.6790620941915702,31.403687680007682,25.594523766528837
3368,Ninh Thuan,VNM,2020,2020-08-28,0.0850737213406416,0.3744358271554328,0.048131364751342665,0.0908295009318234,0.3812384671352153,0.2728306271978625,0.14767182141608692,0.6327356590911197,0.9115771767651846,33.32592325847483,19.186640370464183
3377,Soc Trang,VNM,2020,2020-08-28,0.11384219191727718,0.2897151847035847,0.09487876535307757,0.12102626458538668,0.25444518553321027,0.1738615849151396,0.09487822789382863,0.43489158478727197,0.36638556539185846,27.42678800242705,25.49843239283814
3386,Tra Vinh,VNM,2020,2020-08-28,0.14039921891402216,0.30932269131750484,0.11140746061752244,0.14433929960956393,0.282792182797351,0.20365494767521128,0.12179484538204596,0.40910163632389834,0.39585579079618244,29.543293625820375,26.5067715552844
3387,Tuyen Quang,VNM,2020,2020-08-28,0.051511638210691046,0.38100019531896767,0.045231866236307296,0.07188788843765015,0.3586866075838228,0.21550054919695508,0.08772688294614302,0.768124305659835,0.834732686959325,31.69039617480314,23.19389820285718
3388,Vinh Long,VNM,2020,2020-08-28,0.10964159847318557,0.31772548232283165,0.09087242966694122,0.11961428281838118,0.28418115600580707,0.19489719941784292,0.10520032233304805,0.5000896622595427,0.4792349300781672,29.431700342248725,
3390,Yen Bai,VNM,2020,2020-08-28,0.06102803379313226,0.37197867927179745,0.05325538888704728,0.0803910432517145,0.3622418913823398,0.22544013757388331,0.09554084297582344,0.728632141756049,0.8157689317085568,30.9064799412871,21.489835420105944
3328,Bac Kan,VNM,2020,2020-08-28,0.04911452462247123,0.36920740721210343,0.045167586878784416,0.06993930809278016,0.3496793015681574,0.20438584264292803,0.07983307004591611,0.7800375750218369,0.7832068108390016,30.052936784061846,21.51469913579149
3329,Bac Giang,VNM,2020,2020-08-28,0.053176212797193284,0.3447743671015341,0.034453298494207384,0.06731553161370625,0.32289692343600124,0.20383570850901722,0.09480023344859538,0.7332133220691848,0.7853310968528935,32.18008411838593,23.82820198203995
3330,Bac Lieu,VNM,2020,2020-08-28,0.09656826120427262,0.19198327667476098,0.07538359007788485,0.10044200903381938,0.16366592676512973,0.11824484164194285,0.06861565574668274,0.30164549772778215,0.20139675263587206,27.881111111111117,26.239747178949496
3331,Bac Ninh,VNM,2020,2020-08-28,0.075412825104213,0.32312858588233456,0.045885607888188934,0.08530638369233513,0.2886182550869532,0.20688547038642016,0.11885528729958346,0.6211200145502805,0.8000864454997026,29.301765969080893,25.481765129345444
3334,Binh Duong,VNM,2020,2020-08-28,0.12057401517954737,0.3491190369114983,0.1099092349168634,0.13331195298051066,0.34944301859306687,0.24935453822359996,0.13170063124792603,0.5101338584653604,0.5676068705992953,32.07861154926669,
3335,Binh Phuoc,VNM,2020,2020-08-28,0.11236663240520306,0.3523175543086305,0.10404067645418986,0.12421054023469949,0.3504001585091362,0.2355835907597486,0.11793798963982062,0.5536487347964657,0.5773747931876339,31.562189138754285,21.526009611807513
3339,Ca Mau,VNM,2020,2020-08-28,0.09609537953408044,0.1959810856178964,0.08521636435271752,0.10269873171022494,0.16634305432374002,0.11462781655317267,0.06501632739636706,0.3562375858797086,0.2067136664825174,28.764214565033495,26.034034607327005
3340,Da Nang City,VNM,2020,2020-08-28,0.07704793850305416,0.3300168232901675,0.061260212242669754,0.08875455850369288,0.3090445288566983,0.19829097581490457,0.10290139049534575,0.6350730299488876,0.6323660223736642,29.52639827122707,22.855674424455973
3346,Ha Nam,VNM,2020,2020-08-28,0.06751473057897417,0.3111808159360255,0.044407135524374426,0.07985031654880294,0.27789145455815445,0.18930133953801442,0.10151098692106308,0.6443457345015191,0.670350712590456,33.65312426644373,25.871066301016228
3350,Hai Duong,VNM,2020,2020-08-28,0.06739576726379777,0.3082872676498061,0.04196515041175089,0.07861859206437885,0.27860580204554175,0.19433798585422096,0.10657794234558203,0.6409467964647729,0.6889410939208239,33.20238003923723,26.10815385121931
3354,Hung Yen,VNM,2020,2020-08-28,0.06850886079183384,0.3226533887937357,0.04214157073608835,0.07895278279744859,0.2907836099966286,0.2018485372859189,0.11143343710049397,0.6491670676734094,0.7454300024518945,33.428524200913344,25.85541035748562
3364,Nam Dinh,VNM,2020,2020-08-28,0.056216408047233164,0.30151834453236476,0.032547170802253986,0.06846495250799618,0.2610427999900749,0.17887323280002498,0.09443151078805143,0.6777815840257616,0.6983178164924814,30.68424824873636,25.922904994417095
3369,Phu Tho,VNM,2020,2020-08-28,0.051718829894736,0.36251998137477726,0.033236251910320105,0.06730425726989542,0.3434191185109901,0.21569986794056548,0.09465999466307001,0.7405550831056723,0.841338517737388,32.2680843737424,23.748742695687884
3372,Quang Nam,VNM,2020,2020-08-28,0.04867290248471722,0.33412895235113066,0.03717689444123148,0.06366590806761194,0.3103697145041756,0.18025171211454563,0.07628963793851735,0.7573694772616243,0.6566160852220146,29.101699536746654,23.04156170209193
3381,Thai Nguyen,VNM,2020,2020-08-28,0.05041868348004612,0.371251583244741,0.039240450156814516,0.06897199136124135,0.3471188429077965,0.21275381551645167,0.0921402121480752,0.7646283551811123,0.8501753025519478,31.02926584706605,22.545689615914334
3389,Vinh Phuc,VNM,2020,2020-08-28,0.07537834367550925,0.3367333217188316,0.05158515363745764,0.08657168171611837,0.31591607760945967,0.21690384358757722,0.11452112431885585,0.6352080410204929,0.7665448631734523,33.500015533503245,24.169946953451706
73933,Can Tho city,VNM,2020,2020-08-28,0.11395983415619185,0.32783458881370525,0.09167101459656939,0.12318113728158837,0.2926734417101515,0.196949407858123,0.10434437751059308,0.4983351011688514,0.45791620862698995,29.51553587974883,
73934,Dak Lak,VNM,2020,2020-08-28,0.07314623179298058,0.33786928112672643,0.05775478891122644,0.08594525459273716,0.3219724670128381,0.204487143260551,0.09775549303447326,0.6754482566933603,0.6616007961725233,30.65575147926702,19.691489261843987
73935,Dak Nong,VNM,2020,2020-08-28,0.08475610341298652,0.3356908525029468,0.07486706268117385,0.09710393251241176,0.32344852716858125,0.20553640378271343,0.09928081951516833,0.6314052352834276,0.5995579174683621,31.97081734287245,19.61791040675269
73936,Dien Bien,VNM,2020,2020-08-28,0.05351845094655488,0.3737204809764858,0.042848441440508644,0.07370655724379536,0.35752397240408545,0.21098257854058566,0.08499630847544377,0.7661193256180079,0.7923591824450114,28.628763726722028,20.79979314564595
73937,Hau Giang,VNM,2020,2020-08-28,0.09448987228714305,0.2863093365651633,0.08325853998960356,0.1048041504524659,0.2461076736846027,0.1623589676711581,0.08575034293214,0.5214407280679624,0.4185262301274033,30.686201796375013,25.537366598360673
73938,Lai Chau,VNM,2020,2020-08-28,0.05194504699153677,0.3648399994304237,0.0391545351864215,0.07059667309696996,0.34943530493690445,0.20485898861574114,0.08227449188422913,0.7708437965048193,0.7761466722594044,28.40155468268766,19.851494962409447
73939,Lao Cai,VNM,2020,2020-08-28,0.061292969938982554,0.39846408126422433,0.049709846676623995,0.08219388904318818,0.3883078440777757,0.24107139708487224,0.10130325962380511,0.7464248325075148,0.8802178758330922,30.34664957890771,20.57080876322333
3326,An Giang,VNM,2020,2020-08-28,0.11498929497306437,0.2675157721092344,0.0901498477229616,0.11953892131574234,0.2510581698288277,0.19184550543699067,0.10707059757918033,0.4024573200086174,0.3628690621788993,29.808037409401518,
3332,Ben Tre,VNM,2020,2020-08-28,0.12688601797924723,0.2931986530417767,0.10090974152364664,0.13012424531800046,0.26628029713152784,0.18618955596932274,0.10879047049149505,0.4170917333584828,0.3869078170638989,31.94258839031659,26.363835445377212
3343,Dong Thap,VNM,2020,2020-08-28,0.11497355016418075,0.294856721367044,0.08767630246165832,0.12041348666292138,0.27349531857475706,0.19624014809402765,0.10685943753323532,0.4381168078052407,0.4048985108676155,29.99860377635873,
3351,Hai Phong City,VNM,2020,2020-08-28,0.07692553533125986,0.2713290434395349,0.05662370360831301,0.08705710877523429,0.2454348323815898,0.17690372917597302,0.10099366208479053,0.5552610470102892,0.5567266829746247,31.6100735146791,26.100386191851445
3352,Ho Chi Minh City,VNM,2020,2020-08-28,0.14319929367462111,0.2876092606820224,0.12919375597575655,0.15064245948045832,0.2725421545245904,0.20486937413319176,0.12818161196120123,0.3797024033570698,0.3314027209883192,29.974404097370062,
3356,Kien Giang,VNM,2020,2020-08-28,0.10003822884032672,0.27337404817210986,0.08402274676718936,0.10856549976704008,0.24575101335859023,0.16713564785704804,0.0883899392713422,0.4496674203610231,0.3793856541901601,25.16076388782369,26.026944891817486
3359,Lam Dong,VNM,2020,2020-08-28,0.08285303560891469,0.3399056349939454,0.06935764468212495,0.09522113065588576,0.331846258583405,0.21084373926082597,0.10177802620976936,0.6365867860963665,0.6307572635219844,31.08995301302598,18.26617664470672
3362,Long An,VNM,2020,2020-08-28,0.10982910642945232,0.29381365527028763,0.08379701867230657,0.11511600634060248,0.2854832944366525,0.20966588206631084,0.11623686269092445,0.4758194746947314,0.45266594444996977,31.429867655122088,
3375,Quang Ninh,VNM,2020,2020-08-28,0.052147640726216506,0.2896467810089399,0.04323739585730834,0.06683363057363792,0.26907736806391125,0.163398740680168,0.07285480130588314,0.6903161179281905,0.5852257767883149,28.23806775093785,23.486180392218095
3378,Son La,VNM,2020,2020-08-28,0.06346449173561654,0.38408552772218285,0.05062508416158255,0.08262158133920401,0.3742576129366616,0.23343079923219293,0.10092972399141126,0.7308355032685746,0.853703328175672,30.07486961077779,20.19180165465829
3379,Tay Ninh,VNM,2020,2020-08-28,0.09528424042963553,0.33888914824199695,0.07693818807821287,0.10705014599293851,0.3387750426015467,0.23696251450612654,0.11979101172002518,0.5635303335114789,0.6577906654113209,29.589873114395875,
3380,Thai Binh,VNM,2020,2020-08-28,0.057382294821249166,0.3062652761304939,0.03423600765772519,0.07059502154101491,0.2632359086253137,0.1799601646516397,0.0953437947110831,0.6789062899622436,0.6927489694798938,31.50737010576177,25.979583438385276
3382,Thanh Hoa,VNM,2020,2020-08-28,0.047253296248076386,0.3750598457614281,0.031229813775799673,0.06602860425788848,0.3567262879756921,0.22209871116817495,0.0954017892890358,0.7717807851856371,0.8991851855673674,30.452023463543707,23.273688535882208
3384,Tien Giang,VNM,2020,2020-08-28,0.10911492758331406,0.3187007617982217,0.08870176094251493,0.11753129397129426,0.29093621862412605,0.2025503832679163,0.11356126750422568,0.5058304890067868,0.5107606877879781,30.973855698013217,25.930000000000007
3333,Binh Dinh,VNM,2020,2020-09-05,0.061921968155499066,0.36664488572688736,0.034756836918676294,0.07319064659982726,0.35749625557777137,0.22965057364488034,0.11046368411171793,0.7123696361164596,0.8970921038392167,31.761173730981824,22.089747084167662
3338,Cao Bang,VNM,2020,2020-09-05,0.2412203237824783,0.4204626294089769,0.2586360711932248,0.25966394999858816,0.3986279296710884,0.27654209812387337,0.15603345594343765,0.31321700225729243,0.317709396819924,29.436522908856865,20.63295796782198
3355,Khanh Hoa,VNM,2020,2020-09-05,0.08536969372635106,0.3754102054760102,0.05999904874060934,0.09690824170697324,0.3664437957636295,0.2448560307109144,0.12508798680387306,0.6377416860355615,0.9944403203510717,32.673978714442505,21.52979930292211
3360,Lang Son,VNM,2020,2020-09-05,0.18235812356859835,0.41235944328521024,0.19129688850911628,0.20207864619952368,0.389732248097415,0.25919128522812007,0.13750319503638908,0.4227686274564797,0.4492482601454967,31.107523339234355,22.843430961999882
3370,Phu Yen,VNM,2020,2020-09-05,0.07030504425980644,0.36962643046869453,0.04215683165224605,0.08157513626045437,0.36073662312142035,0.23755102812008938,0.1167231055959837,0.68144724840082,0.9216817392996459,33.07000132617653,22.311958308782508
3371,Quang Binh,VNM,2020,2020-09-05,0.06781685682903506,0.3476645370051264,0.05541856661165851,0.08201924693650384,0.3254153751503236,0.2013209976722142,0.09459988418905625,0.6889495512663865,0.6986420635116363,32.48939944059429,23.654466053517297
3374,Quang Ngai,VNM,2020,2020-09-05,0.05413370866687989,0.3332859295771003,0.03262435511619689,0.06417906899256538,0.31871245344983523,0.20178215000359848,0.09509395651162691,0.7295378147570254,0.8074658951308189,31.68075883022513,22.44272023063566
3376,Quang Tri,VNM,2020,2020-09-05,0.08214285724192906,0.3649061715263774,0.06321973060761327,0.09432491846876799,0.35170767783557033,0.23108807754715266,0.11341701230951302,0.6421270093067133,0.7510161714273924,33.59262800655626,22.674779710705863
3383,Thua Thien - Hue,VNM,2020,2020-09-05,0.06116931345361533,0.33667232150506887,0.04447326936467557,0.07425211627280542,0.31936912188048927,0.1980169497424634,0.09137807248093419,0.6989653627521968,0.7089617356576199,32.38228603418353,22.86965402893791
3327,Ba Ria-Vung Tau,VNM,2020,2020-09-05,0.07426619759835232,0.34032500878165073,0.05029343716278165,0.08712228666424725,0.3234224950885992,0.21676744123591038,0.10614296534100376,0.6053770125856082,0.6935873676659974,32.09655115322896,
3336,Binh Thuan,VNM,2020,2020-09-05,0.08053700792699296,0.41235946069102586,0.04488400356889788,0.09180455377521102,0.4076318764385199,0.27353713843272887,0.13387061544489517,0.6800309305771326,0.8336548083013567,33.18563439146617,21.52842636117606
3342,Dong Nai,VNM,2020,2020-09-05,0.07425268030649755,0.35388362191571976,0.05200863424708093,0.08910938558679113,0.3384006877448118,0.21720507888091886,0.10021810502714538,0.6462554411681009,0.7020410566697114,31.507946118006377,21.784449063997528
3344,Gia Lai,VNM,2020,2020-09-05,0.08509109224450676,0.3686704900051219,0.06944788243868832,0.09849556399533259,0.3572638383005796,0.23446171239666594,0.1152680862180458,0.6599728830914359,0.7721939821359685,31.076064448485184,20.291694589909024
3345,Ha Giang,VNM,2020,2020-09-05,0.32678845058415806,0.4560669684128211,0.3468473009330251,0.3425323579834391,0.42139749174481583,0.2780545260275504,0.1557049062822316,0.19296116016349368,0.17113562663751108,29.679380975749364,13.856364894451723
3347,Ha Noi City,VNM,2020,2020-09-05,0.16233109566548978,0.34762431236360264,0.1517856116495536,0.17327074423245029,0.3313410867460175,0.2612330195689868,0.16503093705359848,0.3697562383727547,0.4881724176490188,34.30858541548524,
3348,Ha Tay,VNM,2020,2020-09-05,0.09939175195940374,0.32597536620337003,0.08058341590567683,0.11400463250401456,0.2954713924393522,0.20844716124721752,0.11347814112810739,0.5356019871524623,0.5722388305316264,32.86485960475215,27.229980393030637
3349,Ha Tinh,VNM,2020,2020-09-05,0.06552999135198,0.38316679909363804,0.042354081472923216,0.08105876007906439,0.3643944232163373,0.23057869678889834,0.10300756254664034,0.7038909899312812,0.8030788153756555,34.696063172054934,24.67731967202895
3353,Hoa Binh,VNM,2020,2020-09-05,0.0700421523245921,0.35844073720824865,0.06692156003655154,0.09041267081575598,0.33186791697978835,0.2015199992669317,0.08806860882794892,0.6803225780652861,0.6705551625066746,31.15577432739183,22.659145311265544
3357,Kon Tum,VNM,2020,2020-09-05,0.07553563026487439,0.35249402490121357,0.06709928065851246,0.09003065848178761,0.34358452565944364,0.2129815664694186,0.09607157903477243,0.6884899693533513,0.676850751919809,27.237174831871506,18.84221008750357
3366,Nghe An,VNM,2020,2020-09-05,0.07249888810284559,0.40971973100644427,0.059202123822878074,0.09337091668516562,0.386506320708965,0.23703576933368734,0.10283229277010561,0.7047199007538303,0.8178460365359012,33.56800877322238,22.527544144402164
3367,Ninh Binh,VNM,2020,2020-09-05,0.12131963598784315,0.3516600151050201,0.10993008606770173,0.13790428766192692,0.32489248807489784,0.2311149632419888,0.12836107675674807,0.50006443566214,0.5492545773588017,33.657522452280986,26.26924761164932
3368,Ninh Thuan,VNM,2020,2020-09-05,0.10247798734743782,0.39326493236050536,0.06006918468388587,0.10579796378666129,0.4045758336176855,0.2994133519975916,0.17020714514969398,0.5973849386713209,-0.3932154700542697,35.489372492796754,22.15583967532757
3377,Soc Trang,VNM,2020,2020-09-05,0.09722838470565941,0.29181529756695573,0.06860204145006688,0.10497572662636465,0.2501211933024493,0.16447564300146197,0.08356277183873943,0.4674110398166329,0.41500154955766716,29.338399364170208,
3386,Tra Vinh,VNM,2020,2020-09-05,0.09590722120763688,0.30348934743595435,0.0634651287250387,0.10444681440324748,0.2688928741030674,0.17861929714662195,0.087763742317009,0.48903541754119106,0.4555261810167396,29.585529195406867,
3387,Tuyen Quang,VNM,2020,2020-09-05,0.22969069904108458,0.42246312957564797,0.24870123037242925,0.24896307211802074,0.3873620602570484,0.26459176571087156,0.14915524719330023,0.33948704277839203,0.3377192678394441,31.069694938093345,25.12646685866576
3388,Vinh Long,VNM,2020,2020-09-05,0.11341371628792335,0.35011494976411867,0.09248607114548162,0.12664586631086228,0.3146443046022207,0.21077658340775574,0.10646588321828429,0.5121355179456937,0.5208070840375336,28.842679218167888,
3390,Yen Bai,VNM,2020,2020-09-05,0.22813637559935218,0.4179147705031975,0.24019530524492794,0.24502281533739864,0.3939729235245723,0.27204340180582853,0.15598930191576632,0.3304080435981252,0.341155843406104,28.788482947193216,19.538860234962165
3328,Bac Kan,VNM,2020,2020-09-05,0.21792574016139976,0.41661013828897825,0.23834497300376384,0.238237130996214,0.3884315272094832,0.2641239650886186,0.1446418101765214,0.3465261723821841,0.34164019691485403,28.8336757818324,21.836201983665166
3329,Bac Giang,VNM,2020,2020-09-05,0.16095973431860072,0.4024372970424484,0.16228891266217046,0.17857186188208268,0.37486903351768047,0.2592842008376797,0.14212099265834205,0.46064583548588806,0.5094216492983173,32.30379846624371,24.11282221450808
3330,Bac Lieu,VNM,2020,2020-09-05,0.1088706237077116,0.20139212424903066,0.08586036241765582,0.11303450311036631,0.17512964163765637,0.1277246269556256,0.07300691749762596,0.272022130928881,0.18604518334448164,31.920818428091632,
3331,Bac Ninh,VNM,2020,2020-09-05,0.1660666657381036,0.3914565896664191,0.1562680482214478,0.18118856228195,0.3578146499554844,0.27063192325306473,0.16257203956128707,0.4227113594054307,0.5402712303469418,33.145045413731175,26.259160505194483
3334,Binh Duong,VNM,2020,2020-09-05,0.10146504067002005,0.3779636683517463,0.082465313459121,0.11646014465734014,0.3743873748563594,0.2604105565373069,0.12631024476687036,0.5982061767317808,0.41923822270592714,31.977602954700618,22.655844463584558
3335,Binh Phuoc,VNM,2020,2020-09-05,0.06249249907016871,0.3634651373355658,0.04422240244673748,0.07802175473444323,0.356782850502887,0.22452027269146926,0.09245410494551111,0.7205437934383779,0.7465218423556854,31.80416029482137,21.57077377280037
3339,Ca Mau,VNM,2020,2020-09-05,0.11623473999621906,0.23356998679571916,0.09730400482852897,0.12355563742817482,0.20757130811864744,0.1461863145350017,0.0845518123812997,0.3565960424771838,0.23777247261021092,27.99902473597462,
3340,Da Nang City,VNM,2020,2020-09-05,0.07593820610033128,0.32425378533949706,0.05644879829493482,0.08580249226400252,0.30548442298701955,0.19832980931262223,0.10498095284646962,0.6370007598562535,0.6395032776205407,32.998233614358185,23.26871750780079
3346,Ha Nam,VNM,2020,2020-09-05,0.10963003922199477,0.338647113383951,0.0978141630983047,0.12575947222816086,0.3036758556131053,0.21229142799387876,0.1178798317878076,0.5160026335296886,0.5374942128350358,33.56032006704792,
3350,Hai Duong,VNM,2020,2020-09-05,0.13407312964009632,0.3432673035203601,0.1255552933413505,0.14881540113903746,0.31152698892532316,0.22805345921584733,0.13230243236928974,0.4625730863371483,0.47551619041580473,33.568888385435834,26.254580174613483
3354,Hung Yen,VNM,2020,2020-09-05,0.12340481868752183,0.3585316299207096,0.11214818481167144,0.1384444200093743,0.3226460425504312,0.23192246912779543,0.13396926968947467,0.4999953209165041,0.5649090673912117,33.39092385333767,
3364,Nam Dinh,VNM,2020,2020-09-05,0.11677445504417179,0.3777096163775635,0.10506438755460172,0.135599031373434,0.33558842728743216,0.23854159180625548,0.1305388001224079,0.5298127767266064,0.6223453549736708,33.626172734078494,26.60574749509743
3369,Phu Tho,VNM,2020,2020-09-05,0.14458818677918311,0.3721348802111306,0.14762473469099982,0.1616783317023186,0.3414810307635168,0.2301247516744804,0.1246154638716314,0.4678361221594885,0.4820625125531939,31.586774146325126,22.793694265027927
3372,Quang Nam,VNM,2020,2020-09-05,0.05261765467831322,0.335371224121228,0.03887744253006108,0.06680474493778338,0.31597076518582423,0.18908978236997281,0.08307969000997174,0.73708716139515,0.7196352529100287,30.213607828437773,21.46721859525345
3381,Thai Nguyen,VNM,2020,2020-09-05,0.17651254571768324,0.3875633974279866,0.190377835371795,0.19668794827146158,0.3570150729770759,0.24135569306656687,0.13032663099968617,0.393890251269673,0.4080308024458429,30.45175258592298,22.249157347926094
3389,Vinh Phuc,VNM,2020,2020-09-05,0.13645911256427765,0.3499821085523356,0.13226743179664058,0.15168357968590754,0.32657925942075505,0.23299702144028073,0.13046091461233736,0.45894654308817334,0.4942332699503382,31.709848374023117,25.338496136653408
73933,Can Tho city,VNM,2020,2020-09-05,0.12102719761297269,0.3221104658338892,0.09191661689102446,0.12648432411657445,0.29479157728632693,0.2076171461475312,0.11310131673563598,0.4626609547014919,0.4381185492948075,30.127072062348773,
73934,Dak Lak,VNM,2020,2020-09-05,0.09533005427519374,0.3968938940991279,0.07527663061023356,0.10991000321808286,0.38640885270282954,0.255433979670312,0.12569602854136097,0.6385126040514139,0.8014245135580932,31.288429200264222,20.3961493283351
73935,Dak Nong,VNM,2020,2020-09-05,0.07672074296125264,0.38921744919420687,0.058250142170512206,0.09255982038766244,0.38217302566717426,0.2450419107271436,0.11143388014486862,0.6914228703798773,0.8146760573293025,30.592540795233017,19.53758539187691
73936,Dien Bien,VNM,2020,2020-09-05,0.286360528725261,0.45648033428096557,0.29667344205608304,0.2999090486329266,0.4238771722077745,0.28604193757613894,0.16319644249583437,0.2626348261148959,0.2746319524898038,28.048769814913175,14.131938069216803
73937,Hau Giang,VNM,2020,2020-09-05,0.10549495035941626,0.32674876264707564,0.08654684646599807,0.11810827815957907,0.2836957914779596,0.18676511161592488,0.09434361019290495,0.5225229582197759,0.46404236544629596,30.782298837436816,
73938,Lai Chau,VNM,2020,2020-09-05,0.2940798386127498,0.477801526504272,0.29871300176359844,0.30692130765951625,0.44629385738865524,0.3008888317044494,0.1718166122399366,0.28930342920014973,0.3325193477252433,28.83894133725783,11.088914082100805
73939,Lao Cai,VNM,2020,2020-09-05,0.30002256368871605,0.4538238251490005,0.3149534134714842,0.3146898602801761,0.4181946899948685,0.2808207745664573,0.15984062586262146,0.2339892470926171,0.2302600424946048,29.834184901689465,11.13114935582077
3326,An Giang,VNM,2020,2020-09-05,0.11643970391541536,0.3060774954811351,0.08844722226145835,0.12515603854787646,0.28582824529982526,0.21646840675190718,0.12026273384664435,0.47290360197067355,0.4756577962361017,28.958655052009693,
3332,Ben Tre,VNM,2020,2020-09-05,0.10861388753458698,0.2917018936707281,0.08491554482192748,0.11489214740177715,0.26027799060261525,0.1722830402792422,0.0901758920437547,0.44059864231390045,0.3934757748149789,28.039284924860358,
3343,Dong Thap,VNM,2020,2020-09-05,0.10795287059358379,0.2903657838009731,0.07433026345398633,0.11231900735567119,0.27113530135465197,0.19666918868257177,0.10553630432084003,0.45680732543976743,0.42601536270870777,30.668004493521423,
3351,Hai Phong City,VNM,2020,2020-09-05,0.10645043925132122,0.29894968925769183,0.09352789758985235,0.11996837102081545,0.2686083161965631,0.19453260775373424,0.10988456221754578,0.47945651330543115,0.45557494400697396,34.020578927059695,26.232554635107356
3352,Ho Chi Minh City,VNM,2020,2020-09-05,0.11602896868498926,0.2947955779522829,0.09765594016079232,0.1259069176440216,0.27291979392099597,0.19677608955650952,0.11394648102125687,0.44342314999195637,0.4176974370372851,29.48683045795917,22.754213808140296
3356,Kien Giang,VNM,2020,2020-09-05,0.10095486401715188,0.28526015188273696,0.07509045000676529,0.10765268884567751,0.2623307261264738,0.18186537480767925,0.09685554262530434,0.47874885914730475,0.4201019931824206,29.2529033422837,
3359,Lam Dong,VNM,2020,2020-09-05,0.0776389226982449,0.3772174603738971,0.0584589513122816,0.0923676793844842,0.37200601578509424,0.2374137977108565,0.1110412642756125,0.6810836142069333,0.791413251415115,29.414602237291174,17.337516424215682
3362,Long An,VNM,2020,2020-09-05,0.0993099388783435,0.3072553722932539,0.06713361917803201,0.106753313437139,0.2929161013940156,0.2093667299144052,0.10957075986237255,0.5095850355661576,0.502291233988866,30.313679667874432,22.324862736874238
3375,Quang Ninh,VNM,2020,2020-09-05,0.11868689625747395,0.34284807708382975,0.1166047782866163,0.13516081670644575,0.3189288971275452,0.20959150489420286,0.10742423805347533,0.5116337074607566,0.4848682774766428,31.698180948107773,24.33581404640864
3378,Son La,VNM,2020,2020-09-05,0.15732816625006957,0.39088329455504506,0.1617672913802652,0.17505943548178374,0.36794776772755017,0.24008363470287963,0.12174277565291794,0.4771785681932289,0.47715684407393544,29.38507669901842,19.76190440856993
3379,Tay Ninh,VNM,2020,2020-09-05,0.08957489647805841,0.34153491933655694,0.06980090726641495,0.102991130332611,0.33283247976738123,0.22654696543334524,0.10868010045396496,0.6018264944615692,0.6275787467041463,31.766688282780606,
3380,Thai Binh,VNM,2020,2020-09-05,0.11894011650665211,0.3774474960035436,0.10903637835538237,0.1391374565194969,0.3323308758449999,0.23526239329111057,0.12738423497754442,0.526864253153801,0.5986168602269971,33.14342623042106,26.051990848618885
3382,Thanh Hoa,VNM,2020,2020-09-05,0.09063823730678981,0.3785590062234974,0.0847978262442455,0.11035839789837626,0.35115555209858235,0.2198839561190885,0.10241255055304414,0.6240578595468675,0.6536512795763068,32.45197688038701,22.267424071660468
3384,Tien Giang,VNM,2020,2020-09-05,0.11101793184444309,0.34660748194508273,0.08615120291065953,0.12090956510586076,0.31689518103970304,0.2177416016587762,0.1153236076386536,0.5142793306088698,0.5488963523560196,29.461281209758777,
3333,Binh Dinh,VNM,2020,2020-09-13,0.07949517874426176,0.3400373948266208,0.061323382884504486,0.08985253544268232,0.324904191716301,0.21083838879193764,0.10404433950106047,0.6458989254918169,0.6676073747909089,32.08645086811602,22.728132557763754
3338,Cao Bang,VNM,2020,2020-09-13,0.19518125590022184,0.40892242727476547,0.200953202527449,0.21151540273171862,0.38971958774605586,0.2698825529224971,0.15169404221452468,0.42607310304659923,0.4388296719286534,26.44045478011926,
3355,Khanh Hoa,VNM,2020,2020-09-13,0.12103137334542455,0.3342297215603539,0.1081320672033028,0.12992655598117084,0.315619653750038,0.208314941952523,0.10923513241812743,0.531852956664567,0.5323379026922825,29.912686833228978,19.88029430458505
3360,Lang Son,VNM,2020,2020-09-13,0.09695302691207298,0.35558949940351064,0.09735285973404594,0.11582223386171736,0.3306624576235816,0.20316821278967453,0.09344717993402372,0.6042330273055384,0.5549202272504338,28.5345740573992,20.89960410859495
3370,Phu Yen,VNM,2020,2020-09-13,0.08580538416924265,0.3256161974145742,0.06862546418028868,0.09515033990001727,0.30895399783037936,0.20418214218103778,0.10255416185148569,0.6120453339102361,0.5951826994387308,33.95735939562316,21.354922896489537
3371,Quang Binh,VNM,2020,2020-09-13,0.07398988522877105,0.31252001435514304,0.06649843185700183,0.08586746181092647,0.2893867649020024,0.17839692472978952,0.08507502089332913,0.6553045743625975,0.5717133157900445,30.03316571423984,22.386558591079062
3374,Quang Ngai,VNM,2020,2020-09-13,0.06248256765046198,0.3358824898497353,0.04401160953425138,0.07332697235525946,0.3156548174523532,0.20004442392206973,0.09370925108603098,0.7013451999390016,0.7096190027806336,33.55704373703764,22.587392880598244
3376,Quang Tri,VNM,2020,2020-09-13,0.0789609533809184,0.32850546773931416,0.06718655465331878,0.09019394216855289,0.30945655542013517,0.198431176088638,0.09514239428233491,0.6414578772705297,0.6075010408966204,31.541397784701253,21.47981757318507
3383,Thua Thien - Hue,VNM,2020,2020-09-13,0.05867065865692083,0.3329776444806337,0.04298651856527256,0.07192907446799157,0.31160186066733137,0.19038909457043227,0.08575303495207996,0.7029050398648589,0.6760016044803606,32.870520747016116,22.686725667308174
3327,Ba Ria-Vung Tau,VNM,2020,2020-09-13,0.13246820560449338,0.30191750764563025,0.1354264237222331,0.14605946696104255,0.28256857890983045,0.1958816420180374,0.10838350290110788,0.38895509309217147,0.34246019872485817,,
3336,Binh Thuan,VNM,2020,2020-09-13,0.11446896974849873,0.3455163439328654,0.10184619881429162,0.12453088305190968,0.3313222716953045,0.22412817758842113,0.11457155949842328,0.5412899418310614,0.54438768183712,30.653304843304873,18.489918598720298
3342,Dong Nai,VNM,2020,2020-09-13,0.14493068097251166,0.3097623828439031,0.1523336990893404,0.15928106240377682,0.2887476101367659,0.1944881137180211,0.10391815590221758,0.39104999696628095,0.3205109753320008,,
3344,Gia Lai,VNM,2020,2020-09-13,0.09921316446139335,0.3579031321341196,0.08893956915162245,0.1129281124868589,0.3381194273799069,0.2231089955848949,0.11181065626191446,0.6073995695185737,0.6239243134906375,30.904705196673063,19.71503457585968
3345,Ha Giang,VNM,2020,2020-09-13,0.31092379604194237,0.4723610661240413,0.3220031014172658,0.3245510177443082,0.44249411038921965,0.31718435122911154,0.19154905471111974,0.2584958822389861,0.2773872087830277,27.193130338094587,
3347,Ha Noi City,VNM,2020,2020-09-13,0.14131220782857362,0.31254477701811506,0.13092169830255926,0.15138977530961126,0.29433239647881676,0.22322187062165053,0.13566333363032249,0.39144881821178934,0.4176641371030728,31.621230778226,
3348,Ha Tay,VNM,2020,2020-09-13,0.13906075968751597,0.30985921954006596,0.1338733455239884,0.1526321911523342,0.2807506355428959,0.19636481228462316,0.1074495422535064,0.3938253441719348,0.344258731036964,30.12313420054344,
3349,Ha Tinh,VNM,2020,2020-09-13,0.07648376501902483,0.30720642273654325,0.059945985463547354,0.08509405484962129,0.29288729293844873,0.19448208308582027,0.09882144952656648,0.6238830366618815,0.59300774891849,30.454086800610927,23.275301042255606
3353,Hoa Binh,VNM,2020,2020-09-13,0.13165343701353246,0.3678543158333801,0.1370882089841283,0.15061886281464726,0.3341055462321252,0.20474763932320947,0.0981927138864752,0.5041729231095675,0.4489486523678088,28.33992402143251,22.605980287800556
3357,Kon Tum,VNM,2020,2020-09-13,0.07536774559759052,0.3409174261363583,0.06723714136596105,0.08965935884508873,0.32728502364858186,0.2022347489047021,0.0889385809936261,0.6796807394509891,0.6392062863793566,28.654843890113483,17.320074490670663
3366,Nghe An,VNM,2020,2020-09-13,0.10387323926361183,0.34608337837198455,0.09957029795969899,0.11857505101072778,0.3219960634590821,0.1987622578242088,0.09434225255239578,0.568214114586759,0.5172154662614455,27.99219347810741,19.8634972798892
3367,Ninh Binh,VNM,2020,2020-09-13,0.15149779969319693,0.3395385051002953,0.14929382293396112,0.16688562019611008,0.30354835494376964,0.20005711404088128,0.105588568631417,0.39814716639968384,0.3549433931355987,25.24521396250812,
3368,Ninh Thuan,VNM,2020,2020-09-13,0.11974409179618734,0.3091325748139427,0.09852849830524012,0.12144351623022863,0.303764866415631,0.21859856881795905,0.12116114280112658,0.5161794610875634,0.6135787583171718,28.720173861517797,19.86170038969548
3377,Soc Trang,VNM,2020,2020-09-13,0.08013193005006017,0.23682847996833528,0.05840798619252964,0.08687987523383565,0.19582019335413778,0.12837751691366156,0.06542505892343672,0.473263962183128,0.33889402738257757,25.823979740837114,
3386,Tra Vinh,VNM,2020,2020-09-13,0.07213692864353939,0.2286636627617356,0.04979513996648536,0.07841316707337957,0.2008357666995781,0.13354314705770381,0.0668443053671174,0.49947356858513337,0.3648321247882582,,
3387,Tuyen Quang,VNM,2020,2020-09-13,0.2159137328653139,0.4210284250773983,0.23004747392038097,0.23332257519502958,0.3890565386269746,0.27061843496577737,0.15357505164025143,0.3638964865630412,0.3732988241157586,27.21663709927366,
3388,Vinh Long,VNM,2020,2020-09-13,0.06726545350364582,0.27525060465688417,0.048586602342312046,0.07678397849104701,0.2387112038976193,0.1540945458185512,0.07584116882130673,0.6039789787442007,0.4910016528109093,,
3390,Yen Bai,VNM,2020,2020-09-13,0.2279160133861074,0.4326984356868481,0.23341436656756956,0.24328106411290767,0.4118707918701316,0.2909614824050792,0.16487959827732007,0.3707457575298615,0.394922428220989,26.48530478269304,14.422963568984112
3328,Bac Kan,VNM,2020,2020-09-13,0.16574050532599735,0.40821096970506054,0.17405343444210442,0.18428733723486168,0.3797413798558448,0.25118512445153696,0.1331012904235644,0.47598294620881254,0.49322780654007586,25.482285808531614,
3329,Bac Giang,VNM,2020,2020-09-13,0.08366903778893776,0.3505136737811449,0.06804748596962745,0.09722234141798672,0.3234789926139964,0.20719062657911003,0.10180437431280057,0.6329985521188006,0.6466429239590267,29.317630000183627,21.343350561033677
3330,Bac Lieu,VNM,2020,2020-09-13,0.1348039808408501,0.20180427815969296,0.12307567147247661,0.139971378744494,0.17214669562330112,0.13392637067647115,0.08425327590567486,0.21441515055415764,0.13770952326934802,,
3331,Bac Ninh,VNM,2020,2020-09-13,0.09678795722959532,0.3394706993090371,0.06857433207457196,0.10824451246485865,0.30144956091918956,0.21350819517228425,0.119970325246283,0.5621046725212056,0.6325437260567163,31.26814201621343,
3334,Binh Duong,VNM,2020,2020-09-13,0.14821328556360672,0.3168612651893922,0.1529406259567931,0.1613181126783252,0.3036234258039541,0.2148687160321879,0.11831321661183478,0.40568603107787554,0.3612460632836831,25.020301598332185,
3335,Binh Phuoc,VNM,2020,2020-09-13,0.16983610320779033,0.3466027524963264,0.17879247115787322,0.18321594820021656,0.33236823085576617,0.22807420663949105,0.12149501102410647,0.38363479936068484,0.3319831901199505,24.85941376927664,15.199645234552527
3339,Ca Mau,VNM,2020,2020-09-13,0.27635000496451806,0.335593538191853,0.2847379132262011,0.28474372269864734,0.3041887931379741,0.22188363907494343,0.13808034261688767,0.1378459572300224,0.09686183694137143,,
3340,Da Nang City,VNM,2020,2020-09-13,0.0718614095437576,0.32013943234184133,0.05591295563017062,0.08324739134516786,0.29710582757509224,0.18975499832068152,0.09571679522086159,0.6352564817851476,0.6049488574472807,33.01826886267413,23.11276601134027
3346,Ha Nam,VNM,2020,2020-09-13,0.1724524543909363,0.3459474483478288,0.17312758779440282,0.1869643922284142,0.3109036316857833,0.21848870457350056,0.12340917695194482,0.3585172609834711,0.3282675998246157,29.799876396615883,
3350,Hai Duong,VNM,2020,2020-09-13,0.1025942068181409,0.32080319021405745,0.08244159375559132,0.11415806953393981,0.29118050378539484,0.20408323122773483,0.11396251297407671,0.527965437060557,0.5313296957009216,30.69375686393726,
3354,Hung Yen,VNM,2020,2020-09-13,0.12968597453184422,0.3445399894660612,0.11705617891187912,0.142862075166337,0.3100442355671762,0.2179592092863741,0.12363723501787946,0.46886899175527996,0.4851407931347662,30.240121107639887,
3364,Nam Dinh,VNM,2020,2020-09-13,0.1271522443354016,0.34417848953096486,0.11647109450784741,0.14028089077488945,0.30281676794434403,0.20728091759584993,0.11630946762166657,0.4755686700565878,0.4764277345613269,26.424569560576472,
3369,Phu Tho,VNM,2020,2020-09-13,0.1809034279098815,0.3839259904135948,0.1879140449532179,0.19763199783125998,0.3547702890717195,0.23687410479683085,0.12522563098136974,0.4000948979842457,0.3778071586251973,28.472957937960505,22.575426829268377
3372,Quang Nam,VNM,2020,2020-09-13,0.054448521339895015,0.31162220724835865,0.04393388728831274,0.06668197646384712,0.2892157344869314,0.17304739637848054,0.0764549421998236,0.7290717395770618,0.6904924815852018,30.717791986227756,21.30779039099237
3381,Thai Nguyen,VNM,2020,2020-09-13,0.15712071729098473,0.38904094594827865,0.16385966081437323,0.1751316559089841,0.3540060569413492,0.23228346696650376,0.12132682832757165,0.462073576758528,0.4539259096465505,28.2302386838979,
3389,Vinh Phuc,VNM,2020,2020-09-13,0.16469099819064087,0.34110047134237087,0.16480925374962824,0.17771289538978977,0.3180330407313311,0.2252322461808815,0.1264424779856897,0.3669537113037047,0.3585234051531032,27.69313463555496,
73933,Can Tho city,VNM,2020,2020-09-13,0.09919297171604745,0.25803920183104545,0.07470284719888032,0.1019884914949778,0.23673711924388732,0.17198800253194613,0.0993124803698455,0.4466421847608207,0.37749198355810654,19.7099464782702,
73934,Dak Lak,VNM,2020,2020-09-13,0.14344171584194068,0.3648339505046207,0.14057153855835644,0.15714484106779922,0.3436379945190362,0.23142928211813824,0.12296644897406155,0.4768036842107076,0.46691275557522316,26.542156076014166,15.691940411445485
73935,Dak Nong,VNM,2020,2020-09-13,0.15657232093159856,0.34929303511736604,0.1626875169938716,0.1703527033348939,0.3269491857813378,0.2127043308858034,0.10911404549720055,0.4325239270356343,0.3677589170454948,24.841428571428573,16.153298006028614
73936,Dien Bien,VNM,2020,2020-09-13,0.20142168637443278,0.42232945697661123,0.20592556922805982,0.2178386568281579,0.3998573268103232,0.2658268816221797,0.14622915019820534,0.38740149957841113,0.41115227930961007,29.600619350068314,13.328408245435288
73937,Hau Giang,VNM,2020,2020-09-13,0.058869522835817076,0.24465663047130567,0.03978648748000442,0.06746069407787951,0.20298157649417212,0.12793491997484205,0.06350350249710639,0.5969272955839143,0.4258023819788926,,
73938,Lai Chau,VNM,2020,2020-09-13,0.17271024727477183,0.3743756669444474,0.17754421447414967,0.18652334744959825,0.3514425863224209,0.22869157932250905,0.12336500939551939,0.4420015518287924,0.40414852251145283,27.69079576305172,13.031173708688558
73939,Lao Cai,VNM,2020,2020-09-13,0.3229469851976338,0.4830159645910849,0.33512294397886877,0.3368094953932133,0.44742411272243854,0.307714932336495,0.1783616166405457,0.2519596734897767,0.2611469530277134,26.796972248378818,9.119032660868946
3326,An Giang,VNM,2020,2020-09-13,0.11238739732300902,0.2846789966610956,0.10465787307059612,0.12593954824297374,0.25075402072771436,0.18007715567352822,0.09706917248321911,0.44019597298552826,0.37433075479727207,23.712635554674076,
3332,Ben Tre,VNM,2020,2020-09-13,0.13484682885531782,0.26520130512690265,0.12924314406284676,0.14323419912056545,0.2349034319055003,0.16255867107938038,0.09418273107851569,0.35433994527584567,0.2719954277814703,,
3343,Dong Thap,VNM,2020,2020-09-13,0.10222656847201853,0.23904165456970367,0.08384003115829877,0.10753061159709959,0.2174052494676114,0.15466373311786505,0.08256306092164428,0.40924373648758944,0.2967645100482572,27.380124738722948,
3351,Hai Phong City,VNM,2020,2020-09-13,0.10684413680978377,0.29164704093910904,0.09035359912431454,0.1166161149364231,0.26341120999687434,0.19000362226398548,0.11075009208918402,0.46675160844535274,0.44772641000166563,29.95515533755735,24.380341132345063
3352,Ho Chi Minh City,VNM,2020,2020-09-13,0.13599592827309967,0.26150619041403195,0.13532033204614238,0.146868060451896,0.2390885686458763,0.18001839822513158,0.1144733697413944,0.3433833483068071,0.28585008962330755,23.1908511969958,
3356,Kien Giang,VNM,2020,2020-09-13,0.1297237338604367,0.26653791359497814,0.11824611601996167,0.13763674469534953,0.2391940136138971,0.16745608878420848,0.09319047911905169,0.36653763496990127,0.28336538465646127,26.753256626196972,
3359,Lam Dong,VNM,2020,2020-09-13,0.14476311010562717,0.34476173757156403,0.14490981488592033,0.15704535676362105,0.3282734860587418,0.21673365770193298,0.11433036180335794,0.4695984850291772,0.40892837425172174,24.012376018174788,15.075397690825062
3362,Long An,VNM,2020,2020-09-13,0.11565276213160845,0.2517013279886112,0.10527000585635171,0.12331586675496377,0.2314230960548565,0.16643204153517702,0.09135259677203483,0.40110576562339195,0.28873816007630665,28.774612732366315,
3375,Quang Ninh,VNM,2020,2020-09-13,0.11639139554709674,0.3237432470147792,0.11453968581671865,0.13079984830887223,0.297675183441088,0.1947111174552871,0.10211800557804948,0.49973729897969144,0.44624883017105044,28.002583793224915,21.133607044695832
3378,Son La,VNM,2020,2020-09-13,0.14329925054965095,0.404068505970515,0.14032038399257157,0.16184242247743383,0.3851841579072214,0.24553023755637213,0.12134231741303823,0.5062244629153683,0.5519237165271086,28.74405468520054,19.571844830968754
3379,Tay Ninh,VNM,2020,2020-09-13,0.11244814097261438,0.29817761982019353,0.11105016894638536,0.12606096895825272,0.27938550025813824,0.19303670455449184,0.1004554448270305,0.48012995386901797,0.4093653898487785,25.55422821969698,
3380,Thai Binh,VNM,2020,2020-09-13,0.12643549292357753,0.34657781281350436,0.11596974846939251,0.14129098916386199,0.3055073296876909,0.2132838058566237,0.1199986694497314,0.47817462248874343,0.48025332763093814,29.037295373947625,
3382,Thanh Hoa,VNM,2020,2020-09-13,0.1350569416584818,0.36249382740155317,0.1343996008469896,0.15087145679176836,0.33325424678772764,0.20922178460860127,0.1030110475934145,0.48385289784088026,0.45084748200877056,27.42889271215689,21.838286554428603
3384,Tien Giang,VNM,2020,2020-09-13,0.14442171861266775,0.29228697758142447,0.14203928996185927,0.15415488172330152,0.26375736683266776,0.1861423630974445,0.10607147415458942,0.37796291115342556,0.30428727965014335,,
3333,Binh Dinh,VNM,2020,2020-09-21,0.05639590232556666,0.3595404616269105,0.03533486983909997,0.07055495806163005,0.3413198659315396,0.20617731241095194,0.09183000455325394,0.7255839424880792,0.8059508191114313,30.809678759552686,21.584419113102722
3338,Cao Bang,VNM,2020,2020-09-21,0.4711902255136547,0.5681595610113546,0.48233346511000647,0.4797726174910972,0.5340439532867466,0.42660432428442363,0.2714758985718681,0.11539844994450464,0.14786956585035252,27.17471799322103,16.05681480068666
3355,Khanh Hoa,VNM,2020,2020-09-21,0.09174004317401242,0.37623199946820046,0.06866528519180992,0.10336904924679237,0.36915283368328955,0.24700740377987224,0.1254452753898443,0.6206271321378842,0.728268999338912,31.053588130376497,21.209852443163197
3360,Lang Son,VNM,2020,2020-09-21,0.2796602859516502,0.4710235692736975,0.2844813243762768,0.29323596534487606,0.4481100616481216,0.3388967333065579,0.20975600078835735,0.3202871988858311,0.37820464982734425,25.59392334257619,19.474394423235072
3370,Phu Yen,VNM,2020,2020-09-21,0.07031478100282008,0.3589059713112301,0.046981244609153025,0.08325999492914259,0.34632246873897327,0.22353172702814236,0.10670921835368645,0.6704258561275009,0.7815035194403837,32.202675287178636,22.487738566679816
3371,Quang Binh,VNM,2020,2020-09-21,0.07368393758856846,0.34054842317210493,0.06404167985527782,0.08854834421529875,0.31925673780279035,0.19616329675495028,0.09020437671104223,0.65084805674663,0.6301476010007508,31.656117379839156,20.14310134127764
3374,Quang Ngai,VNM,2020,2020-09-21,0.047830784992698695,0.3466374052517236,0.028617166541048164,0.06124409567571179,0.3242272698210977,0.195513164270048,0.08619148063662252,0.7534403877206536,0.7728268651531747,31.877602321254976,22.01643525965598
3376,Quang Tri,VNM,2020,2020-09-21,0.08121692477211938,0.32589287716529275,0.0683545584473769,0.0915170934123323,0.3110867055794727,0.2029541038856203,0.10108616753431622,0.6194889727935203,0.600414611751864,30.638389707932436,21.465614121937442
3383,Thua Thien - Hue,VNM,2020,2020-09-21,0.06807587224431277,0.30261432619330997,0.057548437674322224,0.079187204665804,0.2841984521080564,0.17613351588665954,0.08464492679478058,0.6460478762652612,0.5530032576234198,29.541946357209103,21.985721991085132
3327,Ba Ria-Vung Tau,VNM,2020,2020-09-21,0.0826922275814896,0.32947450859239613,0.0632197870802199,0.09534625750819015,0.3164021523560618,0.21404479513209326,0.10688290379792774,0.5792916708798368,0.6394139463764048,30.477854933140517,24.64788312219045
3336,Binh Thuan,VNM,2020,2020-09-21,0.07213039634242092,0.39368135579368946,0.0405961551659414,0.08387825934257044,0.390017587173628,0.25638165497114135,0.11917009969592578,0.6985647268728775,1.3405270535255351,31.96877223874155,22.318578465813555
3342,Dong Nai,VNM,2020,2020-09-21,0.061897182776751235,0.3439087947214131,0.04104967658912865,0.07805013358504699,0.3280740883037893,0.206313434207557,0.09085927778248448,0.6743833407074135,0.7062328037317916,30.46028950511769,23.19851063829792
3344,Gia Lai,VNM,2020,2020-09-21,0.06813996071648135,0.38365246484808585,0.04934185438946704,0.084711433224859,0.36858158770591287,0.23244643094804784,0.10542437999414468,0.7142793369504846,0.8251250962175917,30.290366841302433,20.224968703819282
3345,Ha Giang,VNM,2020,2020-09-21,0.44213724299935403,0.5478354825414543,0.4534234937012751,0.45183675019338126,0.5103348225813277,0.39465897861701466,0.2370869959204332,0.13027861954374112,0.14739900429694155,27.745489440031708,14.784099135822643
3347,Ha Noi City,VNM,2020,2020-09-21,0.169728199138208,0.3447163153870171,0.15541992243682676,0.17962718617609288,0.32552908207773695,0.2532924863980504,0.15601043059212197,0.36120603952575603,0.3950636081922073,29.676539919735205,
3348,Ha Tay,VNM,2020,2020-09-21,0.183917028070755,0.35382681275967925,0.16890487756583153,0.1948895511371518,0.32709781037493035,0.2362004855130299,0.1327328900292813,0.36697840019001554,0.3540942045687559,29.39054334140445,
3349,Ha Tinh,VNM,2020,2020-09-21,0.08390519052503104,0.3323805672124927,0.06920139339317243,0.09654736426839733,0.3155053062436156,0.2039897987182031,0.09647493170504026,0.590249601889133,0.5690216326194332,32.864073957828076,22.396556566063516
3353,Hoa Binh,VNM,2020,2020-09-21,0.1433842237372308,0.3911956502769012,0.14346756722375995,0.16173117236872564,0.36296473742228835,0.2338202606235173,0.12373817693687965,0.489418800623899,0.5055258204378826,23.745756983662947,16.08246655406315
3357,Kon Tum,VNM,2020,2020-09-21,0.057675142343242676,0.3692720435468715,0.04519923362869734,0.0745480159272999,0.3615600149207435,0.21805527506684336,0.09047565908408872,0.7447956697862202,0.7850974624686133,27.536532224771797,18.68742229224373
3366,Nghe An,VNM,2020,2020-09-21,0.12519603028692372,0.3587505249429506,0.1220901784433775,0.13929132221998533,0.33453273893263613,0.21309703948852057,0.10869157185729132,0.5109250017877958,0.47664478993565573,30.60080323725932,16.044296866476103
3367,Ninh Binh,VNM,2020,2020-09-21,0.19172218556462778,0.3780011161453692,0.18370243595317154,0.20411295672022212,0.35144758148344957,0.2615064993915654,0.16012201462526104,0.35053791947490615,0.38779778110440205,19.157479646017713,20.72949356916988
3368,Ninh Thuan,VNM,2020,2020-09-21,0.10763011907160816,0.3801102911377162,0.07073629658866089,0.1108762960654712,0.39602913906865556,0.29455645623045407,0.1650314423290657,0.5713968402238985,0.8508844436280624,33.1582613281842,21.687314998425084
3377,Soc Trang,VNM,2020,2020-09-21,0.09528862223149066,0.2692517628060152,0.0683306045535957,0.10240116893382423,0.22868207295847887,0.1508394245177948,0.07802412702441978,0.45823810402811094,0.3657165851958551,26.250830166358515,
3386,Tra Vinh,VNM,2020,2020-09-21,0.1347883237331352,0.287942584258469,0.12041616570465062,0.14259896795909774,0.26004649400705776,0.18584421822345903,0.10469484300244572,0.36964441368626566,0.31851494766288185,24.99098680886902,
3387,Tuyen Quang,VNM,2020,2020-09-21,0.36579321559576156,0.515196374871972,0.37832417883412245,0.3787490701366479,0.4821903231564083,0.3815364076833301,0.24549630763530575,0.20183050441328806,0.25868149503527493,28.521397717223643,
3388,Vinh Long,VNM,2020,2020-09-21,0.12880362298329925,0.33607700929406276,0.11890001048084499,0.1413309733441363,0.29727135647863806,0.20063574576859414,0.10921952098145965,0.4659260709802248,0.43667757557338405,26.86822045396215,
3390,Yen Bai,VNM,2020,2020-09-21,0.2703047936404925,0.4663298751196601,0.2759017381915089,0.2855989515329882,0.44513896840771366,0.33070027867111995,0.19640502004021754,0.32484064108053823,0.3760932950217212,27.4356088049264,15.40851683824823
3328,Bac Kan,VNM,2020,2020-09-21,0.45423649513317654,0.581914738223138,0.46020997953674997,0.4619249445806152,0.5488307804055579,0.4401351849166456,0.28118426750512365,0.15895972175536538,0.211295526312152,27.193601210684363,15.690000000000055
3329,Bac Giang,VNM,2020,2020-09-21,0.17617073310374243,0.3958068265858759,0.17134353125426696,0.18934817224127748,0.36599666503674444,0.2592935294687417,0.15181191908889238,0.42651381097214125,0.46444962197454714,24.833125962076878,19.710818969196357
3330,Bac Lieu,VNM,2020,2020-09-21,0.07894032857780973,0.15961800662894163,0.04778061770291334,0.08108485297119171,0.13066281787714193,0.09066421635908185,0.04772698383881124,0.3029389525332136,0.1653249469473,31.39308635599349,
3331,Bac Ninh,VNM,2020,2020-09-21,0.15526238134343928,0.3843467144988588,0.13634959022467155,0.16876444275569635,0.34816310863196814,0.26061581069772627,0.1565525411641748,0.44382264390924026,0.527776198579894,23.743387695115786,
3334,Binh Duong,VNM,2020,2020-09-21,0.090710385463169,0.348103423930725,0.07531892614968601,0.10591695535575223,0.3412839806915403,0.23373496337445465,0.1119177447888665,0.6000208854516954,0.6340464235441932,30.697598038498448,
3335,Binh Phuoc,VNM,2020,2020-09-21,0.05165882051409471,0.3559056184453117,0.031599858052385014,0.0671438920976165,0.34937128562892744,0.2150670197923406,0.08213543641458625,0.7517708056020094,0.7402874662399274,30.380659531196894,20.013239532044267
3339,Ca Mau,VNM,2020,2020-09-21,0.07712970347953997,0.18705216615950404,0.05825835220874462,0.08478681528549688,0.1552123085191306,0.10216567014927999,0.05643192536051916,0.40043521925140474,0.22786916456440073,30.552514802471574,
3340,Da Nang City,VNM,2020,2020-09-21,0.07682991239472814,0.33013085513624674,0.059868846941945573,0.08855227888888101,0.3035983018069861,0.190601480801079,0.09654087500737991,0.6325667851428388,0.6129985679368603,28.514850914850587,22.494397473393988
3346,Ha Nam,VNM,2020,2020-09-21,0.20487749455485205,0.35298012632318476,0.19887104218745671,0.2141378294340646,0.3283467738692183,0.24720145965934248,0.15741462072352208,0.29129579306211584,0.30695088296063056,25.236965472945982,19.445855827401104
3350,Hai Duong,VNM,2020,2020-09-21,0.13121480322353532,0.320523255236275,0.11863462558879231,0.14297730487179633,0.29236924291575767,0.20357260465846672,0.11675556702119567,0.4540036319063021,0.4274214556118584,22.383785351452886,18.92732557612197
3354,Hung Yen,VNM,2020,2020-09-21,0.13991759619834793,0.3463357093654758,0.12213671254629441,0.15112795227889742,0.31394888465041926,0.21730388547092616,0.12309809622635416,0.45822808761697587,0.47283622182054313,25.460332747150275,
3364,Nam Dinh,VNM,2020,2020-09-21,0.14986520665726974,0.36592440033886525,0.13561923665420922,0.16257161279040747,0.3290966054943978,0.24227223451680122,0.14549640197411684,0.43903304609125426,0.48360488066882934,20.89799119687173,22.95119962746503
3369,Phu Tho,VNM,2020,2020-09-21,0.3000941238183294,0.46791440533754947,0.3058839026959724,0.31396374906751795,0.4364508357288192,0.3159779792693447,0.19014262843564783,0.2563421245448976,0.2900278339689652,30.36032470670988,
3372,Quang Nam,VNM,2020,2020-09-21,0.06063599361169243,0.33886614823678063,0.04931854087204535,0.0752080332490073,0.3161633775896494,0.18712881789684038,0.08311471607193215,0.7053741986283322,0.671381669358687,29.39724510291809,21.20872423594428
3381,Thai Nguyen,VNM,2020,2020-09-21,0.3402219446426284,0.5126070008401378,0.34183436234436,0.3502060186550008,0.48297901591471204,0.3875752200821287,0.25195626550796674,0.2652121585150428,0.33672161632140873,27.495870691621207,
3389,Vinh Phuc,VNM,2020,2020-09-21,0.33976225157536916,0.43936040210325816,0.34364158206633266,0.34917644836014944,0.41217389292834666,0.29263871521659984,0.17884572916783298,0.14088081756349125,0.13780056378723676,29.541428185686815,
73933,Can Tho city,VNM,2020,2020-09-21,0.11724627288807056,0.24858219083540356,0.09347013440800941,0.1214719809511745,0.21009104341501209,0.14805417178657826,0.08258138227968731,0.34965012136335155,0.26427187083081155,28.363577896942388,
73934,Dak Lak,VNM,2020,2020-09-21,0.07475167118302946,0.3821386373760911,0.05573067343466356,0.09082824090669217,0.3670121951564932,0.2337661369267405,0.10781477600911409,0.6900635801551754,0.7829609792905621,31.287491482483535,19.79745620527261
73935,Dak Nong,VNM,2020,2020-09-21,0.04846446078571483,0.3781837100445304,0.030400835866205633,0.06678185670718605,0.364779925731713,0.21924062752234047,0.08646909361409477,0.7769938208460271,0.8192975927162217,29.71973618238514,17.38872691707673
73936,Dien Bien,VNM,2020,2020-09-21,0.24269717154325,0.44264924467326155,0.24903873382189717,0.25829381617483177,0.41389360358668753,0.2865139084447,0.15962214461868116,0.3378898192277884,0.36567538857112414,28.059023182367067,18.96900846846941
73937,Hau Giang,VNM,2020,2020-09-21,0.09994621453577329,0.2931134299819351,0.08200864082158978,0.11146165960660875,0.25163402210779345,0.15998325384904757,0.0790522738747223,0.4897590594552042,0.3874221449663399,26.01201574981587,
73938,Lai Chau,VNM,2020,2020-09-21,0.3367682031053256,0.4668783373809479,0.3525137412767467,0.3500104618516849,0.42422607439562166,0.2902307046226225,0.1694447727783952,0.20196609599741192,0.19420049417430962,27.84612948334628,17.06182773579714
73939,Lao Cai,VNM,2020,2020-09-21,0.36477010477569743,0.5108225555407528,0.37329069480145954,0.3769049786310871,0.472377514319156,0.34126105778959126,0.20287746907317336,0.20955559923809894,0.2328034085428769,26.766355147095283,15.629344603980854
3326,An Giang,VNM,2020,2020-09-21,0.10848495689739415,0.33912040743207505,0.09067230282758329,0.12510328433268703,0.2974708410658001,0.20865539573015685,0.10815056760131751,0.5152465936728423,0.5267003621179691,28.332139956721008,
3332,Ben Tre,VNM,2020,2020-09-21,0.11906133185178988,0.28368077752455517,0.10671106092845917,0.12696176468241566,0.2537129765619726,0.17172205550663291,0.09478373716970584,0.4080731629041225,0.35020893311601675,25.535889561018642,
3343,Dong Thap,VNM,2020,2020-09-21,0.10846368527794481,0.2587751579312521,0.08118740744477608,0.11483624692994124,0.22846128503466584,0.163911785738376,0.08794685710431274,0.4003111236908288,0.3205228399577925,29.05668992917608,
3351,Hai Phong City,VNM,2020,2020-09-21,0.18738255188316713,0.3279198297590953,0.18721268939317742,0.19958553998602174,0.2960840005607196,0.21598468542790922,0.13198190759423933,0.2967404069739209,0.28045177674255556,27.375711500974717,21.90371500890412
3352,Ho Chi Minh City,VNM,2020,2020-09-21,0.10956356437102929,0.26903457078354065,0.09698050404195929,0.11969735402536602,0.24575848715161255,0.17759103654598013,0.1061331915045402,0.43180171206085716,0.3759456940533849,25.517477544638872,
3356,Kien Giang,VNM,2020,2020-09-21,0.07666360913678827,0.23891535601173294,0.05061804602067814,0.08436302431962642,0.20879880931972722,0.13600792060825362,0.06654240802129845,0.4778662038876746,0.34616391929434087,29.485990914508186,23.410000000000025
3359,Lam Dong,VNM,2020,2020-09-21,0.06057349454703047,0.37615606477590785,0.042127288583210326,0.07733265518504116,0.37016884271979406,0.22699632888774152,0.09665765221406147,0.7332969071686498,0.8025996305462991,27.9088813453761,16.569375346702383
3362,Long An,VNM,2020,2020-09-21,0.09375084728868849,0.24685357624571436,0.06713324506028065,0.09922926543644761,0.22466887477632322,0.1602125745144784,0.0852498770377223,0.4440081394391404,0.34626010792239986,25.906867776581755,
3375,Quang Ninh,VNM,2020,2020-09-21,0.20960905174683978,0.3758696447821583,0.212843051771644,0.22333935300786287,0.3491013284328748,0.2499173580037832,0.15116942062783595,0.3320866278164553,0.3250996019366612,23.9581595964879,21.377874202911848
3378,Son La,VNM,2020,2020-09-21,0.1785408479211059,0.42411358119039166,0.17642961654166692,0.1959023684834872,0.40418747097260593,0.2790438246555489,0.15133638858340048,0.4574521397662293,0.524288777532583,28.128775798198323,18.556484670076404
3379,Tay Ninh,VNM,2020,2020-09-21,0.08247545187075349,0.3453517512624986,0.06365718873690775,0.09911732712221395,0.3296983759071872,0.21677297757469582,0.09727939419709222,0.6101128324972169,0.6273266801237226,30.641459314531552,25.137936507936583
3380,Thai Binh,VNM,2020,2020-09-21,0.15567811166871354,0.3719961699654033,0.14374113929465476,0.17093159977779174,0.3323470703985674,0.2359853835191319,0.1370451725507935,0.44090643923806594,0.45990259829779173,22.491764098889853,22.82182936460249
3382,Thanh Hoa,VNM,2020,2020-09-21,0.13637316847379544,0.3627816786312739,0.13333836847815864,0.15114045648287147,0.33738522398306714,0.2212766021200784,0.11656293101354354,0.4769007267795184,0.4680283034556015,27.794291481153802,17.8625208486672
3384,Tien Giang,VNM,2020,2020-09-21,0.1032681453834014,0.306767941413691,0.08364148783298338,0.11228525648396835,0.2766936966805977,0.18762003265606125,0.09951283684962918,0.5019688907013442,0.46234247256614663,25.073402342662924,
3333,Binh Dinh,VNM,2020,2020-09-29,0.10639214947651648,0.327140668063703,0.10422207319048855,0.11968112836520158,0.3038611957616144,0.18874432942815267,0.09303045818239927,0.5264150105627166,0.4515808516576147,24.530975019468183,22.0120808269166
3338,Cao Bang,VNM,2020,2020-09-29,0.20048339509246438,0.385676351196285,0.2095069819581028,0.21485948769224028,0.370240102228025,0.26523590144396875,0.15516571685104863,0.39043800486761876,0.3863732573387717,25.40794180100121,18.670638964210898
3355,Khanh Hoa,VNM,2020,2020-09-29,0.10106992457863256,0.3644071769933247,0.08599854170313118,0.11528755544388385,0.35046163383892903,0.22993621776712997,0.11533013445579991,0.5888131371733185,0.6281073036493996,27.050613505718314,20.1053343358109
3360,Lang Son,VNM,2020,2020-09-29,0.12858180696278562,0.36340329649615816,0.13196247998649432,0.1455512958309252,0.33958840533916707,0.22076745024251054,0.11548026468295014,0.5362082834620063,0.5110591190328058,27.740137572459297,18.38461712639723
3370,Phu Yen,VNM,2020,2020-09-29,0.12190542698521166,0.35887572524844225,0.11027956450151369,0.13443258877249686,0.34312920612262765,0.2291611609626116,0.11940348866318658,0.5174770087200984,0.5454293329823952,27.94568992576317,22.392507772002396
3371,Quang Binh,VNM,2020,2020-09-29,0.14411247228409846,0.378208107079087,0.14575567868811962,0.16006069184486665,0.35339702570777076,0.22692170775886653,0.11686160124802443,0.47813940460331195,0.48236808887426336,28.77742322545984,21.31896436062306
3374,Quang Ngai,VNM,2020,2020-09-29,0.09664038586529396,0.3552386309556656,0.08739367563582305,0.11055986317375155,0.3296493967566646,0.2057086020311117,0.09928628010838712,0.5937049142231671,0.577057599681282,30.086631931392628,21.471732847712676
3376,Quang Tri,VNM,2020,2020-09-29,0.08995831121222572,0.3727402538896088,0.07509892209757438,0.10385560147648791,0.3559409226882515,0.22867378820683382,0.1103290064826865,0.6266548408272047,0.6990069336268684,29.99236960068204,21.05698544698543
3383,Thua Thien - Hue,VNM,2020,2020-09-29,0.08985848468206041,0.36038937097897655,0.07612271499635007,0.10417356814807083,0.34217761569535354,0.21359725808396715,0.10124606353584167,0.6084186095743873,0.6286686092526649,29.662915421775857,21.536785503569764
3327,Ba Ria-Vung Tau,VNM,2020,2020-09-29,0.12878108636571972,0.31825265653476503,0.12648623022425634,0.14172718857733335,0.3029209911152067,0.21377882089420064,0.11960979857044919,0.4247994186712841,0.42497127244473687,27.371924937092718,
3336,Binh Thuan,VNM,2020,2020-09-29,0.1354144650859544,0.38776163379269313,0.11986088089627264,0.14710755835597114,0.3782147903452903,0.256369882506321,0.1358011896567444,0.512020771767697,0.6050511137381224,28.359090812299268,16.22904234642796
3342,Dong Nai,VNM,2020,2020-09-29,0.16594966665902866,0.3648733159012136,0.16280616587754262,0.1799765869674489,0.3520532543183353,0.2479099552755392,0.13974902445331427,0.40236921556764155,0.420615103360777,29.21746472887415,
3344,Gia Lai,VNM,2020,2020-09-29,0.13925511174323355,0.36447590738929747,0.14045105667057736,0.1541790680873607,0.34434014847999683,0.22184237104450236,0.11217681877209969,0.46849732389259324,0.4481152836233336,26.898196761930755,19.408451546727008
3345,Ha Giang,VNM,2020,2020-09-29,0.24170518710665942,0.40598414082162887,0.24908646352412173,0.2538226337900638,0.3863032728428578,0.2888362272601233,0.17742853144387297,0.35207663889173946,0.3526583520954098,26.978299260908713,16.58339156113579
3347,Ha Noi City,VNM,2020,2020-09-29,0.17864948955364468,0.3084232721829014,0.1766904889652139,0.1882195130810745,0.288362740108541,0.22753189548063785,0.14202243829556807,0.297279792380498,0.27967013295050563,30.493707160974147,13.470000000000027
3348,Ha Tay,VNM,2020,2020-09-29,0.1393656945153985,0.2858669267403889,0.13155549775377134,0.14952092007889095,0.2600633276702488,0.19396713162408832,0.11259963737088914,0.3791290482347415,0.3157439213932051,31.046241252971953,
3349,Ha Tinh,VNM,2020,2020-09-29,0.18279734316550114,0.373339810543234,0.184081853408509,0.19617089513944774,0.348145320730055,0.23773937585754695,0.13209147037883023,0.37758620772839163,0.37564857873168056,30.07060027932021,22.073392952501994
3353,Hoa Binh,VNM,2020,2020-09-29,0.12402975764439614,0.3569985775529714,0.12619687601066437,0.140649049696169,0.32789121456524734,0.21332268241548777,0.10884655348272539,0.538738388706832,0.49113054239852877,27.77121947576667,21.7088872333221
3357,Kon Tum,VNM,2020,2020-09-29,0.11469138163054528,0.35825216814270927,0.11329221753181799,0.12888583972317466,0.34633811205350823,0.22053166156331377,0.10737288239482899,0.5505267784047764,0.5392359391771276,25.010740037237035,18.31807869989519
3366,Nghe An,VNM,2020,2020-09-29,0.17152081120168436,0.38371872052323003,0.1756854874646171,0.18665739803859746,0.3521070271223387,0.2192675158755074,0.1111232771821826,0.4326210900823974,0.39890308967068666,28.434538397477667,19.19403018515267
3367,Ninh Binh,VNM,2020,2020-09-29,0.16061433512044718,0.34282103347092424,0.15609427836911519,0.1754780592872014,0.3148471943165327,0.2239874349486348,0.1253698335020999,0.3899535579720096,0.37326107299939376,29.670834272615956,23.407398221806297
3368,Ninh Thuan,VNM,2020,2020-09-29,0.12189441293968367,0.3548199826197604,0.10054574935830204,0.12999725196145756,0.3574781232617212,0.25698285510841357,0.14053717086133377,0.5066903415136212,0.6466848384546025,29.178174916521968,16.52509166460503
3377,Soc Trang,VNM,2020,2020-09-29,0.16720397706551735,0.28876794919362453,0.15518771431221673,0.17377678569268104,0.2532860940401347,0.18259707335888617,0.10783546473610196,0.27882849251351766,0.22377516065328842,28.621991400182882,
3386,Tra Vinh,VNM,2020,2020-09-29,0.12244054121429036,0.27955764612918316,0.10178779975943554,0.12844643508460096,0.2489971702256009,0.1768560493221141,0.10247446485540637,0.394218221251026,0.3465589004138107,29.33850501912048,
3387,Tuyen Quang,VNM,2020,2020-09-29,0.18994038266994154,0.4067536663924937,0.20143873991469594,0.2065834445654033,0.37734790430587084,0.26313478627257164,0.14920633963508917,0.4264745279532225,0.43315250636316327,28.230569772485303,18.7162855503636
3388,Vinh Long,VNM,2020,2020-09-29,0.1557787966860452,0.32910361294177226,0.14817859591824506,0.16510148740133435,0.29363135260009693,0.20403763144203255,0.1167511506022088,0.3868602382943182,0.34461925021057244,27.919644661321108,
3390,Yen Bai,VNM,2020,2020-09-29,0.17909470823538418,0.384098707661227,0.1840607903781698,0.19376448478011732,0.3634938215294482,0.2534418278225357,0.1419436441536617,0.4485159596055411,0.440067786148573,27.489033944230112,15.99955556339994
3328,Bac Kan,VNM,2020,2020-09-29,0.15996313921679794,0.3938657263026089,0.16945173946957445,0.17736557664845531,0.36849252609338806,0.2447273532511987,0.13023425193677382,0.49499073459514553,0.4873332937138234,27.10930402090533,18.083894994682332
3329,Bac Giang,VNM,2020,2020-09-29,0.0853659940412497,0.36859866111325795,0.07228115933065027,0.10216403122450866,0.3367270865255928,0.21178655726341145,0.10006228883253486,0.6395921975474171,0.6555437205862685,29.451121518825236,19.74403973914523
3330,Bac Lieu,VNM,2020,2020-09-29,0.14725224314698768,0.19417486736939482,0.13575734959164382,0.15268590932015538,0.1657307431972738,0.12713976821627956,0.07979753710846799,0.1437843789642628,0.08456679637839122,28.424814549758572,
3331,Bac Ninh,VNM,2020,2020-09-29,0.1138678309374526,0.34773323174842385,0.09080861915464296,0.12815340294592525,0.30853258557925156,0.21900953653881028,0.12140484153311112,0.5200026939280524,0.5490371500884399,30.376131510912767,15.870651731616219
3334,Binh Duong,VNM,2020,2020-09-29,0.17278863673212247,0.37445981446509397,0.17135639979408726,0.18777828511481215,0.3715044378873492,0.2683062604548734,0.14592859818899795,0.38266700810629534,0.40209012800996696,30.452228835747572,
3335,Binh Phuoc,VNM,2020,2020-09-29,0.17053069413243935,0.3518794510988883,0.17393778309233698,0.18236689051069546,0.3441896025314171,0.2406098661222563,0.12978115008456897,0.38464178920107484,0.35362307789436465,29.709011889211563,
3339,Ca Mau,VNM,2020,2020-09-29,0.10822362251413223,0.20512889278226354,0.0967863628903735,0.11705890585021306,0.17459720833927103,0.12140263274029243,0.07192273836435475,0.3052866207499168,0.1895162294487103,28.766154333600365,
3340,Da Nang City,VNM,2020,2020-09-29,0.10942572590613071,0.36586854776186006,0.09460358396642549,0.12253150208535564,0.34053316011022455,0.22013464633158344,0.11531375771431682,0.5555144664836047,0.5942951203656961,30.26490734313404,22.057631041630607
3346,Ha Nam,VNM,2020,2020-09-29,0.16628406323356054,0.32546174024582913,0.15900372915868485,0.1776869773663901,0.3022960099610741,0.22600616894456124,0.13168036328499533,0.3504393048529406,0.32735256048325045,30.216416963257675,20.581292925836927
3350,Hai Duong,VNM,2020,2020-09-29,0.10487178887148407,0.32572632808862273,0.08356420593724366,0.11834936069329252,0.29635873425533804,0.20863432838189166,0.11080197238799022,0.5334172017347076,0.516325300976067,31.058982259060684,19.64740262050054
3354,Hung Yen,VNM,2020,2020-09-29,0.1490255234787932,0.32486269875194274,0.1381062547228306,0.15954178396974197,0.2986121034173406,0.22103994681933017,0.1278182028824863,0.4022095146269933,0.3779440356800423,30.83513604617431,17.574863414177724
3364,Nam Dinh,VNM,2020,2020-09-29,0.15915797746330454,0.37729352037506814,0.14850950909372365,0.17558594806186106,0.3367327509916089,0.24049443394186612,0.13373483512756934,0.4256494487907111,0.45527405369066,29.10485560551612,22.33415918331114
3369,Phu Tho,VNM,2020,2020-09-29,0.1322657531697996,0.3390615352192398,0.13267196305114834,0.1459071084361842,0.31248029633087177,0.21261662466685907,0.1145912273884885,0.47801258305706124,0.43766047580754963,29.124699365013743,19.292785201714167
3372,Quang Nam,VNM,2020,2020-09-29,0.08515936406971306,0.37227372313663865,0.0757741925469146,0.1017560966300392,0.34857228055158024,0.21117329865385773,0.09676457376109533,0.6472182325648558,0.6656968423548182,29.810215966884375,20.342739453965525
3381,Thai Nguyen,VNM,2020,2020-09-29,0.1381041561413533,0.36973129096568363,0.14282800166122092,0.15472889954944666,0.3356655507324979,0.22317112364893754,0.11938864664327636,0.5095220694977253,0.4889861462148545,29.20684788930806,18.26488075411273
3389,Vinh Phuc,VNM,2020,2020-09-29,0.18365185819945312,0.33129867179724765,0.18613388619676877,0.19487705960346863,0.31017481605066977,0.23305362856561349,0.13729643956831603,0.32762486471287117,0.2981204862569526,30.26093305795908,18.645338688376135
73933,Can Tho city,VNM,2020,2020-09-29,0.14838924350207447,0.24451516777238294,0.13590523174602323,0.15158986312616707,0.20601557601071296,0.15244669786368797,0.09254012617023266,0.2446445666787526,0.18292185024963525,26.62633436882238,
73934,Dak Lak,VNM,2020,2020-09-29,0.1646115988988452,0.3916044211534326,0.16245243006038668,0.1790922801669955,0.3723490741153084,0.2461936909686788,0.12930171378172742,0.451053579119364,0.44557958168460243,27.456665258789595,19.848620050504863
73935,Dak Nong,VNM,2020,2020-09-29,0.14851754835533476,0.37060104387308707,0.14607103240831396,0.16181576779182744,0.3555611939773675,0.2386316833436972,0.12621896172377484,0.47105812909727246,0.4571908036905415,29.30993034299264,
73936,Dien Bien,VNM,2020,2020-09-29,0.10679278006224194,0.34667201566455386,0.10347929959235645,0.12145101101991197,0.3286347981030608,0.20454214019643477,0.09731151397592468,0.6057439438931508,0.5455866265839716,27.13254498707991,18.84760225266948
73937,Hau Giang,VNM,2020,2020-09-29,0.1470011165325968,0.28080655112104214,0.14012961548292222,0.1549186720964501,0.24821038020924724,0.17538374792865016,0.10198225908449934,0.33574350764425154,0.2591724339987705,29.068438533373413,
73938,Lai Chau,VNM,2020,2020-09-29,0.14622856063592696,0.3598974887660552,0.1446689006271622,0.15899608616454197,0.3382702615659632,0.21856367751307812,0.11233798926301648,0.5315767865464519,0.4716819523251729,27.16725295734514,18.088730539226333
73939,Lao Cai,VNM,2020,2020-09-29,0.24912193691919307,0.42335399354964937,0.25449232555568996,0.26112408030063816,0.39611307538068696,0.28292373904984996,0.16553856169352937,0.3594129475755768,0.35938802387839147,27.743807631752347,14.56700950608444
3326,An Giang,VNM,2020,2020-09-29,0.11921767576236275,0.327649011231449,0.11701779090727285,0.13532564572418215,0.27930357057874794,0.1879106304910458,0.09560137741997134,0.45724943333079315,0.4151780395436263,23.45509133903158,
3332,Ben Tre,VNM,2020,2020-09-29,0.13805092300385377,0.2901526371508712,0.12336674452326703,0.14387966779504105,0.2597189304921984,0.1807619520169862,0.1054702189265449,0.37829050927746705,0.32327147106154064,28.819202603185435,
3343,Dong Thap,VNM,2020,2020-09-29,0.13482990442785692,0.23601499191992842,0.11849147477322829,0.1380015792558412,0.20725415504441846,0.15454252013782857,0.09003875781720654,0.2728269038590104,0.2044972190216741,26.73727279339567,
3351,Hai Phong City,VNM,2020,2020-09-29,0.11052452912446264,0.3184109146139409,0.09310172179274159,0.12433041746649448,0.28224273655786397,0.1996679144650458,0.1099096825687467,0.4936790514953424,0.48066846932496177,31.43945183047432,18.971065386192404
3352,Ho Chi Minh City,VNM,2020,2020-09-29,0.14992429120604644,0.2892075260934325,0.14415822420628704,0.16062361599674785,0.27128325160144295,0.2031843544400853,0.12535735444923773,0.3381449155843753,0.3076715382825095,27.40919619475521,
3356,Kien Giang,VNM,2020,2020-09-29,0.14268119055476186,0.2428018602781667,0.13895077250110324,0.15039924716728956,0.21350449651662687,0.15529731150636378,0.09047639887444758,0.2664183538704313,0.18390833190846645,27.34953518141277,
3359,Lam Dong,VNM,2020,2020-09-29,0.16404339380011154,0.3795267018850928,0.16147965921419388,0.17677929617129268,0.3693735304342297,0.250173949652231,0.13871115417010824,0.4392664963981132,0.4478686785945561,26.44535459644033,14.958500184401728
3362,Long An,VNM,2020,2020-09-29,0.14220417231875163,0.24336027808898997,0.12593367688597903,0.14449259109535198,0.22532745918627936,0.17385180522348878,0.10551695443638916,0.2784767316423664,0.21543723623323063,30.552175182481754,
3375,Quang Ninh,VNM,2020,2020-09-29,0.11459734208732934,0.33440600850198055,0.111601821372665,0.1303825934672952,0.3039795733030687,0.1970198825223247,0.10161139278985708,0.5371891403285481,0.4770749863288812,28.180944803911704,19.07622977171697
3378,Son La,VNM,2020,2020-09-29,0.08899072466047873,0.33475792402974675,0.0828841143186625,0.10405457013709775,0.3194846767540004,0.2024667470896669,0.09575335817184054,0.6407044205295334,0.5827077410578596,27.75649750234184,18.668520420145217
3379,Tay Ninh,VNM,2020,2020-09-29,0.1661398527608818,0.36332509640091093,0.16234858541969435,0.1800038455211693,0.3489214481796911,0.24803345114678113,0.13518298534848447,0.3979117745778188,0.40117911481802404,28.320899960863866,
3380,Thai Binh,VNM,2020,2020-09-29,0.1658002079680656,0.382736407361917,0.15552862710605123,0.1839902814044082,0.3415003925551063,0.24933679382272173,0.14276132391685498,0.4138855440499075,0.4534931787594259,29.565987523550493,23.018997760737395
3382,Thanh Hoa,VNM,2020,2020-09-29,0.1180072633128482,0.34609327672729007,0.1149299174048706,0.1323031520780174,0.31965161267481224,0.20639541726749935,0.10399171237044669,0.5310521120141445,0.4947205127538104,28.722790255419405,19.13510411330235
3384,Tien Giang,VNM,2020,2020-09-29,0.12837594701371172,0.2820380579011839,0.11832158054210201,0.13518007602324644,0.2583130169906402,0.18550921534585715,0.10698963155985936,0.39252435373410594,0.33343218707860106,28.247032099603235,
3333,Binh Dinh,VNM,2020,2020-10-07,0.17958607353915113,0.3587993344873261,0.18084667787081574,0.1919041408672648,0.33377215869514615,0.22751209740810266,0.12843469964062718,0.3697966435292598,0.33705348307444993,,
3338,Cao Bang,VNM,2020,2020-10-07,0.02769141370475614,0.25436766570616837,0.01844082868182617,0.039383930632036795,0.24273496911148504,0.13697100237686438,0.04835377383408153,0.817047051734499,0.538877441153966,24.539523490517357,15.999475009190869
3355,Khanh Hoa,VNM,2020,2020-10-07,0.18313992103941137,0.3598731476472743,0.17982993578379,0.19449063119071305,0.3371379013055693,0.22843440567023274,0.12617430613703765,0.3778817960700133,0.3459605764774346,26.73350765662248,
3360,Lang Son,VNM,2020,2020-10-07,0.04374554798498781,0.3405478348650931,0.035015757176146536,0.06186079844964989,0.31831429272056405,0.18043804843529535,0.07107999195544284,0.7810419668959143,0.7029470748257547,23.93260581616748,15.85568051747449
3370,Phu Yen,VNM,2020,2020-10-07,0.17807870652450997,0.35135442536845246,0.17696000481844382,0.18940685741152252,0.3260073677183423,0.21452772913183044,0.11574279357146347,0.37109458214678914,0.3249099887251964,26.9713485888635,
3371,Quang Binh,VNM,2020,2020-10-07,0.5795240636746505,0.6293682835688209,0.5880607767120646,0.5899929564887734,0.5604682142612329,0.36537421466365366,0.1894997193203908,0.05808639389936841,0.054126905859587016,,
3374,Quang Ngai,VNM,2020,2020-10-07,0.22778805661130705,0.38491501893778074,0.23570523783932087,0.2417237880239856,0.3497918531003913,0.2328279329814059,0.12790657793352891,0.2877375060979898,0.24455136335305055,,
3376,Quang Tri,VNM,2020,2020-10-07,0.5540090255900703,0.6180245687181622,0.5545080101425859,0.5588938304352497,0.5784734678280753,0.45422120436177904,0.27384991391641506,0.0659867674113152,0.07286355662621617,27.98956083421707,
3383,Thua Thien - Hue,VNM,2020,2020-10-07,0.5895921937855453,0.6408978009067312,0.5915379740916071,0.592763144835977,0.5953214491426108,0.4521202052528105,0.2807276759882912,0.050076558823914916,0.05853722598839324,27.726879865105275,
3327,Ba Ria-Vung Tau,VNM,2020,2020-10-07,0.28784341955082576,0.39579143032428227,0.30800300658453544,0.3037526785253828,0.3603222630194665,0.25831606054620476,0.14831527632768346,0.17925501206812938,0.15316734606435228,,
3336,Binh Thuan,VNM,2020,2020-10-07,0.19313218997485154,0.3872473870989386,0.18722318950821984,0.20320668930066,0.3702422844124745,0.24825140793460068,0.1330372187967265,0.3825519515157858,0.3781238286935881,26.83921369811755,
3342,Dong Nai,VNM,2020,2020-10-07,0.2593535795575776,0.391377558800905,0.27195255675719204,0.2735442752968499,0.36300236598061253,0.2408881105325854,0.1308690909764641,0.23165493145268642,0.19697016750535787,,
3344,Gia Lai,VNM,2020,2020-10-07,0.3215288308239976,0.4775278147671142,0.3293355371768554,0.3333163580412792,0.4439215303325038,0.30069387198612707,0.16772313355345722,0.24016346055123855,0.23998856380370462,,
3345,Ha Giang,VNM,2020,2020-10-07,0.04973421064081485,0.2866052996409163,0.04061624961247475,0.0619082640994711,0.2754396935219414,0.1683737904243192,0.0725655940771496,0.7655161808133262,0.5843276111781333,25.084309476599007,16.203230816363018
3347,Ha Noi City,VNM,2020,2020-10-07,0.098006110082527,0.26262721545075635,0.07359664467313713,0.10048326341029282,0.25316247849682916,0.19546327576635483,0.12588102815752691,0.4600572306162763,0.47710915395359216,29.28674220750207,18.826408596765784
3348,Ha Tay,VNM,2020,2020-10-07,0.10807133810009388,0.2684690041466609,0.08699909064076307,0.1119592121301688,0.25235471428048056,0.19056173824697423,0.11641599348422901,0.44235023320714395,0.43106666892990564,28.6661124110381,18.099893760135647
3349,Ha Tinh,VNM,2020,2020-10-07,0.677887818797292,0.6989946934630691,0.6962437275772069,0.6877209172920807,0.6051388152491657,0.37541981188319884,0.19272149951279618,0.016458124091367623,0.014040872075810363,,14.203971104689971
3353,Hoa Binh,VNM,2020,2020-10-07,0.1086727678944202,0.3322685223297758,0.10941452769411522,0.12192267190947922,0.3059153567280204,0.20327746905921282,0.11058142778627726,0.5806009188997322,0.505218290460557,24.8569325873573,16.76217810871757
3357,Kon Tum,VNM,2020,2020-10-07,0.4317001757763685,0.5347597718585712,0.4435830876106847,0.4414345293574326,0.49388117548775373,0.31124915493669414,0.16632361934810494,0.12097636594192418,0.11049421543095532,,
3366,Nghe An,VNM,2020,2020-10-07,0.31092784112581734,0.4645121945896054,0.32055407899701255,0.3214240052498382,0.4356337313179106,0.3154733872151239,0.19306314805764085,0.27307237084709546,0.3014730673303685,23.762211333194397,15.375839141267754
3367,Ninh Binh,VNM,2020,2020-10-07,0.13174908398941873,0.29924800459869844,0.12284478194815791,0.14161044409966872,0.2796964235775376,0.20178253461959048,0.12216520947127738,0.4102531492785002,0.3853226307376713,24.684022639120222,18.039960677093077
3368,Ninh Thuan,VNM,2020,2020-10-07,0.14816711595805496,0.34653465854553817,0.1294448765804556,0.15550326938826758,0.33679826657540374,0.23282677997265172,0.1241859061994404,0.47207984637633643,0.48311350845203554,29.103888888888903,
3377,Soc Trang,VNM,2020,2020-10-07,0.2386313566591987,0.3387694247712908,0.24229438581066953,0.24977737319866503,0.29804850489160933,0.21569589653211452,0.12406048624005958,0.1897379560977813,0.15421141733266502,27.210000000000036,
3386,Tra Vinh,VNM,2020,2020-10-07,0.23432734198583902,0.3402708074728055,0.24524113629687339,0.2469247922427593,0.29766315298415696,0.21237348288576252,0.12117188026341477,0.2000954668114165,0.16251543602830026,,
3387,Tuyen Quang,VNM,2020,2020-10-07,0.03579713506515231,0.2882325498295915,0.030110657011239668,0.04923619922811781,0.25744166121376266,0.1437980661990077,0.0548559851641974,0.7990067670502948,0.5820943661554996,25.90157616710743,17.535648495867694
3388,Vinh Long,VNM,2020,2020-10-07,0.23807958482047234,0.3879748889626646,0.24799551978400602,0.25214409730742715,0.3413241007968573,0.23591340587918838,0.13001560622901076,0.27338517779426647,0.24231247723634317,,
3390,Yen Bai,VNM,2020,2020-10-07,0.07283002964457509,0.29816466727608165,0.06813300745614081,0.08521995173875714,0.27951448450382915,0.1756393226901237,0.08364134299798187,0.6738532493098985,0.529665905375184,23.99429905667178,15.75442185690575
3328,Bac Kan,VNM,2020,2020-10-07,0.023048205774830667,0.27590205020618125,0.017577804525311092,0.03668166944591384,0.24714870965998928,0.13016486972754523,0.041771708940869644,0.8509384018217384,0.5753670730994874,24.425632477120377,16.54942132319264
3329,Bac Giang,VNM,2020,2020-10-07,0.06947944777107014,0.3414434994182444,0.04923371980800376,0.08052581107748837,0.32029977889836797,0.20196870024308933,0.09914370138092256,0.6635755335338397,0.6777048057510756,26.38679653315649,16.845151268737023
3330,Bac Lieu,VNM,2020,2020-10-07,0.3257167895481008,0.35754082674678944,0.3308080553772512,0.33302647753525194,0.3244812974208926,0.24386901084265444,0.14457700487778868,0.052985755840687446,0.04096168549790757,,
3331,Bac Ninh,VNM,2020,2020-10-07,0.10391559107375052,0.29617181013167376,0.07255036810137261,0.10768069570992284,0.27131207731298823,0.19955117450356186,0.12191720421241241,0.48260613100957445,2.2088031944458844,28.083762445948636,17.550679381849
3334,Binh Duong,VNM,2020,2020-10-07,0.23802899774041505,0.3777662697287832,0.2501888260773456,0.25180215208569007,0.36221382425910675,0.2561041358645103,0.14503825305703616,0.25332010665290866,0.23775590769170707,28.628409004196907,
3335,Binh Phuoc,VNM,2020,2020-10-07,0.2660109993447837,0.40441684461216837,0.28127731508694126,0.2780979736395299,0.3874697689869115,0.2798304832642074,0.16305559625558924,0.24188928699853002,0.23307962786284467,30.07706790813636,
3339,Ca Mau,VNM,2020,2020-10-07,0.2470967195252681,0.30082930175415984,0.2600845962673913,0.2586432842377031,0.2656899216202407,0.19605650971154548,0.11450668445696281,0.11387700189509774,0.07857070947611568,,
3340,Da Nang City,VNM,2020,2020-10-07,0.7019804151740733,0.7222422207854191,0.7105603565576162,0.7047531118697351,0.6167790180001672,0.30704668409544744,0.1593179926187405,0.01447083902118984,0.01157826301881138,,
3346,Ha Nam,VNM,2020,2020-10-07,0.08869520975194663,0.25219480864196175,0.05947687754397929,0.0894801048389313,0.2412161241980445,0.17795810009334545,0.10614138132118646,0.47425644552722995,0.43373745622067167,28.34692810762618,17.49045070408784
3350,Hai Duong,VNM,2020,2020-10-07,0.0778495538887213,0.2679314147475245,0.04707572609692142,0.08192282283087408,0.25253811372103396,0.18122714338317925,0.10418992845039313,0.545510788411555,0.5104865678552286,28.55510999565882,17.98441978033923
3354,Hung Yen,VNM,2020,2020-10-07,0.09925449171287538,0.27587514412924563,0.06738450587276917,0.09896932913941052,0.26065625496849115,0.1945893661261145,0.12023889686467881,0.47729433779111824,0.47685102025920045,28.732847762561555,17.573086910144916
3364,Nam Dinh,VNM,2020,2020-10-07,0.1484130198628706,0.3219172071227984,0.13428159071923934,0.15607926857942275,0.29944856897772054,0.22541764435170586,0.14132334114725148,0.3821495630995669,0.4100218493758313,27.265451581115567,15.568848885005858
3369,Phu Tho,VNM,2020,2020-10-07,0.09106230964026084,0.30470502409981703,0.08879714710962973,0.10310253573671833,0.27952727011892736,0.1816820475079422,0.09205288905746555,0.5686051370465051,0.47926842260353164,27.31306305186874,16.33423611285844
3372,Quang Nam,VNM,2020,2020-10-07,0.454553258329993,0.544199724758112,0.46865433988071414,0.46428775919572174,0.4845375704647616,0.26358991275285304,0.139100011265133,0.1089721138839892,0.09136099214794766,,
3381,Thai Nguyen,VNM,2020,2020-10-07,0.07385769304545324,0.33424790564411055,0.06881488157108438,0.08838522430212395,0.3011567508717444,0.18617293155240566,0.09355618687548115,0.6658069398546242,0.6231714006065178,26.01920318245602,16.218693969911214
3389,Vinh Phuc,VNM,2020,2020-10-07,0.09846042673741623,0.2966488432154297,0.08161501643045777,0.10518394577323273,0.2863466146143808,0.20528573939035094,0.11757934201764307,0.5133494752507278,0.5314628450155766,28.223766212784007,17.833710497929133
73933,Can Tho city,VNM,2020,2020-10-07,0.23378919246367413,0.29623788020509245,0.23822613579383012,0.2416868588860536,0.24890889487053788,0.1780782769270616,0.10275225216413798,0.11918372002575867,0.08376509394336115,,
73934,Dak Lak,VNM,2020,2020-10-07,0.19256794334511884,0.38048029374776626,0.1938623039784629,0.20443098458401754,0.35627018010159645,0.24265388015362022,0.1347427584112898,0.403382534066346,0.3774116186629921,24.689955440029735,
73935,Dak Nong,VNM,2020,2020-10-07,0.19628536060557517,0.38702134541493166,0.19654372223455616,0.20739558539570782,0.36510089986381516,0.25059067555717734,0.13706192975940074,0.40477263067116903,0.38569972843837574,,
73936,Dien Bien,VNM,2020,2020-10-07,0.047688947957633454,0.31536107673949537,0.037265030020732906,0.061723791370906916,0.3046388611493216,0.17888361904377442,0.07487025929563888,0.7660179235946588,0.6542547231792664,25.02101841679698,16.785238430890125
73937,Hau Giang,VNM,2020,2020-10-07,0.2606981252889821,0.35785707032966435,0.2740206061981082,0.2732514821526531,0.31135287622450325,0.21737647590629547,0.12096771142121071,0.17874204492872042,0.13813631808780777,27.400237423211042,
73938,Lai Chau,VNM,2020,2020-10-07,0.05346999329752124,0.33249909526989946,0.04235910388523693,0.06806324867790092,0.3207439605347353,0.18866427862516755,0.08049268455939508,0.7602250993378521,0.6851947224450913,24.904000266614492,16.811484619114164
73939,Lao Cai,VNM,2020,2020-10-07,0.08461195973348407,0.3123574972155242,0.07842868888674771,0.09634326344980404,0.2969277825500422,0.19283425376010574,0.09547801729476649,0.6640543392359476,0.5451133611845431,24.554839029962185,14.838608864408531
3326,An Giang,VNM,2020,2020-10-07,0.2716429419619662,0.42622344623637143,0.2787103196622637,0.287032886788026,0.3710359763332245,0.2515176999104714,0.13797693160408567,0.22967945983260887,0.20853482940305357,,
3332,Ben Tre,VNM,2020,2020-10-07,0.24345887332176877,0.34788725650390284,0.2544256671458165,0.2547555399758363,0.3138635832681391,0.2288866771567301,0.1366417449956975,0.19149685369095426,0.16210964326746335,,
3343,Dong Thap,VNM,2020,2020-10-07,0.20029631318029495,0.2830481351500433,0.19949961149904064,0.20885072451404754,0.24758710889873603,0.18358399326726993,0.1069813016199255,0.17083182115659148,0.13012097149129745,,
3351,Hai Phong City,VNM,2020,2020-10-07,0.06822315000006704,0.25419503080594463,0.04447277399718041,0.07656751968213474,0.22841216576589599,0.15554432266493906,0.08872073777319915,0.5625571380893346,0.4920774141601381,29.731250444787065,19.292179427754522
3352,Ho Chi Minh City,VNM,2020,2020-10-07,0.2561554360417654,0.35566169152982735,0.2660796986845995,0.26896863123447573,0.32934051236527,0.24800723795660787,0.15224782238016818,0.18673372672506447,0.16261127948690177,,
3356,Kien Giang,VNM,2020,2020-10-07,0.28098980200584045,0.34222214228163406,0.2897554475026812,0.29050881981362114,0.304136190153741,0.22325636282541517,0.1312245466779246,0.10886760648060424,0.08293708339810675,,
3359,Lam Dong,VNM,2020,2020-10-07,0.26031443619828837,0.4138595200570318,0.2641223051461222,0.2702578526305831,0.38888882325630764,0.2695559634731984,0.1549293152626179,0.28932037870307814,0.2673533977604825,25.650169410393577,
3362,Long An,VNM,2020,2020-10-07,0.20887082818389488,0.2776358192025856,0.21203821581488608,0.21718291720727534,0.24934385245673704,0.18581238457876012,0.10955243081356243,0.14701480264417754,0.10863751310516817,,
3375,Quang Ninh,VNM,2020,2020-10-07,0.04816711212982981,0.2911639480539224,0.038166481479363794,0.06281359070679991,0.2664242818549316,0.1547011578649141,0.06966601095047552,0.7011163044909396,0.5892081169833578,26.277639413451546,17.13468355672048
3378,Son La,VNM,2020,2020-10-07,0.08853633490870877,0.31404960856544656,0.08292919352278551,0.1010079469954851,0.301023939266689,0.19597328308247805,0.0981185105341732,0.6422889868325008,0.5374491534686846,24.050593457896237,16.44718810613415
3379,Tay Ninh,VNM,2020,2020-10-07,0.19967103555173102,0.360221459312228,0.20607161513218406,0.21365140318666181,0.33898891968073747,0.24550466534136342,0.13908016195590836,0.307108104672694,0.2989765166390011,30.63239982506979,
3380,Thai Binh,VNM,2020,2020-10-07,0.1166290785532128,0.299560982225734,0.09145946562344752,0.12132651244175238,0.2806769773081012,0.20858495879314032,0.12721000250804013,0.44829614152460195,0.4544138903861177,28.90124684916315,16.778877296004396
3382,Thanh Hoa,VNM,2020,2020-10-07,0.15834745647454668,0.35836198100603045,0.160543529933602,0.1704732262963105,0.3371405116103789,0.23952121390201928,0.14303996003491867,0.4397971326647265,0.4455187813624683,23.5375425638327,16.772473684899072
3384,Tien Giang,VNM,2020,2020-10-07,0.2750296035517185,0.36119048298161766,0.28832556991300157,0.28617581010914706,0.3274539059013306,0.23525926166422925,0.1356457165154749,0.14602002640618933,0.11812250832451586,,
3333,Binh Dinh,VNM,2020,2020-10-15,0.13687136282431736,0.33108693115857696,0.13066052728625505,0.1473829923308562,0.3069900726653161,0.2079918634838279,0.11614983026152237,0.47832692716259567,0.4380591059567243,23.90387610619472,
3338,Cao Bang,VNM,2020,2020-10-15,0.031197808653615152,0.2926419827834936,0.018980047845990996,0.04532025148335978,0.2893154025035601,0.16473324845423168,0.06231224170210945,0.8084120430787631,0.64965129437973,22.804739778203768,11.295605128046144
3355,Khanh Hoa,VNM,2020,2020-10-15,0.19670725328678712,0.3573613604590845,0.19876950798336998,0.20883147612713834,0.3352095612403979,0.23233689495550383,0.1278318455599047,0.33985384251938916,0.2887644943488553,27.33186169856324,19.050854548022908
3360,Lang Son,VNM,2020,2020-10-15,0.03604756651009675,0.3283375435184934,0.02521961859698377,0.05308028935177133,0.31118805647332504,0.17320790152746893,0.06692705391855734,0.8056178395677306,0.7054069086506225,24.39305049320217,14.714523906731667
3370,Phu Yen,VNM,2020,2020-10-15,0.15446573831550495,0.3421558051615319,0.14990201285910715,0.1656836470314103,0.31694261352965736,0.22134230916519784,0.12542354648452408,0.4358185665043016,0.3966029029846252,27.122020772133638,18.870000000000005
3371,Quang Binh,VNM,2020,2020-10-15,0.12248626347441678,0.269634887180247,0.12546814965491282,0.13261304967249254,0.24853360572051497,0.1632745880093814,0.08880985339657595,0.4733594466666195,0.30405835443593093,,
3374,Quang Ngai,VNM,2020,2020-10-15,0.27284069887666607,0.41043243539470764,0.2926114363595906,0.2900203476024617,0.3702573072217123,0.22605170524065235,0.1191093149699988,0.23122974877389954,0.18799830877033497,,
3376,Quang Tri,VNM,2020,2020-10-15,0.3612529307354553,0.4556647287539748,0.3802825987910456,0.3734471955614157,0.4091076946183587,0.29264913166439294,0.1745984539233378,0.18314711387327046,0.15879192570636552,15.981468315301436,
3383,Thua Thien - Hue,VNM,2020,2020-10-15,0.6230905746803397,0.6432676150399311,0.6297079794192456,0.6297906096705823,0.5626607176061309,0.2985285863510112,0.1619409841565894,0.016799481498377296,0.012788034161694481,,
3327,Ba Ria-Vung Tau,VNM,2020,2020-10-15,0.20221888979489308,0.34597516120777205,0.20616578712303313,0.21417137424820856,0.33013316890643324,0.2494449301895175,0.15376571935106295,0.27913344292070774,0.2778703881492295,,
3336,Binh Thuan,VNM,2020,2020-10-15,0.25813527526865515,0.4020008993016394,0.2672370195416802,0.2699548173082145,0.37060079214563585,0.21294376934702533,0.1099139466737887,0.25289083550734826,0.2106365918439791,,21.292490846573777
3342,Dong Nai,VNM,2020,2020-10-15,0.2904530977607874,0.4088544394620586,0.3027528464365964,0.3033728051917331,0.3758010243606011,0.2238759447450838,0.11921983021640306,0.19329268821002638,0.15757250838488415,,
3344,Gia Lai,VNM,2020,2020-10-15,0.2670174232437847,0.4304639464307248,0.2723895909120088,0.2784818205414661,0.4032342070387153,0.2851779525727331,0.16349080355138368,0.2935888502325224,0.28777012949056774,26.149274834030145,20.20664338738229
3345,Ha Giang,VNM,2020,2020-10-15,0.028072843425726378,0.25934383555730445,0.017060661984517698,0.039643842861919125,0.2524950414380758,0.14392197412530144,0.05430317711035543,0.812379680782532,0.5684242249332121,23.882214188751156,11.663375041453431
3347,Ha Noi City,VNM,2020,2020-10-15,0.06703475392148282,0.2136495538795777,0.039283758729773195,0.06810200879023227,0.20221259584025641,0.151071899162,0.09129853577726194,0.5107017194662753,0.3992145921687376,29.798651965386128,17.12654875283445
3348,Ha Tay,VNM,2020,2020-10-15,0.07289957450714918,0.2249219752484688,0.04761271806199834,0.07684620903406612,0.20559972710989616,0.14606360430646753,0.08055541307509562,0.5011592106341569,0.3804415958119674,28.440864845567035,17.73098661192448
3349,Ha Tinh,VNM,2020,2020-10-15,0.08481350789097017,0.22780246077979546,0.08577368512133178,0.0959779631583885,0.21147597406767574,0.13225869158341771,0.06379327581778012,0.4786677312200695,0.29752672755461584,,18.770540540540573
3353,Hoa Binh,VNM,2020,2020-10-15,0.04576377831771302,0.30095104852325943,0.037163492754185415,0.061164285075861184,0.28129905837930663,0.1641476826997006,0.06820206910124232,0.7486899921597796,0.6086667346672996,25.5176305465532,16.178161830862233
3357,Kon Tum,VNM,2020,2020-10-15,0.2509113953531044,0.41092688985207876,0.2574941450223814,0.2619780512347856,0.38765757155605635,0.2576561775806722,0.13892447499799537,0.2916287992704367,0.2576101123607133,16.50652978727567,19.700421367193204
3366,Nghe An,VNM,2020,2020-10-15,0.06719572540151343,0.2749804320747715,0.06839158310886004,0.08100632877591063,0.253543728405708,0.14774422766922388,0.06516752494666826,0.6254824437739422,0.44533824895178764,24.628247521710353,5.869090670742277
3367,Ninh Binh,VNM,2020,2020-10-15,0.06348729962163514,0.25340787886688254,0.03608040506716958,0.07121366957232272,0.23600083830170696,0.15805847671791068,0.08083425587284891,0.5535564083536979,0.4791550582272571,24.795067212501028,17.27321072319205
3368,Ninh Thuan,VNM,2020,2020-10-15,0.24695488470714255,0.3857192857140816,0.2526077945176055,0.2585905895167187,0.3666527388827237,0.2503819496168493,0.14163500451179023,0.2672402400857879,0.2391495713455971,18.07585328422348,16.915945104799334
3377,Soc Trang,VNM,2020,2020-10-15,0.14207590211479137,0.25960448431694627,0.11789764893903264,0.144456277513688,0.23013850997305507,0.17165194955773586,0.10217007374109044,0.3039653167950631,0.24014948306762987,29.541704916204274,
3386,Tra Vinh,VNM,2020,2020-10-15,0.11956757674350406,0.28506119464635266,0.09952221320949077,0.12602408004217774,0.24867026276079474,0.17293111464778804,0.09517080330583333,0.4190592649771132,0.35116466492417314,25.670000000000016,
3387,Tuyen Quang,VNM,2020,2020-10-15,0.03270995744809311,0.2806191110900287,0.025640501820210188,0.04561285983588755,0.25394487224956896,0.13776601192796398,0.052419305839194845,0.79736640824459,0.5735918244909841,25.527476319072274,14.74739816017662
3388,Vinh Long,VNM,2020,2020-10-15,0.1469722510532618,0.3190317920424655,0.13249891457358254,0.15415944484157257,0.27990825708570993,0.1972968675453421,0.11625450051870784,0.37711271196027357,0.34623412404112347,27.84267806383495,
3390,Yen Bai,VNM,2020,2020-10-15,0.04829634329186853,0.2731933973983491,0.041065931985881245,0.060161373007490374,0.2581391371944457,0.15146591888185326,0.0636850083781521,0.7575070314610751,0.5375553210839958,24.754394115367116,11.21191469516394
3328,Bac Kan,VNM,2020,2020-10-15,0.03968817592941068,0.3034205663239903,0.03490086745562487,0.0547986959293144,0.27999725384630836,0.15170409829566722,0.058114573659272174,0.7801886504175836,0.6048381288649178,23.45782022785665,9.493221936589554
3329,Bac Giang,VNM,2020,2020-10-15,0.04622767661231159,0.27646028608072665,0.028806402587960314,0.05468781186872107,0.25297593339176316,0.14951969884150987,0.06660826210101396,0.7096812312322937,0.5459305597856445,27.01274586149225,15.950177213563153
3330,Bac Lieu,VNM,2020,2020-10-15,0.10361186502219982,0.15224717589620887,0.0766984315793212,0.10539915869970992,0.1254339309906733,0.10074352387720678,0.06442299189164896,0.19582130981634305,0.10015873508713888,28.92300522339106,
3331,Bac Ninh,VNM,2020,2020-10-15,0.09742178422473653,0.24474142435787136,0.0633578611677846,0.09552111265005146,0.23184230786802051,0.17896845894391186,0.11005234092861656,0.43333118944369026,0.3796920243007202,28.841825052819082,17.083605441267284
3334,Binh Duong,VNM,2020,2020-10-15,0.2549827865429719,0.3939623147302932,0.2641618417752256,0.2679603724960201,0.37000824057948234,0.21386542776871645,0.10549428544262705,0.23323711201908004,0.17979363787808908,30.667078651685397,
3335,Binh Phuoc,VNM,2020,2020-10-15,0.3526397638248037,0.4613063922901031,0.3694936223735641,0.3653148644762393,0.4277750714905734,0.27915406579616064,0.15066125354504914,0.15234481691183763,0.12965300513628913,20.470000000000027,19.995759174785558
3339,Ca Mau,VNM,2020,2020-10-15,0.09641339722937148,0.18586934119086923,0.08170948293575311,0.10405609017724159,0.15734130962659948,0.11048590654599065,0.06573786015336933,0.3212193898315029,0.1805025135588088,28.290654459872876,
3340,Da Nang City,VNM,2020,2020-10-15,0.4498485160532223,0.48928972653720565,0.44281465043550855,0.4563891511164313,0.44782621799010297,0.25287482067101125,0.13848920348020746,0.04520735630733705,0.03387736477474914,,
3346,Ha Nam,VNM,2020,2020-10-15,0.07783614561879952,0.23654301592374855,0.0476323106263451,0.08034751100142024,0.22086601434259234,0.15975475352373505,0.09062098842390254,0.48765529568011756,0.4042731007090822,26.7110939888779,17.434606543464895
3350,Hai Duong,VNM,2020,2020-10-15,0.08469713779687145,0.265869116033799,0.048603709012996155,0.08557253325658752,0.2581009424500859,0.18965469553527553,0.10924631065671651,0.5115049690574512,0.4870476083966582,28.055149367299784,17.124883978049144
3354,Hung Yen,VNM,2020,2020-10-15,0.0927053120728572,0.26750652927344215,0.057220260243322434,0.0924175690773859,0.253850859763987,0.1894417075200733,0.11534426091938045,0.4808969215522128,0.4815751803687696,28.176683148402343,16.97090944415443
3364,Nam Dinh,VNM,2020,2020-10-15,0.08372271563992771,0.2355317246468072,0.04747127705579102,0.08210905018355236,0.22082564509135086,0.16417503476681788,0.09508981039826198,0.4627844422444126,0.3860062228437351,24.677514859407605,17.065463228444024
3369,Phu Tho,VNM,2020,2020-10-15,0.05263709290144497,0.2820307330765387,0.041140958393301084,0.06363067770009656,0.2585311070476556,0.15380127774965846,0.0685937861815704,0.6879624619564968,0.5373745253533238,26.96136205959729,16.334377695753194
3372,Quang Nam,VNM,2020,2020-10-15,0.40202745698845893,0.4918993200824605,0.4127036901927704,0.41301930349521077,0.44208215612060037,0.2264239283040544,0.11460063181452161,0.10980115964618381,0.08105344354463613,,
3381,Thai Nguyen,VNM,2020,2020-10-15,0.06732267947272441,0.30642917968088984,0.06324464440428355,0.08085391515879292,0.2756553943197681,0.1615535873947039,0.07502736068030696,0.6494516136616606,0.5304113146238658,26.49381519486075,16.039099181073734
3389,Vinh Phuc,VNM,2020,2020-10-15,0.08370882627450442,0.2590663417680076,0.07169371914554999,0.09152882348175542,0.24326112736189986,0.16546666905982507,0.087898828823548,0.5123579661491492,0.4056527022677672,28.316529967329032,16.03843630090129
73933,Can Tho city,VNM,2020,2020-10-15,0.17876675554190236,0.24443626130283563,0.158195418390906,0.17927705372738775,0.2078117275362159,0.16425656673425887,0.10885983160771633,0.14822667010954516,0.12672855350502357,,
73934,Dak Lak,VNM,2020,2020-10-15,0.23822515442484116,0.39866972440139864,0.2470816284485424,0.2515300435068864,0.37363267780009923,0.2600224949885379,0.14640829169952532,0.29268296878562117,0.27166585868678444,27.389933823447702,16.584885481716203
73935,Dak Nong,VNM,2020,2020-10-15,0.37996331296046865,0.4822174463811166,0.40226862621250087,0.39311075738562545,0.4350483464573883,0.27153750705284824,0.14687768081924968,0.13827869067553697,0.11599510421426283,24.152576931261205,15.95633803014652
73936,Dien Bien,VNM,2020,2020-10-15,0.11375030203675567,0.3291975218420061,0.10838285719541033,0.12557395454996098,0.32015123654253735,0.20960360548433493,0.11057333697832131,0.5964199433090882,0.5036853218075568,23.766635457683616,13.812526839302208
73937,Hau Giang,VNM,2020,2020-10-15,0.16104638753830358,0.27175925261987927,0.1519550735059719,0.16687118617587995,0.24517960873398462,0.18805122873725968,0.12152224081929196,0.2669720185755095,0.21978096355590648,29.27104692439471,
73938,Lai Chau,VNM,2020,2020-10-15,0.07530671781368797,0.3197473605367096,0.06581065805677094,0.08816889470237335,0.3088782872741618,0.1880406192329748,0.08765941977104767,0.7068601823164692,0.5850850112583534,25.612011664475148,13.658315420912313
73939,Lao Cai,VNM,2020,2020-10-15,0.09768900645885366,0.3136959968570113,0.09044398375792484,0.10897692729751221,0.3034141966676965,0.2007801793401716,0.10417673063160417,0.663948664784378,0.5302294782423689,23.47188987546129,10.870072108721239
3326,An Giang,VNM,2020,2020-10-15,0.13685955670160135,0.327169741770087,0.13088043690960746,0.15036110978614994,0.2765926286884959,0.19391216559354094,0.10850770490307092,0.3971252910638733,0.37218490897921086,27.220404705034603,
3332,Ben Tre,VNM,2020,2020-10-15,0.1599295417085036,0.30602059122303327,0.14718139852962717,0.16540170415247837,0.2734970811753735,0.19603735579836473,0.11897135653997501,0.32664160809304255,0.29128505659963355,30.511610115884103,
3343,Dong Thap,VNM,2020,2020-10-15,0.13281553930157186,0.23001955859171602,0.11429451895656771,0.13737166762932232,0.19421094576234,0.14393514681017083,0.0838668730944095,0.2549057607745856,0.1883536481227899,28.888321545661224,
3351,Hai Phong City,VNM,2020,2020-10-15,0.0894503699664509,0.2668232669727808,0.06028299864649721,0.09544914973446439,0.24839484340814458,0.17375785447628483,0.0976738750764708,0.4999266055483394,0.45552814426170435,28.024173191757995,17.37040526206057
3352,Ho Chi Minh City,VNM,2020,2020-10-15,0.22423041115131043,0.3354497224840649,0.2266973167920376,0.23459237391123908,0.3055727697212603,0.2089705716544069,0.12497756304257485,0.2252991267399043,0.17828566226727288,27.603029454795628,
3356,Kien Giang,VNM,2020,2020-10-15,0.11914241871365958,0.2019506046233135,0.09891056955081322,0.1211373621911288,0.17224884409528735,0.12855150543582483,0.07818981484812076,0.262725111213298,0.16984089479116676,28.981474713262266,
3359,Lam Dong,VNM,2020,2020-10-15,0.33015647867041126,0.4464933207509997,0.34781058768173984,0.34278806073629914,0.41048122881529314,0.23396784913075286,0.1241543034508072,0.17747292202557777,0.13860985245307883,17.401665337291192,15.410057514126688
3362,Long An,VNM,2020,2020-10-15,0.16363371741843188,0.23913546469869298,0.14858412813303076,0.16639650398501427,0.21052284652894754,0.14951517417404842,0.08689588434112665,0.1990889925251162,0.1324668865110227,28.9927039480575,
3375,Quang Ninh,VNM,2020,2020-10-15,0.05125136466447154,0.3096009544879907,0.03707544518801032,0.0664926664152971,0.2877421586011409,0.16596248546991196,0.0710945920992011,0.6960554819117638,0.6187390700949968,24.610868840324155,16.024086083938602
3378,Son La,VNM,2020,2020-10-15,0.11863111465066224,0.32661566766772765,0.11162604451311262,0.1299894848388124,0.3171414255146017,0.2134628901198789,0.11415614430527185,0.5957857170079408,0.5027048429680581,23.872056137896973,12.165400311143062
3379,Tay Ninh,VNM,2020,2020-10-15,0.13368815381420004,0.3192163530368203,0.1364720933804105,0.14875479514583276,0.2914030701124542,0.17893116050203453,0.08127931773432646,0.4611391648699133,0.36441862698756294,27.464023606100216,
3380,Thai Binh,VNM,2020,2020-10-15,0.08707850791556107,0.24623391801522654,0.050228398921308426,0.0855910260812699,0.2358805523195846,0.1760731973171,0.10195326144791234,0.46723138146476884,0.4084494957999845,26.21346967731318,16.763873620702658
3382,Thanh Hoa,VNM,2020,2020-10-15,0.06159807873388841,0.2934563034136167,0.05003783841984838,0.07383504123319475,0.272430024209583,0.16579954630311336,0.0747577428569184,0.6683978628077103,0.5395358287848027,25.28575773080657,16.99349890354696
3384,Tien Giang,VNM,2020,2020-10-15,0.14764867353347264,0.28516303234968493,0.13323239153982094,0.15316501282198747,0.25428421130506096,0.18729921327117896,0.11153251075334145,0.34403036417418437,0.28291900426651007,,
3333,Binh Dinh,VNM,2020,2020-10-23,0.12265971970502233,0.33370141044091056,0.12203463025141915,0.13657427640699882,0.3125397270212996,0.19834249650831906,0.1045201551801972,0.47823225190690705,0.45227318721725007,27.66092639097562,19.095993314642357
3338,Cao Bang,VNM,2020,2020-10-23,0.037123149876727664,0.3251811836011055,0.022383044467916384,0.05278654221787981,0.32422966054175456,0.18637982005075848,0.07143033414351632,0.7956750954966567,0.712599438416811,26.003631742895678,12.82880389092431
3355,Khanh Hoa,VNM,2020,2020-10-23,0.14414332495182522,0.35208873367278054,0.14230638915604044,0.15801704462730634,0.3334048783502376,0.21665966586185512,0.11369852452654379,0.46524905055074967,0.456553343997548,28.56153020544199,19.28880544470012
3360,Lang Son,VNM,2020,2020-10-23,0.04138302399053688,0.3613198827861261,0.027327151092823698,0.05988540077913376,0.3457594862381028,0.19357945128626097,0.07358930604477544,0.7946103959742598,0.7587157731211743,26.533835886215364,12.83576266633004
3370,Phu Yen,VNM,2020,2020-10-23,0.14912773738233429,0.37237809839836516,0.14668400784965663,0.16462310080664522,0.3500344392586822,0.23375536758347054,0.12839654720126498,0.4519973447492414,0.47630319701498713,28.33856874309412,19.63551698793317
3371,Quang Binh,VNM,2020,2020-10-23,0.10906951237965412,0.3166989720227355,0.10429209575118417,0.12307631832100797,0.30657786163335565,0.1951239062856261,0.09525648207040607,0.5066041479294205,0.4348478097315395,21.200287198122858,
3374,Quang Ngai,VNM,2020,2020-10-23,0.15743125572453687,0.3502481970289208,0.1618405551124697,0.17100715403155317,0.32712663101119804,0.2122940201401386,0.1148009387239137,0.4069933787506316,0.362190063745948,27.753131912470025,15.020734588871322
3376,Quang Tri,VNM,2020,2020-10-23,0.244740866035155,0.3882116790925934,0.2522443855450917,0.25671409422808816,0.3735456643257293,0.271669444973377,0.1626942480035528,0.2699446180098169,0.2646299963249271,22.446643287793,15.257463063518141
3383,Thua Thien - Hue,VNM,2020,2020-10-23,0.21186481855308667,0.3357594415409182,0.21949061486877885,0.2228029900118577,0.3232264020187935,0.23804366624197598,0.1444862175423363,0.2571200824585666,0.2260351099772882,24.053779882381992,16.682268208862506
3327,Ba Ria-Vung Tau,VNM,2020,2020-10-23,0.10514773000386256,0.3002373956783581,0.0963911817135361,0.11688285909170952,0.2896186985291888,0.20336338581566266,0.11073927614920492,0.49537017673452527,0.4870842723298374,30.619099311822797,17.759489165604506
3336,Binh Thuan,VNM,2020,2020-10-23,0.09222695650583085,0.3412692275343412,0.07287632752546869,0.10167243975919885,0.3381977669593365,0.22959409249406135,0.11626413844456299,0.6181267818600461,0.5920806739458181,30.005182921712695,21.135791289591538
3342,Dong Nai,VNM,2020,2020-10-23,0.10219970284457493,0.30931548967342676,0.09467893793101888,0.1154382367391284,0.30112694456719635,0.20358120735852614,0.10820676426612583,0.5130070747053996,0.5251131855796494,30.644040272071187,20.461562615866544
3344,Gia Lai,VNM,2020,2020-10-23,0.11751706768158984,0.3592728261963563,0.11348003966461526,0.13229937305283218,0.3453179841097253,0.21957037560276377,0.10947835642182631,0.5330542353770805,0.5325861693205926,28.155451632624672,19.311373213116557
3345,Ha Giang,VNM,2020,2020-10-23,0.038837079571351935,0.3329716797651773,0.022190372606985635,0.05454213709207861,0.33134556982991326,0.19552933498571426,0.07687609912602499,0.7915739421837329,0.7470990919624257,24.923272060139283,11.691243571423355
3347,Ha Noi City,VNM,2020,2020-10-23,0.08180259232533832,0.23620076926767306,0.04945202146939236,0.08154140064090948,0.2301743251406698,0.17572661321511257,0.11053800683597685,0.4773874357671868,0.4396687077733706,30.629537773617667,
3348,Ha Tay,VNM,2020,2020-10-23,0.07763141237197876,0.241651159834397,0.04546445541566858,0.07993373879201342,0.22618360802788473,0.16353035773756078,0.09251663139417686,0.5023435130685088,0.4284979931600112,29.591289573268078,14.540662055336009
3349,Ha Tinh,VNM,2020,2020-10-23,0.09175045098755985,0.26972631089582616,0.08569271440665482,0.10455262339713738,0.2592608175882368,0.16530753515399774,0.07911997727926716,0.4807320009935977,0.37338263765223256,24.700143749362915,13.354310083698715
3353,Hoa Binh,VNM,2020,2020-10-23,0.04393962129756272,0.32690393312846344,0.02997535102027864,0.06020023503275809,0.30911490063784647,0.17944772772265408,0.07293845773742158,0.7550763384811231,0.6804636921560543,25.15957507112145,12.736453788961498
3357,Kon Tum,VNM,2020,2020-10-23,0.09706315019936988,0.34513946919537153,0.09299451903624499,0.11107481455910329,0.3380132219539849,0.20675931171770498,0.09676516411859876,0.5846235814888838,0.5573953885859294,25.25910564596108,17.503494029212852
3366,Nghe An,VNM,2020,2020-10-23,0.06893860254927602,0.3173421192645454,0.06148423263145328,0.0839313391439472,0.3004503947176649,0.17491720507858668,0.07481884815199855,0.6350500071718822,0.5367784308703039,21.76314721125446,11.973790043125726
3367,Ninh Binh,VNM,2020,2020-10-23,0.0679876325636804,0.22452104697674508,0.040753613143517116,0.07121868460006972,0.20951014448542457,0.1448570432864969,0.0793411629252405,0.5143874620667054,0.3871875209561305,27.886872084601293,
3368,Ninh Thuan,VNM,2020,2020-10-23,0.1252302866647329,0.35090280590560236,0.1107229313963435,0.13622283710724542,0.3441206309148077,0.23993534145158577,0.12733329495551463,0.5405334256175909,0.6011295003838226,29.919795476653444,19.49853343603616
3377,Soc Trang,VNM,2020,2020-10-23,0.11778033132514541,0.22549049490501674,0.0961311888908801,0.12128605512272357,0.1928503700466731,0.13671526394991845,0.07626202686251908,0.3302453919918766,0.22027146245026438,31.906423976485137,
3386,Tra Vinh,VNM,2020,2020-10-23,0.12962332414148722,0.2736023869580402,0.11978372709753031,0.1384587776284521,0.23757035242725824,0.16365808590962222,0.09023897512427183,0.36592621669589337,0.2916401393211246,30.442199311653223,
3387,Tuyen Quang,VNM,2020,2020-10-23,0.04085043373500276,0.3578402422829956,0.028485008056541375,0.058538616221407255,0.33212123699137386,0.1862429127150735,0.07129730035400066,0.7946089771578533,0.7425740860116748,26.387872272206682,11.09138197569254
3388,Vinh Long,VNM,2020,2020-10-23,0.1245780192834991,0.27332959137884655,0.11364989277530878,0.1317738884499208,0.2390660207244588,0.16045978863838828,0.08673107382217586,0.381327341783137,0.2985228619122822,31.700259859911682,
3390,Yen Bai,VNM,2020,2020-10-23,0.04213939943289504,0.3412701331690364,0.02917752968272946,0.059061826320047306,0.3305293995986674,0.19194943776349074,0.07432225488690707,0.7736977361357799,0.7265971207716267,24.294703930524904,12.02362711530968
3328,Bac Kan,VNM,2020,2020-10-23,0.03631499757415453,0.38065061856740395,0.025320628952211138,0.05648035440182812,0.35991641147167525,0.1977712517715733,0.07097208471019131,0.8254719376578008,0.8080594909501778,26.594094014001026,13.086308465528171
3329,Bac Giang,VNM,2020,2020-10-23,0.06379878292571636,0.3336818260665589,0.03936760145689486,0.07382808277832267,0.31520593431369703,0.19308571865033033,0.09015002332852283,0.6715493568303461,0.6467646005598905,28.610613629619756,12.737100859349066
3330,Bac Lieu,VNM,2020,2020-10-23,0.08574832656930795,0.14255069069966347,0.06266846660237986,0.09094651499868357,0.11454365998349424,0.08442593754714321,0.04687630327033751,0.2577778463487119,0.1190223012170665,31.619605596028467,26.286325455870195
3331,Bac Ninh,VNM,2020,2020-10-23,0.10445288347003681,0.2627360310348408,0.06062727794411456,0.09933875421614534,0.25654380891042666,0.20006251449952936,0.12375888151113781,0.4269232380413532,0.4239454062112618,30.3257993123635,
3334,Binh Duong,VNM,2020,2020-10-23,0.08250015188062665,0.30377779782669817,0.06696351771284274,0.09216168411171063,0.31021006857373146,0.2207199594664652,0.11653937160563378,0.598997995894078,0.665884439507535,31.628437908629763,
3335,Binh Phuoc,VNM,2020,2020-10-23,0.07708784846842406,0.291699298460812,0.0665686476812184,0.08589603395699963,0.2947498722929242,0.19099049798613946,0.08921879860425422,0.6320161877051018,0.5351870853733687,30.31657155877577,18.291337755616674
3339,Ca Mau,VNM,2020,2020-10-23,0.08032087464920101,0.17149053060722652,0.0645894485287609,0.08749799040441678,0.1429857139637053,0.09484054628317856,0.052156309032964844,0.3733610984765359,0.1858620056701091,29.821102455784363,26.06357411183978
3340,Da Nang City,VNM,2020,2020-10-23,0.19953910141440248,0.32714392556020033,0.21350818839731117,0.21260686004160048,0.30824366093439876,0.22981925089797517,0.13988597434852595,0.27719743092356053,0.23487587783412964,25.218859290518292,16.134739082969453
3346,Ha Nam,VNM,2020,2020-10-23,0.07887957450591464,0.2158028124265773,0.04945672510101826,0.07882571199668116,0.2022609119907546,0.14972992746153427,0.08841106661389068,0.4570259067318768,0.3430485512851834,29.267015842927172,
3350,Hai Duong,VNM,2020,2020-10-23,0.08902724985678559,0.257776540953765,0.052283453531055436,0.08800172404076669,0.2507142838227422,0.18769438474834127,0.11092497916761224,0.4805273128598133,0.44561759644488014,30.24128738719587,16.409057237634467
3354,Hung Yen,VNM,2020,2020-10-23,0.08680358036009951,0.24772725194882733,0.05071876249799776,0.08477235990696348,0.2364959289077029,0.17666472918834583,0.10489942937888103,0.4733282880165019,0.422169473416805,30.286501476159998,
3364,Nam Dinh,VNM,2020,2020-10-23,0.08843524929905165,0.2192864520477854,0.05118664635205404,0.08327048636916302,0.21135571788603572,0.16502648788389737,0.10037741350240431,0.4169823840812952,0.33635168625630457,28.675204773107424,
3369,Phu Tho,VNM,2020,2020-10-23,0.05024754754667134,0.30418129820188516,0.03136281199105842,0.06098649314008853,0.2840257622430937,0.17013153428514707,0.0754936888610755,0.7036690903981806,0.6127538324715772,28.13818842091943,13.096888899703211
3372,Quang Nam,VNM,2020,2020-10-23,0.1689174490052967,0.3307520386527254,0.18036286547829677,0.18169641433351097,0.30939330781676433,0.20905665399708542,0.12117650724871507,0.36617811200535905,0.3019750868492533,26.380306789776494,15.923054098346038
3381,Thai Nguyen,VNM,2020,2020-10-23,0.048110005095405736,0.34076958542348623,0.03264586601426252,0.06255270781286107,0.31278051945845,0.17946682733887226,0.07658814830282297,0.7457787647707982,0.6914650310925753,28.24841412130229,12.130720313376964
3389,Vinh Phuc,VNM,2020,2020-10-23,0.06788471068365082,0.26106827825007795,0.04067581511733825,0.07183958406472858,0.250966277021006,0.17206317983529404,0.09286373831935735,0.5814571348236528,0.5056310356745858,29.951330186643837,11.72835777651667
73933,Can Tho city,VNM,2020,2020-10-23,0.15076273645725982,0.20337260202170002,0.1334789309900211,0.15221647417635975,0.1676689841498553,0.13021035204787346,0.08463052227230403,0.1420699333380159,0.10290416573153206,31.34037429300536,
73934,Dak Lak,VNM,2020,2020-10-23,0.13387744056222284,0.3607231242446656,0.13134086267070824,0.14796456873254207,0.34937544490634304,0.23175270619631333,0.12159019762004926,0.5032685766691255,0.5048328614851937,28.791365775302864,19.186302780760382
73935,Dak Nong,VNM,2020,2020-10-23,0.11552707806521513,0.3412061900397835,0.11494796925536153,0.1290632980892291,0.33322347431707433,0.2180815694651692,0.1117434826098073,0.5407426458313137,0.5146310885888916,27.87133392923677,17.738527726916406
73936,Dien Bien,VNM,2020,2020-10-23,0.04458271861459543,0.3287868241527737,0.03053387350579903,0.05994832230095968,0.3268547872531375,0.19002952170830695,0.07639872997913215,0.7681765453911339,0.6996090340633266,24.640222244504884,14.612627098049991
73937,Hau Giang,VNM,2020,2020-10-23,0.11607570032423593,0.2204080636869872,0.10720930451489488,0.12237216365166309,0.19049181896767117,0.1328304481581151,0.07735457328052871,0.31291760866201546,0.2062990638296089,31.690689586853438,26.099386688910347
73938,Lai Chau,VNM,2020,2020-10-23,0.0341271633418313,0.3234717602486138,0.018856535852984736,0.04925448594595402,0.31781118819088916,0.17811261380447896,0.06707660098978359,0.8103828076506182,0.7085283201416898,24.20717210310432,14.554648141130915
73939,Lao Cai,VNM,2020,2020-10-23,0.04312859288250785,0.34357180249908476,0.028086436521004805,0.059546324560930945,0.33801117677816983,0.20057849686409565,0.07928546901082331,0.7788814066778342,0.7481483644829262,23.91132429736239,11.950742958884769
3326,An Giang,VNM,2020,2020-10-23,0.10634416533928909,0.3169120774217096,0.09239878955237191,0.11858836973929737,0.26561427829484385,0.17402073466744708,0.08963590132329423,0.4670333920857605,0.43730603362351994,29.48852490082313,
3332,Ben Tre,VNM,2020,2020-10-23,0.11889497140428745,0.25712525753779175,0.10294160507218546,0.12280184991313552,0.2260727501608469,0.15099518183547586,0.08269928800322265,0.38052584652165405,0.291451148024805,29.974294163635143,25.799565217391343
3343,Dong Thap,VNM,2020,2020-10-23,0.10253121359220588,0.20370627584361772,0.07531151799920334,0.10465423740390124,0.17619522921500047,0.1307134799177198,0.07504360940003478,0.2898594650189658,0.2289817489098954,31.114571594076796,
3351,Hai Phong City,VNM,2020,2020-10-23,0.10116230218934893,0.2445821371800192,0.07341457249290051,0.10312520131513846,0.2286269052668586,0.16692418471225576,0.09947049014518274,0.44184786833062956,0.36446393120710885,29.67468419554239,18.38933221847458
3352,Ho Chi Minh City,VNM,2020,2020-10-23,0.10590593849901994,0.25326600312991165,0.09488150500675051,0.11531113223515083,0.23680061037610464,0.17278778544547793,0.10496146743442414,0.4225149842419281,0.3740956119927982,31.260445056785244,23.83040826722949
3356,Kien Giang,VNM,2020,2020-10-23,0.08300780448053628,0.17356728357571055,0.05749730085328576,0.08341505665416216,0.13842401968737464,0.09295378349520039,0.04763030475314813,0.32815871081069786,0.1906568210475195,31.351172258430555,25.467579183146
3359,Lam Dong,VNM,2020,2020-10-23,0.1144335776932031,0.32413603163934407,0.11139245070613536,0.12577076029195444,0.31598177412688944,0.20779785033317782,0.10920332850804969,0.5519914706468467,0.4937207949727678,26.255618209835724,16.950767068691633
3362,Long An,VNM,2020,2020-10-23,0.08155082059502033,0.17385571854093368,0.05648612312112355,0.08252106891885909,0.15350127013093942,0.11306202887707435,0.06291727220880906,0.3254155504922255,0.22667790630602222,32.380684381046464,25.08877551020411
3375,Quang Ninh,VNM,2020,2020-10-23,0.07351632106656049,0.28563448735952807,0.06240531518107951,0.08504347854588393,0.2610340284689016,0.15508453971374409,0.07098782900167504,0.6535510205674467,0.49191683442065326,26.922966935596946,15.965212640933586
3378,Son La,VNM,2020,2020-10-23,0.04247457887669441,0.3224378388749983,0.02646179102129703,0.05745215819378061,0.32022758435693516,0.1909836194739167,0.07756602947307395,0.7666241100674115,0.7092328647683235,24.458872830178677,11.861111926239136
3379,Tay Ninh,VNM,2020,2020-10-23,0.07970484574073548,0.310804112725867,0.05892005374002275,0.09036699636234127,0.3062519623609485,0.20882551675840094,0.10672731553717087,0.5750928746756415,0.6501281989820284,31.256694681656686,21.39840257540696
3380,Thai Binh,VNM,2020,2020-10-23,0.08855927963002884,0.21957507565138684,0.05180099718021332,0.08287597520556526,0.2166372629082007,0.16976952063624517,0.10307014571242415,0.4197142691363692,0.34135829151599745,29.626012120844575,
3382,Thanh Hoa,VNM,2020,2020-10-23,0.05160708278163597,0.2916409067895415,0.03707558915751875,0.06323298536258777,0.2742285738317661,0.1634472532331703,0.07099538179467148,0.6898889143341385,0.5672946195272252,24.805006696461902,11.043823923110839
3384,Tien Giang,VNM,2020,2020-10-23,0.09635423877442871,0.24573424813460115,0.07545472813286325,0.1002272659615445,0.2185449174431284,0.15020693915164998,0.0823241690899821,0.43984805074197253,0.34911681793918925,31.974171583766967,
3333,Binh Dinh,VNM,2020,2020-10-31,0.2050194240196715,0.35908528019440045,0.21112537641306775,0.21540474612827554,0.3360125033427686,0.2426743957096618,0.14443632221106864,0.3466905982274252,0.3058431059263006,23.679360583197877,9.258159039813433
3338,Cao Bang,VNM,2020,2020-10-31,0.1216490282365158,0.3031231416093706,0.1230743010526119,0.13227889191906053,0.3000006987527835,0.21144982069496698,0.12174265943183246,0.5041861124318858,0.43165375806641243,20.79218921650046,10.914452132805257
3355,Khanh Hoa,VNM,2020,2020-10-31,0.11855129986544408,0.33162674908312634,0.11729144053571795,0.13227492024557758,0.31199979183450716,0.2049754124024754,0.10765138380248782,0.5096442366017626,0.4712866718705947,25.790794365462094,18.31959540234672
3360,Lang Son,VNM,2020,2020-10-31,0.16479490028706298,0.3715409534172593,0.17165793706231394,0.18075776342340297,0.3572937646838173,0.25253504845443714,0.14717336829025557,0.4498776719681725,0.4442754381544833,21.523730458099138,15.440695080435438
3370,Phu Yen,VNM,2020,2020-10-31,0.13613472361849688,0.3366006406572397,0.13222461059225146,0.1475243985091077,0.3148579030121311,0.21403659473094375,0.11798364959321007,0.4811525202354275,0.45864259892361636,25.610037664402764,17.16521393010768
3371,Quang Binh,VNM,2020,2020-10-31,0.2999154961210562,0.3991934007592296,0.31107766422386063,0.3107345291525818,0.37204435300884725,0.26911595397260035,0.1602971561094822,0.2315325854288393,0.18448023370319003,25.012962036873056,15.99441653202436
3374,Quang Ngai,VNM,2020,2020-10-31,0.2491588004695451,0.37744014256884184,0.2556992101554871,0.25833698860956394,0.354255483955586,0.25351281088779104,0.14792654272500186,0.27886843091315155,0.2295741556257877,23.08485255571556,10.456365442048096
3376,Quang Tri,VNM,2020,2020-10-31,0.4843301466720054,0.545412156579599,0.49719081910478696,0.49259227464953054,0.5010543480780763,0.3951510285150769,0.2443490644143798,0.09061480258139842,0.08929822420584337,,13.188165644888826
3383,Thua Thien - Hue,VNM,2020,2020-10-31,0.2908886169936684,0.38568685129105423,0.3025853261027011,0.3011095748551849,0.35804455496951265,0.27146977169636677,0.16590096793328052,0.20496552482690863,0.17132423263257246,26.131533606417783,11.1371771731876
3327,Ba Ria-Vung Tau,VNM,2020,2020-10-31,0.13882973408866822,0.3103868518970789,0.14162107941824129,0.153712539955299,0.2963837662047012,0.2133964029771024,0.11870651073112927,0.3810569527060934,0.36432440428425644,27.23372252536855,24.423808762817973
3336,Binh Thuan,VNM,2020,2020-10-31,0.11367596712117205,0.33676162075776483,0.1047558269914948,0.12502839252630552,0.32910834733614963,0.22285045890044033,0.11460793183130313,0.5219275567015227,0.52247901150654,29.286516337271294,19.53551492859532
3342,Dong Nai,VNM,2020,2020-10-31,0.10545087777378424,0.3078164860802249,0.1011096939237373,0.11994781707616436,0.2956351548486239,0.19943911895789435,0.10205956074499516,0.5007145755074954,0.45785937077295014,29.325605592036965,21.942662791517876
3344,Gia Lai,VNM,2020,2020-10-31,0.17655883068719375,0.3643680589427426,0.17903520867010034,0.18791305522582852,0.3490591734789818,0.24610914267974843,0.14208184238735586,0.4247438587174102,0.3981886976766447,25.76832117816237,14.021413561700864
3345,Ha Giang,VNM,2020,2020-10-31,0.21677746414632074,0.3762919858365411,0.2181956498910057,0.22589579622188968,0.36787731881513436,0.2825345612396629,0.17512540510230257,0.4479470818561072,0.3866609201719596,21.80600581586316,10.762463442516346
3347,Ha Noi City,VNM,2020,2020-10-31,0.1654649727177763,0.2751494832874957,0.1658300199439758,0.17267208988790464,0.2674955774696702,0.22492662790139875,0.1474327967290705,0.2736784470307331,0.2588524581111515,27.869393148552824,18.680097742130194
3348,Ha Tay,VNM,2020,2020-10-31,0.26171089378609946,0.347448612846377,0.269682949740715,0.27107324059159,0.3300835669852785,0.28373459274167345,0.18998313223005467,0.17371256795164655,0.18651433844771684,29.11063228694645,18.58877678921965
3349,Ha Tinh,VNM,2020,2020-10-31,0.36387810169342155,0.42859335630826784,0.3755223833644319,0.37293191009456367,0.4086911783875459,0.3341543494194909,0.21926178832144033,0.11142193866883163,0.10267825414078212,22.01996104618813,17.066546831370324
3353,Hoa Binh,VNM,2020,2020-10-31,0.2602400517107356,0.396878697693893,0.27299638885328037,0.2721342979457243,0.3808271254382227,0.3026979301985468,0.19082053944438354,0.28908668860399167,0.2766359181516668,23.49042444105116,17.345989182655664
3357,Kon Tum,VNM,2020,2020-10-31,0.16015862848769447,0.3559143510890716,0.16160616051529156,0.17092304037402214,0.3449353263469034,0.2343111017582717,0.1298837025628191,0.4634782815002002,0.43006144652295697,24.810623650920327,13.758364194359544
3366,Nghe An,VNM,2020,2020-10-31,0.395661342857304,0.4990401679768618,0.4045834230453753,0.40383702533195576,0.4820841378197724,0.40724600368649544,0.2769080694905405,0.15306867558505335,0.18353450295672116,21.401234446261565,15.80401293096599
3367,Ninh Binh,VNM,2020,2020-10-31,0.07618159156376546,0.2021927473060602,0.05683993140923513,0.07933004178741843,0.19145012467688546,0.14356293444569382,0.0815003429538245,0.4659830462542316,0.31210598782595733,26.3791470085937,17.030364483554294
3368,Ninh Thuan,VNM,2020,2020-10-31,0.09908389918770504,0.3247557822646236,0.09042659309050512,0.11238570953840606,0.31451130005982275,0.20759065638148974,0.10269095396708347,0.5415854815149892,0.5109803710747156,28.650782522581686,19.630437576047374
3377,Soc Trang,VNM,2020,2020-10-31,0.13950138460714115,0.24697960528931043,0.12170192616696084,0.1440640866046327,0.21120274167538894,0.151848187935085,0.08709516461978241,0.3008819638138244,0.2061969062998739,25.094402750975526,20.055761534028882
3386,Tra Vinh,VNM,2020,2020-10-31,0.15989313720166137,0.3094943961667038,0.1589898923190005,0.17301292710762173,0.26868870394972955,0.1912578910550327,0.10659057146656585,0.3250899494910753,0.2809259822515564,23.50141582209257,23.873293807641513
3387,Tuyen Quang,VNM,2020,2020-10-31,0.14289093379960535,0.3400727161748792,0.14982321882515823,0.15604950115353938,0.32014338411092924,0.23032122508713057,0.14408576778772422,0.4725975739592475,0.4624832026664041,22.10896781012601,17.692131185564094
3388,Vinh Long,VNM,2020,2020-10-31,0.15413718145605923,0.2880569446893827,0.15091538732370022,0.16225549532033434,0.24997505213749535,0.17538658244753397,0.09818036605135123,0.3170222864515133,0.24874458290538587,26.734477413469566,25.6825874125874
3390,Yen Bai,VNM,2020,2020-10-31,0.34048673213155306,0.4633120198018152,0.3500045173244178,0.34964858679103317,0.44879987416974904,0.365541494788123,0.24444563718733844,0.1956849602911988,0.23159163434228794,22.287167317729168,13.513326491243197
3328,Bac Kan,VNM,2020,2020-10-31,0.14437091950593176,0.352263495378825,0.15137089378992682,0.15836320503863083,0.3345650570737469,0.23230203043178096,0.13506872107529655,0.4884407277880292,0.45486343402687524,20.49155767310358,13.620620546901952
3329,Bac Giang,VNM,2020,2020-10-31,0.2371001200852849,0.3855587535870975,0.24832824538943915,0.24969883093648965,0.3683175612300753,0.29050881092227615,0.18897235846799534,0.27220923613370984,0.2904553862748574,26.554016975154074,17.19416882575018
3330,Bac Lieu,VNM,2020,2020-10-31,0.07405324932039353,0.1451272257315944,0.04577900775890868,0.07762094772276161,0.11413311720004839,0.08121750147161927,0.04464561745800234,0.3056773789553712,0.15350596633437955,31.46660615380479,14.647759740259755
3331,Bac Ninh,VNM,2020,2020-10-31,0.2582948078039487,0.33686404362171235,0.2629366792097111,0.26512255040152977,0.3330072052486902,0.29882047517223814,0.2107302685518748,0.14093140511379637,0.16095683663645335,28.7214872646561,18.006568160874863
3334,Binh Duong,VNM,2020,2020-10-31,0.087170337724189,0.3243446361942786,0.07120887382342264,0.09995692149570364,0.3268800495696369,0.227909264753725,0.11151710712994548,0.5898404230800735,0.6222350910933309,28.737869249878454,
3335,Binh Phuoc,VNM,2020,2020-10-31,0.04986339833855279,0.28752622344846207,0.03211045749666407,0.05815646489397659,0.28919303878185865,0.1808737445606039,0.07624443728910564,0.7090054506501645,0.6021575952751501,28.188149769662342,10.24598784194533
3339,Ca Mau,VNM,2020,2020-10-31,0.08643176111823687,0.17493613419658235,0.07246347024409971,0.0939201477619162,0.1454816405074797,0.09751300122296626,0.05412917217277001,0.36008581282917446,0.1770742872817333,30.20605771404691,25.257740554000595
3340,Da Nang City,VNM,2020,2020-10-31,0.23061336873292151,0.35582024174447796,0.23727265643072595,0.24169385388667916,0.3358540941018649,0.24987790577811392,0.1513503407516963,0.26758147327369347,0.23239520104032255,24.792041748066126,
3346,Ha Nam,VNM,2020,2020-10-31,0.10039157901866688,0.21661760311913303,0.0871434825448362,0.10396979800566798,0.20798994198192883,0.16631837136646158,0.09988636892805226,0.40110608598522873,0.28591320277640836,28.033900929872033,18.412071997331974
3350,Hai Duong,VNM,2020,2020-10-31,0.1652940405420421,0.2959890589888944,0.15093201009146517,0.17028323172016133,0.29403386369518075,0.24638664702795962,0.15809262043800865,0.3489185778068993,0.33477844521177963,28.782780884658465,16.872400349578786
3354,Hung Yen,VNM,2020,2020-10-31,0.14880118241500315,0.2740146910126435,0.13708292086869614,0.15222081337338603,0.26778327678219593,0.2215017716080864,0.1393414883905575,0.3540056429066391,0.3095357403851901,28.44822064609644,18.433534959251805
3364,Nam Dinh,VNM,2020,2020-10-31,0.08671689176974648,0.19391437615274046,0.05740845527811653,0.08262351666503244,0.19271426183873672,0.16189402696038258,0.09745743117824343,0.40360433049017536,0.2861695299721132,28.633570019631776,15.28102244333427
3369,Phu Tho,VNM,2020,2020-10-31,0.1836510772287807,0.34189732746905743,0.19456625894302473,0.19702205202143297,0.3224020151672789,0.24227525854133922,0.1463495193031427,0.3533338396469857,0.32448281813121765,23.329336588451607,17.5092647953393
3372,Quang Nam,VNM,2020,2020-10-31,0.23986247628112053,0.3825634202818625,0.2509880223564198,0.25140822578528105,0.3613493220250262,0.2660958975919171,0.15967116871804454,0.30464051470903303,0.267626812110677,24.574288597812874,13.27708307166403
3381,Thai Nguyen,VNM,2020,2020-10-31,0.16797394888270437,0.37353319972162,0.17555154107054072,0.18347699389606817,0.3500087025614249,0.25271491182425254,0.15468609906920538,0.42152296082340257,0.4469736004403934,23.87437205564261,18.224239502341742
3389,Vinh Phuc,VNM,2020,2020-10-31,0.24849034116993787,0.36103100452702047,0.25849751003973737,0.26040089730256044,0.34488334375125496,0.284682389803301,0.188225633358076,0.21333612810766434,0.21672484894103586,27.257062015503887,18.0672910356553
73933,Can Tho city,VNM,2020,2020-10-31,0.14497039083981245,0.1895868590238091,0.12270134897041547,0.14508753492101106,0.1475818784060042,0.11505190433158304,0.07321772141436282,0.11650910023145838,0.08671855904102081,22.360555424695,
73934,Dak Lak,VNM,2020,2020-10-31,0.13286047335146733,0.3416457557534567,0.13269819118704368,0.14566501470111504,0.32858731900663857,0.2204472517598338,0.11726592789745358,0.4904656633077387,0.45067662107332784,25.723724443520634,15.428563421281101
73935,Dak Nong,VNM,2020,2020-10-31,0.09066454196949407,0.3257296588479135,0.08551276019723783,0.10350139326662484,0.31607243787961325,0.2004683574020338,0.09761524508608155,0.5913655066904457,0.5413220264073103,26.44655975010021,14.798708462160606
73936,Dien Bien,VNM,2020,2020-10-31,0.27716882185838704,0.4295888990182531,0.2835776125830636,0.2867170708145573,0.42400525660738575,0.332515609545441,0.21809012656698185,0.302483449985854,0.33084979329947717,24.74360239924946,16.02146558520847
73937,Hau Giang,VNM,2020,2020-10-31,0.13635680508209322,0.23664723750226324,0.12809334675462275,0.142651295652249,0.20240194926522806,0.14289401217106107,0.08462168832548805,0.2813871922791513,0.1894543606615752,25.219702468389034,23.93834720150577
73938,Lai Chau,VNM,2020,2020-10-31,0.21426855579452833,0.3780874456525165,0.21749790792242016,0.22387725235804043,0.3697571982542678,0.27394113194125075,0.16826872650808933,0.41254158890605425,0.3704885100328133,23.982381997882744,15.425588563914397
73939,Lao Cai,VNM,2020,2020-10-31,0.42011994287924637,0.5085954847682702,0.436069218986024,0.4293958769331925,0.4880287224421761,0.4022061241494235,0.26379662610635235,0.1313336310206975,0.1493780500053888,24.55265523265046,12.022663744597267
3326,An Giang,VNM,2020,2020-10-31,0.1232219600548472,0.2920562073129929,0.11693996180307206,0.135164313932996,0.2456674800241645,0.1623792098109228,0.08540136076728345,0.3815198915943554,0.3277104395105787,25.677962922893883,
3332,Ben Tre,VNM,2020,2020-10-31,0.15514634634596725,0.2829372958731372,0.15466114636494896,0.1637718799513379,0.24625361850517904,0.1706379846142931,0.09463007263676451,0.3087096132253753,0.23396763383948682,27.68193747601335,17.17336000000006
3343,Dong Thap,VNM,2020,2020-10-31,0.12506578955423273,0.21897277112169525,0.11175134768001897,0.13226290994815249,0.18410542198040106,0.13544738997526926,0.07595136349440008,0.2562717456651464,0.19168070869996076,25.485501463796258,
3351,Hai Phong City,VNM,2020,2020-10-31,0.09220308917962194,0.22216745549469785,0.06958367284931868,0.09447971784357036,0.21415828715459856,0.16811456907225428,0.10036874655420087,0.42251159452663983,0.33633127266542884,28.91962203438022,17.837272824590343
3352,Ho Chi Minh City,VNM,2020,2020-10-31,0.14996335681810724,0.2894504059781399,0.14657650437335001,0.16239989099738528,0.26731912242058053,0.19844434436348551,0.11794649700856975,0.3294852943581661,0.28713985917838863,27.412614626473147,
3356,Kien Giang,VNM,2020,2020-10-31,0.11932038957504527,0.18970678822908615,0.10638333965987354,0.12134378472581583,0.15729175056984762,0.11342876295435504,0.06610386340858067,0.23335542507066137,0.13951824780086786,25.421914718399787,26.33052302589616
3359,Lam Dong,VNM,2020,2020-10-31,0.09321147820008742,0.31044782759843254,0.09051184280585234,0.1054208541368887,0.2996750250570668,0.1885800870083941,0.09320968906582272,0.570383757620673,0.48733640948966783,24.796192265875003,16.044446600828632
3362,Long An,VNM,2020,2020-10-31,0.11408902073165442,0.20692164822279646,0.10150090846167821,0.12038155685687221,0.17890158053039007,0.13340181296636236,0.0754183603243111,0.27763994530812386,0.19187143432732812,27.302390054045716,
3375,Quang Ninh,VNM,2020,2020-10-31,0.07332700770487223,0.2746929575404975,0.06977224039484223,0.08594449438357964,0.25207715339632436,0.15830787925721115,0.07966840881745993,0.6297352334224995,0.4640353582615602,25.552242268289714,16.671571615537093
3378,Son La,VNM,2020,2020-10-31,0.2645068763337404,0.41477911400519984,0.272286462848734,0.27482576963226285,0.4093320149681514,0.32718463420816407,0.21476561488128285,0.28871052273690195,0.32260624728983767,24.27130518249438,14.121908543300346
3379,Tay Ninh,VNM,2020,2020-10-31,0.08560585519390002,0.29784824441741076,0.07318680167344162,0.0977513859775098,0.2912077759487285,0.19635909807435542,0.0956989263151652,0.5476036119047222,0.5296110423656927,27.011277654302585,
3380,Thai Binh,VNM,2020,2020-10-31,0.08188581773817005,0.19981249496048076,0.04943606180325706,0.07736521137853132,0.20190613174709693,0.1719759702246457,0.10304870437477154,0.42274058217354643,0.33012149545997055,29.038713772859534,14.336170281541506
3382,Thanh Hoa,VNM,2020,2020-10-31,0.2380186670163845,0.3793763701519787,0.24371655075700072,0.2484021577831091,0.3630575856624194,0.2902472694718855,0.18755309794183042,0.3290573253419206,0.305567225515036,25.253295857087597,16.53862220982111
3384,Tien Giang,VNM,2020,2020-10-31,0.15034695697939865,0.2720129336014885,0.146965358802541,0.15850526364884196,0.2406167181985376,0.17587413790330658,0.10131432443929456,0.3108188773321097,0.23616294045408856,28.59649954212445,
3333,Binh Dinh,VNM,2020,2020-11-08,0.19064848777525872,0.35516768672441174,0.19224968713263701,0.2009895373080829,0.3437908802777323,0.24555651902254422,0.14737033375434624,0.3392200895208762,0.3304823703388182,26.049127576436895,18.373747956479416
3338,Cao Bang,VNM,2020,2020-11-08,0.031525871005061074,0.2820992613598998,0.018897177207324117,0.043744148495703294,0.29127124708260316,0.17139784744040695,0.06823852231716844,0.7995924200851922,0.6538764595858095,24.92163049473958,12.387936056819248
3355,Khanh Hoa,VNM,2020,2020-11-08,0.08086592881756469,0.3065973263540955,0.0698664503697067,0.09182186016198374,0.29181742892032725,0.18541610204825532,0.09591443985490973,0.6285851785342947,0.6658583634029084,28.244857883483533,17.67004421927684
3360,Lang Son,VNM,2020,2020-11-08,0.03501271125124478,0.29365219529656283,0.02298125317605571,0.047190686693803746,0.29295160026461275,0.16843588946758548,0.0676660026896402,0.7882484283405048,0.6503911489226747,25.502334225094646,13.245180686329261
3370,Phu Yen,VNM,2020,2020-11-08,0.1851096128724426,0.3542253529491874,0.1876853610075559,0.19685582944212704,0.33630395528754686,0.23476531109766072,0.14199422530693193,0.34243775964149287,0.32559993284366623,24.045530996402658,20.081467927901482
3371,Quang Binh,VNM,2020,2020-11-08,0.19037639591387842,0.33825131820443577,0.18776515392438506,0.19883391457650093,0.33731776242499734,0.2531269803317921,0.1537977779016084,0.3926350961570077,0.34465848889869566,23.22320877170404,15.70008070105219
3374,Quang Ngai,VNM,2020,2020-11-08,0.30575913604111815,0.4225879648177754,0.3057189808561633,0.3107262578819123,0.4154787672338924,0.3238741666152123,0.2018478697507345,0.2285541579702847,0.23629126266074693,25.3837789982688,17.704401872389607
3376,Quang Tri,VNM,2020,2020-11-08,0.5731201565970285,0.6182885538254709,0.5758617854462996,0.5748999986526235,0.5779266399027126,0.46392404822107564,0.31247646677454893,0.06311609200443234,0.06997562084470421,26.28694420344868,15.159302044434176
3383,Thua Thien - Hue,VNM,2020,2020-11-08,0.6163656152745661,0.6468591098013602,0.6212157526569817,0.6180081708690901,0.5899670867756017,0.4353678401445119,0.27929731112264566,0.041401599809120455,0.0431004884235507,14.965641853594908,12.066432312357724
3327,Ba Ria-Vung Tau,VNM,2020,2020-11-08,0.11016974621270012,0.28683243475062437,0.10415544637548893,0.12129019203842341,0.2801212358338086,0.19847905111456438,0.11104624344781784,0.42950440544876656,0.4289416373194935,28.09426364917147,22.194499655442364
3336,Binh Thuan,VNM,2020,2020-11-08,0.07682364796934929,0.31258542984026033,0.05694591039697281,0.08411925685991713,0.3137626888514779,0.20980394876443068,0.10581566435941629,0.6455209118898099,0.6564514428603171,29.358489629686773,20.760509608019515
3342,Dong Nai,VNM,2020,2020-11-08,0.09020080786489901,0.3034337719967582,0.08087237735228395,0.1035333484641417,0.29722227233862386,0.19544259216913284,0.09685585212048366,0.555583780249544,0.5099810017262396,30.09140474653199,21.08179833250382
3344,Gia Lai,VNM,2020,2020-11-08,0.11929490437399022,0.34365742323645876,0.10848243676417438,0.1293901685669796,0.33719560876200555,0.22703005997146106,0.12037784215842372,0.5563675213528056,0.5378897756287973,26.988203194113574,19.881416805410264
3345,Ha Giang,VNM,2020,2020-11-08,0.03353497344493768,0.2959352587680102,0.019163142339019893,0.04601718520541491,0.305584944993288,0.18507465827631836,0.07591500479457723,0.7968495258111944,0.7096550850194906,24.59752236626834,12.747281194658024
3347,Ha Noi City,VNM,2020,2020-11-08,0.08527821681070645,0.24077249581685603,0.05042930756118537,0.08291302242791752,0.25002562796112165,0.1981500969784431,0.12780864160664052,0.46539657111139704,0.5143076541685354,29.891442800341846,17.107270563493262
3348,Ha Tay,VNM,2020,2020-11-08,0.07766178962227267,0.2357899418858121,0.04598638715156496,0.07785163773169815,0.23669656925806104,0.17841723023749176,0.10444383901912666,0.49472051308555975,0.46245035711702437,29.044806533946442,17.081258332017992
3349,Ha Tinh,VNM,2020,2020-11-08,0.06631907348253668,0.25061410599674183,0.05049627936034893,0.07389127031713308,0.2567166030543773,0.17323244773212518,0.08512355060001947,0.6114902414317849,0.4844036787752369,24.58228011336991,16.119428892828033
3353,Hoa Binh,VNM,2020,2020-11-08,0.037644397690089065,0.2921568420582235,0.025065072967763367,0.05064484574394853,0.28966916401958565,0.1738681743378184,0.0726587442731466,0.7655803794749971,0.658699700058612,24.979193001272574,14.171626082220005
3357,Kon Tum,VNM,2020,2020-11-08,0.12661659032290237,0.3508448699254845,0.11602999634689429,0.13582014878203413,0.34972423543866155,0.2331316906300803,0.12366517512556063,0.5881859538597511,0.550960599948901,25.140636682910795,17.917505320422357
3366,Nghe An,VNM,2020,2020-11-08,0.03792441208736071,0.3014795189609215,0.022977438474348424,0.05012799971859911,0.29864413430558717,0.17611587271054766,0.07221149237914605,0.7708747541923434,0.671595020802027,24.15020630442328,13.662356644445488
3367,Ninh Binh,VNM,2020,2020-11-08,0.07313055675569975,0.22887864030634736,0.04338088180255035,0.07373194409261352,0.23365016156592136,0.17209486126966814,0.09882001556193283,0.488371566244111,0.43608492881151734,28.12056192851322,16.788890515260324
3368,Ninh Thuan,VNM,2020,2020-11-08,0.07105334060815903,0.3185770702422145,0.05338199535281229,0.08222254708202538,0.31422336639105414,0.20348430428587133,0.09738573563663142,0.6476491292170874,0.6432672746669961,29.161503460296657,20.032396034888688
3377,Soc Trang,VNM,2020,2020-11-08,0.07177926013134571,0.2322653288794843,0.038994618191685634,0.07619835046064295,0.1935494689257016,0.12480794641092739,0.05682759365384091,0.4763890384424571,0.357806482880054,27.02653854706902,23.986332431151233
3386,Tra Vinh,VNM,2020,2020-11-08,0.08488530171247108,0.2946563808785097,0.05953659704438462,0.09510956963945649,0.26106904595652175,0.16915572140026736,0.08217857497454706,0.5290835436508886,0.48257650435977106,28.16885783847212,22.15618320262247
3387,Tuyen Quang,VNM,2020,2020-11-08,0.03354131539000378,0.3117040611345426,0.023432654519201505,0.04738922782710798,0.3008703370811435,0.17209472982210844,0.06797638942756869,0.8039905533179225,0.6939924943111825,25.559448346734513,14.707153610941742
3388,Vinh Long,VNM,2020,2020-11-08,0.09907317550143326,0.25936148697456785,0.072566207810677,0.10118740001619206,0.23330927310006516,0.1584136998449219,0.08331577706050577,0.4303172805389162,0.35566597089027135,27.190052659139738,23.169710874845414
3390,Yen Bai,VNM,2020,2020-11-08,0.03418932361109133,0.28985777092579257,0.023298170646028522,0.046848504680348166,0.29100227673287465,0.17265154267045443,0.06947653945201063,0.7798963297699111,0.6616241108940999,23.784485885277125,13.936473892722718
3328,Bac Kan,VNM,2020,2020-11-08,0.028677616362137975,0.311451208085926,0.020313566371709477,0.04327231271924781,0.30313045764648316,0.16804302588441228,0.06232417763093791,0.8314564466670498,0.6960713590758386,24.74713725346767,13.223260687321233
3329,Bac Giang,VNM,2020,2020-11-08,0.05992658039353913,0.29637063768904087,0.03631107716150623,0.06509560784277091,0.29632831618023736,0.1909476642186705,0.0959495990505204,0.6588014570323569,0.6339912010304716,28.409650256566973,14.816573691047605
3330,Bac Lieu,VNM,2020,2020-11-08,0.06934781882371054,0.17068575553964832,0.03987504004431117,0.07436897272106086,0.13459954646027472,0.09105898501166902,0.044107476675944925,0.3776347379732394,0.219516465109159,27.716888791739773,24.573465310376545
3331,Bac Ninh,VNM,2020,2020-11-08,0.10217472842286364,0.23660086490172585,0.059029941957316555,0.09346054033515251,0.25141598107066504,0.21277409607072503,0.14096514341300795,0.3940166573329544,0.45315218134797913,30.112675401111854,16.415617849824436
3334,Binh Duong,VNM,2020,2020-11-08,0.0693197496257976,0.30288941713813644,0.05039555256910976,0.07987708277086186,0.31158752251512345,0.21448745358168358,0.10258538990676772,0.6400639003780959,0.6336231748381106,30.87509315773726,21.230978750049374
3335,Binh Phuoc,VNM,2020,2020-11-08,0.03719072190877937,0.27217770222436755,0.019375912452504317,0.046018708076933396,0.282161209567926,0.17600611487352066,0.0707346241104772,0.7547285284986487,0.6235295209153359,29.60260180807455,21.101847334548395
3339,Ca Mau,VNM,2020,2020-11-08,0.0650099433411669,0.1743100994673148,0.045766384816215075,0.07230893954000475,0.1418747423061626,0.08714507707110278,0.04089266572219759,0.45049610991077604,0.2224253545816297,27.71131395306378,24.54910236133438
3340,Da Nang City,VNM,2020,2020-11-08,0.35772784988147854,0.4399693478338716,0.3634404205749943,0.3637800499827227,0.4207559220912205,0.31039057761792144,0.19824409291133877,0.16258311853330312,0.1620346410974871,25.671974810889743,15.096362017006324
3346,Ha Nam,VNM,2020,2020-11-08,0.08689011502014013,0.22931720634833322,0.05484329426656129,0.08454696373500054,0.23739081595719239,0.18681848111608046,0.11435874483266618,0.44409390210597793,0.4156662039230701,29.011172257159075,16.92644475934275
3350,Hai Duong,VNM,2020,2020-11-08,0.08781896351829074,0.25023181208119927,0.05010821641389698,0.08441921099008971,0.26293377341694446,0.20759056696374453,0.12805263237662112,0.4767841481859325,0.5151724964605221,30.348086987732522,16.615359639690478
3354,Hung Yen,VNM,2020,2020-11-08,0.08781012643674758,0.24804149939616538,0.05037485562509365,0.08325636797250163,0.2569398865832795,0.20308659860877315,0.12676202406887166,0.47267665887719146,0.5015244576412913,29.46516604219662,16.45268063199696
3364,Nam Dinh,VNM,2020,2020-11-08,0.09672110632324776,0.2137006091429934,0.05648738186076017,0.08621581627287911,0.23388068944045773,0.20245284987469775,0.13478427251985858,0.37159469798224076,0.39846406191022415,29.486853154534895,17.208975321898215
3369,Phu Tho,VNM,2020,2020-11-08,0.0462039120934997,0.28390505441275793,0.02879200348212836,0.05530857897409004,0.27663111831851084,0.17106216746793476,0.07727178032432791,0.7069801681232488,0.6106497159013361,27.051949281662885,13.689430574744252
3372,Quang Nam,VNM,2020,2020-11-08,0.30307804067335287,0.425672673021859,0.3076741509812188,0.31032729092970085,0.411093928064559,0.30139521351426213,0.19369905973361076,0.22618207761914222,0.2329150933846649,24.619669675421946,17.607201054571934
3381,Thai Nguyen,VNM,2020,2020-11-08,0.0461796474463367,0.3000609046185891,0.031241409401036178,0.05595333810861327,0.28989686659589664,0.17540189650018495,0.08006956509757754,0.7311133444860903,0.6499871396950822,27.083899293260245,14.663558825414848
3389,Vinh Phuc,VNM,2020,2020-11-08,0.06520728729819268,0.2604005594720645,0.039048054856453344,0.06885013519147805,0.25984165056773756,0.18211285745054873,0.09930006720664797,0.5909257937833994,0.5536921886747046,28.987617771372722,16.75184301717084
73933,Can Tho city,VNM,2020,2020-11-08,0.10724929841140375,0.19257397558146694,0.07291378718708884,0.10581865966685255,0.14709382435351348,0.1031886922046935,0.056747306054077504,0.24973712167589193,0.1799087762160968,28.964020130609363,23.568766234920435
73934,Dak Lak,VNM,2020,2020-11-08,0.0912162501363372,0.30658985750206674,0.08111443861487595,0.10114487942488054,0.2982549536334915,0.19355430328607764,0.0990043492551513,0.5880327459921262,0.5115345472961562,26.666163581985913,19.290032926483
73935,Dak Nong,VNM,2020,2020-11-08,0.05405730112647835,0.2910132293079154,0.041719328479302174,0.06433222390958236,0.2889126568750913,0.17928772154300285,0.08241786097237633,0.7164487150773867,0.6055313111847704,26.114271383885082,19.119883627790944
73936,Dien Bien,VNM,2020,2020-11-08,0.0370942693461591,0.3207399218848824,0.02217082967820738,0.05079814203415886,0.329153959664416,0.19419537088266448,0.07781293538271493,0.7944353284958934,0.7424949235974179,24.2757595784073,13.195171665117979
73937,Hau Giang,VNM,2020,2020-11-08,0.07161640324753094,0.21283916008765047,0.045030424321444676,0.07558563602266516,0.17862375447655476,0.11171852264340087,0.05198820578800301,0.44249112123802664,0.31014778219994404,29.35535750417684,24.50382918647736
73938,Lai Chau,VNM,2020,2020-11-08,0.029212650548122544,0.30830921217941276,0.015171144249873517,0.04298661439974517,0.3112378273333491,0.1763036281610873,0.06650561017619565,0.8263546946401351,0.7112644572023433,23.352654189626623,13.77956085775679
73939,Lao Cai,VNM,2020,2020-11-08,0.03426988412890509,0.2957398489863935,0.021568024834986124,0.04700821188383705,0.30167314049352467,0.182337039810231,0.07393234746307921,0.7917783684470385,0.6929145407698432,23.44243524567169,13.05876794889586
3326,An Giang,VNM,2020,2020-11-08,0.08456727668026236,0.27867598936614063,0.05251512133269305,0.09003000716022605,0.2466885177517105,0.1598451082834786,0.07804785353480444,0.47429319165265943,0.429308293587249,27.977580973353213,21.888916267406454
3332,Ben Tre,VNM,2020,2020-11-08,0.09831644231451683,0.26545899665770817,0.07708027120468998,0.10382890243610522,0.2383316388394413,0.1550703268927367,0.07975522187241359,0.4458696120575805,0.36518001081950596,27.991707766287153,22.02521283882388
3343,Dong Thap,VNM,2020,2020-11-08,0.08475375583049007,0.22616163836421443,0.054064601746837145,0.0902305869402684,0.19401639829454193,0.13327299668918288,0.06682431653815793,0.39633141186402215,0.3253465812293626,28.493951217591306,23.70061888309734
3351,Hai Phong City,VNM,2020,2020-11-08,0.08246946951801104,0.2226135444207907,0.05137654536113319,0.08108308563824566,0.22798114204002054,0.1764236056839082,0.10959401896514019,0.4516612728461715,0.4142050392471025,30.51905252265555,17.197646539228153
3352,Ho Chi Minh City,VNM,2020,2020-11-08,0.11410187785060123,0.24917479549365965,0.10515572331157919,0.12354202231398628,0.23568761257301607,0.17581684314364968,0.10848704415063444,0.38849420541056845,0.33483509507254067,28.90287271332669,22.58055999373812
3356,Kien Giang,VNM,2020,2020-11-08,0.07587166055135171,0.17546369079506838,0.04613409509462535,0.07456880465441496,0.13909620018844868,0.09193394157399824,0.04518350442954151,0.3544645735161747,0.2174121958846491,28.51824243556986,23.851483268604127
3359,Lam Dong,VNM,2020,2020-11-08,0.0547143243853342,0.28264677800034593,0.04345188784360633,0.06508951909098533,0.2803355790542576,0.16869619729482416,0.07562828135290135,0.7038392861717767,0.5613786484764635,25.33140721721574,17.307129905994874
3362,Long An,VNM,2020,2020-11-08,0.07523362260029719,0.19699808128564106,0.05037194961741221,0.07915838142685361,0.17182225618820338,0.12150102242310848,0.063714025447964,0.4042750711639482,0.2929149013302919,30.136025533612862,24.135727435212008
3375,Quang Ninh,VNM,2020,2020-11-08,0.04589579903518756,0.2802985643138649,0.03125163766984512,0.056077395251703244,0.27111035471531963,0.15946083023591628,0.07129157284973345,0.6952040685139403,0.579812673551651,27.04925977383549,15.303801521152513
3378,Son La,VNM,2020,2020-11-08,0.03831938792442385,0.30553984039583776,0.022660831204003296,0.05087897985387143,0.3153668276950333,0.19303560522511815,0.08067467961564449,0.773725608826367,0.7272527441138655,23.626330403098752,13.031386602863895
3379,Tay Ninh,VNM,2020,2020-11-08,0.05694195042577767,0.27539071581758173,0.03350109303029404,0.0651978395276385,0.2795384612408368,0.1861653020799341,0.08640655587259251,0.6158408282733111,0.6148688338990269,30.63314819358045,22.299887590152036
3380,Thai Binh,VNM,2020,2020-11-08,0.09635566348200315,0.22383515451400243,0.05648573751605603,0.08726237512540239,0.2454200422264829,0.21073576083848264,0.13947562349546533,0.39429656094503773,0.44304765472997404,30.601777146483478,16.900347242180167
3382,Thanh Hoa,VNM,2020,2020-11-08,0.045245793740389,0.2909015023296812,0.02785461707668699,0.05547051755570281,0.28809712490701955,0.17871712128334546,0.07916003354953294,0.7227894882329844,0.6387156324375058,25.620490459327282,13.566304195311673
3384,Tien Giang,VNM,2020,2020-11-08,0.08853067808167953,0.25273273840492727,0.06494982566279138,0.09309916409811497,0.2269146746013682,0.15675002480767058,0.08442143672194591,0.4684700713634153,0.3911177827109254,29.725848551572938,22.58331078317078
3333,Binh Dinh,VNM,2020,2020-11-16,0.2204320848057758,0.37170164351068274,0.21593122305417958,0.22672356151883558,0.3656191716456666,0.28185164632523274,0.18071235167196953,0.3176207194802497,0.32808227676748125,26.558998149604637,19.36273914159648
3338,Cao Bang,VNM,2020,2020-11-16,0.1632673863741603,0.33014108973438294,0.16558619183491113,0.1734296966040755,0.33453759791651905,0.2456863798233523,0.149475375503222,0.43069856292035513,0.4029055085763497,25.68186268195381,18.474510871409894
3355,Khanh Hoa,VNM,2020,2020-11-16,0.07007649618441145,0.29903904318682034,0.055058416401326436,0.07963952794408248,0.2841180819379227,0.18045347954519836,0.08953767803736104,0.666402564468642,0.5867186202788799,27.050872165008357,19.302694812356386
3360,Lang Son,VNM,2020,2020-11-16,0.2545606526338614,0.39517487423035014,0.26309808502302645,0.264196012167775,0.388831227386913,0.30532055014949044,0.20482662144194588,0.2904510598035578,0.3044059181725662,25.599369104484573,18.881692418565205
3370,Phu Yen,VNM,2020,2020-11-16,0.13104653939417543,0.3244663699499335,0.12225851780648832,0.14014496950045227,0.3067436557679032,0.21473566511771902,0.12384926527200456,0.48982165865596666,0.4548565057375801,26.650564139054516,19.13439543518153
3371,Quang Binh,VNM,2020,2020-11-16,0.18821078923231113,0.31314409982947206,0.1893227990950931,0.19484567424424973,0.31235116290212284,0.24243498347187886,0.15419581461259715,0.3342733143791634,0.293632628807075,25.814951452033295,20.054079777105017
3374,Quang Ngai,VNM,2020,2020-11-16,0.23119016585309934,0.3648144016833732,0.23094165066140598,0.2377185625334065,0.36503041789164414,0.28623569202823007,0.1791127966693855,0.30417342163577626,0.3040645092029328,27.366609058071475,19.43241929975589
3376,Quang Tri,VNM,2020,2020-11-16,0.185808855186385,0.3199306901012679,0.18338554950930652,0.1910082920814379,0.3187900906884477,0.2443958236036447,0.14665514902195498,0.3494779930903414,0.3175487703945927,26.714274715511944,20.271201009410994
3383,Thua Thien - Hue,VNM,2020,2020-11-16,0.10113997213108261,0.2574067351596054,0.09298503769515569,0.10747240508716667,0.26305457489730516,0.18717761357909116,0.10492617485821985,0.4773259221099124,0.4068536960433135,27.283037647328353,19.822115089822585
3327,Ba Ria-Vung Tau,VNM,2020,2020-11-16,0.058942483295401256,0.2874366611819847,0.03568054968760673,0.06804561150946138,0.28098384657749187,0.18841026825634785,0.09246378350808028,0.6301765568325676,0.6264351108485973,30.707966915885265,21.93220513346456
3336,Binh Thuan,VNM,2020,2020-11-16,0.05578088287739031,0.33507986865656453,0.027516206759216878,0.06402755388582221,0.3403119142723111,0.22176636157154384,0.10315156537327509,0.7241959663169882,0.7359340752746674,30.74011992928086,20.759947399118893
3342,Dong Nai,VNM,2020,2020-11-16,0.05138022183942875,0.29111722970013953,0.032450617527131506,0.06343787891420202,0.28643715104268597,0.18112216037801607,0.08265528536952835,0.6703571128430058,0.6374652976905125,31.31651893762176,21.489551390622193
3344,Gia Lai,VNM,2020,2020-11-16,0.07972971740564885,0.31289976616895265,0.06469776951429923,0.08821129030130329,0.3144086424656293,0.20829580532617198,0.1051755888186105,0.6528958962554422,0.625984304248962,27.628287060632573,19.222711820039766
3345,Ha Giang,VNM,2020,2020-11-16,0.141520532264534,0.32505753735833953,0.1415432343521895,0.15284824319441054,0.3289371210702033,0.2328282874265298,0.13000526792320377,0.4792002697783977,0.4443107163120199,25.291377065936047,17.497323037776738
3347,Ha Noi City,VNM,2020,2020-11-16,0.23858277895866345,0.3227625544738821,0.24493452021371437,0.24637522805354775,0.319703816378341,0.2757463877120829,0.19079674385452308,0.18959972659535168,0.19417352730046936,27.885584844950458,22.201862622256336
3348,Ha Tay,VNM,2020,2020-11-16,0.18976755732277079,0.29961148913029884,0.1861491443007794,0.19707122765143736,0.28974079396241476,0.24045832178967197,0.1610242973048957,0.2727177948784374,0.2551956215784545,27.8801117934051,21.59475777246919
3349,Ha Tinh,VNM,2020,2020-11-16,0.11011346796991046,0.2544960134206389,0.10071104945765422,0.1164524916236791,0.2544710758339576,0.18610589823618573,0.1070660155177887,0.47871145186179415,0.3645830492421181,27.406904956671863,20.763819008482947
3353,Hoa Binh,VNM,2020,2020-11-16,0.16267857511071393,0.34063099580504425,0.16502993644256306,0.17487189822813012,0.3344660681181427,0.25112447500334106,0.1570246925096759,0.4414408990150234,0.4341836761947079,25.976732976048993,20.156817242571602
3357,Kon Tum,VNM,2020,2020-11-16,0.05409661046766546,0.3083918859228475,0.04137578035828094,0.06490191597704206,0.3146393519233133,0.19323637067220958,0.08505489556460237,0.7421430603511802,0.675473850502122,26.33821743066165,18.402457760576176
3366,Nghe An,VNM,2020,2020-11-16,0.13942896933996748,0.3177531763580021,0.13784751133604167,0.14887934370715486,0.3098098341397427,0.22282191347841185,0.13363887931908927,0.4717719251492255,0.42457958809251484,26.335654203694062,19.749659115255362
3367,Ninh Binh,VNM,2020,2020-11-16,0.14837089878225812,0.24372364345434627,0.13881012647766086,0.15181395507600512,0.23822485548433853,0.19348007488004293,0.1266621314203891,0.2981032105268545,0.22440225457845972,26.529911671726747,21.71327001404027
3368,Ninh Thuan,VNM,2020,2020-11-16,0.05560550174017989,0.31045758218027547,0.03185581710559502,0.06435118391749878,0.30847574030597497,0.20034725450553972,0.09574946087045536,0.709448239007824,0.7209116909327605,28.661255442992143,19.73629368822692
3377,Soc Trang,VNM,2020,2020-11-16,0.09483928160937714,0.2439046259002716,0.067292597280563,0.09978601338228936,0.2057573518761885,0.1404967855832169,0.07283379364475177,0.4156248598833331,0.3293461584088662,28.788044947780065,24.293667612236572
3386,Tra Vinh,VNM,2020,2020-11-16,0.07174666906404376,0.27670997230473665,0.041795643073597184,0.08001119287183749,0.2424600185917859,0.15767602163967787,0.07640982012402758,0.5577125525497492,0.48390115939014905,28.725902639073517,23.816593992537126
3387,Tuyen Quang,VNM,2020,2020-11-16,0.1849776766421592,0.3557310324770328,0.1997042192623666,0.19998125447660595,0.339280574933539,0.24253769471259048,0.142132599279185,0.3808452412346985,0.3436986575713351,26.430373162307166,19.923815705219052
3388,Vinh Long,VNM,2020,2020-11-16,0.09960947072988759,0.2379980971304442,0.07780912241438467,0.10178687001179224,0.211114555320347,0.14819314138534198,0.08383865417165888,0.40772125895703953,0.3144341446832993,30.24718789004473,22.93466482909504
3390,Yen Bai,VNM,2020,2020-11-16,0.11670902642593071,0.3153852953063884,0.11957371505526512,0.13026577357975216,0.31225903524089244,0.21036726572864894,0.1093622983545245,0.5361879633088928,0.46679200075081656,25.37234665955608,17.80264911808548
3328,Bac Kan,VNM,2020,2020-11-16,0.16271337265684885,0.33951056244523864,0.17486474619788264,0.17591501495334602,0.32876683526586925,0.23180939415877333,0.1369074667766858,0.42023732240692624,0.38198252364531243,25.456122240012814,18.931687980008846
3329,Bac Giang,VNM,2020,2020-11-16,0.25160273250623627,0.3790052611592399,0.2605244645351629,0.2607913787868018,0.3684074245849249,0.2970229865875591,0.20190343653977103,0.2614375291208889,0.27180000993529113,27.13929091051062,19.981249866928426
3330,Bac Lieu,VNM,2020,2020-11-16,0.09445848680571384,0.19256008443692357,0.06809383032896282,0.09805969271999627,0.15706546039495575,0.1142210974729561,0.06496910501888739,0.32527886305864734,0.21544620760035965,28.658322945913945,25.25366320843698
3331,Bac Ninh,VNM,2020,2020-11-16,0.22135856249366365,0.2971922762782703,0.22044407410832806,0.22475853809099813,0.29951978777482213,0.265271831637219,0.1866157641209525,0.18230238425809192,0.18610075081359398,27.668293717992512,21.16845429267437
3334,Binh Duong,VNM,2020,2020-11-16,0.06210267102003378,0.3133714569080871,0.03692351939449264,0.07201771050154664,0.32529806574824166,0.22695232072959395,0.11126205280538863,0.662922817531608,0.8111289473402143,32.28351825177823,22.12402357889585
3335,Binh Phuoc,VNM,2020,2020-11-16,0.03870255984322466,0.28713699592954633,0.02022362555184705,0.04840485793238416,0.297508640228689,0.1865133988587864,0.07443251843683876,0.7566281007104649,0.6609508869262818,30.076988594648018,21.483734594307222
3339,Ca Mau,VNM,2020,2020-11-16,0.09338051770693308,0.186242111177242,0.07921376419381544,0.09972208556294197,0.1567620137870135,0.10756490261442843,0.06199118243995308,0.35117176756567997,0.18819359708104907,28.165813456707095,25.756903124794682
3340,Da Nang City,VNM,2020,2020-11-16,0.16837217731671006,0.32862533845291647,0.1582042061371116,0.17466604485087897,0.3282955615651849,0.24616978832839564,0.14874770992588174,0.4107668043199815,0.39728610096158695,27.32619174625811,19.4311127254131
3346,Ha Nam,VNM,2020,2020-11-16,0.14459272837339848,0.24515893448677983,0.13333263521851518,0.14775375477045719,0.23740770258170937,0.19534127612241967,0.12946646381860938,0.31553130444953004,0.2447144932299978,27.58912129671579,21.425307379473846
3350,Hai Duong,VNM,2020,2020-11-16,0.2388903977330862,0.3244530254973083,0.23953048088754972,0.24383026055393708,0.3206174617808454,0.2762154495610015,0.19162946889586469,0.19997242724626085,0.18899951368227172,27.783958890940273,21.121395310144514
3354,Hung Yen,VNM,2020,2020-11-16,0.19294860911716336,0.2906893615076893,0.18788026380049133,0.19668287173651766,0.28539259794254035,0.24103367853601748,0.16577021096374725,0.2562244421749567,0.23463060943702296,27.741101122595964,21.630143059720687
3364,Nam Dinh,VNM,2020,2020-11-16,0.1370379604018659,0.21864948224913242,0.12326776788172315,0.13541341892803604,0.21858839568123495,0.18694122948698697,0.12336256928255676,0.27124275526025826,0.2014987290449469,27.3997821877766,21.22105127094128
3369,Phu Tho,VNM,2020,2020-11-16,0.20056291440659887,0.3490242672850026,0.20922026695459686,0.21298374233073467,0.33453524844388993,0.2571737151545922,0.16351807757797104,0.3171723515864928,0.34706251830153445,27.39011375312443,20.559512637471574
3372,Quang Nam,VNM,2020,2020-11-16,0.15682133161015138,0.32993847219905864,0.1525142365607798,0.1644659463158549,0.3307884547514075,0.24031930770854393,0.14258080791987138,0.4406091991010439,0.4189200961467887,26.115817716231874,18.348385428445088
3381,Thai Nguyen,VNM,2020,2020-11-16,0.2505916888759238,0.38879242468441855,0.26323003951449736,0.2622659798640076,0.3700067108989377,0.28951501424731046,0.18953519825865628,0.2655301191043756,0.27608693288467506,25.506067090046592,18.957883152399404
3389,Vinh Phuc,VNM,2020,2020-11-16,0.22050407668995992,0.34926432077891345,0.22775165348563567,0.2316855871723225,0.33735705409700895,0.26738140206571204,0.17080758198597412,0.2747961513153995,0.2781061798252119,28.184166760587217,21.553041848636962
73933,Can Tho city,VNM,2020,2020-11-16,0.1132786338514771,0.17753519273367438,0.0842124007471855,0.11152806567905196,0.13788582441137098,0.10564218733641514,0.06486443518163039,0.20747768236681058,0.1397802961771644,31.165601333690905,23.073015327984315
73934,Dak Lak,VNM,2020,2020-11-16,0.04312738291709715,0.27411502133000964,0.027035234590696868,0.0519045556806227,0.2697386121672994,0.16560821326973876,0.07164678843497632,0.7402880935587739,0.5973195795102838,28.17365928664797,19.343279608202955
73935,Dak Nong,VNM,2020,2020-11-16,0.03347703112923999,0.2829785572114136,0.018191863644655082,0.04340221938960517,0.2834963396825466,0.16968080164038066,0.06908470400601194,0.7872279315327261,0.6506622203574204,28.823950424531233,19.181093428743715
73936,Dien Bien,VNM,2020,2020-11-16,0.03727422806264451,0.3090704275921224,0.02187070171790144,0.0493072181478963,0.32110943857564117,0.19287865890083844,0.07757637055976657,0.7873306978968939,0.7207411145766767,26.400487403178037,16.669027676531517
73937,Hau Giang,VNM,2020,2020-11-16,0.08475369471256708,0.19388559300178398,0.061993126480817354,0.08623225641364396,0.16201732914420608,0.1093094169780272,0.06062323126764078,0.3707631386541898,0.24248555178417927,29.921609351352917,24.664680076867107
73938,Lai Chau,VNM,2020,2020-11-16,0.032934121871202,0.29645807860810236,0.018634943614437467,0.044904916319585444,0.3017916962150939,0.17501094094300648,0.0679879193008837,0.8081696656691658,0.6775674609612771,24.744810333587836,15.65624229729607
73939,Lao Cai,VNM,2020,2020-11-16,0.09179038928833609,0.3087258304827278,0.0863924500281986,0.10343115760566181,0.3149295248675777,0.21074196384289015,0.10544696910009689,0.6099560392726787,0.550725986612486,25.444594418575615,15.887088484642165
3326,An Giang,VNM,2020,2020-11-16,0.085925988496917,0.24616078035055672,0.05724720658827705,0.08866232686160427,0.2216238478446534,0.15327074080633388,0.08065294020945911,0.436683992770329,0.3745134059255651,29.290044925770705,22.679000697031842
3332,Ben Tre,VNM,2020,2020-11-16,0.06706375905439951,0.22984634340639887,0.04205324228226498,0.07007286420322364,0.19922624691292612,0.12424727629980421,0.06158800427045915,0.526492158036982,0.3735592823569585,29.480610308504847,23.813923743315893
3343,Dong Thap,VNM,2020,2020-11-16,0.07741121863126844,0.2158211447344651,0.05094130515123715,0.08360885355939761,0.18346539376958707,0.12701308623032298,0.06432790968268605,0.4055183455535577,0.3367091316661551,30.339931327056817,23.42487768461089
3351,Hai Phong City,VNM,2020,2020-11-16,0.213251743792196,0.2967898489281307,0.21273532032682696,0.21835871621105093,0.2928884547126456,0.25797245151735854,0.18444972493973605,0.20199531153362635,0.19848603504248621,28.418610801136325,20.79529722924665
3352,Ho Chi Minh City,VNM,2020,2020-11-16,0.08102322068766526,0.24278055129408646,0.0583576971596218,0.08720123033750322,0.22295175716741494,0.15707179621183434,0.09036751478688267,0.502663403205088,0.41344197994067533,32.074635727518576,23.032272028284854
3356,Kien Giang,VNM,2020,2020-11-16,0.07691163671050127,0.16937239434321683,0.04985545693126426,0.0753456101365863,0.13339456145141312,0.0914935869398191,0.04860624783930862,0.3512056382329275,0.2070152574964103,30.081366473376896,24.03593083506144
3359,Lam Dong,VNM,2020,2020-11-16,0.03514748330009468,0.29044704143038114,0.01899547702090893,0.04606032111133597,0.2917112420908238,0.17092783515486565,0.06915062905287245,0.7862917090149733,0.6551444376211042,26.843829007264297,17.35763707159101
3362,Long An,VNM,2020,2020-11-16,0.06430508897247766,0.19693343692102291,0.038458159492957,0.0686195617960564,0.16826573418496332,0.11650860470826603,0.058402615518539126,0.4417358034919416,0.3303778332418372,31.69637460675684,24.13870653613037
3375,Quang Ninh,VNM,2020,2020-11-16,0.24697753159332414,0.3641339510448995,0.2561951593328626,0.25645845436437203,0.35128935000399863,0.28591125025347475,0.19893937781855214,0.246290108022905,0.2521326647928509,26.68847951299836,20.101922646646905
3378,Son La,VNM,2020,2020-11-16,0.04433973576268971,0.30618378675435587,0.028205759772700817,0.056395638279562316,0.318944848420327,0.20195730533864656,0.08715626131499674,0.7499304615916152,0.7267597530532317,27.343613820471738,17.409051147314802
3379,Tay Ninh,VNM,2020,2020-11-16,0.06499079628519724,0.3106424454558929,0.037532205322968186,0.07522010790730735,0.3162191778536022,0.21537226599412526,0.10406195200950626,0.6146307969825834,0.724649564900657,31.19978270615221,22.379916249592267
3380,Thai Binh,VNM,2020,2020-11-16,0.18931767511743214,0.2724111072175292,0.18114636275631169,0.1900629494547942,0.2725153834253724,0.2381755973588232,0.1631951445404429,0.23074205481436932,0.20254687069294441,27.237280999076358,21.182536387406994
3382,Thanh Hoa,VNM,2020,2020-11-16,0.16321838664972152,0.3275530407286972,0.16251102326968264,0.17255975123015402,0.31797173648039456,0.2398992630182872,0.15066630044795273,0.4235790667982189,0.3939435678924497,26.37149496225665,20.821452208380453
3384,Tien Giang,VNM,2020,2020-11-16,0.07225550014595115,0.22673357631715743,0.04812063117628565,0.07525648284330494,0.20004477209510907,0.13773159367368143,0.07428175231584312,0.5049139819722359,0.38161874040082394,31.374714431692496,22.669301175070533
3333,Binh Dinh,VNM,2020,2020-11-24,0.2480074484247158,0.3679281342988367,0.25686897073662346,0.25687014640811007,0.34782812246368905,0.25639876027213815,0.1497942821109493,0.24183049193213746,0.21601635856253798,23.89753801574656,19.319342238774954
3338,Cao Bang,VNM,2020,2020-11-24,0.0325691805250041,0.27487764913118845,0.019871849861561923,0.04404388955024766,0.2884548155479996,0.17509706392036392,0.07159403182664327,0.7906567050142137,0.6580420098505659,20.226222281318748,9.677121269346157
3355,Khanh Hoa,VNM,2020,2020-11-24,0.20444692420234886,0.4012562152341765,0.20152643697718325,0.2164907120987846,0.38177735053707323,0.27127005112454927,0.1575338202454349,0.3867422508409772,0.39946836148290316,26.46339441944006,17.249999716491885
3360,Lang Son,VNM,2020,2020-11-24,0.031803797845328864,0.2675326844462019,0.02119433884299309,0.04205187589625678,0.26709104234683645,0.1550084812229809,0.06162289273022426,0.7893196438886834,0.5995538255153166,20.335481538231388,12.650002851584263
3370,Phu Yen,VNM,2020,2020-11-24,0.26931391682852,0.41737007338992366,0.2744644255059589,0.28020423981689463,0.3880330981374781,0.28106327365657363,0.16178563229465512,0.2740796637472737,0.27244123915455853,27.3948650170957,19.30691806238328
3371,Quang Binh,VNM,2020,2020-11-24,0.3224591951395391,0.41334410239413627,0.3283568571764285,0.3295477792422247,0.39568295086748634,0.31200324907310345,0.19382449209079586,0.2006486983015506,0.17879648894711384,25.85071071302393,18.13163556436449
3374,Quang Ngai,VNM,2020,2020-11-24,0.21529199933068344,0.3432454799952203,0.22110341331274694,0.22422696683851318,0.33047295238317903,0.24255435735212308,0.1385991318980781,0.2945405634658903,0.25836461978944514,26.685238469125636,16.320502576707135
3376,Quang Tri,VNM,2020,2020-11-24,0.369431150290308,0.452746103353009,0.37347503988140196,0.3751099047344293,0.4280773047644294,0.3339060376802183,0.19853722946184532,0.15012304356393946,0.14410340311420106,24.674669079429563,17.294323328693974
3383,Thua Thien - Hue,VNM,2020,2020-11-24,0.2842912763754625,0.3909816587635542,0.28719534255818435,0.2917353579596455,0.37123353982302837,0.27447786822916803,0.15766827677262238,0.22947089583412533,0.20672568556662077,25.561896161738485,17.460754527398823
3327,Ba Ria-Vung Tau,VNM,2020,2020-11-24,0.14108418504813106,0.30317629708157257,0.13449858574054355,0.15267246268649529,0.29397283029956706,0.19983791323630884,0.1084093658139299,0.3592395490406404,0.3201836018382404,30.2511496465989,
3336,Binh Thuan,VNM,2020,2020-11-24,0.10201503850238253,0.3315177364554424,0.0841118301049515,0.11000283019197246,0.33150514423453975,0.22133212215230957,0.11213706672257741,0.5465943078386504,0.580528536325699,30.727308006307798,21.051632616461006
3342,Dong Nai,VNM,2020,2020-11-24,0.05763263710486995,0.23604382602073104,0.048542882921185235,0.06698409331109385,0.22979729033388277,0.14655735262210562,0.0713422434454425,0.5945762557590976,0.4375713628551177,29.22775822194087,23.186298723505455
3344,Gia Lai,VNM,2020,2020-11-24,0.11911996972233807,0.3413787973741913,0.10820556882744527,0.1279785807841166,0.33940008317562115,0.23008869681224686,0.1198260892799698,0.5513228568555787,0.561222681339418,28.29461312030004,17.211570678156782
3345,Ha Giang,VNM,2020,2020-11-24,0.1518937810226074,0.3397424600628924,0.1493593774967614,0.1625218700771239,0.3441994242304002,0.24880483210005006,0.14459612272701117,0.49285352494478785,0.49850923332987634,21.61451012670003,13.02078403100314
3347,Ha Noi City,VNM,2020,2020-11-24,0.07319078327839026,0.21547883901970033,0.04530850805934393,0.07326597990328579,0.21219225944597397,0.16607530912184787,0.102830522508691,0.48639337272532096,0.4156653625141282,25.746250532377733,12.766758470510963
3348,Ha Tay,VNM,2020,2020-11-24,0.07160104393123115,0.22841496461979208,0.04299765250291966,0.07363014894308022,0.2177546394405024,0.16110703228204787,0.0904749416573391,0.5219527809045705,0.41941904455194656,25.004245200958525,12.69714636069923
3349,Ha Tinh,VNM,2020,2020-11-24,0.3587291017576388,0.4373273236186954,0.3576799872765132,0.3641727663194689,0.41389950331780234,0.3332035541166535,0.21093479768698586,0.16833276254182267,0.15563278685540696,26.444738419573795,17.881613677987797
3353,Hoa Binh,VNM,2020,2020-11-24,0.04897931304027069,0.2710752177938898,0.04193743355831114,0.060927097115120864,0.2618129229011803,0.161049432263876,0.07174038472771165,0.7249141904587846,0.5603265021978164,21.67486177513862,13.014770967212066
3357,Kon Tum,VNM,2020,2020-11-24,0.11682618691247984,0.329402916248486,0.11035897201999453,0.12583563786575197,0.32723548387726065,0.2135116387079961,0.10666476304989933,0.590729977595611,0.5244780084823254,25.781316722258985,15.613146617519307
3366,Nghe An,VNM,2020,2020-11-24,0.31222892280795217,0.43847994476743457,0.3175169094696182,0.32071701450648293,0.4225926701227307,0.33576018212565595,0.22000675786689808,0.2550773202220896,0.25923702357365047,23.3638621115324,16.63942385967388
3367,Ninh Binh,VNM,2020,2020-11-24,0.0895464554606865,0.23736867206854823,0.06866282028453594,0.09307941847018687,0.23411688953513965,0.17501353337181325,0.10153332759951844,0.4668993693173849,0.39404689288675343,23.624793171731778,17.69444267840813
3368,Ninh Thuan,VNM,2020,2020-11-24,0.1857037427885369,0.37737364625432124,0.1777510826142094,0.1958288505382688,0.3697425651176891,0.25742588540482275,0.1435079417580831,0.3717377544624787,0.38604202066340565,29.109600202175507,16.88161618721074
3377,Soc Trang,VNM,2020,2020-11-24,0.10156089598191458,0.2500997399936752,0.07850192334393556,0.10970047611173914,0.21012091855458764,0.138970428875048,0.06860041778259723,0.3941642486160096,0.2940435279379478,22.996199467475346,18.369902200489
3386,Tra Vinh,VNM,2020,2020-11-24,0.1068747875178465,0.27904760759013564,0.09147033942840103,0.11865884009993677,0.24765553013746763,0.1608567329594173,0.08030456093150486,0.4227344624470874,0.33924955538759305,24.750000000000057,
3387,Tuyen Quang,VNM,2020,2020-11-24,0.055547281835428224,0.3187341662507353,0.04959040212791916,0.06976878318424336,0.30562003095104273,0.18358068485916834,0.07977347633726836,0.7446910087557475,0.6473699557374765,22.85841937446675,13.856944769818213
3388,Vinh Long,VNM,2020,2020-11-24,0.10140151815351307,0.25403515394603754,0.0807736364703275,0.10530599416461711,0.22843266477676888,0.1547059737677642,0.08027078317014774,0.4288989697147374,0.3157167410591598,27.36726440901806,
3390,Yen Bai,VNM,2020,2020-11-24,0.11491764495607983,0.3039716566439274,0.11550416501550677,0.1256388393540809,0.3001979047105567,0.20544360798377317,0.11266801425023393,0.5486649415558389,0.452160619175815,22.28235868729752,13.380148482293409
3328,Bac Kan,VNM,2020,2020-11-24,0.028048022606317807,0.27808572306814855,0.021429420650898708,0.03993977352462098,0.2709556580317186,0.15199715892918286,0.05678597460224245,0.8219896313340042,0.6189969378359331,20.878808740559087,11.700784860667346
3329,Bac Giang,VNM,2020,2020-11-24,0.051355834406009826,0.27700445809327123,0.031315887131502206,0.05783425863966369,0.26910739772036285,0.17104197558382458,0.08259670457502702,0.6858280340605355,0.5885084523114429,23.661815920577986,14.16798598923895
3330,Bac Lieu,VNM,2020,2020-11-24,0.09294119916258219,0.20858016002194846,0.06580590740483232,0.09808609327255614,0.1687349479608835,0.11801750095396364,0.06295101061044847,0.34375881565895,0.2484330460696799,27.396862701094324,20.26842470582394
3331,Bac Ninh,VNM,2020,2020-11-24,0.08891449908239317,0.22350033784875534,0.05213028537745568,0.08522444600938472,0.2273712804044382,0.19073706753520825,0.12054371252547495,0.43015800928929837,0.3866283890120044,25.54556257054776,14.034958665898602
3334,Binh Duong,VNM,2020,2020-11-24,0.05850108281911181,0.27549855044647187,0.03676525683649091,0.06572238832552026,0.28657759794455584,0.20215422212887701,0.10234249406380583,0.6464686181098216,0.6129278068345343,30.02959706572745,17.576965136137105
3335,Binh Phuoc,VNM,2020,2020-11-24,0.05580579707289898,0.28928458974961174,0.03870952004864382,0.06436508288439398,0.2987022196101049,0.19288066346636956,0.0862314542153053,0.696682709631332,0.6176190701817704,29.86989175887382,19.1863307898497
3339,Ca Mau,VNM,2020,2020-11-24,0.06694362406030452,0.15757057764439686,0.04751323840207743,0.07088429174595477,0.12809162237255517,0.08330174298331147,0.04507317594044091,0.4047832130722995,0.190391403826598,28.318027720679982,20.166844516454763
3340,Da Nang City,VNM,2020,2020-11-24,0.2149262411230826,0.32633687290508573,0.21743753650219658,0.22260806131110805,0.30566534205353063,0.22394261230384035,0.12916906568895145,0.2768924637437459,0.23176592623539682,26.659831094328684,16.746724724207475
3346,Ha Nam,VNM,2020,2020-11-24,0.080437182578068,0.21901808921363408,0.05422947576300847,0.08091048156481591,0.21375258583647805,0.1649956527721036,0.09546072678165844,0.4658818767301392,0.3634356365571757,24.307579327701596,15.157469051149695
3350,Hai Duong,VNM,2020,2020-11-24,0.11063691258276172,0.24534485652052346,0.08971230262578367,0.1124864106631184,0.24199988510042492,0.19531956400535577,0.12239859702147451,0.41962237880024705,0.36829808262256153,25.80311284287271,17.048078303512664
3354,Hung Yen,VNM,2020,2020-11-24,0.07239653795018557,0.22345537265283327,0.04328736035406585,0.07191461161504346,0.21686793614388997,0.1668963017226718,0.09736022956518987,0.5127405227523261,0.4152213272958556,25.291721139512738,15.579346603142504
3364,Nam Dinh,VNM,2020,2020-11-24,0.12030123199185176,0.22195633027826545,0.10183641240711673,0.11916415526382022,0.22648494026723986,0.19659596084612352,0.12804732316184878,0.32810932380265956,0.2847137231922125,25.171711349483665,18.37623210289755
3369,Phu Tho,VNM,2020,2020-11-24,0.09426865104066322,0.28330051094546715,0.08849094942550893,0.1034394967588575,0.2679762074033037,0.18030701816640562,0.09730898855905162,0.5535201050110065,0.4490998742094054,23.42196565871656,13.911674093954824
3372,Quang Nam,VNM,2020,2020-11-24,0.21854729541801723,0.3509641942233842,0.22567370279730317,0.22752831325418751,0.3357767167891339,0.24174280697054576,0.13824262164910758,0.3121523925599551,0.2616698627889007,24.902306509011396,14.037536568053762
3381,Thai Nguyen,VNM,2020,2020-11-24,0.04082240382132287,0.279534834551227,0.029049510194801776,0.05033647190407788,0.26560263918323085,0.15958296762190144,0.07071033309122184,0.7508845736334173,0.6042949635431769,22.970453514272247,12.648296022460833
3389,Vinh Phuc,VNM,2020,2020-11-24,0.08947205017464596,0.2692877283023451,0.0708978234995393,0.09514814199814657,0.2586185740246611,0.18425939480324624,0.10260030858566299,0.5371919752519907,0.4659566421107406,24.16901058767482,14.320966757331862
73933,Can Tho city,VNM,2020,2020-11-24,0.10938884277141984,0.21602611664581892,0.08000038695510797,0.11046852680170431,0.1829078263013753,0.13092228649280058,0.06915976913561178,0.3027179879052626,0.2170680030227661,25.65109109624296,
73934,Dak Lak,VNM,2020,2020-11-24,0.1481646073451406,0.35142823583281085,0.14009654903829344,0.1576805901646138,0.3455593370430801,0.23638243022391656,0.12717179234051657,0.4911571360316333,0.48447293107088674,27.539113608103573,17.606944935921895
73935,Dak Nong,VNM,2020,2020-11-24,0.109115436170517,0.3347605316577915,0.1003988470027852,0.11924164103758687,0.33206108860401606,0.21920148549761065,0.11447613588063767,0.5608176313630869,0.5533412095563234,26.930619046067346,16.25550705844741
73936,Dien Bien,VNM,2020,2020-11-24,0.07142354876053995,0.3046120891833893,0.06041751032953149,0.08143480562839482,0.31721352586909124,0.2027622818902256,0.09769826289366267,0.6633311521992342,0.6181248950837865,23.588437857460182,14.54501132033613
73937,Hau Giang,VNM,2020,2020-11-24,0.08818420955592024,0.22127483519670987,0.06354076794283775,0.09210007673684627,0.18531320379204,0.11956683342762685,0.059442343001065524,0.3986927344346427,0.27181633925046417,24.054706813164337,
73938,Lai Chau,VNM,2020,2020-11-24,0.08969142751848042,0.3152653583207387,0.08076565406226996,0.10006426738300486,0.3210807975023873,0.20577631220865805,0.10244652984109992,0.636153525630651,0.5680897150250642,22.993345706883332,14.15165326734192
73939,Lao Cai,VNM,2020,2020-11-24,0.15892552764780457,0.3397335138543673,0.15910607869088525,0.16935298844548233,0.3449697119164279,0.24965448577153482,0.14348794375214352,0.4514282221498094,0.43743942694041993,22.880615445876906,14.357840948564384
3326,An Giang,VNM,2020,2020-11-24,0.08385685382490764,0.22792637312818365,0.05244821939628093,0.08215758698751159,0.21593906093472046,0.15753739476966647,0.08766570531486506,0.4289447440346603,0.3570932693523475,29.88803296927316,
3332,Ben Tre,VNM,2020,2020-11-24,0.11712919546919941,0.2715781451819825,0.10423674264614201,0.12677307732201934,0.24458059149179373,0.1575160426170411,0.08181166341424291,0.3893925532774854,0.29376611356706656,26.61170649201096,
3343,Dong Thap,VNM,2020,2020-11-24,0.07503775244201846,0.2574949327662066,0.04539382986900139,0.08202256482620911,0.22221526835984526,0.14921494362654872,0.07130595136539333,0.4854061682235978,0.4290736328951903,29.3782108596322,
3351,Hai Phong City,VNM,2020,2020-11-24,0.12451860335652727,0.2379302181299655,0.11123544192747394,0.12841818597051818,0.23346582424849782,0.1906115053798068,0.12452029704630457,0.3557357897522096,0.29768946198025364,26.355150479084415,19.229943684112055
3352,Ho Chi Minh City,VNM,2020,2020-11-24,0.0937227214817033,0.23224735852900957,0.08243933115841937,0.10258170730943678,0.21527979940243555,0.1536683396777715,0.0919482067071044,0.4215693801295173,0.3293572532627951,25.447323363705287,
3356,Kien Giang,VNM,2020,2020-11-24,0.08510123883340184,0.18644334297518272,0.05997939518995226,0.08388885946877915,0.15350157682368054,0.10674595942280012,0.05869934264701991,0.3600501732754859,0.21965625519913135,28.716077759430405,23.838139709482643
3359,Lam Dong,VNM,2020,2020-11-24,0.10252791240904904,0.3445957792685087,0.08992574594146868,0.11348136170734027,0.34220609045079203,0.21781272877236396,0.10900817894136292,0.587999788154777,0.5834056510788336,24.697360392940993,15.717977975264388
3362,Long An,VNM,2020,2020-11-24,0.08451116255203421,0.22645841295447236,0.06290879147838886,0.09016554463425233,0.19668363646047224,0.13499318755339249,0.07010594246402259,0.4203970610019273,0.32138210714872006,29.695519086559383,
3375,Quang Ninh,VNM,2020,2020-11-24,0.05080028506915057,0.26978532751544737,0.03878398357200211,0.06088286128637175,0.25838886120358423,0.157330049371291,0.07353759739037061,0.680161360769733,0.5459457648261802,22.883213803318178,17.47502954247876
3378,Son La,VNM,2020,2020-11-24,0.12697630335398924,0.31392983971098265,0.12228284425791483,0.13590141339064815,0.324489912009294,0.23212186358350667,0.13247271894803653,0.5114630592757109,0.4918875907452269,23.73160265304491,14.704002794843346
3379,Tay Ninh,VNM,2020,2020-11-24,0.06781447669346982,0.2927405647924477,0.04089599176334428,0.0758681398095122,0.29929798847580324,0.2063839032252297,0.10076097242054957,0.5840935900655755,0.6568297563906306,31.402979534943313,20.371890166087372
3380,Thai Binh,VNM,2020,2020-11-24,0.09756149795606477,0.2253405180274141,0.06902611695669301,0.09626669323157376,0.22880533708523537,0.19342277528666663,0.12012970696953781,0.41476100118183573,0.37099618110841326,26.491550951788486,18.161913922678742
3382,Thanh Hoa,VNM,2020,2020-11-24,0.111684189915332,0.3060801576682665,0.10519546065369864,0.12135604292478323,0.29638955620855917,0.20867122076398853,0.11764969047430597,0.5594195104115494,0.4852035441432693,23.202516294669508,15.536370114168749
3384,Tien Giang,VNM,2020,2020-11-24,0.09881937398628275,0.26887731593874686,0.08174635383537886,0.10763795042808286,0.24436708050309996,0.16195513313717702,0.08068279256364969,0.4555613532806015,0.3542613345079416,28.160855516400154,16.59709090909095
3333,Binh Dinh,VNM,2020,2020-12-02,0.40909634995613053,0.4939518817807466,0.41389359264730197,0.41372362704095683,0.4747350486293625,0.3867311061684538,0.2529409471798427,0.14339408732541206,0.15456491466113306,23.30052686082774,14.939917142952819
3338,Cao Bang,VNM,2020,2020-12-02,0.09690251861833123,0.30608317067933294,0.08828886947908962,0.10606297454432237,0.32099871371455313,0.21994022035997737,0.11993001077709174,0.6209459380703114,0.5659007552966435,19.47845027664493,8.242231099695134
3355,Khanh Hoa,VNM,2020,2020-12-02,0.15876136981026934,0.3904222753748931,0.14504416444423543,0.16982936664225196,0.3753580505057428,0.25516570715383985,0.1417342056666088,0.5126286850543088,0.5506017099026635,25.790941343863533,16.721629013357465
3360,Lang Son,VNM,2020,2020-12-02,0.035582078776635,0.28129665103365525,0.023802017100234583,0.0457622132304059,0.289802868979416,0.1700665711928196,0.06997089781887607,0.7772576901586596,0.6363720342055366,20.245641723920354,9.578456480743835
3370,Phu Yen,VNM,2020,2020-12-02,0.344277672028176,0.4696328169799088,0.34826838273369265,0.3534558272947342,0.4443663641293741,0.32440496753765813,0.20279630957621606,0.20821465242532441,0.23104523381187214,24.49719463915277,16.44131884753225
3371,Quang Binh,VNM,2020,2020-12-02,0.6330202291927195,0.674390539603835,0.621759805297395,0.6262928612463344,0.6559970090723981,0.5646136619636851,0.3763696055353936,0.03847812049148421,0.05335677639888248,8.989512693182371,12.972431793235668
3374,Quang Ngai,VNM,2020,2020-12-02,0.532053280545505,0.5865821314622205,0.5368033000733269,0.5362638583204739,0.5548106749025715,0.4471452877676925,0.2778082796303128,0.07154792252798704,0.08022955718028729,23.323246319190503,13.583058329729246
3376,Quang Tri,VNM,2020,2020-12-02,0.6461018062791397,0.6813542970362227,0.6508955958571301,0.6465308147535465,0.6389023763191137,0.5225947772457161,0.32927498360855306,0.051165042163426974,0.05776959920458011,17.7300195788494,11.549876617096817
3383,Thua Thien - Hue,VNM,2020,2020-12-02,0.6989504410147275,0.7145984281922328,0.7069948736930354,0.7014419510831106,0.6520190900851899,0.5135514555263334,0.3044032439428126,0.01377550270447574,0.01581123217868532,7.529302829069291,9.001338200034036
3327,Ba Ria-Vung Tau,VNM,2020,2020-12-02,0.05638989025124728,0.2741658092109562,0.031036998290375373,0.06331179786924529,0.2745412352305257,0.1882213011245376,0.09528153405967192,0.6028052916175137,0.6291460931660272,32.69110753733414,19.395062872662606
3336,Binh Thuan,VNM,2020,2020-12-02,0.058834891550730226,0.3369297603029809,0.02878623149428477,0.06642173349604337,0.3460825382770091,0.2289252373397813,0.10843406748577633,0.7117715280834279,0.7837320524808703,29.947808477384555,18.770444609042343
3342,Dong Nai,VNM,2020,2020-12-02,0.04249812933801986,0.2443618840798059,0.02427807045300927,0.04991516469421695,0.24356204842770338,0.1558936901603738,0.0737677659769569,0.6668146468821123,0.5508749055134687,30.638735524366446,18.576829701215747
3344,Gia Lai,VNM,2020,2020-12-02,0.158566825245325,0.3474452473306734,0.14881385374599948,0.16512854608231212,0.34779013573401507,0.24643882612258183,0.13829520815847407,0.508625635017987,0.48180042923352817,26.247016880165805,15.788596900157199
3345,Ha Giang,VNM,2020,2020-12-02,0.3809042076633027,0.49937230333854776,0.3739346528484111,0.38330870728403876,0.5014771584771078,0.41943609582247676,0.2879326493842263,0.24775198171335291,0.27757728435316925,19.90835686767232,7.670002270774063
3347,Ha Noi City,VNM,2020,2020-12-02,0.08554384943227712,0.23726718887836817,0.05155795414158168,0.08348262847318402,0.2452424016581792,0.19447238106800624,0.12585989955988885,0.4582976654306739,0.4963334500522253,24.93375602749654,13.583126837621569
3348,Ha Tay,VNM,2020,2020-12-02,0.08290777146061014,0.2467210667537196,0.05110722074047123,0.08392039504640005,0.24589575083474494,0.18435336971319086,0.10830699074544786,0.488548569417653,0.4687082238803275,24.1601688027204,13.869060284877827
3349,Ha Tinh,VNM,2020,2020-12-02,0.48676705130952475,0.539420604129439,0.4876419464434102,0.4878240154657744,0.5235098758464324,0.46611579504657846,0.33649568801615026,0.0883061703100366,0.09804855269713163,21.912778364360758,11.902733984672247
3353,Hoa Binh,VNM,2020,2020-12-02,0.09862680914069823,0.3237230662376473,0.08889134228382657,0.11003135771354738,0.32296273947723,0.2201071134307963,0.12176519555094106,0.6135795356076056,0.5841592674257544,21.183966920351267,12.596098277098726
3357,Kon Tum,VNM,2020,2020-12-02,0.16622895439259552,0.36379894918613825,0.15520225699197795,0.17269397942279804,0.36002829500923955,0.24180081837730083,0.12109206283378904,0.5832067938289137,0.5064896265542692,24.113228085594333,13.8470089371416
3366,Nghe An,VNM,2020,2020-12-02,0.1249790891819632,0.3177054981292063,0.1189040053430582,0.13439006532846495,0.3129514371302545,0.22020277132640168,0.1311760555398459,0.5378985079944409,0.4766255060563882,21.609492116460867,12.33162260717067
3367,Ninh Binh,VNM,2020,2020-12-02,0.07292009216212127,0.22025850917220138,0.04360404455711999,0.07229564124772264,0.22530852822145686,0.1678451660241887,0.09778355367086264,0.4832805389045723,0.41805427815401214,23.975156238768886,14.441273354744748
3368,Ninh Thuan,VNM,2020,2020-12-02,0.06288201576295241,0.3345566817193815,0.03703858111579074,0.07324603412287956,0.33518680378064736,0.2147389631591221,0.09924095907619601,0.6882575317668589,0.7238456935660738,26.295686353590625,18.398335272705125
3377,Soc Trang,VNM,2020,2020-12-02,0.06474890890099676,0.222029615486768,0.03440062950567663,0.06904976776301881,0.17824387173213307,0.11333016960616608,0.053643050783203666,0.4903029257914877,0.3585358302210575,29.278551395005486,20.3926406112497
3386,Tra Vinh,VNM,2020,2020-12-02,0.058395398318785534,0.22909281612132118,0.030823976478908735,0.06307123523785149,0.1965962143819542,0.12367149192253578,0.059265721549058084,0.5396866271261371,0.4057179653433369,30.620649097468952,19.669756503437196
3387,Tuyen Quang,VNM,2020,2020-12-02,0.09970924300848742,0.34568424752455507,0.09517114944973323,0.11344247074874096,0.338430836696066,0.2205242684932771,0.11460511648673594,0.6327908178102127,0.6019894799833155,21.31720348578972,10.69464829957099
3388,Vinh Long,VNM,2020,2020-12-02,0.062476682630604366,0.220809201805216,0.036063115835928986,0.06570010926437637,0.19762828648228273,0.13160767806610177,0.06776576188100035,0.5241702839044186,0.3860008810495547,30.60203687255125,19.782681740135704
3390,Yen Bai,VNM,2020,2020-12-02,0.16619579131755385,0.35272323211392226,0.16593289869007016,0.17735928975638668,0.35640050709696686,0.26284437631928437,0.16044369844893552,0.4842350391514147,0.46081454103859115,19.246028426233188,9.99293449935374
3328,Bac Kan,VNM,2020,2020-12-02,0.0390815666932987,0.31148925854537307,0.03178022515337225,0.05288198357109343,0.31076256514643924,0.1788048529165197,0.0724611217822734,0.788909072417356,0.682021926627151,20.42991874992555,9.001948279734117
3329,Bac Giang,VNM,2020,2020-12-02,0.05644908129505425,0.2779816530457193,0.03425590615375834,0.060470765219847004,0.28114432874192874,0.18129206893292268,0.09133284051297125,0.6612552293026893,0.5975335670604789,23.44811028940658,11.779183627789402
3330,Bac Lieu,VNM,2020,2020-12-02,0.0657927130076347,0.1650053477458352,0.03483071487415055,0.0661884764452185,0.12611478918130606,0.08419893658874221,0.043568257469761645,0.37552939773884325,0.21687158011846955,28.40606952132083,21.461608718642445
3331,Bac Ninh,VNM,2020,2020-12-02,0.099820448986732,0.23235592455453988,0.05825695682065594,0.09178755185566145,0.24845295924086647,0.21036244151439157,0.13959177697079378,0.3967614798298849,0.4518284403779482,25.263326305960426,13.372936855042635
3334,Binh Duong,VNM,2020,2020-12-02,0.058229371889702224,0.2770823024123877,0.0334728466105009,0.06388848658990907,0.2927155626022428,0.20969738567355362,0.10934937623829816,0.649915234376029,0.6797737571310893,32.422397439777214,17.833062507153308
3335,Binh Phuoc,VNM,2020,2020-12-02,0.03889746723669572,0.2633842953109669,0.020227021418246942,0.04475667219687101,0.2740649501900114,0.17206262189952537,0.07126971545135634,0.7404934667741812,0.59860036569958,30.281590827765324,18.599603351586097
3339,Ca Mau,VNM,2020,2020-12-02,0.053422013619356654,0.14836590831570587,0.03104863285765261,0.05682934836287352,0.12020586381202295,0.07359103560946685,0.03584430666744905,0.4400700901492957,0.20199221542211945,26.9824933267997,23.792001049295926
3340,Da Nang City,VNM,2020,2020-12-02,0.5347239069183077,0.574315560268187,0.5464022673223897,0.5394853363041608,0.5495362988393809,0.46141655140506305,0.28657738204358024,0.04855987049325622,0.04878860498788979,18.8734440760539,7.347848280583904
3346,Ha Nam,VNM,2020,2020-12-02,0.09013371017210639,0.2322057684695799,0.059016493663732336,0.0880846695552228,0.2406529535029918,0.19072752651665084,0.11843236640074162,0.4376971220631235,0.41835825664139736,24.143687258068187,14.184853409646577
3350,Hai Duong,VNM,2020,2020-12-02,0.08112487756356007,0.23421098242966618,0.04686154365937636,0.07861036924893408,0.2435419764806056,0.19160584138496672,0.1185481986208774,0.48185352244702767,0.4774843797521265,25.408159538607084,13.80287016402734
3354,Hung Yen,VNM,2020,2020-12-02,0.08353326061770926,0.244427058269781,0.04828108194952561,0.08000006701629135,0.2509507051941547,0.19604004714723874,0.12165781933704921,0.48562972825778683,0.49478932570575485,25.06312939548744,13.63850979155187
3364,Nam Dinh,VNM,2020,2020-12-02,0.096059351239967,0.21697902400062416,0.05807545634032126,0.08745334724399867,0.2350520990650471,0.20261622319528624,0.1338130826677664,0.38331487861700875,0.4107439302386004,25.666436165117666,14.362046160637892
3369,Phu Tho,VNM,2020,2020-12-02,0.09252828969393398,0.3206147616561356,0.07624768423796481,0.10196446780330784,0.3146124309048907,0.2114110637603666,0.11327280867413352,0.5998748758176625,0.5803195261231652,21.846148828204157,11.483405439112707
3372,Quang Nam,VNM,2020,2020-12-02,0.5463000227076755,0.5956958609137035,0.5533980533133699,0.5499087004821791,0.5632914593319711,0.45000878396837324,0.2657451253179978,0.0569645285049601,0.06227857533680419,,9.027536417813678
3381,Thai Nguyen,VNM,2020,2020-12-02,0.048296247500251896,0.3009270153822552,0.03385838248292753,0.058161708709127444,0.29790460738985836,0.18254131150951555,0.08451794334598976,0.7219398727697064,0.6619191260586362,22.231049691852093,11.509572418484524
3389,Vinh Phuc,VNM,2020,2020-12-02,0.11463740532479874,0.3001566027781282,0.09407302526582173,0.12011428300434036,0.29670133999289827,0.21723451133797045,0.12891339130045296,0.47651858834826555,0.49098818030154884,23.448882191482745,13.030195623903822
73933,Can Tho city,VNM,2020,2020-12-02,0.07516844029127014,0.1868286065758949,0.04660452871099463,0.07829136390310841,0.15981288495765436,0.11973544689251199,0.06800941503518272,0.401309581912169,0.26879132404900136,29.530309053844803,19.96144748923982
73934,Dak Lak,VNM,2020,2020-12-02,0.2083520750055361,0.3875811990522142,0.20321779777219706,0.2170121945505501,0.38187707901718654,0.26690936504068535,0.1574504505139863,0.4065574452999909,0.4291984774670124,24.57170270860217,15.765934754650056
73935,Dak Nong,VNM,2020,2020-12-02,0.08436287772398195,0.3206472905554439,0.0717972812444369,0.09374215293054945,0.31987908147021543,0.2091315290930519,0.10647969252090417,0.6629010049840309,0.6066828330057429,25.399353731952772,15.854385478049991
73936,Dien Bien,VNM,2020,2020-12-02,0.05470450012860272,0.31021643924045894,0.03879974899409212,0.06441925452540932,0.33139376302285206,0.20823680637776376,0.09389201691844844,0.7210609773532788,0.7030719355565915,23.140614071364617,11.55130514332134
73937,Hau Giang,VNM,2020,2020-12-02,0.06783979534926478,0.18828464211968302,0.04067174177132322,0.06772693015281311,0.15494886425447202,0.10155583765791798,0.05187615896474177,0.43135140054119264,0.276889407066775,28.912293916449098,21.364205162669233
73938,Lai Chau,VNM,2020,2020-12-02,0.08554381313197892,0.3086402424562753,0.07331989069910957,0.09433944496982014,0.31954673907123265,0.2085007075591247,0.10750701059657956,0.6589701255011197,0.586903987981884,21.847400649415707,10.645386676570286
73939,Lao Cai,VNM,2020,2020-12-02,0.3584824078855255,0.47204600962451343,0.35785128737788835,0.36294652259181576,0.4738102261307272,0.3933584431300647,0.26837114692120445,0.2548859744632453,0.2519433728016367,17.11525422649435,7.702901415225726
3326,An Giang,VNM,2020,2020-12-02,0.08000911516338066,0.20504862448145267,0.04522435767122066,0.0754213907951435,0.19060014236246242,0.13929560488155673,0.07604708565760003,0.39312619844611085,0.30912150123283616,28.652846256154934,19.68415205299915
3332,Ben Tre,VNM,2020,2020-12-02,0.05468873204185433,0.22327165868573556,0.029607738248965645,0.058785965108988675,0.19464563387828807,0.11819171721676533,0.056873992089069306,0.5597195305544787,0.4040665208043862,30.30366975784015,19.38910147445905
3343,Dong Thap,VNM,2020,2020-12-02,0.06355906385098883,0.23127930812932931,0.03562612394053563,0.06797210881654595,0.2057228168643665,0.14044587842651957,0.07108922181908414,0.5108934121758542,0.4075014826361323,27.849687804689935,19.828535277832422
3351,Hai Phong City,VNM,2020,2020-12-02,0.08187739133409247,0.20929078786220368,0.0511890675450352,0.08074613580907695,0.21274028469173395,0.16664086606758396,0.10404792415497637,0.43653691639383674,0.3713303384700252,25.238456847985493,14.154032732390796
3352,Ho Chi Minh City,VNM,2020,2020-12-02,0.06650584351309204,0.21645277219705944,0.042032625354210505,0.07003115509535444,0.20056803916194793,0.14291613489157834,0.08687275308002652,0.5130223017842904,0.41493150046419036,32.5514921854736,19.151634207695075
3356,Kien Giang,VNM,2020,2020-12-02,0.06458935515826186,0.17756868522057062,0.037228005835926795,0.06339853004381828,0.1528109219441744,0.10577737269726774,0.05364828165904461,0.4299764859191965,0.2608171799424748,28.400913035829863,21.62778930632579
3359,Lam Dong,VNM,2020,2020-12-02,0.053405896685297785,0.3216640807987536,0.035109801464850286,0.06467720662578826,0.3241294779467048,0.1954528187130757,0.08484038670812294,0.7467950138199662,0.6856836265981858,25.78247392583047,13.978656405489968
3362,Long An,VNM,2020,2020-12-02,0.06392746534635667,0.2113270190615908,0.03703656867865915,0.06645835353539245,0.1869445908960051,0.13085765659109133,0.06887076345320427,0.4846034252066823,0.3664837510011364,30.470685273890197,20.36386862979406
3375,Quang Ninh,VNM,2020,2020-12-02,0.043373265960868865,0.25219583261726514,0.031139900935288675,0.05291051109344056,0.24663846452436225,0.14810121420549116,0.06798971144326393,0.6836873835514007,0.5222825014186213,22.26835584998583,11.748917840453503
3378,Son La,VNM,2020,2020-12-02,0.08266640847373945,0.3232460590842559,0.06617728689654001,0.09183429759401757,0.3460596550659233,0.23523577217085306,0.12035263209054543,0.653857125185237,0.6914759397742092,23.46119493748413,11.55739079857726
3379,Tay Ninh,VNM,2020,2020-12-02,0.06273512845740722,0.25906904885618476,0.036791223285760837,0.06599648009969485,0.2723511359107509,0.19603077940836094,0.1068901736764782,0.5782672952995956,0.7713460427396696,31.70791345814903,20.63450291779071
3380,Thai Binh,VNM,2020,2020-12-02,0.09327995542955461,0.22765256816242765,0.056637753792531054,0.08786297822693284,0.24372599225789193,0.2055999171995276,0.13267380533815262,0.41722082358720713,0.44427317897038154,25.570746522836295,14.078716154089733
3382,Thanh Hoa,VNM,2020,2020-12-02,0.08109186264625282,0.300376012685765,0.0672595234504756,0.09015978280637994,0.2984248864942407,0.200555986930413,0.10550321577290687,0.6187461367448426,0.573671040331114,22.893476129776626,12.975634525078206
3384,Tien Giang,VNM,2020,2020-12-02,0.05637795442465129,0.23641399144557557,0.03272120810539351,0.06264452409882229,0.21211786148233253,0.1415282711747732,0.07425362583836974,0.587907065897718,0.4643480481387613,31.14550971530116,19.362917044761538
3333,Binh Dinh,VNM,2020,2020-12-10,0.3775590850198673,0.46195828473619666,0.38992586388394845,0.38639903544322796,0.43739062578306054,0.343355457929013,0.20342876360437662,0.13487302025297737,0.13277714172200616,24.443485099796405,14.86612578524134
3338,Cao Bang,VNM,2020,2020-12-10,0.3546791782702705,0.4483611704753327,0.36128986493070053,0.35973558884121476,0.4525334197469075,0.38920619180806865,0.28471443261902163,0.18161603417573852,0.20328366278787122,20.933084405102868,10.442654632971514
3355,Khanh Hoa,VNM,2020,2020-12-10,0.12340964395772229,0.32723913533664223,0.11302479338456696,0.13360323561142404,0.31095894618657716,0.20671660260089006,0.10659261937812242,0.5164306396706199,0.45517482684506255,26.08226981309113,14.664505574750724
3360,Lang Son,VNM,2020,2020-12-10,0.21289716299868228,0.40849501461420795,0.2077817858615899,0.22276603576630905,0.40926381761736785,0.3108259542090978,0.20295842305329317,0.4397363105235717,0.48593873435997526,23.833694863331633,13.372099257693558
3370,Phu Yen,VNM,2020,2020-12-10,0.3700622587881515,0.4635281511507305,0.37964285034547496,0.3792792478178065,0.4342170987538143,0.34464161840216406,0.2039830559713776,0.1553803961109125,0.14999492194394734,25.589554836418504,17.300334159850795
3371,Quang Binh,VNM,2020,2020-12-10,0.1572101618911803,0.2910645574059006,0.14993946758423046,0.16247479312454313,0.2945315617849539,0.23266976917287366,0.14898278478149576,0.475693308471702,0.35601742837072414,24.121958425209776,13.3804656565581
3374,Quang Ngai,VNM,2020,2020-12-10,0.4334245702510057,0.4987288981013267,0.446999462318254,0.4429054313638295,0.47044470693842066,0.3714074509128372,0.2109562637165101,0.08719276011299144,0.0849897679207031,23.416204301390756,14.834419474884353
3376,Quang Tri,VNM,2020,2020-12-10,0.22180539579328937,0.3403129393666006,0.21585656687284935,0.22627809345612096,0.34060870578593777,0.2820885785934518,0.18842131967851133,0.357622415641626,0.2959653790171338,25.815974192201423,12.744684847366996
3383,Thua Thien - Hue,VNM,2020,2020-12-10,0.1149893368516715,0.23848979236177173,0.11082243996440579,0.12133587956699111,0.24091824762778352,0.18214559765000193,0.11121688591918517,0.46475441005323487,0.31640552079369755,23.16893694974169,16.139178557072206
3327,Ba Ria-Vung Tau,VNM,2020,2020-12-10,0.12476546456153485,0.28456425128270446,0.11628243874007362,0.13298842432356958,0.2855064532733423,0.2097641389456762,0.117491142402874,0.4041345716434756,0.37711303678625946,29.41790235469857,21.694180689485805
3336,Binh Thuan,VNM,2020,2020-12-10,0.06529025389462087,0.2985945089136415,0.040680517514284184,0.07010141846003215,0.30540449578603623,0.20864147706544922,0.10159825897667737,0.66272128481613,0.6980258810953317,29.796820160067487,20.392501667857
3342,Dong Nai,VNM,2020,2020-12-10,0.09236559158291338,0.3048558866076753,0.0800201877325381,0.10423194895375774,0.3019815958825947,0.2025321845538368,0.10161847691146093,0.5415316388195726,0.5158384527869009,28.863841834986047,21.75826309001673
3344,Gia Lai,VNM,2020,2020-12-10,0.15596274388064552,0.3481463065968577,0.1447747119542522,0.1620033420977475,0.3519623392094724,0.25258189416523535,0.1379669860049662,0.47775539225138886,0.4986760411645805,28.008417220320517,17.01508761234024
3345,Ha Giang,VNM,2020,2020-12-10,0.4173731918547727,0.5011427841129261,0.41963650583523027,0.42042277408867573,0.49628149989554127,0.4179664678250983,0.2873639322148354,0.16400909315577034,0.17575247399193814,21.52486427564792,12.70024794946918
3347,Ha Noi City,VNM,2020,2020-12-10,0.13764580123971906,0.280353163377102,0.10777828211572603,0.1388058382883236,0.28462017631376174,0.23515995970083034,0.15513260473035478,0.35597334683301535,0.431583948450822,27.13588882403764,14.808230436353735
3348,Ha Tay,VNM,2020,2020-12-10,0.140096574774317,0.26723231493880795,0.12019042270590546,0.14274557651687858,0.26671728428858615,0.21564780615540224,0.14025579439671687,0.35082190787096784,0.3341722112112491,26.96491137668071,15.349693123555486
3349,Ha Tinh,VNM,2020,2020-12-10,0.23523971077146075,0.34779568083776546,0.2259013021582689,0.237749914739361,0.35196261988667643,0.30334754635227135,0.21245844315168097,0.34401412608002385,0.3000106520676827,24.902356632544386,13.51642513032027
3353,Hoa Binh,VNM,2020,2020-12-10,0.05670350159805001,0.27740138073660386,0.04592972101056823,0.06727253196002574,0.2787092074587973,0.17730589202880145,0.08468423787760938,0.691340159612484,0.5732851400854616,25.752142608551864,14.199917702944127
3357,Kon Tum,VNM,2020,2020-12-10,0.12464844832838375,0.34311608365959956,0.11466939932975789,0.13359670132692433,0.3457016957662815,0.22877142187518498,0.10998204230965948,0.5744432674131769,0.5566529648958771,25.704265397548888,16.563923291758236
3366,Nghe An,VNM,2020,2020-12-10,0.11618848135355465,0.33453734789365486,0.10727126874618347,0.1261668874519401,0.33304904267047647,0.22681754724175732,0.11975813254180293,0.6507133381662559,0.5441776233826383,25.611726852495725,13.214916977306345
3367,Ninh Binh,VNM,2020,2020-12-10,0.08799954960433305,0.2374605440494762,0.05863455817481911,0.08816425519419856,0.2412971510105513,0.18577065426639483,0.11117072152673571,0.4686316231752138,0.4261705853742949,26.61333715224734,13.610181223239245
3368,Ninh Thuan,VNM,2020,2020-12-10,0.07854709596761687,0.28246243114092834,0.06008915143547935,0.08452636136354705,0.2788672306860427,0.18794001206785296,0.09348260477235307,0.6097700150702692,0.5268200864363861,26.998484313909316,18.08834096678281
3377,Soc Trang,VNM,2020,2020-12-10,0.10345904067863215,0.2739673975515731,0.08314582468902064,0.11280385308288679,0.23201326199338926,0.15682386334371806,0.08087661184621735,0.42857522379960716,0.36139235304711703,26.922787621947307,
3386,Tra Vinh,VNM,2020,2020-12-10,0.10229022815133529,0.2781401989680445,0.08222758622753927,0.11142104647647556,0.2499670288245395,0.16711535284843843,0.08399913630285986,0.4370719369460233,0.374364204356399,28.41829095786658,
3387,Tuyen Quang,VNM,2020,2020-12-10,0.33279579592209324,0.4512232569865053,0.34208965838199873,0.34123258628153263,0.4379960101061405,0.3544418066211344,0.24085971456603839,0.23802998820056065,0.22650542105972443,24.23002133174293,15.282309622466942
3388,Vinh Long,VNM,2020,2020-12-10,0.09123016267902952,0.27425886475505384,0.07513110055774413,0.1025781388404419,0.250010142194312,0.17019035818757947,0.08558061192839711,0.4886490025587267,0.4065584556055886,28.401441256662306,
3390,Yen Bai,VNM,2020,2020-12-10,0.23072043036471862,0.3738894927793612,0.23148855027605195,0.23853972541534252,0.37412955383413876,0.288961570146812,0.18294773070063466,0.40377093462860486,0.336622736816196,22.27910679040165,12.793227124234594
3328,Bac Kan,VNM,2020,2020-12-10,0.41668282482795765,0.5064845192991682,0.4246962772137078,0.42144266157124716,0.5015445575370994,0.43567085177164805,0.3230781288254888,0.13235994742473578,0.17182228262935717,22.870234486261477,11.462698002766198
3329,Bac Giang,VNM,2020,2020-12-10,0.07592115375234448,0.3558735542793641,0.04920285455209591,0.08516050368133295,0.347169144710356,0.2252344143654229,0.1135969707699102,0.6508040937856765,0.7406204840102883,26.527754641811526,15.424672918065818
3330,Bac Lieu,VNM,2020,2020-12-10,0.11341105030719055,0.22453938156497447,0.09578239747473109,0.12021029882004222,0.18745438132093695,0.1347069105832344,0.07646314211404374,0.30334481657770895,0.22099386916813588,28.32722192329427,
3331,Bac Ninh,VNM,2020,2020-12-10,0.12934437106312077,0.28756950859274694,0.0782913959995232,0.12287632629593215,0.30161815636201966,0.25691308573357924,0.1680469632054627,0.38087656662692315,0.522566495073078,28.130513941468198,15.129595173292643
3334,Binh Duong,VNM,2020,2020-12-10,0.08012364197042503,0.30282808840793607,0.05886018215741485,0.0885633800943073,0.31606773287032314,0.2271220624260954,0.11497636250041254,0.5989735421344679,0.6349778356027236,29.96330387949006,21.790639728046035
3335,Binh Phuoc,VNM,2020,2020-12-10,0.04227347116716783,0.2777672605289504,0.02379363029499474,0.050509227871286616,0.285435824057097,0.1804669007766459,0.0741953321985418,0.7333760011948341,0.6179511937870905,29.503268634274814,20.22876329795764
3339,Ca Mau,VNM,2020,2020-12-10,0.10075712436162165,0.20981256436408116,0.08619528855208387,0.10854218280414211,0.1816723856042038,0.12567087696845833,0.07126152514066933,0.36484061848272387,0.22217064109327403,26.950162484650782,
3340,Da Nang City,VNM,2020,2020-12-10,0.3124138629462888,0.4008508601306469,0.32102077196398965,0.32007445393100936,0.3912568737374851,0.3211739087089371,0.19620166015426502,0.16189152694381687,0.15079799072423078,22.54820992030855,15.419880251836807
3346,Ha Nam,VNM,2020,2020-12-10,0.10713001562106426,0.2517624457337351,0.07658904874491732,0.10689421893620141,0.25830778238036983,0.20887491707924155,0.13209565488877945,0.4065330350963431,0.41917102486133295,26.566214330793173,13.205582623915616
3350,Hai Duong,VNM,2020,2020-12-10,0.1040025609473854,0.28423356150929857,0.06273016775885094,0.10371078228554928,0.28681190523739725,0.2246109740036987,0.13709842417968554,0.4647966249999565,0.5281818008560721,27.410767960589208,12.413978779132632
3354,Hung Yen,VNM,2020,2020-12-10,0.11539218336522021,0.2996844383651574,0.07427290055745381,0.11459491285425523,0.302619892243306,0.23987478182856176,0.14832591820671442,0.44812104549604626,0.5438691897482409,27.150857027098812,12.326455103275906
3364,Nam Dinh,VNM,2020,2020-12-10,0.12708934552131268,0.25953591167042733,0.08709398389324532,0.12129629008227115,0.2749539670799298,0.23997096743321034,0.15875382299111493,0.35288692334186494,0.43734283345815583,26.013888339692834,14.687894654898633
3369,Phu Tho,VNM,2020,2020-12-10,0.20978397724316367,0.35783760078474086,0.20537332247591394,0.21696008217946527,0.34737897944200974,0.26489480187096087,0.16749574754209134,0.3763677319281969,0.34019795435273104,25.343909950354078,14.559552296046158
3372,Quang Nam,VNM,2020,2020-12-10,0.2936479968191492,0.402946154649924,0.298992526344455,0.301219895970451,0.39077550984945353,0.31075552318134253,0.18725523893621646,0.2246796460814046,0.20406459256029374,21.736302206586235,13.641780006440975
3381,Thai Nguyen,VNM,2020,2020-12-10,0.1869277910734356,0.3519567477048114,0.19225169375247678,0.19836046212419495,0.33994872029106865,0.25357732719584597,0.16339107832840763,0.3860137957597479,0.37382064005975246,24.94650502107837,15.152136453122099
3389,Vinh Phuc,VNM,2020,2020-12-10,0.17152637304153562,0.306057324018898,0.16461228052379967,0.17675541506912368,0.3018369313477592,0.23763056763295393,0.1555946094003694,0.33733219231970857,0.32758986023499415,24.964571157171935,16.493991261776006
73933,Can Tho city,VNM,2020,2020-12-10,0.089705707760041,0.2679297587626259,0.0704382624765126,0.10606120124145196,0.23513023264143462,0.17004044321444187,0.0879359923352852,0.49030924098988726,0.40612567496564644,30.015269195987713,
73934,Dak Lak,VNM,2020,2020-12-10,0.12950469204025458,0.31960464670385513,0.11917281207323806,0.13670775946767902,0.3210625326754276,0.22854193442034795,0.1274130732197265,0.5087970655653522,0.48716863792344933,26.94222862629141,17.1961824044494
73935,Dak Nong,VNM,2020,2020-12-10,0.07663541489658622,0.3055444458851726,0.06410392622693196,0.08558005438624651,0.3050256165374026,0.19800953271343033,0.09838137995450333,0.656780952497255,0.5801011153174144,27.15456888329319,16.62490348162677
73936,Dien Bien,VNM,2020,2020-12-10,0.041552552862489614,0.27719820798217004,0.02584870318558845,0.049312085969547476,0.2982441290199861,0.18399280167903026,0.07908356973851426,0.7440621470648205,0.6381934015672734,24.66215929851626,14.20627650685679
73937,Hau Giang,VNM,2020,2020-12-10,0.10696319158651761,0.23686409140644998,0.09015497396633546,0.11276951778129429,0.2043105819880937,0.1435155060697353,0.0784415883837875,0.37237094530442283,0.32718316214550386,28.836350897574142,
73938,Lai Chau,VNM,2020,2020-12-10,0.04316419010185908,0.2775961806524684,0.028238758162391433,0.051846763517205206,0.29086662191377405,0.17577112109838833,0.07548449864292456,0.7560657693571106,0.6165098246052818,22.96077332061236,13.756069386227537
73939,Lao Cai,VNM,2020,2020-12-10,0.2535064732505988,0.37819832312122,0.2541636102128688,0.2596276844060766,0.3816716970857234,0.30428745837454546,0.19737872442602916,0.3325404625038861,0.28542323333359143,21.011004759475203,11.92518905874832
3326,An Giang,VNM,2020,2020-12-10,0.11154219608697427,0.24882029095616678,0.08139028564303998,0.11219881766630953,0.2321146000704063,0.17288460768697528,0.0930780933752151,0.3596300300594921,0.3003809707460136,28.754000566413396,23.16773731320352
3332,Ben Tre,VNM,2020,2020-12-10,0.08604342915910261,0.2811193066731178,0.06654508506064523,0.0960056367926601,0.25067282964228366,0.15787452224645354,0.07651594222438947,0.5023248743604724,0.4310009774940202,25.107281802607403,
3343,Dong Thap,VNM,2020,2020-12-10,0.07659226846810763,0.3081621764499503,0.0490015676926368,0.0901517859764409,0.27457969169892227,0.1854748859692423,0.08767511683653437,0.5518630676054732,0.5395604048427053,28.520803907176013,
3351,Hai Phong City,VNM,2020,2020-12-10,0.09858031142643683,0.22270900964890622,0.06762033574656642,0.09775056668719032,0.22228429426686314,0.17757496354663474,0.11382119821911672,0.39973466469153646,0.34430406805252733,26.930005576036145,12.118498443635014
3352,Ho Chi Minh City,VNM,2020,2020-12-10,0.14717047960668497,0.2852592506515833,0.13695440083001875,0.15602119713096213,0.2692322656889346,0.2022955712570272,0.12236849313880803,0.3525282932261048,0.3095786354327016,28.029833203984815,22.540080518755516
3356,Kien Giang,VNM,2020,2020-12-10,0.09160076555211479,0.2302258597920452,0.07379613593325579,0.10020711409689893,0.20284533983007724,0.1429079042153745,0.07291916493066976,0.4142337525190678,0.2931182847801367,29.560028706154853,24.267082265312258
3359,Lam Dong,VNM,2020,2020-12-10,0.053093706455388655,0.27412130760108055,0.040534134657884115,0.0620311887034823,0.2726568337817941,0.16496087034962095,0.07315596475279008,0.7042820610440447,0.5436473882107009,25.74934192626346,15.874364203229982
3362,Long An,VNM,2020,2020-12-10,0.09713408184689303,0.2754359497620023,0.0766403773817365,0.10647910901754046,0.24613350363380676,0.17275463400371427,0.08917568157619196,0.4707561126954126,0.4069767764715133,30.500023324558136,
3375,Quang Ninh,VNM,2020,2020-12-10,0.06737537295030524,0.29688219502440677,0.05526005172767287,0.07919264223942296,0.28549690413517065,0.17769022598885306,0.08704076796492156,0.6343780528588623,0.5605322075811614,25.02727574896477,11.869201679608363
3378,Son La,VNM,2020,2020-12-10,0.05484041564641392,0.27602352108812556,0.038499167665732505,0.06199221597243983,0.2983059763058963,0.19653172509005634,0.0931728288792438,0.702678680651415,0.6261976002767156,25.348183938375456,13.670992632489844
3379,Tay Ninh,VNM,2020,2020-12-10,0.09667794544105908,0.29935249913657624,0.07455274566655683,0.10326223963445454,0.3100642736848348,0.22482064200813218,0.12135868056783827,0.5072812517055191,0.5657386762946246,29.188462928770385,21.578759930648804
3380,Thai Binh,VNM,2020,2020-12-10,0.10772859651734012,0.25463836333995943,0.0680741156229788,0.10392308943623006,0.26570894661156913,0.2232948609795889,0.14191234518128296,0.40767753810305685,0.461700416154788,26.501936904583918,14.644911867434358
3382,Thanh Hoa,VNM,2020,2020-12-10,0.06860966371534682,0.29484286502189266,0.05420319576461434,0.07846633382172434,0.29427328909686423,0.19358470564889976,0.09540469730467524,0.6662708277768884,0.591602849652955,25.525396738003042,13.554084228913673
3384,Tien Giang,VNM,2020,2020-12-10,0.08570957958035223,0.3048508211459445,0.06672011154204,0.09825952799487235,0.2761419299884925,0.18691189815265263,0.09530595534676085,0.5631418708952157,0.5147722462277452,25.720240048790593,
3333,Binh Dinh,VNM,2020,2020-12-18,0.5763204131979216,0.6186312556281256,0.591110309521085,0.5841929899591509,0.5690043835579602,0.3910341288247321,0.22690588428281683,0.042508093077097374,0.04044454181541912,20.514519247293332,6.934546135556853
3338,Cao Bang,VNM,2020,2020-12-18,0.06752154748563617,0.30344814842054607,0.050008770700269094,0.0760381264637316,0.3253623770800932,0.21113584644456562,0.10289877631026219,0.6724516208496085,0.6469066784640879,20.251217278212714,5.880959661261827
3355,Khanh Hoa,VNM,2020,2020-12-18,0.6225073694650889,0.6596489623946091,0.6259337956680779,0.6282012609868739,0.5897942140360097,0.36111215906039207,0.20132833583680546,0.038673848308742785,0.035530878773794905,,7.606429513881062
3360,Lang Son,VNM,2020,2020-12-18,0.0915256592818297,0.27360356948471437,0.083248997073239,0.09710675215406063,0.2740209274801975,0.18003032503889738,0.09136964459278686,0.5951047343538494,0.4323383545404881,16.468201949576418,6.870909035140203
3370,Phu Yen,VNM,2020,2020-12-18,0.6561028262494872,0.6754614425345898,0.6704254853151381,0.6659303198652335,0.5905431151715645,0.3776339962744653,0.20540134505808805,0.01871673270229796,0.018017260886712815,,9.139529705545794
3371,Quang Binh,VNM,2020,2020-12-18,0.7224407787474832,0.7449742254702328,0.7146962781419842,0.7175266796127963,0.6987158764263652,0.5601538403456793,0.3382416450340794,0.0172740641389823,0.018962227561037638,9.11456194949748,7.521515064147672
3374,Quang Ngai,VNM,2020,2020-12-18,0.6818859120769588,0.7037253886839497,0.685635319501768,0.6848726398467553,0.6252522418263581,0.443143764744051,0.23964113749446897,0.018149780227341157,0.017816638878334356,21.034909004500882,8.835232538253203
3376,Quang Tri,VNM,2020,2020-12-18,0.7072665847077715,0.7207524948586626,0.7200477401399199,0.713744730057759,0.6374027247946682,0.45982278925481646,0.2673903719734277,0.03201825301522329,0.029851467407588022,8.044296572389122,8.333234962330003
3383,Thua Thien - Hue,VNM,2020,2020-12-18,0.7851487805088512,0.785433052137515,0.7969471239683986,0.7917437582891206,0.6666627169605726,0.4565503708493284,0.23159383261513933,3.996560971162997E-4,5.098366624560577E-4,6.0730660395279985,11.302004054263524
3327,Ba Ria-Vung Tau,VNM,2020,2020-12-18,0.1047150044127187,0.2775909107229555,0.08613981532746098,0.11197306674736326,0.2773535976553703,0.19798340151073485,0.1062413815751701,0.45639719252653405,0.42410975383207666,29.594126918450534,13.532703551954725
3336,Binh Thuan,VNM,2020,2020-12-18,0.20587037624480245,0.3765051553437102,0.192664258615361,0.21167310587646335,0.37740066842816855,0.2730436315956507,0.1557659878547567,0.345161547135367,0.34850114023979284,28.575786264810734,18.290460859594575
3342,Dong Nai,VNM,2020,2020-12-18,0.10427670338203637,0.3222257829299451,0.08731081865799269,0.11592328936947649,0.3151793379984185,0.2085158609696666,0.10308670904070727,0.5139235096983709,0.4849024743003384,29.04547829897003,18.41100136944618
3344,Gia Lai,VNM,2020,2020-12-18,0.2610943608223093,0.4137578887121282,0.2545795174824553,0.26713382194761537,0.40552791865501614,0.2894728218479431,0.16629725778131235,0.32401560880617863,0.3258166682641099,26.75046364602979,14.14918948916248
3345,Ha Giang,VNM,2020,2020-12-18,0.1255644029589717,0.32606738329910095,0.11527258478779051,0.1339160039251798,0.3416740611835995,0.2478045785060472,0.14685513108377587,0.571188736788008,0.5563468640362956,19.336937479525055,7.391872643847706
3347,Ha Noi City,VNM,2020,2020-12-18,0.2045537931250553,0.3115611922718805,0.17529192920035067,0.197677354823612,0.32260443790197507,0.27054862120249384,0.1764626349547319,0.2211236267478313,0.27377452824778964,20.042176250354686,7.296824254457944
3348,Ha Tay,VNM,2020,2020-12-18,0.26312068312679543,0.36845310888475796,0.23320006656559097,0.2577818340569641,0.3688474184942017,0.30196568097175147,0.18761826902295858,0.17785557714567637,0.18504097819092447,20.016299627357697,8.4310037743287
3349,Ha Tinh,VNM,2020,2020-12-18,0.6203616896457194,0.6591204535069408,0.6089720504882548,0.6151781394378009,0.6350121515166326,0.5289786227357998,0.33107806243616666,0.03486455641292653,0.03947771857906889,14.65148029752643,7.8072989490966265
3353,Hoa Binh,VNM,2020,2020-12-18,0.2944474771072892,0.4282864647513562,0.2795572218622205,0.2970716367147394,0.42173361005691934,0.32525543795750544,0.196802785288138,0.2039292866717194,0.21464468012865207,17.27212554032193,9.220004123529748
3357,Kon Tum,VNM,2020,2020-12-18,0.19348008715736661,0.3903375892224815,0.18089736365696177,0.19982402065291616,0.38099127589152154,0.2523236128400373,0.12360127714458008,0.5168837449845953,0.503939364086214,23.924561751678056,15.874703194757506
3366,Nghe An,VNM,2020,2020-12-18,0.38008266383617184,0.48038761392840185,0.3800764963105847,0.385907266584402,0.4670942477561633,0.3659005929211959,0.2277365339966951,0.1310634834457436,0.13744643366261028,17.184559471157467,6.695672531403063
3367,Ninh Binh,VNM,2020,2020-12-18,0.31082198190219845,0.3855679320032219,0.30716259800960416,0.31181499455399636,0.3812251505294481,0.3108101657856526,0.18819060646519015,0.12576439574151493,0.1261585057228137,20.26657116295351,9.767031132156786
3368,Ninh Thuan,VNM,2020,2020-12-18,0.41222074127329866,0.5085650944342696,0.4172149853837509,0.42054322948213124,0.4817502977724506,0.34659313468996567,0.20460176018774925,0.14448957742394614,0.1424682611157515,,
3377,Soc Trang,VNM,2020,2020-12-18,0.16360459098694652,0.310254713385226,0.16061207462348537,0.17530544950329358,0.26587023302051455,0.18867615713761615,0.10744121143474811,0.3070750411982756,0.2667484977790702,20.176085954727114,18.865143794586245
3386,Tra Vinh,VNM,2020,2020-12-18,0.14419796012001734,0.3041657255179963,0.13637915902520475,0.15769122222188967,0.2694458299963168,0.18454666902128397,0.0974561566909696,0.34632050245056034,0.3008129337951368,23.623372066474357,
3387,Tuyen Quang,VNM,2020,2020-12-18,0.15530669862589885,0.371261626729943,0.14842017874542207,0.16640980609629716,0.36854861768287395,0.2524063606715744,0.1382163535552029,0.4859953447879442,0.4817022159013422,22.31325786118812,6.74479507118951
3388,Vinh Long,VNM,2020,2020-12-18,0.16139179826821332,0.3121373386687305,0.17044661540885023,0.17847436818392004,0.2779972515710288,0.19002218606574847,0.10584349952271435,0.32418391603462676,0.26609293914249776,26.367915909166022,
3390,Yen Bai,VNM,2020,2020-12-18,0.11313999327168567,0.3088406358295743,0.10604540649854627,0.12357107215951724,0.31698780342536015,0.21765173038961372,0.11685555539767532,0.5557620005976209,0.4902242723597145,19.84083191570739,8.062260179299347
3328,Bac Kan,VNM,2020,2020-12-18,0.09550789058016305,0.36172535005795836,0.08761756486699764,0.10938078349704587,0.36362516247037946,0.22842107603934939,0.10875467735140379,0.654253791004633,0.655426306923632,21.9457133567414,6.215480065749094
3329,Bac Giang,VNM,2020,2020-12-18,0.21499413664048314,0.35707173024340305,0.20314552385309118,0.21515731527113774,0.3555672963305714,0.27488643463404666,0.1712827242204689,0.29281007203928405,0.3002388404437201,19.65475126972631,7.25313485786057
3330,Bac Lieu,VNM,2020,2020-12-18,0.11118723714218942,0.22329885368999305,0.09699295035244908,0.11874650383212688,0.18123507907549924,0.12870725097836724,0.07180596419898108,0.3104884168826366,0.22654473990226517,22.15936465743328,19.04018310110483
3331,Bac Ninh,VNM,2020,2020-12-18,0.23623519744429478,0.3277045170556782,0.20508596757677092,0.22539424988550788,0.3453708470621534,0.3020745549299514,0.20011332006600957,0.17446417847305232,0.2040298960236691,21.401978884298092,7.878227938700411
3334,Binh Duong,VNM,2020,2020-12-18,0.10508876285583854,0.3178631657017325,0.08594340607118016,0.11321750547511723,0.3284650170772595,0.23913750837720607,0.12732392817014845,0.5202302688190785,0.565370254735947,32.00072393333771,14.063449482998866
3335,Binh Phuoc,VNM,2020,2020-12-18,0.08822751909501929,0.3304373575824393,0.06959594081428153,0.09700251313313618,0.33352504258636634,0.2173561686657315,0.10290303991527525,0.6106115275957946,0.5949408871368453,30.34365194201143,16.284188380501195
3339,Ca Mau,VNM,2020,2020-12-18,0.10617236114487574,0.18559602749206316,0.10262893924194717,0.11535268943638302,0.1574602405881415,0.10890614717138888,0.06303984432093737,0.2711988715660798,0.15176691477332893,22.8340534963777,20.721568128780785
3340,Da Nang City,VNM,2020,2020-12-18,0.7125166330964204,0.7261369020390931,0.7200761096329007,0.7162306009638411,0.6578522717263687,0.4895829784824572,0.26986660275253516,0.010279727499003206,0.009834459281494146,,11.345918493901491
3346,Ha Nam,VNM,2020,2020-12-18,0.20772852325908686,0.3055715169577444,0.19017596779690035,0.20450624450987304,0.314129468989647,0.26529136153027144,0.174060140568412,0.20621420343275618,0.21807694180402895,18.134397697569685,9.026486690046331
3350,Hai Duong,VNM,2020,2020-12-18,0.31120607452167715,0.39223882626254136,0.2959689701113371,0.3067661843437853,0.3975918056358797,0.33304797358185123,0.20389488516334603,0.12384829992441683,0.13450031258629855,20.53550232060084,8.61429337470614
3354,Hung Yen,VNM,2020,2020-12-18,0.23631819659356668,0.3445325977263594,0.2044453626593478,0.22666138102692157,0.355526100192304,0.30301486327006116,0.20106536682575582,0.19942208050641944,0.2363404623421855,20.567688995780518,7.953494843833773
3364,Nam Dinh,VNM,2020,2020-12-18,0.3930176752489806,0.4388458291634801,0.39291499841082933,0.39228029208852583,0.4349664880374976,0.3599963265918604,0.20890447732801745,0.06460163057870752,0.06495738806007448,20.84221356142752,9.617205762932674
3369,Phu Tho,VNM,2020,2020-12-18,0.2459775039119894,0.3823884160047187,0.2393710792667978,0.25181908691142274,0.3684440189453307,0.2800083049739214,0.16848058301718594,0.2804413101261523,0.252055044710046,20.10710558849509,8.611912180694135
3372,Quang Nam,VNM,2020,2020-12-18,0.6714784688106501,0.6978581443126222,0.6808080260020699,0.6764732463907184,0.6265006258005296,0.45332186831853605,0.24655307272133734,0.024033027500073127,0.02398443506653826,2.122068965517282,11.855254318729727
3381,Thai Nguyen,VNM,2020,2020-12-18,0.22629770405503244,0.3864360158665613,0.21856349833195624,0.23021910545378485,0.37995885878362656,0.28692500304462754,0.1754023040038982,0.33743326021232967,0.34402203025867656,20.330773021555373,6.937020619270632
3389,Vinh Phuc,VNM,2020,2020-12-18,0.2721977688301479,0.39524672625850077,0.2422733884550106,0.26726789701340486,0.39691049428375474,0.3201585280628525,0.19852790556290711,0.20570544616880113,0.22619503686367182,20.636584901825785,7.756567529886621
73933,Can Tho city,VNM,2020,2020-12-18,0.12115428598586032,0.31648320795289725,0.12389855921556507,0.14365001040053751,0.2767245263278244,0.1919388272050518,0.09918518763672197,0.44707086806525514,0.38789848331706817,26.701324683162362,
73934,Dak Lak,VNM,2020,2020-12-18,0.43285445293270997,0.5190601755986193,0.4417180294769891,0.44208469333537637,0.4731207527127726,0.29602932074533744,0.16015931037418196,0.16706090566086584,0.15436564955925014,29.689333333333373,8.773607443209753
73935,Dak Nong,VNM,2020,2020-12-18,0.30128350432328216,0.43724634865656575,0.31111120785963464,0.3120246248821459,0.41998980868846475,0.29395276935440245,0.17037037315089348,0.2501094419011026,0.23759794675476725,,
73936,Dien Bien,VNM,2020,2020-12-18,0.09246423678550232,0.2979771866552225,0.07916752503903247,0.09804571360169438,0.3189111567048021,0.21856669707454404,0.1189337942626324,0.6069058053896398,0.5573984721135725,20.444547919977932,10.041428565982603
73937,Hau Giang,VNM,2020,2020-12-18,0.12984262990267173,0.26208136414677596,0.12452563527597425,0.13964317182792774,0.2250026328319975,0.1627460055772059,0.09222928837488541,0.34563278561176497,0.2568248263473786,,18.77745687159598
73938,Lai Chau,VNM,2020,2020-12-18,0.09573167186670622,0.2998661649383333,0.08404335361735242,0.1024284138804158,0.3130481452774053,0.21288276613526308,0.11720532528929693,0.6224472372866718,0.5448121066595331,18.488671611434192,9.557150888388591
73939,Lao Cai,VNM,2020,2020-12-18,0.23237832561520688,0.3671899296866357,0.22972254883817203,0.2382697231110184,0.37949500456285984,0.3100285611550554,0.2135129915771346,0.3541003473270524,0.3428651964394256,17.849666029464736,7.061383732723587
3326,An Giang,VNM,2020,2020-12-18,0.11830295544035897,0.23653634760018208,0.10439977910865533,0.12463074597278101,0.2169535647114957,0.1584898256066632,0.0860330123364499,0.32735001866912167,0.2277004247164207,23.33816666666669,
3332,Ben Tre,VNM,2020,2020-12-18,0.13005036351977398,0.2874551461574985,0.11929322236038227,0.1414143178455814,0.2526042876562012,0.1629398574980651,0.0840812678447624,0.3680038674217345,0.2816113912902691,27.0350806016067,
3343,Dong Thap,VNM,2020,2020-12-18,0.12800533392434085,0.3259238457060568,0.11703308918347378,0.14492723718227432,0.2889767844318478,0.1958038132213906,0.10193893781207168,0.4335906566239228,0.38520342274657193,26.611196105843742,
3351,Hai Phong City,VNM,2020,2020-12-18,0.3079540817709033,0.36690200845637544,0.308907728918419,0.3105163754421691,0.3666793462674037,0.30352317468238377,0.18467282671538734,0.09915289026730033,0.09024400011795641,20.82416648929816,10.335593239224922
3352,Ho Chi Minh City,VNM,2020,2020-12-18,0.13054860548423353,0.2911380470180337,0.1122803359862272,0.14138864393137623,0.2697624813773166,0.19306909344794548,0.10960390058588303,0.3876750670133829,0.3306908180247902,28.53276820805011,12.612787525261822
3356,Kien Giang,VNM,2020,2020-12-18,0.09536821256683356,0.2429682633220111,0.08623788194187205,0.10798490446823017,0.21494233053496253,0.15118626639364602,0.07915068283770994,0.42747978538254927,0.31328151414561933,20.045801024417372,19.062471333361977
3359,Lam Dong,VNM,2020,2020-12-18,0.28293602990066336,0.43886940831928345,0.28347565459711394,0.2933909433459867,0.41929287848079416,0.272099686284908,0.15003026188768318,0.28456157543874994,0.2685293760441114,24.33703389830513,
3362,Long An,VNM,2020,2020-12-18,0.1011444342845948,0.28562612749734556,0.08486407391579419,0.11335709578877474,0.2533317681817467,0.17263768089345102,0.0878519738983833,0.470520678148989,0.3929237750512503,29.896826147065184,16.510000000000048
3375,Quang Ninh,VNM,2020,2020-12-18,0.21902579741326053,0.3406617264183341,0.2242502343416912,0.2279507620876564,0.33325959315917747,0.2519805979510268,0.15633909923366698,0.23792638184543424,0.22866139769764182,19.939602830818888,8.947998045375746
3378,Son La,VNM,2020,2020-12-18,0.08607815550097037,0.26319023351677356,0.07377648508456269,0.09073300329952247,0.2808989573245318,0.19522717171382856,0.10357476743850726,0.6053179282094412,0.47703363991226866,20.96667808731791,9.531671472005069
3379,Tay Ninh,VNM,2020,2020-12-18,0.11635456959914603,0.3090424934516212,0.09705147971397218,0.12303888406373466,0.3171834763163986,0.23107483659021588,0.12911153475206266,0.45343936835775006,0.543586607275901,31.21293805039976,16.61943705797543
3380,Thai Binh,VNM,2020,2020-12-18,0.35537011102177923,0.4105392151359052,0.35251879670345293,0.3540148652924797,0.4119579019075173,0.34102042159680057,0.19753172810973482,0.07736953060106741,0.07359233784838234,21.268256813148355,8.949588674478507
3382,Thanh Hoa,VNM,2020,2020-12-18,0.3425579326747499,0.4569730086014533,0.3351160294789244,0.34585182979461937,0.4469127025000339,0.3490753163523196,0.21092419313046104,0.15753832966984224,0.16977016495329,20.376214732544593,9.027129990463106
3384,Tien Giang,VNM,2020,2020-12-18,0.12535113206606566,0.313343085213744,0.11723188087171757,0.13979849766840122,0.28016581985530364,0.18512784132258314,0.09583121146669239,0.4352460761370159,0.3686544826679622,28.05841390612649,
3333,Binh Dinh,VNM,2020,2020-12-26,0.097183336267432,0.2796997257333091,0.08945002024761471,0.10588842555263012,0.2717839804487718,0.17853238158887502,0.0942133304620137,0.5318625434057538,0.4208928448702738,23.62472857615721,15.668660175362833
3338,Cao Bang,VNM,2020,2020-12-26,0.05299176298720022,0.31226522236642323,0.034679898402762345,0.06263075218192535,0.3436905012756691,0.22038303675082072,0.10010380142772919,0.7173217475134358,0.7488112616668229,20.04067240475047,6.106657852216403
3355,Khanh Hoa,VNM,2020,2020-12-26,0.052726592796375905,0.265939838830305,0.0408813773806643,0.06156373836362003,0.25356788595945995,0.15215466230738714,0.06859684736248808,0.6883319065924122,0.510750932340058,23.34898991001132,18.101245162760886
3360,Lang Son,VNM,2020,2020-12-26,0.049877581611591525,0.30183430490922236,0.032318725788010115,0.05946132092177012,0.3196089255989276,0.2012281264683841,0.09113944333306703,0.7161522983971652,0.6921373550733964,18.222034169742706,6.4585880427170395
3370,Phu Yen,VNM,2020,2020-12-26,0.06433221478735078,0.25875292641398634,0.051426480819368986,0.07228696961083438,0.2449371211620327,0.1557692729404011,0.07570040075384157,0.6327435857139886,0.4800312878283423,24.34991175262059,17.638808375091376
3371,Quang Binh,VNM,2020,2020-12-26,0.032171844374073666,0.19158603085901785,0.021229600081975792,0.03902024617782821,0.20086099730849674,0.12855301166644187,0.05630327677918296,0.7266545569317442,0.4207972939828883,26.221139528008603,15.956981570315854
3374,Quang Ngai,VNM,2020,2020-12-26,0.055388994238837135,0.2522266364548724,0.04009852472725886,0.06381698596810309,0.2532319276166443,0.16693477104227358,0.07926550658001928,0.6618524476099621,0.5092964970245804,26.236153054772277,16.825031955788504
3376,Quang Tri,VNM,2020,2020-12-26,0.04088639534568072,0.19405579692556046,0.027177102241621023,0.04646531155442079,0.2025750094663224,0.13599044223522852,0.06354838324053302,0.6558997205654895,0.40256569742787873,27.735037653935926,16.964944706412485
3383,Thua Thien - Hue,VNM,2020,2020-12-26,0.036842382348644676,0.1852575938588131,0.025617090525287184,0.043015208654239655,0.19413864654943236,0.12645755120482122,0.05767376177947315,0.6631823364106828,0.3919931107375421,27.57334466218006,17.21451336592832
3327,Ba Ria-Vung Tau,VNM,2020,2020-12-26,0.07265568248272168,0.273797416102389,0.047491191006031816,0.07809833995160133,0.2793776104371739,0.2004746424335241,0.10662580394682922,0.5210146678522584,0.5973068844333239,29.505366727838307,18.922139954036233
3336,Binh Thuan,VNM,2020,2020-12-26,0.061784491349587155,0.3170226825542744,0.03219205710766365,0.06687941348124371,0.3282458836892171,0.22368748194458124,0.1091883091381767,0.6858419270460007,0.857155863601279,28.870251186790366,18.37966309634174
3342,Dong Nai,VNM,2020,2020-12-26,0.0469371735357445,0.2569567739458851,0.02856384222743698,0.0552252157602884,0.2546069192325236,0.1636392226632534,0.07771384955307424,0.6697763600718156,0.571766654947387,29.362535075554476,21.03157341938303
3344,Gia Lai,VNM,2020,2020-12-26,0.053316484078088845,0.2820972713033787,0.03105235489796275,0.057208374390825344,0.2943687061845471,0.19175819266745012,0.09082313770045478,0.6920388507965889,0.6438885794373793,29.024318855574602,17.413903336720253
3345,Ha Giang,VNM,2020,2020-12-26,0.23460233228550656,0.3844998108865612,0.23328672621765298,0.24265033217826384,0.3996792736916941,0.3173284828335283,0.20831250015194233,0.3360243625544748,0.3335421111829664,21.45468796704302,10.870030102216738
3347,Ha Noi City,VNM,2020,2020-12-26,0.09801084298303916,0.2336831698096949,0.05901513578450714,0.0924831938952047,0.2459450392172798,0.20491558919911748,0.1407085283264194,0.40419321168837713,0.49207975169685014,24.635858721138945,10.875957913020045
3348,Ha Tay,VNM,2020,2020-12-26,0.0887684651588619,0.23792412436609428,0.05342168626241805,0.08685402306042794,0.23977780467753904,0.18754767985779408,0.11661596174516328,0.45102181591792917,0.4460207885798072,24.602085399643844,11.781496813789204
3349,Ha Tinh,VNM,2020,2020-12-26,0.173265424981752,0.28567701575106447,0.16008480857033766,0.17614463032419886,0.29086718360784913,0.2434832354860856,0.16623857916804932,0.366727162570117,0.6238190814796103,26.700624095285153,16.04465498004766
3353,Hoa Binh,VNM,2020,2020-12-26,0.05262434334501181,0.299574757254342,0.03806829206000499,0.06443622693529091,0.30559248026496943,0.19352635720588734,0.08850615134690606,0.7012177476886663,0.6653407020250585,22.531675766881126,10.069529192920575
3357,Kon Tum,VNM,2020,2020-12-26,0.0407466984290285,0.27587360071181105,0.024801326699332375,0.047966687299940795,0.2863330002835445,0.1729783426049719,0.0730229257878776,0.7475548269613047,0.6238455356090628,26.209472940712036,15.567392472538867
3366,Nghe An,VNM,2020,2020-12-26,0.15284663424054087,0.3602205903479781,0.14481273347218585,0.1631668090127304,0.36039843329080395,0.2610731068801054,0.15389240966465056,0.5192523629538942,0.5216140634734326,24.99151511358108,13.868028501532613
3367,Ninh Binh,VNM,2020,2020-12-26,0.0884138137688166,0.23284258936856506,0.054277219440052274,0.0858849409405829,0.23692107459312736,0.18152553675566005,0.11123697269337604,0.43665762042904,0.40695988349424345,26.12771338913958,11.324374632778994
3368,Ninh Thuan,VNM,2020,2020-12-26,0.0570666968890062,0.285478937655071,0.03636232224851898,0.06385604029479147,0.2855882994414802,0.18424304786062928,0.0857535388702797,0.6742803452658471,0.5986337859185574,24.19791218643116,18.28119854830541
3377,Soc Trang,VNM,2020,2020-12-26,0.11985425810049598,0.30194045872421477,0.10015621892152331,0.12916663763944547,0.25780179285106664,0.17498205846887252,0.09126330268014046,0.4092530563290222,0.3746975337039036,27.22380766538201,
3386,Tra Vinh,VNM,2020,2020-12-26,0.1262112398644181,0.2725876431745078,0.11277347279454471,0.13462957766112044,0.24582833545776392,0.16962398366248746,0.0933913984333806,0.3596336156374862,0.2929528626002009,28.19293328668067,21.406304209448457
3387,Tuyen Quang,VNM,2020,2020-12-26,0.06840849308714426,0.3547715682235796,0.058533149631145816,0.08411753250683235,0.35893955642589387,0.22331270806829354,0.10157135005091944,0.7021627381626532,0.729173224513881,20.791619013439423,8.251214131444302
3388,Vinh Long,VNM,2020,2020-12-26,0.0989081599339271,0.32705072270759833,0.08713098639812283,0.11436206141273024,0.29214980779887784,0.19626923545688688,0.10215770872414286,0.5356173427817503,0.5310836203891168,27.54341730643925,21.608128175256212
3390,Yen Bai,VNM,2020,2020-12-26,0.12489271639671899,0.33126126818841745,0.11840380298382416,0.13636056453102519,0.3438233644172493,0.24413046591925935,0.13500059049715193,0.5677675579175356,0.5410849317286388,21.18727377543329,10.502861284456175
3328,Bac Kan,VNM,2020,2020-12-26,0.046794800780801574,0.33775898495864415,0.037079252772733,0.061224484700461636,0.348509050492677,0.20697896573755542,0.08528478032125827,0.7605077598617335,0.7515251054684245,19.272342536570985,5.445436167639202
3329,Bac Giang,VNM,2020,2020-12-26,0.07337769639312323,0.30586131979446496,0.04394518406658531,0.07624733052395248,0.31487310402373286,0.21338287142705495,0.1146513455970478,0.6120514961245672,0.6633055025586359,21.67943138395858,9.662947191649776
3330,Bac Lieu,VNM,2020,2020-12-26,0.08604924318839992,0.21428791427189695,0.05908713815915939,0.09112412061509258,0.1720689662873488,0.1168462504769817,0.05959126801069622,0.38529111190024784,0.2697388361506145,27.69422617937911,
3331,Bac Ninh,VNM,2020,2020-12-26,0.11597690594277313,0.2343327211867486,0.06590220470826531,0.10289305928064504,0.2503521333388301,0.22131330045473657,0.1582185597302555,0.34063355592204464,0.4294094172786529,24.22861646858748,9.966175935407648
3334,Binh Duong,VNM,2020,2020-12-26,0.05729920777986394,0.2604082910644443,0.03402524837147849,0.06227182005924113,0.2754007094503375,0.19870437076328096,0.10320537957506133,0.6396145636677699,0.5793729807731405,32.28994589926239,22.083752510744496
3335,Binh Phuoc,VNM,2020,2020-12-26,0.03731444548660821,0.26684791346578307,0.019541476116467362,0.044123785007074555,0.2710962645247638,0.16691120606501297,0.06743084908794982,0.7525508646436054,0.5952216596419911,31.41393187837674,20.04323218327998
3339,Ca Mau,VNM,2020,2020-12-26,0.06832550830415608,0.19171521724187182,0.04725330775628982,0.07574094370535553,0.1587966616835205,0.10069704779814821,0.05037988735296227,0.45708883649205795,0.26078241832124593,27.0234271833299,21.546178245697543
3340,Da Nang City,VNM,2020,2020-12-26,0.04623127491755852,0.21939754190311805,0.031956087216173344,0.0532619637673654,0.22181199304655477,0.1447821529544886,0.07155881206825285,0.6837049822520328,0.4593980723690746,27.363805211236063,15.13638112304754
3346,Ha Nam,VNM,2020,2020-12-26,0.09638516337558935,0.2205442710064157,0.0640543854338866,0.09284113282349708,0.2260474267577396,0.18587205162994577,0.12222873661996518,0.39150051833679467,0.3689040072679678,23.895733999614244,10.602097131750849
3350,Hai Duong,VNM,2020,2020-12-26,0.0998505417514965,0.24844563761877686,0.05638113513120185,0.0941735912081038,0.2537400940972811,0.20490011900313157,0.13598531567016825,0.42469456217671636,0.4643568237403215,23.548059648549934,10.437786612429143
3354,Hung Yen,VNM,2020,2020-12-26,0.10335891046446609,0.256671259247903,0.05838214900217464,0.09535702349402493,0.2649205807816526,0.21600941922817235,0.14486202701680215,0.4274109847116374,0.4960244576205006,24.429549199404892,10.239520086708538
3364,Nam Dinh,VNM,2020,2020-12-26,0.10603234655043481,0.2081646124016813,0.06061274893572778,0.09294154218157202,0.22005198805935644,0.19683123743875386,0.14054746033865298,0.32538380592468685,0.3485803055567587,22.473803083721833,10.54566160222161
3369,Phu Tho,VNM,2020,2020-12-26,0.0706919453008382,0.3093573699689296,0.05093428990648506,0.08006631308430605,0.3101696805998996,0.20514164213282657,0.1014276349292564,0.6340352296467531,0.6312009077493327,21.741572253628195,9.459466856858386
3372,Quang Nam,VNM,2020,2020-12-26,0.036989689268493754,0.2279550392328359,0.02603289644411964,0.04516532981127764,0.22876023874106963,0.13822715381435627,0.05889609903164953,0.7310184506475293,0.4803209038502011,25.84762580808874,15.552826302484204
3381,Thai Nguyen,VNM,2020,2020-12-26,0.0575520379691403,0.3024501327148451,0.04004915397986203,0.0662657099027752,0.30509223227428495,0.19468875820665238,0.0946852836755717,0.6792444740635105,0.6622688664870515,21.233619997301567,7.500701770881998
3389,Vinh Phuc,VNM,2020,2020-12-26,0.0837366625456042,0.2804532599753529,0.050715455366393825,0.08467066005715923,0.28341741009354976,0.20686630652930357,0.119442784266017,0.534011224699356,0.5648208261738745,23.732550920337232,10.846812906191854
73933,Can Tho city,VNM,2020,2020-12-26,0.12457442487092299,0.3766815637036372,0.12419594640761292,0.14618084999256162,0.33205627200643584,0.22946173111785836,0.11872137710008213,0.49947023965617027,0.5433588192534373,28.07102214867157,21.418543743464692
73934,Dak Lak,VNM,2020,2020-12-26,0.04346734324007952,0.2531656917028237,0.025572842363210883,0.04895230647671071,0.2606922585938791,0.16647969184679134,0.07512397657376708,0.718840442207937,0.5736473349872463,27.524231085458005,17.982815420920748
73935,Dak Nong,VNM,2020,2020-12-26,0.03105874753397494,0.24880013340160687,0.01713973896945969,0.037691337950010555,0.2520407803957508,0.149554308945234,0.06110102131914306,0.7773985803823693,0.5601061263790685,27.60700019660281,16.920163599618583
73936,Dien Bien,VNM,2020,2020-12-26,0.0643177456617849,0.2752544350062982,0.04917357275556974,0.06915495683515208,0.3011977998342863,0.19984054844538496,0.09732714417452752,0.6609577046423457,0.5887167816168607,24.30985467506546,13.774288092900518
73937,Hau Giang,VNM,2020,2020-12-26,0.12845607958575925,0.2983616847643463,0.1152710275902273,0.14020966177775535,0.26768367911821467,0.18981543519154048,0.10368577387328709,0.40375996678381976,0.354072591444263,28.86248934299259,
73938,Lai Chau,VNM,2020,2020-12-26,0.04923148404593959,0.2688183792308584,0.03539503595350677,0.05650765025586675,0.28721923914168174,0.1793424798753871,0.08002012709258899,0.7283000415411975,0.5759043844120098,22.719060956910283,13.661435424928932
73939,Lao Cai,VNM,2020,2020-12-26,0.28536918612494233,0.40328488453984496,0.27991889387528296,0.2891864011234267,0.41649313530717125,0.34302947219632157,0.23102154648305456,0.2925993565863128,0.2897622693948881,21.335655237855274,11.950533164678887
3326,An Giang,VNM,2020,2020-12-26,0.07798789025405205,0.23159102249984212,0.05672622891862121,0.0850678804915886,0.2065124576525324,0.15172416769162542,0.07953063389731481,0.4789102674342816,0.3724676709660698,29.605377617544544,20.78006956966964
3332,Ben Tre,VNM,2020,2020-12-26,0.09434007191866933,0.27383976847110136,0.07532152197475224,0.10182037722236745,0.24242434446548333,0.15473055531409086,0.08001020689950601,0.4749019053991542,0.38464736969626195,28.055329997098397,21.187780050720875
3343,Dong Thap,VNM,2020,2020-12-26,0.08800877006626738,0.32069625763157344,0.07514655960689665,0.1042204515657653,0.27756663043718516,0.18515828665067854,0.09249019395006301,0.5610395266213051,0.5268227937279373,28.10124452052295,22.48695823334515
3351,Hai Phong City,VNM,2020,2020-12-26,0.0902208131615769,0.20747748228306076,0.05560965655362443,0.08689697091645168,0.21262616278523774,0.17050228579707116,0.11141817456836067,0.3886210004211316,0.3415599565357361,21.30616015479617,11.748839606173936
3352,Ho Chi Minh City,VNM,2020,2020-12-26,0.09431801770341167,0.2486743854935492,0.07624854175888704,0.10222305229476272,0.23284079751572398,0.16787171533892625,0.09959028364281625,0.447781158443733,0.38064007425852353,30.33827659893838,22.690904549542257
3356,Kien Giang,VNM,2020,2020-12-26,0.0782027871111233,0.2842650430316932,0.061008043623735866,0.09387562092435596,0.2509004432965508,0.17185911379873278,0.08478448905947499,0.5546235903582641,0.4938600792340412,27.504508970117143,18.941474149492066
3359,Lam Dong,VNM,2020,2020-12-26,0.034923340463562005,0.2662639365368945,0.02028655577905549,0.04374028435088442,0.2666324207851595,0.15378319643808097,0.06216297951880046,0.7737362586592033,0.5770435118344109,24.877771536666486,15.416230960370576
3362,Long An,VNM,2020,2020-12-26,0.08599594654079529,0.2952919450144668,0.06747665702871242,0.09939057300696832,0.2655580466865411,0.18381678424286513,0.09447261973031232,0.5414038596642318,0.49586772310214416,30.231002636378427,22.64034087223882
3375,Quang Ninh,VNM,2020,2020-12-26,0.05597645991435483,0.2601531368156374,0.039937989897673234,0.06475635309274809,0.2601163731872313,0.1659504054894861,0.08167055569997768,0.6372985098058441,0.5311080075143151,19.149789094951316,9.313554423587778
3378,Son La,VNM,2020,2020-12-26,0.053233087831209204,0.27013886997748326,0.03374054986210899,0.05810402902617154,0.3037407983722633,0.2058648019468867,0.0984723040543889,0.6739137079778279,0.6608326776502276,25.24502452870729,12.735572490396326
3379,Tay Ninh,VNM,2020,2020-12-26,0.058338996196184635,0.2565060338604854,0.03453891560988623,0.06379598445242307,0.2647714270658391,0.18935250495208025,0.09714489433626768,0.6119976443464356,0.6135890259017523,32.558413404168775,22.068348462015496
3380,Thai Binh,VNM,2020,2020-12-26,0.10918865065115299,0.2252000217988512,0.06422456062424418,0.09737064181207039,0.24152547898872195,0.2130438908135431,0.15274203310612575,0.34455834812405667,0.4178542299082818,21.748812729846364,10.036629351058217
3382,Thanh Hoa,VNM,2020,2020-12-26,0.07577260095144063,0.31874277059361916,0.05598180966531184,0.08527856617158908,0.32142812205743015,0.2145658803050809,0.1089902856974637,0.6255092696958399,0.6517717914900244,24.78104441877126,10.132917527228225
3384,Tien Giang,VNM,2020,2020-12-26,0.09604864382055851,0.3246983187476032,0.08104488821269774,0.10918725870821616,0.29222884774202035,0.19591294823680544,0.10278530143328299,0.5368957622809041,0.545263809883924,28.94090710530145,21.956662456787154
