ADM1_CODE,ADM1_NAME,country,year,date,sur_refl_b01,sur_refl_b02,sur_refl_b03,sur_refl_b04,sur_refl_b05,sur_refl_b06,sur_refl_b07,ndvi,evi,LST_Day_1km,LST_Night_1km
73615,Maluku,IDN,2020,2020-01-01,0.14301410062193295,0.3332604182253816,0.14451400761394717,0.15823310551924555,0.3107786050602631,0.186296689928565,0.0939838978644853,0.45558403492799904,0.3767554901153862,28.07787330078235,23.735638948393394
73616,Maluku Utara,IDN,2020,2020-01-01,0.13455134094145574,0.3339478389947965,0.13659515754797888,0.14919373762316265,0.3157267290855756,0.19481070358509675,0.09972376949078504,0.4679999656930673,0.4008183488793654,25.34819477914204,19.599629559853007
73609,Bangka Belitung,IDN,2020,2020-01-01,0.130418334111753,0.3413896929036067,0.12633490139305428,0.1427319378422787,0.329318384046556,0.20968797088659005,0.10587818899047198,0.4878162751075503,0.44795631318120843,28.72524331781064,19.973144735090745
73610,Banten,IDN,2020,2020-01-01,0.197907181647813,0.3729062105990852,0.19029769485005263,0.2071758485974559,0.3604890393671729,0.2676913373465323,0.1635074691824175,0.36059703363159923,0.39946237642889715,25.88089327010338,23.646270493539493
73611,Gorontalo,IDN,2020,2020-01-01,0.13232470739404378,0.33859665601851935,0.13174054364315277,0.14624399750010567,0.3198981108320823,0.2037648309778823,0.10671406401124738,0.470786152511718,0.4204006499276597,28.20032967511815,19.749155229568803
73612,Papua Barat,IDN,2020,2020-01-01,0.06751263522611024,0.33204205062802267,0.06032587074874787,0.08422605602610701,0.3180131057175812,0.17000051827554227,0.07143894397041643,0.6756431733982037,0.5698133979383586,28.5328438305123,13.44646228637589
73613,Jawa Barat,IDN,2020,2020-01-01,0.193945091403661,0.3476124531378039,0.18964458355834624,0.20281169213797995,0.3310299908033477,0.22956381370298906,0.13080462515644786,0.34808881904967076,0.3260582119265244,28.62372700580104,18.601198874406606
73617,Papua,IDN,2020,2020-01-01,0.09151763255164311,0.3013926786727894,0.08617650641130457,0.10375011392687608,0.2922542785920896,0.16644210992717054,0.07944952123341913,0.6030224999878686,0.4480426526397498,29.17366335419264,17.46759238556895
73621,Sulawesi Utara,IDN,2020,2020-01-01,0.12319520419823517,0.3114148495684964,0.1264131314435187,0.13483078202401017,0.2816168814035307,0.17191693075960607,0.09017776252991974,0.5145879777413505,0.3878406778577329,27.35354710652054,20.326696283089255
73622,Sumatera Selatan,IDN,2020,2020-01-01,0.14915165977065487,0.3782748354707287,0.14613302591602015,0.16241361884054104,0.3684428181349992,0.2508469435218665,0.13527579245793897,0.5015512276583415,0.5344013513786872,28.626235098278194,19.296794299502064
73614,Kepulauan-riau,IDN,2020,2020-01-01,0.1698012116196339,0.31000971215486856,0.17326061068282594,0.18219103815091495,0.29751915244146654,0.20393378844488216,0.11680633945880899,0.34457526248114007,0.29120001218351055,29.445953171871157,22.322892266211625
73618,Riau,IDN,2020,2020-01-01,0.11585853767884212,0.34293690442182695,0.11478777250916643,0.12785311567717195,0.32710754182594654,0.20814059764541865,0.10734817514739539,0.5528287944410298,0.5011247384973677,29.782887563370842,21.153361567440584
73619,Sulawesi Barat,IDN,2020,2020-01-01,0.0878500626705871,0.30263361918493586,0.0844381720775974,0.1007748008891245,0.28325184176264573,0.16601920017441063,0.07837954269689704,0.615458064901806,0.47090061929868954,28.12550574798072,14.507931034482791
73620,Sulawesi Selatan,IDN,2020,2020-01-01,0.12977827321833582,0.3044526968947786,0.12208464948581019,0.13944346412296676,0.29211952187596474,0.18960936692832958,0.1006948495832502,0.47386277204581584,0.3913371035451104,29.559753379848118,9.920183150183183
1512,Nangroe Aceh Darussalam,IDN,2020,2020-01-01,0.04966795231448087,0.2785719914443601,0.04163112271138891,0.06113537952021484,0.2698942128912759,0.14932638647705035,0.06341472204409268,0.7449053194845823,0.5324851344836363,26.99538993628368,18.964305637692952
1513,Bali,IDN,2020,2020-01-01,0.14198474014683454,0.3473367871664214,0.13701661015683586,0.15479087440396108,0.32711811645491373,0.2145419223161145,0.11378706330600995,0.4445513790382613,0.42733518336758725,26.76289185667761,21.277901493474136
1514,Bengkulu,IDN,2020,2020-01-01,0.09141613137140184,0.35051211134973204,0.08631325429857303,0.10765400591477424,0.3387811320106606,0.20716589454297502,0.094885306666231,0.6389176327553012,0.6000796716280412,29.0393326460069,17.49085492979924
1515,Daerah Istimewa Yogyakarta,IDN,2020,2020-01-01,0.1033796594916658,0.30518523124905383,0.08850240429980682,0.112509633694654,0.2970235079353674,0.21010760900344766,0.1193768498320666,0.535307539112054,0.5193967853705183,31.236104712201314,19.565778983719795
1516,Dki Jakarta,IDN,2020,2020-01-01,0.2116087454829227,0.2731705216405813,0.20364964036464742,0.20893020635950293,0.28517628122446154,0.26543467309229174,0.20435560900209668,0.14822509625318772,0.18395989158907244,,
1518,Jambi,IDN,2020,2020-01-01,0.13370016946693242,0.3716626301155109,0.13219124741596155,0.1472726237033742,0.36253482430762135,0.2378069186554759,0.12241143405182675,0.5357919829085009,0.5323737930128744,28.62801778824889,20.447575263909496
1520,Jawa Tengah,IDN,2020,2020-01-01,0.18188060875626968,0.3619737756486741,0.1778260171533465,0.19364062330654083,0.3378820485898215,0.23239930392005184,0.1336950860541096,0.3767092929641077,0.373017402426523,29.86906251257157,18.58260965613373
1521,Jawa Timur,IDN,2020,2020-01-01,0.13995161088705133,0.3218206921657757,0.13204603300923431,0.15089643580297793,0.30645472875557656,0.2170524282514971,0.11964324334874152,0.4357019521262136,0.4024608159957835,30.339286778463233,20.998417054278463
1522,Kalimantan Barat,IDN,2020,2020-01-01,0.12480271054684622,0.3691453624416493,0.12239664816319482,0.14035375996055738,0.35190138589893766,0.20884318065635374,0.10135527528244782,0.5503679894635307,0.5106947864602901,27.6885182639064,23.9690357369423
1523,Kalimantan Selatan,IDN,2020,2020-01-01,0.12225793116568139,0.3122880789214226,0.12133924797641378,0.13495658693378668,0.2992638227201704,0.18961082233266646,0.09990475992014082,0.48715024665168843,0.40944875018159194,28.90727395038187,22.510000000000048
1524,Kalimantan Tengah,IDN,2020,2020-01-01,0.10219645940778518,0.33629005014745916,0.09716359355506943,0.11576364451964086,0.3230990986279726,0.191342994836512,0.09459377159620061,0.5658851124907763,0.498823048114365,28.159949826992257,21.451818201690976
1525,Kalimantan Timur,IDN,2020,2020-01-01,0.11451712948228335,0.34109857832896845,0.11136291149636161,0.1278301309711876,0.3289824695579506,0.192477332355555,0.09438585030930173,0.5413755576646502,0.4688749820749815,27.394317271866623,20.513485391942233
1526,Lampung,IDN,2020,2020-01-01,0.18391373613805792,0.37625362913276644,0.18089307983473868,0.19414257936846854,0.3684408675959264,0.2703887119396575,0.15915127180874872,0.3898390598891002,0.4423856385148631,28.583224935967888,21.361896785648348
1528,Nusatenggara Barat,IDN,2020,2020-01-01,0.13749014882942506,0.3227719514573157,0.12963731551667385,0.14797776192746098,0.30782741611669845,0.21144746814304832,0.11751543993738045,0.42714288060206196,0.4136077549351671,29.52806569190366,21.05761723290746
1529,Nusatenggara Timur,IDN,2020,2020-01-01,0.14175415802231808,0.3327899334614099,0.13065401115866082,0.1512820167121153,0.33292896678503464,0.24165034469424546,0.13600996973306123,0.4395291289711255,0.4903700700628343,31.75254951923365,22.11270251022741
1532,Sulawesi Tengah,IDN,2020,2020-01-01,0.12020617719484891,0.3137214425321478,0.12072116727276803,0.1330763585133647,0.2968012758049298,0.17877275390415837,0.08928634198921448,0.507560966370912,0.3940896204032181,27.874018667003824,20.256428803748136
1533,Sulawesi Tenggara,IDN,2020,2020-01-01,0.07745366450233976,0.2750331050897702,0.07299894037527815,0.08894213532822785,0.26407214918675076,0.1607083919248746,0.08221107659372212,0.6197807383848352,0.4640732795976791,28.713515151100637,14.287984409799522
1535,Sumatera Barat,IDN,2020,2020-01-01,0.1193235404099928,0.33856738648902635,0.11778388261215172,0.13250183454473252,0.32940364111149634,0.21118530613705136,0.10839328734275919,0.5602444378461163,0.49068077478830757,27.963976256099436,19.765007648384362
1537,Sumatera Utara,IDN,2020,2020-01-01,0.08241762527718893,0.3095283132708576,0.07935473871478635,0.09525384135697793,0.298539060111564,0.18349448131847076,0.08810942185986487,0.635196051832305,0.5218758508818194,28.296081813199002,19.437242175822444
73615,Maluku,IDN,2020,2020-01-09,0.07674095738942688,0.31339067779469254,0.07229374542892615,0.09290571515121884,0.2920705458244823,0.16578309408639813,0.07660463934097939,0.6410727407334503,0.526442373945876,28.7551544595018,21.755512385725762
73616,Maluku Utara,IDN,2020,2020-01-09,0.08890961139955124,0.33251869674851237,0.08434403294942763,0.10492845621475645,0.31937330056149776,0.18639332111374568,0.08797678685350402,0.6154669019825993,0.5449247691741332,26.63705254333822,21.355512553629545
73609,Bangka Belitung,IDN,2020,2020-01-09,0.1463262906479057,0.3336416019448233,0.14959257290949954,0.1588942666028219,0.320532581802645,0.2064966007381507,0.10643329140836828,0.4282368414229017,0.3751013576129956,29.370926307801003,20.430545176178885
73610,Banten,IDN,2020,2020-01-09,0.1290106573455833,0.2892852433932146,0.12649167611584797,0.1381365317715992,0.26808241518146486,0.18072902932216103,0.09752760806114882,0.43030822756487674,0.34096190318770153,31.306646102722976,21.779520639996953
73611,Gorontalo,IDN,2020,2020-01-09,0.09866372206557478,0.30008542257125276,0.09970549484808719,0.11114263463057747,0.28183676049111833,0.1749851567998135,0.09123672925050992,0.5549333109626066,0.44618124060192355,28.657247137551423,20.136037597024224
73612,Papua Barat,IDN,2020,2020-01-09,0.05309303388862352,0.2913967314235498,0.0474212110767594,0.06660756348446094,0.2778369261800824,0.14398451271295143,0.0592534447729817,0.7264743204209031,0.5261374048792246,28.32880128421162,19.8341109282331
73613,Jawa Barat,IDN,2020,2020-01-09,0.07924841389281716,0.25183542758209354,0.06784315665047015,0.0859063575218644,0.23624325746288555,0.15768662822570328,0.08122940306199973,0.5605762933756838,0.41453590374907684,32.02228402752357,19.185793389346856
73617,Papua,IDN,2020,2020-01-09,0.09894658209851814,0.3189604372404585,0.0951426824438501,0.11228993906196952,0.3096978270095606,0.17987059418316884,0.0868304419420837,0.5768534704111673,0.47074364065743723,26.946584528602582,16.474648280528445
73621,Sulawesi Utara,IDN,2020,2020-01-09,0.1138237559475154,0.3640203270309515,0.1095106852218628,0.12933479416121013,0.3321642283734878,0.19598774197384497,0.09497586628390092,0.5773427994779644,0.5223070732810225,25.588723814916534,20.238370083984986
73622,Sumatera Selatan,IDN,2020,2020-01-09,0.195726104886406,0.40267864449253254,0.19466649933208074,0.20878016871430063,0.388082608233684,0.26445447640220143,0.14761134510560758,0.381945910100965,0.40462823316334695,27.67725022772412,20.058088553135043
73614,Kepulauan-riau,IDN,2020,2020-01-09,0.1496378634060006,0.30900045293290296,0.15428673165859821,0.1652982097453175,0.2955917148249544,0.19592932401693677,0.10753848211475525,0.3618941318356345,0.31021990281625916,27.48380898621935,22.110295352268466
73618,Riau,IDN,2020,2020-01-09,0.1508031510459101,0.3742772157931417,0.1540699777961616,0.16495521612538805,0.3526583075281903,0.22094188218817482,0.1129052894198056,0.45490101133510497,0.4272161310506427,27.723438483740626,21.319571000864762
73619,Sulawesi Barat,IDN,2020,2020-01-09,0.11151800304653424,0.30971656110520457,0.10979702147854487,0.12366211971002374,0.294144414659487,0.1727568496327073,0.08580750557117395,0.5382824353850552,0.4071830154761714,29.736332912237163,16.58163022096671
73620,Sulawesi Selatan,IDN,2020,2020-01-09,0.09991468716609696,0.29989781510309493,0.08936032904912017,0.11080021693710075,0.2903818286423042,0.18645690701206122,0.094599443678761,0.5323189669994131,0.46943446511305603,29.917766984155833,18.68092307414856
1512,Nangroe Aceh Darussalam,IDN,2020,2020-01-09,0.0661195391114814,0.2832844376580252,0.06139192821640055,0.07796313357398749,0.27381376802345975,0.15490482579903436,0.0695994082731502,0.6663994427357675,0.48589622764167184,26.991007890523633,19.45175966878312
1513,Bali,IDN,2020,2020-01-09,0.08825068505597054,0.3661491381867365,0.0712658306962081,0.10278576715972515,0.34828385064971956,0.2228270197789514,0.11235994737759923,0.610422725527452,0.6917425824558814,31.285877433800504,18.903952818924942
1514,Bengkulu,IDN,2020,2020-01-09,0.11928503409186492,0.35786598724886226,0.11600333181814024,0.13453246582837608,0.3458139554168348,0.206919959811777,0.09824420468504425,0.5630489301600818,0.5096389772027312,28.064089840058145,18.427526020896813
1515,Daerah Istimewa Yogyakarta,IDN,2020,2020-01-09,0.15340491447580373,0.3486106861333056,0.15115461494638227,0.1662364531476482,0.3364017579540763,0.23474465952984946,0.13051034770217243,0.4248246301412745,0.41499347500311107,33.99525934795336,22.129306088895465
1516,Dki Jakarta,IDN,2020,2020-01-09,0.20831907519757745,0.25535568937258335,0.2127805029326195,0.21101060484059134,0.2546784354244216,0.20164669856401693,0.1320305520730019,0.12418159060740984,0.09409077100602714,40.709321355947765,23.628937242271586
1518,Jambi,IDN,2020,2020-01-09,0.17282462449318095,0.3826568481291601,0.17862349651894482,0.18677322203411173,0.3699353542510112,0.24271648701994825,0.1301006565515452,0.4162098899835368,0.4056391602393835,27.759594433645454,17.46509070801142
1520,Jawa Tengah,IDN,2020,2020-01-09,0.12368000658324889,0.3297583511398548,0.11793828740256025,0.1361199805128647,0.30779007296979655,0.21224859493620865,0.11453590235060503,0.4909047942681158,0.4705944255315045,32.423372370870446,19.128387559606182
1521,Jawa Timur,IDN,2020,2020-01-09,0.1108184334296034,0.31921496501409696,0.10225510868132225,0.12239997407007445,0.300667596559118,0.20743398024060716,0.11021496539851935,0.5210253277861407,0.5034726045447315,33.531908107522156,21.17211173088156
1522,Kalimantan Barat,IDN,2020,2020-01-09,0.12104273443689059,0.3613306366355981,0.12045359166040638,0.13654441650433455,0.3469368963974742,0.208815412381573,0.10117804809063552,0.5345789106855829,0.49050477279843296,27.568566071328615,21.21299253374872
1523,Kalimantan Selatan,IDN,2020,2020-01-09,0.13307577053669703,0.3282792557222774,0.13561904783697146,0.14716661627814248,0.31449920682177007,0.20637628912340747,0.10865995883467593,0.4596925940468316,0.4019913938235904,28.84589286076464,23.20993296068396
1524,Kalimantan Tengah,IDN,2020,2020-01-09,0.08920274233999333,0.322657205299069,0.08694244945016047,0.10308593033331431,0.3094264898877271,0.1792206855770147,0.08329582039053554,0.6075207278373462,0.5067815911423564,29.12701468051044,22.633934888222623
1525,Kalimantan Timur,IDN,2020,2020-01-09,0.13395344828256614,0.3283654308628104,0.13751931992976624,0.14635535185544926,0.31438708033509527,0.18645156650659075,0.09305561896661696,0.49425232400529984,0.38581958777471836,29.049845325944805,18.947534925177482
1526,Lampung,IDN,2020,2020-01-09,0.1421730949731841,0.348554344038235,0.13794556792750054,0.15348850237873723,0.3348021298308115,0.2291911291853441,0.12389165193183907,0.46331246217738153,0.45023347975340267,29.526899278502686,18.656886961573203
1528,Nusatenggara Barat,IDN,2020,2020-01-09,0.07259063729306385,0.3447212242302099,0.04768802122348465,0.08529159441657724,0.33660871083029387,0.22283722149534213,0.11543516419673037,0.640244734477799,0.7829187133768188,29.855221996150128,21.347049146332658
1529,Nusatenggara Timur,IDN,2020,2020-01-09,0.09034973407519876,0.3147088004478443,0.07729908559765628,0.10217442074934273,0.31289687744903666,0.2117677482753817,0.10917573675493905,0.5851638752767507,0.6141278234350943,28.725236273430646,20.540575744889246
1532,Sulawesi Tengah,IDN,2020,2020-01-09,0.12050916574871058,0.3367406860126412,0.11998274195363269,0.13496965526088311,0.3235110659432253,0.19637512144545813,0.09880737318643719,0.5166225250856431,0.4513395477562584,27.780054261876938,19.444043133028813
1533,Sulawesi Tenggara,IDN,2020,2020-01-09,0.09875831728182385,0.33916391212495556,0.09170829283409207,0.11362135667755763,0.32763930117372975,0.19908976086419214,0.0956708604855795,0.5864230011900673,0.5389363691365369,28.201197160390834,22.23079168899964
1535,Sumatera Barat,IDN,2020,2020-01-09,0.156532221316759,0.36850387965076703,0.15904451524739024,0.17161713907041543,0.35192128004538964,0.21615811756280925,0.10693511782469864,0.4518661926269052,0.4130543622142738,26.653206173645952,20.06659468984295
1537,Sumatera Utara,IDN,2020,2020-01-09,0.10666988140416304,0.3260460382837974,0.10710663313653852,0.12084541788968875,0.3128041950573828,0.1913216077394051,0.09136088802405483,0.5430984275765744,0.4574833074218758,28.04342070006295,19.511521912844138
73615,Maluku,IDN,2020,2020-01-17,0.07814226807844163,0.32784378971337597,0.07298170785171765,0.09514676940915454,0.3052464475250895,0.1725629234037522,0.07919024489735967,0.652513383810465,0.5453556857952251,28.215363219487504,21.72205205974298
73616,Maluku Utara,IDN,2020,2020-01-17,0.04764933563577393,0.26312577316572483,0.04301025304840906,0.0594282187611185,0.25017069063628056,0.13332396722183276,0.05622080051325867,0.7329318119395365,0.4984248533127012,27.696973881671006,20.25738207358668
73609,Bangka Belitung,IDN,2020,2020-01-17,0.1285128059364856,0.3381395155064521,0.127312420567063,0.140535500569761,0.3255879560444995,0.21193386301492595,0.10927523065434044,0.4960363236621672,0.4540338065987428,28.523094669011975,22.307969277077078
73610,Banten,IDN,2020,2020-01-17,0.13677503371517966,0.3137003568812462,0.13629628623029638,0.14834465265379015,0.2921371617638437,0.19520737485203069,0.10261852396204625,0.44919016973763487,0.37373035195386334,30.820629052939235,22.959645130345418
73611,Gorontalo,IDN,2020,2020-01-17,0.04402963818995427,0.2908982799240936,0.033975406384478005,0.056409745437524104,0.27695902786110876,0.1535078150895357,0.06548619629474857,0.7497893342872797,0.5954868505045514,28.817270892340872,20.828888627959884
73612,Papua Barat,IDN,2020,2020-01-17,0.07711332587014794,0.35301188493333796,0.07012857096551285,0.09390007658051061,0.3414907867894311,0.18548679621999148,0.08024462340793168,0.6739429043868692,0.603692281298691,28.332960325020448,20.01378852989766
73613,Jawa Barat,IDN,2020,2020-01-17,0.11957173894554166,0.3401503066845337,0.10417541979699894,0.1307126200490246,0.32603222633683027,0.22272044058057716,0.11561326115713937,0.522204852984772,0.5323504010902047,31.81156080761122,21.73241870069258
73617,Papua,IDN,2020,2020-01-17,0.079044190381842,0.3333437751292888,0.07039166160248472,0.09411870386580021,0.32799577977515587,0.18235627498371298,0.08064469245508066,0.6580273105198898,0.5605747831365485,27.71102866713471,19.08497188218057
73621,Sulawesi Utara,IDN,2020,2020-01-17,0.046568285360537774,0.31480959185572277,0.038006262122501376,0.06155148634322713,0.28885796488385146,0.15528753670513937,0.06419726573841426,0.7539993866154048,0.6167974156673058,26.779703094907585,19.74513893317263
73622,Sumatera Selatan,IDN,2020,2020-01-17,0.19926287178862312,0.3735928788206589,0.20953058698710594,0.2121580545139033,0.35223753317377055,0.24313482279562937,0.1371863967382995,0.3777245187015134,0.34546360698777046,29.56610337959138,22.278708287852204
73614,Kepulauan-riau,IDN,2020,2020-01-17,0.13237781048423913,0.29050338718081714,0.1349813433488264,0.1461471058660716,0.27571840095390643,0.18450219606134113,0.10090679967330007,0.4212968529262547,0.3287438471058206,27.908540915119975,22.69704385635311
73618,Riau,IDN,2020,2020-01-17,0.16332490988565243,0.342006232644483,0.1753751930033486,0.17561808166151055,0.3181513972343593,0.20869964431006074,0.11451983927205406,0.4312285406789625,0.3503192796482858,29.841932876119465,21.87248335611235
73619,Sulawesi Barat,IDN,2020,2020-01-17,0.04977769605502259,0.3147274004411116,0.040391142302049314,0.06531808228811484,0.30163612954698293,0.16568001753073083,0.06709389205818123,0.7506549708307203,0.6150228849383159,27.862267464218597,19.22073028934284
73620,Sulawesi Selatan,IDN,2020,2020-01-17,0.06795296118549436,0.30107032631790004,0.052739934076568115,0.07992370184854368,0.29271279470335737,0.18054846329628915,0.08394765059715097,0.6403791188755011,0.5732288188273765,29.882130503613087,18.610035041806153
1512,Nangroe Aceh Darussalam,IDN,2020,2020-01-17,0.04681347796248058,0.28628611376952395,0.03915875111533414,0.05906243877341872,0.2784455530623816,0.1524581447505721,0.06366667244374855,0.7565742833171387,0.5627479790385027,28.07691692738976,19.5545491180903
1513,Bali,IDN,2020,2020-01-17,0.05781726798921812,0.3122799016098208,0.04233898948150064,0.06965302826207519,0.2922134305200138,0.18064169527104063,0.08760022527416564,0.7057109190120862,0.6530917801294313,31.132726598076093,20.641366658893578
1514,Bengkulu,IDN,2020,2020-01-17,0.10146273214191796,0.3114623853008093,0.10021890896914185,0.113897981531264,0.2964974432815719,0.18088777085852528,0.08701367633085207,0.6101720399443548,0.47528991666987225,27.480895699037323,18.914162163039123
1515,Daerah Istimewa Yogyakarta,IDN,2020,2020-01-17,0.06163600783227175,0.3061945478038934,0.04190110311626072,0.07235681360322713,0.30046018966683863,0.1989790507799439,0.10172000125242998,0.6774724210317941,0.6864099100681266,33.79209824039426,21.944175810733828
1516,Dki Jakarta,IDN,2020,2020-01-17,0.2530721066248468,0.2942971244222441,0.2576552845100197,0.25708726007377897,0.2789982979216566,0.21988838586262077,0.14785216992789288,0.09946318475969032,0.08769476259449517,31.7483717122096,23.71439550721603
1518,Jambi,IDN,2020,2020-01-17,0.24384854421968874,0.39202683264955535,0.2607096557920063,0.2563585138360379,0.3702475106122183,0.25796255967259873,0.1509130315309957,0.29904919218068177,0.26166412249115606,28.98952682488244,19.270459991931215
1520,Jawa Tengah,IDN,2020,2020-01-17,0.0657468063693824,0.3140040512412342,0.046113069548966414,0.07720352078666412,0.29776556421323724,0.19521408062531323,0.09462511947325282,0.6642155854977472,0.647317166428985,32.64920300297393,20.331454253104862
1521,Jawa Timur,IDN,2020,2020-01-17,0.06747162829287288,0.3207108487323028,0.04759218596811873,0.07974296878458062,0.30445027664143864,0.20132443476489004,0.09944392224737975,0.6643186744481436,0.6767219480002614,33.51148876465318,21.60452880941306
1522,Kalimantan Barat,IDN,2020,2020-01-17,0.14295956339491353,0.36160275296678723,0.14365685389913482,0.15637423622082244,0.34653235837502266,0.2143825693647668,0.10983842545152626,0.5113059730049928,0.4504970222035737,28.04291120369092,21.53823998933441
1523,Kalimantan Selatan,IDN,2020,2020-01-17,0.06511623254936817,0.3254368788642537,0.05355595999033036,0.08006365285077899,0.3173022907481454,0.19180026496772182,0.08422320139966483,0.6832590281613152,0.6336182560536684,29.992240638801533,21.012488768545023
1524,Kalimantan Tengah,IDN,2020,2020-01-17,0.11153535284734667,0.36509116246852197,0.10738309812338345,0.1270310270469372,0.3568901409680143,0.21280138969231335,0.10180174820834274,0.5823860290531612,0.552770608624198,28.285396144020105,21.365339709540823
1525,Kalimantan Timur,IDN,2020,2020-01-17,0.0691072107561626,0.3529443346924885,0.058854033407730794,0.0843344051483137,0.3484472828092889,0.1964430078162586,0.08479990802196623,0.7023315806872537,0.6612648175467024,27.106934192308422,20.22259206732078
1526,Lampung,IDN,2020,2020-01-17,0.17952643185310124,0.3936676515658985,0.17500973070733175,0.19176598248030777,0.37647788725319653,0.27002086664246344,0.15244572755080474,0.4300412841700886,0.4891053402049805,29.928449168482008,21.061799116311636
1528,Nusatenggara Barat,IDN,2020,2020-01-17,0.06858807542638194,0.32281768749116657,0.049110275715797895,0.07996240958459473,0.30855413862072556,0.19991970191447364,0.10263390746604395,0.6562460930495562,0.7035116629408308,31.570168231541,21.377611837770132
1529,Nusatenggara Timur,IDN,2020,2020-01-17,0.07999614138142608,0.31994702776650574,0.0667249792359479,0.09280029564343531,0.3137319500242388,0.20762320361975423,0.10523344040178399,0.6292157416215765,0.5924236279107723,30.71496707722702,20.7250369780935
1532,Sulawesi Tengah,IDN,2020,2020-01-17,0.04900296089411655,0.29929173449282925,0.040875571819506976,0.06311745395203604,0.28976819775768115,0.15873056481918818,0.0665020046362444,0.7372140155999503,0.5918564130938199,27.667013819371903,19.565093121969902
1533,Sulawesi Tenggara,IDN,2020,2020-01-17,0.06330431557308702,0.3033862434918761,0.054974844327230814,0.07696305662011893,0.2922190764406485,0.1685185430995466,0.07504626066618102,0.6868831172215875,0.5682140294762814,29.531795631819545,21.186430951268676
1535,Sumatera Barat,IDN,2020,2020-01-17,0.2229067961337405,0.3761234523591167,0.23138500973414053,0.2341793837380207,0.3558883848721462,0.24425968114206165,0.1389351461335285,0.386441891292282,0.3106980086709711,27.96330466456599,20.480225415408416
1537,Sumatera Utara,IDN,2020,2020-01-17,0.10113625305362291,0.31131729036739214,0.10249093256987714,0.11402928361209945,0.3011136411935327,0.1852899668828664,0.09122952688423441,0.5768078113173144,0.4694788511383952,28.928286898793687,20.5743073300479
73615,Maluku,IDN,2020,2020-01-25,0.057027360194719365,0.345943577013615,0.046883131006998396,0.07630927367376085,0.3228410745101142,0.1762103317865131,0.07373360805596763,0.7329165273020248,0.6897570813880016,28.85647907242323,22.323501882119306
73616,Maluku Utara,IDN,2020,2020-01-25,0.05578134421528395,0.31841613035063976,0.04797000435900136,0.07208757818827491,0.3049808563914708,0.16664561135731276,0.06990672467179802,0.724849190071681,0.600667189352443,28.194504579613472,21.07034122212783
73609,Bangka Belitung,IDN,2020,2020-01-25,0.10807035872849875,0.3435679213171768,0.1018682830130025,0.12094403350399692,0.33614571562267354,0.21598378640539223,0.10860831156973212,0.5441477895918249,0.5459763551158086,29.59447393865541,22.93722419225616
73610,Banten,IDN,2020,2020-01-25,0.1565216970712865,0.36117968745074,0.15284191282784304,0.17104696402649705,0.3418929040902259,0.23474348924565652,0.12717610064998924,0.4108959513119446,0.427544683252509,29.05014403811917,21.960978682823924
73611,Gorontalo,IDN,2020,2020-01-25,0.06975766983202146,0.3605210212204188,0.056378761388256544,0.08543667767037542,0.34391677577040597,0.20023974445408624,0.08979223078819548,0.6963792264595637,0.6997513002255591,28.98440982208192,21.103892247463154
73612,Papua Barat,IDN,2020,2020-01-25,0.041205323876178576,0.32551845657872935,0.0316047120553406,0.05806675870728523,0.3139503075822422,0.15886192524814616,0.0587282126543236,0.7769263007929611,0.6383610208116451,28.79639128583416,21.348072006619432
73613,Jawa Barat,IDN,2020,2020-01-25,0.11291996761009115,0.32218492494624,0.10137858597866382,0.12391581640467521,0.30582110371613974,0.2089796848691545,0.10914265684334822,0.5126903814977614,0.4929945370870104,29.89002220052762,17.255466559532397
73617,Papua,IDN,2020,2020-01-25,0.0804557972842062,0.31484262085560805,0.07336240563688658,0.09424175923440117,0.30692964985182825,0.17080895808075744,0.07732102967239499,0.6426206971525672,0.5044268981411638,28.775452790094512,19.04952870258603
73621,Sulawesi Utara,IDN,2020,2020-01-25,0.08570018363353392,0.3658805652475125,0.0769709592957406,0.10179833208057047,0.3400071300248869,0.19822231779233057,0.09290375702479295,0.6659379882611862,0.6364089480323613,28.129831769605634,20.336288991023064
73622,Sumatera Selatan,IDN,2020,2020-01-25,0.14465362674903062,0.361601068642808,0.14596305508398064,0.15851451623404753,0.34651902857391315,0.22866832331142617,0.12159495349017747,0.47609892372723533,0.46383758418796855,29.608813415744162,18.550001942294013
73614,Kepulauan-riau,IDN,2020,2020-01-25,0.07383171312947118,0.29305038349163254,0.06028580692058776,0.08730157523214238,0.2829834556489343,0.176348885026552,0.08712778711882581,0.6079806320328988,0.5330036081671354,29.602162951726925,22.32038157766893
73618,Riau,IDN,2020,2020-01-25,0.11142197428405916,0.38814275201797765,0.10539260783621071,0.1275686249202854,0.36904015545717833,0.2271215556224814,0.1066903388523035,0.5848163454165638,0.5917936854861634,29.436110390769272,21.987963105419677
73619,Sulawesi Barat,IDN,2020,2020-01-25,0.06924174510079649,0.3191386657436803,0.06228758038371628,0.0838571681640794,0.30107594351683803,0.17139126148087974,0.07619989676990191,0.6810673930472527,0.5660474572695561,28.040879941091703,20.686554973410857
73620,Sulawesi Selatan,IDN,2020,2020-01-25,0.09912255753200779,0.3333867327129832,0.08730322980997444,0.11304257607164596,0.31847762910805255,0.2007126894407448,0.09737262180575972,0.5676963193868612,0.5467950782168409,29.070512179856028,20.090842511652593
1512,Nangroe Aceh Darussalam,IDN,2020,2020-01-25,0.09284692815875771,0.34875206351044574,0.08611710516614984,0.10816641740447892,0.33929042642327933,0.19963484151209163,0.09159815775468703,0.60584743858541,0.5498916359206143,26.67875007373903,18.148729327018778
1513,Bali,IDN,2020,2020-01-25,0.07848644945413046,0.34392449328666713,0.06276781672268228,0.09171827272206597,0.3197575094489896,0.20184346226438987,0.10079602132186713,0.6492808744033126,0.6530137113765689,33.850488518790534,20.615232730618878
1514,Bengkulu,IDN,2020,2020-01-25,0.07056403709578775,0.33309695454633587,0.06443083213417103,0.08621858984768783,0.320256103176797,0.18693300079661682,0.07998540273296405,0.6864606546362529,0.6080994563740161,28.90171896876143,18.174127134426026
1515,Daerah Istimewa Yogyakarta,IDN,2020,2020-01-25,0.08332896043694563,0.30643776349532054,0.0761765490349414,0.0965587100883269,0.29067569970384727,0.18897113465612364,0.09460521197384567,0.5998752564976697,0.5361099535736048,31.089496018091907,20.536952120043708
1516,Dki Jakarta,IDN,2020,2020-01-25,0.1906517116355093,0.2879932785288883,0.17018833017520485,0.18716809953899896,0.3126595066696967,0.28595453468648707,0.21425210852122836,0.2162114414667988,0.3990068513225331,43.88326247569677,
1518,Jambi,IDN,2020,2020-01-25,0.17053600015935838,0.3814401972071652,0.17513354496921824,0.18445717275160722,0.3690832151413588,0.2380991108174644,0.12716142852997345,0.4226017069444399,-4.909599671142238E9,29.608334528726253,15.960790323015878
1520,Jawa Tengah,IDN,2020,2020-01-25,0.10574746775315177,0.31959351129325136,0.09989366063030669,0.11895408144368785,0.2961978358875347,0.19533159467852496,0.09861262153447851,0.5331809507681831,0.47170248688394184,29.851850370822582,19.13520380790089
1521,Jawa Timur,IDN,2020,2020-01-25,0.09671767187491191,0.34331572738503613,0.08626187831947073,0.11236674236464646,0.3179631132155293,0.21155668145841974,0.10670000226089257,0.5825138735949775,0.5916109212601505,32.85249867832316,20.806647791487272
1522,Kalimantan Barat,IDN,2020,2020-01-25,0.09135407235668222,0.3256131863882066,0.08854466127023779,0.10519309954774426,0.3132340072335416,0.18498677371308045,0.0890727477058004,0.607733625269399,0.5097590566105851,28.790643405127575,21.060909982661673
1523,Kalimantan Selatan,IDN,2020,2020-01-25,0.08042524277889392,0.2943795201956706,0.07598753020670601,0.09321861071294574,0.27793253111757277,0.17026312388317186,0.07941388166638443,0.6121942823755867,0.478631226809775,31.358385601319114,21.40803221649199
1524,Kalimantan Tengah,IDN,2020,2020-01-25,0.10484684072533153,0.31508325576769447,0.10457414998995271,0.1172953572674718,0.3006922741581457,0.17694315763548976,0.08827418727015317,0.5580125023004774,0.44279284854136,29.93153490530883,19.956609134598192
1525,Kalimantan Timur,IDN,2020,2020-01-25,0.08774108066169896,0.2888621230254371,0.0857956148503247,0.09783319014342416,0.2767772600635737,0.1623366819290421,0.08016705901628579,0.6139598127986805,0.44742177910166514,29.309992734919458,20.33967829071143
1526,Lampung,IDN,2020,2020-01-25,0.13735927313553267,0.36545719943763244,0.1309053934165711,0.15063809003031658,0.3457255766326363,0.23572490664644108,0.1263356429156577,0.48744995801703367,0.5196934094236496,30.174884445389488,22.0136626760396
1528,Nusatenggara Barat,IDN,2020,2020-01-25,0.09013924960669624,0.35617585779812727,0.07096956425422031,0.10363030027286983,0.33596358746278987,0.2199858508663099,0.11419794917184019,0.6068125813659113,0.7041813460064706,32.870491762998604,21.799349072127722
1529,Nusatenggara Timur,IDN,2020,2020-01-25,0.08662185287358964,0.36120855593917883,0.06867365024369367,0.10176676828291135,0.349365093136388,0.23014627254811526,0.11680641665309663,0.6392032986990578,0.8733119706574586,31.656076541858283,21.357830032751032
1532,Sulawesi Tengah,IDN,2020,2020-01-25,0.09404830386698607,0.34457602652155983,0.08809221664117631,0.10919578319354134,0.33190519561445525,0.19594959876173723,0.09278910907195143,0.6183419905552279,0.5831997280559537,28.08938174321604,19.981863758227547
1533,Sulawesi Tenggara,IDN,2020,2020-01-25,0.11083789142228762,0.35375882697479816,0.10404899996755522,0.12588361354086514,0.3388914844570386,0.20556621989875346,0.09935025336506234,0.5767226600735218,0.5485446183893432,28.149769747357578,21.527200615828214
1535,Sumatera Barat,IDN,2020,2020-01-25,0.12946845723927305,0.3554858479355009,0.1295351710210004,0.14501274869259534,0.3407646408667873,0.20249865835509412,0.09613358933032795,0.5115174762076581,0.44950578272785696,27.65130014476451,19.13215179400298
1537,Sumatera Utara,IDN,2020,2020-01-25,0.12436680601893697,0.3607417245277063,0.12178933445323478,0.1394624778880889,0.34969713447881684,0.21920246653777728,0.10795866135065353,0.5173612652763668,0.5048512241984071,28.37574855624282,19.2646912858235
73615,Maluku,IDN,2020,2020-02-02,0.1179798468903149,0.34153287559501505,0.11776537884934736,0.13470650609140028,0.3145245253048729,0.18487950034352976,0.09255373373698876,0.5326885287435492,0.4635306738126286,28.420016612241373,22.603932239763136
73616,Maluku Utara,IDN,2020,2020-02-02,0.04124297918821488,0.2974453376397788,0.03307694506225649,0.05696344067106809,0.28262572318854445,0.1500738575770637,0.05968769422241905,0.7684342964932963,0.5971249213813863,27.898387635724454,20.509350859022884
73609,Bangka Belitung,IDN,2020,2020-02-02,0.20057219012118316,0.38704074192640464,0.20328961724409722,0.2151527719768668,0.37720050257173465,0.2583921117094571,0.14461353582083916,0.3337732136935829,0.33106923565662627,27.048862845146143,21.28513323558627
73610,Banten,IDN,2020,2020-02-02,0.17305840060744052,0.3660947266365868,0.16965573478489723,0.1863357277791456,0.3432307828206638,0.23813989058664284,0.1309299409456304,0.41364555872180003,0.39039261396813624,30.71950918089728,
73611,Gorontalo,IDN,2020,2020-02-02,0.05505438331354029,0.380040549655314,0.03861927992417534,0.07411338018454798,0.3645764618984552,0.20860315441256963,0.08731313932934978,0.7493271059568088,0.7932336047813123,29.969281364959155,21.0642868670393
73612,Papua Barat,IDN,2020,2020-02-02,0.07637892305680193,0.3083289301467863,0.07189178442533281,0.09016267515397701,0.2946248859274246,0.15996847651784252,0.0712351268109378,0.663726245670229,0.4999529703063659,29.24255033249598,18.03640381743873
73613,Jawa Barat,IDN,2020,2020-02-02,0.145030943678913,0.3482544691976513,0.13635548057546595,0.15731141178129435,0.3267282276714244,0.22276466847181317,0.1182356821955851,0.4672891317827024,0.4406257566984075,30.05895117769624,18.176888888888914
73617,Papua,IDN,2020,2020-02-02,0.11060056081180784,0.36421674804130505,0.10235900707969856,0.12614361057188647,0.35313041942690687,0.20703271796324413,0.09954347250359291,0.5902371648333908,0.561797406380912,26.87619067424556,12.30739037113186
73621,Sulawesi Utara,IDN,2020,2020-02-02,0.06070984583012609,0.3400729106757885,0.05156851475976988,0.07700788602828232,0.3128207891476902,0.17494351504846142,0.0769858034982806,0.7139895935644591,0.6404899752530019,27.485339073891108,20.114304239458697
73622,Sumatera Selatan,IDN,2020,2020-02-02,0.2011190787955835,0.3975830066806078,0.2077574599221049,0.21633020663185498,0.37826818830404735,0.2573115825718548,0.1407254775448011,0.37732797344429764,0.36736102580550434,30.676338924803847,
73614,Kepulauan-riau,IDN,2020,2020-02-02,0.11492190228442901,0.28796124915421717,0.11316369983958027,0.12794699773376894,0.27758855144556743,0.1841721653316032,0.10204734916427896,0.43969959903005934,0.3840217396990786,29.190854964509683,21.65340571705428
73618,Riau,IDN,2020,2020-02-02,0.12345917724938595,0.3283566414002935,0.12775505212068505,0.136071021659689,0.31103195981261345,0.1946420633600532,0.09912338871428399,0.5017311233420678,0.4159716667257687,30.405938256505515,18.85283381664122
73619,Sulawesi Barat,IDN,2020,2020-02-02,0.07160642010443762,0.40398998553145204,0.05741598935980857,0.09304671177928656,0.3859904880526633,0.2181849741227797,0.09120897316571994,0.7084655311392872,0.748468334539907,27.22629664803381,20.188910782565657
73620,Sulawesi Selatan,IDN,2020,2020-02-02,0.10156366064363498,0.36566514574501074,0.08694071956524548,0.11793196251925928,0.34958396258848023,0.21883889607986953,0.106597334147467,0.5759399141632746,0.6144501839205003,28.209261951919117,17.407014867652432
1512,Nangroe Aceh Darussalam,IDN,2020,2020-02-02,0.06288832278096529,0.30685736663262425,0.055251444131883015,0.07596226905256358,0.2980947100333803,0.16885104173887783,0.07358396855228759,0.7013798384865004,0.5586277957267941,27.666753819097867,17.263587561687697
1513,Bali,IDN,2020,2020-02-02,0.09001573618927053,0.3433237852005963,0.07864581413021879,0.10358550298692429,0.31632761566360457,0.20012737631080674,0.10047458072323316,0.6047368406308192,0.5890912381198307,32.1777197399928,14.577409638554265
1514,Bengkulu,IDN,2020,2020-02-02,0.09263453605198291,0.34947032206468637,0.08618695354127343,0.10767710382373467,0.3319841105591161,0.19873603016443706,0.08793537269815399,0.6758942064742348,0.5808178801115347,30.808731580798565,10.675125628140712
1515,Daerah Istimewa Yogyakarta,IDN,2020,2020-02-02,0.11199108290936552,0.3581619223584786,0.10214833361080318,0.12643891377627547,0.3383756020753697,0.22825210580898708,0.11851513354421017,0.5484825149087352,0.5860811580800025,27.859181094688946,
1516,Dki Jakarta,IDN,2020,2020-02-02,0.3715219825322144,0.41624289150134886,0.35935497296150265,0.37401368525773365,0.396882481641966,0.2718681726851723,0.15913726902891698,0.059571132209443343,0.051172376989515864,,
1518,Jambi,IDN,2020,2020-02-02,0.16969613694081348,0.34856914222035357,0.18058593382557617,0.1824623109447404,0.3322908480051536,0.2199500920867874,0.11845113719939908,0.417410988936696,0.34449099225307744,30.79892912837684,15.437274501561337
1520,Jawa Tengah,IDN,2020,2020-02-02,0.12932792035538365,0.34660299405894895,0.12312187482932516,0.14283416541915236,0.3194657050920217,0.21529915690060303,0.11312316062569465,0.5047694379202052,0.4764398415882929,30.00452944715962,
1521,Jawa Timur,IDN,2020,2020-02-02,0.10003387810288078,0.3337765471295235,0.0924216886333922,0.11491536959488662,0.3036798085541433,0.19808616061622591,0.09950951211627404,0.5624021857511079,0.5250200795210933,29.927899265465953,22.882747976813707
1522,Kalimantan Barat,IDN,2020,2020-02-02,0.14984575852280815,0.35016931391094036,0.15531063260164082,0.16391103041275437,0.3345282158738347,0.21039953097580028,0.10913436372800003,0.45254592616184214,0.38423157749583814,28.297240107885976,18.994465341133235
1523,Kalimantan Selatan,IDN,2020,2020-02-02,0.06672390607898722,0.40020734009223163,0.04699554982591652,0.08812041876259491,0.39053230788675586,0.23866612260817294,0.09933374181718307,0.7140455656106012,0.8233660236006101,26.240726711114934,21.075636194355603
1524,Kalimantan Tengah,IDN,2020,2020-02-02,0.15261521323237712,0.3796815167592683,0.1542371718540145,0.1688187285110784,0.3661425783622575,0.22914237973718216,0.11809064050202038,0.46423088788778344,0.45445801470894276,26.89594659342139,19.598182972415255
1525,Kalimantan Timur,IDN,2020,2020-02-02,0.12622869678959475,0.37096663710918093,0.12336236824734897,0.14106316668439295,0.36308245274868023,0.2209444067595235,0.1104471466145039,0.5386051703385621,0.5126933634766154,27.747329395577662,18.8102412349858
1526,Lampung,IDN,2020,2020-02-02,0.16440822508305808,0.3798835293406924,0.1638633636288663,0.17951325772142135,0.36070499016758306,0.24288934530904427,0.12636462176107663,0.4181423781357436,0.41095968476996136,31.12269308251896,
1528,Nusatenggara Barat,IDN,2020,2020-02-02,0.06975032235324186,0.333353674350249,0.05426000232760608,0.08381467715583378,0.30588125437529684,0.19079135384830456,0.09235573811984461,0.6736551071339926,0.6427690117734535,33.99671340463412,17.548186060757416
1529,Nusatenggara Timur,IDN,2020,2020-02-02,0.079511140368841,0.3769810689767712,0.061112822804027696,0.09685123702889191,0.36462374255003843,0.23604318030479812,0.11631625166494633,0.6548841757351832,0.7663674662856595,31.230876263270925,19.702944572512735
1532,Sulawesi Tengah,IDN,2020,2020-02-02,0.06391702338774291,0.33915840614751336,0.05395420633927616,0.08038173783990733,0.3261094898224717,0.1837937436664856,0.08000747547413475,0.6989870099333154,0.6375832936384808,28.34995333173036,19.91569318282369
1533,Sulawesi Tenggara,IDN,2020,2020-02-02,0.10038073381602926,0.39475268051713325,0.08718697297847909,0.11876655431667005,0.37876009853471204,0.232553356197424,0.11269480950388273,0.6185171041805656,0.7019288259396071,26.66564145452092,19.593166557812136
1535,Sumatera Barat,IDN,2020,2020-02-02,0.1754782620009687,0.33108567944625283,0.18313816212331283,0.18651132694744318,0.31394777470609814,0.20552265176101456,0.11512846078933624,0.42672396284298447,0.30538116577131547,30.476609840408877,16.479719632211797
1537,Sumatera Utara,IDN,2020,2020-02-02,0.10958292590023691,0.30887480366833747,0.11149892951091779,0.1217336345036408,0.2982539925948321,0.18763444820538122,0.09516374065466796,0.5417066549301492,0.4278937460503799,29.047431092863125,15.907801496643755
73615,Maluku,IDN,2020,2020-02-10,0.07635810181049726,0.37828515676706237,0.06634533733419798,0.09743399986591982,0.35087781916625854,0.1971408485086741,0.08529579412055352,0.669971489324271,0.6598583374686341,28.27555432973811,21.996123891643336
73616,Maluku Utara,IDN,2020,2020-02-10,0.08121624842331943,0.35280723410203907,0.07431984934132244,0.09964376700279585,0.33683506532137697,0.1927972307781002,0.08662456298907921,0.6388615815591024,0.6066061173275178,26.657177713153878,20.670150541435202
73609,Bangka Belitung,IDN,2020,2020-02-10,0.1021325580168696,0.3198541574157419,0.09824431209694626,0.11477355502744131,0.3121203557847417,0.1965170638358684,0.09506802577185203,0.5401501089291156,0.4848242087669582,29.737371036894185,22.753794041781813
73610,Banten,IDN,2020,2020-02-10,0.09443237770069186,0.3198863629535857,0.08594692905954911,0.10829131509296512,0.2950122180248377,0.18412661439826464,0.08887704556519017,0.5510439347016666,0.49044098710241474,29.591062070330285,23.787340453216
73611,Gorontalo,IDN,2020,2020-02-10,0.0852868708069932,0.2965177031542575,0.08220418963550433,0.09661571444629154,0.277714507068689,0.16335138259086804,0.07699049739321033,0.6016907019387646,0.4633805037445787,27.093467126884644,19.64355448770771
73612,Papua Barat,IDN,2020,2020-02-10,0.07103046630748241,0.33415007118919116,0.06511335611609473,0.08752784725179893,0.3195929832412824,0.17067339210227553,0.07234030238350635,0.6599292016330607,0.5638580418344663,27.805144921925724,19.398432358750753
73613,Jawa Barat,IDN,2020,2020-02-10,0.08669631597095755,0.3340197137752682,0.06971265240957056,0.09943236113005399,0.31155388411752494,0.20301327282030857,0.10008368485293483,0.5869204784973729,0.6110985778437924,29.394633514081608,14.390394953489084
73617,Papua,IDN,2020,2020-02-10,0.10201722441231773,0.3368525550955621,0.09662293862512261,0.11584257225425465,0.3268330735405132,0.1895824520757081,0.0906749337282106,0.5916998830521405,0.5053683042117891,27.22406777195701,20.235239401249462
73621,Sulawesi Utara,IDN,2020,2020-02-10,0.0869496093523425,0.3501799024412785,0.08041047033678078,0.1027766331670972,0.3180895585455183,0.18465670186740984,0.08607105103116854,0.6384209832273359,0.5594038373404407,26.348599422940428,19.72402173021996
73622,Sumatera Selatan,IDN,2020,2020-02-10,0.1298883138679256,0.3520129164323611,0.13155129466512133,0.1443441603342486,0.3379222469991406,0.21790787508703377,0.1103362301786751,0.4979762527247392,0.47161441967231615,29.683770615061423,20.107663924239397
73614,Kepulauan-riau,IDN,2020,2020-02-10,0.09386988606373926,0.2915723235807662,0.08336334534361232,0.10589128423722291,0.2836308263802835,0.18332530673361389,0.09750012604481441,0.5288396781617085,0.5063194664459449,29.53710370158752,21.960853677680188
73618,Riau,IDN,2020,2020-02-10,0.14988178737256339,0.3715136124976062,0.15348171671978914,0.16309339089511982,0.35436090407595977,0.22822472650163464,0.11943135141961553,0.4726773135661874,0.45052752350156483,30.09503251791985,21.403546510326663
73619,Sulawesi Barat,IDN,2020,2020-02-10,0.09896646095999788,0.3485261762127509,0.09385960254121196,0.1151483524689991,0.33085595902798626,0.19446506590078105,0.09095788564466083,0.5938962410765567,0.5404894488475814,27.927891434967336,19.629581933728574
73620,Sulawesi Selatan,IDN,2020,2020-02-10,0.12333957539115087,0.33198642118983834,0.11901830080307611,0.13752579708950782,0.3104409649668089,0.19044931751721889,0.09390022710922581,0.498608942002937,0.42924651663710495,28.6030101533832,18.877151485347984
1512,Nangroe Aceh Darussalam,IDN,2020,2020-02-10,0.09164196861640703,0.30011946593871414,0.08994206581518285,0.10351358048803876,0.28745259596464734,0.171082270301002,0.08338777689995881,0.5908360877207135,0.46596212034348716,28.22052102493309,17.408084200920406
1513,Bali,IDN,2020,2020-02-10,0.11432186998613773,0.35114498354652013,0.10655316371520017,0.127673866871364,0.32110120215074817,0.20749186781779488,0.10830647576391753,0.5552978045506799,0.5342497398231875,29.287096537964427,19.256824169874054
1514,Bengkulu,IDN,2020,2020-02-10,0.047082676069345325,0.3149432080391786,0.03737315801858654,0.0615140640838332,0.301772375199786,0.17207240106762403,0.06935230393044003,0.7614402641886895,0.6509463207951045,30.381979403479264,20.695123229570914
1515,Daerah Istimewa Yogyakarta,IDN,2020,2020-02-10,0.07248465821632497,0.3836677280759757,0.05603012791590977,0.09095798150985014,0.3648973095045737,0.23596284277263754,0.11197639379466552,0.6888874655663415,0.8409639870123093,29.624246462578405,
1516,Dki Jakarta,IDN,2020,2020-02-10,0.13566722735365855,0.22471017062925305,0.11389335649127173,0.1306545664433655,0.23997437596230142,0.208215462288331,0.14986391590899192,0.252757165794762,0.27120013458770686,41.784357951779654,
1518,Jambi,IDN,2020,2020-02-10,0.14627420935887936,0.40094968115892216,0.14695025284492574,0.16190656108261203,0.39725920458920366,0.259484842122413,0.1294457722672976,0.49483667253024227,0.5652503275625534,28.759903489418594,19.053225329044757
1520,Jawa Tengah,IDN,2020,2020-02-10,0.0721306783976614,0.3626067569888023,0.05283954591665331,0.0873867370115443,0.3378094161323822,0.22009441177816946,0.10500647664990304,0.6759631945474105,0.7802766561796105,29.71519620926339,19.509286113623762
1521,Jawa Timur,IDN,2020,2020-02-10,0.09438507981675548,0.35432573982570026,0.08259838820073162,0.10970845630164126,0.32276058362537285,0.2094518699743223,0.10355500154960662,0.614761241289519,0.629912386449355,30.783767657609786,18.382159382278825
1522,Kalimantan Barat,IDN,2020,2020-02-10,0.14564182530327194,0.3571994090552372,0.14637447060897674,0.15914553737473153,0.34285605957784365,0.21123608189843235,0.11048480570803332,0.46162595633731923,0.41742911171020425,28.51699069529094,22.626451374312868
1523,Kalimantan Selatan,IDN,2020,2020-02-10,0.0647906089348207,0.2893384645260467,0.05743764132388794,0.0778172012687462,0.2762844196178379,0.16478929512491539,0.0724852584620468,0.6555146543089189,0.5222587331901738,30.560086230177834,20.93882276105096
1524,Kalimantan Tengah,IDN,2020,2020-02-10,0.0870922598911592,0.3172295038850807,0.08407024240480886,0.10043602429455777,0.3050576815740945,0.17359463240344933,0.07932746593404791,0.6196514230926181,0.4928029220077189,29.583921903676362,21.21126906352902
1525,Kalimantan Timur,IDN,2020,2020-02-10,0.08391097145831988,0.3295383645384847,0.07779082302740291,0.09745296169387992,0.31879858942473915,0.1799071398483685,0.08068105664136584,0.6338152531899994,0.5256464648264352,27.60257395676029,18.82469000909726
1526,Lampung,IDN,2020,2020-02-10,0.15014455980360852,0.39345121498697444,0.14566790474475372,0.16505161405372595,0.37472576389892437,0.25280559013970694,0.13363902100728742,0.4786973718275586,0.5290340210017782,29.46017880072515,20.434036421158222
1528,Nusatenggara Barat,IDN,2020,2020-02-10,0.09586625484169786,0.35232747845925944,0.08539343544651837,0.1113187909262022,0.3175422366600814,0.19850182072641753,0.09640312031346496,0.6169354728854795,0.5913019934016439,29.967644160492103,19.945471779173438
1529,Nusatenggara Timur,IDN,2020,2020-02-10,0.07438287266757407,0.3923073205230458,0.05445065377137742,0.09408373681710705,0.373648393503862,0.23564653102006375,0.10938232940053909,0.6919277711190737,0.867215565097263,30.02056931625429,21.305695057321486
1532,Sulawesi Tengah,IDN,2020,2020-02-10,0.09153335179333977,0.32759127567940577,0.08839790254103898,0.10663248158183325,0.3123954728354037,0.18148930570153723,0.08429402059275692,0.5941469810661155,0.5149573202563772,28.040714157069115,19.570251808513476
1533,Sulawesi Tenggara,IDN,2020,2020-02-10,0.12170476242010528,0.3782011316586252,0.1163392556060876,0.139413293315872,0.3577219244296884,0.21872611621479357,0.10614681013882683,0.5393255700785526,0.5368635719183642,26.769079966032876,21.18214543766259
1535,Sumatera Barat,IDN,2020,2020-02-10,0.10208892854630396,0.37845268152262523,0.09469960360657861,0.11889158452754701,0.3652048891568983,0.22498834253736255,0.10531622602145585,0.6132254961712855,0.6397701400533241,28.87505135981919,17.475019424618967
1537,Sumatera Utara,IDN,2020,2020-02-10,0.09147831202784998,0.3313422578639571,0.08724954332905983,0.10529157667276802,0.31766687299336416,0.19615438375522992,0.09293121424764986,0.6020486263800657,0.5462167416578821,28.93806514671179,19.829254592604418
73615,Maluku,IDN,2020,2020-02-18,0.11877327868548626,0.35248857737190964,0.11650198267943182,0.13608703168394284,0.32099328186623566,0.18290035360884435,0.08699367600639858,0.5600535592508908,0.4812173214504692,28.020502337732502,21.84619348645458
73616,Maluku Utara,IDN,2020,2020-02-18,0.06987642550005727,0.31638714585423955,0.06373176041389332,0.08526598096602711,0.29777891647799715,0.16745911400579203,0.07454682081933356,0.6702589141751447,0.5492685722707041,28.100557843667914,20.783623102083013
73609,Bangka Belitung,IDN,2020,2020-02-18,0.14409459406386915,0.3513615301572795,0.14073273138310807,0.15586139660687437,0.3357221750252332,0.2153722246388461,0.10957085828702172,0.47254132458693493,0.426970213679661,27.329575946732366,21.613399108941618
73610,Banten,IDN,2020,2020-02-18,0.11896076375059195,0.3454125000309101,0.1101873176109156,0.1322522186598195,0.31734512440666784,0.21182967027553776,0.11165938615814737,0.535485543641472,0.5124528713409572,30.52421458373718,21.840169230233375
73611,Gorontalo,IDN,2020,2020-02-18,0.0855917345640805,0.4082120097917347,0.06874992839953135,0.10417666309573713,0.3873736035524693,0.23185282385282793,0.10590947257931134,0.6669229301954469,0.7602203396718504,26.919618430977923,20.264591798351514
73612,Papua Barat,IDN,2020,2020-02-18,0.10251634649871318,0.3486305605367552,0.09752232390023331,0.11787710185850316,0.33221131775531015,0.18954458359696488,0.09035911469086146,0.5991736081550665,0.5179435643685947,28.305257100406603,19.22858038112005
73613,Jawa Barat,IDN,2020,2020-02-18,0.21391316524936246,0.41339350943598857,0.2124829376789336,0.2281514193309488,0.38339105639160326,0.25105774198557057,0.13476154620134834,0.394595247822777,0.42667716218578106,30.864961881017116,19.208231159241183
73617,Papua,IDN,2020,2020-02-18,0.10948920025869971,0.35861118822769056,0.10152136038911078,0.12452513614772374,0.3460771215528006,0.2031674040716052,0.09850438910840253,0.5841863720161002,0.532771801271679,27.33726895202268,19.402689186751058
73621,Sulawesi Utara,IDN,2020,2020-02-18,0.08716953086310897,0.3712720355727412,0.07870648743361293,0.10414228297828046,0.3418763575575228,0.19945770640986746,0.09365882688916893,0.6479040227144688,0.6369826482304705,25.69317989274982,19.31447487131259
73622,Sumatera Selatan,IDN,2020,2020-02-18,0.1734739923093474,0.38506351140841794,0.17438954977657606,0.186392005415617,0.3660563632668108,0.2522785699245346,0.1415553146422853,0.43834444023893315,0.44866046009309635,28.878042340311378,19.778089165500994
73614,Kepulauan-riau,IDN,2020,2020-02-18,0.12085192949296217,0.2928935948582711,0.11699462183177589,0.132287053679905,0.28140198036349995,0.18993941446001644,0.10682189805995115,0.4487044642156551,0.4003070505901296,28.584260516679713,21.316600453746762
73618,Riau,IDN,2020,2020-02-18,0.12814105610925164,0.35702552148894956,0.1265330995714331,0.13936320300114466,0.34180282148572555,0.2191073094512092,0.11356104008664475,0.5363815167535153,0.5244133077258814,30.487657930593763,20.957827670582343
73619,Sulawesi Barat,IDN,2020,2020-02-18,0.07143397992630963,0.30487370571315314,0.06530584655810234,0.08500189399004364,0.2883533364664785,0.16429389434172148,0.07423197654975472,0.666063074359222,0.5232370746205369,28.518316555358528,16.614409620729578
73620,Sulawesi Selatan,IDN,2020,2020-02-18,0.08089356567683348,0.3247071436217279,0.06879645431717095,0.09504772369217634,0.30443285647046525,0.1839771057079604,0.08547242005629727,0.629894287032885,0.5604810766946714,29.440893125468477,18.849248596240933
1512,Nangroe Aceh Darussalam,IDN,2020,2020-02-18,0.060925939748302405,0.3512255906777405,0.048399076702976836,0.07698463895187196,0.3446291317682789,0.19789123009064696,0.08428336884918461,0.7341464562268605,0.6935366328124416,28.480830613697957,19.738358298912598
1513,Bali,IDN,2020,2020-02-18,0.09027035993778698,0.3509198464739571,0.07897457688371239,0.10442519787816247,0.32162014953029494,0.2025610328667317,0.10230903517665173,0.6317206345197767,0.6154630557475441,30.25059807257732,17.7303180112778
1514,Bengkulu,IDN,2020,2020-02-18,0.06879578596952735,0.3675956664986754,0.05788066508942575,0.08619981299547157,0.35792583992882604,0.21569212845742933,0.09445121415745249,0.7212517487312977,0.7408090499200688,29.326137774339816,20.835312098181547
1515,Daerah Istimewa Yogyakarta,IDN,2020,2020-02-18,0.06433781084329748,0.38055237013289395,0.04644439502265797,0.08363447888967403,0.35557869029381717,0.2240981701380849,0.10182223522170288,0.7153851456621304,0.8085128248529915,30.860896503830297,23.038726249679993
1516,Dki Jakarta,IDN,2020,2020-02-18,0.2620182457560922,0.30027762554878334,0.2711964335972719,0.26720599512659793,0.29099348502384875,0.23021939773307093,0.14680592273295787,0.07965714051519887,0.06346375687284123,41.061103185719396,24.596643242655862
1518,Jambi,IDN,2020,2020-02-18,0.1476503255638347,0.35604940954589614,0.15094999637547402,0.15962249025926087,0.34335153659631223,0.22699451703006557,0.12147213413868076,0.48547243131479184,0.44992461292702857,28.88882231147222,19.48467342648452
1520,Jawa Tengah,IDN,2020,2020-02-18,0.11965823422382159,0.39623342644225845,0.10371240989703549,0.13540423500280802,0.36783635241251655,0.2500844503528615,0.12914016723419022,0.580978277988445,0.6785766491268341,30.642909053894048,20.903775225514106
1521,Jawa Timur,IDN,2020,2020-02-18,0.0972972441745811,0.3935247331341707,0.08069326700196751,0.11490533022216985,0.3613599755268708,0.23776518962530158,0.11816208392637106,0.6288528886348876,0.7328446307445997,29.48600147454682,20.64733099880584
1522,Kalimantan Barat,IDN,2020,2020-02-18,0.12179896078324277,0.3569687737351183,0.11751523269822246,0.1348634514769596,0.34452361318899516,0.2161534502096528,0.11213071548573332,0.5608837274563743,0.5193336828902183,28.934348069170177,18.99808909875962
1523,Kalimantan Selatan,IDN,2020,2020-02-18,0.06850364200730101,0.3365650375759673,0.055524145159541044,0.08432075983866015,0.3249357778886589,0.19619613044822065,0.08459276585566641,0.6821132068480745,0.6349186572820732,29.11865095138849,22.487692163412877
1524,Kalimantan Tengah,IDN,2020,2020-02-18,0.09767066448781435,0.3752899207888435,0.08758817975884815,0.11309410724750904,0.3646038680760636,0.21786095327088792,0.10256074089167742,0.6346919011728777,0.6232006522110081,28.885556002378035,21.22495854929561
1525,Kalimantan Timur,IDN,2020,2020-02-18,0.07219102980504011,0.344545105564469,0.06257364059440346,0.08657740530461758,0.3364517319181403,0.1923302139495127,0.08548159814524003,0.6932484001922083,0.6348895759390238,28.439545311576772,19.980704473424467
1526,Lampung,IDN,2020,2020-02-18,0.13747061607497843,0.3711120570422177,0.12984560680980478,0.14971700789515302,0.3505504650859702,0.2391474512519978,0.12774089018968554,0.5281949779446965,0.5346974457618088,30.31532307600119,21.15612552331019
1528,Nusatenggara Barat,IDN,2020,2020-02-18,0.0704934495121987,0.34005401511314226,0.05937232576726021,0.08643236055186408,0.30397831722761137,0.1831289247481072,0.08610433937114478,0.6931996952615812,0.6358289641237433,28.60071074701845,20.61082650676531
1529,Nusatenggara Timur,IDN,2020,2020-02-18,0.08237347886870286,0.3611235834182052,0.0693270348684551,0.09930078319083038,0.33628068157639474,0.20961234610283241,0.09963428851374158,0.6593741302095546,3.0183091118051457E9,29.669319084588,21.27382609639544
1532,Sulawesi Tengah,IDN,2020,2020-02-18,0.08631686091462125,0.3156554266542707,0.0805502930477009,0.09956096256963011,0.30063641684796044,0.17629128512870185,0.08419288792859206,0.6369112069837846,0.516807379326449,28.820809698339342,19.338073465093217
1533,Sulawesi Tenggara,IDN,2020,2020-02-18,0.0902310579012029,0.3826250614173371,0.0783500758593041,0.10922988307508186,0.36287510337337964,0.2158455628318195,0.098550455764637,0.627745875805535,0.6843942510188177,29.01277368456675,22.061069657030533
1535,Sumatera Barat,IDN,2020,2020-02-18,0.16290615052024834,0.3817241184226159,0.1596047132279728,0.1753901364608046,0.3677478211624141,0.24131151150243885,0.12742029219312478,0.5244742486311591,0.49630943428708635,28.395708953331,20.591349173318243
1537,Sumatera Utara,IDN,2020,2020-02-18,0.08967985627892253,0.3425887988033428,0.08228315325125957,0.1032216239685664,0.33365798107010003,0.20800857130471426,0.09950934057998188,0.6281628964750556,0.6066984938165237,29.75833923532175,20.416266469759176
73615,Maluku,IDN,2020,2020-02-26,0.08279070969070708,0.3789455030253491,0.07331971835462273,0.10371269865542264,0.34993526161779537,0.19959098631984,0.08876935542653484,0.6542344616944257,0.6444391721464635,27.077922473209927,22.095545000396587
73616,Maluku Utara,IDN,2020,2020-02-26,0.10380124805131681,0.36492653527733854,0.09581861409811865,0.12102501049754395,0.3465803490760011,0.2064563111830726,0.09683361379723895,0.5968976177244314,0.5692716543394234,27.261658178698507,20.93216391050715
73609,Bangka Belitung,IDN,2020,2020-02-26,0.11015130973516517,0.3396556284445092,0.1027956716195808,0.12202919916608333,0.33422959629305077,0.21812535115105566,0.11352223398297874,0.5322603219004918,0.5301730111914006,32.30581852364645,23.034594343233426
73610,Banten,IDN,2020,2020-02-26,0.11662113365429327,0.33247817171510163,0.11482771302379514,0.1310540212706996,0.30599574798249696,0.2024003989981779,0.1062157845029315,0.5250051229406284,0.4751770935809432,30.276749222414885,23.068975703645904
73611,Gorontalo,IDN,2020,2020-02-26,0.07800313250535237,0.3337832572883928,0.06641174233140294,0.09165585063627482,0.31830631684942723,0.19115924662618056,0.09017867414601773,0.663607056129352,0.6094873734503581,28.316807141667464,20.19610521415774
73612,Papua Barat,IDN,2020,2020-02-26,0.08675065204556488,0.3551843573764148,0.07987923895056559,0.10372304989999324,0.3387939517011931,0.18697426321352173,0.08254335381593855,0.6356347843340575,0.5732757894302918,28.36440393461038,18.28332066352349
73613,Jawa Barat,IDN,2020,2020-02-26,0.12761021555798943,0.3304031974069825,0.1257008522230784,0.14106221108126038,0.3053255740831018,0.2064361010841385,0.10956238704247481,0.48505341235222216,0.4273009095644838,30.97155480820954,17.097713186306432
73617,Papua,IDN,2020,2020-02-26,0.10063952244155286,0.3104872848113141,0.09864040968047293,0.11361952688643659,0.2941142631891815,0.1666760958148602,0.07903554897895247,0.5731104879000366,0.4356461778756135,28.981316089009518,16.73112740637521
73621,Sulawesi Utara,IDN,2020,2020-02-26,0.10743633192448002,0.3485489664956075,0.10080559290536137,0.1208294747948203,0.32253261563171987,0.19801445153435096,0.10183240393521921,0.5916420025413369,0.5326181753452562,28.0432354427687,19.370857211395084
73622,Sumatera Selatan,IDN,2020,2020-02-26,0.1432658857415018,0.35709583062271616,0.14546923306767018,0.1568400973199333,0.34645350803789376,0.23252353500503722,0.12475907859203375,0.48098939146356223,0.45764657668781666,30.588078339199043,19.883132751120662
73614,Kepulauan-riau,IDN,2020,2020-02-26,0.10465318862472771,0.3176563273315685,0.0908686386291228,0.1166630938428497,0.3116004074466713,0.2061142242396519,0.1106896432337891,0.4965580956819155,0.5328198398231448,29.596208295648154,22.999524868550917
73618,Riau,IDN,2020,2020-02-26,0.09899509963470618,0.3539544472330796,0.09206535441440616,0.111912645672412,0.34316011321427914,0.21531743394718877,0.10494545949035176,0.5927629405944268,0.5905953229370202,31.441480177574693,20.9624350102095
73619,Sulawesi Barat,IDN,2020,2020-02-26,0.06870038417667863,0.35474539784890496,0.057912503213508736,0.08657237305984522,0.33536984379074597,0.19255543945821108,0.08179184268364816,0.6989020823204461,0.6474754469870093,27.625181753018957,15.288116610430073
73620,Sulawesi Selatan,IDN,2020,2020-02-26,0.11065777971395752,0.37005229636749415,0.09904703223891474,0.12735156216844992,0.35020407085031946,0.2210584874201826,0.10895970524553306,0.5608565197201097,0.5931710124351811,29.270529301065665,20.127621318813592
1512,Nangroe Aceh Darussalam,IDN,2020,2020-02-26,0.05865813487750011,0.3360879220753179,0.0472803614234285,0.07343351190596598,0.3288538131123567,0.1894265724173437,0.08090427499970938,0.7234977513180815,0.6633389092176449,28.907866946349227,19.259465420207256
1513,Bali,IDN,2020,2020-02-26,0.11616428490091488,0.3830985378358442,0.1085964204133623,0.13319304303475044,0.3521897597198632,0.22693237783137285,0.11366417935966963,0.5725379839560465,0.6082447133547447,30.601699736009156,18.67324528868349
1514,Bengkulu,IDN,2020,2020-02-26,0.06403869625508783,0.349307398730069,0.055601666710243164,0.0808585443822717,0.3399511916549363,0.20071092342001315,0.0856998801027975,0.7237474063280886,0.6836925997148641,29.917886696884686,16.012351243758754
1515,Daerah Istimewa Yogyakarta,IDN,2020,2020-02-26,0.13029545587702862,0.34470990984028654,0.13139909287382415,0.1448167653082889,0.320692869791533,0.21840529066313152,0.11944372494184602,0.5029071425872869,0.47398558456161016,29.53067325411722,
1516,Dki Jakarta,IDN,2020,2020-02-26,0.2080394158540575,0.27258904312463594,0.20715834776941836,0.20929064647069728,0.2871280309381215,0.2568949795536879,0.18553314213987168,0.14759599178890576,0.18075257045909932,41.617085122367435,
1518,Jambi,IDN,2020,2020-02-26,0.14123523566646065,0.3683756831049225,0.1436408765306607,0.15488296176615876,0.364221300952092,0.24405736478990223,0.12947048750474788,0.49010658913573985,0.5131958914568081,31.628321825642942,19.9530711133846
1520,Jawa Tengah,IDN,2020,2020-02-26,0.14710121070178994,0.3638052699881382,0.1475065069759413,0.1630695113008341,0.3396862971049202,0.23325150934477032,0.12575411535600334,0.4604639065713659,0.454259961215847,28.07481572833284,17.570183133212403
1521,Jawa Timur,IDN,2020,2020-02-26,0.11595154391050261,0.36377257291743126,0.10578245130941266,0.13047440033813518,0.3332958877642241,0.22113039319477865,0.11572167794626642,0.5683770786831495,0.5702284819893931,29.980608337440163,16.315761967308575
1522,Kalimantan Barat,IDN,2020,2020-02-26,0.20988005677493365,0.38160033008966504,0.2199488945481566,0.22354761253342756,0.3597975979365565,0.22456115517547143,0.11979331286967182,0.3437635081422571,0.28946649076255354,30.218107218139316,14.735256001342961
1523,Kalimantan Selatan,IDN,2020,2020-02-26,0.1538099176417982,0.38956378046550777,0.14907879779483055,0.17125419590206578,0.3713144560976967,0.244397135461697,0.1300411960640421,0.4570585890620312,0.4934573045743642,28.280768571008704,25.4836356676753
1524,Kalimantan Tengah,IDN,2020,2020-02-26,0.17770408049331507,0.3642648109510086,0.18360087461453478,0.1916649627395739,0.3420129858435031,0.21853420937919618,0.11748831986978889,0.38996824866238083,0.3458915198243788,29.22761341211554,18.43823684248942
1525,Kalimantan Timur,IDN,2020,2020-02-26,0.15204348744103746,0.35949258153781727,0.15264790376621945,0.16444016680403445,0.3460432631986437,0.22091665095213042,0.11832066551568847,0.4775440917464148,0.43896001417827674,29.597649590777667,19.06427661488485
1526,Lampung,IDN,2020,2020-02-26,0.13850225115570436,0.35883298365347444,0.13466530523646472,0.15080762831606892,0.3440547092636255,0.2339939587189178,0.12588897062107954,0.5128621656497764,0.49480899530342365,31.458205878569903,22.17270938573681
1528,Nusatenggara Barat,IDN,2020,2020-02-26,0.11093594885526074,0.4051133817742659,0.10147995976862262,0.1304222565717602,0.36809479736541983,0.23310579264282547,0.11365804105535862,0.596068434007995,0.6710218845557863,28.646591684695725,19.968958827862902
1529,Nusatenggara Timur,IDN,2020,2020-02-26,0.09110957206063419,0.3914840341816211,0.07921121831679571,0.11098651826941575,0.36349059175403,0.22592079986704203,0.10664207008493959,0.6410911006151402,0.708258484368032,27.712861745593308,20.327174479002263
1532,Sulawesi Tengah,IDN,2020,2020-02-26,0.10462609517392532,0.36054740216153836,0.09685410261841809,0.12067701909924122,0.3439215647782802,0.20845304693975322,0.10012201452696945,0.5917258687278967,0.5826118340836196,28.840871213660158,19.78179371446648
1533,Sulawesi Tenggara,IDN,2020,2020-02-26,0.1136799419149584,0.4042948485277329,0.10509395345025373,0.13392656620087623,0.3846524744636396,0.23329947149869038,0.10832921992850028,0.5845749910337226,0.6299050265088301,26.800781387008872,20.862448422501
1535,Sumatera Barat,IDN,2020,2020-02-26,0.13112539873348752,0.37149122200194584,0.13216202523039247,0.14743509192143378,0.3612152874683944,0.2306742645210429,0.11595296174918106,0.5222628462286186,0.5179065243544021,28.11069667309973,18.41958835722861
1537,Sumatera Utara,IDN,2020,2020-02-26,0.09744796074129448,0.35471135761395545,0.09038137148152856,0.11194558122097262,0.3469068865261443,0.21925933999951372,0.10592868995787909,0.6096992437167145,0.6069803707671976,29.73136479923664,19.872139963614124
73615,Maluku,IDN,2020,2020-03-05,0.1217384346648799,0.3571418003714297,0.12035035404989933,0.13933102932591143,0.33057422346543097,0.19855805507689528,0.10258173242632848,0.5270899927990206,0.48869490511488206,26.94117485907601,21.580656027469807
73616,Maluku Utara,IDN,2020,2020-03-05,0.08983994416183355,0.3240133515828833,0.08768289553167573,0.10582605215658115,0.3065266907720644,0.17845509015263586,0.08264367550689886,0.6009359061366408,0.508328845733473,27.794624937465414,21.345948294828286
73609,Bangka Belitung,IDN,2020,2020-03-05,0.08044159949316683,0.3207092988647836,0.06975823228553547,0.0917053842837664,0.3150710333168795,0.1977221963298839,0.09531945484822822,0.6370489361504762,0.5783626315197908,31.220109813428287,23.543301069184125
73610,Banten,IDN,2020,2020-03-05,0.07881879155930638,0.39153690963919685,0.059146622362153685,0.09612437314489243,0.3677591978517049,0.23544715294483837,0.10960554991017882,0.6701013528768773,0.7826180217635467,26.955542885953154,19.42099794883141
73611,Gorontalo,IDN,2020,2020-03-05,0.034054902379562574,0.26391853965266837,0.025193262315494434,0.045316370086946875,0.248288682931989,0.13283134793851858,0.05211982786348291,0.7924395402962904,0.5410642894542296,31.09270639728235,20.693820219429853
73612,Papua Barat,IDN,2020,2020-03-05,0.08253343152137788,0.3212863739927118,0.07903902299376427,0.09747989046309642,0.30461525706134907,0.16642981410735694,0.0736592140839565,0.6309371051775636,0.4976067549157493,28.26084958045245,19.78518048614422
73613,Jawa Barat,IDN,2020,2020-03-05,0.0715361442149261,0.33893339388318033,0.05367068227135648,0.08526102974700477,0.31620711563639453,0.20354398837652563,0.0970999055180405,0.6550599412788214,0.6730778679907817,30.121260162763484,19.01905963089878
73617,Papua,IDN,2020,2020-03-05,0.09750937608049468,0.36707695948939445,0.08694106150307881,0.11452120510797582,0.35382297411501684,0.19938924006381467,0.09061317536014413,0.6000232640629152,0.5601174838338732,26.865067628408852,21.117410971647733
73621,Sulawesi Utara,IDN,2020,2020-03-05,0.05378938341341222,0.31110174456502715,0.045435177867029164,0.06782317081555374,0.2852470126600324,0.15987903556756625,0.06874228207261286,0.7417589170567326,0.5954695754947771,27.543097329627717,20.215391170409273
73622,Sumatera Selatan,IDN,2020,2020-03-05,0.12606182566940038,0.40522710556069574,0.11768953162631983,0.14213739575154122,0.3975220272150853,0.2612613183175884,0.13297213831197252,0.5667456863807631,0.6721599520580195,30.095734757806188,21.869519382893664
73614,Kepulauan-riau,IDN,2020,2020-03-05,0.09733931005391673,0.29007498286649624,0.08884714903699327,0.10943772141225827,0.28435678958463745,0.18687415764118231,0.10051225667126056,0.5123156185654223,0.5006081692338041,31.505854317070746,23.024062248175035
73618,Riau,IDN,2020,2020-03-05,0.10752315953132094,0.38244768780685545,0.10198911372379171,0.1222158897770266,0.37169261092364275,0.2272928040814857,0.1048729054675668,0.5895454868613875,0.6389498712808478,30.868522704959062,23.05350276709427
73619,Sulawesi Barat,IDN,2020,2020-03-05,0.08064823508535672,0.3200188651583552,0.07539366617406484,0.09486030387408954,0.30468875050317457,0.1770626221104061,0.0823018529538141,0.6534377187104526,0.5364610447107546,28.86982189322098,17.74517635978691
73620,Sulawesi Selatan,IDN,2020,2020-03-05,0.08824992642374915,0.30913620243715045,0.08120734091709628,0.10150767689514548,0.28993208944047777,0.17639226323764867,0.08530897340907073,0.6004606689726376,0.4875147609425522,29.404341063904255,18.825494965380134
1512,Nangroe Aceh Darussalam,IDN,2020,2020-03-05,0.06833956436714435,0.3039632885851402,0.061463870097291796,0.08084505166198709,0.2929781008537386,0.16917212246878877,0.07553681217861852,0.6783362278400384,0.5404088449962341,29.840915511491957,19.099273884563967
1513,Bali,IDN,2020,2020-03-05,0.11508870715395796,0.38289304748393793,0.10838929540168608,0.13192103469754746,0.3519492047541212,0.22133559948832757,0.11100021836830261,0.5718174673912503,0.5869612217167209,28.24324641696771,22.13709300886054
1514,Bengkulu,IDN,2020,2020-03-05,0.05193403468027326,0.39250915053578456,0.036939669000065414,0.0723330276095544,0.3799784699528987,0.2171271392082271,0.0844668848297774,0.7652665271833128,0.8142667692023321,29.785556998940564,20.60328809870611
1515,Daerah Istimewa Yogyakarta,IDN,2020,2020-03-05,0.09778680020833101,0.31793083392009275,0.09356111084467313,0.11117880854157501,0.2975309331981116,0.19514157421337489,0.10158154342191439,0.5620606721311604,0.5004460501064494,30.55506191181787,15.653414616532647
1516,Dki Jakarta,IDN,2020,2020-03-05,0.13708812939949377,0.2552851918130461,0.10025193558922559,0.12831337581630983,0.27648482939332464,0.25288339491558776,0.19100815248719613,0.30618785841929713,0.5293944975559762,37.21515402601538,
1518,Jambi,IDN,2020,2020-03-05,0.09798201161810266,0.4022018131208119,0.08953296737077025,0.11514008660054303,0.39877913146077354,0.2456052679332783,0.11007814779881517,0.6291938175382338,0.7487852664282496,30.081310104166104,20.703604567002134
1520,Jawa Tengah,IDN,2020,2020-03-05,0.09391903112899273,0.33605227622631795,0.0821828338084873,0.10732143511796972,0.31391981123986423,0.2066708573604622,0.10346046007120677,0.5873880111303539,0.569886185054502,31.095875584212187,15.160131949428587
1521,Jawa Timur,IDN,2020,2020-03-05,0.11440493042571051,0.3639209006396188,0.10767074422867653,0.13035392879291471,0.3343881204894956,0.21640109363917334,0.10954488379831787,0.5513416994301349,0.5551609545613668,30.617988528478502,19.82941232816399
1522,Kalimantan Barat,IDN,2020,2020-03-05,0.08910386133416927,0.3444439801767584,0.08417319761289066,0.10359746474451824,0.33361147959502474,0.19855977959771354,0.09412323441517331,0.6266833144525877,0.5733055221748413,32.296858547453894,22.317489577115012
1523,Kalimantan Selatan,IDN,2020,2020-03-05,0.09233757241973242,0.34533836710696586,0.08284240358557468,0.10772084792273881,0.33395857186707995,0.20784339479689007,0.09814446335827225,0.6055024686496706,0.5769140959475377,29.73242914751249,24.21340257741906
1524,Kalimantan Tengah,IDN,2020,2020-03-05,0.0970616300127194,0.36688672366965275,0.08874623930841655,0.11237809981177498,0.3567446448001188,0.2141706340044543,0.1039824408267037,0.607723860478829,0.6145104066016266,30.25529860014018,23.60212279750717
1525,Kalimantan Timur,IDN,2020,2020-03-05,0.12428205802954831,0.3935644164727859,0.11552577705474307,0.1388145558983212,0.38443970366234503,0.2376075535092066,0.12195383210749586,0.5602643523353862,0.6179276842453835,28.183873307340594,20.60688422476342
1526,Lampung,IDN,2020,2020-03-05,0.09195230099364973,0.3801988200935744,0.07809751017209292,0.10674581245655478,0.36424961686663254,0.23683902131482204,0.1143786528830438,0.6361847216140397,0.7240276841109308,31.368362287618282,21.19865208520396
1528,Nusatenggara Barat,IDN,2020,2020-03-05,0.08275337851974345,0.3633689574779896,0.07465515559203588,0.10081525486886864,0.32564345798692057,0.1949141924440192,0.09041443612252112,0.6612833454184646,0.6330943852362408,26.712503958964657,19.60086092561034
1529,Nusatenggara Timur,IDN,2020,2020-03-05,0.08261528565698667,0.36359387652481157,0.0727605685590558,0.10126831690449199,0.3369297021469446,0.2045967371489761,0.0938229282708,0.6525365669372616,0.6547872959263817,28.30439389714926,20.180268907959945
1532,Sulawesi Tengah,IDN,2020,2020-03-05,0.08660470077553105,0.31343112972271,0.08261087705603454,0.10019371414300346,0.29802895271802393,0.17376604791572467,0.08276746438099501,0.6246262807081088,0.4982348777654694,28.8844062104846,19.57030935542701
1533,Sulawesi Tenggara,IDN,2020,2020-03-05,0.10080159228623703,0.34155967407336907,0.09808532865231741,0.11695583859097113,0.32211420847715067,0.1933117873090811,0.0925159494201321,0.5788764159453413,0.5100144002651655,28.260801597474604,21.108220363618887
1535,Sumatera Barat,IDN,2020,2020-03-05,0.05392840337013914,0.3702185809548645,0.04001863573876971,0.0722446561996105,0.36131432463644264,0.20937829744001374,0.0846753025975604,0.7437603620554829,0.7772450949296527,29.736062801103863,20.61114960493684
1537,Sumatera Utara,IDN,2020,2020-03-05,0.05993219324734771,0.3029749093296051,0.05192237199276798,0.07256668489479198,0.2904142240280014,0.17172004067150162,0.0746306047976049,0.6947500704104387,0.5710169052305478,31.501179406146978,20.821215597121757
73615,Maluku,IDN,2020,2020-03-13,0.07407944053136982,0.3561498834163629,0.0671527011102797,0.09357515007912301,0.3269395483896588,0.18189597268337412,0.07912373034159081,0.680770729224694,0.6228663908530846,28.28279237485382,20.983012765081174
73616,Maluku Utara,IDN,2020,2020-03-13,0.07208381217427823,0.35942798494739026,0.06251646446023583,0.09060236686019967,0.3417878726250349,0.19472810606129115,0.08571150025708851,0.6954661377692121,0.6542704112882864,27.278989108856415,20.26179502395337
73609,Bangka Belitung,IDN,2020,2020-03-13,0.0828974385561162,0.3867609303738677,0.06120521879700923,0.09626499487716049,0.3880701319739203,0.2499524122376508,0.11923998759025656,0.6497488870855712,0.7101148869775824,31.406498775338783,23.34450203684333
73610,Banten,IDN,2020,2020-03-13,0.08928988960789407,0.38167749051905475,0.07726102330339754,0.10729288407232027,0.3571748013817793,0.22778828066484483,0.10797248995756413,0.6297214854834741,0.694673933981263,29.685517839014288,19.11999587968688
73611,Gorontalo,IDN,2020,2020-03-13,0.05529422809959308,0.38263091150737716,0.0374773152535385,0.07396443171062358,0.3704875727913836,0.21565980866621934,0.09200288550333988,0.7454065417673631,0.828853846837518,30.040091866604758,20.530800747311286
73612,Papua Barat,IDN,2020,2020-03-13,0.07039779498467272,0.30571240330663546,0.06663805351247463,0.08412457548111517,0.28909829280912785,0.15638588839797002,0.06849219932482818,0.6668642151011707,0.5087860987341906,29.59114826077979,20.215524022550994
73613,Jawa Barat,IDN,2020,2020-03-13,0.08354319670329886,0.3610575715837123,0.06844707627204646,0.09924620102717764,0.33885251719581877,0.2179305698901005,0.10341555953560891,0.6336667020800433,0.6906990655544243,28.54858683469567,15.91758386988778
73617,Papua,IDN,2020,2020-03-13,0.11350633276867099,0.33676149723741705,0.11010460039780581,0.12737679706777486,0.32074120424299246,0.18653589355443698,0.09130492537391295,0.5499017270263286,0.4592860568751774,28.14569603163009,20.407801374855463
73621,Sulawesi Utara,IDN,2020,2020-03-13,0.08836668936147997,0.3878470040192305,0.07707764843423084,0.10577015384999278,0.362793881442145,0.214963784494002,0.10187628159127193,0.6607589060315672,0.6917181948135649,27.40206805147454,19.53329312373639
73622,Sumatera Selatan,IDN,2020,2020-03-13,0.13504260773877552,0.37952803337028,0.1328576078556286,0.14989928300920338,0.3704669449288572,0.245729270341554,0.12694846864562895,0.5123013502342069,0.5518766971932235,31.288189957595982,22.66469569382486
73614,Kepulauan-riau,IDN,2020,2020-03-13,0.08577080665348318,0.3051903782025922,0.06868762090721856,0.09737887614274757,0.30063019452600076,0.1958192766020918,0.10146628812683138,0.5571081126866588,0.5566556380449798,30.937476593700623,23.202585651864947
73618,Riau,IDN,2020,2020-03-13,0.10273923774216852,0.3599598822241658,0.09933052984627541,0.11675756697778654,0.3460252333044245,0.2143282603457565,0.10134446980237974,0.5983675521582891,0.5787769778495352,32.37204146477071,22.519132495400257
73619,Sulawesi Barat,IDN,2020,2020-03-13,0.047058760475690256,0.28077090038161917,0.03966550714958032,0.059208284600412595,0.2615297606630348,0.14159356917620022,0.05820051951084654,0.7600811730054408,0.5303191186571647,29.980876925491152,18.470954352578055
73620,Sulawesi Selatan,IDN,2020,2020-03-13,0.1266215671327752,0.3776710611917583,0.11637639206994362,0.14194473858219883,0.35651923725253304,0.22933150193875837,0.1185837203607588,0.5446836018185188,0.5744610012688814,29.667788046726017,16.911425480627656
1512,Nangroe Aceh Darussalam,IDN,2020,2020-03-13,0.048495929280044286,0.362371793366394,0.03314422560302108,0.06546223179243471,0.35934795201560255,0.2070824138764024,0.08387383608932093,0.7718309681495794,0.791840423797094,29.119284752100135,19.894476856167337
1513,Bali,IDN,2020,2020-03-13,0.10114251697340597,0.34597221932428196,0.09237434815101181,0.11423251335268403,0.31595207463525143,0.20122849108014082,0.1050934691764449,0.6040035504955683,0.5750596818538359,29.81476020883801,19.94417656928245
1514,Bengkulu,IDN,2020,2020-03-13,0.056812890580042685,0.3964876520976966,0.044055259017823555,0.0782587298228328,0.3811818302696465,0.2218878736438515,0.08807141139872998,0.7589124402993885,0.8004757707610363,29.80324186263529,20.84140801185273
1515,Daerah Istimewa Yogyakarta,IDN,2020,2020-03-13,0.06464250315016759,0.3138922387193438,0.052976549309865124,0.07781633654943225,0.2989457393692334,0.19107237318760398,0.09276610865291948,0.6863456338768632,0.6437095195618648,30.79204738105569,22.09577421985027
1516,Dki Jakarta,IDN,2020,2020-03-13,0.15355110027798566,0.2374088679952386,0.13499022520292053,0.14964694178256882,0.25500528097311564,0.22526780740582455,0.16471647414373075,0.24225149376307686,0.23613338368504774,28.882809554413065,
1518,Jambi,IDN,2020,2020-03-13,0.15637202829211574,0.37263612450939104,0.16037128613026674,0.16982146557507108,0.364520098979942,0.24630273518822193,0.1360788787852889,0.4636117671081495,0.47498852873307573,31.330796767687065,21.272676299880757
1520,Jawa Tengah,IDN,2020,2020-03-13,0.10313400878686851,0.3333933022276079,0.09377766347459658,0.11577407862690768,0.31511328358092294,0.21217640282966396,0.10984939812844179,0.5674024215412072,0.558076965427526,31.77933609777952,17.034713132852616
1521,Jawa Timur,IDN,2020,2020-03-13,0.07992418267647088,0.3364258349728025,0.06869188363617248,0.09454026955889444,0.3091386576904085,0.19780058534676204,0.09640502058476035,0.6492256275986926,0.6248715873000472,31.41578814378799,20.048545574263155
1522,Kalimantan Barat,IDN,2020,2020-03-13,0.10176328337776264,0.36982747500730934,0.09531093796358699,0.1170863727170534,0.35976310382179755,0.2174811656228231,0.10425769875559515,0.6199695109497245,0.6034533351044548,29.990005076393864,21.25240086398904
1523,Kalimantan Selatan,IDN,2020,2020-03-13,0.06205072209383578,0.2910079689557692,0.05331907552456346,0.074729660132184,0.2755323013564219,0.16280091051613751,0.07118824991589481,0.6741118498856755,0.5278221880657918,30.698698569536486,20.736556767052893
1524,Kalimantan Tengah,IDN,2020,2020-03-13,0.0892482348946511,0.3171033594875145,0.08675060059358364,0.10246676633103208,0.30462889936849574,0.17745558935512654,0.08359383983451436,0.6168793818694189,0.4974531552279173,30.516049394967315,21.031362193010093
1525,Kalimantan Timur,IDN,2020,2020-03-13,0.07541918392524902,0.3193519750085042,0.068611215225485,0.08784821001563044,0.30927142323439455,0.17667810885217772,0.08102077529519139,0.673117902633871,0.552843702200269,29.34744084253705,19.906875936827912
1526,Lampung,IDN,2020,2020-03-13,0.12221132661694596,0.40140691220145036,0.11216174704158761,0.13800808537481526,0.3839906704663846,0.2541630710431282,0.1268566962839544,0.5681528779501649,0.650107894789866,28.993770551228472,21.655854108375696
1528,Nusatenggara Barat,IDN,2020,2020-03-13,0.06411729837498267,0.3520936818803853,0.053561246973647766,0.08162516301820365,0.31416254090291856,0.18264549787362003,0.08052360751205864,0.7163686122905503,0.666998218609176,28.526595770844185,20.098599019997916
1529,Nusatenggara Timur,IDN,2020,2020-03-13,0.048708355688941524,0.356764302927948,0.033371599146074196,0.06723910809611663,0.3327288662231115,0.19247371002707206,0.08046088239405351,0.7630622634485338,0.7513896645450168,28.764289580942002,20.997608576553016
1532,Sulawesi Tengah,IDN,2020,2020-03-13,0.10532403099458908,0.3855400567297846,0.09687927016344958,0.12289268616231606,0.36986948638255723,0.22292174150716496,0.1060807592457474,0.6195203864641853,0.6399074030541361,29.086046613932172,18.615023070805975
1533,Sulawesi Tenggara,IDN,2020,2020-03-13,0.12561100718378576,0.39065401954799317,0.11880713501931438,0.1425433235466006,0.3699966799274071,0.2267962162018173,0.11025638477113912,0.5797163652595766,0.587349657025868,28.384711157174518,19.447039287606565
1535,Sumatera Barat,IDN,2020,2020-03-13,0.10997475589471878,0.371811599717192,0.10517596103563771,0.12644738178536255,0.35609039582145086,0.2188160188825684,0.10529482108502804,0.6035707989897993,0.5843782062187061,29.890346568778575,20.821387916609325
1537,Sumatera Utara,IDN,2020,2020-03-13,0.08403545351924233,0.37289858832817135,0.07415377873915759,0.09997839387529775,0.3671741422535473,0.22693413481999256,0.10346764227067867,0.6544792348537176,0.6988159437047926,30.46057545065707,20.847125727517447
73615,Maluku,IDN,2020,2020-03-21,0.0764141361864811,0.3191095205889623,0.07356625040388959,0.09334598486944869,0.29206792131365045,0.15875670743171946,0.069406752817067,0.6387017384476185,0.5120777670462425,27.44786329965339,21.527294797852857
73616,Maluku Utara,IDN,2020,2020-03-21,0.08720519974921467,0.3075529525663296,0.08672091309411348,0.10209222635018916,0.2896019323962981,0.16568828331150132,0.07694866726193533,0.6022003641386069,0.47405890795299055,27.437973038269707,20.63698995385388
73609,Bangka Belitung,IDN,2020,2020-03-21,0.10386717646174878,0.37697526280599697,0.09004743518803592,0.11781306299311194,0.37216137029992,0.23863358835414866,0.11534459898278537,0.596026771679313,0.6567426948853249,29.163609065226797,22.396003399126833
73610,Banten,IDN,2020,2020-03-21,0.1248858126311634,0.3458325697613226,0.12819945695119936,0.14246550768520777,0.3183401025312366,0.2018406885726927,0.10026677405728751,0.5043349691311069,0.44184511746518457,26.202407760832973,
73611,Gorontalo,IDN,2020,2020-03-21,0.06745655921464978,0.3204905463623614,0.05672105785096457,0.08065829533106343,0.3050005053608834,0.17743691295272623,0.08035027368253113,0.6822032684990937,0.5988819063288866,29.255597524036393,20.54942092039502
73612,Papua Barat,IDN,2020,2020-03-21,0.11298782581505663,0.33303508266431164,0.11350894389611532,0.12858311101879538,0.3121295726674726,0.16859782027575146,0.0744837982220109,0.5291517193713093,0.418925371291592,27.238289038608663,20.525196098979844
73613,Jawa Barat,IDN,2020,2020-03-21,0.10151577110567957,0.3422820299004843,0.09505342902490667,0.11674804326062106,0.3171395295270058,0.20505226206058846,0.1015642668620812,0.5686091026317871,0.548651535264279,30.111174514090585,
73617,Papua,IDN,2020,2020-03-21,0.1319979268317831,0.3531817236091525,0.12698764191238457,0.146590781612834,0.3357534966499089,0.1903995615530751,0.09086047916235275,0.5084378609588405,0.4268528165980712,27.93876154988072,10.689234210306884
73621,Sulawesi Utara,IDN,2020,2020-03-21,0.06548437798271713,0.32637109284317833,0.0577744957046217,0.08089169857633952,0.29948680346046247,0.16813448739299644,0.07518896720191506,0.691256535868428,0.5916638181097943,28.03785125887213,20.238429052346724
73622,Sumatera Selatan,IDN,2020,2020-03-21,0.12338827867962364,0.37124799653519164,0.11807492867289245,0.13856197601665696,0.3579097612541265,0.23186809783675646,0.11659455348389988,0.5462200644847309,0.5536047027162667,29.951374560473166,22.341395531483318
73614,Kepulauan-riau,IDN,2020,2020-03-21,0.1058532891719728,0.3110209732172673,0.09475754985246532,0.11754441418326392,0.30474873140801423,0.20085917514117088,0.10676893190904338,0.5077927370356028,0.4817026448406043,30.588038489354293,23.21836873072954
73618,Riau,IDN,2020,2020-03-21,0.12861940469139274,0.37905125958747576,0.12687696429972192,0.14287112374180908,0.36772823782032127,0.23564836874346357,0.11872019328513118,0.5261716075519332,0.5377126078417187,30.259559732845464,22.837759642056763
73619,Sulawesi Barat,IDN,2020,2020-03-21,0.08070852295232457,0.3814150928689238,0.06948496680967758,0.09966281285522562,0.36404646343874314,0.21222730860915678,0.09383813670776928,0.674678418230172,0.6958464860908427,29.395443439423094,18.89641664171969
73620,Sulawesi Selatan,IDN,2020,2020-03-21,0.0664501399571875,0.3595637232488645,0.049357978474115105,0.08438658253099544,0.3429186999216602,0.20417005665611243,0.08875235097361078,0.68906950397578,0.7066904873526421,28.81359720286771,19.063364843598375
1512,Nangroe Aceh Darussalam,IDN,2020,2020-03-21,0.06508270100671606,0.33847850147229197,0.05384008209286225,0.0794341562071608,0.3305264016871448,0.19434296312558705,0.08526054395770702,0.7103977024647344,0.663461576892317,29.467732763697676,18.463404517320594
1513,Bali,IDN,2020,2020-03-21,0.07547651434412153,0.3270470046380673,0.06622788041599394,0.0887589349456792,0.2997926322091385,0.18294282354136496,0.09012612343847877,0.6592995322147341,0.5943821242976782,29.773649926495736,20.837350252960228
1514,Bengkulu,IDN,2020,2020-03-21,0.06942959598050555,0.31755420522955646,0.06315057823402594,0.08350725332900973,0.30064561054843814,0.17437927689983215,0.07635331537713623,0.695203245944058,0.5630984470691439,29.990577346261233,21.091602933261562
1515,Daerah Istimewa Yogyakarta,IDN,2020,2020-03-21,0.06944177075330646,0.33882089053911074,0.054568123416324665,0.0849566784629323,0.3286061941236591,0.20690277504975324,0.09655080633607623,0.6739510790055732,0.671635525610917,27.528567799101456,23.15182380139451
1516,Dki Jakarta,IDN,2020,2020-03-21,0.19389708544105186,0.25840009948481696,0.19885865058855615,0.1992018435544823,0.2629051256503761,0.21893229840026623,0.1465602712428677,0.15177945400437012,0.1402728535390328,,
1518,Jambi,IDN,2020,2020-03-21,0.13225442912469387,0.3449662421966466,0.13663408219939713,0.14561279301658678,0.33264994142766074,0.21439914743807764,0.11113757076841654,0.4946159464607373,0.4522206774280797,29.682285154765022,21.94881820770773
1520,Jawa Tengah,IDN,2020,2020-03-21,0.09452530488410629,0.3280674275065961,0.08175175041545596,0.1070992984358948,0.31150954916129425,0.20426078274768442,0.10183150637303044,0.5715309496341755,0.5574415749237284,30.264512782668515,22.028770082717735
1521,Jawa Timur,IDN,2020,2020-03-21,0.07278066318907163,0.3391592384857161,0.05607415919022797,0.08706934896267318,0.31833246118958497,0.2027074945668682,0.09745475425514319,0.6635145541805945,0.6652166781507824,30.247198707066374,21.735439868608935
1522,Kalimantan Barat,IDN,2020,2020-03-21,0.07792795687430247,0.3112755817565005,0.07358607969087146,0.0906835657574131,0.2989760576862343,0.17171383551192293,0.07830838454600834,0.6458226759589523,0.5178440107826405,30.855185930321287,22.140579355076728
1523,Kalimantan Selatan,IDN,2020,2020-03-21,0.05342691818727763,0.312764817662355,0.04066247464811926,0.06798550749632959,0.29891992879748924,0.17509448761085958,0.07254408021185779,0.721133278525064,0.6092071833179593,30.59987537539579,20.81671530758156
1524,Kalimantan Tengah,IDN,2020,2020-03-21,0.08458184046231078,0.3171216262369484,0.07986302566908948,0.09759102132747205,0.30237911457809086,0.1715920385346891,0.07850308936731507,0.6315900211457729,0.5023651901771196,30.048926753153342,21.800194925892665
1525,Kalimantan Timur,IDN,2020,2020-03-21,0.10657446603610851,0.3522135510605253,0.10206410851506785,0.12050937500009132,0.3402158517238449,0.20247958102329738,0.09832490688215456,0.5851434071614982,0.5336916959944505,29.0022785543931,19.866215053579236
1526,Lampung,IDN,2020,2020-03-21,0.15183640036794363,0.38909595258850216,0.14740706377037982,0.1674924713482977,0.3667752095104735,0.23516560266735784,0.1189287100041275,0.48266623775643075,0.4949484470967084,28.98394587870221,17.157758104821205
1528,Nusatenggara Barat,IDN,2020,2020-03-21,0.04842050896971622,0.36697447328486876,0.03520620114591238,0.06800063008170504,0.32984069074559863,0.18522800217203753,0.07465137845344895,0.7672934722150722,0.7350934451484389,28.79626582106406,19.933969903621474
1529,Nusatenggara Timur,IDN,2020,2020-03-21,0.054835393707840074,0.3710349319290376,0.039162684533723666,0.0740548542225251,0.3485919267281489,0.20352529678028658,0.08625838116195278,0.7469912864662275,0.8018716894145006,28.8135859420613,20.845187473124746
1532,Sulawesi Tengah,IDN,2020,2020-03-21,0.08108692810403301,0.3581776379199235,0.07258517783030384,0.09864387287750825,0.34281981966597597,0.19705807997712277,0.08802184511433009,0.6594174902984458,0.6329324393343397,28.326389350161985,19.27535670001061
1533,Sulawesi Tenggara,IDN,2020,2020-03-21,0.06594844883844019,0.35323994036915435,0.054922699459656964,0.08378240806035873,0.33705754383940767,0.19279680315484227,0.08249523876294174,0.7073102085745193,0.6710643788866629,28.000397845290895,21.70260082954944
1535,Sumatera Barat,IDN,2020,2020-03-21,0.09162568793742436,0.3329259740387927,0.08881902093278338,0.10666578155967499,0.3180589379712225,0.19255759616410567,0.09146706908931469,0.6002928757817692,0.5354141061873252,28.96710103781411,20.468444355751625
1537,Sumatera Utara,IDN,2020,2020-03-21,0.09556397064917402,0.3420528250975435,0.09025387477416112,0.10945930672508129,0.3313562192036557,0.2068785195120158,0.09947100272783908,0.593979293238359,0.5685614673005019,29.528509675635043,21.04121544374069
73615,Maluku,IDN,2020,2020-03-29,0.08928266508236472,0.34275164271473235,0.08575205800373294,0.10700047115242507,0.31398732797907414,0.17623688917697583,0.08121162051209196,0.617760428811268,0.5428661321113138,27.29906757729503,21.8841622485889
73616,Maluku Utara,IDN,2020,2020-03-29,0.08513173865985425,0.34986370330724686,0.07928128578369159,0.10341073734492932,0.3306127896136912,0.18885062313781248,0.08417046176521213,0.6469522011505968,0.5886952296037482,27.22763963845826,21.7961568113912
73609,Bangka Belitung,IDN,2020,2020-03-29,0.07225728261667082,0.3210866023617794,0.05877205235109938,0.0840862490699473,0.3176943607617229,0.19818475693690404,0.09136944943512815,0.6500638263401946,0.6104789705454065,30.319692090061757,22.840990045287754
73610,Banten,IDN,2020,2020-03-29,0.07698798617600235,0.35534339096938256,0.062366258207289624,0.09316752109710018,0.3348287966075688,0.20790462908149582,0.09712612244389139,0.6491461928631732,0.6718496707733898,27.846585006226228,17.437218484937162
73611,Gorontalo,IDN,2020,2020-03-29,0.04484650894280561,0.3305482754513397,0.032672016455218666,0.06086989766963237,0.313398722116884,0.1728967911305082,0.06874200920862156,0.7694204088815078,0.6709457923444626,30.173474718050294,19.892621763284073
73612,Papua Barat,IDN,2020,2020-03-29,0.06704234964201869,0.34027662616199655,0.06023348991610362,0.08422405858757014,0.3241545044028404,0.17368579716433072,0.07333651987531206,0.690671308654974,0.6005797074944168,27.75164129785696,19.78118126728374
73613,Jawa Barat,IDN,2020,2020-03-29,0.0707568702725148,0.3187792218189383,0.05620628741827598,0.08379960942921685,0.29710802194140956,0.1877839790576978,0.08903565865330638,0.6506987861366893,0.6047429953654119,30.167583985591182,17.330820590986
73617,Papua,IDN,2020,2020-03-29,0.08041483942305054,0.3065175369151216,0.0754734087025636,0.09405410429638866,0.2922469266663081,0.15993681948497904,0.07144640444157581,0.6380300364252621,0.4782937936100925,27.38979080832763,13.034189361112565
73621,Sulawesi Utara,IDN,2020,2020-03-29,0.06666916857346075,0.37452831637051504,0.05499572366146299,0.08506710234115147,0.34557533646348537,0.19538983112095934,0.0839682926376868,0.7181070110206591,0.699637877299267,26.564955303226572,19.74818815546692
73622,Sumatera Selatan,IDN,2020,2020-03-29,0.07461392819941327,0.32966908574490056,0.06629141447031824,0.08922187771410478,0.31577018396764256,0.19280813134174907,0.08641236246664337,0.6605396221293452,0.5837760216184723,29.993057041344425,22.742670525341186
73614,Kepulauan-riau,IDN,2020,2020-03-29,0.08453897669722907,0.28179768819717604,0.07383689261498666,0.09601073870631242,0.27601718896044924,0.17618597300804437,0.09053488557784246,0.5568841842131235,0.4781193642171846,31.387554037154946,23.344679047128324
73618,Riau,IDN,2020,2020-03-29,0.1292105940813406,0.34184637206932483,0.1341263618061584,0.1429778027848819,0.32293745794800605,0.20124318338009053,0.10142266324087537,0.509432394681644,0.441024164466847,31.20777188094175,22.67849130087109
73619,Sulawesi Barat,IDN,2020,2020-03-29,0.05019453681304407,0.28872706722599434,0.04283193165338919,0.06294767087746365,0.271205057243584,0.1487689038527796,0.06427653912936322,0.7406548650522118,0.5499827929585566,30.122384617952015,20.139006204467385
73620,Sulawesi Selatan,IDN,2020,2020-03-29,0.08748466119134325,0.3099786322970523,0.07825826796169093,0.09997767261580118,0.29100316631317663,0.18080657329497463,0.08886600938623612,0.6034934716955564,0.5142261075283466,30.347429754933,20.347955815428726
1512,Nangroe Aceh Darussalam,IDN,2020,2020-03-29,0.09636262973137114,0.3198128916239473,0.0928016222374166,0.1092703089591761,0.3097996765881552,0.18560827498511612,0.08871137137924322,0.6015813854049232,0.48692319892322783,28.31237730092855,19.36421734128649
1513,Bali,IDN,2020,2020-03-29,0.10592593565959509,0.35521138242648576,0.0972823205714877,0.11921149297437093,0.3254994947560376,0.20693965302453105,0.1066597633664812,0.6025290294511633,0.5765293307960154,30.229766731843927,20.332861458917566
1514,Bengkulu,IDN,2020,2020-03-29,0.03544437246140021,0.2836370644174968,0.027186727140099468,0.048734179025892325,0.2680616715652592,0.1459930656533183,0.05430115448595395,0.7947440816849384,0.5797611690773246,29.7863471512416,16.828697120768776
1515,Daerah Istimewa Yogyakarta,IDN,2020,2020-03-29,0.11067112872998898,0.34795572322509827,0.10789597557455209,0.12703262119936984,0.3335975550114778,0.2208743288424024,0.11237402153874743,0.5485494399809802,0.5669493412353284,23.213828970625407,18.63637877379715
1516,Dki Jakarta,IDN,2020,2020-03-29,0.12177763834183968,0.2387574924408095,0.08588970655741908,0.11335100335178067,0.26285376860825105,0.23618372633096757,0.18165471017710122,0.3265929373764083,0.5485039371386459,,
1518,Jambi,IDN,2020,2020-03-29,0.12346004653970492,0.3523331109158857,0.12341959646577015,0.13734838150927053,0.34168998111394205,0.216374908781116,0.10897448068097007,0.5381166231100799,0.49516577450698596,30.174556724814824,22.01193195776787
1520,Jawa Tengah,IDN,2020,2020-03-29,0.10233613208794844,0.32737356756779395,0.09354758914876005,0.11561891441670621,0.3082796317407701,0.204874512834303,0.10273381944190783,0.5608047567055638,0.5366503789743989,29.15886330630488,20.24704695038177
1521,Jawa Timur,IDN,2020,2020-03-29,0.10119947362080273,0.35309449913119334,0.08943008679657322,0.11589823171574433,0.32841723544063434,0.21538875001269667,0.10748351882606672,0.5982401030389523,0.6045250164386263,30.653181545439857,20.75648426789832
1522,Kalimantan Barat,IDN,2020,2020-03-29,0.07871558254323176,0.3605371948290166,0.07136746658083881,0.09507480131143244,0.35133123894076274,0.20464504074990722,0.09063384270793523,0.6706147784907617,0.6463694332308034,30.51082865348378,21.139884535258236
1523,Kalimantan Selatan,IDN,2020,2020-03-29,0.07848439706866246,0.3378817161914994,0.06894923051050054,0.0946415926323456,0.3242717262424925,0.19595464981763538,0.0886225191916563,0.6418113099850604,0.5969752773243111,29.826253287128104,22.441151296006876
1524,Kalimantan Tengah,IDN,2020,2020-03-29,0.08934515150856545,0.3259224234473345,0.08708246351942382,0.10352040194341001,0.31089508487361556,0.17889024840268647,0.08352039417354866,0.6101885464877823,0.5034948653645244,29.80352348651101,21.750305237030847
1525,Kalimantan Timur,IDN,2020,2020-03-29,0.09818212185898988,0.35378873516652043,0.09304785919960812,0.11290112736686081,0.3411066519652707,0.1981611154335579,0.09263599479020691,0.5984191261147721,0.5601590346006932,28.460893717458124,19.89172224951394
1526,Lampung,IDN,2020,2020-03-29,0.09112941507409983,0.3436368649668021,0.08148286627202805,0.10525892537958072,0.32434300641665015,0.20553286572727386,0.09796899696696132,0.6052576700207861,0.5835453441534988,30.12484740965926,17.704383561643805
1528,Nusatenggara Barat,IDN,2020,2020-03-29,0.07508671367912996,0.3707200786177407,0.06245052705108183,0.09284856573209654,0.33769283232656216,0.2006184811235213,0.08983073648217858,0.6935706201745251,0.6863662003901859,28.018034822211746,20.94119501716294
1529,Nusatenggara Timur,IDN,2020,2020-03-29,0.05137013658520333,0.3609029897944572,0.0349419224998665,0.06930123638774927,0.34092016716017026,0.19821392913730085,0.08303742005049768,0.7566881338375467,0.7593200972003481,29.32571862866492,21.150373495196888
1532,Sulawesi Tengah,IDN,2020,2020-03-29,0.09416173260137668,0.3316647873066924,0.09011425664388212,0.10893081369476448,0.3138820115605089,0.18382644588272937,0.0880345523667939,0.6163160678596286,0.5196660132205287,28.33395410731256,19.332221469461764
1533,Sulawesi Tenggara,IDN,2020,2020-03-29,0.11155985750386738,0.35712046565334116,0.10766405024095002,0.12762962839849734,0.33633698130166495,0.20334080203111143,0.09830159337507882,0.5692472790089302,0.5294984325108572,28.973764388873654,21.13246464920147
1535,Sumatera Barat,IDN,2020,2020-03-29,0.09393060304041333,0.33492926594427685,0.08984150128246189,0.1089394130808444,0.31946208493774714,0.18928184471193663,0.08790165905190822,0.6023027445962279,0.5266141130789331,29.062543942854905,21.343914686832203
1537,Sumatera Utara,IDN,2020,2020-03-29,0.1440910808422928,0.35266390458244246,0.14667697170048793,0.15798649572748263,0.34051795991494826,0.2110549552719714,0.10571923434121604,0.47172440378360364,0.4199966500860316,29.65686591948272,19.497039302632977
73615,Maluku,IDN,2020,2020-04-06,0.07394005843503262,0.3337109699350894,0.06967739913722518,0.0922072833874385,0.30353773088482017,0.16455765907234998,0.06996044866963375,0.6627009226325635,0.547069385172357,27.373483019952296,21.435726000531208
73616,Maluku Utara,IDN,2020,2020-04-06,0.06517004420726528,0.29690627760393784,0.06113682708498772,0.07953648823137714,0.279664571133985,0.15494688975848064,0.06869894334519495,0.6773647052890008,0.5159009637018684,28.48489203544611,21.4133456385959
73609,Bangka Belitung,IDN,2020,2020-04-06,0.10945604416516239,0.30828724243250294,0.10805144058639395,0.12147247161958043,0.2958227204655754,0.18523373106928503,0.09137830661742195,0.5240414038538177,0.42368052993844046,30.041708427272024,21.994763981881132
73610,Banten,IDN,2020,2020-04-06,0.08071455569624303,0.3049180237804049,0.07402047324884593,0.09392507704781738,0.2845139637308095,0.17882597190899605,0.08713641330076993,0.6147852385204211,0.5216110255384302,29.761752381165692,21.4011253891106
73611,Gorontalo,IDN,2020,2020-04-06,0.031772311705636325,0.28233454465439317,0.020622164339014856,0.04411498110815893,0.2708646321159744,0.1452679874995502,0.0570244379167385,0.7974245687446979,0.6072982566304994,30.39867597458664,21.31301446004085
73612,Papua Barat,IDN,2020,2020-04-06,0.0501423376029628,0.31641146577752793,0.04344864837349221,0.06618456841581576,0.2986341411104895,0.15372563888986396,0.06023440674518859,0.7454583280300806,0.5833952867725409,28.259673436127482,20.936569804599646
73613,Jawa Barat,IDN,2020,2020-04-06,0.06635090423643256,0.3066595480912607,0.050837979684195414,0.0781960959307829,0.2886109448592355,0.18220726781983745,0.08587603606986458,0.6589146969221914,0.5885097257738378,30.240031263169275,17.29453504291865
73617,Papua,IDN,2020,2020-04-06,0.09401380006046739,0.32984079057579174,0.08876975780686698,0.10898958630718451,0.31513960671790636,0.1746859077010815,0.07971192467936082,0.6056505228823768,0.492681949240016,26.87901548142024,18.079413283529004
73621,Sulawesi Utara,IDN,2020,2020-04-06,0.03704471099585863,0.31267348548127266,0.0267787548478389,0.05196417508193088,0.28837594510877024,0.1523750846592379,0.0594119894686381,0.802894883492776,0.6404008344073441,28.99089533967709,20.283059210965714
73622,Sumatera Selatan,IDN,2020,2020-04-06,0.09919218495630208,0.33739157432596534,0.09481974081951489,0.11367461904919929,0.32272337252670386,0.20488435419635673,0.10149941866826469,0.5832502336831722,0.5434605005253066,29.76521854467406,15.911684284541783
73614,Kepulauan-riau,IDN,2020,2020-04-06,0.09919349488985314,0.287036189616332,0.09050815081459813,0.11108752051673906,0.2798342465224783,0.18162262991944864,0.09501650321967518,0.5062332576445181,0.4586604980018867,31.28893461483452,23.454225372208057
73618,Riau,IDN,2020,2020-04-06,0.07737105825178292,0.3235955275216784,0.07135686872305372,0.0893028946351701,0.3063769174124659,0.18441088086911225,0.08545152042201982,0.6546107663694414,-5.126590394963313E9,31.647467351617326,22.193131267776604
73619,Sulawesi Barat,IDN,2020,2020-04-06,0.04536293408817252,0.31620619572279474,0.0352814502601988,0.06133993089894581,0.30355963327234875,0.16493648405697536,0.06472671946166443,0.7739777220848858,0.6278861584429036,29.05634394726861,19.452783452166173
73620,Sulawesi Selatan,IDN,2020,2020-04-06,0.07446146355435518,0.30993315103872526,0.062036622219457827,0.08750892584075116,0.2956660221278682,0.1778162228057687,0.08137864478114645,0.6349313041598859,0.551369931365489,28.7023838633764,17.29862217930248
1512,Nangroe Aceh Darussalam,IDN,2020,2020-04-06,0.06098417741949502,0.3082274317366551,0.05294025680575637,0.07459843855174096,0.2959971812986128,0.1688249120368433,0.07326077012691805,0.7110578947145763,0.5757943803752901,29.59639082779521,18.19644158326418
1513,Bali,IDN,2020,2020-04-06,0.08463624208095244,0.3419073092695191,0.0753479035108716,0.0982587912930894,0.31622854883437973,0.19576097461813718,0.09606612633863637,0.6383924825937072,0.6100308186893271,28.590285646674918,19.909065305932124
1514,Bengkulu,IDN,2020,2020-04-06,0.05046085227145944,0.29999306826792577,0.04390856732606833,0.0643664207078968,0.28274138018265105,0.1591787957637589,0.06641587676901613,0.7452331749547003,0.5852912929437588,29.77240240874684,14.885853540273763
1515,Daerah Istimewa Yogyakarta,IDN,2020,2020-04-06,0.056915398081948815,0.33028375023483264,0.03896128581836405,0.07089511512431858,0.3222857945372666,0.20257354634832497,0.0920552245745174,0.7100351920218334,0.7096951842080176,30.87330404538493,22.139049175179906
1516,Dki Jakarta,IDN,2020,2020-04-06,0.14019100949244656,0.23285561065766847,0.11717317823133754,0.1347450997331523,0.25396618389188824,0.23008524644691825,0.1746826697751282,0.2644995835196078,0.38189512765726136,39.054460672134944,26.27000000000004
1518,Jambi,IDN,2020,2020-04-06,0.09817337274288328,0.3163303602067503,0.09782797919724781,0.11066787207334913,0.3028610844688082,0.1906399276437463,0.09533393985738445,0.5802142229468568,0.4946707487664089,30.166574299170353,13.673744354720114
1520,Jawa Tengah,IDN,2020,2020-04-06,0.060533460063112825,0.3005596379519534,0.04189248385216664,0.0719487246174675,0.28591392740294486,0.18325411980446502,0.08377557639012524,0.6625463224069956,0.5974097358522396,31.14662483383711,19.375257528182452
1521,Jawa Timur,IDN,2020,2020-04-06,0.06662294651159845,0.3213208971140157,0.049586811753565815,0.07979089657557548,0.301680412878615,0.19066834790266693,0.08895986688949459,0.6653451399652525,0.6284311789017935,30.406257365586,18.46286600872527
1522,Kalimantan Barat,IDN,2020,2020-04-06,0.09793034964279053,0.3532974354562505,0.09362716971808413,0.11300042941899614,0.34008338546193495,0.20425146116296308,0.0982118404972118,0.6090255752524497,0.5672795843604015,29.006802711930735,21.26195784253305
1523,Kalimantan Selatan,IDN,2020,2020-04-06,0.1286652265160131,0.3700643517762302,0.12264684286102574,0.14507654555746896,0.35465775346548706,0.22552899196627657,0.11406551678051423,0.5183586172556354,0.5212664848352385,28.97019089080716,19.613252995680757
1524,Kalimantan Tengah,IDN,2020,2020-04-06,0.11048879395000083,0.34667173124090567,0.106192418719797,0.12468733335403491,0.32983172231363506,0.19483908137408804,0.0951399444237238,0.5763551330755122,0.49777009243125625,29.066619527629815,21.526236246906215
1525,Kalimantan Timur,IDN,2020,2020-04-06,0.13150883064066873,0.38744777190343765,0.12677857461471573,0.14638575780582588,0.3761224120302093,0.2289620370621659,0.11563115240895484,0.537388307999553,0.5436293648439404,28.248744063969056,20.59698384981433
1526,Lampung,IDN,2020,2020-04-06,0.06905175231793374,0.3494350297451114,0.05266390142964157,0.0839700041672392,0.3325665591115087,0.20582486184964402,0.09099368210038007,0.6782028626344703,0.6856457242578441,28.853018093449624,20.61977506624636
1528,Nusatenggara Barat,IDN,2020,2020-04-06,0.060266856713572174,0.3516052823597237,0.04618233214095398,0.07659345713356099,0.32461907026132836,0.18966406665229932,0.08246268485847714,0.7238705676358033,0.6860714112897092,28.207377722842125,20.316349523729237
1529,Nusatenggara Timur,IDN,2020,2020-04-06,0.05204669832720539,0.33265545824044646,0.03820823171656613,0.06739879006888992,0.31582991458909676,0.18340491904432263,0.07806660999471006,0.7376300808758756,0.6842478259916883,28.92681812414751,20.595724039364768
1532,Sulawesi Tengah,IDN,2020,2020-04-06,0.06296014597317282,0.305191084233955,0.056656949346795785,0.07722927312312565,0.29167370706925316,0.16233025722160743,0.07069375816939157,0.701324593165506,0.5505972122002443,29.02927964929021,19.99174970996243
1533,Sulawesi Tenggara,IDN,2020,2020-04-06,0.07609731455178742,0.3222059954051643,0.06926651573102867,0.09090599625734493,0.30618421309081323,0.1755056597359341,0.07799920673255799,0.6644028494467032,0.5505296351502762,29.000394675998383,21.787247782054198
1535,Sumatera Barat,IDN,2020,2020-04-06,0.09192094311486446,0.3209779337818603,0.08872731597841967,0.10563217624037848,0.3033953487274898,0.18281594111204014,0.08918638586089309,0.612365579052823,0.5100076804141337,29.905316351527336,19.550172320279156
1537,Sumatera Utara,IDN,2020,2020-04-06,0.08071612296929803,0.31050259967050875,0.0770152203579795,0.09395405963793872,0.29540038594325524,0.17795207868085838,0.0830280492518137,0.624210070229252,0.5229166406454313,30.891790511309907,19.75628294633074
73615,Maluku,IDN,2020,2020-04-14,0.05366456792161865,0.33163731013453324,0.04647711670417613,0.07262318617044426,0.3049156093534428,0.15935880203702327,0.06310767479452138,0.7319999986694588,0.6083704513695393,27.993354412163914,22.293335831198654
73616,Maluku Utara,IDN,2020,2020-04-14,0.07306950958179852,0.3296838483531052,0.06718221312863566,0.08986827638172401,0.31182788525676197,0.17288223979292952,0.07568950091760276,0.6719049968426863,0.5617926333574909,27.83543608326026,21.181441325514985
73609,Bangka Belitung,IDN,2020,2020-04-14,0.06669094269991523,0.3263387019485074,0.052387903248001515,0.0789926071737445,0.3195545488920258,0.19421396191977566,0.08695807638635945,0.6694314935657443,0.6310207130851252,30.891862889318705,22.892294082159985
73610,Banten,IDN,2020,2020-04-14,0.07915173052375177,0.31483428396579144,0.06995917367156029,0.09235198229811506,0.2973192484888674,0.18728010772373657,0.08989371953750029,0.6142196201213854,0.5509611435167387,29.97174874541217,22.96358483039248
73611,Gorontalo,IDN,2020,2020-04-14,0.0638148931803107,0.3207920093375985,0.051410244293316296,0.07616139535943578,0.3099847471728913,0.1831635410866152,0.08410752006233259,0.705209733244531,0.6481567095379436,30.026608647980925,20.912549336728475
73612,Papua Barat,IDN,2020,2020-04-14,0.052444823290550974,0.3150361789560161,0.045290134214101274,0.06827677128432734,0.2971074578402232,0.15209962017574272,0.060838871711270545,0.7303977880427799,0.5751175995280067,28.366004267247742,19.463111814571242
73613,Jawa Barat,IDN,2020,2020-04-14,0.07544265652889945,0.3008855270075936,0.06285620103871521,0.08704386165836644,0.28237053610488255,0.18032306853320137,0.08725250200492984,0.6231304487992774,0.5395159959007491,30.44042195806132,20.909881871559698
73617,Papua,IDN,2020,2020-04-14,0.07047082908413795,0.28136009843383614,0.06521404633937072,0.08232268080217864,0.2674480429756712,0.14270649049799808,0.06298720103477472,0.6579605415505594,0.45004519413324784,28.231297580089226,17.841218543560206
73621,Sulawesi Utara,IDN,2020,2020-04-14,0.07166272868414174,0.3456805109538346,0.06260179390782702,0.0870743194443012,0.3209769545158268,0.18279002483665044,0.08176648850484447,0.687076937755255,0.6237814958909597,28.715456896564547,20.142870985310342
73622,Sumatera Selatan,IDN,2020,2020-04-14,0.09067768270765156,0.3300560359852985,0.08437728189433652,0.10441745739434581,0.31883434911537256,0.19872490698318585,0.09446051097332375,0.610994165772431,0.549710429426465,30.25793932461899,22.526235166700594
73614,Kepulauan-riau,IDN,2020,2020-04-14,0.08450340866980623,0.29751660764831833,0.0716432217373063,0.09680195834392007,0.2935324434053933,0.18807730234561648,0.09546263061682728,0.5628758291410701,0.5274677912476586,31.405149975756387,23.881123095422243
73618,Riau,IDN,2020,2020-04-14,0.09258772257580897,0.3484648368363411,0.08927614357142205,0.10650035034258044,0.3334831667463587,0.20389558613093786,0.09614452816601589,0.6171719458244773,0.577000260029057,31.2170637776017,22.77898421666835
73619,Sulawesi Barat,IDN,2020,2020-04-14,0.03161308499355812,0.29836725501566125,0.021751339005523364,0.04714196258936441,0.2811261767593652,0.14478830249938976,0.05068009192174511,0.8120221223436518,0.6046405207116429,28.578308195057907,16.256513436429266
73620,Sulawesi Selatan,IDN,2020,2020-04-14,0.06567120935833448,0.30605118170684115,0.051652400346898435,0.07855531609108386,0.2933626466696455,0.17604400850951865,0.08051550885320341,0.6431099663216655,0.5772030414388369,29.34724413399939,18.90553228082149
1512,Nangroe Aceh Darussalam,IDN,2020,2020-04-14,0.05191999148979259,0.29086533796911573,0.043668649229365454,0.06460083036445084,0.2786204158559791,0.15668910160084476,0.06599990969360793,0.7380340738643045,0.5557322142295895,29.82868066048682,20.18487567271599
1513,Bali,IDN,2020,2020-04-14,0.051917131513290554,0.32560240723353345,0.039429416733319414,0.06577994533462365,0.2993204765372554,0.17517541012669746,0.07777135014410051,0.732859137422485,0.6598350946560275,29.38881333177247,20.02393663735152
1514,Bengkulu,IDN,2020,2020-04-14,0.05829385659899744,0.3495916469183724,0.049015823720646494,0.07558157278580378,0.33573627054057303,0.19200800420160388,0.07970855218102862,0.732116986616242,0.6817568097853564,27.643365741768736,19.19089778510146
1515,Daerah Istimewa Yogyakarta,IDN,2020,2020-04-14,0.0620588842677939,0.3136769088490327,0.048085556942053465,0.07589252332651632,0.30514133628214574,0.19595488012560872,0.09186727967534507,0.6835504475540162,0.6491016876112692,30.582756345852285,21.298299874065076
1516,Dki Jakarta,IDN,2020,2020-04-14,0.13330206600313388,0.22115468730010845,0.11474715685640018,0.1295860506033058,0.23776439617532857,0.21193926820715117,0.1574698451137303,0.26888044393787336,0.3145932036092037,41.73420945388002,25.130863851449167
1518,Jambi,IDN,2020,2020-04-14,0.09286810155249865,0.3438116752605319,0.08716088334238904,0.10648863967996272,0.33622607422401274,0.21033724295857179,0.10211361002146715,0.6164491257963999,0.5810248929180502,30.008046520496514,21.900878250822654
1520,Jawa Tengah,IDN,2020,2020-04-14,0.07717202786210113,0.3014818634812609,0.06300765277908355,0.08860865075911005,0.28760157107968504,0.18954247733230747,0.09309833385472539,0.6133023460215338,0.5581308979222593,31.160633142897385,20.285337797139647
1521,Jawa Timur,IDN,2020,2020-04-14,0.07437321036586916,0.3087893915286481,0.06081308113042317,0.08669582822969313,0.28944343249061855,0.18566757165960315,0.08956401059732146,0.6356059918040547,0.5693394167067993,31.870081108092194,21.101636326770983
1522,Kalimantan Barat,IDN,2020,2020-04-14,0.0793441248888292,0.31603735209698186,0.07675368717880546,0.09312752044228245,0.3031960712392068,0.17419384699298515,0.07946900052332408,0.6422124330378267,0.5186361743572665,30.875140184314358,22.12385769976503
1523,Kalimantan Selatan,IDN,2020,2020-04-14,0.07308458253800561,0.30573517021098917,0.06753944031952548,0.08794153710887925,0.2876570535379816,0.1677662420326668,0.07171657160295061,0.6349885958393361,0.4996860270664768,30.261877140589203,23.520790569711657
1524,Kalimantan Tengah,IDN,2020,2020-04-14,0.07477941361108371,0.3203859208295857,0.07025992626169539,0.08918034339865852,0.30583507488455797,0.1723269062346687,0.07676228600081735,0.6540975915129427,0.5351504457127804,29.7955533636936,22.66347614071709
1525,Kalimantan Timur,IDN,2020,2020-04-14,0.07966521213451745,0.32432110485828736,0.0752123530685373,0.0932034645791917,0.3121596130187578,0.17829829270792003,0.08225628070928678,0.6438917753750876,0.5425795236458617,28.925665576392625,21.14006927652274
1526,Lampung,IDN,2020,2020-04-14,0.06886735475470687,0.3256044882399921,0.05482544289365669,0.08159224677920951,0.30871337557314565,0.18797841394844533,0.08295039322418554,0.6731445865650547,0.6025538455509593,30.184016373593007,22.237558255112003
1528,Nusatenggara Barat,IDN,2020,2020-04-14,0.05988779494649677,0.3331218186425627,0.04585089421048145,0.07442822545246683,0.3103286461041597,0.18286309924436828,0.08095019717215515,0.7136903801197241,0.651930499261281,28.216343012810313,20.643927058485527
1529,Nusatenggara Timur,IDN,2020,2020-04-14,0.0443403359853833,0.3369639903521801,0.02903903706204644,0.06022045857373222,0.3221500308840947,0.18451245922692677,0.07442327227431193,0.770285968494449,0.7097638842323364,28.85434268635956,21.247957756933754
1532,Sulawesi Tengah,IDN,2020,2020-04-14,0.07065405845904021,0.3002575943457877,0.06616443556566722,0.08432641834405075,0.28360534483469396,0.16004986009240865,0.07251934955963056,0.6730571265601584,0.5134502881449222,28.509745630356573,19.058812102508092
1533,Sulawesi Tenggara,IDN,2020,2020-04-14,0.06829671043617035,0.31493758271015754,0.06118397828147366,0.08291872383828755,0.3015765248722988,0.172850384886958,0.07649182973272338,0.6791592003528986,0.5632651815039689,29.000577893983216,21.63197082580203
1535,Sumatera Barat,IDN,2020,2020-04-14,0.0686155228525501,0.32665046273885695,0.062293406278176644,0.08410766245699877,0.3101941329423328,0.1798077311316554,0.07858186119483566,0.6895122968530896,0.5897486621560476,28.47254232435282,18.338551498773143
1537,Sumatera Utara,IDN,2020,2020-04-14,0.10599214217645986,0.33767039784192837,0.10675829044633338,0.1208306542134192,0.3206852784918065,0.1973915332010773,0.09381259684063074,0.5757023830321449,0.49792440897583345,30.208455314032292,20.365830885177726
73615,Maluku,IDN,2020,2020-04-22,0.0993255962419269,0.3386573539198164,0.09859036457086134,0.11638550001891283,0.3092609776173426,0.1727855731119965,0.07703430415845001,0.6019068995540459,0.4952039759194714,27.1341969117746,22.547647781451925
73616,Maluku Utara,IDN,2020,2020-04-22,0.09450483528420299,0.3087713896590218,0.09537340783787217,0.10957128989259574,0.2864610253563637,0.1634162502857501,0.07498085417907994,0.5749459710466948,0.44357548266934804,27.044524264217415,20.116945513833656
73609,Bangka Belitung,IDN,2020,2020-04-22,0.11804291821282442,0.3195385065586215,0.11628533807359455,0.13045413027662148,0.305106930471105,0.18563811131164992,0.08820332405613476,0.5001480388615356,0.40466707609041286,27.276900878768583,23.251117965023873
73610,Banten,IDN,2020,2020-04-22,0.1063629451872039,0.32278935140130527,0.10589132525130601,0.12177916263750216,0.3065903696976484,0.19810208981580324,0.09842918379899197,0.5226564255451337,0.46478088344873414,28.219321093636765,22.647310460814012
73611,Gorontalo,IDN,2020,2020-04-22,0.09473905280511379,0.33204489150191707,0.08878177461201955,0.10883024572524648,0.31577644562360313,0.19099934945836547,0.09045150303051833,0.5877637047524924,0.5271236022441831,29.041949355997687,19.03019401179974
73612,Papua Barat,IDN,2020,2020-04-22,0.09377487216587808,0.343097508021495,0.09171961109967822,0.1103806742327773,0.3223011598807338,0.17638892382053542,0.07817847424848569,0.6092811309762732,0.5169114477823269,26.920185578024086,19.88787338896465
73613,Jawa Barat,IDN,2020,2020-04-22,0.08831902236650255,0.30745963692218203,0.078103391955656,0.10031966757699841,0.2959456122922954,0.19252824482568226,0.09587830022374758,0.5719099604475032,0.5115620540010308,28.97294374703618,18.814875564858657
73617,Papua,IDN,2020,2020-04-22,0.11491194999693577,0.32520584842386824,0.11166916931656952,0.12837141206520375,0.3097065942433354,0.17767165367747748,0.08594780810768803,0.5405231231427264,0.4179813567635156,27.571486626180743,15.601619989915523
73621,Sulawesi Utara,IDN,2020,2020-04-22,0.0998653759271107,0.3261921780609509,0.09861590119733006,0.1143718505256203,0.29782768968706824,0.17610328402061803,0.08423058577031474,0.578763831831267,0.47855612291791066,28.20075464439314,20.500969535274173
73622,Sumatera Selatan,IDN,2020,2020-04-22,0.11706301532290818,0.32479690001624867,0.11904395817983868,0.13117940682735912,0.31030192668428097,0.1955889501037812,0.09563156590889602,0.5090057748884312,0.4214948500940596,30.377686945451188,16.888147926253538
73614,Kepulauan-riau,IDN,2020,2020-04-22,0.10636921613063328,0.26090981674185176,0.10831076615240684,0.11970008002296971,0.24741608272368468,0.1594848116258568,0.08279467728354066,0.4456684993119641,0.325626839899117,30.008564649611902,22.408813927738212
73618,Riau,IDN,2020,2020-04-22,0.10278870955461593,0.3156095824877134,0.10738682280336827,0.11656521334234818,0.29508275784773974,0.17672688486191437,0.0839157313759624,0.5395683538333211,0.431449492659756,31.144855427779014,22.922145194274066
73619,Sulawesi Barat,IDN,2020,2020-04-22,0.10441647197280607,0.3331094436322607,0.10246510441108793,0.11910642833239808,0.31501402070247,0.18616358104747627,0.08851220201721074,0.5761380765286767,0.49019396230279605,27.55186616207628,17.5189611014033
73620,Sulawesi Selatan,IDN,2020,2020-04-22,0.10085300887500472,0.2946104448809342,0.09517651127033495,0.11211164999139074,0.27757999914748704,0.17158984801880733,0.08425620887607002,0.5325704672790165,0.4207462103605869,29.19469233576931,20.339798073727057
1512,Nangroe Aceh Darussalam,IDN,2020,2020-04-22,0.06106934170213308,0.3255566768138495,0.051630382980745924,0.07621066885920227,0.31227141716153356,0.17591358687880457,0.07456087015196373,0.7046188593712153,0.6057889772300874,28.87910800516634,19.87952252970683
1513,Bali,IDN,2020,2020-04-22,0.04714106600893668,0.3462543349773198,0.031295588482972356,0.06191776595759164,0.3214780011407646,0.18465841135610714,0.07918236031235283,0.7608820315143909,0.7274263620327598,29.392550027025305,20.981558951917737
1514,Bengkulu,IDN,2020,2020-04-22,0.07495395676971496,0.30857521110570824,0.07211803465820496,0.08849661718018952,0.2919155681749761,0.17103856666641962,0.07749791288121247,0.6568539425912355,0.5241520747915124,29.316685392578854,20.711160860897422
1515,Daerah Istimewa Yogyakarta,IDN,2020,2020-04-22,0.06410418421723854,0.3182337831798594,0.050513914043563,0.07817161195429562,0.3124347223193789,0.2005568580492321,0.09609329699248598,0.6826055957016939,0.66274255687587,30.673024620142012,22.062178293451172
1516,Dki Jakarta,IDN,2020,2020-04-22,0.1651473872818972,0.244428430532959,0.15755848382732046,0.1661438920687578,0.2611709978432412,0.22668313754942268,0.16353692090731362,0.2021534628086259,0.2175088150758168,38.80222806257003,24.09884683289457
1518,Jambi,IDN,2020,2020-04-22,0.11483306988228677,0.3313235909869943,0.11865255357863268,0.12885503093100611,0.3173825637157862,0.20081115347580208,0.10000237658364343,0.5202697178290929,0.45315373379005763,29.806352398503268,21.39473955328541
1520,Jawa Tengah,IDN,2020,2020-04-22,0.0772364205351582,0.3094356110764276,0.06271800963048804,0.08958885711494388,0.29673950803128213,0.1943708951269766,0.09473871785754674,0.6184608919460389,0.5756139850474067,29.302717069878753,20.47220936137709
1521,Jawa Timur,IDN,2020,2020-04-22,0.07482935183569749,0.3255876907647165,0.05963965694065373,0.08786977884302483,0.31118819189735064,0.1999741750665974,0.09692914225176771,0.6418256496967321,0.6247301575364228,30.744551160925514,22.453825553834534
1522,Kalimantan Barat,IDN,2020,2020-04-22,0.11176964355307255,0.3685140558961299,0.10836351933788443,0.12800205968891382,0.34898831363465366,0.20567448652989517,0.09683498147388536,0.5711432570037669,0.522408378650785,27.55299329263487,21.754110194419656
1523,Kalimantan Selatan,IDN,2020,2020-04-22,0.056383247607281126,0.33431349807141203,0.043577601520576374,0.07316038901496455,0.32365468703534367,0.1892908048683139,0.07719404694761654,0.7156629357645679,0.6551996246620111,28.424147993866907,23.907007563073716
1524,Kalimantan Tengah,IDN,2020,2020-04-22,0.08613838358737815,0.3479120098210481,0.07955405142859798,0.10164111668710435,0.33234589914799156,0.19067296427245672,0.08744893757847923,0.638906447847458,0.5623023692545516,28.387260205847983,14.57000000000005
1525,Kalimantan Timur,IDN,2020,2020-04-22,0.09164939011072819,0.3476671800972337,0.08610442919189673,0.10625759610903333,0.33348958172692456,0.19263164982607842,0.0894196111137402,0.6216456924947189,0.5556088756456917,27.869889209160856,21.166781885774174
1526,Lampung,IDN,2020,2020-04-22,0.10260228715281894,0.32800150347983853,0.09994542911565825,0.11697962388274018,0.3102989486069315,0.19414303660015364,0.09129195449035238,0.5585384825405791,0.4736508303338017,29.949903317189914,17.395650479383775
1528,Nusatenggara Barat,IDN,2020,2020-04-22,0.047854049812717195,0.32863836780422406,0.031098147842080683,0.06120441866902348,0.3128941994952059,0.18295545551276923,0.07893485897964057,0.7449245257018114,0.6932789731065606,29.568179324875242,20.977265476421685
1529,Nusatenggara Timur,IDN,2020,2020-04-22,0.04061107653638133,0.32836329776945233,0.023720106468333044,0.054778529128712145,0.31973648471275556,0.1843651594275921,0.07546328804742693,0.777507547875089,0.7231829389677247,29.14263258650247,20.24711047172943
1532,Sulawesi Tengah,IDN,2020,2020-04-22,0.11511303609631664,0.3362355782084554,0.11497011766796994,0.13005443837114355,0.3165856946361611,0.1892770936677722,0.09235532101838724,0.5424237756673371,0.4603149776021363,27.312756835277423,18.69865505662852
1533,Sulawesi Tenggara,IDN,2020,2020-04-22,0.1544564576036398,0.3397500062821711,0.15761959105256435,0.16786561171098466,0.3193510310697789,0.1910561923151971,0.09540227163185015,0.44869769462875747,0.3530688387448993,26.70650947599511,20.325358522431596
1535,Sumatera Barat,IDN,2020,2020-04-22,0.09789847780968355,0.3073822847012795,0.0997304744048091,0.1118842109660529,0.28959211344278746,0.1702163672636195,0.08089135441208187,0.5537029145029103,0.4324266532998529,29.606455941878522,12.632263741368403
1537,Sumatera Utara,IDN,2020,2020-04-22,0.07673558164087824,0.3296453809023915,0.07067146399327591,0.09164108814682954,0.3160477825253559,0.18545953610829075,0.0819353991964615,0.6469990505720856,0.574678689342997,29.955848114443206,
73615,Maluku,IDN,2020,2020-04-30,0.06091575457836476,0.32783217699086203,0.05454375226786251,0.07858998165784631,0.3029100304551662,0.16106025758794368,0.06627414577648019,0.7095658357852842,0.5815109665158111,26.735726544288987,21.41151698247333
73616,Maluku Utara,IDN,2020,2020-04-30,0.05287702507682008,0.30948695273025884,0.045915762620955605,0.06897055608122085,0.2921270430394484,0.15703390242578472,0.06495545010349343,0.7292703780931657,0.5753333706164496,27.56504217059825,21.076387936356152
73609,Bangka Belitung,IDN,2020,2020-04-30,0.0768063750414392,0.3306524860230553,0.06617360637666139,0.08990785089100882,0.3176401999954067,0.1924053385204877,0.08543696788553148,0.6421686681277227,0.5799089071411737,28.770825060685315,23.65104705482007
73610,Banten,IDN,2020,2020-04-30,0.07423259279788075,0.285588810516047,0.06310539114246264,0.08502334288725634,0.27155678187694043,0.17295859531583158,0.08327789459628496,0.6137531538722868,0.5057404798059665,28.80670490964129,18.76201040767347
73611,Gorontalo,IDN,2020,2020-04-30,0.08093296714103836,0.31834630454550567,0.07378211703850412,0.09407437123426897,0.3034378520134146,0.17905849582530348,0.08381427205675632,0.6336432707153542,0.5366422426791891,29.50107865071959,21.443405397845787
73612,Papua Barat,IDN,2020,2020-04-30,0.06257853243611397,0.29695317419022726,0.05849503836048514,0.07653263369307961,0.27818533996959105,0.14263555149899634,0.0591173630303899,0.6775824284976493,0.4930434065955453,27.757559546959683,21.168694910019987
73613,Jawa Barat,IDN,2020,2020-04-30,0.06616660245419946,0.28339064719151086,0.052070857054481334,0.07656119043547724,0.2677470618863771,0.1716418492561217,0.08185329324247179,0.6374088261982317,0.5282659762406732,28.99209338834096,20.329887836728528
73617,Papua,IDN,2020,2020-04-30,0.11144431494725877,0.32529246542201556,0.11080256563740552,0.1257723873560852,0.3092808092082835,0.1762377137570731,0.08333392177435346,0.545912973800725,0.4256933798828402,25.96915922049861,12.754317134630156
73621,Sulawesi Utara,IDN,2020,2020-04-30,0.04761857985112078,0.33508541595351277,0.03768747130850432,0.06449248253954949,0.3095795216874129,0.16696287248634964,0.06657653305273672,0.7573644211203844,0.6542383627407254,27.094577769636462,21.173451287876773
73622,Sumatera Selatan,IDN,2020,2020-04-30,0.1612477074191304,0.3659138644735171,0.16568656344066332,0.1761468935728893,0.34713286321394043,0.22563181623831313,0.11689978560574284,0.43893654479921346,0.39897030327893196,28.374258333591406,20.63710315489112
73614,Kepulauan-riau,IDN,2020,2020-04-30,0.08777971289890472,0.2882834996880966,0.07491974806752874,0.1000091952252963,0.2821758058261884,0.17947042345730968,0.0906253964019295,0.5486249115865618,0.5048135442315794,30.32469409385649,23.901634353070637
73618,Riau,IDN,2020,2020-04-30,0.08581877824600188,0.3701283436002023,0.07721773731136693,0.10100317464967931,0.3515476807663772,0.20903807871154986,0.09270948427286282,0.6537379663233971,0.6326582074606794,29.904763693122092,19.134787020316487
73619,Sulawesi Barat,IDN,2020,2020-04-30,0.06714202509309235,0.31447570194278734,0.05993046203044022,0.08142340597950515,0.2976533863233136,0.16702288869975254,0.07213511962352566,0.6906639736429442,0.5549148712144711,27.901407743236895,18.856096592276955
73620,Sulawesi Selatan,IDN,2020,2020-04-30,0.08848034813513038,0.30967789922602,0.07717475976292046,0.10061061614818409,0.29879411587501636,0.1857802920448692,0.09081502720695306,0.5824686804704057,0.5144942410941612,28.320541418175832,17.821434008876597
1512,Nangroe Aceh Darussalam,IDN,2020,2020-04-30,0.08757618560589536,0.33858403639219714,0.07983704531289383,0.10247846880456823,0.3195217029754924,0.186435864796175,0.08422240388309266,0.6213870481617809,0.5396212845382439,27.58918898259658,16.62437293137978
1513,Bali,IDN,2020,2020-04-30,0.05731632053330304,0.32919996299160226,0.0429852711346764,0.06991722170741153,0.307639569188831,0.18232747467029997,0.08401250278560884,0.7198227133320851,0.6634613744085154,29.46038082883702,20.406801648043736
1514,Bengkulu,IDN,2020,2020-04-30,0.10739540083998578,0.34496476375566354,0.10581762924984994,0.12316438479084124,0.3213869594229432,0.1836096039250799,0.08152606832960956,0.5687566745847065,0.4773680548706861,25.851216506400913,16.94613030251932
1515,Daerah Istimewa Yogyakarta,IDN,2020,2020-04-30,0.0518489216421502,0.2970875501086717,0.03687634180353034,0.06394723309104403,0.2936677239521191,0.18746217226416337,0.08934436991295597,0.7103158241564048,0.6651531695633627,30.74735951485404,20.195150508062948
1516,Dki Jakarta,IDN,2020,2020-04-30,0.11629507121216474,0.19678110435671264,0.1016635412982394,0.11388424166532482,0.21158896260364266,0.1933699387287919,0.1478376678712203,0.2723169350333785,0.28950777219901697,37.131783761043344,
1518,Jambi,IDN,2020,2020-04-30,0.1742029173936216,0.39107335978793417,0.1784373204459625,0.18928163048284105,0.3749053552436308,0.23773377209292468,0.12257866394860444,0.4318646474576019,0.41503542114083947,28.26898098153681,17.252736607700257
1520,Jawa Tengah,IDN,2020,2020-04-30,0.05593639399445943,0.28409274353728997,0.04030210453384635,0.06676863411648824,0.26974804905640165,0.17413858901966173,0.0818048111347081,0.6766561492871068,0.583963347794343,30.716251093830135,19.911524000862926
1521,Jawa Timur,IDN,2020,2020-04-30,0.05688066987056141,0.29623081265992,0.040779019269346996,0.0684962748006421,0.28225437875209636,0.17928951419574796,0.08453012913334627,0.6829025676793149,0.609854090684736,31.094301542433737,21.47690010142022
1522,Kalimantan Barat,IDN,2020,2020-04-30,0.08136113489856991,0.33205909743664913,0.07814704371187714,0.09651848963735293,0.3161990132283483,0.18152956032732753,0.08157243428430999,0.6390401955894639,0.5414707749904806,29.571280427404922,21.717855996809163
1523,Kalimantan Selatan,IDN,2020,2020-04-30,0.07084186416162422,0.335178902974868,0.060148085849311604,0.08703832059848567,0.324138850762888,0.19407159170716975,0.0846781546103296,0.6750428479162708,0.6089418638357618,28.82160094845708,24.286773880578032
1524,Kalimantan Tengah,IDN,2020,2020-04-30,0.07897755636657904,0.33941600935155664,0.07205202708925397,0.09405115162922811,0.32551320812922796,0.18608240037060353,0.08360494365342236,0.656581376987587,0.5740339528909957,28.215224215116447,23.453600299335267
1525,Kalimantan Timur,IDN,2020,2020-04-30,0.11303102338267693,0.33327977168571815,0.1127889824695206,0.1261852299255468,0.31825222833438405,0.18896628552135875,0.09359874340288502,0.5461140393434555,0.46064268386959845,28.635410639636643,22.09538520388488
1526,Lampung,IDN,2020,2020-04-30,0.15977897219053636,0.3683908932167431,0.16147398221605802,0.17373839054527632,0.3498562832996404,0.23173116946441705,0.12042072005512704,0.4448558240893965,0.4233066405456134,27.833858202608507,19.563396127847525
1528,Nusatenggara Barat,IDN,2020,2020-04-30,0.05471420548959778,0.3142083619396017,0.03753050656462228,0.06508902270685397,0.30500595714451106,0.18244553697720495,0.08208667971162258,0.7103925458417027,0.6455711622606846,29.727395970461032,20.609952177167163
1529,Nusatenggara Timur,IDN,2020,2020-04-30,0.048919183784339994,0.3198031147551273,0.0325438018805549,0.061085426489345826,0.31694404250499664,0.18655983143540528,0.07970167301694057,0.7421162429856812,0.6781087328277914,29.095574061572634,20.591504593541398
1532,Sulawesi Tengah,IDN,2020,2020-04-30,0.10799394054703054,0.32482926787121336,0.10601773159604373,0.12167573085666576,0.30807303429997435,0.18335699577503506,0.09036419324247505,0.5767394092320225,0.46439711640893794,27.730854830071184,20.08007853452318
1533,Sulawesi Tenggara,IDN,2020,2020-04-30,0.08536507508519244,0.32605871994736013,0.07919786452398897,0.10000578724816638,0.3168253507085897,0.18594561193244066,0.08684192616408708,0.6297995203650653,0.5434829940204126,27.65470758857661,22.1627629680467
1535,Sumatera Barat,IDN,2020,2020-04-30,0.11867541738661003,0.3573149828361359,0.11678118035964966,0.13490920990654007,0.33680038857759476,0.19714903724686983,0.08957564620402118,0.5277296691160764,0.47130792316419423,26.91564454242346,19.189145879772454
1537,Sumatera Utara,IDN,2020,2020-04-30,0.07948451702074431,0.3550224087403562,0.07020861568139881,0.09570974941990011,0.33861285746544745,0.2010513561330719,0.08669756323263603,0.6534463052788232,0.6160996442520684,28.469181109952213,18.857887217968763
73615,Maluku,IDN,2020,2020-05-08,0.07456800489217451,0.32561832389900675,0.06960883224580693,0.09092030647985078,0.29920180848773664,0.16335742648622759,0.07147492651701395,0.6692049619385684,0.541338174628394,26.76621074303154,21.781932048653438
73616,Maluku Utara,IDN,2020,2020-05-08,0.06056892389253785,0.29274064120650417,0.05626684009018629,0.07497109434239796,0.27506021568100253,0.1493784813209678,0.06382610294148597,0.6938133215840696,0.514367039803664,27.45981610875338,20.98598124733716
73609,Bangka Belitung,IDN,2020,2020-05-08,0.093220097736196,0.3056543896099294,0.08787957388927736,0.10460671498471424,0.2904089456142027,0.17683446784485474,0.08243092169539852,0.5706968684841138,0.45849597092095384,30.473681130435608,23.434638382074727
73610,Banten,IDN,2020,2020-05-08,0.07601094157305881,0.267260558306917,0.06892785903190807,0.08679334133156656,0.2502608214347159,0.15720778686236198,0.07548227151834898,0.5798916783239197,0.4358721669645035,31.29653658277483,20.500400488817334
73611,Gorontalo,IDN,2020,2020-05-08,0.060009435463778536,0.2969582769390239,0.05047280011287363,0.07209958609022096,0.2846313387505774,0.16459240341732218,0.07522285847105632,0.6922979733840242,0.5633038870357782,29.667482102332137,20.144097829288626
73612,Papua Barat,IDN,2020,2020-05-08,0.06868684186596717,0.294417622065418,0.06562310566512353,0.0818368403912066,0.2754127171361985,0.14478905057810595,0.062499307488421633,0.6674029727630425,0.4795603389728724,27.71516747958796,20.28187867357806
73613,Jawa Barat,IDN,2020,2020-05-08,0.08800560639435645,0.2889574401122792,0.07763287658899974,0.09799416101504066,0.27445658518615473,0.180362981599402,0.09169024444790487,0.5704698452607346,0.4754918449748176,30.206534549038324,18.795882638711042
73617,Papua,IDN,2020,2020-05-08,0.1104716404869872,0.3178397575476808,0.10861373665780619,0.12354746585768112,0.30247006068042226,0.17304783302604565,0.08352101910005749,0.5563073225890082,0.4173230405941967,26.909526210278255,17.323881964912665
73621,Sulawesi Utara,IDN,2020,2020-05-08,0.05839258054822485,0.314304853061981,0.0508523714542055,0.07273418241665318,0.2890208966466714,0.16061065453651993,0.06929468966332906,0.7230820052816922,0.5845282555166591,27.048700629415364,20.5831787006286
73622,Sumatera Selatan,IDN,2020,2020-05-08,0.052954458719595796,0.2907059857039053,0.04346107784672289,0.06533585478521846,0.27481322607971614,0.16095633165402268,0.0657484081335359,0.717572909457468,0.5507158642785491,30.66676609528223,23.37371575267659
73614,Kepulauan-riau,IDN,2020,2020-05-08,0.08780770334438362,0.27325849124383983,0.07906048131476916,0.10006788829922122,0.26189856050726723,0.16597654533507422,0.08280534063194957,0.5087367155649138,0.4203610047332272,27.720453154736266,23.238658142771193
73618,Riau,IDN,2020,2020-05-08,0.06264004340358045,0.3332918959263634,0.054169082248183474,0.07655468334903007,0.3102827604217869,0.17651515631265038,0.07245080478773465,0.7057570715717123,0.6033064985848204,29.389566298064775,20.134305890971945
73619,Sulawesi Barat,IDN,2020,2020-05-08,0.03465214936175204,0.3108132479129216,0.02432905499177087,0.0510276389426234,0.2976303520001781,0.15634906619029043,0.05653097001822977,0.8014586407295896,0.6369228667410777,28.207434965469094,18.51613087525838
73620,Sulawesi Selatan,IDN,2020,2020-05-08,0.08295409636253182,0.29832252046591384,0.0723815222597373,0.09471358361269966,0.2862008089971482,0.17522668876046468,0.08341122580306921,0.5931673180635259,0.4979558637149531,28.10041788736631,20.449834404610414
1512,Nangroe Aceh Darussalam,IDN,2020,2020-05-08,0.05573316759689053,0.29777922701413345,0.04709707067785887,0.069510778778034,0.2827065287613194,0.1566515727294503,0.06477541958219961,0.7132521542093129,0.5444356324820905,29.323456635527123,5.338445314776438
1513,Bali,IDN,2020,2020-05-08,0.06226702181773855,0.3043792164345257,0.050753939527833754,0.07359997113992707,0.28672432863253355,0.1738497538967057,0.08398157886435689,0.688464055985701,0.5888988534502,28.261888494031936,19.248086421525645
1514,Bengkulu,IDN,2020,2020-05-08,0.04215778946062997,0.3052219866376706,0.0336146949290731,0.0568629548442592,0.29365245011193686,0.16239537218482586,0.06251195596517685,0.7713517751549986,0.6193440115940805,29.483063804233424,16.89781361393808
1515,Daerah Istimewa Yogyakarta,IDN,2020,2020-05-08,0.09648624260187845,0.32331783662503766,0.09026577373470202,0.11110517186552532,0.3182969134921893,0.20630037918094093,0.10010578827511314,0.5656703450047506,0.5267221749308834,30.468379974265112,22.279930405187432
1516,Dki Jakarta,IDN,2020,2020-05-08,0.13189792556850113,0.20335959832817357,0.12793653967427387,0.13395636514690232,0.21259388762881434,0.19279776377398145,0.1456085182180626,0.23857008049759038,0.22935970815145817,39.925466724222616,
1518,Jambi,IDN,2020,2020-05-08,0.06546465907533018,0.3056512845934683,0.05919387705998649,0.07786755903348913,0.2923790253147991,0.17384819111343652,0.0772569677491967,0.6860496957412889,0.5558105644564456,30.161269239466993,23.037131228018712
1520,Jawa Tengah,IDN,2020,2020-05-08,0.0772976965113814,0.30946282056899094,0.06578742880151658,0.09045041177274102,0.2939170777913817,0.1911693976928438,0.09086715879966965,0.6161731759204843,0.5654479879422147,29.845420933091834,22.04139809279407
1521,Jawa Timur,IDN,2020,2020-05-08,0.061264974139272815,0.31622922176177753,0.04357152120110867,0.07394933937987624,0.3061560026273422,0.19427857559162126,0.09125450350432476,0.6782832238722518,0.6569380313891123,29.529946350639644,20.755334126754093
1522,Kalimantan Barat,IDN,2020,2020-05-08,0.09686311031610777,0.35845080573455473,0.09299392006625543,0.11314816794170363,0.3412637528924575,0.1993719012098486,0.09118614407238632,0.6134020369865211,0.5549450978693126,28.09036034181112,17.9892162768095
1523,Kalimantan Selatan,IDN,2020,2020-05-08,0.06624128901335534,0.3164484112915793,0.05699049288217379,0.08116041756111732,0.30443490169971227,0.1790569091733262,0.07653679924640719,0.6792292556294597,0.5735539626531673,29.082095209317178,21.800248052650684
1524,Kalimantan Tengah,IDN,2020,2020-05-08,0.10366667378717999,0.334283614156239,0.10215166946325285,0.11784288883253026,0.3195517924505739,0.1864041030239669,0.08863504410197287,0.5820535190737067,0.4784612221358777,27.919871444724404,18.187268592667323
1525,Kalimantan Timur,IDN,2020,2020-05-08,0.07245230285700964,0.32446150437616883,0.06682963118230949,0.08658990347509686,0.3108793029955222,0.1721493015837711,0.07523582625033873,0.675473800687008,0.5562413951949329,28.140830637768715,21.568413339267426
1526,Lampung,IDN,2020,2020-05-08,0.058099438051266494,0.30467215963903727,0.045853901382371595,0.0703637724233985,0.288113237484082,0.17736383519775586,0.0767119081525793,0.7045514202696497,0.5966753449681518,30.60771864098666,21.968724961431885
1528,Nusatenggara Barat,IDN,2020,2020-05-08,0.05358521566445925,0.31340342248726616,0.03398574891464268,0.06288539193177312,0.3056287798256262,0.18515495451387004,0.08341330705915266,0.7111344562623205,0.652208344692414,29.525608579072525,19.929332258435398
1529,Nusatenggara Timur,IDN,2020,2020-05-08,0.049496008145368996,0.30867621295592823,0.033043896037344485,0.060299052168746536,0.3085787213954606,0.1846658936743183,0.08011173783727497,0.7353196376800936,0.6584967386579991,29.016630564367787,20.2416685785504
1532,Sulawesi Tengah,IDN,2020,2020-05-08,0.07384112093998753,0.3158461017361845,0.0688578026206096,0.08872471850108794,0.30164849305843167,0.17051708679103186,0.07668966955426897,0.6606659950942009,0.5377246917942965,27.452935243224097,19.13189645684235
1533,Sulawesi Tenggara,IDN,2020,2020-05-08,0.0778858677834312,0.32789357078409104,0.07003571231224369,0.09266691374460251,0.3175346418701532,0.18377674056037283,0.0828638893269017,0.6629463698762245,0.5753988446617947,26.273013057543068,21.67093478955817
1535,Sumatera Barat,IDN,2020,2020-05-08,0.06894245767852333,0.3104130920612965,0.06292249526852513,0.08271861536643674,0.29360953934731443,0.16937722160501642,0.07473864163919491,0.6759504262798841,0.5447347552345488,27.893084341764943,14.325977961432558
1537,Sumatera Utara,IDN,2020,2020-05-08,0.07831934683162552,0.3110032383219115,0.07391857452899457,0.09172691876684168,0.29314404546781186,0.17157514526857737,0.07687477280746415,0.6313856485900723,0.5091740862215188,29.32776198906227,12.17977145975244
73615,Maluku,IDN,2020,2020-05-16,0.0882974689187697,0.3327202659651175,0.08599380962827903,0.10556101378367615,0.30392321209665707,0.16938311496299766,0.07713585779346435,0.6168383762949778,0.5063010452656849,25.73410296463717,21.694644402124997
73616,Maluku Utara,IDN,2020,2020-05-16,0.0915430256164172,0.32805908110127924,0.0883997597442876,0.10739844215426378,0.30508127510749117,0.17197022695175893,0.07868020244928599,0.6137688590163408,0.49554919227118954,25.92426535889257,21.668631128558843
73609,Bangka Belitung,IDN,2020,2020-05-16,0.0764322779152089,0.30380689275332456,0.06691337375225634,0.08762337579432036,0.29068657863886316,0.1773972867891993,0.08295211732414982,0.6213566948279652,0.5205737689621175,29.010231308743965,23.996871351820815
73610,Banten,IDN,2020,2020-05-16,0.0599305828991656,0.28454467789510096,0.04436588728363299,0.07066654046697397,0.27178118719678346,0.16999861015153897,0.07915823851410515,0.6473049077926799,0.5456391881791417,29.94726008789547,23.20172037495206
73611,Gorontalo,IDN,2020,2020-05-16,0.10417806758169365,0.31026250261516974,0.10312775163215301,0.11712385752181499,0.29403130503722535,0.17833326753088116,0.08838774952372748,0.52682417121924,0.42934541387993297,27.51281152779738,19.98604656500522
73612,Papua Barat,IDN,2020,2020-05-16,0.08563336884126425,0.3166128233025522,0.08336774936475072,0.09998376900402495,0.2961688991046201,0.16347372551265693,0.07592325453798279,0.6271625406279494,0.48680674025192877,27.30740603315359,18.928459287961477
73613,Jawa Barat,IDN,2020,2020-05-16,0.05210050018973726,0.2768330225168884,0.034327183484737955,0.061611354770837706,0.26580126485346256,0.16846291787458198,0.07775757360535313,0.6801994345518491,0.569251728363052,30.443299310473172,21.742201426479138
73617,Papua,IDN,2020,2020-05-16,0.09382964698626829,0.3109990956117503,0.09155062027202811,0.10733794494804189,0.29577590041428536,0.16581332902329676,0.07704088824145726,0.6096840283011342,0.45211653573713156,26.411580858932876,18.7765782725351
73621,Sulawesi Utara,IDN,2020,2020-05-16,0.10030226025869081,0.3209416392853374,0.09853184745687832,0.11405899563407304,0.29454850461778287,0.17657530208612054,0.08810840097668025,0.573720343850069,0.4661265774057637,27.05018595072896,21.01618734602343
73622,Sumatera Selatan,IDN,2020,2020-05-16,0.07711636627755052,0.31929658153209006,0.06873542852300983,0.09063844792536174,0.30651878817518013,0.18706923193742928,0.08602205675555326,0.6389054987089638,0.5553151473978994,29.606853413208523,18.61322831054833
73614,Kepulauan-riau,IDN,2020,2020-05-16,0.07991153158007093,0.27230595260676976,0.07098574678277161,0.09252289458854933,0.261760705634734,0.16334414783797488,0.08056377289743352,0.5467121262061989,0.44600739710759313,26.570007681357612,23.547030003481783
73618,Riau,IDN,2020,2020-05-16,0.08112088124410258,0.3417034770560197,0.07435390868365657,0.09522867920277735,0.32319253004421006,0.1906065568920461,0.08423565860652517,0.6401793440973355,0.5629578218583132,28.982089754382304,23.046333289425444
73619,Sulawesi Barat,IDN,2020,2020-05-16,0.15350247041904583,0.32934466716003885,0.15847592187097476,0.16597498681800207,0.3084304740904414,0.19754354377309308,0.10894977838639446,0.4308600854257192,0.34052539403494153,26.766175639302134,16.500690055023536
73620,Sulawesi Selatan,IDN,2020,2020-05-16,0.16462306096971474,0.331125892619471,0.16481457724551657,0.17627109942074531,0.31373973423855006,0.20465014416871677,0.11002118964143195,0.3905161885743469,0.3250027169422099,27.29723537641168,15.056938233951207
1512,Nangroe Aceh Darussalam,IDN,2020,2020-05-16,0.12231092880739876,0.31522214813860217,0.12407130997867594,0.1351578794363183,0.2958711549367754,0.17471655276256923,0.08605696538046201,0.5140806277805562,0.3844299854944157,28.272480576350873,21.307936911754744
1513,Bali,IDN,2020,2020-05-16,0.062836888253388,0.31390951877831064,0.05190047926813755,0.07612110562889039,0.28973586596243284,0.17380565157964953,0.07946197487573245,0.6943937410497335,0.5881152693335744,27.981567180349767,19.47042102394946
1514,Bengkulu,IDN,2020,2020-05-16,0.04197275036022854,0.33040119220904257,0.032038783084101845,0.058375356353249114,0.3139607749270002,0.17226296248659634,0.06533467695805455,0.7762681286745975,0.6681716298264989,28.47674600910923,21.109745206804345
1515,Daerah Istimewa Yogyakarta,IDN,2020,2020-05-16,0.04200921376390479,0.29508045026400315,0.02618604038018906,0.05509551128943843,0.2900827154829407,0.1819355913227955,0.07871744058210534,0.7465935744047058,0.6643154530078212,31.47628120266881,21.908722948320715
1516,Dki Jakarta,IDN,2020,2020-05-16,0.10656750518871257,0.203385896635126,0.07919218750705523,0.0996082153989251,0.22342751048654233,0.20523352412544416,0.16153445485782406,0.3170677186029827,0.42194944906139864,40.05979799689216,25.280380658905223
1518,Jambi,IDN,2020,2020-05-16,0.11420642734853872,0.34184043228297323,0.11292859251465806,0.12793818075145996,0.329378257463503,0.2063796444235068,0.10367607582078733,0.5394631872590039,0.47675801160036774,28.961552971123584,16.898595752374924
1520,Jawa Tengah,IDN,2020,2020-05-16,0.04969535801247385,0.28201068891998665,0.0337797345856677,0.06093341844806529,0.26685292892543283,0.1699844390495254,0.0768571109465943,0.7008622201995979,0.5935033831282726,31.22590177936146,21.827168976388492
1521,Jawa Timur,IDN,2020,2020-05-16,0.052730274647291714,0.29310353654368976,0.037548118976218,0.06489552952438418,0.27560924750293786,0.17398887713460062,0.0783113153188897,0.70004574694526,0.5995486377834238,31.511170061076697,20.966969815202624
1522,Kalimantan Barat,IDN,2020,2020-05-16,0.06882840750359666,0.3082803299287735,0.0644932384505468,0.08246798978365073,0.2919333486665026,0.16366023445769615,0.07248187826393694,0.6723538681131966,0.5248704406459817,29.26245119888359,22.080593108108726
1523,Kalimantan Selatan,IDN,2020,2020-05-16,0.08161053199809883,0.3026059538034156,0.07758967299720472,0.09571675002775051,0.28263001490373035,0.17191125706830684,0.0798654758570179,0.6144110043194997,0.48731438208932637,28.56229736129541,23.468912184318338
1524,Kalimantan Tengah,IDN,2020,2020-05-16,0.06584901583231213,0.3024459879878539,0.06029160213841347,0.078716867868148,0.28531233508509196,0.15941793066165375,0.07114723274879309,0.6761884287582322,0.5238734025228577,28.431018226586097,21.558592165627402
1525,Kalimantan Timur,IDN,2020,2020-05-16,0.10100487427638097,0.3098005097234243,0.10336650612595007,0.11397337106222484,0.29106298581234935,0.16835452958022948,0.08047284631970227,0.5640524350277958,0.42605291692862085,27.78257220947254,19.47061629999371
1526,Lampung,IDN,2020,2020-05-16,0.07128995380701283,0.32633977282415394,0.05715926682328927,0.08358634882366998,0.31308642294791744,0.19754068287183696,0.0929809356324971,0.6633130271803293,0.6275287540518562,29.457922747067478,23.455580927320767
1528,Nusatenggara Barat,IDN,2020,2020-05-16,0.08745728684190919,0.31966806607770637,0.07147052773867142,0.0963698268381252,0.30913605312343106,0.2016770674712295,0.10145943284311054,0.6147232535595386,0.5689293135533486,26.557324773095125,18.633486349243988
1529,Nusatenggara Timur,IDN,2020,2020-05-16,0.16084579816753472,0.3742095582870903,0.15220227564026184,0.17159720377750592,0.3655379781062275,0.24565711266148668,0.13198710039971048,0.48347463228015214,0.48475840783820695,26.511945795395928,19.647998711163307
1532,Sulawesi Tengah,IDN,2020,2020-05-16,0.13712653494379637,0.3293595011207237,0.1416768729839804,0.15111870362803134,0.30784995505052026,0.18463162869510377,0.09159785463923828,0.47497867756375484,0.3705260981628694,26.50901650208465,18.02562887664084
1533,Sulawesi Tenggara,IDN,2020,2020-05-16,0.16917103767582764,0.3547949364268588,0.17262070476407052,0.18248723763857438,0.33133668389222337,0.21019093168827657,0.10931802546565454,0.43401891010221316,0.36434364810560144,27.3263840180019,20.806354981030097
1535,Sumatera Barat,IDN,2020,2020-05-16,0.07141321713283488,0.32191027984116505,0.06587755045441933,0.08628006843750612,0.3050896075661222,0.17436782865793463,0.07624045759703435,0.6600142236478165,0.5506763535688697,26.88018272031273,21.28909587871123
1537,Sumatera Utara,IDN,2020,2020-05-16,0.08464643018891987,0.3364149263220757,0.07903580217352521,0.09978471203599035,0.3206731862102952,0.19111596994839947,0.08608170345146451,0.6138858365256029,0.5478530617196845,28.94308447046124,23.26148769541247
73615,Maluku,IDN,2020,2020-05-24,0.1108958771847312,0.3371542676497373,0.10932249495524785,0.12686577041999764,0.30935095616433483,0.17724988939665776,0.08372967037264023,0.5743720851401495,0.4643665005949683,25.816426085774097,20.926751876122708
73616,Maluku Utara,IDN,2020,2020-05-24,0.06606599225865975,0.2795149443329013,0.06370214246042818,0.07920744150865516,0.25901403030228515,0.1414415328485402,0.06260159525843874,0.6630268212089601,0.46398404165782137,26.873627170066786,21.43766269711484
73609,Bangka Belitung,IDN,2020,2020-05-24,0.0889222232096948,0.31683478897049566,0.08247197415742716,0.10090149337655233,0.30192316814026326,0.18223976870750533,0.08468042668687929,0.5956571622746237,0.5034147823325741,29.60746150471161,24.126491578655703
73610,Banten,IDN,2020,2020-05-24,0.0690143017686436,0.2886047992903602,0.055579845018344114,0.08016029538516793,0.27214044901664713,0.17105029500588698,0.08106153478837211,0.6356169982835954,0.5243330056406749,28.59579645480598,21.68142217663096
73611,Gorontalo,IDN,2020,2020-05-24,0.07511027272178489,0.3100539197226262,0.0684504702697457,0.08837032447646677,0.2933185211412077,0.17124245016068232,0.08033772865172809,0.6527351545849599,0.5334125792098786,27.63490295956443,21.480989357073305
73612,Papua Barat,IDN,2020,2020-05-24,0.09052308709646936,0.3050967697151915,0.09015429833941654,0.103819251914829,0.286019140380046,0.15688527858468596,0.07325571036916258,0.6046492382956812,0.44470953932077384,26.73515777962481,19.34642835882809
73613,Jawa Barat,IDN,2020,2020-05-24,0.08715093640034535,0.29736306502421755,0.07469535926236134,0.09767149147113312,0.28072955121064813,0.1840050041127735,0.09258485786618516,0.5870898145757321,0.49994675543258216,29.504140742423786,18.97153902034236
73617,Papua,IDN,2020,2020-05-24,0.1140459345524012,0.32730394565417253,0.1119639752656881,0.12724764433938654,0.31238772893582617,0.17974434973897338,0.0871130753121772,0.5637011085266684,0.43170097103913674,25.77124013729225,16.93627644807803
73621,Sulawesi Utara,IDN,2020,2020-05-24,0.05125915171262207,0.3234413520153302,0.04278675818390341,0.06729705357440391,0.2963914688563119,0.16089499245105382,0.06695615880938721,0.7475521529603864,0.6210937101035523,26.62394949369493,20.717713440526158
73622,Sumatera Selatan,IDN,2020,2020-05-24,0.07863012329979956,0.318709379679619,0.07120113942957518,0.09191443990652687,0.3065324042920552,0.18735063628924284,0.08667729998361928,0.6366914182507961,0.5520451354491497,29.32559632354617,22.505782963198346
73614,Kepulauan-riau,IDN,2020,2020-05-24,0.08594144741245174,0.2703476498799716,0.0769141880749613,0.09752987758149721,0.2543956457411343,0.15634797920019375,0.07684684487701353,0.5310139799384695,0.4127942926878696,27.92534430299143,24.65757045320045
73618,Riau,IDN,2020,2020-05-24,0.07063767918276494,0.3281379676516339,0.06444001948921754,0.08423008698906125,0.3063379477472893,0.17687043721891604,0.07715758856671215,0.6758447121978605,0.5716474457859585,29.863273806602745,23.58885901536398
73619,Sulawesi Barat,IDN,2020,2020-05-24,0.057824475907727185,0.3311239739561463,0.04880772496680569,0.07431614261850686,0.3139931525134632,0.1718943024830496,0.07099846829817263,0.724979220207702,0.6097175308158977,24.409838742093807,21.51514087844341
73620,Sulawesi Selatan,IDN,2020,2020-05-24,0.07130984972084992,0.2966368118571179,0.05947636371178184,0.08420150684355718,0.2829105187346192,0.16865769694403665,0.07723869708340021,0.6273473324427702,0.5182353418483531,26.7749059555861,19.271876235243365
1512,Nangroe Aceh Darussalam,IDN,2020,2020-05-24,0.06290825159784173,0.3310102022425565,0.054036188492161005,0.07880613486486443,0.3118038448279637,0.17162005397142563,0.06943616048140687,0.6916384000933957,0.5807537531393995,24.338025126551248,22.81925052485156
1513,Bali,IDN,2020,2020-05-24,0.06431896947207692,0.32598744573181426,0.052375945546684434,0.07767627560500434,0.3019646708894789,0.18096530056070076,0.08274351711308665,0.6908633477858424,0.616231990512578,26.912307747549193,20.628861453767485
1514,Bengkulu,IDN,2020,2020-05-24,0.0479304948495799,0.3197548017202677,0.03908424581836392,0.06261220650711405,0.3020054020465421,0.1675398235930384,0.06643894213843722,0.749425386029548,0.6248261548705688,27.78846249013178,18.17142170476516
1515,Daerah Istimewa Yogyakarta,IDN,2020,2020-05-24,0.05255491562131943,0.2952228251775171,0.038287376906710684,0.06478930283919841,0.2896100659969743,0.18523066866037316,0.08557069407554532,0.712093607086029,0.6370665203214382,29.890943055080424,22.179315739979355
1516,Dki Jakarta,IDN,2020,2020-05-24,0.10224529509062735,0.20389873138046127,0.07160660106588726,0.09443759773517765,0.22333276451898867,0.20455369365599946,0.16039098345599312,0.33388502786566726,0.4445145788412671,34.832549205557015,
1518,Jambi,IDN,2020,2020-05-24,0.07020194741097335,0.3141121887197765,0.0647567719922733,0.08318740130764167,0.3012418811331812,0.17885913638059434,0.08148360176723471,0.6720851949456865,0.562683355776273,29.033986635596154,20.13088906663849
1520,Jawa Tengah,IDN,2020,2020-05-24,0.05420400279221959,0.3022463287415298,0.03847983032913256,0.06710509440751637,0.28531508187093096,0.18093272191818172,0.08128724213767861,0.7002539709286826,0.6293749195563725,30.298990425064165,21.682093476459777
1521,Jawa Timur,IDN,2020,2020-05-24,0.05881234338422341,0.309794040365942,0.043733877581616606,0.07248991183643061,0.29128296888728183,0.1816417748401942,0.08151118546360543,0.6852585931951397,0.6141257492778758,30.528128598372568,22.148201898194426
1522,Kalimantan Barat,IDN,2020,2020-05-24,0.07657702600254078,0.33831895151301156,0.07100517979695017,0.09183752304065204,0.3207105390220797,0.17960049991572524,0.07800502991849723,0.6683140202196839,0.5621636487215984,28.875905911060805,22.259502965659408
1523,Kalimantan Selatan,IDN,2020,2020-05-24,0.05949400892943872,0.3355656923344984,0.04788295574810565,0.07636966740973575,0.3185348675858579,0.18403336530985454,0.0745492196252846,0.7084886024087151,0.6260916467740968,27.335752370472772,22.99318133500995
1524,Kalimantan Tengah,IDN,2020,2020-05-24,0.08755440435087151,0.341051252991538,0.08205497427299192,0.10213733375682973,0.32484449214580163,0.1862515382635499,0.08624991607094333,0.6306644736086497,0.5410445551836992,28.17851885314071,23.077392560359137
1525,Kalimantan Timur,IDN,2020,2020-05-24,0.07261842746253307,0.34760678269396533,0.06475384726824722,0.08793559460474537,0.33174382676854036,0.1822313522837256,0.0777508173862426,0.6873636970973773,0.599240020143053,27.295761399378446,21.34885379558808
1526,Lampung,IDN,2020,2020-05-24,0.07320096002973991,0.3374386638541549,0.05976339809547665,0.08691426943378776,0.324270372884358,0.2010355335548482,0.08950914881293023,0.6696009892748755,0.6368012860437362,28.928298899984547,22.147070215738776
1528,Nusatenggara Barat,IDN,2020,2020-05-24,0.06520646905594282,0.30223197942977226,0.051234536127270774,0.07633949410825412,0.2926669313608385,0.18241306702920823,0.08440991944844203,0.6598000315924423,0.5848156535898231,27.933938562855275,21.019832969413464
1529,Nusatenggara Timur,IDN,2020,2020-05-24,0.055579035541242605,0.30398831610551597,0.04015262572216602,0.06673079709302523,0.30503812007011627,0.19028395189530892,0.0839327554982459,0.7088046497182151,0.6407555109563973,27.94786568744822,20.119763313586393
1532,Sulawesi Tengah,IDN,2020,2020-05-24,0.06605196097459291,0.315588934679611,0.05931666552028567,0.08130326612936961,0.2989284023848281,0.16550013366749355,0.07312634822045874,0.6870197210623565,0.5564529208095008,26.704262695605344,19.618094349874177
1533,Sulawesi Tenggara,IDN,2020,2020-05-24,0.06900432495521351,0.31890833716389894,0.0607003081754762,0.08373885242276806,0.30578555812002445,0.172054016468137,0.07576995572163349,0.6735363406349203,0.5618611286311378,26.0077621554759,20.94773383822952
1535,Sumatera Barat,IDN,2020,2020-05-24,0.05666313686923376,0.3058682835798302,0.05076070316961174,0.071104163931259,0.2872666146194958,0.15860298597086478,0.06543944659483608,0.7076273160320157,0.5532376721406047,27.467289157968278,19.68892127001054
1537,Sumatera Utara,IDN,2020,2020-05-24,0.09504783657358921,0.35017064249680324,0.09095833888602965,0.11116561166516133,0.3314845812222883,0.19525330720057424,0.08889713728150318,0.5972703592451787,0.5415729600770156,27.16501439866796,19.116878857293237
73615,Maluku,IDN,2020,2020-06-01,0.09045744879579613,0.3173185187049328,0.08836321533244143,0.10535940202576816,0.29268438266737384,0.16722863243157868,0.08035371757776544,0.621137484408638,0.48607287051514464,26.017671799125868,21.277950667469717
73616,Maluku Utara,IDN,2020,2020-06-01,0.08596657676493037,0.31282792464917014,0.08333755225642929,0.10101663705412862,0.2926238454991147,0.16423757004669404,0.07601057845024706,0.6262675843496724,0.48364448324520043,25.734277931233613,20.972267470625997
73609,Bangka Belitung,IDN,2020,2020-06-01,0.08505603876091172,0.31823349371836523,0.0764154064930567,0.09679569398504566,0.30102228197078446,0.18027507956830766,0.083483655957763,0.6071023053261043,0.5173656741517113,27.790931031091407,22.78946181291876
73610,Banten,IDN,2020,2020-06-01,0.07042989671667226,0.28959214010267575,0.06009128608091106,0.08276064120144472,0.2708528909531226,0.1689955783711865,0.07875112252047328,0.6281746216938777,0.5044613877916295,30.052620359190197,21.997968826897534
73611,Gorontalo,IDN,2020,2020-06-01,0.0878179978390161,0.31267122797328606,0.0850095725475061,0.10171971632299084,0.2938300113479521,0.1698928146519592,0.07875824650806673,0.5977035134275813,0.48492154619635275,26.827039096753584,20.03853260186671
73612,Papua Barat,IDN,2020,2020-06-01,0.07190421642523023,0.2968432812538802,0.06957907365093313,0.08512858683279664,0.2778534226304306,0.14744680788649497,0.06474623773699437,0.6546841918661142,0.474708494698946,26.03408083129686,19.001764274796674
73613,Jawa Barat,IDN,2020,2020-06-01,0.0662841788866199,0.2809042675885437,0.0530098807523209,0.07679091651838992,0.2618864793378316,0.1662362561069644,0.07845898754141395,0.6338426096777119,0.5127431146743113,29.160229891296254,19.771702693728795
73617,Papua,IDN,2020,2020-06-01,0.09058094164278811,0.3105280268248693,0.08644314152079638,0.10359903795662763,0.29505789364564317,0.1644960822185389,0.07677519937688485,0.6104509306635953,0.4580994001639711,26.07042627528832,14.676741613274778
73621,Sulawesi Utara,IDN,2020,2020-06-01,0.10879621048610578,0.34091710727211294,0.10891714530622333,0.12424923337147648,0.3098587615627055,0.17689150761604658,0.08189574734746974,0.5673580076570245,0.4601473883197391,25.433696577358575,20.549851283737524
73622,Sumatera Selatan,IDN,2020,2020-06-01,0.0646066222665494,0.3120459984116778,0.05558991443361306,0.0781503883221293,0.3002761965459162,0.17632311939675538,0.07523842116561458,0.68672885735614,0.5704922613567,29.686187021333716,22.0737901407926
73614,Kepulauan-riau,IDN,2020,2020-06-01,0.09024570200319103,0.27182879973142476,0.08219577251770496,0.10238510968609493,0.2528560434277526,0.15350133976161584,0.07451674821560819,0.5161123989626007,0.3956598809434591,27.29737469933852,24.12795130959533
73618,Riau,IDN,2020,2020-06-01,0.07403019314252064,0.32387617228363696,0.06916255677788286,0.08721142007121628,0.29704808053588266,0.16757982361230092,0.07284328502415549,0.6628590160775948,0.5349373430555611,30.04909734123103,22.806175659340244
73619,Sulawesi Barat,IDN,2020,2020-06-01,0.03459458375269051,0.3129884034156103,0.023897439153948947,0.050272755199668735,0.2980600189392669,0.1536686673536005,0.055131056830926894,0.8057131746008802,0.6326205454068026,25.90948848578646,17.07280094532177
73620,Sulawesi Selatan,IDN,2020,2020-06-01,0.09154876732329618,0.3182602706235197,0.08027838781390059,0.10450026272175879,0.3066409397736127,0.18834125413974434,0.09107935585674512,0.6031856741475956,0.5228514515621462,26.58530337583344,18.308397356287976
1512,Nangroe Aceh Darussalam,IDN,2020,2020-06-01,0.10236294573285898,0.30531274267906955,0.10502705152177183,0.11597004597271936,0.282281985260951,0.15549693620231536,0.07115128531349996,0.5437925640655602,0.39897135232744196,26.93856848226263,18.435194401624837
1513,Bali,IDN,2020,2020-06-01,0.04366196942980164,0.29633224120202434,0.03226362277276239,0.05596874713189177,0.27433683619274835,0.15683573122527034,0.06786363222838532,0.7526895375493483,0.6082468821592455,26.844798344780173,19.863916073241974
1514,Bengkulu,IDN,2020,2020-06-01,0.04506470476624073,0.3157585103731617,0.037096243041601494,0.059930503182747064,0.2972658012949739,0.15940933901765414,0.060382908306843994,0.7629688621751468,0.6104499658155332,28.34972207596347,20.258357634742318
1515,Daerah Istimewa Yogyakarta,IDN,2020,2020-06-01,0.09821966706734261,0.30344343639409993,0.09507789044899666,0.11153785660282795,0.2966319657506089,0.19731415133330474,0.10301926176864593,0.5505359885494407,0.4832052815565023,29.39348793380329,21.128818207138735
1516,Dki Jakarta,IDN,2020,2020-06-01,0.10604546320642126,0.19393731177277193,0.08464581870284449,0.10123106530026782,0.2046980106046907,0.1883815060586405,0.14488870027076162,0.31734046510877423,0.3286791118334887,32.271559596671274,
1518,Jambi,IDN,2020,2020-06-01,0.07112325964973841,0.3262141598957231,0.06490187649141707,0.0848111055307758,0.31063700005179645,0.1834766333165268,0.08231868525267913,0.6766042879111296,0.5848558073385147,29.172069838267607,20.928167434066346
1520,Jawa Tengah,IDN,2020,2020-06-01,0.0703324462305359,0.31087705788033726,0.05678136663340764,0.08306782619151068,0.29723758240590725,0.19160680453510565,0.09178096993006409,0.6445318391957447,0.6086778399298038,29.620228030305654,20.292883272603348
1521,Jawa Timur,IDN,2020,2020-06-01,0.06454713770206959,0.3136740942381276,0.05092018908803754,0.0779119803329334,0.29830045381411413,0.1878338101888578,0.08824571293109808,0.6706862028647339,0.6225459376422506,29.091352140483608,20.562766295525652
1522,Kalimantan Barat,IDN,2020,2020-06-01,0.07336995880755727,0.33337734465017405,0.06812870697232083,0.0888310516041493,0.31264776786010645,0.17392506247493678,0.07589392389940842,0.6680509230929419,0.5622241094205891,28.874016275116908,20.985437721354
1523,Kalimantan Selatan,IDN,2020,2020-06-01,0.07268290475424545,0.3105825347287624,0.06535956257365766,0.08669786731721107,0.2947234408937849,0.1739684140093447,0.07728603984110544,0.6515542058353527,0.533965501308542,28.67358354620794,21.55812206958888
1524,Kalimantan Tengah,IDN,2020,2020-06-01,0.06204881803941028,0.3249604994682684,0.05308378878450795,0.07641778908805649,0.30865928565738726,0.1678097047884067,0.0710405058118914,0.7053728341309634,0.5794630921197551,27.874000509268303,22.748290379317893
1525,Kalimantan Timur,IDN,2020,2020-06-01,0.07717939858343595,0.32098981225077955,0.0726644179487234,0.09066535478179973,0.3038050497749909,0.16806519237211612,0.07494853833006176,0.650329423455657,0.5210595028774581,27.036509107925745,20.2304978873453
1526,Lampung,IDN,2020,2020-06-01,0.08174044225407052,0.332521020009947,0.07179712895545622,0.09511591077142463,0.31873654851898564,0.20038805640533822,0.09213621645750981,0.6419105517818551,0.5916194837316157,28.60841978952055,21.63352412439794
1528,Nusatenggara Barat,IDN,2020,2020-06-01,0.07061965662278423,0.3004253451511161,0.05659797253112065,0.08024934103656617,0.2932475594646344,0.1852091048164964,0.08927945958251104,0.6656652104287294,0.5802049625496964,28.607280069422057,20.304448558855135
1529,Nusatenggara Timur,IDN,2020,2020-06-01,0.05325451848863877,0.3069974209296852,0.03558698366739583,0.06356216229914922,0.31509052164896173,0.19609523427568118,0.08719637904321091,0.7190150382021633,0.6761669704245002,27.960344861448796,20.170891960875903
1532,Sulawesi Tengah,IDN,2020,2020-06-01,0.113543045412445,0.3447697191806375,0.1118248148737286,0.1289442534889138,0.32502685036482304,0.1853885548237539,0.0854984905138215,0.5905188699320331,0.4893801908076273,25.95150925675222,19.06876240179169
1533,Sulawesi Tenggara,IDN,2020,2020-06-01,0.10398520323818211,0.3309489115965023,0.09950938386830181,0.11810126692143699,0.32069278088943703,0.19377406291126884,0.09660475417902123,0.5937165274068961,0.5030601971608273,26.229432302724707,19.415232153976213
1535,Sumatera Barat,IDN,2020,2020-06-01,0.05595437477471822,0.304224119594654,0.049525295539877355,0.06959906092853063,0.2824714618480806,0.15525081810612607,0.06426622762357455,0.7190390417579047,0.5547531184717636,27.88897608820019,20.21169549277197
1537,Sumatera Utara,IDN,2020,2020-06-01,0.06397440589427743,0.32232206538131625,0.05771955765317919,0.07886303171583059,0.3009662921672945,0.1675542028534815,0.06785780846254315,0.6904396934845735,0.5683078554404483,27.521881818902592,19.786132076357855
73615,Maluku,IDN,2020,2020-06-09,0.13528074784242766,0.3294294565520226,0.13859064499062707,0.1499585497427069,0.3016645938022796,0.1791348341254241,0.08859934262071344,0.4938317687239332,0.37744331668519154,24.448694651277762,20.2911399508391
73616,Maluku Utara,IDN,2020,2020-06-09,0.09596669229333425,0.30066220137533856,0.09727947036382205,0.10988584791488912,0.27841220044362797,0.15982654066946939,0.07514739704092294,0.5765641902322022,0.4256538424872668,24.972411266047995,20.323490444657065
73609,Bangka Belitung,IDN,2020,2020-06-09,0.07069931930327322,0.32568246437109943,0.0589496123586019,0.08256757434088434,0.31186875483678733,0.1856124861390351,0.08402650459000285,0.6621661345914333,0.5898038396779821,28.665009170329494,22.987016772227193
73610,Banten,IDN,2020,2020-06-09,0.058475604828199586,0.3061005397622788,0.04575066976018714,0.0729832920749494,0.2875659786880914,0.17540251366379161,0.076644202519553,0.674335611608634,0.5877777902410464,28.83599130922263,22.753605830063723
73611,Gorontalo,IDN,2020,2020-06-09,0.08759872990683795,0.3126197991760551,0.08218963660287415,0.10050272283802301,0.2917035738738955,0.1732212359288976,0.08349940515232633,0.6217169694899913,0.49956569592322364,27.8861771754405,20.305314292584743
73612,Papua Barat,IDN,2020,2020-06-09,0.09645184817073266,0.3180390918236627,0.09667530096688413,0.11098008392910742,0.29828162599496777,0.16204689380624623,0.07345067565994343,0.5753740600575468,0.43919750478309205,25.337393811697037,19.51163888088314
73613,Jawa Barat,IDN,2020,2020-06-09,0.048308893445007016,0.2904557383613051,0.0311020019099082,0.05969277033744935,0.2753632452422808,0.16993845681019754,0.07475263161152298,0.7079573277040716,0.6083726672421671,29.467265653457705,20.664019681065508
73617,Papua,IDN,2020,2020-06-09,0.12755034305924243,0.32734276044358335,0.12894877331112306,0.1413648359798602,0.3119980488244959,0.18245739435071032,0.09022843776083828,0.5100279867667087,0.3881206266662561,24.883808042985425,17.025595510257983
73621,Sulawesi Utara,IDN,2020,2020-06-09,0.05671484795581357,0.30323117085325013,0.05096979540291219,0.07088913277056207,0.2732650639690158,0.14948106479007167,0.06526470793303886,0.7211676963119484,0.5514555648567246,26.45087466402698,20.016635658274197
73622,Sumatera Selatan,IDN,2020,2020-06-09,0.07625257561980342,0.3285436346507491,0.06931589518454098,0.0905698301396843,0.3178576383460686,0.19322776139143313,0.08640143624080213,0.6626030364058022,0.5834647280592175,29.044612622327,21.597806234046086
73614,Kepulauan-riau,IDN,2020,2020-06-09,0.09757530910319143,0.277595577383903,0.09209672294120883,0.1096824216450792,0.25757050110465846,0.1586379339144838,0.07881324329263022,0.5157239805410612,0.39137694724638844,28.819710710929765,24.026157531357075
73618,Riau,IDN,2020,2020-06-09,0.05840936145277337,0.3421460485222239,0.05081286468634026,0.07341955814579873,0.3212460461363237,0.18224592798712602,0.07403573408709559,0.7256033257341076,0.6466067849698686,30.416084114542603,22.67563774996719
73619,Sulawesi Barat,IDN,2020,2020-06-09,0.03238977513158461,0.3155876903794546,0.022318438092715193,0.049057192249562606,0.3000557774375342,0.1552804948491041,0.05485623526561956,0.8144223659947392,0.6489446117200988,26.34877820728999,17.343721894638147
73620,Sulawesi Selatan,IDN,2020,2020-06-09,0.07467138408452316,0.2870079478890048,0.06487174899899954,0.08649224312202755,0.2733480048098195,0.1650925741684414,0.0780649691544786,0.6138975587188167,0.4963707346081746,27.096230463175978,18.88026685375406
1512,Nangroe Aceh Darussalam,IDN,2020,2020-06-09,0.036970967686566776,0.3172943362092621,0.02547960204057126,0.052720719622432924,0.30028895717226106,0.16048075783363638,0.05919782409226891,0.7922273710963819,0.6464618624006062,28.22046370451516,13.776687356091754
1513,Bali,IDN,2020,2020-06-09,0.03352026103279854,0.28852854339648215,0.019839109336890034,0.045347121271629535,0.26844543461940534,0.15173404010680858,0.0633473479062091,0.7901933848829545,0.6276556917097798,27.739296162822857,19.662502903666578
1514,Bengkulu,IDN,2020,2020-06-09,0.030459714494266047,0.32281595547776326,0.020312153480920362,0.04641317242052624,0.30869213254005945,0.16569298592932669,0.058776699796429334,0.824544891237119,0.6927961836861822,28.769450091052665,19.590730157908922
1515,Daerah Istimewa Yogyakarta,IDN,2020,2020-06-09,0.04576783532678495,0.27821287541219586,0.031576198873728846,0.057019439033367786,0.281377248838065,0.17836059792860287,0.08430634673688454,0.7269835268000073,0.6394968124260085,29.45009838503188,21.69226420833982
1516,Dki Jakarta,IDN,2020,2020-06-09,0.10680641142765997,0.21674714180574695,0.07686644426818451,0.10065776666370653,0.23410228619418694,0.2094564822409826,0.15812063986346078,0.34335836019320914,0.4456889146198445,36.31024366491379,24.508766912959047
1518,Jambi,IDN,2020,2020-06-09,0.06435061703527872,0.33892373511203955,0.05785974445286814,0.07949993218859908,0.32662603886254454,0.18878365824707086,0.07898537272565517,0.7033985248562081,0.6296909057481752,28.42558920542416,21.2046156145485
1520,Jawa Tengah,IDN,2020,2020-06-09,0.05097941870637023,0.2879193568361821,0.03447782058794038,0.06187304382834297,0.277736094411984,0.17792967996203465,0.08271438392754045,0.702196787328701,0.6272371355463636,29.938863369229985,21.05905500778685
1521,Jawa Timur,IDN,2020,2020-06-09,0.045114605688437816,0.28504916789566626,0.02920032612427984,0.0565820705654004,0.27373723403212696,0.17095203073001058,0.07831468728321904,0.7240645352136263,0.6298000856038567,29.968344962789867,21.008067387216723
1522,Kalimantan Barat,IDN,2020,2020-06-09,0.04165379924330008,0.3171634098394965,0.03251296452624129,0.056825089751592485,0.2994683308917839,0.15698343886586935,0.05941127976116373,0.7825934966627544,0.6193020832869359,29.24112224863579,22.43203940200208
1523,Kalimantan Selatan,IDN,2020,2020-06-09,0.054974452855428964,0.3023333235256968,0.0454384837970465,0.0688780314482211,0.28973449008249247,0.16694917079825597,0.06970937254541083,0.7191612782934257,0.5726159554937855,29.72976131142908,22.26903239953888
1524,Kalimantan Tengah,IDN,2020,2020-06-09,0.05932685367664722,0.30691694239696876,0.05222955855779355,0.07245564547510511,0.2910416287240187,0.158732832032816,0.06831621377071488,0.7116497628396263,0.5490498015808876,28.73518694821478,21.892524181995636
1525,Kalimantan Timur,IDN,2020,2020-06-09,0.09599696093759522,0.34580899405336896,0.09184212339571197,0.11035611430583094,0.3284166738936811,0.1889386330155043,0.08974813082467958,0.6066730308441936,0.5293229355961769,27.057299272698074,21.758680421069183
1526,Lampung,IDN,2020,2020-06-09,0.10315010167909927,0.3472576428198349,0.09811355974959386,0.11788622642655917,0.33144031803245916,0.2143069780621371,0.10361768817957756,0.5807856757887752,0.5615030358521799,28.799665738274978,22.054073017339583
1528,Nusatenggara Barat,IDN,2020,2020-06-09,0.04953797315593123,0.3097382518800569,0.031911452475801044,0.060393546642886965,0.3042047882041441,0.18413939167105933,0.0824970159956973,0.7249411344536449,0.6740716672832876,28.39611783575289,20.18830252555579
1529,Nusatenggara Timur,IDN,2020,2020-06-09,0.05901648756290842,0.29657244762678336,0.04271727128124641,0.06813581259598246,0.3049731883636859,0.19167834848704685,0.08835266049273449,0.6907431255444675,0.6235539405168655,27.837419909819626,20.144043151014003
1532,Sulawesi Tengah,IDN,2020,2020-06-09,0.10050077148609378,0.3153288860093546,0.09998769903260141,0.11441518197416835,0.2951718058707007,0.17233368600344912,0.08249610197404977,0.5949416130017046,0.4617992771080984,26.422901169428062,18.865278436664717
1533,Sulawesi Tenggara,IDN,2020,2020-06-09,0.17247872532367808,0.33788249032317924,0.17698170649629422,0.18415634941389497,0.3189554945778847,0.20500769754822495,0.11208738217986473,0.4176978241326096,0.33206032393044727,27.318137723783376,19.387323289653363
1535,Sumatera Barat,IDN,2020,2020-06-09,0.04144989330742883,0.29925114017770205,0.0342183588514481,0.05560293567184539,0.28261498615837,0.15222378718493995,0.05870071743876768,0.7711074576990764,0.5924237762573638,28.594496019246982,19.826969966868262
1537,Sumatera Utara,IDN,2020,2020-06-09,0.04375634769801683,0.3045096803917551,0.03475796267274261,0.05783117841631088,0.2857638498616815,0.1593303059496126,0.06221250747633637,0.7580405905531005,0.6038971479864307,29.665064125393606,18.66426072139697
73615,Maluku,IDN,2020,2020-06-17,0.1481891908551701,0.35536953360473544,0.1495659126366813,0.16304614992755487,0.3284514095422655,0.20419170920549473,0.10504360894758055,0.5008138724983945,0.4192523124596535,25.291074268545973,19.918222711187084
73616,Maluku Utara,IDN,2020,2020-06-17,0.08716514372601107,0.31445408468687347,0.08404984849034146,0.10180524588588809,0.29613359328536715,0.16726037968874344,0.07593892768847026,0.6265471094675108,0.4852795108532362,25.856758391890637,19.614304474486236
73609,Bangka Belitung,IDN,2020,2020-06-17,0.21646865638366072,0.36567271530590534,0.2255153297668421,0.22900572307782896,0.33779522395078754,0.2190769618564226,0.11915062366053976,0.3168180305514344,0.25964485170179363,27.519877222018565,22.367692253371946
73610,Banten,IDN,2020,2020-06-17,0.08003383103362545,0.28281145409532454,0.07389030217456509,0.09311959395485961,0.26010030435871145,0.16397054466630456,0.07775981134952423,0.5708895399580662,0.4478094493099292,28.832597627527967,19.467551623983077
73611,Gorontalo,IDN,2020,2020-06-17,0.1064594699003687,0.32461392489923074,0.10582900658986238,0.12094409161789346,0.3038116335872586,0.1800305166037853,0.08683512177718176,0.5395757999664186,0.4448843148779068,25.684196842125274,18.753718699386756
73612,Papua Barat,IDN,2020,2020-06-17,0.08818098044757083,0.3139124796154819,0.08723623898545554,0.10192098698426376,0.29674147767193954,0.16261764328611572,0.07375063781007579,0.6193981826237259,0.47175270929914104,25.567148738983335,19.53134778432056
73613,Jawa Barat,IDN,2020,2020-06-17,0.07742605229189038,0.29855910503782485,0.06290490157785325,0.08796617219763685,0.2829012856126556,0.18353322979427256,0.0905925352711118,0.6094846931695393,0.5366735315591229,28.84062621753627,19.18074244013783
73617,Papua,IDN,2020,2020-06-17,0.1392514824064235,0.3301388240098807,0.13980633611579477,0.15122140431484615,0.3138921571306144,0.18985592678384344,0.09564482288451709,0.5165862811435893,0.38951640613737987,25.609999679330723,18.03425505718995
73621,Sulawesi Utara,IDN,2020,2020-06-17,0.11186019657880121,0.3638013520458556,0.10663203407022971,0.12730288904592038,0.3328683996685995,0.19413993153329656,0.0914021658381859,0.5970587008808845,0.5372327590082723,26.366522890139002,20.74165053006612
73622,Sumatera Selatan,IDN,2020,2020-06-17,0.11146211296446187,0.33834336973051515,0.1072419419331158,0.12542211086490965,0.32466958218199404,0.20380091163471464,0.10043608347682441,0.53689511684534,0.48086608726130237,28.151543312426426,22.101468271189173
73614,Kepulauan-riau,IDN,2020,2020-06-17,0.1491077398346664,0.3058985033678726,0.1491472960472439,0.1628308202028802,0.2806786931693159,0.18234032975589523,0.09661803368585374,0.40518004831108956,0.30987398108326913,27.21060393683024,23.407976762503147
73618,Riau,IDN,2020,2020-06-17,0.13153839610332047,0.3586933593560918,0.1318231292020673,0.14547111033973145,0.33185505714225216,0.20248454534475152,0.10134931105114622,0.5090643458309075,0.45105819230469196,28.05788137541181,22.43456973772318
73619,Sulawesi Barat,IDN,2020,2020-06-17,0.09783990673291465,0.3059261204927749,0.09408143871228984,0.10977518442712991,0.28833867256600676,0.17014061472344247,0.08430685574887557,0.6057305387833614,0.45152053664379316,26.38956629227688,17.312375787547783
73620,Sulawesi Selatan,IDN,2020,2020-06-17,0.10943728325662477,0.30012232659121646,0.10165536587466119,0.12026378382807355,0.2850436343484987,0.18253264147778028,0.09511682682183265,0.5573227860476628,0.4350741885595699,27.164584374673698,19.10175974713631
1512,Nangroe Aceh Darussalam,IDN,2020,2020-06-17,0.09522748020198112,0.31523147522666667,0.0940992617244429,0.10902653556197185,0.2911463555906154,0.16833688867244392,0.07731093925757894,0.5702189603227769,0.4444778048837136,26.854326594245126,15.2796146825845
1513,Bali,IDN,2020,2020-06-17,0.09387126968638859,0.3263153570875812,0.08335005431080557,0.10507503046246217,0.30703483095463346,0.19455904216945916,0.10019384709377525,0.6104742685371821,0.5452428220879134,25.499661091098833,18.659625023738734
1514,Bengkulu,IDN,2020,2020-06-17,0.07216983139128597,0.30238736698055707,0.06776216352917486,0.08535870520712585,0.2829970513540464,0.16428883269211395,0.0741141092586212,0.6577112380006637,0.5087604631108652,27.907402476414248,17.941870823799018
1515,Daerah Istimewa Yogyakarta,IDN,2020,2020-06-17,0.06186170639060248,0.31321391083611805,0.0446768998070951,0.07400945447491783,0.3149958914478861,0.2043907804626971,0.09677564377213688,0.6792102467293245,0.6714015909393949,28.38961892214087,20.52196464901709
1516,Dki Jakarta,IDN,2020,2020-06-17,0.11261982712819986,0.20421119873935772,0.08974624448581701,0.10697642450667738,0.22107455506507215,0.20313073132627887,0.1587811361135909,0.2992026881910554,0.3798969362884168,38.496624578017624,
1518,Jambi,IDN,2020,2020-06-17,0.12466885603177764,0.3363842305070475,0.1285702805756248,0.13846818676559297,0.31809723596055234,0.20036016617884306,0.10221472102790508,0.5003490956367103,0.42608354650900626,27.508925740187458,6.3656681437441005
1520,Jawa Tengah,IDN,2020,2020-06-17,0.06916593846848099,0.29872962002119724,0.05382008179990996,0.07989387078260142,0.28896963521213026,0.19103489565479315,0.09323367099507367,0.6383301836209467,0.5927673734797828,28.79453129513286,20.459149976186634
1521,Jawa Timur,IDN,2020,2020-06-17,0.07477775017383327,0.3041404417563054,0.060038045214122523,0.0855202034794043,0.2938268326708521,0.19333587076333644,0.09583129312036723,0.6312021687861273,0.5842213802396374,29.368336899216484,20.312961253249608
1522,Kalimantan Barat,IDN,2020,2020-06-17,0.12182381627493849,0.33990586295751973,0.12443608969678495,0.13627829470183633,0.3153377625505086,0.18866265096564278,0.09234402577480248,0.5298239483660238,0.43709092322818344,27.367043615785175,21.51984711552946
1523,Kalimantan Selatan,IDN,2020,2020-06-17,0.19115219104474204,0.3793364550896793,0.19219467260408254,0.20490716987162186,0.3497145322814771,0.21701668163873866,0.11065405872663145,0.4386884712916321,0.37475535722715764,26.67988664746523,21.443744716465215
1524,Kalimantan Tengah,IDN,2020,2020-06-17,0.14344633806395457,0.3408229259560937,0.14852690362029147,0.15722057798401723,0.31839402104707126,0.19514418372698653,0.10115847773715615,0.4610396911988381,0.37700018898576265,26.41121021803335,20.932678035156645
1525,Kalimantan Timur,IDN,2020,2020-06-17,0.11378836028576035,0.33306924333720295,0.11545541319816491,0.12732135528157001,0.31319561420436537,0.18329382331605362,0.0883633011686637,0.5469346466108937,0.443563652047354,27.01183342133699,17.939363314856458
1526,Lampung,IDN,2020,2020-06-17,0.11864234851019115,0.3238824462883795,0.11636540656103929,0.13153724142186965,0.30848611566243284,0.2008618294899404,0.10049472020177322,0.502116328543936,0.4331182955609363,27.297569623030537,22.447918140906243
1528,Nusatenggara Barat,IDN,2020,2020-06-17,0.06432427476651104,0.30486464600338914,0.04751909018975811,0.07371692133330976,0.3007751375106736,0.18933898023026574,0.09160479372791164,0.67713482606657,0.6237474630371622,28.251329247783907,19.539189059888074
1529,Nusatenggara Timur,IDN,2020,2020-06-17,0.06347827779582609,0.3004186138666963,0.04565163031107975,0.0713424138815834,0.31153129244876326,0.1994349892771819,0.09342417641226955,0.6761533200964543,0.6360905246333702,28.002280210188545,19.588677251973266
1532,Sulawesi Tengah,IDN,2020,2020-06-17,0.14142773197165995,0.3418626000825891,0.14105908840846915,0.15451037272923931,0.3202799311839757,0.19289163774584905,0.09681785415067444,0.5217846391630848,0.41279929094372986,25.56658212954956,17.299622681159608
1533,Sulawesi Tenggara,IDN,2020,2020-06-17,0.11298474080103076,0.33606222593384416,0.10759687523149865,0.12594009270263284,0.32145877701949777,0.19871397313573227,0.09936392721600655,0.5835093773094674,0.49159135698722684,25.238591040969474,19.156003477121576
1535,Sumatera Barat,IDN,2020,2020-06-17,0.10713554370420215,0.3249410177428906,0.10747933586521177,0.1210490480327574,0.3027905067152546,0.18326701526800715,0.09143632572271272,0.5480911835904797,0.4496469149377237,26.934509348596542,19.647579860030383
1537,Sumatera Utara,IDN,2020,2020-06-17,0.0962095873612543,0.3341564273476403,0.09304820581093659,0.11049164564704844,0.3095653878640462,0.18443474875055213,0.08638757833965069,0.5791550172841063,0.49443649577800763,27.85833649206038,18.84918364797195
73615,Maluku,IDN,2020,2020-06-25,0.18878812597352893,0.3765185457960501,0.19214320696641687,0.2034223455415976,0.34765408715473056,0.21957692554862293,0.11706903884662473,0.41179291253367134,0.3573218640192529,24.718832305286995,18.96139992514221
73616,Maluku Utara,IDN,2020,2020-06-25,0.15041318032136344,0.3123077242508731,0.15704561957968302,0.16325611098041673,0.28830280486805065,0.17417191759969375,0.08987312900478663,0.4178847469767391,0.3018671645260916,25.04773911586948,20.111365061815516
73609,Bangka Belitung,IDN,2020,2020-06-25,0.07585450980588533,0.3187439733971781,0.06574158885557496,0.08707891114074204,0.3061548601392356,0.18458398773582746,0.08555863442586048,0.6474725205976901,0.557797785718827,29.896278333970457,22.797763459044084
73610,Banten,IDN,2020,2020-06-25,0.056144591852487484,0.29012288115680995,0.04421500349460572,0.06966749053900631,0.27003598416699454,0.16540782884489533,0.07282535626708332,0.671547818728814,0.5561954254273238,30.50968080950122,22.163707980963736
73611,Gorontalo,IDN,2020,2020-06-25,0.06834830156868055,0.28255977626196754,0.06368238565440346,0.08049771363351839,0.26043569623624685,0.14805525418792634,0.0665028164921193,0.6698212621965138,0.47681188552904474,27.683357541239246,19.053706744606178
73612,Papua Barat,IDN,2020,2020-06-25,0.1642453927128816,0.34917309456454726,0.16971069453654294,0.17799902268507614,0.32807885663888975,0.19431975254437917,0.1003169536470704,0.406453198396579,0.32606026865086435,23.30205223501926,17.959200525324178
73613,Jawa Barat,IDN,2020,2020-06-25,0.058877380749426146,0.28783019268953236,0.04265787406227548,0.06913867776044143,0.2757646805157261,0.1747598089780354,0.08173396037750298,0.667074076218746,0.5748613759438258,29.871624920400457,20.22660467004197
73617,Papua,IDN,2020,2020-06-25,0.14334396428950363,0.3447206933419022,0.1428807351544234,0.15640160490983318,0.32927153709916807,0.200019773759408,0.1028985577153082,0.5049343524504091,0.39739559522530327,24.03359972063932,17.204800787976716
73621,Sulawesi Utara,IDN,2020,2020-06-25,0.11498248430752914,0.33426047456426206,0.11569719463442331,0.1289051924687818,0.30167123405402774,0.179229512994342,0.0882830059072383,0.5530559696054567,0.45747310247102557,25.593109019371045,20.117941114489
73622,Sumatera Selatan,IDN,2020,2020-06-25,0.07932856444464516,0.32456858877479283,0.07431540655429703,0.09391580302470706,0.31498225994535034,0.19169300832784356,0.08617958495343665,0.6387229748328144,0.5586948758548532,29.320801269507257,21.407140166721533
73614,Kepulauan-riau,IDN,2020,2020-06-25,0.1159152784421899,0.279973117346883,0.11434101104849971,0.12879393148292367,0.26172728257285865,0.16377625265311313,0.08518278721968517,0.4342810083108799,0.3352945431791506,27.9852837427408,23.116104975272208
73618,Riau,IDN,2020,2020-06-25,0.06296290021363335,0.3289975276546689,0.055298242274039816,0.07612531949341617,0.30769042951345854,0.17544691374528834,0.07484388904160598,0.6995861625066644,0.603721496001293,30.1548813796029,21.724316693051367
73619,Sulawesi Barat,IDN,2020,2020-06-25,0.057810644661226505,0.308507861056112,0.050597582251405926,0.07240823832245236,0.2944967224411075,0.16291446546109722,0.06875117027239268,0.7235900151746225,0.5661458196782433,25.99954324212981,17.11181158186223
73620,Sulawesi Selatan,IDN,2020,2020-06-25,0.09368022995094671,0.3131788122764853,0.08420869507853468,0.10655489869093579,0.3005271353338848,0.1864224900689553,0.092158956650147,0.5759773988822765,0.4996294386486337,26.469987866211902,17.12450872701664
1512,Nangroe Aceh Darussalam,IDN,2020,2020-06-25,0.03376486918350502,0.3054021045423565,0.02291855139270395,0.04865092720372631,0.28720932939366756,0.1495156375795343,0.05459228708723195,0.8031723818900702,0.622126300636358,27.285401017239607,20.114732292842643
1513,Bali,IDN,2020,2020-06-25,0.07281290994770717,0.30809874834561757,0.060640294287512685,0.08305426070481993,0.2948740967291467,0.18240576966218305,0.08972417212963496,0.6539632351611897,0.5694113794497472,27.233093376695304,19.19583912020002
1514,Bengkulu,IDN,2020,2020-06-25,0.03146880453589097,0.2991712185446325,0.022033328836525045,0.04566491086461261,0.2838811982442304,0.15098072697090673,0.05438518714080508,0.8128078027095805,0.6263875115506234,28.31623543441205,21.081528600185415
1515,Daerah Istimewa Yogyakarta,IDN,2020,2020-06-25,0.044967923394025285,0.27771712261751885,0.027015840220427773,0.05436039014734379,0.2871160745165533,0.1880072169927319,0.09003660814354668,0.7188388481198734,0.6705756201500368,30.08041132791253,20.615365895254197
1516,Dki Jakarta,IDN,2020,2020-06-25,0.10164281203390026,0.19190178530845603,0.07472703955161095,0.09530695535825838,0.2101125433646945,0.19322503465412905,0.15032490476699287,0.31979247249334125,0.4279000690228565,39.044114641764914,24.97245173596549
1518,Jambi,IDN,2020,2020-06-25,0.0713529911988958,0.3262930244921015,0.06839539321396763,0.08600167506709387,0.3107911230242286,0.17989348233821328,0.0771389630671592,0.6727364458732258,0.5616683067629376,28.71552202188784,18.856086052926546
1520,Jawa Tengah,IDN,2020,2020-06-25,0.05219947187435846,0.2892144290133479,0.03201924674563094,0.061205200038304486,0.2872985656873855,0.18943702874981297,0.09087708863913636,0.6897846565704147,0.6641731645956375,30.46866261530851,20.42484073055518
1521,Jawa Timur,IDN,2020,2020-06-25,0.05880704593914568,0.2952552468247493,0.038898475850103004,0.06770192745782552,0.29197179049665767,0.19069878435035775,0.0925470102154216,0.6707724953930566,0.636587852261664,30.062517064436744,20.256024210221906
1522,Kalimantan Barat,IDN,2020,2020-06-25,0.0788058873494377,0.31128918681995127,0.07582168918849495,0.09172683376560693,0.29059671594082975,0.16371722954583592,0.07374491244557155,0.6559289381019132,0.4966509703181658,29.018299365715855,21.185565640909484
1523,Kalimantan Selatan,IDN,2020,2020-06-25,0.09823745980916572,0.35741321650206676,0.09001844100746903,0.11415633223507841,0.34673846116200846,0.211339863292756,0.09739236794996892,0.6142385288676127,0.587136269002044,26.59052203527897,21.112914909938947
1524,Kalimantan Tengah,IDN,2020,2020-06-25,0.1335720672210014,0.35739931147699344,0.1332174100764483,0.14755078645395212,0.341729452407511,0.20713147645869498,0.10555557902692511,0.512792955752893,0.4503153575986308,26.81958335400895,21.39608025534169
1525,Kalimantan Timur,IDN,2020,2020-06-25,0.11841338194183762,0.3585371906125897,0.11635209851824267,0.13262020693125062,0.3427743488820253,0.2024223033727062,0.09919062503045864,0.5601843867721875,0.49622432731066446,26.84741256414478,20.686485397617982
1526,Lampung,IDN,2020,2020-06-25,0.08138263233544407,0.33325376545859686,0.0714974110150098,0.09505354989959967,0.3241519153757372,0.20664279294732038,0.09487788440905659,0.6429907117909808,0.6098960279923267,29.03730664975056,21.69318351935014
1528,Nusatenggara Barat,IDN,2020,2020-06-25,0.055121214769709354,0.2956538411080263,0.03728015004276201,0.06346276139337352,0.29370771112005783,0.18315485780469318,0.0854961119831058,0.6946734514493198,0.6282356097645811,29.070516132298145,20.10466430438807
1529,Nusatenggara Timur,IDN,2020,2020-06-25,0.05563609945528979,0.2783095864159017,0.036691098815089494,0.06148195195599663,0.2929572334057827,0.18847443937053437,0.08763381837177694,0.6814914112057988,0.610993295301156,28.74943807213131,18.918821523401633
1532,Sulawesi Tengah,IDN,2020,2020-06-25,0.10061824047067358,0.30754561999244456,0.09964507996316677,0.11346128496558729,0.28995185653722805,0.1707811859178833,0.08330101687931683,0.583623476961836,0.44219954303033787,26.288514775692267,17.414483767611266
1533,Sulawesi Tenggara,IDN,2020,2020-06-25,0.10166041628647635,0.31547615953464975,0.0980586904202297,0.11479584381518752,0.3052739436781712,0.17930763225851584,0.08727861750147849,0.5723786659811051,0.46076775651136775,27.080617506520348,19.057354186452034
1535,Sumatera Barat,IDN,2020,2020-06-25,0.038249926616842164,0.3080118223950272,0.02848285041680284,0.052737012970070364,0.2907153229233626,0.15530909171354612,0.058825771564493486,0.7817417942803758,0.6208172512413901,28.322474062126876,18.674255384906502
1537,Sumatera Utara,IDN,2020,2020-06-25,0.036163885840319425,0.3025373363337291,0.025223689373593386,0.05017317131841157,0.2847948582850036,0.15655475379617378,0.05981189353953253,0.7820110225161416,0.6283786771774751,29.365520261312483,20.11198752243165
73615,Maluku,IDN,2020,2020-07-03,0.13823969511261558,0.3572121674703126,0.13651578766782077,0.1530958762766754,0.3323646135499892,0.2022488417471549,0.1024179708061155,0.5253465000187932,0.445887755737892,24.066398707701925,19.130947494018987
73616,Maluku Utara,IDN,2020,2020-07-03,0.1463444262856983,0.3312425046712526,0.14860371732822766,0.15923236532977922,0.3075307296850483,0.185249551330075,0.09433815668308469,0.47018101278271435,0.35947840867945186,25.09818860451395,19.492320925190317
73609,Bangka Belitung,IDN,2020,2020-07-03,0.083244361342223,0.32945608262551157,0.07247478683708372,0.09495331817157146,0.31448657872667307,0.1891866024560742,0.0874546977824268,0.6229515080733353,0.5585136954434895,29.37059872449494,21.99703940152137
73610,Banten,IDN,2020,2020-07-03,0.05292851421394949,0.2871320055098225,0.03902542185444301,0.06522474926104715,0.2692932182569904,0.165634831939222,0.07371217938037751,0.6865075629686427,0.566999750319798,28.470305103867343,21.989060932863215
73611,Gorontalo,IDN,2020,2020-07-03,0.07128122514579664,0.3305148333738631,0.06402505160639976,0.08693494416408079,0.310533573219025,0.17634476433110163,0.07708930920479388,0.6793014106783019,0.5772462273604932,26.498168617898127,19.898541581867207
73612,Papua Barat,IDN,2020,2020-07-03,0.10294260200420934,0.31936387968543595,0.1034983093258427,0.11646507115815995,0.3023183623427457,0.1711366766621105,0.08268698268485529,0.5663911209021925,0.445022146690402,25.43801217991512,19.179681221076663
73613,Jawa Barat,IDN,2020,2020-07-03,0.06687358422285947,0.297776481004231,0.05138103172329944,0.07743197220574026,0.28314721415645755,0.18112490902265402,0.08649697854541144,0.6518002011004287,0.5763162748838495,29.26239208943225,19.075357610109652
73617,Papua,IDN,2020,2020-07-03,0.11778401747171767,0.3220684279821187,0.11783981747086852,0.13060746711329907,0.305904980879138,0.1794922150420016,0.08546896809561343,0.5609733519976872,0.42436331707542896,25.1510855422234,16.86873879562755
73621,Sulawesi Utara,IDN,2020,2020-07-03,0.07887782599531445,0.34808490028639283,0.07231075493889225,0.09508536322606687,0.3216099402056445,0.18229112659726976,0.08101420968333362,0.6698441640527086,0.5930267520121698,26.269074964226697,20.621899066497033
73622,Sumatera Selatan,IDN,2020,2020-07-03,0.0742392515893372,0.33250108269130463,0.06347842087542804,0.08775493328894783,0.3236403345330538,0.19751358007897235,0.08883509732763287,0.6652335975650936,0.6100652709673627,29.301332206949716,20.624743254812625
73614,Kepulauan-riau,IDN,2020,2020-07-03,0.08653654060315491,0.26975459678058283,0.08009053851382748,0.09891994500169377,0.25195958979907357,0.15437178049540265,0.07670882653547448,0.5332286624281902,0.4030366415667133,28.0601967707578,23.359085091648
73618,Riau,IDN,2020,2020-07-03,0.10374696383285752,0.34586397677600483,0.10101191456568863,0.1170780877449469,0.3237511051209412,0.19572822852650504,0.09461047347628466,0.574768768662734,0.5089459264991405,28.305134138616637,21.392514273442078
73619,Sulawesi Barat,IDN,2020,2020-07-03,0.11472314748922972,0.3458895717168542,0.1114121771273809,0.12896443819375125,0.32809980407605466,0.20176706979383138,0.10179709819364176,0.5674033117091845,0.5013096692026711,26.491416680937668,16.58261413492138
73620,Sulawesi Selatan,IDN,2020,2020-07-03,0.2753031003008126,0.41223689618752773,0.27916741376903065,0.2859182585942897,0.3771254005119606,0.24127748190073178,0.13083461809367317,0.2965437502685548,0.26561595997719883,27.348254837458413,18.71431581146139
1512,Nangroe Aceh Darussalam,IDN,2020,2020-07-03,0.059661865406002795,0.3212529980587753,0.052192790249484894,0.07452823012847704,0.30135223509797976,0.1649491049823828,0.06908422141206269,0.7048298862062848,0.5781528085316328,27.790139519515655,15.8115230705549
1513,Bali,IDN,2020,2020-07-03,0.07191275137924907,0.3147585549746048,0.058384123601572614,0.0821843578744537,0.29873759255508736,0.18578820719111977,0.0920719234770711,0.6613163809188055,0.5981602107282104,28.620938092298886,19.005138029674313
1514,Bengkulu,IDN,2020,2020-07-03,0.03871476983642858,0.29846393870492466,0.029780677308526116,0.052315168609912775,0.2837855321341472,0.15479970826238024,0.05966692713537349,0.7882088676529495,0.6084799615843005,28.24229788308923,19.663778344443095
1515,Daerah Istimewa Yogyakarta,IDN,2020,2020-07-03,0.055948325851843186,0.26442951880707444,0.04014011259654794,0.06346612435412033,0.2754992650371833,0.1855005175286796,0.09486873784035159,0.6681366776549313,0.6017713715347577,31.2879061896859,20.01223971547133
1516,Dki Jakarta,IDN,2020,2020-07-03,0.12272461504192386,0.20794916521553275,0.09844081255465284,0.11715227904512626,0.22169805696070075,0.20277548609846419,0.1542054983045434,0.28295586607466894,0.3078008085405159,39.19609830788846,23.56094657221614
1518,Jambi,IDN,2020,2020-07-03,0.1145925353281028,0.3681794740429969,0.11043625673407102,0.12883698338493546,0.3539338366849519,0.22202624503152021,0.11096235498693553,0.5729882601220545,0.5519182744965783,28.22588004742524,18.25087771367316
1520,Jawa Tengah,IDN,2020,2020-07-03,0.06317262834007663,0.2785724853163058,0.04515718053351006,0.07079254437593725,0.27831002862849696,0.189148479531291,0.09595497922466018,0.6441124721541793,0.5995327493401923,31.05426913191863,19.472509480322135
1521,Jawa Timur,IDN,2020,2020-07-03,0.06954411775669445,0.2919944563458848,0.05134817851564052,0.07762427018643138,0.2890555171089716,0.1943816504523725,0.09826342859657364,0.6369204260536996,0.5962043045580241,31.1035131373449,20.02732194145834
1522,Kalimantan Barat,IDN,2020,2020-07-03,0.06378143799339155,0.3042494182798044,0.058293510842194377,0.0772728230540438,0.28678810973785424,0.15701274339001992,0.06839298869357029,0.7058435400605511,0.5319172547689026,28.78809188174167,20.175436177036573
1523,Kalimantan Selatan,IDN,2020,2020-07-03,0.13496144227747858,0.36566350629288114,0.1314851317262377,0.15030516326073204,0.3455512260666446,0.21334601639369466,0.1025573256613959,0.5290966576915929,0.4918716595257061,27.542137776600946,21.134987922247493
1524,Kalimantan Tengah,IDN,2020,2020-07-03,0.09666375581001066,0.32494709453866394,0.09371090763387131,0.10991844005468633,0.3082486469451011,0.18045226916575088,0.0880633399018285,0.5952176249318348,0.4856881238748662,27.43155077273491,20.967006547827804
1525,Kalimantan Timur,IDN,2020,2020-07-03,0.11491709695759841,0.32726366286182546,0.11633475760552871,0.12789368182009112,0.3064861899537256,0.17733432310084485,0.08623540077469698,0.5322217589173105,0.4219522425899081,26.454347629884808,18.862697506338183
1526,Lampung,IDN,2020,2020-07-03,0.09106192083020886,0.3181236406138335,0.08352655676358475,0.10335504566062087,0.30564506633424887,0.1973108238044824,0.09460174203000933,0.5926987848395607,0.5278638914189714,28.33915757348177,21.05845405099254
1528,Nusatenggara Barat,IDN,2020,2020-07-03,0.07537868415650205,0.30943216025813175,0.05797333240510621,0.08304812969597462,0.30973553828756967,0.20042001065227097,0.09938997214185336,0.6453026028526163,0.6159321793536521,28.851386037282193,19.46308177328168
1529,Nusatenggara Timur,IDN,2020,2020-07-03,0.07645042906401846,0.2930147780184702,0.05726031253282439,0.08116007729200356,0.3125695829160094,0.20977934942014326,0.10426755583268743,0.6261985479302785,0.5974455863110757,28.935682589722774,19.01532435086517
1532,Sulawesi Tengah,IDN,2020,2020-07-03,0.19291051703173934,0.373229778490105,0.19635333065284535,0.20574851273438025,0.3436464790408017,0.20375776749251215,0.10136974365030549,0.4388843893999574,0.34851506807822263,25.11390088669855,18.13720928716152
1533,Sulawesi Tenggara,IDN,2020,2020-07-03,0.2683481882963281,0.4181592901886204,0.2760307333400468,0.2811328945757774,0.388544152622883,0.24829205637301394,0.13030692521998005,0.31506521148379235,0.27207796246341326,25.13607816066583,18.35440807800795
1535,Sumatera Barat,IDN,2020,2020-07-03,0.09098692378511573,0.32949588920311906,0.08742115918905871,0.10517082697749718,0.3103780447044871,0.18283011929751028,0.08695428903184836,0.6119449693923937,0.5149454015113717,27.51302871492614,19.315277088908676
1537,Sumatera Utara,IDN,2020,2020-07-03,0.10677024956414428,0.34207868675976844,0.10399482327558474,0.12120720673124559,0.3215615143423217,0.1923869732575533,0.09115532416722652,0.575840736857449,0.49488112622038666,29.362906120962595,15.019065176628287
73615,Maluku,IDN,2020,2020-07-11,0.23505524491722637,0.3876538361117787,0.24211525104995676,0.24780625345806173,0.3565194393747669,0.234505874553451,0.12893892799029577,0.34416160479395114,0.2813470067132405,25.486046372733743,19.230140025812727
73616,Maluku Utara,IDN,2020,2020-07-11,0.10651777068293514,0.30343311098311726,0.10814107733767975,0.1195778459814324,0.2815819393030528,0.1649475407227617,0.07878764333580665,0.550736460217616,0.40744016373777275,26.198648338459,20.77167319633821
73609,Bangka Belitung,IDN,2020,2020-07-11,0.09510366332166957,0.31546519549449176,0.08775349928763483,0.10607667154738605,0.3019375326046973,0.1822609814048418,0.08681873475326234,0.5803035205240774,0.4868082782461262,29.064530352263546,21.8270150949849
73610,Banten,IDN,2020,2020-07-11,0.06087568638339346,0.2923539540875959,0.050082227190353386,0.07410745337826673,0.27780115675266914,0.17262751175266478,0.07930249917836979,0.6661679276463826,0.5627020181675491,29.34080651439739,21.329806822808322
73611,Gorontalo,IDN,2020,2020-07-11,0.08492965611330415,0.3275568161617828,0.08017536889736347,0.09967551076495743,0.305118322107803,0.1764285467684922,0.0815274566086629,0.6223683472786873,0.5278109606636117,26.358555489708635,20.19350707273737
73612,Papua Barat,IDN,2020,2020-07-11,0.13515382942350457,0.3302936873347408,0.13926850556677728,0.1485330523918964,0.31038533578072264,0.1811892687422256,0.09118727464129156,0.4870006321710945,0.3780822666268868,25.168730074255354,19.58374107332925
73613,Jawa Barat,IDN,2020,2020-07-11,0.07069978938509858,0.29607943252297564,0.056881309489671975,0.08108497588991058,0.28593161050068416,0.18527869179342574,0.0910633150803247,0.638270357192666,0.5771146516783817,29.816461122534875,20.071964625521154
73617,Papua,IDN,2020,2020-07-11,0.1386580086945427,0.3351025372864605,0.13914802999057796,0.15110140075556408,0.3220185094555139,0.197143881065956,0.10098038753444044,0.5244187358010406,0.40048096096257924,25.689894091325694,17.971650272138906
73621,Sulawesi Utara,IDN,2020,2020-07-11,0.07755225224172896,0.3375562700797355,0.0736574127753997,0.09373497801374911,0.3040344106705248,0.1672166583677542,0.07332038329108975,0.6507511129906556,0.5543117594791219,25.352976010698097,19.758511341640332
73622,Sumatera Selatan,IDN,2020,2020-07-11,0.10089476681775404,0.3310286925545321,0.09641332807249008,0.11367888565015719,0.32376334224156655,0.2050127434499855,0.10051709540151309,0.5844545849682171,0.5255322674317626,28.96959009348896,22.11129599121335
73614,Kepulauan-riau,IDN,2020,2020-07-11,0.09183589437787947,0.28431102985679163,0.08356238868564957,0.10398746724044564,0.26824701210253066,0.16268388852249654,0.08025210939940665,0.5275233257108669,0.4262644098205732,27.63615854536547,22.38778092389859
73618,Riau,IDN,2020,2020-07-11,0.09598938898280092,0.3449568579338426,0.09344409700746621,0.10945979211606262,0.3232915649696253,0.19575145118367446,0.09443663260233556,0.6055408581156899,0.5477962981677854,28.408450125807388,21.52021248435893
73619,Sulawesi Barat,IDN,2020,2020-07-11,0.12986263862386113,0.3482703145336174,0.12753079824329178,0.14320405723575744,0.3328112309292587,0.2058316347388459,0.10616682049005956,0.5423579535209107,0.46338427340509275,25.77987355382519,17.476527468426237
73620,Sulawesi Selatan,IDN,2020,2020-07-11,0.1756391280341132,0.3507322235912665,0.1728919812846734,0.18634448585458355,0.33399586014353966,0.22756145427667168,0.12745609115692205,0.42845035182509933,0.37138234144365795,26.741322751879117,17.554555714607208
1512,Nangroe Aceh Darussalam,IDN,2020,2020-07-11,0.056601881082343715,0.3161251669280954,0.048437913248303474,0.0709967947237055,0.2954318521879059,0.16238712056496546,0.06690966487088855,0.7159958751250128,0.5782061218802209,27.697881734825312,16.28158829644232
1513,Bali,IDN,2020,2020-07-11,0.06909058217228232,0.2958279669109793,0.055926185240416176,0.07823976832844726,0.287534719358961,0.18103306297257746,0.09100231808408486,0.664033191498057,0.5662697999771037,28.17499169610199,18.489299021113624
1514,Bengkulu,IDN,2020,2020-07-11,0.05525068535144788,0.29297194092998124,0.04978405678931282,0.06771389104947326,0.27470350573522695,0.15533357367397693,0.06465247950211035,0.7269136249728785,0.5441146671214727,27.874048255585215,18.67731927400204
1515,Daerah Istimewa Yogyakarta,IDN,2020,2020-07-11,0.07818137214442028,0.30204597672006883,0.06118701858942685,0.08625501703763501,0.3167565866689464,0.21993695977102096,0.11368534610608667,0.6140220568133385,0.6431325642887932,30.611914371485348,20.840223632140294
1516,Dki Jakarta,IDN,2020,2020-07-11,0.13758957922889484,0.21933182069254128,0.1214655519149699,0.13406681812640445,0.2377329348923807,0.21667001623965415,0.16597733055598582,0.253116900834893,0.3259771284673734,37.08166659683883,23.196270460657068
1518,Jambi,IDN,2020,2020-07-11,0.12242205234506383,0.34290209730745064,0.12534492726083465,0.13609166630586922,0.326846802928054,0.20616027292261477,0.1045764502894779,0.5274074790001501,0.4610454558740108,27.420543570453145,18.176513540311394
1520,Jawa Tengah,IDN,2020,2020-07-11,0.07405638066214047,0.29195723298386783,0.05659826837441895,0.08186437657998247,0.29246059127064006,0.20290453487391794,0.10446861349129995,0.6205556412022186,0.6085453298628347,31.763928023971076,20.51282929480972
1521,Jawa Timur,IDN,2020,2020-07-11,0.07212574763054141,0.30157084424901015,0.051655102909013546,0.07972880442008162,0.3042406613532559,0.20792746059571476,0.10530827168533488,0.6328149358091953,0.6355340333544418,30.90994082599662,20.606422819038556
1522,Kalimantan Barat,IDN,2020,2020-07-11,0.10236598623995659,0.3325675330819966,0.10116673685953748,0.11607607101551691,0.3128170331965816,0.18408106931008056,0.0886033565025367,0.5924109177952334,0.48320741357580815,28.36548108463781,18.44657777633059
1523,Kalimantan Selatan,IDN,2020,2020-07-11,0.15075354392217996,0.3700358873251165,0.14626472275654342,0.1645036208344432,0.35607776386835643,0.2311639723403078,0.12284777566629264,0.48406124286921287,0.46457300868375273,26.53445339175976,20.453074925940957
1524,Kalimantan Tengah,IDN,2020,2020-07-11,0.12363584493150827,0.3490437569459464,0.12236624332650685,0.13711153276324187,0.33462433411246933,0.2040388466049391,0.10457289187278813,0.5370393269614421,0.467100116838587,27.520468340544333,19.883519384727478
1525,Kalimantan Timur,IDN,2020,2020-07-11,0.12278833032327029,0.37401861603052644,0.11796441598785667,0.13740925052447142,0.3571754803389108,0.20863794317037432,0.10122179296743386,0.5614648280175936,0.5166171745311391,26.3842973684576,20.247325983901
1526,Lampung,IDN,2020,2020-07-11,0.10497191557980101,0.335312656654037,0.0975047312846586,0.11740889909872096,0.32870018811656576,0.2166586664101785,0.1079562817126444,0.5759892498936664,0.5531878386632023,29.088170459678384,22.257850869249292
1528,Nusatenggara Barat,IDN,2020,2020-07-11,0.06901334975866376,0.2882469750595095,0.050886810456706524,0.07474411344864398,0.293351599358203,0.19081614457225035,0.0954248039014347,0.6462234292565628,0.5780440470191991,29.79953434641648,19.611622727124722
1529,Nusatenggara Timur,IDN,2020,2020-07-11,0.06833558870386296,0.28390462480409306,0.046119626364413364,0.07126166259301382,0.3088980606858089,0.20990660715503032,0.10440976139997292,0.6358361239446538,0.6530676358410756,29.060683865945037,18.802301391246992
1532,Sulawesi Tengah,IDN,2020,2020-07-11,0.1093606650553361,0.33567710001084633,0.10602423847930956,0.12342064002680493,0.3180671874043938,0.18953896110754004,0.09325100303410587,0.5933602545143408,0.49015340745330643,25.755816667823662,18.33217892411777
1533,Sulawesi Tenggara,IDN,2020,2020-07-11,0.23406579350687357,0.3970031499726798,0.23690000939290543,0.2459596806673811,0.37683969967271963,0.2586079555090431,0.14552157723491552,0.3476914798807164,0.319654494032947,26.31865621711403,18.593219424230533
1535,Sumatera Barat,IDN,2020,2020-07-11,0.07243804824662435,0.31791056440494864,0.06698488168798127,0.08636409151067141,0.30047184301009217,0.17565141375306342,0.08029892049929538,0.6674957469091185,0.5600393168199244,27.147914664813246,17.930778343039773
1537,Sumatera Utara,IDN,2020,2020-07-11,0.06559620980979554,0.33798648426699934,0.056254428782360685,0.08059489746027527,0.32173180800031664,0.1890529017731479,0.08213157764315371,0.7077370116848519,0.6404017024211779,28.958825545267395,15.347662258466155
73615,Maluku,IDN,2020,2020-07-19,0.13753256337263503,0.33643276209097456,0.13940749655160162,0.15083048881379826,0.31331319528003315,0.1951467231238225,0.10244585650404033,0.5186514866709221,0.41796744839645233,25.844509548032793,19.4618765600542
73616,Maluku Utara,IDN,2020,2020-07-19,0.12464297021338398,0.3345137907691162,0.12427770573790038,0.1382700238892014,0.31565748392649157,0.1904585131007399,0.09548077303363187,0.547756546186704,0.4398129067320794,25.879400547105774,20.234208624174876
73609,Bangka Belitung,IDN,2020,2020-07-19,0.07229155550185996,0.3201040566709657,0.0602646403123501,0.08347691236951625,0.30630052451371975,0.18307901672695098,0.0835091279514497,0.6518551266989541,0.5746516972150914,28.594057547572536,22.096570773690694
73610,Banten,IDN,2020,2020-07-19,0.05482405773151699,0.2900570762215474,0.04124895802833351,0.06720904386939985,0.2768129907864056,0.1728876923259209,0.08012055565865404,0.6849481685730607,0.5891383966680981,29.10343413991566,20.67446572889282
73611,Gorontalo,IDN,2020,2020-07-19,0.12744257442008283,0.3582241782188669,0.1259952541749986,0.14205110244357777,0.33720584049447483,0.209418843735026,0.10633680780167047,0.5364210820723615,0.4947296092432468,25.08728997350478,17.852036836575508
73612,Papua Barat,IDN,2020,2020-07-19,0.0819100979156201,0.30699036004363306,0.07934296787237113,0.09498179308366209,0.2929103754758097,0.16140995356508256,0.07563492824214475,0.6373576328585066,0.485228736523966,26.04753166328572,19.305684791394793
73613,Jawa Barat,IDN,2020,2020-07-19,0.05833363130308867,0.27507399009693245,0.0423887229358953,0.06713073634909252,0.2652820716155151,0.17091925110309705,0.08333165910815642,0.6594229112885388,0.5628473691290966,29.222714849740917,18.957470076479865
73617,Papua,IDN,2020,2020-07-19,0.1406157324361606,0.33628050975189233,0.14040697815948855,0.15266509603154368,0.322811756964952,0.19462710161537547,0.09766294814215583,0.5313313041244061,0.4013938092843769,25.279180223844104,17.806815814306447
73621,Sulawesi Utara,IDN,2020,2020-07-19,0.13979537097491226,0.3777794365350725,0.1366195125727628,0.15434156620356948,0.34501445339658604,0.2086036359432392,0.10359443075382713,0.5446201976172829,0.5019708087013478,26.227142772873236,20.39087234395155
73622,Sumatera Selatan,IDN,2020,2020-07-19,0.11264588547151065,0.3397857839916714,0.11112086127623312,0.12597319670802237,0.33153534976712323,0.2120933590107485,0.10584474414450652,0.5539240150753484,0.5030204559570984,28.749247262847856,20.77861599368764
73614,Kepulauan-riau,IDN,2020,2020-07-19,0.07968095710173055,0.2951490886654736,0.06826480677576074,0.09268781999993024,0.27500603835301773,0.16296172725613864,0.07615087541666551,0.5827513429438889,0.4791337761211647,27.934815749658895,23.293942489301266
73618,Riau,IDN,2020,2020-07-19,0.11242521987321424,0.3558473024251393,0.11181101068172933,0.1261353125282655,0.33078886566858634,0.20261239026185368,0.09906518555669641,0.5649755137242162,0.5040011219309605,29.438134785461656,21.6516676643609
73619,Sulawesi Barat,IDN,2020,2020-07-19,0.06990412303067077,0.32898887880180616,0.06201376926637331,0.08450263116921354,0.31550988917916484,0.17980581032630905,0.07963648462629166,0.6879021276285251,0.5846148459473568,25.849907947081235,17.668894644788615
73620,Sulawesi Selatan,IDN,2020,2020-07-19,0.1085021383575338,0.3251913722612065,0.0998662530230844,0.12059898234384962,0.31553643397665454,0.20195969457259705,0.10374100056433017,0.5515401470202406,0.49449398765355906,26.738449418330905,17.462376220271192
1512,Nangroe Aceh Darussalam,IDN,2020,2020-07-19,0.10483085940727031,0.3286020328537092,0.10470445067353824,0.11928041438210074,0.3066806257199111,0.17648249238374747,0.08231171783520605,0.5658286864720297,0.4628166659897973,26.573459762064026,11.775698929474164
1513,Bali,IDN,2020,2020-07-19,0.059950466585387926,0.3135506071013843,0.04432392561431209,0.07026149445743386,0.3090844600524061,0.18496571225569486,0.08764149652117058,0.696561772556616,0.6377046756709436,27.429397910750197,19.22053586151891
1514,Bengkulu,IDN,2020,2020-07-19,0.06292740591184713,0.3432642221717453,0.05509731216731199,0.07869359417858474,0.32716057260421955,0.18702759456669843,0.07857306473284564,0.7239899252252234,0.644297548705776,26.756445106191958,20.09204359527
1515,Daerah Istimewa Yogyakarta,IDN,2020,2020-07-19,0.054811031895736696,0.272162739156932,0.031960295145915855,0.05968826280266488,0.2931629167271258,0.20510838010346344,0.10561403067232653,0.6640706276661662,0.6812658278074586,31.916107597013173,19.396715617686507
1516,Dki Jakarta,IDN,2020,2020-07-19,0.10875966786219035,0.19695136351390632,0.07799276214098558,0.0996806702958811,0.21793862494224375,0.20428287852768556,0.1655852151415592,0.3006490783141374,0.4088238528426517,38.57363888911942,23.598825836038987
1518,Jambi,IDN,2020,2020-07-19,0.13319371092761165,0.3589372776050602,0.13566840631850324,0.14663882037200426,0.34412502380866244,0.22028281322416096,0.1144922637414881,0.518434100157326,0.4747269544834665,28.282336471568556,20.75583436555427
1520,Jawa Tengah,IDN,2020,2020-07-19,0.06323877235110659,0.2818154064914779,0.04362347586811289,0.0706938309192032,0.2850428575281202,0.19618040105175613,0.09963012497071914,0.6425901779321727,0.6232348664466987,30.142527705205683,19.147868728189753
1521,Jawa Timur,IDN,2020,2020-07-19,0.06468720211067952,0.2834530543438417,0.042138129386367344,0.0702559368690931,0.2898552397674628,0.20105095823845479,0.10454032198710815,0.6382165552859052,0.6417446858836855,30.260765433090786,19.429696335917573
1522,Kalimantan Barat,IDN,2020,2020-07-19,0.09974209633911715,0.33723605839364723,0.09857372393781803,0.11410975573431036,0.3181201989039973,0.1882098593936167,0.09045269223708861,0.5960328085889278,0.5084764077014584,27.90811422323791,20.145158057123968
1523,Kalimantan Selatan,IDN,2020,2020-07-19,0.08633236105305808,0.3489055932872492,0.07743118109682841,0.10148840770952239,0.3377608012768823,0.2045665385099117,0.09156158891936922,0.6356245128155246,0.5928903236214705,27.589819728801434,21.458267492080157
1524,Kalimantan Tengah,IDN,2020,2020-07-19,0.11398598888769397,0.33419341033224775,0.11410496892326667,0.1272701395104773,0.3176866053354014,0.19203905292939508,0.0978756994406566,0.5474220759942675,0.4584823962515481,27.50738215734087,21.215610690836954
1525,Kalimantan Timur,IDN,2020,2020-07-19,0.08377922472265298,0.3014356564634589,0.08221917089968035,0.09565581563941017,0.28340661485398305,0.15969724456307682,0.0741799729076468,0.6297991515057211,0.46148284269135287,27.525472464612424,19.45485371432863
1526,Lampung,IDN,2020,2020-07-19,0.10180006434171038,0.3315839070668525,0.0945240111774672,0.11378534046919256,0.32384371679259455,0.2150326134938156,0.10772811421089323,0.5789788659198091,0.5599227934544145,28.584562799834664,20.364880090040923
1528,Nusatenggara Barat,IDN,2020,2020-07-19,0.061058687127556834,0.3003933236910462,0.04026025178746553,0.0672995743807242,0.31391648552770174,0.1981321835292832,0.09458589154405266,0.6673137033532315,0.648072135685259,29.232284649740784,19.194186268207595
1529,Nusatenggara Timur,IDN,2020,2020-07-19,0.05166652011923361,0.2687513540415164,0.02758614024113595,0.05389907036251177,0.3041900390098653,0.20319220953067263,0.09656183690711452,0.6705613323275579,0.6806398022910994,30.09108713385379,18.44994233271345
1532,Sulawesi Tengah,IDN,2020,2020-07-19,0.1442966000671697,0.37378445596257937,0.14095571425094228,0.1583137947497193,0.3556088801707276,0.2174075980108557,0.1100866544400788,0.5455572837798872,0.4865291553317092,24.773360961296913,17.37370546000935
1533,Sulawesi Tenggara,IDN,2020,2020-07-19,0.10744213020163822,0.3230193614291382,0.10360174489748028,0.11963751054410816,0.31643772236116374,0.1977338736495985,0.10170398063590279,0.5799656396171916,0.48550175707100574,25.9077115554098,19.316902983325264
1535,Sumatera Barat,IDN,2020,2020-07-19,0.12691683205982224,0.34296793936580255,0.12822652519293518,0.14061938778323868,0.32201145946240395,0.2016948806733585,0.10444050669672934,0.5420405506569479,0.457257908259393,27.114440784835736,18.82004898775087
1537,Sumatera Utara,IDN,2020,2020-07-19,0.1372710724167572,0.35896931310874347,0.14001206287616877,0.15214710618989805,0.3337081974912516,0.20965318413716683,0.10567007443403947,0.4983400546193776,0.4511993106030424,27.795614036148592,17.7978810305646
73615,Maluku,IDN,2020,2020-07-27,0.2281901229042058,0.40309292708110556,0.2305235303251576,0.23997993517123617,0.3803819806879389,0.26268809802365484,0.15085507267913442,0.3950164771477814,0.3618493231395424,25.358482006456104,18.924151247162865
73616,Maluku Utara,IDN,2020,2020-07-27,0.19617612848724536,0.3675921232251256,0.20201786361161972,0.20932521117966554,0.343382445630084,0.2221771069586326,0.11891109898788431,0.4056970198769778,0.33743405708031815,25.80225447855319,18.80704007710863
73609,Bangka Belitung,IDN,2020,2020-07-27,0.0844163694426131,0.3260955069525081,0.07622015021557348,0.09696842412442742,0.31171660988300814,0.1853596150372355,0.08435276023049298,0.6057181785676141,0.5267905523552517,30.13638051520226,20.08598476275747
73610,Banten,IDN,2020,2020-07-27,0.046960742378594614,0.2818717159175086,0.032701366233152646,0.05857731498412776,0.26944509891880697,0.16610561733184775,0.07467000024016943,0.7155925313327285,0.5858818848499411,30.1192581558236,20.524684987545093
73611,Gorontalo,IDN,2020,2020-07-27,0.15391980284477214,0.348271155552615,0.15348851398542443,0.16674954941523268,0.32656496242116684,0.2062716733984275,0.11073347328576419,0.47276724733920383,0.4090091094392355,26.551585671489473,22.083729693638148
73612,Papua Barat,IDN,2020,2020-07-27,0.15772460708944855,0.36358676307429666,0.16001256847824494,0.17096806502084042,0.34818829690060826,0.21698652583179515,0.11567008351010964,0.47195237563586684,0.4150027761325562,25.33839961344529,16.803629691984625
73613,Jawa Barat,IDN,2020,2020-07-27,0.05603227524076553,0.2929507353680204,0.03483828029931992,0.063946624422562,0.28990389992419496,0.1863005801564353,0.0889304596848041,0.6717365809618163,0.6320978331439481,30.030872093279882,18.857161038601944
73617,Papua,IDN,2020,2020-07-27,0.1502858061568005,0.34592473415104014,0.14975366570752294,0.16202418290089518,0.3340530878743666,0.20784954166182365,0.10916559306894719,0.4937164935324416,0.3975902950253292,25.66360110395741,16.673906100809702
73621,Sulawesi Utara,IDN,2020,2020-07-27,0.236779831012021,0.3977445336006938,0.24835667273292575,0.25008964084545854,0.35803708922939076,0.2357993488276568,0.12934648186714817,0.33473386506438074,0.29104235979294685,25.595005199966018,
73622,Sumatera Selatan,IDN,2020,2020-07-27,0.06213367936684316,0.3203814468473469,0.05212264812345496,0.0753390316170981,0.3148904217538857,0.18601284534923102,0.07793671395587173,0.700517901859153,0.6137333441359595,29.834024739525322,18.408355308372872
73614,Kepulauan-riau,IDN,2020,2020-07-27,0.12003779886667891,0.29948262008660864,0.11979194826146031,0.13460041846852028,0.282626879988097,0.1771160054863253,0.09091667914643897,0.4463925904514759,0.3735820297081467,28.470812877509964,22.963919010996594
73618,Riau,IDN,2020,2020-07-27,0.10376280348213723,0.3490490461799679,0.10465891169469721,0.11865773642107717,0.3274941844022484,0.19125339477293796,0.08681981568143508,0.5721185112850057,0.49872193030254514,29.233544599584693,19.769986840297072
73619,Sulawesi Barat,IDN,2020,2020-07-27,0.07407676885601219,0.3254285775226868,0.06802017414621032,0.08838453461738158,0.312594188143177,0.18192305907030729,0.08292255068295112,0.6781318422817981,0.5707029957711112,26.305779069015788,19.56015549790369
73620,Sulawesi Selatan,IDN,2020,2020-07-27,0.10979501183064261,0.3091284541151218,0.10179033624740608,0.1201374272775873,0.30301770554307833,0.2004876771744953,0.10698645240457397,0.5417652066284017,0.4723613825087379,27.03667032070954,18.787874131547394
1512,Nangroe Aceh Darussalam,IDN,2020,2020-07-27,0.10576482184365421,0.3084200426210611,0.10623370279901939,0.11791080872003412,0.2885093129197632,0.16996695771990825,0.08349622720480686,0.5450432553805866,0.41483876479315146,26.508370054951076,18.812669186934357
1513,Bali,IDN,2020,2020-07-27,0.1050813801558621,0.32659437119474805,0.0917513643160621,0.11265644593909999,0.32114526549903605,0.2156065735336957,0.11911884461429138,0.5788861629747808,0.5559504280677724,27.35557626036172,17.987712317261227
1514,Bengkulu,IDN,2020,2020-07-27,0.03860643492273586,0.3170904369107999,0.028193743959712508,0.05298003699312292,0.3017379704251706,0.16433823094099922,0.061752596516385115,0.7852140323263591,0.6517543462750366,27.748251879430725,18.77557466886886
1515,Daerah Istimewa Yogyakarta,IDN,2020,2020-07-27,0.06215308215485237,0.27512433090433247,0.03622650998049566,0.06453114531705566,0.30353145909669255,0.2176790108243585,0.11622959746581438,0.6300607528953643,0.6961835160244275,31.30446755214301,18.87293165124586
1516,Dki Jakarta,IDN,2020,2020-07-27,0.10755234270938836,0.2077957907838834,0.072055595757522,0.09722524822289409,0.23292435918082227,0.2124176822596444,0.16678948877447036,0.32174812432463784,0.45030757458259335,39.20064863353605,23.344844291701595
1518,Jambi,IDN,2020,2020-07-27,0.07743365426505605,0.33340505757375083,0.07439017658212546,0.09175936098202213,0.3209744447385573,0.18951712557001496,0.08385819569323907,0.6593551849567272,0.5778936864200493,28.478047891278063,20.65095827331562
1520,Jawa Tengah,IDN,2020,2020-07-27,0.061150442883564415,0.2883756661194395,0.035734223478162214,0.06621776267664203,0.2975776045883703,0.20722462630646865,0.10702230662792125,0.646649649250337,0.6933563726246265,31.435183205882787,18.59426335947459
1521,Jawa Timur,IDN,2020,2020-07-27,0.06996913127171503,0.2778414226304126,0.04656462502880033,0.0733658870932907,0.288635974167857,0.20463128175640463,0.11031358927502938,0.6128743306704404,0.6297818065467984,31.73815878462108,19.239852554407108
1522,Kalimantan Barat,IDN,2020,2020-07-27,0.1175278431513761,0.3542006135690299,0.1160334062759353,0.1313390552835025,0.33751676875266273,0.2076442025286018,0.10457454916230924,0.5603911245483966,0.4990556189442879,28.09886357403843,19.07173035593502
1523,Kalimantan Selatan,IDN,2020,2020-07-27,0.09315770980030523,0.3369879868827214,0.0847377745349267,0.10632233709166868,0.32901674622142596,0.20457837780838814,0.09583197578308092,0.620742281774711,0.5545815581934882,28.790557067074705,21.0452276904011
1524,Kalimantan Tengah,IDN,2020,2020-07-27,0.14759960582968357,0.352084787653651,0.1512190348843489,0.16064770066501685,0.33773498064909185,0.21462366489267537,0.1144828356497202,0.47869688296979446,0.4100334871004721,28.087485290289276,20.14622407805347
1525,Kalimantan Timur,IDN,2020,2020-07-27,0.12941956631240895,0.3560662771163157,0.13037374571395866,0.14302557636590071,0.3394078432518698,0.2071356929922556,0.10508652851107635,0.5249165156201352,0.46310352396000787,27.56587781325885,20.156330236755025
1526,Lampung,IDN,2020,2020-07-27,0.06921653370828934,0.30749912628260084,0.055508826486448774,0.07967364039443858,0.30599625871272346,0.19969292150465026,0.0948051420972113,0.6582596418074691,0.626814183445069,30.31102665016202,19.09791334183996
1528,Nusatenggara Barat,IDN,2020,2020-07-27,0.0722599963001574,0.30732579508616437,0.0490049754257647,0.07634210785317046,0.3201771204235209,0.2116209821857275,0.10643722721359618,0.6285974657650859,0.6532362960893987,29.291440513759174,18.31185828849788
1529,Nusatenggara Timur,IDN,2020,2020-07-27,0.05912977051109515,0.26934248862071697,0.03256565258990786,0.058698960513965684,0.3055747826271686,0.2113768140694366,0.10539695139579847,0.6403851312023024,0.718957003551404,30.368406179340756,17.79537112321246
1532,Sulawesi Tengah,IDN,2020,2020-07-27,0.14784711629638497,0.35633082650834363,0.14759464132109532,0.161031912629611,0.3419677059447183,0.2168644781559998,0.11388629127375771,0.5124747414860689,0.4460120671520729,25.422140396840568,18.100870796565243
1533,Sulawesi Tenggara,IDN,2020,2020-07-27,0.13354177393434247,0.3435643432281155,0.13029954357129256,0.1453216026597002,0.3415145370314463,0.22126373185312725,0.11965245514386191,0.5249924164040527,0.4729308167378463,26.71945300950057,18.84490899659246
1535,Sumatera Barat,IDN,2020,2020-07-27,0.08715431453960433,0.3213339604311624,0.08610846840121786,0.10173805845677746,0.30230967616721344,0.17603689267601447,0.08187739177401811,0.5996473293400564,0.4996557180693334,27.18588000431019,16.57860483854043
1537,Sumatera Utara,IDN,2020,2020-07-27,0.08062888790792061,0.3237259284081519,0.07444848447956783,0.09375568914631759,0.30411747151964674,0.18047454754896403,0.08244373818654863,0.6342049861794341,0.5426442282126421,28.49743573324794,16.110746316081084
73615,Maluku,IDN,2020,2020-08-04,0.10099484575057895,0.3096977267461706,0.09867532874505414,0.11368692692575046,0.29209934634301155,0.17796779469863994,0.09218870363913423,0.5753940924113511,0.45772868207145956,26.681888292162647,19.73108749583387
73616,Maluku Utara,IDN,2020,2020-08-04,0.0855288235758145,0.31521527386231246,0.08126824647203852,0.09982234481270238,0.3022178554005509,0.17811248214911612,0.08544051209037896,0.6204740132699991,0.5127107359300853,26.845987236968444,21.023794917260723
73609,Bangka Belitung,IDN,2020,2020-08-04,0.07740981915208596,0.32801585071420697,0.06492467003278188,0.08843719641386451,0.3197298362075946,0.19758066627868373,0.09467548103048362,0.6398784171148373,0.6037380613003728,30.958064265857026,22.53168448800814
73610,Banten,IDN,2020,2020-08-04,0.07342040079082555,0.28510876187758155,0.06626856103915947,0.08549731751819223,0.2739833671807279,0.1760225985570221,0.08595958941401227,0.6267254145241182,0.5129481009338539,31.913460397065624,21.383113302303983
73611,Gorontalo,IDN,2020,2020-08-04,0.06888690725167514,0.35151403896865335,0.05878705430718369,0.08505624194388628,0.3347140028633695,0.1935494945785054,0.08631898811234491,0.6905896935665977,0.6463692354375423,27.76670623851862,19.561331130184037
73612,Papua Barat,IDN,2020,2020-08-04,0.0926610934456756,0.28705182201515517,0.09176219290652685,0.10350622433001334,0.27254509890333156,0.15513875988010445,0.07715029707281076,0.6026627965191993,0.4114252274065351,28.195672356613425,19.03635220381849
73613,Jawa Barat,IDN,2020,2020-08-04,0.07283752261475863,0.2934058720035691,0.05431137317044032,0.080163114216549,0.2885512755948617,0.19300080241725237,0.09650663816151117,0.6217252568052809,0.5799707625525908,31.414861304087168,20.521254924440058
73617,Papua,IDN,2020,2020-08-04,0.19113085190936735,0.3671406332943138,0.19490440200129613,0.2030842697550752,0.35080659316203977,0.228785192435537,0.12431655432168824,0.42598634750258896,0.3485577521761161,26.045385435665434,15.764437889775962
73621,Sulawesi Utara,IDN,2020,2020-08-04,0.08821352762606119,0.35761875153884853,0.08169735381224649,0.10392692264044054,0.33105960156575165,0.19562689663177588,0.09444548727053335,0.6376509025947272,0.5968770321576832,26.990658209758298,19.784803224466557
73622,Sumatera Selatan,IDN,2020,2020-08-04,0.08090672012376719,0.31849188032683307,0.07376105075487718,0.09319513204498396,0.31479256875297357,0.19620928432853005,0.09322645996537073,0.6376082342087375,0.568865852982288,30.980131003299594,21.70097354528708
73614,Kepulauan-riau,IDN,2020,2020-08-04,0.08975309114044679,0.2908901487937661,0.08256323157979428,0.10228636930021741,0.27811237542686934,0.17418218951093734,0.08970854054162272,0.5429167187288213,0.46308724434006737,29.778952663324006,23.94611852628742
73618,Riau,IDN,2020,2020-08-04,0.06897390477803923,0.33999987696280715,0.059879093012745015,0.08175192359474961,0.3249157068328347,0.1896337707506308,0.08305993194741225,0.692367509755246,0.6435494999911189,32.31837675720118,23.02322976024048
73619,Sulawesi Barat,IDN,2020,2020-08-04,0.045323657133663,0.33508442237766056,0.034184057821498685,0.061647757794640407,0.32532483118297784,0.17700081188733677,0.06976857847857384,0.7716481751065635,0.6771716124551374,28.678228566593326,17.035483116730557
73620,Sulawesi Selatan,IDN,2020,2020-08-04,0.09369074218438558,0.31627065546524685,0.08158168948766836,0.10472125215920336,0.3136838203040408,0.2032802932258246,0.10351076519228147,0.5788503596670377,0.5433741500300289,28.154936933746527,17.43725380023481
1512,Nangroe Aceh Darussalam,IDN,2020,2020-08-04,0.051296122432581616,0.32395314692167654,0.04070548919739182,0.06516813908649476,0.3065585951563179,0.16762047580999248,0.0699029961002438,0.7456814552956779,0.629643199678499,26.97294371923821,18.805193166499855
1513,Bali,IDN,2020,2020-08-04,0.06644958671966114,0.28067396119078564,0.05219901587662,0.07345690913219331,0.27629116864715436,0.17931315163590192,0.09197513495877108,0.6428465092741269,0.5579670791747731,29.285337971857427,18.03990795945244
1514,Bengkulu,IDN,2020,2020-08-04,0.04882061743637281,0.3029886081715401,0.04092230543769148,0.062306561220355286,0.2913352999688405,0.16284089357748732,0.06733194801025634,0.7502887405845304,0.5985672562152788,28.851852479609462,19.91023579690956
1515,Daerah Istimewa Yogyakarta,IDN,2020,2020-08-04,0.06299732621382663,0.2528322633402933,0.039297015977651645,0.0646982183719321,0.27812274997059805,0.20272304777411027,0.10942085822029596,0.6058651176916054,0.6042994474383033,33.573102195821875,19.307846861364187
1516,Dki Jakarta,IDN,2020,2020-08-04,0.1497850506379218,0.22126172393189297,0.13879464512817868,0.14808802058327347,0.23775087301312617,0.22012598675843545,0.16962321819082146,0.21884769861639367,0.29294911932228507,38.44705732007159,24.729108844282802
1518,Jambi,IDN,2020,2020-08-04,0.09378051796994122,0.3334288741234225,0.0918969627209695,0.10697963774841987,0.3246253998815026,0.19767701612999036,0.095566354169414,0.617162592429112,0.5335943249757703,30.5688154974012,21.22244216204878
1520,Jawa Tengah,IDN,2020,2020-08-04,0.067466917604873,0.2862656496449111,0.043128561831501676,0.0722485008821327,0.29410954246316257,0.20702100728894735,0.1074181899368788,0.6219197415840413,0.6445138142824748,31.952744554979397,19.20151940577516
1521,Jawa Timur,IDN,2020,2020-08-04,0.07594262813356631,0.2834730107131166,0.05217917279010251,0.07946557709389906,0.29528160552994326,0.21012943848900972,0.11212983395573677,0.592946012080226,0.6029162855114508,32.310951308574055,19.405485421027432
1522,Kalimantan Barat,IDN,2020,2020-08-04,0.055144889130574436,0.3318270837174117,0.047066378180995065,0.07015861003935082,0.3188438502654933,0.1759096181838968,0.07231393125377043,0.737437130632953,0.6271304742195435,29.797138478560612,21.591965411253785
1523,Kalimantan Selatan,IDN,2020,2020-08-04,0.07791755385224264,0.3278657019582835,0.06879326089638893,0.09216853620987907,0.32129888294833175,0.19576179487658502,0.08815067669213418,0.6411608197469411,0.5755492245192138,28.709712912425925,21.129841476210856
1524,Kalimantan Tengah,IDN,2020,2020-08-04,0.11238026951519504,0.33873862564106005,0.1103409832549351,0.1250684137690216,0.32568930064505325,0.19772889967075588,0.10032845293107623,0.5651507756306188,0.482754539796463,28.228650491499263,20.550146951525964
1525,Kalimantan Timur,IDN,2020,2020-08-04,0.08001215368545546,0.33363475813238064,0.07417701244668723,0.09360507588276078,0.32105107312817244,0.18264470196594385,0.08430010356207392,0.6568145645061323,0.5625149455975506,28.50786279298309,20.64764461615035
1526,Lampung,IDN,2020,2020-08-04,0.09246503112054173,0.31602799822484795,0.0823587554330807,0.10290261004887964,0.31452624477128144,0.21201494939564836,0.10636415368164966,0.5926114166371109,0.5728562835974681,31.242435062119466,21.381578147087776
1528,Nusatenggara Barat,IDN,2020,2020-08-04,0.09552523078653968,0.29521786928078325,0.07523399591290818,0.09717599167221418,0.30942219351792544,0.2200471490668152,0.1197001173346499,0.554663370738678,0.5654067122659729,30.614913859227684,18.562771118425292
1529,Nusatenggara Timur,IDN,2020,2020-08-04,0.06744809628416087,0.2720756980553403,0.03881945933040294,0.0653558267527569,0.3120295328283618,0.22603528670741302,0.11357224633722554,0.6019690203555202,0.6586330936550973,31.31152409287243,18.62486846425642
1532,Sulawesi Tengah,IDN,2020,2020-08-04,0.09196662839212572,0.3225300249284953,0.0895402622979753,0.10602087850369599,0.30988986325338375,0.18475530879919608,0.09052577762275618,0.6135193490192393,0.5121292243876997,27.350528775416937,18.349119676507847
1533,Sulawesi Tenggara,IDN,2020,2020-08-04,0.10458921915495314,0.33802427367470617,0.09792063830442069,0.11730692524424893,0.3367626987429121,0.21352280439019966,0.11022372925532924,0.5819406711250061,0.5511857887724845,27.687817051738936,19.17369908603499
1535,Sumatera Barat,IDN,2020,2020-08-04,0.041326111088809396,0.32324912188445454,0.03126507984402519,0.0569290086936175,0.31025003659686107,0.16920028068824072,0.06542395875735038,0.7792124512712177,0.6610679403529954,28.988018145232786,20.48038317914098
1537,Sumatera Utara,IDN,2020,2020-08-04,0.04412293662110426,0.31689139858426746,0.03232565304704096,0.05746536501044304,0.30240510208049926,0.17061156660397542,0.06896228510876783,0.7577557154695704,0.6528418719688707,29.437935213203506,20.71791921881097
73615,Maluku,IDN,2020,2020-08-12,0.09630167159911945,0.3429435578590794,0.08882150533405198,0.11072651177710648,0.3277828227555405,0.19491110938921927,0.09698521342836133,0.6330135745582985,0.5565971863623268,27.145604298471874,19.88500814087465
73616,Maluku Utara,IDN,2020,2020-08-12,0.0672257161797404,0.3108806636284529,0.0613899975602926,0.08161833200160414,0.2972291203687104,0.1681461177775069,0.07538282294281648,0.6811111757535038,0.5553662858075279,27.335089571740916,18.39632648395367
73609,Bangka Belitung,IDN,2020,2020-08-12,0.12222496971822214,0.3513914732358484,0.11627067987771181,0.1341426661932307,0.33690163292644243,0.21304101881026866,0.10774747274727368,0.5204100703141077,0.4944496709546052,27.99766532948749,22.95532029096044
73610,Banten,IDN,2020,2020-08-12,0.09995107814401037,0.3147789690005813,0.09623356661800431,0.1138140248456929,0.2994401464408203,0.20068668031414758,0.10240286235996672,0.5647132771000344,0.4989573720044527,31.3301103396142,21.208277264361907
73611,Gorontalo,IDN,2020,2020-08-12,0.0389400356317475,0.33398968516076805,0.026479118481502667,0.05552286516784436,0.3222626595454884,0.17683651494607358,0.0686271084422628,0.7932267102158128,0.7106256035153222,29.001164694682036,19.464500246820375
73612,Papua Barat,IDN,2020,2020-08-12,0.10712729249985277,0.2957155539697311,0.10939181343315377,0.11808523982391447,0.2811353635047991,0.16623332282557343,0.08566924989031365,0.548358316776398,0.39163309601634166,27.093357315670197,17.276933181681674
73613,Jawa Barat,IDN,2020,2020-08-12,0.10185495309831141,0.3102991206808958,0.08921208764818447,0.11098441515818941,0.30276246033060705,0.2129231898426401,0.11431180891857891,0.5511909211890919,0.5350343420635552,31.208747019600278,19.08435468438478
73617,Papua,IDN,2020,2020-08-12,0.10819349342587231,0.3387238747725002,0.10244259086224296,0.12105258605299081,0.3317847356260593,0.19421321858372,0.09421416750027084,0.5818963961855205,0.48768385487665755,26.57773874207541,14.561576956234633
73621,Sulawesi Utara,IDN,2020,2020-08-12,0.05041371287227912,0.3155501484929633,0.042564514840470476,0.0646620468509066,0.2897768244441387,0.15813113691745279,0.06626100196048795,0.732389552435007,0.6073723254296477,27.98222047688959,19.78026564972714
73622,Sumatera Selatan,IDN,2020,2020-08-12,0.08968733424441545,0.3341635016881775,0.08254485614466985,0.10291074399114761,0.32298519345993265,0.20299226723699682,0.09747442528903981,0.6222648547420007,0.5716556032822337,30.192707700107466,15.963475016192733
73614,Kepulauan-riau,IDN,2020,2020-08-12,0.11354521331560069,0.3103478195730464,0.10811348361717779,0.12775711561088163,0.2924175017934619,0.18463132194910753,0.09521104354143173,0.4972548612111048,0.4335625909036293,28.678797931784985,23.717087708598036
73618,Riau,IDN,2020,2020-08-12,0.05525299600108672,0.3566715352315732,0.04279517752553313,0.06998597540991568,0.3386972901899464,0.19292510793147763,0.07880951291531067,0.7359699876297306,0.7160909162164004,30.849894475208515,21.214263300467184
73619,Sulawesi Barat,IDN,2020,2020-08-12,0.04198865523720552,0.32392906050393416,0.03120903786150412,0.05760833298426915,0.31264874803248416,0.16910519420747144,0.0654214051121904,0.7834851647938957,0.6582762520297237,28.103015604049414,18.13159962879313
73620,Sulawesi Selatan,IDN,2020,2020-08-12,0.05590217557032331,0.29384926408549095,0.03957587270455507,0.06691311720069346,0.29466783116355305,0.18033886380115385,0.08220561061058543,0.6813412666848676,0.6063309469190754,29.203868321199817,19.002102352937925
1512,Nangroe Aceh Darussalam,IDN,2020,2020-08-12,0.05352437108267769,0.30487140566600507,0.045475176699554073,0.06651622096860417,0.2858016999778304,0.15748575195499753,0.06652067816862049,0.7341586049650105,0.575687134522246,28.11063442418102,20.096757040109473
1513,Bali,IDN,2020,2020-08-12,0.09512083112578505,0.3113123998932174,0.08084231882249575,0.10218090949631042,0.30910344774741516,0.20919435460830255,0.11360531219610207,0.5778064261786208,0.5604261606521742,30.60850744203566,18.899051494324254
1514,Bengkulu,IDN,2020,2020-08-12,0.04604976621795324,0.2970928546039776,0.038834851560957534,0.058926440425408455,0.2791785854052514,0.1554400912138815,0.0635284064474212,0.7576022153966201,0.5890591805097884,29.90083139990725,22.870000000000005
1515,Daerah Istimewa Yogyakarta,IDN,2020,2020-08-12,0.10049430409926594,0.2849993259480674,0.08116846551310743,0.10313813378705897,0.31114565334864996,0.2373404319052063,0.13651742757716134,0.5200014940467839,0.596683809648021,30.78575878687408,19.493754934682592
1516,Dki Jakarta,IDN,2020,2020-08-12,0.18647757738669468,0.2540006261071641,0.17911926122364882,0.18639371183718867,0.26487486285092493,0.24379839575089962,0.18295455982107775,0.1820584645581167,0.18083786792833448,40.254407410540495,24.07427620632281
1518,Jambi,IDN,2020,2020-08-12,0.08258101204145014,0.31968305581911827,0.07979889174119996,0.09530869278631497,0.3039741967177229,0.18515579601177348,0.08996120579810375,0.6270685085111652,0.542354464954259,30.265633258140884,20.726008917635742
1520,Jawa Tengah,IDN,2020,2020-08-12,0.08784398691477528,0.3135341158891514,0.06568344807324558,0.0944844916130638,0.32228575679982574,0.2341598875686384,0.12549560853904107,0.5878621651845938,0.7037951774652826,31.9998397095419,20.318212306315203
1521,Jawa Timur,IDN,2020,2020-08-12,0.09480868294907349,0.3091943589520817,0.0709407910021556,0.09916414535345622,0.32185375693896184,0.23768712445222795,0.13304753885826662,0.560493384575782,0.7179448000388253,32.28634434058727,20.512803861341933
1522,Kalimantan Barat,IDN,2020,2020-08-12,0.0684651347210669,0.33949708756529345,0.06170359579293132,0.08366436000836461,0.32483200384386984,0.1841259534958726,0.07979004575908004,0.6961664424916876,0.6048188336748104,29.606959139897356,20.210726817205312
1523,Kalimantan Selatan,IDN,2020,2020-08-12,0.06955493702492885,0.34784113181958565,0.05601917324544437,0.0843216781755799,0.3436347597000303,0.2080674937731572,0.09113813734574484,0.6860636693657808,0.6719132783128385,29.99886860883713,19.492415352308132
1524,Kalimantan Tengah,IDN,2020,2020-08-12,0.06464298540561943,0.32323353927526843,0.05610166917572497,0.07801767597369554,0.3120489172914725,0.17428825317618574,0.0769129954374948,0.697055831954161,0.5839772736000727,29.44790670546741,20.02394689293192
1525,Kalimantan Timur,IDN,2020,2020-08-12,0.08126346255577294,0.33976638120241326,0.07518204429214773,0.09493012239715987,0.32696050085400663,0.18610495017043244,0.08543260102442111,0.6610054315799238,0.5732381868529407,27.977698497662903,20.45957919475394
1526,Lampung,IDN,2020,2020-08-12,0.12151040907815562,0.33729244771627637,0.11687361477972638,0.1339745377286032,0.3266624251011268,0.21918080580678578,0.11224044608842346,0.5214727886893247,0.4854730955725935,29.971887034824224,19.70544512800414
1528,Nusatenggara Barat,IDN,2020,2020-08-12,0.07735067382852497,0.29613152647363966,0.05234468931274018,0.07874917964415373,0.31561326188256905,0.2199680574148439,0.11482870291096967,0.6020985860266084,0.662026961218744,32.066484168637885,20.34367055696753
1529,Nusatenggara Timur,IDN,2020,2020-08-12,0.06438958092649724,0.2633936220122908,0.03458349088438431,0.061301391676915964,0.30874453838057986,0.22862480604695937,0.12077994456841165,0.6052391195900221,0.7178606745591541,32.66833919087883,19.304580003812912
1532,Sulawesi Tengah,IDN,2020,2020-08-12,0.04311872229087402,0.3136416898253024,0.03435329922580774,0.05863285361049577,0.3041232330084031,0.16369055726994144,0.06427949307217252,0.7711795066576742,0.630256622122826,27.448789996516528,18.12771376920635
1533,Sulawesi Tenggara,IDN,2020,2020-08-12,0.044332399043647996,0.30717006077508435,0.03150716738886462,0.057901050188650625,0.3091468547005547,0.17412567906542956,0.07093235640005634,0.7602496394834373,0.6479423234909716,28.3294434757734,18.96578958943827
1535,Sumatera Barat,IDN,2020,2020-08-12,0.05685959867947487,0.3270839404506495,0.048421151535440694,0.07186930729116976,0.3107590929466991,0.1761769366160064,0.07469664329986425,0.7152542813029454,0.6300384514395182,29.042962770284312,23.49000000000001
1537,Sumatera Utara,IDN,2020,2020-08-12,0.05221147290551312,0.3438546559758406,0.040893215595974794,0.06805139148335736,0.32625433354461464,0.1857689630107937,0.07464189053874107,0.7383440349836005,0.6826379945614622,29.631381610212497,20.671531921446263
73615,Maluku,IDN,2020,2020-08-20,0.09394385583261604,0.3308103792387722,0.08876703116090709,0.10777314095977801,0.3156659426984243,0.18819423032667998,0.09239085637714277,0.6243224021980129,0.553394875316731,,
73616,Maluku Utara,IDN,2020,2020-08-20,0.07916299252927743,0.31412864018802356,0.07472330522841138,0.09300303040524457,0.30114215413229234,0.17380642509962252,0.08231384729775672,0.6533746837562193,0.5274653317639082,,
73609,Bangka Belitung,IDN,2020,2020-08-20,0.06586034920770577,0.3445482885233346,0.04822318821319401,0.07740011295296316,0.3386208205385087,0.2051800711215886,0.09356910432992406,0.6827736021870492,0.6916785807240559,,
73610,Banten,IDN,2020,2020-08-20,0.046159199036502736,0.28112800293829393,0.030386878886003287,0.056446825724708403,0.274572414686941,0.1737664896649692,0.08088423106913113,0.7100495858453446,0.6221497053519465,,
73611,Gorontalo,IDN,2020,2020-08-20,0.036054613876664116,0.30146566739547787,0.025009092318099224,0.0497085006697815,0.2903967756637452,0.15628825342614372,0.06076928215251901,0.7974180971249172,0.6326495001911897,,
73612,Papua Barat,IDN,2020,2020-08-20,0.09194722783540817,0.3075829880815709,0.09101219408844545,0.10419491458284257,0.29539267146943177,0.16815623145282535,0.0832753249043752,0.6065494063233201,0.4655438217590965,,
73613,Jawa Barat,IDN,2020,2020-08-20,0.05870671942617888,0.2646755312197311,0.03906125197373507,0.06423932546130286,0.2638186534174828,0.17739280719171288,0.09044842755462774,0.6461831145586909,0.5782293065115499,,
73617,Papua,IDN,2020,2020-08-20,0.10386839642535851,0.313203782276218,0.10148762007439774,0.11550146986268099,0.3057080561589976,0.18185198088860866,0.09149856616675464,0.5960219736211978,0.4663058900331607,,
73621,Sulawesi Utara,IDN,2020,2020-08-20,0.05004323678425866,0.326817590698838,0.04028561656335929,0.0651321289796273,0.3027301885917177,0.16544219396877793,0.06868221174134466,0.7581041066367319,0.6409992828093922,,
73622,Sumatera Selatan,IDN,2020,2020-08-20,0.06009286615592774,0.3244997334401946,0.04735841929828358,0.0723659630674194,0.3190609137214168,0.1922772546131837,0.08497214704123549,0.7144495859698515,0.6491909082458382,,
73614,Kepulauan-riau,IDN,2020,2020-08-20,0.08796391595948241,0.2942179413765423,0.07897551796362529,0.10088447465149464,0.2775962602845222,0.17102713533565383,0.08601540268408572,0.5587332574064191,0.46279294839819857,,
73618,Riau,IDN,2020,2020-08-20,0.09668645947681238,0.3595186782565605,0.09127026198626689,0.11005621972837451,0.34011471819247824,0.20873378234443293,0.10042639179179419,0.6162852701965642,0.5868355653858994,,
73619,Sulawesi Barat,IDN,2020,2020-08-20,0.03966800075307068,0.32348509212775045,0.028774347606713675,0.05503572566981058,0.3134661633939141,0.16843953215248791,0.0649564892725588,0.7871715962720612,0.6676708022716197,,
73620,Sulawesi Selatan,IDN,2020,2020-08-20,0.0693760213023938,0.3181297431687371,0.0505076313750899,0.0795935269939339,0.32353384956432013,0.2048935731219499,0.09804563387039379,0.6508437446221386,0.6617844919634875,,
1512,Nangroe Aceh Darussalam,IDN,2020,2020-08-20,0.08418076817827487,0.34486256196223397,0.07804940960277264,0.09899722358665179,0.3267244412854974,0.18991790424064642,0.08708815321593097,0.6581844635080233,0.5822077313856857,,
1513,Bali,IDN,2020,2020-08-20,0.05357069562151947,0.2794744632333222,0.03451992720715617,0.05957054438314474,0.28096909396417036,0.17860499616790035,0.08958784864182401,0.6858170097432336,0.6186226845572201,,
1514,Bengkulu,IDN,2020,2020-08-20,0.03486891430630216,0.33621565583874574,0.02298157347663619,0.0508923482189356,0.3239033662830081,0.17772006117226152,0.06589703212442159,0.8108868612067102,0.723261092313049,,
1515,Daerah Istimewa Yogyakarta,IDN,2020,2020-08-20,0.0653895711647755,0.23471848226818104,0.044704089979487695,0.06627198914967608,0.2569202960928747,0.1930396327324224,0.1072974578412076,0.5913911726855346,0.5368554364814606,,
1516,Dki Jakarta,IDN,2020,2020-08-20,0.09904493282141029,0.18615247184399109,0.06699943334291558,0.0892815367619725,0.20637315716042332,0.19570926608500933,0.16218692775536067,0.3093628962030228,0.4486220384348195,,
1518,Jambi,IDN,2020,2020-08-20,0.06339272843885921,0.3423412387071699,0.05461730930268479,0.07727348556592614,0.3298384910148248,0.19283467587882913,0.08334705674609705,0.7208096486721006,0.6613196789185997,,
1520,Jawa Tengah,IDN,2020,2020-08-20,0.06635111158519723,0.2689004841448849,0.04331648671399993,0.07027036356878828,0.2784265536976382,0.2019199033413767,0.10962745454354947,0.6154172978184764,1.46279249028743E10,,
1521,Jawa Timur,IDN,2020,2020-08-20,0.06569972022995797,0.2770426367021181,0.03979101762836636,0.06853135889359069,0.29267226381244404,0.21165232354583755,0.1153317423671033,0.6220086724898766,0.6719526059926367,,
1522,Kalimantan Barat,IDN,2020,2020-08-20,0.09726269378022437,0.34370605716866326,0.09503200962934034,0.11118969022775904,0.333289535748748,0.19704531014635931,0.09415730664919131,0.6100963831520042,0.5357079442847619,,
1523,Kalimantan Selatan,IDN,2020,2020-08-20,0.07437522900014387,0.31234312386079444,0.06481236281807203,0.08613579417547186,0.31236551815144,0.19311589185056263,0.08909884643237313,0.655146190227019,0.5663397477182529,,
1524,Kalimantan Tengah,IDN,2020,2020-08-20,0.08801281421529647,0.3240977408288092,0.08536014636295533,0.10076337160448452,0.3161444828302736,0.1846021244464034,0.08808896361913185,0.6313804487373713,0.5201555487661595,,
1525,Kalimantan Timur,IDN,2020,2020-08-20,0.08450111136226138,0.32826509168470075,0.08178998969734513,0.09777294736177063,0.3174100678316325,0.18064379004068207,0.08388648580700686,0.637018055978474,0.5357554938189708,,
1526,Lampung,IDN,2020,2020-08-20,0.0841893308658098,0.3280811225372025,0.07054716015353044,0.09432966417737282,0.32675998928762634,0.21788387040104348,0.1083530320131156,0.6414080774977867,0.641918799351899,,
1528,Nusatenggara Barat,IDN,2020,2020-08-20,0.056299327077370544,0.26831487757053235,0.029504134964548914,0.0564601671268341,0.2930236092072385,0.20047621613315253,0.10338165796706705,0.6497750661597268,0.6758754132558967,,
1529,Nusatenggara Timur,IDN,2020,2020-08-20,0.06153091125544728,0.2555983652614137,0.030724574242280738,0.05737715909415562,0.30518096823003066,0.22847420635025514,0.12429998032980737,0.6019386716035231,1.727962864506852E10,,
1532,Sulawesi Tengah,IDN,2020,2020-08-20,0.06492208617555757,0.3351123286860795,0.05680553226594663,0.08013929343911573,0.32638286958801366,0.18485456416386042,0.08165653857722448,0.7109445060463023,0.629563124546119,,
1533,Sulawesi Tenggara,IDN,2020,2020-08-20,0.059597838845175874,0.322879075951989,0.04635097716638206,0.07278229594677497,0.3262604602414216,0.19154303109775275,0.08455663559451532,0.7198451576247534,0.6566599466451027,,
1535,Sumatera Barat,IDN,2020,2020-08-20,0.08969014486607577,0.36012539068005456,0.0842340103670235,0.10548782617862029,0.3431444735431722,0.20539704301225584,0.09674284867306153,0.6422993197077115,0.6072310947302831,,
1537,Sumatera Utara,IDN,2020,2020-08-20,0.07141563602304685,0.3311124892017669,0.06409572043273305,0.08551389101032836,0.3151218658747995,0.18810718306018595,0.08371805492353317,0.6732388324083799,0.5965926258807037,,
73615,Maluku,IDN,2020,2020-08-28,0.12322577698859662,0.3387146530528914,0.12024453102716441,0.13645904264429937,0.3199250077048422,0.1981277625167196,0.10094951790866782,0.533519088693228,0.46361630157600486,28.59144898280311,19.232253094168023
73616,Maluku Utara,IDN,2020,2020-08-28,0.12220623782554962,0.3218912310326243,0.12382938537153818,0.13528411889436467,0.30382893696611113,0.18279098608964028,0.09173539505941346,0.5278608895425017,0.4171850955829337,24.838698416102527,20.481207293705534
73609,Bangka Belitung,IDN,2020,2020-08-28,0.13652414429408224,0.36084996886220505,0.13241728545729148,0.1486355955711095,0.3434941199337001,0.22249774876128062,0.11526730917212079,0.4963160146321828,0.4764142634389916,28.06787525467076,
73610,Banten,IDN,2020,2020-08-28,0.08185907101668943,0.3276081248486852,0.0672185015726881,0.09308711759669762,0.3257065555190382,0.21916694309166074,0.110738014968636,0.6091174730171405,0.6568500092309089,26.78304051738541,11.138300112678278
73611,Gorontalo,IDN,2020,2020-08-28,0.09455599984937033,0.339046416861397,0.08719574512770566,0.10757578332431932,0.32709136965664215,0.1990997309073282,0.09699124259636746,0.607588996132255,0.5666963278999002,29.449191624370254,20.061943917615753
73612,Papua Barat,IDN,2020,2020-08-28,0.15456779804340778,0.3485681837629343,0.15584074728304914,0.16642822717256536,0.3317951223559222,0.2020417375614294,0.10904102164613244,0.4646760068121115,0.38859996578518047,24.122261286057643,15.066177360642747
73613,Jawa Barat,IDN,2020,2020-08-28,0.11792188105351085,0.3213649609830373,0.1003710553024805,0.12307318103872697,0.3234069214940944,0.23554024482012612,0.13296659034728642,0.517183183299312,0.579825091929862,29.610472149497628,15.395605927953307
73617,Papua,IDN,2020,2020-08-28,0.16893027972055105,0.3724787412118701,0.16809898194609266,0.18120001860799356,0.3584165905698715,0.2247648541199179,0.11788344156956414,0.45526082085513503,0.4019095810024052,25.948328943671427,16.351295147269518
73621,Sulawesi Utara,IDN,2020,2020-08-28,0.08822673890735895,0.3655912325373906,0.08064215570238911,0.10433781949547014,0.3410939124706545,0.19955825034208155,0.09370610545678253,0.6369611288985372,0.6307594449281704,26.69567638593222,20.459279672456102
73622,Sumatera Selatan,IDN,2020,2020-08-28,0.11145188120442162,0.3474069556567415,0.10932988132909942,0.12505824961082415,0.3363347540360707,0.2144175253301793,0.1055436929464099,0.5697074254573775,0.5236587245783593,26.380535960410715,
73614,Kepulauan-riau,IDN,2020,2020-08-28,0.11061461268146981,0.25670869450290695,0.11664758725801863,0.12414838547387663,0.23731905284687402,0.15017679128873568,0.07803284729376295,0.42452454555168756,0.29615620221204614,25.476563239851558,24.147903326619925
73618,Riau,IDN,2020,2020-08-28,0.06877457641757419,0.30408132203013477,0.06429718056243053,0.07978621770074047,0.2845779298575693,0.1663320835209401,0.07419903118648401,0.6680547054433977,0.5496420024290335,30.43679756530127,22.040006932593876
73619,Sulawesi Barat,IDN,2020,2020-08-28,0.06608017374113662,0.33758574505384603,0.05656326256213774,0.08122217496163814,0.32844051912327427,0.18857541486754614,0.0829303080455797,0.7035972449685155,0.6330564486739628,26.703805533342198,12.278026799657487
73620,Sulawesi Selatan,IDN,2020,2020-08-28,0.09592500337974497,0.31382260743252083,0.07921570772418247,0.10386257381728067,0.31894281445967715,0.21041540449015708,0.10876858178024316,0.5689915629219376,0.5580886723684,29.307411655115413,17.695463332716177
1512,Nangroe Aceh Darussalam,IDN,2020,2020-08-28,0.11919085995548777,0.3631422860490678,0.11790518666057702,0.13478811557625187,0.34525351657351533,0.20731492080920327,0.09906767390614955,0.5328848066846996,0.4894453432863844,26.946451087255994,17.49247711867849
1513,Bali,IDN,2020,2020-08-28,0.0726155547782253,0.29385300760146643,0.054488635404372224,0.07835997888595049,0.2944262956519317,0.19466199731821296,0.10126938743215277,0.6402234530833094,0.5905659931955133,28.93835665199359,20.15830925974894
1514,Bengkulu,IDN,2020,2020-08-28,0.03844479971733411,0.31037228971885034,0.02916679152665078,0.05216817083137145,0.29515504981070606,0.16109062882791286,0.0612510214830966,0.7900871175929406,0.636872713723931,22.67322796130684,
1515,Daerah Istimewa Yogyakarta,IDN,2020,2020-08-28,0.09473119077111548,0.27112285257825025,0.06904072424079027,0.0933148803699855,0.30181904503709045,0.2367707409653166,0.13886380732732923,0.5164404871341902,0.6085928440145213,37.11289547624676,20.17087831034441
1516,Dki Jakarta,IDN,2020,2020-08-28,0.1494359602241345,0.24240942185926742,0.12888878605948334,0.14419114314224535,0.26253045033058836,0.2426566223625605,0.18666178880020673,0.2495330878651988,0.3881913917287639,33.59664135514023,
1518,Jambi,IDN,2020,2020-08-28,0.09708615063973668,0.33530567512341725,0.09575916805597083,0.1099234424350631,0.32213405214860646,0.1971173796760773,0.0957116088504896,0.5905438148562184,0.5246531628273848,28.97419388801485,
1520,Jawa Tengah,IDN,2020,2020-08-28,0.11027791452316273,0.3064670041712937,0.08583802610445959,0.11208319744348964,0.32226396649946254,0.24672523619070447,0.14395128041165012,0.5138963592831609,0.6538584782236636,34.72377832039285,19.540512816943657
1521,Jawa Timur,IDN,2020,2020-08-28,0.08885183223697571,0.2890965939787565,0.06259496021764654,0.0900268251529135,0.3039923086857265,0.22720062267381338,0.12949287809687385,0.5573446620543263,0.6482269944158008,30.88223098752393,20.515524220863362
1522,Kalimantan Barat,IDN,2020,2020-08-28,0.14065283700910888,0.36570145500102735,0.14070067104427092,0.15444129885472607,0.3496860524108615,0.21902878070002713,0.11435297503296687,0.5062771139001161,0.45809058202527586,27.834039015067255,18.68829521628338
1523,Kalimantan Selatan,IDN,2020,2020-08-28,0.11583669565060559,0.34364014254396463,0.11097915973154382,0.12857948322773177,0.33755677967235775,0.21606888135243463,0.10750661907351979,0.5431725339846467,0.5100913334087237,25.12837505277803,22.73301297925203
1524,Kalimantan Tengah,IDN,2020,2020-08-28,0.12496550709676942,0.3464649586444794,0.12444344058825976,0.13739716411106842,0.3351785099995981,0.20608083666397806,0.10587442811516282,0.532460558153286,0.4594018165684892,25.61817093224575,20.35547553399712
1525,Kalimantan Timur,IDN,2020,2020-08-28,0.1084233983791515,0.3499741817108839,0.1070272964251305,0.1220724547173419,0.3372209174653566,0.1984717500633589,0.09620772397850354,0.5757018205567274,0.5107894964259729,25.66728969583425,19.747124871231726
1526,Lampung,IDN,2020,2020-08-28,0.13563397291312876,0.3481405470547102,0.13432656610225213,0.14771044746470086,0.34084625559952747,0.2353071156057671,0.1251823855072727,0.4951872487750328,0.4903003507004567,23.348736438803694,
1528,Nusatenggara Barat,IDN,2020,2020-08-28,0.0669021905778179,0.28334881507425297,0.0369582417290311,0.06553571148462883,0.31065179682345345,0.21927258018541684,0.11596393502851625,0.6121283838657595,0.5814836884366766,33.85031372637305,20.57215636896646
1529,Nusatenggara Timur,IDN,2020,2020-08-28,0.06075509779293491,0.23936302480462726,0.03072249727390654,0.05534589013297989,0.2887112321145666,0.21862826190703802,0.11781690141858314,0.5883356295619774,0.6644953619885404,34.93917959385114,20.603193015183336
1532,Sulawesi Tengah,IDN,2020,2020-08-28,0.10157724617389396,0.3415177112446886,0.09709991422834909,0.11563630070220492,0.3304070758845002,0.1971743771475968,0.09523137168974108,0.5984615464395024,0.5318638935842726,27.199538674137372,16.410244871293543
1533,Sulawesi Tenggara,IDN,2020,2020-08-28,0.10039109949862139,0.3368045077569987,0.09119978243661343,0.11292178560442352,0.33605926590404367,0.207284562489399,0.10197908335858301,0.6012936374292884,0.5622772210134915,29.528119644173415,19.835425438094532
1535,Sumatera Barat,IDN,2020,2020-08-28,0.07052186092070149,0.2941180029993459,0.06709968502051097,0.08256009998914564,0.2758049811411403,0.1583823171503357,0.07097254711313532,0.6725874367775941,0.4961416620211946,28.897385268401475,
1537,Sumatera Utara,IDN,2020,2020-08-28,0.07718524765761302,0.3355313876244832,0.0715058642343498,0.09197008282838824,0.31702619783029956,0.18958431625506317,0.08313260197342459,0.6477964596253537,0.5573932386138911,27.834185046720425,16.94447154471549
73615,Maluku,IDN,2020,2020-09-05,0.18388948388390045,0.37743973054484425,0.18479284088092277,0.1966160596971732,0.3571272991164739,0.23217612255208941,0.12585639207914504,0.4373128072109556,0.4161962953870413,26.864980859980008,20.56163036042601
73616,Maluku Utara,IDN,2020,2020-09-05,0.1616483446815402,0.3875022574563631,0.1609535882110823,0.1774573905075042,0.3665866725309675,0.2230465179528809,0.11066401990112532,0.4948655424638406,0.47376609404050773,25.024066377971053,19.467550562271335
73609,Bangka Belitung,IDN,2020,2020-09-05,0.15280104603779024,0.3645133522766999,0.1504436742421453,0.16552256086043632,0.35442523904085194,0.22820121555563833,0.11995930935209502,0.43904512574378735,0.4225535243981331,28.620097219260046,21.9144514340964
73610,Banten,IDN,2020,2020-09-05,0.08269526136090843,0.3157427872384033,0.06807645839665125,0.09331476400403463,0.3116699928706209,0.21066568665126137,0.1081845424119284,0.6029578419439794,0.620399883521342,31.02784728340311,22.24224066002806
73611,Gorontalo,IDN,2020,2020-09-05,0.09666308783112103,0.3613537736853037,0.08659523499911406,0.11108686515846888,0.3503240255390722,0.21438313523537694,0.10315863378176451,0.6182634988389862,0.6183991856509927,27.046855938275325,18.920736844887667
73612,Papua Barat,IDN,2020,2020-09-05,0.13224488503396212,0.3367262296517971,0.13564487244959597,0.14549717951930388,0.320806152725081,0.19061938448589252,0.09703823555733149,0.5024677338316526,0.4116463687840559,26.687645360397035,17.523318568445728
73613,Jawa Barat,IDN,2020,2020-09-05,0.08295469689602436,0.2946642594017943,0.06086010809675339,0.08712567782928518,0.29860488157634224,0.2099825246447997,0.11360057231806213,0.5818085728532955,0.6038855837983125,32.37662244894223,19.98859954285463
73617,Papua,IDN,2020,2020-09-05,0.13426866040862362,0.34295008201374527,0.1311444485524749,0.14545300329256863,0.3358224216181801,0.20736929672933496,0.1074876635195108,0.5329217131283122,0.4478071222256348,26.7441558446465,17.93509916999119
73621,Sulawesi Utara,IDN,2020,2020-09-05,0.11361911552745764,0.38965142595719254,0.10691224556934056,0.1301501840383639,0.3608726198836623,0.21422527634024577,0.10105468729766512,0.6013015777739374,0.602929756349419,25.111737823514673,18.3945011383238
73622,Sumatera Selatan,IDN,2020,2020-09-05,0.10025152453340488,0.36687221361380595,0.09237768393930072,0.11472202638909589,0.3601024187018572,0.2292318473733005,0.10970735161154437,0.6155310579421158,0.6413465914173428,30.35790866516303,19.656150106402922
73614,Kepulauan-riau,IDN,2020,2020-09-05,0.14432893339245406,0.28813602737566885,0.1488557954610002,0.15698507980410017,0.2684465025102436,0.17628514487401348,0.09602710770484091,0.37531290306210663,0.28516860915245323,27.273293440310585,23.059055314547887
73618,Riau,IDN,2020,2020-09-05,0.09257682159543609,0.34787401511252364,0.08728166609791886,0.10544863545364132,0.32786150068623204,0.20071877861849247,0.0972697345420673,0.6129690877473261,0.5745677435004891,31.361422802952866,19.840402791715853
73619,Sulawesi Barat,IDN,2020,2020-09-05,0.10117694384112239,0.37742856071577924,0.09203231958155943,0.11715179573209361,0.36648117327140145,0.2225295214915877,0.10762183825689317,0.6238684205200995,0.6393762443519361,25.634547976063285,12.431921665998324
73620,Sulawesi Selatan,IDN,2020,2020-09-05,0.12009536399574317,0.33007972183400386,0.1070927328430463,0.12903500716246047,0.32977570314019167,0.22193129024851976,0.11899654957288655,0.5108889959369446,0.5278018751186125,29.938499441868892,16.763305286671656
1512,Nangroe Aceh Darussalam,IDN,2020,2020-09-05,0.12708517104400913,0.3612064255850762,0.12322400046248161,0.14052424384454917,0.33871495680382646,0.19906595059883642,0.09536848267210693,0.5748058849648174,0.4937939138172065,26.900025578255946,11.861853195048969
1513,Bali,IDN,2020,2020-09-05,0.10284511553916216,0.3123182511409357,0.08593967416244443,0.10740862351940765,0.3129675216782967,0.21591833937468646,0.12033728001445826,0.5507401827635766,0.5549197705690267,31.260505401059604,19.345499130265782
1514,Bengkulu,IDN,2020,2020-09-05,0.04975805474991702,0.32205547707143584,0.04035401135508003,0.06399261446771154,0.30479770373982457,0.17347710383332854,0.07091374548320173,0.7609628521057936,0.642362021758651,28.888565327297687,20.256104740748444
1515,Daerah Istimewa Yogyakarta,IDN,2020,2020-09-05,0.09081170414539208,0.27266035251333753,0.0649050051395469,0.08979670699390771,0.3050714805407454,0.2393076633467063,0.14093271809471764,0.5274038258132693,0.6676169388986533,35.32689965037555,20.152365885637366
1516,Dki Jakarta,IDN,2020,2020-09-05,0.13617063527301154,0.2304041828774734,0.10645931326880641,0.1256776526399601,0.25369920758312076,0.23927631629248283,0.19191379542851444,0.2754249402619935,0.5477868157141961,39.07171455942607,24.775307496178463
1518,Jambi,IDN,2020,2020-09-05,0.06671248605997569,0.3263433332004046,0.05945753228668149,0.07946810127643596,0.31131309032302,0.18472063657355733,0.08247006050626889,0.7009756478990181,0.602181548558958,30.832359539161825,16.00302559004326
1520,Jawa Tengah,IDN,2020,2020-09-05,0.09147466822996082,0.29416776049203364,0.06538239510453403,0.09325077615764227,0.3097394054934657,0.2339143802360859,0.13404838691800713,0.5509893058449873,0.6166792740723115,35.41822777642421,20.581700729032235
1521,Jawa Timur,IDN,2020,2020-09-05,0.0835101978535801,0.29198085495819043,0.05423142370022048,0.08376127704380343,0.3075541780749947,0.22945320684833678,0.13072189278189966,0.5756028326322161,0.6659002230911923,35.28911781023402,20.82268408306954
1522,Kalimantan Barat,IDN,2020,2020-09-05,0.14017976371834853,0.3789774750083035,0.13988856599462982,0.15469441043494872,0.36262957238308763,0.22695012754968363,0.11983029433071563,0.49421725286198437,0.5029941467356465,27.882400182413917,21.622840042248562
1523,Kalimantan Selatan,IDN,2020,2020-09-05,0.1912666017787167,0.3782317176536658,0.19414918530028208,0.20396332525167513,0.36079319580636326,0.2359034599566316,0.125775896414661,0.3937405379300801,0.373078257570421,28.49488019454357,20.053995860519574
1524,Kalimantan Tengah,IDN,2020,2020-09-05,0.15248012177930556,0.350298463619949,0.15994565849304176,0.16553560618632157,0.33328355908769003,0.2112184779574893,0.11323305930043277,0.4421447447194583,0.3855605392883319,28.203377133459256,21.27903995410542
1525,Kalimantan Timur,IDN,2020,2020-09-05,0.1635140883238509,0.3628279399844392,0.1686171908220403,0.17642880806454306,0.3423515333795808,0.20730763169118094,0.10634420108509246,0.4506277448817176,0.3795810288109375,26.92101408539549,19.052375231301664
1526,Lampung,IDN,2020,2020-09-05,0.11890925969822043,0.37277714189758615,0.10736142396682402,0.13127393442742843,0.37048039415876416,0.2552605743351533,0.13251009601233416,0.5627694391346695,0.6541622651536201,28.925972949075586,21.47874775286158
1528,Nusatenggara Barat,IDN,2020,2020-09-05,0.07325020010246189,0.27660907601323836,0.04333059086062331,0.07048840621510881,0.3033758934968958,0.21804480328987905,0.11891962206972889,0.5916872703286541,0.7641370091327538,33.9830022303274,19.94860992932373
1529,Nusatenggara Timur,IDN,2020,2020-09-05,0.07689449300272835,0.2732081383082913,0.03918535842432325,0.06881198395604339,0.32913499131684426,0.2557372266080542,0.14248998771021218,0.5539807808411735,0.77960988223388,34.542314396945734,20.031874597966983
1532,Sulawesi Tengah,IDN,2020,2020-09-05,0.1372517689748024,0.3824114935621757,0.1337393345464287,0.15275377118891922,0.36759465143808134,0.2271807981018196,0.11543662625540918,0.5285289562774357,0.5329488089675091,26.0800845678485,16.057285382522185
1533,Sulawesi Tenggara,IDN,2020,2020-09-05,0.1599452427482885,0.34645451153924256,0.16044604938191318,0.1716548550156772,0.3365630735101037,0.22341771237012018,0.12107388203008786,0.44888393133710813,0.38760258902593514,28.364776576466916,18.68891198962553
1535,Sumatera Barat,IDN,2020,2020-09-05,0.10323051917047477,0.3391014492342034,0.10036834266576075,0.1166072410145429,0.3208854081723387,0.20059545539150858,0.10316296809599237,0.5783604087439634,0.5329437008707756,28.601642630162548,19.06550325105384
1537,Sumatera Utara,IDN,2020,2020-09-05,0.12203264043073947,0.398858605876025,0.11236363056937007,0.1366839328355355,0.3888535233658614,0.25244073007368595,0.1282341008063509,0.5829055823055571,0.6873834299612475,29.727183050520956,12.227166221997168
73615,Maluku,IDN,2020,2020-09-13,0.1268445003297797,0.3391575311613983,0.1239106419255584,0.1396336564246751,0.32156543715673314,0.20239861987346452,0.106366524064996,0.5242455169374494,0.46236072543183626,27.960970004307487,20.0619629511449
73616,Maluku Utara,IDN,2020,2020-09-13,0.08891647362781782,0.33012619647673636,0.08422930433059213,0.1036951448506952,0.3151056830559713,0.18745577241352326,0.08878118947815211,0.6330188386759898,0.5473074621154768,27.200343533932035,20.637003312342248
73609,Bangka Belitung,IDN,2020,2020-09-13,0.1505112789126662,0.3505128991388272,0.15445703776934894,0.16326445607278434,0.33549367476960573,0.22705468027846598,0.12676260276253384,0.44914284564558754,0.42917118864036014,29.539492090010775,21.431734520108556
73610,Banten,IDN,2020,2020-09-13,0.07055003699655198,0.30184659705902245,0.05511919998434021,0.08063930259800083,0.2976839261573152,0.1992961471661247,0.10005660382781854,0.6327382852365221,0.6149438454140562,31.766329266895386,21.146850732024976
73611,Gorontalo,IDN,2020,2020-09-13,0.09569153840118118,0.3559849963381624,0.08556635462421888,0.10946875469649485,0.3409053692957498,0.20902675796100073,0.10270324758247225,0.621306931017194,0.6072047240752724,28.598386638950245,20.278972194693875
73612,Papua Barat,IDN,2020,2020-09-13,0.13906735132262113,0.3411746546654153,0.14084666164441537,0.15203979402564768,0.3225692817836406,0.19191990611712959,0.09850060654768003,0.4906913050211312,0.39792967416003683,26.976798053081904,17.637431873086342
73613,Jawa Barat,IDN,2020,2020-09-13,0.0715309303812793,0.26731819627463765,0.049843385014772014,0.07447562867890226,0.2723119518770408,0.19137818794369227,0.10259664673749518,0.603387644730181,0.5618158089081404,33.024955517755764,19.453430589960053
73617,Papua,IDN,2020,2020-09-13,0.13811783952467746,0.34224269560893095,0.13629857981057875,0.15017728213523449,0.3304717976956444,0.20058422848386104,0.10426888265074982,0.5053177882835153,0.42494035736358676,27.67576481658656,15.451048438868238
73621,Sulawesi Utara,IDN,2020,2020-09-13,0.08525245068805799,0.37332974922309126,0.07663841593612641,0.1021111070016091,0.3462417052062582,0.20330135943234692,0.09535476822968497,0.6594628793567522,0.6573976384425017,27.140994413191677,20.148697552884784
73622,Sumatera Selatan,IDN,2020,2020-09-13,0.09327624889171195,0.3403008316032229,0.08889541542422856,0.10733039931616475,0.3298112404969806,0.20700082959515392,0.0995861086084904,0.6141411275372286,0.5707793715944686,30.83239394673782,20.142103652560337
73614,Kepulauan-riau,IDN,2020,2020-09-13,0.1624427974202123,0.3259929503944481,0.1604595911617309,0.17390883756989262,0.3156938753000866,0.22169104285950408,0.1317994417962162,0.3823862477212354,0.36321269462976247,29.69792626338643,22.590015392784643
73618,Riau,IDN,2020,2020-09-13,0.09949279994498898,0.355690754437589,0.09269373961742271,0.11189601877776699,0.3412715259920653,0.2111563127262754,0.10316037225196073,0.6060304447952283,0.6083568703121132,31.385964330652303,20.228015651352607
73619,Sulawesi Barat,IDN,2020,2020-09-13,0.07262505143913461,0.3123050299302099,0.06541699653114005,0.08524840305081301,0.30202939800563716,0.17556776952207334,0.08337398762721909,0.6610330022242674,0.5549858142278155,28.841908131548703,16.342969017749663
73620,Sulawesi Selatan,IDN,2020,2020-09-13,0.0988314797054795,0.3203329605910763,0.08156003543506017,0.10707638335988855,0.32438778448226885,0.21873754730284958,0.11647741669566983,0.5513547848161411,0.5685420911474831,30.88005659153617,18.79691954784545
1512,Nangroe Aceh Darussalam,IDN,2020,2020-09-13,0.07295212958880698,0.3355945009738645,0.06401182195577507,0.08719888872180336,0.3181825655001121,0.18072659043309725,0.082780136410286,0.6630334872317272,0.5883514637029089,27.356273449742375,15.211691215694005
1513,Bali,IDN,2020,2020-09-13,0.07715905914797896,0.3055586888594301,0.05599075258820117,0.08246653085556123,0.31025275421922904,0.2090483597489081,0.11085982033519204,0.6209954304654746,0.6322866038797871,30.164723906946268,18.416269751211395
1514,Bengkulu,IDN,2020,2020-09-13,0.05660117327830944,0.3471523326847972,0.045432278339305396,0.0719332399877859,0.3361052780421047,0.19673797391771444,0.08499606358825636,0.7263260630966255,0.7212505335050821,28.351658651670157,18.09314845960173
1515,Daerah Istimewa Yogyakarta,IDN,2020,2020-09-13,0.0845467139128215,0.2833220844107555,0.05246592158258338,0.08215484233886776,0.3195091145469785,0.24833443273303263,0.14535358132473483,0.551731797319317,2.4696895197791708E11,36.58482496088072,20.143365476847286
1516,Dki Jakarta,IDN,2020,2020-09-13,0.11690352155178241,0.197770390549394,0.09332772525936066,0.10932746473255747,0.21558121437698582,0.2072134272895435,0.16895283471523498,0.27122786054914577,0.38545045702786873,42.64119327419546,23.591432678848413
1518,Jambi,IDN,2020,2020-09-13,0.10914114893412336,0.34381699106336355,0.11055529516786558,0.12255462881917868,0.3282750787346282,0.20508801179891298,0.10407037612782731,0.5733904731162179,0.5125040037590728,29.932147895293237,20.285862867281008
1520,Jawa Tengah,IDN,2020,2020-09-13,0.08489252662742972,0.2938285404834962,0.053265025685248005,0.08465057609075653,0.3139322409907734,0.2366285573208061,0.1359707511466434,0.5618762842844658,0.777785370445774,35.556443996640404,20.507910016381626
1521,Jawa Timur,IDN,2020,2020-09-13,0.08256822507191858,0.29301629798079437,0.04988714044982095,0.08144391458035057,0.312053335926193,0.23436792014980648,0.1352395488085256,0.5655160324975708,0.6829893082916334,34.790164515009735,20.263792296279394
1522,Kalimantan Barat,IDN,2020,2020-09-13,0.05274715156273839,0.3611884047570833,0.04129205827712174,0.06923107996431788,0.35028021582309105,0.19647373041011693,0.07851695532521599,0.7539868046486518,0.7236387362596638,29.635296076965204,22.029776354017716
1523,Kalimantan Selatan,IDN,2020,2020-09-13,0.07084907786715361,0.3270380607691776,0.05758336618361592,0.0830150771820636,0.3252540836973546,0.2015574753326341,0.09325391041835246,0.6720140493445569,0.6403294925273204,31.394434877041487,20.240837178831885
1524,Kalimantan Tengah,IDN,2020,2020-09-13,0.08685850700940533,0.3583804922580811,0.07767604410430448,0.10063483114178434,0.352113450798403,0.20948524742476646,0.09953719275099009,0.6449859559892372,0.6229718114930495,29.231331631940975,20.996578792341456
1525,Kalimantan Timur,IDN,2020,2020-09-13,0.09072025184218054,0.39243454690321805,0.07999660779270314,0.1065945257649575,0.3852465911507667,0.22801925834385003,0.10747859264873878,0.6494787005751842,0.7185354668892234,28.24444497581393,21.02793097096819
1526,Lampung,IDN,2020,2020-09-13,0.07912231778250521,0.33000653629113824,0.06443651864336176,0.09013859937985247,0.3253967643956656,0.21622563893944236,0.10691638663145156,0.6365320371104682,0.6676326743416422,32.57717370057532,20.401448478381038
1528,Nusatenggara Barat,IDN,2020,2020-09-13,0.07506563247944321,0.2854138765007674,0.04267984520296084,0.0718966552369108,0.3140620658605297,0.22821002537806315,0.12498394584010249,0.5857957682338668,0.704836382450631,33.37629086680102,19.59423355219889
1529,Nusatenggara Timur,IDN,2020,2020-09-13,0.06990479308076467,0.24712124445839032,0.03579169354430609,0.06185441042481134,0.298207956004236,0.23292650083376312,0.13033829948183448,0.5569663171032453,0.689447849634647,35.14012765312948,19.51552057987286
1532,Sulawesi Tengah,IDN,2020,2020-09-13,0.10580766299019112,0.3283512952992822,0.10281296723209186,0.11865942083355499,0.3161657644870508,0.194340858398611,0.10031499916261014,0.5841853719465137,0.5053477069710193,27.46979041557672,18.692510026876363
1533,Sulawesi Tenggara,IDN,2020,2020-09-13,0.06281530658962636,0.32667250968531414,0.0498122344786202,0.07684310663043911,0.3256716153413515,0.19211372433544685,0.08635465048363881,0.7040116773911691,0.6494858096349283,29.235892582334,20.050353093567132
1535,Sumatera Barat,IDN,2020,2020-09-13,0.05955455986889482,0.305172221962406,0.052537320001479926,0.07244906238043362,0.2889894459811184,0.1652119507721164,0.07450600088914669,0.7075562466356436,0.5753696566664401,29.87530248712942,17.998964333526477
1537,Sumatera Utara,IDN,2020,2020-09-13,0.10095783911643794,0.3546529502034447,0.0940333765944893,0.114896428065164,0.33993036936340776,0.20887258245609186,0.10161911527442001,0.5855758650958267,0.5726670909447071,29.174644083950227,22.147340935457237
73615,Maluku,IDN,2020,2020-09-21,0.11201958497978509,0.3505049450884721,0.10628969224057272,0.12638423128454598,0.33375215912711853,0.20654160797573545,0.10611156362997957,0.5634205299109847,0.5462644175022986,27.677367534151216,20.76710332035021
73616,Maluku Utara,IDN,2020,2020-09-21,0.09334073055971367,0.35068811742523825,0.0877148896092988,0.10978614942595757,0.33432327131801143,0.1954991783999842,0.090409807384319,0.6194529077603891,0.570539082406911,25.79582973601556,20.287956152301422
73609,Bangka Belitung,IDN,2020,2020-09-21,0.12434695587756613,0.35316201569708144,0.11831761663707677,0.13633620561493937,0.3438159578444885,0.22807989470256632,0.12385534367924438,0.5167490655462346,0.5333357225316617,29.93072723656038,22.86978005492671
73610,Banten,IDN,2020,2020-09-21,0.06037889184458321,0.30871006000220497,0.04043704498413904,0.07090760349710634,0.30516708322730124,0.20173011016544895,0.09733199312367578,0.6675856664392182,0.6776375796937896,32.37834128803837,21.489630707309004
73611,Gorontalo,IDN,2020,2020-09-21,0.10115229125944221,0.3139994591318148,0.10020909397467585,0.11378673920209166,0.29717983744378507,0.17914176637438958,0.08636764005456173,0.5609605689317734,0.4553674417159051,30.688552186324024,20.106501662765602
73612,Papua Barat,IDN,2020,2020-09-21,0.08695762293674425,0.3246895742922328,0.08346090363221455,0.10071922210770239,0.3108015240680199,0.17490460269234287,0.08247479812665763,0.6165841886326046,0.5163467220701116,27.196485879841358,19.063127524026903
73613,Jawa Barat,IDN,2020,2020-09-21,0.08940491698076872,0.3066676926058106,0.06573668917406192,0.0942733243500906,0.3123610170340281,0.22370138400518244,0.12007930433992554,0.5675256838245024,0.6370164323215207,32.61960102282477,20.83538805762218
73617,Papua,IDN,2020,2020-09-21,0.14471002817827391,0.35105501268501893,0.1432426922469206,0.1571335166419927,0.3384311114494021,0.20899533559556452,0.10949328194371205,0.501691628711872,0.4336500826737521,27.273157219636737,16.967902629863705
73621,Sulawesi Utara,IDN,2020,2020-09-21,0.08551440163408003,0.34261057674734136,0.07948967719388413,0.10003261151041652,0.31417028187987267,0.18434382371473032,0.08635258413247811,0.641803944668168,0.5770883125622167,27.492150122633237,20.282150908300085
73622,Sumatera Selatan,IDN,2020,2020-09-21,0.07928757980866008,0.3561565457474572,0.06837872968440749,0.09326783496063736,0.34880808606358993,0.21979302747310864,0.10135488966291827,0.6664996583125463,0.6728766141764886,31.993069809695786,21.15586229759514
73614,Kepulauan-riau,IDN,2020,2020-09-21,0.10482435901130827,0.3008956875144029,0.09578078383921917,0.11674857812712637,0.28606149025739863,0.1832885999947679,0.09534297606224912,0.5132577254693749,0.450611254737634,27.74723029828295,22.72438172886727
73618,Riau,IDN,2020,2020-09-21,0.0538152663463179,0.3272230198489909,0.04182579251372893,0.06596664301764447,0.30963825760898916,0.1766545387095235,0.07301354677805327,0.7376350613607967,0.6330473761969346,31.356481801338408,22.37074906688579
73619,Sulawesi Barat,IDN,2020,2020-09-21,0.09384867412468915,0.3398922704473968,0.08675569568148464,0.10741253911157864,0.3273363199523337,0.1959066364192287,0.09399447846085378,0.6148672569692357,0.5536761087658502,28.74014117209036,13.844870025484676
73620,Sulawesi Selatan,IDN,2020,2020-09-21,0.10712570681703953,0.31285784424531554,0.09410110154436349,0.11526336405960502,0.31259534463889077,0.20786469241402725,0.11005098173667203,0.5337430620516651,0.5212973378175756,30.11259758883229,18.025036118905902
1512,Nangroe Aceh Darussalam,IDN,2020,2020-09-21,0.06872805660936868,0.3168191346417355,0.06320528327014834,0.08271898145797417,0.2997978428436143,0.1674801971335297,0.07304336508754802,0.6704456661083614,0.5500216526015251,29.734764409016496,13.235773932884651
1513,Bali,IDN,2020,2020-09-21,0.08063450807297859,0.3087898662958665,0.0588821459791249,0.08612059265941559,0.31199651041997345,0.21219402942534202,0.11322130147849509,0.6043833861126631,0.6273892699511538,30.303307981576292,20.059347502944192
1514,Bengkulu,IDN,2020,2020-09-21,0.05897350053719392,0.36951483164194976,0.04837661398508938,0.07649129607139281,0.35327037993630195,0.2035088590109151,0.08305931204524236,0.7358920699028018,0.7281293684910364,30.271202118714093,20.01978726365103
1515,Daerah Istimewa Yogyakarta,IDN,2020,2020-09-21,0.14007826266520193,0.28891098124867404,0.12543573962888271,0.14042789822322996,0.31042037588185534,0.24454802551292432,0.14813853172390884,0.39007880145557616,0.42841806725075077,36.63441422795568,21.080588872065334
1516,Dki Jakarta,IDN,2020,2020-09-21,0.12299663000829313,0.2230021361391761,0.0930666123839783,0.11374839356855508,0.24606756328423315,0.23240494654760638,0.18763111195729237,0.29224208124317963,0.3215774112279927,41.12709288978197,23.997717535654512
1518,Jambi,IDN,2020,2020-09-21,0.09262544827140404,0.3614363121625028,0.08616949356697469,0.10646534118722685,0.3499341849770361,0.21700711578598114,0.10332956572659972,0.631220362226769,0.6169365402062855,30.564566344747483,20.09405031516064
1520,Jawa Tengah,IDN,2020,2020-09-21,0.10294987161196048,0.297925310147539,0.07595991374995287,0.10346789724779888,0.31584932750360706,0.2434141018799384,0.14125711387653594,0.5126987990285861,0.4279938932960513,35.65640519903247,21.11242955797826
1521,Jawa Timur,IDN,2020,2020-09-21,0.09212824489616972,0.2913573233119672,0.06283519266163122,0.09175657333220069,0.3074811194401291,0.2329034645605606,0.13351302103481358,0.5372764239698329,0.6921416983732632,35.60352074604187,20.949918988556472
1522,Kalimantan Barat,IDN,2020,2020-09-21,0.11980107781585524,0.3685555565355963,0.11470103024835461,0.13364786827003503,0.35315549443796607,0.22071681912850222,0.11354411637541907,0.5566897715819116,0.5656157728646442,28.842634504626854,22.12875891501544
1523,Kalimantan Selatan,IDN,2020,2020-09-21,0.13107361078813531,0.35086627583430846,0.12672317662487173,0.14325607497626905,0.3403425126942219,0.21906312656295648,0.11072198547781328,0.5284578160474893,0.4948709772217071,28.497647674965652,21.321772813817013
1524,Kalimantan Tengah,IDN,2020,2020-09-21,0.13953668238866354,0.3584698837154497,0.14127745238798295,0.1526731992816442,0.34495529723945945,0.21427411709551134,0.11202158632393684,0.49409195572765363,0.45278628246952096,28.992957720759097,20.210631805816668
1525,Kalimantan Timur,IDN,2020,2020-09-21,0.13405680833366135,0.3525013840928751,0.1357788529414362,0.14695915880192456,0.3364016800292445,0.20253128186461683,0.10094345149949584,0.5114637421335126,0.4400382816480466,28.413256513981842,18.678401324462342
1526,Lampung,IDN,2020,2020-09-21,0.09373792172960368,0.36115691762594965,0.07866192232900976,0.10607079960579151,0.35976056188071126,0.24420497945405736,0.12105794122786026,0.6132499404634331,0.7129045408543515,32.57214126505578,21.355044556612953
1528,Nusatenggara Barat,IDN,2020,2020-09-21,0.07533915951375118,0.27062203614075825,0.04562693739800772,0.07261341973395496,0.2949226468306555,0.21807532876816615,0.121073542904858,0.5801666432906855,0.6497573339617172,35.19956178310412,20.406264129079915
1529,Nusatenggara Timur,IDN,2020,2020-09-21,0.08043887966702204,0.27152839995320344,0.04267901193063367,0.07228120832815477,0.3249315923312603,0.26207593659282286,0.14951115426758982,0.5396165044696639,0.9032368329965179,35.40093189629027,20.488383537762594
1532,Sulawesi Tengah,IDN,2020,2020-09-21,0.11313236795131938,0.3104760786981869,0.1141155179053029,0.12532200437190893,0.29396068458314,0.17697901756996098,0.08837125474485685,0.550584375544519,0.41528083818054845,28.404523728662355,18.39585432601405
1533,Sulawesi Tenggara,IDN,2020,2020-09-21,0.10641422910677495,0.3738924049140164,0.09490971012574083,0.12141371774718826,0.36864556686716954,0.2312258909385967,0.11440894125524433,0.5960504162312613,0.6394589807730222,28.691539222607528,19.524374882709036
1535,Sumatera Barat,IDN,2020,2020-09-21,0.11294383165139245,0.35507513156169035,0.10628063410839068,0.125698957561283,0.3383961429856646,0.21255824270288762,0.11112494724422363,0.5645019642652802,0.5406855053797848,29.003232056582185,19.610681826988227
1537,Sumatera Utara,IDN,2020,2020-09-21,0.06007162866857458,0.3158820703953736,0.051577566368468455,0.07361836895018065,0.2993208728884168,0.17286354076870208,0.07345004387373451,0.6970786686287502,0.58671137338736,29.58034956875712,21.0638523578631
73615,Maluku,IDN,2020,2020-09-29,0.13790587008323654,0.35587513486793376,0.13586589822976994,0.15148646306888322,0.33633574148579376,0.20839067821558546,0.10765116751620163,0.5070984421191458,0.4350533283207251,27.346524061667548,20.997120987750304
73616,Maluku Utara,IDN,2020,2020-09-29,0.10818170007168247,0.3570683000969705,0.10581829529031668,0.1250296535805488,0.3407403867139308,0.20385067904476914,0.09537870759965723,0.56477365529965,0.5499957092436298,26.117018349755703,18.569097244555387
73609,Bangka Belitung,IDN,2020,2020-09-29,0.1469801487377058,0.35058571509564984,0.14675164545287103,0.1593106101233932,0.3389431102772102,0.22084027462904998,0.11550916274049568,0.44198327562570255,0.4070665981967288,29.799873558713113,22.420980513426112
73610,Banten,IDN,2020,2020-09-29,0.0947817141220505,0.32410713431778027,0.0776518195277096,0.10381421096173593,0.3210789388449331,0.22177798167377444,0.11713011260238855,0.565781197724251,0.5984179823283572,30.993995684622632,21.22475716646121
73611,Gorontalo,IDN,2020,2020-09-29,0.1062912662539446,0.36786200623305726,0.09594881273970314,0.1205581415280388,0.35574754535108044,0.22277582553874004,0.11051000871013887,0.5799805996126133,0.617654994007667,27.732809886268054,20.514170657749094
73612,Papua Barat,IDN,2020,2020-09-29,0.11358110786172887,0.33073073223486227,0.11136406943169813,0.1259515295671373,0.31558613078204667,0.17947299708385211,0.08588983935038262,0.5601156884897882,0.45246134853892805,27.749782882926596,15.546679826257304
73613,Jawa Barat,IDN,2020,2020-09-29,0.13234720428536245,0.3463486574345646,0.10793380426408385,0.13583198977948643,0.35377423347875575,0.2639114353221946,0.1539523188040836,0.497033557104044,0.6185822340194567,32.49514960861362,18.382620714182135
73617,Papua,IDN,2020,2020-09-29,0.12561871192604745,0.35681785186203574,0.12128848740348339,0.13931086363915773,0.3481565327363128,0.20885339340394984,0.10446702571660799,0.5392836812440293,0.48275864456115103,27.26719753579127,16.720267123467924
73621,Sulawesi Utara,IDN,2020,2020-09-29,0.10086619116841589,0.33610077280715744,0.09825859960417237,0.11507175717580853,0.307787854290938,0.18006007994794768,0.08471658333531273,0.5963077812521611,0.5012357454564739,25.93381467452286,20.05955315153217
73622,Sumatera Selatan,IDN,2020,2020-09-29,0.11027396977901119,0.35930870969332757,0.10686763817343954,0.12405210653373065,0.35081296628217634,0.2241324294930757,0.10915818790400307,0.564076375561543,0.5588363629113107,30.886107748229225,21.187197066909967
73614,Kepulauan-riau,IDN,2020,2020-09-29,0.1352101613495076,0.31643298879401277,0.132163029484413,0.1477816699284022,0.3001808420904369,0.19734132643401667,0.10794199953780306,0.4314018900848842,0.15863128756741754,26.977679804256013,21.62365708391304
73618,Riau,IDN,2020,2020-09-29,0.0842047179858165,0.3577873107363562,0.07502284196687521,0.09729361672032212,0.33825237105543016,0.20252355559039975,0.09399550555207854,0.649805902603856,0.6289103175208896,30.35171788926031,19.541164379279518
73619,Sulawesi Barat,IDN,2020,2020-09-29,0.05158290892787798,0.31602251696858996,0.04278882893346586,0.06636675712052162,0.3064347971583531,0.16974564243795212,0.06961059107058817,0.7431092976609008,0.6179773415160912,28.838103000093657,16.658351902837456
73620,Sulawesi Selatan,IDN,2020,2020-09-29,0.09406244497991607,0.31731958875008726,0.07717214786928954,0.10263493295161213,0.31689118335042615,0.20837292080418549,0.10665647888109978,0.5696915214884926,0.5858427376526998,30.068657741987604,19.215524219027312
1512,Nangroe Aceh Darussalam,IDN,2020,2020-09-29,0.08090835591493492,0.3067793582383768,0.07581722305892566,0.09255110670372471,0.28805314079562583,0.16348129480700413,0.07332082415506291,0.6600327538471479,0.5026462077956252,29.479913513346826,17.16475090167153
1513,Bali,IDN,2020,2020-09-29,0.08790746050789633,0.3073250550779066,0.07116182983432688,0.09397749146130494,0.30382579171720925,0.2057266084078431,0.11017953213990032,0.596745680263642,0.5749008454551864,31.288109543788398,20.014152327122474
1514,Bengkulu,IDN,2020,2020-09-29,0.06950019372095564,0.334373699223507,0.06463592942761896,0.08453377482649393,0.3150644822318114,0.17962350566806684,0.07619269241185238,0.6936394371141231,0.5903410295738946,29.11024336394275,20.306068647946617
1515,Daerah Istimewa Yogyakarta,IDN,2020,2020-09-29,0.1060578179302213,0.3012852617350446,0.07145929756982673,0.10147497888432937,0.3384338310471395,0.2749901470994793,0.16784263031767427,0.5000981222640936,0.8662894871969554,35.09103112416755,17.234659584125687
1516,Dki Jakarta,IDN,2020,2020-09-29,0.15048304137575008,0.24896460282079344,0.11961662705836494,0.13994813304175227,0.273677078307042,0.2560400199872682,0.20512916801495454,0.2603459998448157,0.5116952461130679,41.4894412285901,22.321384683147024
1518,Jambi,IDN,2020,2020-09-29,0.1240937018811953,0.35909112290705203,0.1269394187226046,0.13826534218819328,0.34260415150191714,0.2081616981814379,0.10102028792689324,0.5302772337659211,0.4789096803666747,28.25168153993338,21.585288669787637
1520,Jawa Tengah,IDN,2020,2020-09-29,0.10623479384140343,0.3143134183926025,0.07377835981205938,0.10582034636926654,0.33291347543572103,0.2595356736433134,0.1529829234633286,0.5187296740485958,-1.1465752585164522E10,35.56806110447645,20.882266368856254
1521,Jawa Timur,IDN,2020,2020-09-29,0.10861704426523708,0.3088678528378686,0.07668092008808922,0.10633185128336664,0.32566786158451033,0.2536574373559636,0.15251393463439417,0.5089970552554839,0.7726468724911135,35.796202588144894,20.882999724154473
1522,Kalimantan Barat,IDN,2020,2020-09-29,0.10143804380684998,0.36734308348788863,0.09584067827267014,0.11647856441294327,0.3563599730599972,0.21602503505747056,0.10466408119366732,0.5958816109789262,0.5935978708053148,29.12244956629277,20.370195489550994
1523,Kalimantan Selatan,IDN,2020,2020-09-29,0.1114773833397137,0.37815334699742653,0.09960363551599209,0.12534439796574035,0.37497766276784106,0.2392378215533405,0.11727323054651363,0.5781147027744021,0.6392343391496055,28.910280503469938,20.45408930704404
1524,Kalimantan Tengah,IDN,2020,2020-09-29,0.1318690113853303,0.351863539769684,0.1328164444317176,0.14501787310793782,0.3384743372569431,0.20736231521962525,0.10635353162651796,0.49857521554524625,0.446060103654905,29.509298565507724,21.31500357351964
1525,Kalimantan Timur,IDN,2020,2020-09-29,0.1165626071757495,0.34796107177893765,0.11664730036826626,0.13024369870769495,0.33295329948729935,0.19581688934332994,0.09542403681019669,0.5490482178797592,0.47562241338528416,28.845153839381286,20.511415947510553
1526,Lampung,IDN,2020,2020-09-29,0.12657928152822964,0.36287121993532373,0.11761926747007395,0.13786903347584814,0.35800647611147873,0.24469400731460228,0.1270490575166205,0.5205933446493454,0.5625750580339082,30.26621784891493,20.591676624872292
1528,Nusatenggara Barat,IDN,2020,2020-09-29,0.08476521311812042,0.2830378006355418,0.05537519643155494,0.08227817606564468,0.3076547811790986,0.22779951261041156,0.12846248401932245,0.5565701596702792,0.6543852402013022,34.6548490368483,20.417426656076426
1529,Nusatenggara Timur,IDN,2020,2020-09-29,0.08527850938787503,0.2725523547130726,0.04682371605169603,0.07659600766373291,0.3273352043705214,0.2636641554512964,0.1523395474008263,0.5207334710497921,0.8953283843428181,35.67067694386631,20.150187397314063
1532,Sulawesi Tengah,IDN,2020,2020-09-29,0.1082036281512101,0.3751500284562125,0.10187081951885746,0.12456007274748579,0.3620826480580067,0.217620612322455,0.10499141607983152,0.598702109015158,0.6021103020219596,26.60150682026489,18.778234677436398
1533,Sulawesi Tenggara,IDN,2020,2020-09-29,0.09632171223021058,0.3635914265812832,0.08505794784880956,0.11127482202748874,0.3575056474385797,0.22117268638697174,0.10928541452395076,0.6149750777198337,0.6323786408786749,29.277160896338632,20.87092859748113
1535,Sumatera Barat,IDN,2020,2020-09-29,0.0925862468831772,0.37159421739485926,0.08412122485024354,0.10851942487472746,0.35353604785245957,0.21270683983247085,0.10318054524983984,0.6227486865068992,0.6505203475597363,28.362929939030384,17.474849939800606
1537,Sumatera Utara,IDN,2020,2020-09-29,0.114414847445468,0.3338850655071227,0.11363027603258814,0.12747582916260838,0.3148726673079409,0.1947090108738145,0.09662133188134621,0.543532683039763,0.4642906072096914,29.29114280381719,16.1888270762648
73615,Maluku,IDN,2020,2020-10-07,0.10940322638266778,0.3352045036267897,0.10595429914880215,0.12383078200079047,0.3190100584962602,0.19461400418929084,0.09875014135237019,0.5487700357378469,0.41554788544819254,27.65009031708914,21.206364495473625
73616,Maluku Utara,IDN,2020,2020-10-07,0.126690219847064,0.3380154906003462,0.12755005125413396,0.14176476936338203,0.3217629798175419,0.1922662793015694,0.09499011905608168,0.4893703672617369,0.4219357792610946,25.824569822890485,20.24106402059549
73609,Bangka Belitung,IDN,2020,2020-10-07,0.14969148195218887,0.4062038555409042,0.14005662887914916,0.16240244381155897,0.40320276113595177,0.2702565545633379,0.14072512086489658,0.4848477080533386,0.6133810754222908,29.24668650179732,22.299062611406615
73610,Banten,IDN,2020,2020-10-07,0.1065383015893782,0.3240935427778449,0.09348362114954031,0.11608336582078944,0.32200457514750996,0.22511423664605823,0.12148569260614968,0.530181254302552,0.5639602506467197,29.269943146533468,21.4114227419897
73611,Gorontalo,IDN,2020,2020-10-07,0.15381089881072832,0.3638957411519224,0.15396897637067422,0.16766717315078938,0.34903617523476566,0.2200005412641494,0.11313758161972609,0.42611904305159737,0.4026925932283316,26.625498955421318,
73612,Papua Barat,IDN,2020,2020-10-07,0.11361649793930276,0.3427915556959479,0.11446624934148399,0.12830900670761367,0.3279802629137199,0.19192073786160294,0.09389356528526331,0.5355768025862393,0.4628437029299009,28.039451516178623,17.104384138901896
73613,Jawa Barat,IDN,2020,2020-10-07,0.1350937941214936,0.32192693485772006,0.1194664847444535,0.14000026819427872,0.3242306186349172,0.23796655620718482,0.138263922253236,0.44914775948929536,0.5101415965560127,32.87756488692683,20.176545136485878
73617,Papua,IDN,2020,2020-10-07,0.13019938944271708,0.3329867828226931,0.1293553728561036,0.14205043668551104,0.3222825834330252,0.19624276909758603,0.10137411604400488,0.5099173131236223,0.4187981565044416,28.41147671204966,16.56939435309058
73621,Sulawesi Utara,IDN,2020,2020-10-07,0.12190780057597454,0.3890385495698396,0.11662295022303514,0.13864801992347456,0.36402344125525454,0.2225950935867373,0.11081465160773775,0.5452851065892278,0.5705422715103141,25.52731236281503,19.70019107699824
73622,Sumatera Selatan,IDN,2020,2020-10-07,0.16389841316503775,0.42113724859328827,0.15894360328925414,0.17780664827662013,0.4167917203832763,0.27860625107038156,0.14780644643209487,0.48086855836675757,0.5854526077814115,29.929945788921334,21.271733787432108
73614,Kepulauan-riau,IDN,2020,2020-10-07,0.1831755849147297,0.33051972585500355,0.18946813859409073,0.19736923321811828,0.3145159040346603,0.2106286884758608,0.1192002584794195,0.320752314550842,0.28353395031109535,23.83656443344831,
73618,Riau,IDN,2020,2020-10-07,0.12639766031038455,0.35424193569983764,0.12691364701764196,0.1397150546269125,0.3327131639150911,0.19819201838907383,0.0957714041146946,0.49365472926191506,0.4338146442812101,27.22433545885717,
73619,Sulawesi Barat,IDN,2020,2020-10-07,0.051157982381119176,0.3004292438320844,0.04219435770819448,0.06444317254250323,0.2859527449624759,0.1582674366521877,0.0649778973910065,0.7435638074487235,0.568814626183934,28.539917506569473,17.844997439770772
73620,Sulawesi Selatan,IDN,2020,2020-10-07,0.07212503015407105,0.2874425124055548,0.057208712485889504,0.08110424625433058,0.28393434893794034,0.18088865716290362,0.08791839107774309,0.6228264815966605,0.5312160408577482,31.347110987998455,18.83540454168012
1512,Nangroe Aceh Darussalam,IDN,2020,2020-10-07,0.33188704545549846,0.46139502290950407,0.3399113830301873,0.3415551768122698,0.4241629117449725,0.26056694700657135,0.14013680304946413,0.20674097804325653,0.1816954899453212,30.993051337671755,
1513,Bali,IDN,2020,2020-10-07,0.07038246120681098,0.3100680416880626,0.04877143650545239,0.0774223435436282,0.3099864974747011,0.2076769343579082,0.10779060786166782,0.6459692532562709,0.68463616511951,30.807669507688328,19.538571253958576
1514,Bengkulu,IDN,2020,2020-10-07,0.1628249561669145,0.4009690420623457,0.15986874949477084,0.17647478688655927,0.3831662178382055,0.25217753273478727,0.1374397337959388,0.4849755750698444,0.5103443072555073,29.2930164895274,18.84247790703581
1515,Daerah Istimewa Yogyakarta,IDN,2020,2020-10-07,0.134445221260159,0.30382431575297825,0.11476057437680134,0.1349868104721511,0.3271402981395312,0.26032818622112663,0.15750736820079136,0.4249391320098605,0.5074415613404427,35.88175052044815,19.402715834286838
1516,Dki Jakarta,IDN,2020,2020-10-07,0.17996475347783003,0.2625220772008198,0.16421102776393987,0.1756265463417123,0.28320035940959276,0.25280189758632754,0.1878170850497349,0.20203441443398099,0.20879070999135455,40.1316997869874,23.309936524701865
1518,Jambi,IDN,2020,2020-10-07,0.14076243204957833,0.3824243086967013,0.13918008238934204,0.15451663038433736,0.3679353801390607,0.23863799904455413,0.12568578702334593,0.5078525892144348,0.5118699638154847,25.497768362266648,
1520,Jawa Tengah,IDN,2020,2020-10-07,0.103841130344511,0.29154239110264185,0.07994501734413158,0.10574041745271658,0.30266136757402373,0.2310306688555759,0.13356392969508216,0.49887198960758794,0.6116061099526409,35.662058322854286,21.513871706095617
1521,Jawa Timur,IDN,2020,2020-10-07,0.08704856584618136,0.2920475665075643,0.056673531358305995,0.08695377544792955,0.30638791979825014,0.23251970983899542,0.13362949012376643,0.5526710442063453,0.6886682523200258,35.48307545122143,21.743967404825174
1522,Kalimantan Barat,IDN,2020,2020-10-07,0.10744300166445439,0.3748338823911688,0.101836727095837,0.12335791674297064,0.36228125140344175,0.2202820062014908,0.10744176456940162,0.5792780341876597,0.5850675717072186,27.528455430903353,23.63734827078431
1523,Kalimantan Selatan,IDN,2020,2020-10-07,0.1037530465915803,0.3704862646587166,0.08988263897218202,0.11666710606893681,0.36790378847487554,0.23895549858966444,0.11825413682152798,0.6024308844043352,0.7069409889298294,30.453078363678966,21.72288051056668
1524,Kalimantan Tengah,IDN,2020,2020-10-07,0.10700000796157268,0.3455592792325787,0.1039811021457533,0.12013815121916754,0.33486792290211725,0.20537415908645076,0.10263730197987747,0.5689606297921795,0.5210774192280522,29.910022323905622,22.282095917244956
1525,Kalimantan Timur,IDN,2020,2020-10-07,0.12870818894889863,0.35407165350599634,0.12672822951603374,0.1409302489382259,0.34210551534658123,0.21107502346154897,0.11063026803558951,0.5264855411725406,0.48102712810145776,28.8047302280307,21.33985519561712
1526,Lampung,IDN,2020,2020-10-07,0.18702247918586026,0.42382675042577417,0.17835293796592167,0.1971568132403665,0.4270324802524479,0.30395496988520837,0.16923798933290807,0.4257435492326714,0.6083649032713871,28.06357389788805,21.436615241501716
1528,Nusatenggara Barat,IDN,2020,2020-10-07,0.07968065123319235,0.2642711577713319,0.05483541443293982,0.07889578032014948,0.2843004365608824,0.21022579036328082,0.11961468918415155,0.5602590679748207,0.6073405487839753,33.95677014209394,20.098355662646362
1529,Nusatenggara Timur,IDN,2020,2020-10-07,0.08626777542424571,0.27907789690274637,0.048781787895208824,0.0791384801465009,0.3301391821305163,0.26818055974740324,0.15740671100179468,0.5327107284456513,-6.610090160485896E9,35.458646364197904,20.71509277835941
1532,Sulawesi Tengah,IDN,2020,2020-10-07,0.0962621549047015,0.3339541785313833,0.09327098697946702,0.11100173011990071,0.3194645158225701,0.18808475478916611,0.08844942724655128,0.6003019873769647,0.5110153700277266,27.231095523290637,17.02585419887872
1533,Sulawesi Tenggara,IDN,2020,2020-10-07,0.08597834468820216,0.3242631432733122,0.07660370066762145,0.09863369245832651,0.31473605408160854,0.19236531585714026,0.09281284249784742,0.6355213605196404,0.5513924262100935,28.500572090105997,20.371007881920434
1535,Sumatera Barat,IDN,2020,2020-10-07,0.11615377054788034,0.3393927004684065,0.11596238246470994,0.13010843911870365,0.31887549097328854,0.18949915046215057,0.09230752833670922,0.5147022010351481,0.4407240112311457,30.113844889278703,11.212891682651861
1537,Sumatera Utara,IDN,2020,2020-10-07,0.1537304290198181,0.3738880218303389,0.14984510915987287,0.16703840258471292,0.35533985650139505,0.22511470419223245,0.11591185294366525,0.45289572596498245,0.42764174417858475,29.01015403860395,
73615,Maluku,IDN,2020,2020-10-15,0.10468158424234299,0.3366340403988134,0.09798199739093076,0.11893737564926424,0.3195885049871064,0.19276638392660894,0.09614822822847913,0.5651840267738014,0.5359906861953956,28.736683282576077,21.240281436974588
73616,Maluku Utara,IDN,2020,2020-10-15,0.07888545738791915,0.34463117283569605,0.07307802716225911,0.09652056455973099,0.3298598176810092,0.1886680291003389,0.084614787239494,0.6522761240465262,0.6021675044033836,26.541577642382556,18.501746402565853
73609,Bangka Belitung,IDN,2020,2020-10-15,0.0979380388051126,0.3501029323511006,0.08881257299200725,0.11152286273232918,0.3386728767792572,0.2146184343467542,0.10470176520970183,0.5824683952838473,0.5849800776268506,30.2845452562018,22.302552137053596
73610,Banten,IDN,2020,2020-10-15,0.1260293199887503,0.3447652655952658,0.11632233233844774,0.13740005579875444,0.3363011780790025,0.2377147468090317,0.1311759404758343,0.4914439227944458,0.5421996856750844,27.621512708806787,21.554051577421767
73611,Gorontalo,IDN,2020,2020-10-15,0.06727042189124612,0.3043670943866363,0.059538709239227994,0.0800837906979429,0.2902273186111376,0.1688528435135619,0.07712356973169329,0.6744718960797502,0.5481006687529681,30.285493786921762,20.113581560610676
73612,Papua Barat,IDN,2020,2020-10-15,0.14378873228126368,0.3554220707116661,0.14329938564984757,0.15744351988239264,0.3384941870375686,0.20126286766422896,0.10437971336368457,0.4973273312946778,0.43263986074766253,26.386652521968408,16.675713337180404
73613,Jawa Barat,IDN,2020,2020-10-15,0.1572151604239388,0.3506181526640646,0.14792613368222207,0.16617796175021782,0.3466195237543922,0.2491667487465175,0.1416923733459419,0.4217818185636591,0.46148893961068993,31.531226877048447,18.462286237065495
73617,Papua,IDN,2020,2020-10-15,0.14232571898282956,0.36926878442057154,0.13621851802728943,0.1558680307865719,0.35673045097855943,0.21958082758888642,0.1148681095064809,0.5061132675803511,0.4776683066736061,27.796565802260464,15.407870737096369
73621,Sulawesi Utara,IDN,2020,2020-10-15,0.04334656076358585,0.2919091420630657,0.03679370857710023,0.05662400970954809,0.2647339733518348,0.13964534014146388,0.056474336856465364,0.776543226268273,0.5650299968404646,26.647062268281246,19.366910240257976
73622,Sumatera Selatan,IDN,2020,2020-10-15,0.07879513844439327,0.3400159324823245,0.0701226594325686,0.09242466860828626,0.32841645077815307,0.20259139576002377,0.09438913880113756,0.6510861453884343,0.6179283034483442,31.530243209890262,16.38450613550208
73614,Kepulauan-riau,IDN,2020,2020-10-15,0.09306314266940297,0.27413580954340244,0.09099633342614682,0.1065585676973701,0.26075067614947656,0.16161209467117724,0.08118805621758352,0.4996598613711905,0.40881990563500636,29.07710778159452,23.257126492317738
73618,Riau,IDN,2020,2020-10-15,0.06661743078264894,0.32142372462861835,0.05868955413429498,0.07913934277381161,0.30411107198964454,0.1731030244695129,0.07336014541753634,0.6835246006779289,0.5720386613152852,30.957899291425115,22.11332682650448
73619,Sulawesi Barat,IDN,2020,2020-10-15,0.04308443470233611,0.2929759062378549,0.03454907978612324,0.05695692901238508,0.2811108079948616,0.15262554005911827,0.06101247383468861,0.7611406438185072,0.5794560993033137,29.027418921582665,19.851228841872384
73620,Sulawesi Selatan,IDN,2020,2020-10-15,0.07441675829655872,0.2918260089030459,0.05784156547155506,0.08326267582079057,0.2906415118803773,0.18675937692777936,0.0930242204640551,0.6207540342806045,0.555474878149986,31.165999800140337,19.64117061932576
1512,Nangroe Aceh Darussalam,IDN,2020,2020-10-15,0.10168771587823316,0.32059200589617376,0.09927105444868213,0.11414877204245477,0.3028127265843054,0.17717935061965925,0.08531676055749504,0.581228673444944,0.46524799828931007,28.75959911183447,14.521878091434319
1513,Bali,IDN,2020,2020-10-15,0.10511977508235293,0.3502837133555498,0.08436191978979385,0.11290525391409414,0.34443093576528594,0.23789204665478883,0.1312797216093342,0.5788561163877772,0.6609117201557666,31.69014263555091,19.43602209991912
1514,Bengkulu,IDN,2020,2020-10-15,0.07256928501951304,0.3459335482957902,0.0644783315147013,0.08820198027625169,0.33126356295439197,0.19549198124293854,0.08684609832596209,0.6892762028187815,0.6379558015047134,30.2899097975649,23.791147702520526
1515,Daerah Istimewa Yogyakarta,IDN,2020,2020-10-15,0.14081045788550103,0.341127741791614,0.11557983926124951,0.1428188393941295,0.3670169606263358,0.288648926438043,0.17162118641815552,0.45934985806097606,0.7009267923416876,32.4780324840344,13.357325022200218
1516,Dki Jakarta,IDN,2020,2020-10-15,0.16968652454836738,0.2505662699816233,0.15685641917874607,0.16753639262939424,0.2645890161839673,0.24018911055156072,0.18188877597554606,0.2064661888516545,0.26084072355882576,38.963960177593805,
1518,Jambi,IDN,2020,2020-10-15,0.0883473770310655,0.3442951383293781,0.0842223708763231,0.10253001115400454,0.33171872411890063,0.19865200116119497,0.09302608364862291,0.6176414674887329,0.5695900451761257,30.270032418836706,12.70070434644117
1520,Jawa Tengah,IDN,2020,2020-10-15,0.134457132848541,0.34320963656413644,0.11034005828596431,0.13957649618760876,0.3501861143031769,0.2627693255640582,0.14979538627342096,0.4691349964369157,0.6282873007645837,34.900393292462645,17.728415848106202
1521,Jawa Timur,IDN,2020,2020-10-15,0.112052092105991,0.33017034973173753,0.08249544878279338,0.11402852114867892,0.34194039320559527,0.261117592766383,0.15224721143625483,0.5151722221001153,0.7346911456144297,36.739098813495914,20.775708998717015
1522,Kalimantan Barat,IDN,2020,2020-10-15,0.08523232175708292,0.3856419257722455,0.07506415553779773,0.10288982308265829,0.3726585665845741,0.22099307915099778,0.10109240325807692,0.6555493702509525,0.6911721759146296,28.31619833288669,21.578017590097502
1523,Kalimantan Selatan,IDN,2020,2020-10-15,0.09302184736071059,0.3664909693547257,0.08143004409511682,0.10871170759123251,0.3590275618754539,0.22166452324307934,0.10287391587768757,0.6091551668834686,0.6402568985940045,28.554321781615144,20.982889767866364
1524,Kalimantan Tengah,IDN,2020,2020-10-15,0.1126176714884622,0.37404575232255405,0.1065644546619698,0.12790080086913663,0.3624762445333468,0.22050922471111892,0.11046504206797819,0.572103652382633,0.5751466946437576,27.08651542549262,22.312457471131736
1525,Kalimantan Timur,IDN,2020,2020-10-15,0.09212816679799639,0.3823472986382794,0.08300775037547226,0.10826377413035884,0.37344154275431185,0.21882643116047779,0.10234021364857059,0.6413536999685,0.6726109791233431,28.062623623523454,21.000147220984616
1526,Lampung,IDN,2020,2020-10-15,0.10578215914155341,0.3604788650984643,0.09187953954935692,0.11736837441935224,0.3556990491849912,0.2432997059125829,0.12410847430738774,0.569862455729511,0.6597426720729898,31.977809672355317,19.608270704583664
1528,Nusatenggara Barat,IDN,2020,2020-10-15,0.07871697154406897,0.3010582846372083,0.04629549450433059,0.07860474585305136,0.3221531918944356,0.23622003111418882,0.1332797247573607,0.58914967596026,0.9706839146530987,34.88064370932654,20.48244710404002
1529,Nusatenggara Timur,IDN,2020,2020-10-15,0.08698241058435627,0.28561024060744256,0.047329648273444276,0.07995919343082983,0.3388471223066867,0.2761816929584859,0.16507999362895268,0.5286877399259681,1.0112717469583464E10,35.946100210823516,20.629422108582016
1532,Sulawesi Tengah,IDN,2020,2020-10-15,0.0731624445451117,0.3064258807025887,0.06859807735782772,0.08699368100992955,0.29274800559445474,0.16724239672739546,0.07640210009182527,0.6560861038878975,0.5228428600916074,27.82117918228092,19.137982245756117
1533,Sulawesi Tenggara,IDN,2020,2020-10-15,0.052161205237262656,0.3129004956184321,0.039255431656419926,0.06573933830040163,0.30487261905625723,0.17356652114887527,0.07324955759597225,0.7388608917130538,0.5890876022027428,29.64769386916303,20.447336040605006
1535,Sumatera Barat,IDN,2020,2020-10-15,0.06648446511870658,0.35038546504900314,0.05735950275108927,0.08280741058672692,0.33530438787611033,0.19119573976338433,0.0809515103420871,0.6877800927394876,0.6465645646664367,28.229633440995357,20.0693618083815
1537,Sumatera Utara,IDN,2020,2020-10-15,0.08579570601624203,0.3425303439483598,0.07877579178610741,0.10034819418077903,0.32751384356096164,0.1927148363175913,0.08632388257379217,0.616099854753352,0.5677327057908012,29.531072338330947,19.585655974502306
73615,Maluku,IDN,2020,2020-10-23,0.07273938152037251,0.3493155402547835,0.061183253116788766,0.08995570149410027,0.3342400522942694,0.19380040398762952,0.08838062681424465,0.6710576268819439,0.6934428875655041,28.615572594789533,21.618603863069318
73616,Maluku Utara,IDN,2020,2020-10-23,0.07178840804604045,0.32292776761152936,0.06715523607501148,0.08808920718216065,0.30680489671061895,0.17096235399329776,0.07473025563745095,0.6709183472733724,0.5580846140174383,26.686622206686405,20.948486383175727
73609,Bangka Belitung,IDN,2020,2020-10-23,0.1348142897108547,0.3460851032155866,0.13307258960551202,0.1483775885314366,0.33444318775940407,0.21584962020847853,0.1124664696482379,0.465795913635134,0.437205084020703,27.586564905602675,22.44350213001328
73610,Banten,IDN,2020,2020-10-23,0.12914336429600856,0.3054425249554148,0.1243467500110749,0.13867717699104845,0.2947811585247121,0.203333822595818,0.11271123740123636,0.4371984437649706,0.3985723466416958,28.607421881088587,19.22153202616228
73611,Gorontalo,IDN,2020,2020-10-23,0.08066477569671504,0.3516657789760034,0.06927003989278438,0.09557280987455234,0.34039086348767306,0.20427308517332216,0.09611546459415182,0.6371910567026002,0.6493527592520841,28.718499370950788,20.038015766680495
73612,Papua Barat,IDN,2020,2020-10-23,0.06027740063782052,0.31833678775311525,0.05392141129529109,0.07544513892858204,0.30541177355036186,0.1624424327701515,0.06880470915642918,0.6998304456274408,0.5782141024089953,27.269100577679282,19.77277683493359
73613,Jawa Barat,IDN,2020,2020-10-23,0.16121169935309865,0.32601307898516374,0.15887794298356828,0.1709622482868402,0.31451295884240893,0.22373994909198622,0.12710470113280892,0.37557476266825424,0.3487815954762821,29.126098712485643,19.399531512505032
73617,Papua,IDN,2020,2020-10-23,0.07736570441772908,0.31654568841417957,0.06896681521005107,0.09118713824281989,0.3086465734082814,0.17341446019049075,0.07878543852922439,0.6610936564531451,0.5395285814131331,28.957983282367735,16.40715692422365
73621,Sulawesi Utara,IDN,2020,2020-10-23,0.054973271186842976,0.34173351870785285,0.04459725934749092,0.07126757293277484,0.31344917553388263,0.1734818266579079,0.07319554758957232,0.7324807445215201,0.6516787646475742,26.892268842992877,19.834336167542162
73622,Sumatera Selatan,IDN,2020,2020-10-23,0.09941740200604209,0.3655043644818363,0.09118870770487517,0.1141613231281334,0.354561451586225,0.22074214276684195,0.10565443587464665,0.6020620805775782,0.601204056105807,29.148401173604412,19.00133420548336
73614,Kepulauan-riau,IDN,2020,2020-10-23,0.10496247892252161,0.30779164353263566,0.09810321833186793,0.12029420068617608,0.29339273294721435,0.18243474541637542,0.08899904041297821,0.5055462785277696,0.4400724905326024,27.438723507732437,23.19443096159059
73618,Riau,IDN,2020,2020-10-23,0.09135077006461569,0.37522950161869784,0.08334576056701731,0.10739439676455165,0.3551177751262754,0.20654143031406658,0.08818076995036633,0.6208654435291587,0.5624378745200015,27.18542763383093,22.19818943849636
73619,Sulawesi Barat,IDN,2020,2020-10-23,0.05822267376012727,0.33936215061953506,0.04819745745684457,0.0746963978049414,0.3280509348746027,0.18514100377312526,0.07725475248644234,0.7375148094426305,0.6622670387218874,29.10022150352486,16.931776601789736
73620,Sulawesi Selatan,IDN,2020,2020-10-23,0.09565513629023162,0.3236726609312084,0.07953311731889563,0.10552829590125416,0.3247523374629983,0.21444363303096806,0.1099337884023586,0.5711288571074213,0.5664587952298528,30.962483849148345,20.153337628683666
1512,Nangroe Aceh Darussalam,IDN,2020,2020-10-23,0.10532073674703259,0.3382375267177899,0.1009487684149819,0.11891449370534136,0.32041426334391004,0.18608952951763957,0.08799804216610592,0.5756246372310213,0.4854799625918015,25.917709999015806,17.175689450767816
1513,Bali,IDN,2020,2020-10-23,0.15648547470643953,0.35351850656877587,0.14564327868841329,0.16386590744047777,0.3433669935031598,0.2462433761273849,0.14363242811093163,0.44887088520669927,0.48498827417604395,29.857552277365958,19.741474631184577
1514,Bengkulu,IDN,2020,2020-10-23,0.13060814549604785,0.37701266198163724,0.12899514029057815,0.14638009494629473,0.36174773170175495,0.2239899447261994,0.11446483246951296,0.5096193046537282,0.5220417924664218,29.207240487063004,
1515,Daerah Istimewa Yogyakarta,IDN,2020,2020-10-23,0.1314555588512467,0.30339011588035986,0.12272004410998806,0.13853399108330586,0.30654749161100875,0.23313811829968814,0.13652906029535938,0.45299644337862516,0.47385581846983504,31.45284003286703,19.594011561038084
1516,Dki Jakarta,IDN,2020,2020-10-23,0.16345209467462798,0.2480501185238922,0.14483782424750496,0.1589724497797337,0.26431169781901065,0.24233378389971388,0.18650208857911318,0.21226532338636894,0.30021060937341226,,
1518,Jambi,IDN,2020,2020-10-23,0.09997758345465342,0.383279705174526,0.09161608579588046,0.11536988805637521,0.3739132613589205,0.23277716555180902,0.10987350811436294,0.6118143075355581,0.6364352305955998,29.24864269211686,20.786787992997855
1520,Jawa Tengah,IDN,2020,2020-10-23,0.11876584908923785,0.30355908057465797,0.10463587686542743,0.12617201719375257,0.2993008355042175,0.2207191140612198,0.12314093285613562,0.4791391356214438,0.6115531723145001,33.16673168513855,20.447521855006144
1521,Jawa Timur,IDN,2020,2020-10-23,0.12324487736371326,0.332098479758315,0.09977588514865454,0.12757352639416453,0.33731160985058156,0.25558413154908105,0.14858067930822275,0.495033041946998,0.7380479636136839,34.4594513421849,20.527568584772293
1522,Kalimantan Barat,IDN,2020,2020-10-23,0.0743141737578599,0.3052783139177534,0.07081703223275809,0.08717401742804827,0.2894848074391251,0.166846009230187,0.07695640113296988,0.6494297551044423,0.5122681826731611,29.74245841833763,15.128231183204727
1523,Kalimantan Selatan,IDN,2020,2020-10-23,0.08287913807216409,0.3282590335592068,0.07624582655865084,0.09729022489643628,0.3152969702311948,0.19468087543548082,0.08996376322727151,0.6189890116412762,0.5630840194185914,31.564486008116404,21.177272861177503
1524,Kalimantan Tengah,IDN,2020,2020-10-23,0.09395031347730842,0.2976253439742918,0.0956106930786606,0.10600584601601824,0.27997993903364154,0.16277939566824773,0.0781085710689264,0.5830905542076249,0.42900650167776105,29.832281984928148,21.263952761744765
1525,Kalimantan Timur,IDN,2020,2020-10-23,0.1289392168571014,0.323791142370445,0.1323684796732992,0.14087767663683973,0.3071292566721609,0.19002898062004625,0.10043250706635412,0.5052153621175975,0.40135903353828445,28.81628539345015,20.291547048977804
1526,Lampung,IDN,2020,2020-10-23,0.16006970397221726,0.37306810654074224,0.15676190171475654,0.1721437566058824,0.3647186467136581,0.24415463429218628,0.12968068791183524,0.42372819405296214,0.4456708045324213,29.888523827315748,20.721425921067365
1528,Nusatenggara Barat,IDN,2020,2020-10-23,0.12650849685341659,0.3185573356892521,0.10086044134557189,0.12638780227850355,0.33263682065285194,0.2526676647700672,0.15054685594133677,0.4688489274870964,1.0308701390109394,34.179198703906195,20.9527816640424
1529,Nusatenggara Timur,IDN,2020,2020-10-23,0.10828884716907455,0.2979679003869951,0.07724190282783386,0.10535186536840682,0.33739708115412764,0.27107054077405707,0.15936512645434467,0.4909269919158076,0.8048920575594756,35.70587085134219,21.24899416372168
1532,Sulawesi Tengah,IDN,2020,2020-10-23,0.06964001500577717,0.3374709667794413,0.061882877972866866,0.08583670629244121,0.32568851378510033,0.1859627166567351,0.08225947201592612,0.6769407501203227,0.6158078637672696,27.79516845267791,18.812686353436494
1533,Sulawesi Tenggara,IDN,2020,2020-10-23,0.08040206505452914,0.35219390475048423,0.06719894255421996,0.09552684948982318,0.3459663980132537,0.20966248658843087,0.097576007540354,0.6583888898137265,0.6724086764802946,29.416955043648713,21.4160003139563
1535,Sumatera Barat,IDN,2020,2020-10-23,0.10093210700598358,0.36248692348810696,0.09689593026535294,0.1174273078929985,0.3440842418478266,0.2015954859260172,0.09055821161995921,0.5757884431662662,0.5347109741504263,28.888685138699156,18.66026436710239
1537,Sumatera Utara,IDN,2020,2020-10-23,0.0880278992918734,0.33054525441565524,0.08331933813729084,0.1022635939456799,0.312243126796822,0.18594152523396051,0.0840354556895614,0.598275893519571,0.515446236202046,26.829261648214437,19.866976185068438
73615,Maluku,IDN,2020,2020-10-31,0.0958422788687076,0.3377376160602118,0.08855923697025687,0.11063287344681948,0.32149946062943663,0.19168315029923394,0.09440269199511449,0.5953976100935803,0.5196220722683522,29.442742035542288,21.604113580780396
73616,Maluku Utara,IDN,2020,2020-10-31,0.08246975800762521,0.3059516891939419,0.08107166667903717,0.09705452872554174,0.2885906396079378,0.16483265055122115,0.07617568957818896,0.6145163061186063,0.4819562520481583,27.05655815388477,20.171384283126248
73609,Bangka Belitung,IDN,2020,2020-10-31,0.24650577020147815,0.39438881611256454,0.25088968653283683,0.25650577976058264,0.37035419767357824,0.2413961639426899,0.14539341177060133,0.31303730891499976,0.30650237974074634,27.129952188642903,21.99565839354911
73610,Banten,IDN,2020,2020-10-31,0.13398852353778345,0.3263607019969497,0.12841879812204632,0.1460281884052744,0.3099867151162498,0.2035066625112961,0.10472472819227863,0.43836429681444583,0.3889521219881852,28.833059611209624,21.400805446194262
73611,Gorontalo,IDN,2020,2020-10-31,0.09417010030530243,0.3074420806471517,0.09219194429474635,0.10652497809480622,0.290650153499995,0.1745732586613277,0.08560228111150484,0.5636797556033752,0.46155246000880173,28.682779932487534,20.607932056418257
73612,Papua Barat,IDN,2020,2020-10-31,0.1037259638818577,0.3338220937492233,0.10256704702235733,0.1185083408004932,0.3189385911961069,0.17845070165491386,0.08400884522872329,0.5654983772908937,0.47738968494660294,26.681130189457008,18.3212361536909
73613,Jawa Barat,IDN,2020,2020-10-31,0.09646501843919217,0.3098124951739655,0.08078369803770272,0.10576213228386827,0.3009179488474227,0.20355805404239896,0.10553537177764942,0.5450336342832667,0.5146018483728602,27.87029729796281,18.37180187570729
73617,Papua,IDN,2020,2020-10-31,0.11187144328449619,0.32889292328883374,0.1084126838868836,0.12539680043151027,0.3200180123951917,0.18650499583318128,0.09117000542635516,0.5404678113094277,0.450442799282281,28.88175487771912,18.466866495617033
73621,Sulawesi Utara,IDN,2020,2020-10-31,0.0797469612001655,0.3326231114050928,0.07496065793233872,0.09460468426115137,0.3041481668435755,0.17528011944342567,0.0813642776117074,0.6424658211213794,0.5636997076502427,26.54375783625977,20.374435980101136
73622,Sumatera Selatan,IDN,2020,2020-10-31,0.1688348569246892,0.3691944132174101,0.17132407920114007,0.18166791435545862,0.3503038913086685,0.22672852195094062,0.12283797062862452,0.4259364898345593,0.39950897849272055,30.680644071448654,
73614,Kepulauan-riau,IDN,2020,2020-10-31,0.11929317748711249,0.2780244345363021,0.12295393103192098,0.13350410603694687,0.2608665717670158,0.16126572970493358,0.08115951962823806,0.41772595182708017,0.3130175192282773,26.26391327428496,23.665324088240506
73618,Riau,IDN,2020,2020-10-31,0.12913064171959418,0.349317032398483,0.13214386025622035,0.14339844287191655,0.3280050982645156,0.1973114407330761,0.09593617867550731,0.4813042613648698,0.417226696563805,28.43614075525051,23.732348552969036
73619,Sulawesi Barat,IDN,2020,2020-10-31,0.0685677899884035,0.33168664637218803,0.059726906521861384,0.08432839509212867,0.31705467808423937,0.18211202228637804,0.07965036076362832,0.6938223504105626,0.6060712590864386,26.916951458728814,17.06818412123627
73620,Sulawesi Selatan,IDN,2020,2020-10-31,0.09138071184206188,0.30099529253588536,0.07913272732023145,0.10154463894063251,0.29519228684662635,0.19010217193918422,0.09610140120420851,0.5657239007516617,0.5038986074847619,30.848261188112268,18.78042466812003
1512,Nangroe Aceh Darussalam,IDN,2020,2020-10-31,0.14423256681850344,0.34972335879478955,0.144688749056521,0.1573538851886935,0.3299810233479118,0.19981555001984974,0.10060820735093155,0.4697519181126507,0.40200088812908447,26.401267048153038,16.038278778776196
1513,Bali,IDN,2020,2020-10-31,0.08720883304047128,0.3530965726404457,0.06688752281701558,0.09823445618280623,0.34355070919410857,0.22764436599550605,0.11870195598167585,0.6141109321303848,0.7017659839738912,29.97894665110355,20.95212386784365
1514,Bengkulu,IDN,2020,2020-10-31,0.09722049797031886,0.3351378515300163,0.09601179339405772,0.11192956950818775,0.3159110447666676,0.18509843977391544,0.08495686121678121,0.5946636358310089,0.5042896740440521,28.117538993169788,
1515,Daerah Istimewa Yogyakarta,IDN,2020,2020-10-31,0.13309043445588772,0.35196702341586694,0.1164224770629589,0.1426059131210411,0.3561007952627577,0.26518922085082863,0.15494748666237992,0.48428023362433975,0.6081453685087196,32.60525027052869,21.08649880974175
1516,Dki Jakarta,IDN,2020,2020-10-31,0.16575525290364776,0.26744516776210364,0.13988737867292347,0.1602470536089207,0.2845871542676879,0.2512061867214117,0.18437083243656527,0.23772892017418387,0.3200031412183285,,22.72813090736178
1518,Jambi,IDN,2020,2020-10-31,0.12574509492642863,0.36069787531894004,0.12649995945297815,0.1399672936010375,0.3456948387806957,0.21253505239256754,0.10491933525563797,0.5058208256217473,0.47651590082976736,29.411267650547796,18.35759493670887
1520,Jawa Tengah,IDN,2020,2020-10-31,0.10128088755103307,0.3322124681682818,0.07848362012228102,0.1102722905213386,0.32814129518037155,0.23461066915100687,0.1254995572401219,0.5456338025219245,0.6323633961361341,32.23127744000287,22.09297140824948
1521,Jawa Timur,IDN,2020,2020-10-31,0.08010435420311167,0.32657029243497543,0.05351212517199673,0.08839131327882227,0.32630556661606025,0.23148563707983727,0.12306853516150264,0.6099465663583514,0.7279379568718989,32.89801453594304,22.525262841810914
1522,Kalimantan Barat,IDN,2020,2020-10-31,0.10300354798679581,0.35080053110165005,0.09993427775839703,0.11812267918645962,0.33653640369330834,0.20108587169495717,0.09836413639711337,0.5749150775539598,0.5297052246480137,27.859426493712625,11.772641285790444
1523,Kalimantan Selatan,IDN,2020,2020-10-31,0.07745917329799192,0.37447859065049804,0.06240961880999304,0.09467865320383713,0.36772272502223524,0.22699850130874474,0.10227444724420935,0.6685384479924524,0.7309128407942584,29.142323127090567,19.50445578599316
1524,Kalimantan Tengah,IDN,2020,2020-10-31,0.09145605947873509,0.34321921660147836,0.0848770805190553,0.10570179548485154,0.33094598276164156,0.19364769716207544,0.09212208172626732,0.6161374247034564,0.5488610796584663,27.883648669078212,16.289922687753403
1525,Kalimantan Timur,IDN,2020,2020-10-31,0.0794817203096304,0.3293469516211429,0.07397410133815799,0.09328184323383171,0.3170322290166361,0.17861365547122213,0.08030679419584143,0.6440370482308191,0.547329224612956,28.134124349880526,19.271477931552187
1526,Lampung,IDN,2020,2020-10-31,0.14087148064563407,0.34450395014810054,0.13274586306119393,0.14962781041668685,0.3366997715571015,0.23118827991085592,0.12708329583934316,0.481723926821371,0.49655760566833607,31.17633205557475,
1528,Nusatenggara Barat,IDN,2020,2020-10-31,0.06753971856572824,0.2858961661062787,0.04287649567284154,0.07200122723559202,0.2921902233951881,0.20433650966790023,0.11123924483767295,0.6135426088860564,0.7118395166340561,33.3438303519438,21.54117576845443
1529,Nusatenggara Timur,IDN,2020,2020-10-31,0.07057508846003065,0.2793930569172659,0.03841432696285418,0.06992657339614525,0.3148061243821611,0.2440819172614934,0.13869437058136197,0.5938817653929699,0.9579777159889821,36.67759546549069,21.447060356132358
1532,Sulawesi Tengah,IDN,2020,2020-10-31,0.08147105412810075,0.31398055579201656,0.07773914110821853,0.09573153066739891,0.2981765255539154,0.1709859481156331,0.07828101358800729,0.6267811272134286,0.5094489795025733,28.570042212406396,19.022880362354652
1533,Sulawesi Tenggara,IDN,2020,2020-10-31,0.07122630767866976,0.32946691137143824,0.06047831231326923,0.08554758734405099,0.32146349318967493,0.18915470333481932,0.08488216579111273,0.6722235165106121,0.6216689417276048,30.046184882216384,21.72171674446285
1535,Sumatera Barat,IDN,2020,2020-10-31,0.1298362450520203,0.34527784025465647,0.13143107979453908,0.1440345580347632,0.3254415667220356,0.1961934389145654,0.09724908938970817,0.48697723795799613,0.41857609287518766,28.823218123025907,14.084085005903155
1537,Sumatera Utara,IDN,2020,2020-10-31,0.12768874228744656,0.3301626154016517,0.13100851748088618,0.1413641904451815,0.3093548136186223,0.18433060236251753,0.08924567669211807,0.48802466305415165,0.3908235912615227,27.937426797601862,19.093234626935015
73615,Maluku,IDN,2020,2020-11-08,0.0763563805777104,0.32666672325048296,0.06883088673303978,0.09225611748359663,0.30978667317161174,0.17747569069760893,0.08142990871063693,0.6433409827912406,0.5549741877284913,28.407130333247732,21.99645612661034
73616,Maluku Utara,IDN,2020,2020-11-08,0.07611029041986121,0.32219606296541403,0.07193319787156244,0.09215136868995506,0.30693550528100993,0.17117710787418472,0.07495104018715813,0.6480055979018855,0.5410364335194409,25.965312263508984,21.107331261185582
73609,Bangka Belitung,IDN,2020,2020-11-08,0.11380646211646922,0.3512543194430746,0.10847870995174842,0.12705631463700356,0.3387830000073691,0.21427177036944262,0.10561802708902725,0.5308941671159606,0.5132755150738286,28.80596823960952,22.110796226540273
73610,Banten,IDN,2020,2020-11-08,0.0939724949440115,0.27819794954004096,0.08649051647845568,0.10313775495528289,0.26258888950589765,0.17490575484401266,0.0898062462769065,0.5321186758461502,0.42403696302153604,31.178845747300226,22.108429800564767
73611,Gorontalo,IDN,2020,2020-11-08,0.0606794593483815,0.32548702490093134,0.048365700737112195,0.07416656530842679,0.3151173175759768,0.18405260932212636,0.08262401635213511,0.7000419628880502,0.6466318507194562,29.147573434730724,20.812150835525664
73612,Papua Barat,IDN,2020,2020-11-08,0.07262801265472356,0.3062193859822046,0.06964713001074589,0.08663300946184839,0.29035318145823186,0.15451074674339077,0.06712460655365811,0.6529931578302176,0.49615426322292305,27.694041997384936,18.952056997143895
73613,Jawa Barat,IDN,2020,2020-11-08,0.10085881411801476,0.29543088687819685,0.08810938611025788,0.1086899045165953,0.2849067114979383,0.19818435848332097,0.1073370607448576,0.5274900268505442,0.48946974495705153,32.059456078634604,21.556615315171943
73617,Papua,IDN,2020,2020-11-08,0.06475698736014333,0.3127503326153034,0.055155881609420324,0.07899847037680871,0.3075669667722041,0.16855527546590657,0.07163785810118728,0.6878433970686891,0.5581235814891764,28.791981184155233,19.82733628636165
73621,Sulawesi Utara,IDN,2020,2020-11-08,0.04431640142781511,0.34498362665809434,0.03267550521786039,0.0616145962511138,0.3193019376556504,0.17210588018200437,0.06846500981093324,0.7694680188143017,0.6951809211122867,27.471877816460843,19.669423443756195
73622,Sumatera Selatan,IDN,2020,2020-11-08,0.11290674909070038,0.35669813791042954,0.1100187931254417,0.126817838597,0.345530089216937,0.21780267606653775,0.10695894816006488,0.5525131819416246,0.5337571798706944,28.41426643638233,21.02993684815233
73614,Kepulauan-riau,IDN,2020,2020-11-08,0.09416733217816954,0.283565131462087,0.09013644575977744,0.10754858032185023,0.27092123014454217,0.16972175974803672,0.0858063312977247,0.5175861353300395,0.4223537038559638,27.812511758067863,22.905981191863688
73618,Riau,IDN,2020,2020-11-08,0.13331208985155404,0.36473322394655033,0.13518354902217256,0.14701371945685582,0.3455394517909878,0.21817009727459377,0.11075230645555596,0.4965250410810468,0.4695258239524782,27.162744086544024,20.702386253459053
73619,Sulawesi Barat,IDN,2020,2020-11-08,0.03975164903274953,0.3233535287475735,0.02754629295311468,0.05591372690100876,0.31119540343585966,0.16881958705538672,0.06434858448918278,0.7945472396413661,0.6662416251362775,27.624991408652544,17.767503714575568
73620,Sulawesi Selatan,IDN,2020,2020-11-08,0.06197992243864874,0.31688165637255605,0.04079700312649283,0.0732046533770302,0.3162763428930076,0.19810077562413747,0.09285861507927812,0.6659797649185185,0.686643494639637,30.509576237821708,19.678190550395318
1512,Nangroe Aceh Darussalam,IDN,2020,2020-11-08,0.1079712555034335,0.3282440561041833,0.10539250793017955,0.12116358653808985,0.31240203291177954,0.1881555597084718,0.09209267555445776,0.5563114098763802,0.4629043627461089,25.67714081984654,15.412215731659751
1513,Bali,IDN,2020,2020-11-08,0.05141558309280393,0.26453380631123474,0.03806464548988485,0.05917155124683005,0.24629997052624822,0.15401596330253306,0.07558942545219477,0.6958870375773467,0.5485327660050703,32.44901275827238,20.00790649813527
1514,Bengkulu,IDN,2020,2020-11-08,0.06222851040434557,0.32948698475347,0.05533392453086381,0.07726744628237364,0.3147732207260302,0.181067849834115,0.07693199079945465,0.7025202914744854,0.6137225645626169,26.59034768831666,17.21047370079231
1515,Daerah Istimewa Yogyakarta,IDN,2020,2020-11-08,0.11273857528404975,0.3126279311835316,0.10436758209146657,0.12257768285102075,0.3043790484889126,0.2148488023252443,0.11978113503796263,0.5191437549264819,0.5123264596590005,28.775469303594477,22.857332100679844
1516,Dki Jakarta,IDN,2020,2020-11-08,0.15720777742492334,0.2325918926647642,0.14483107854484284,0.15337952554321593,0.24984451155363321,0.22691140734140766,0.17410830133815372,0.2080457807302805,0.2890476796548971,41.372874862135376,23.23979555083898
1518,Jambi,IDN,2020,2020-11-08,0.11653198781738448,0.36053571856449773,0.11666405928683513,0.1308978422493621,0.34871538111659145,0.21563923585982253,0.10416118034098755,0.5442056230785832,0.5118504401548927,26.49114141559307,20.057445852814865
1520,Jawa Tengah,IDN,2020,2020-11-08,0.09481997337044715,0.28926251801238806,0.0765992044270994,0.10141067237980678,0.28170050914617295,0.20057683874060642,0.10985245991024141,0.5324138054591973,0.5223546512164094,32.793782750194254,21.601563200938482
1521,Jawa Timur,IDN,2020,2020-11-08,0.08741738868431673,0.30244409040439857,0.06667270159865857,0.09427548701902279,0.29722800129346244,0.2117059257033053,0.11725460086370591,0.5742670192894919,0.6070287074705345,34.32379995096954,21.648752099367346
1522,Kalimantan Barat,IDN,2020,2020-11-08,0.08802376057129553,0.3458146358893439,0.08194363934510494,0.10263621635372827,0.3332269415873836,0.1970747020964638,0.09393445926845707,0.6278542853642609,0.5787838588611285,28.03613480297754,17.66738509092754
1523,Kalimantan Selatan,IDN,2020,2020-11-08,0.07177915305030942,0.3163765500480487,0.06207362842525033,0.08483483640415981,0.30656741249779135,0.18673844267153472,0.08516835412208856,0.6571234224508481,0.5920843424980455,29.42016048930022,22.208614724867395
1524,Kalimantan Tengah,IDN,2020,2020-11-08,0.0835985275525567,0.3189691124221205,0.07958461200317475,0.09637590194170764,0.3080237870984679,0.1788461863456971,0.08438044699062075,0.6247591127005038,0.5187806457530408,28.62496085644104,22.220172989360364
1525,Kalimantan Timur,IDN,2020,2020-11-08,0.07970165402819505,0.32366592332625216,0.07587087835118124,0.09303266966657775,0.3125286093419875,0.17682405605183185,0.08087180899967014,0.6424475141728387,0.5411990817291226,27.51317482437114,20.477203276519703
1526,Lampung,IDN,2020,2020-11-08,0.11868173730170041,0.3572141410040093,0.1074490847439953,0.12870335070056965,0.3562020374039084,0.24422022667259252,0.12786041509321797,0.5381025113869836,0.5987547796068081,29.806786838013537,20.529724927217845
1528,Nusatenggara Barat,IDN,2020,2020-11-08,0.07997912354719589,0.29596337451583116,0.05560987582475244,0.08379803616508384,0.2998528254069357,0.21171124841062164,0.11897849131587866,0.5840181807257719,0.6409016012065214,34.003027203053946,20.629463088870867
1529,Nusatenggara Timur,IDN,2020,2020-11-08,0.08274967151042009,0.29647871943347304,0.04942708865327001,0.0820560969090801,0.33005295917927374,0.25679177604591075,0.1490127959039589,0.576777599102159,1.4086469168573212,35.98341856144529,21.73830268619989
1532,Sulawesi Tengah,IDN,2020,2020-11-08,0.06214357594941507,0.3297322862974069,0.05383108954034909,0.07796669367065348,0.31728507322218136,0.17730622870562782,0.07600882958460987,0.7032346370606953,0.6105486298022531,26.621792737464197,19.092132059817718
1533,Sulawesi Tenggara,IDN,2020,2020-11-08,0.07700253642369946,0.34365188145878905,0.06473760324890014,0.09145765203272001,0.33671790635299054,0.20146640334140728,0.09339081787103116,0.6722260149563346,0.6535020732042451,28.52943003381824,21.385646362628606
1535,Sumatera Barat,IDN,2020,2020-11-08,0.11239137213165908,0.3437338595107935,0.11232402819446621,0.12688347607482534,0.3286756821583742,0.2023312850828405,0.10094573168596255,0.5384307784637385,0.48746492394289653,25.55734481384683,9.776774581818337
1537,Sumatera Utara,IDN,2020,2020-11-08,0.13863650552073062,0.3597078905969982,0.14000721933507787,0.1533072468658059,0.34294881400119753,0.22131565405679476,0.11557952794689931,0.4839221160054591,0.4691481642271975,26.627815587265804,19.615442176870758
73615,Maluku,IDN,2020,2020-11-16,0.08663443022600398,0.32859037651046247,0.08039281941973789,0.10249345371297967,0.3074070870352262,0.17859534193413615,0.08422402330779326,0.6282202784532314,0.5404644684481706,28.494022487551696,21.726853003479086
73616,Maluku Utara,IDN,2020,2020-11-16,0.07752753736759727,0.30617803322900583,0.07626685685927291,0.09271805980029645,0.2882747245653444,0.1619298596162443,0.0719126626477254,0.6315605932613108,0.4968166722543149,26.79344540415921,21.044168838458948
73609,Bangka Belitung,IDN,2020,2020-11-16,0.1243654816309995,0.33490224817414854,0.124876668500498,0.13796669316144206,0.3210891749206244,0.20205109167335714,0.10052420686349037,0.4947319355370198,0.4324144884454641,27.409090998154532,22.522590427736727
73610,Banten,IDN,2020,2020-11-16,0.14758871044712135,0.34530076205066595,0.14270268716948153,0.16058710460514797,0.3307796921075059,0.23102194040783644,0.1242711765542219,0.4361703485679179,0.42191245293505003,27.183446786931903,21.064630350194605
73611,Gorontalo,IDN,2020,2020-11-16,0.07920048061728682,0.3219296766467707,0.07018320550623394,0.09224104392925633,0.31025273616740584,0.18550935211777453,0.0869294975352059,0.6422189459389664,0.5749769131549943,27.05039521630718,19.624863754956486
73612,Papua Barat,IDN,2020,2020-11-16,0.07425728731999129,0.3009584194011029,0.07170253639683738,0.08791621228791907,0.28587620479145925,0.15592648449014368,0.06873207714588127,0.642716211347312,0.48613354062842046,27.255486911650717,20.775932002041664
73613,Jawa Barat,IDN,2020,2020-11-16,0.13153400979536317,0.3381422034943681,0.11853690239762772,0.14154475618375448,0.3282780766337022,0.23026821445139284,0.1269312834835202,0.466837563044532,0.5026863504087149,30.77646543282386,18.425217245111174
73617,Papua,IDN,2020,2020-11-16,0.1207931976841039,0.3424070589978224,0.11656579687074826,0.13463636309343457,0.3311882004403107,0.195892406183973,0.09867280895800831,0.5381564486940369,0.4621286334900169,27.38995137455088,16.36116612865263
73621,Sulawesi Utara,IDN,2020,2020-11-16,0.08222624537979514,0.34510659690362677,0.07695312832035209,0.09850472561353996,0.3177106934976507,0.18225204908344522,0.08286490833426066,0.640803400491758,0.5778786576455813,27.11551262860975,19.72749806951868
73622,Sumatera Selatan,IDN,2020,2020-11-16,0.11247936435168594,0.3398179598048933,0.11271657252017946,0.1267539973569845,0.32185832222537136,0.19955230047448994,0.0968015149900678,0.5385178688999405,0.46976822989737316,30.236067071510078,21.595920045362266
73614,Kepulauan-riau,IDN,2020,2020-11-16,0.11392699940754479,0.2661524884478583,0.11797377512460203,0.12730856643721358,0.24736473297518943,0.15566179251693557,0.08087066095702808,0.4248723664028434,0.3118923218119274,26.732257347919134,23.225561594954645
73618,Riau,IDN,2020,2020-11-16,0.13857577013004635,0.3523084494598015,0.14304703001356522,0.15240268903091997,0.32867516871649505,0.20177392471554512,0.10153875839305407,0.4681884432746733,0.40699393138235007,29.091765638630005,
73619,Sulawesi Barat,IDN,2020,2020-11-16,0.10462512451262289,0.343730495776587,0.09983862408603938,0.11931194338426994,0.3271963008933846,0.19540440581932225,0.09422028474034502,0.5927764348897818,0.5234886773830295,26.394823857585738,18.22803984713774
73620,Sulawesi Selatan,IDN,2020,2020-11-16,0.09408527313587073,0.31534402001658196,0.07984826940457931,0.1046101089135142,0.3092231795833456,0.19886453248026084,0.10038725791196489,0.5640969074824432,0.5552956197494983,29.862155599825204,20.850559292424244
1512,Nangroe Aceh Darussalam,IDN,2020,2020-11-16,0.12915845837303094,0.3209462927349582,0.13052290474107853,0.14097029163647185,0.3016299975774225,0.182373228456068,0.09527568172912042,0.4796514489718133,0.3831428984988421,26.985058757593436,12.74879858657247
1513,Bali,IDN,2020,2020-11-16,0.08186021730117998,0.3380044077837976,0.06384649693602487,0.09267695500146915,0.32201504359865546,0.2097026343198868,0.10808639878959514,0.6372200210311195,0.6652155566764288,30.831546934042578,19.750254221677224
1514,Bengkulu,IDN,2020,2020-11-16,0.08015552256084,0.3577808270320836,0.07329494439637647,0.09706234334232937,0.3395926879070468,0.1974688426468188,0.08647912981486806,0.6535365972054323,0.6209461943716806,26.772455692106053,16.928193098915557
1515,Daerah Istimewa Yogyakarta,IDN,2020,2020-11-16,0.12229785816072945,0.3646408839103931,0.10753391593748228,0.1352899630533037,0.35550186013407037,0.24724043001128757,0.1353569499043108,0.5265349534275984,0.6254793869992493,28.297220663184497,21.951197752933954
1516,Dki Jakarta,IDN,2020,2020-11-16,0.20849687533393624,0.276363458670154,0.20630682833074798,0.21022215200256456,0.28790791694447715,0.2564636517700321,0.18651757660406107,0.15495828456874972,0.19038780074375966,32.601133004926155,26.303794472005695
1518,Jambi,IDN,2020,2020-11-16,0.13951780549726664,0.36357141564996337,0.14242276218805866,0.15407533546424831,0.3457156261603447,0.213203477171327,0.10644050765722296,0.47761726575071833,0.4378153795145219,27.140994962055405,22.23411144115539
1520,Jawa Tengah,IDN,2020,2020-11-16,0.10501730576858793,0.31603894369835184,0.08499113763973577,0.11369972290028844,0.3064486245161133,0.21586773493328013,0.11523323583822154,0.5178035168687508,0.5290990074469824,29.461987958867212,19.057397208921618
1521,Jawa Timur,IDN,2020,2020-11-16,0.08503449961697808,0.3311899956025887,0.061477190393319114,0.09460739772867181,0.32206271353421634,0.22299809586981295,0.11649983663209541,0.6046318952582987,0.6729768643862305,32.807982595535556,21.72856993145757
1522,Kalimantan Barat,IDN,2020,2020-11-16,0.1364233499398705,0.337617461625313,0.1410174524017459,0.1503067273125952,0.31607865462668816,0.19391354427945437,0.09966840696572986,0.472971280687741,0.38875365264320105,27.924045489587417,21.211302255077765
1523,Kalimantan Selatan,IDN,2020,2020-11-16,0.1183259443294848,0.38287452087238255,0.11058622420198418,0.13524273168941817,0.3704392107405039,0.23546807491580216,0.11502779996059417,0.5551015870632697,0.5769343179644807,26.433619195344345,21.133036623840372
1524,Kalimantan Tengah,IDN,2020,2020-11-16,0.10979000797727734,0.35338215715946947,0.10634683354908617,0.12498204420343809,0.3361500531964166,0.19774826922358427,0.09531832013877835,0.5673449334760098,0.505805857244126,28.534516442708618,21.36133002647019
1525,Kalimantan Timur,IDN,2020,2020-11-16,0.10608611289381009,0.34666260574172864,0.10391953599079237,0.12037886877978779,0.33306261239781665,0.1929110724445226,0.09154669086745368,0.5774155717159739,0.5009387729622646,26.602519088914992,19.305782801848455
1526,Lampung,IDN,2020,2020-11-16,0.16626928739257182,0.37957518855323386,0.16497886375242765,0.17982855453002808,0.37231801332120823,0.25807143807686495,0.13683461675969738,0.42981741266759,0.43769116668825203,29.695789248341203,20.98461532616919
1528,Nusatenggara Barat,IDN,2020,2020-11-16,0.07221959987452752,0.33248627570578826,0.041265351053018595,0.07856980449880142,0.33786794584632523,0.2351988589976241,0.126628696164392,0.6247628064425245,2.6332745869973156E10,34.341879680622654,21.994034301611794
1529,Nusatenggara Timur,IDN,2020,2020-11-16,0.06709310441578993,0.2678653230859712,0.039408160857634864,0.0674834972749278,0.2955083418445019,0.22376485213939734,0.12532849905907673,0.6034371631150174,0.7282926730941691,35.9734895640437,22.04387020543046
1532,Sulawesi Tengah,IDN,2020,2020-11-16,0.08923256781065748,0.3323102732742661,0.08526929372011088,0.10456072705241488,0.3171320561436103,0.18309871192786786,0.08462174368820803,0.6122847893222272,0.5343374806678612,26.335467769332993,19.23961580174802
1533,Sulawesi Tenggara,IDN,2020,2020-11-16,0.07190108929478409,0.3271363241244883,0.060751537809770724,0.08550906372988104,0.3185402406214681,0.18826476624900215,0.08630199584955092,0.6721352563116542,0.6190102273670399,29.980175809853623,20.603766438111297
1535,Sumatera Barat,IDN,2020,2020-11-16,0.12101507173233136,0.35169495309714743,0.12030411234587832,0.1356568965777621,0.33294750169356174,0.20476821450764549,0.10438612783604945,0.5217827285559249,0.48433994726864693,27.10924918693033,
1537,Sumatera Utara,IDN,2020,2020-11-16,0.13645014293944951,0.3459955437865629,0.1368123668911718,0.15009147275548593,0.32474170990514944,0.1914947479892958,0.09424829393303949,0.4688656174287414,0.4000693804288641,28.431542239147408,17.413266666666694
73615,Maluku,IDN,2020,2020-11-24,0.09506777230086243,0.3249866817254731,0.0909751723601512,0.11076164711697585,0.3050534668299351,0.17867672580548377,0.08493622396282717,0.5805134493906038,0.48608657583919196,28.428900212965267,21.682588892769147
73616,Maluku Utara,IDN,2020,2020-11-24,0.11696191811992399,0.3266101125012977,0.12112493394039921,0.13358575705583384,0.30587705847043106,0.17955767189085095,0.08682997612284461,0.5020224621526942,0.41526771999692874,24.297523866558848,21.03866012693716
73609,Bangka Belitung,IDN,2020,2020-11-24,0.12289379265534596,0.342998133223321,0.1172224289366088,0.13489215195550391,0.3317923936027122,0.21058383912188283,0.1072863134430112,0.5178378727765913,0.4865263897198099,30.408814337237658,22.67858276941711
73610,Banten,IDN,2020,2020-11-24,0.14444385257631492,0.3368880875945623,0.1364598957894405,0.15533557177753582,0.31601446348818574,0.21071494924435735,0.11148401487279884,0.42098135791953584,0.38813820243147984,27.564547867107155,23.601903812609045
73611,Gorontalo,IDN,2020,2020-11-24,0.09319180703324109,0.33184089237270675,0.08735383041294978,0.10777542882502865,0.3153467527181429,0.1814931375793225,0.08306215015726275,0.581330428260142,0.5129146871987277,25.90781891171196,21.504274398057287
73612,Papua Barat,IDN,2020,2020-11-24,0.08850454889790574,0.3170390485947479,0.0868515133873854,0.10311955534358148,0.2992123128275454,0.1630113329572412,0.07248889388959422,0.6058419561410757,0.4706568980214136,25.973241625243325,16.005915394394815
73613,Jawa Barat,IDN,2020,2020-11-24,0.10006487446714303,0.3052193369792787,0.08605356342748352,0.10914902341049082,0.2875249844725471,0.19465439648801988,0.1021998386927882,0.5261549556026542,0.4784495507931296,31.016657129775226,15.117777306832162
73617,Papua,IDN,2020,2020-11-24,0.1280974768073486,0.34409328310226045,0.12492418034213551,0.14181664194784493,0.3286329897780739,0.19320331192112558,0.09557986287667394,0.5178765332104144,0.4396250999732852,26.304372981772183,14.048899858927243
73621,Sulawesi Utara,IDN,2020,2020-11-24,0.09351968438658366,0.3398835577905393,0.09000387847694137,0.10974829791557579,0.3096540255231315,0.175916883255129,0.07939260753090771,0.5924642028393642,0.5105999162077605,25.19346207049225,20.924047019205275
73622,Sumatera Selatan,IDN,2020,2020-11-24,0.09002470874798757,0.36920174279506635,0.07864318423103202,0.10549692657847781,0.3537123860701816,0.21364371454140038,0.09729342490220853,0.6254307428926141,0.6314900494687112,29.95472258242165,21.956462885905253
73614,Kepulauan-riau,IDN,2020,2020-11-24,0.1648704467189441,0.3216268854146068,0.16451301152265677,0.1770966838823785,0.30471364038309,0.19418706109613817,0.1061139748315951,0.37515292615947793,0.3223279814849545,29.230383146779666,23.643239298395827
73618,Riau,IDN,2020,2020-11-24,0.10789856668123926,0.379226112445603,0.09928453040166708,0.12261875474430818,0.35648323726120096,0.21254109758825776,0.09815842949351122,0.5857248943459074,0.572230088087141,30.204819648163486,21.920955384182836
73619,Sulawesi Barat,IDN,2020,2020-11-24,0.19720083999989968,0.38218791271850056,0.20137121247446452,0.21108547395119912,0.3555281524306171,0.21764718610678574,0.11508947305038306,0.3771886728355147,0.3339967876131653,29.447995125657645,
73620,Sulawesi Selatan,IDN,2020,2020-11-24,0.11563322003672988,0.3402472136299793,0.10276353695959108,0.12868418092871906,0.32556204153422613,0.20602061393045076,0.10200751555941862,0.5237691642116941,0.502430834895369,28.30921115927653,15.344958873828215
1512,Nangroe Aceh Darussalam,IDN,2020,2020-11-24,0.09857047834700294,0.3256281122408211,0.0929404172290836,0.1111824080867981,0.3103729712165187,0.1834240534655635,0.08840803575722683,0.5898677544457785,0.496787075715261,27.302916400139427,20.251955204295786
1513,Bali,IDN,2020,2020-11-24,0.1797789605123268,0.3307177189768689,0.18481883872384347,0.19121635350163116,0.3023598102940271,0.20189147480599123,0.11187852902971368,0.34413286212540906,0.2855576685236498,32.59625004851919,
1514,Bengkulu,IDN,2020,2020-11-24,0.11348053957858834,0.36924446552709733,0.11066369196736961,0.12956868935875507,0.3485830654062499,0.20827170738061201,0.09786682571806389,0.561066262480459,0.5325881919693939,27.767486570209122,19.13689644867315
1515,Daerah Istimewa Yogyakarta,IDN,2020,2020-11-24,0.0838832329505274,0.3195474234299186,0.07418054560144882,0.09724959111202046,0.2983693535168102,0.19601316133289262,0.10043949578984843,0.6126198508919855,0.5781646484219056,30.95199297607082,22.5798080532849
1516,Dki Jakarta,IDN,2020,2020-11-24,0.1269491450476581,0.21838969888158574,0.0986528011522781,0.11829957843121049,0.2390800846749731,0.22271150321406688,0.17526000138466033,0.2697303629593262,0.3727951971290169,32.89000000000004,
1518,Jambi,IDN,2020,2020-11-24,0.07628157546353842,0.3755876799591866,0.06483725401088901,0.092652694277756,0.363626840043585,0.2154247972331129,0.09291984907795628,0.6849144143052902,0.694445386812793,29.094632825287594,21.06482474593476
1520,Jawa Tengah,IDN,2020,2020-11-24,0.11302011699979714,0.3155623325048313,0.10145231177710437,0.12384132643552799,0.2970028179915971,0.20586047645291955,0.11068262531555452,0.4971046872271195,0.4745585007906699,31.31075723168021,20.651299089950204
1521,Jawa Timur,IDN,2020,2020-11-24,0.1496337444710293,0.32144326952849267,0.14956583095826068,0.16175308482372988,0.2975181009248764,0.20680630793433688,0.11481736773065741,0.4142763959542845,0.3734719892397542,31.781534153882205,
1522,Kalimantan Barat,IDN,2020,2020-11-24,0.11072622746147108,0.33275555961142955,0.11058467131402663,0.12481348728479032,0.3158766913413127,0.1895443512439631,0.09326728674476331,0.5431653086608877,0.45464427490138515,29.279382179809975,13.149803300653982
1523,Kalimantan Selatan,IDN,2020,2020-11-24,0.18382338536926995,0.38065283355172286,0.1871100689738745,0.19971490092023242,0.35739115811004424,0.23106245912620285,0.11871730578435633,0.39318406224992297,0.3527668800663221,28.921381520125085,
1524,Kalimantan Tengah,IDN,2020,2020-11-24,0.12142593875329151,0.323117712403374,0.12346916489210813,0.13436071172068723,0.30491227717305536,0.1803526572086132,0.08983347774504784,0.5024862348267529,0.3937536106612311,29.299164710419735,17.386057342336137
1525,Kalimantan Timur,IDN,2020,2020-11-24,0.14400171819603944,0.3289228286572468,0.1507076003987547,0.1570544186382685,0.3085981957721154,0.1848683458323951,0.09386830930228036,0.44356610400232777,0.34147630364410875,26.840257787415933,18.06269290905979
1526,Lampung,IDN,2020,2020-11-24,0.1225169681596902,0.3630256940058934,0.11053220788134191,0.13437242231220656,0.3515553861618094,0.2331394597019964,0.11800866625165438,0.5102141072013205,0.5388581697297196,29.029682251039812,21.922780726672332
1528,Nusatenggara Barat,IDN,2020,2020-11-24,0.15367637088651206,0.3362774849885073,0.14505396793946929,0.16269678244599142,0.32423321539020433,0.2274569628457119,0.12705278040787352,0.4145569272809335,0.431185394606352,31.068160835535775,16.024480780794676
1529,Nusatenggara Timur,IDN,2020,2020-11-24,0.08992594242534965,0.3166498788767847,0.06132458644999226,0.09369772425965768,0.3402405925633995,0.2529222684125676,0.1408474679306549,0.5646938835028097,0.8628957531529439,34.476168762606406,21.342397169320833
1532,Sulawesi Tengah,IDN,2020,2020-11-24,0.14123940094001167,0.35552751434311153,0.14080877339736597,0.15627175521597395,0.33645352546894547,0.19812279295021107,0.09785357521345729,0.4820349573524811,0.4166520387387848,26.058306626284093,18.66994400360158
1533,Sulawesi Tenggara,IDN,2020,2020-11-24,0.07422859579289691,0.35250588884966955,0.06200312534561451,0.09127466642011303,0.3389562316007632,0.19783370913526652,0.08778174846693466,0.6685145625123136,0.6442592770538538,26.624688428742687,24.19723305362642
1535,Sumatera Barat,IDN,2020,2020-11-24,0.06583811199326171,0.3570591972415157,0.05483360074997098,0.0826830719386817,0.339711244539687,0.19001115507969038,0.0773304529439571,0.7011385030767817,0.6512143366242445,27.121383384850144,19.223185053502014
1537,Sumatera Utara,IDN,2020,2020-11-24,0.11131675983902063,0.3463074598595882,0.10725099483917816,0.12591454143868733,0.327178884219284,0.19763787970430088,0.09419717552337939,0.534923264360877,0.48205129848179873,27.55734966102507,18.36788242529201
73615,Maluku,IDN,2020,2020-12-02,0.07449126285589093,0.30537832650849367,0.07155728967376161,0.09043732482942393,0.2811714873043028,0.15810702862925266,0.07005169402778372,0.6330088918163201,0.49686410177641455,27.96640743558783,21.085340378867944
73616,Maluku Utara,IDN,2020,2020-12-02,0.06682790611884705,0.29335547429241343,0.06493633092481817,0.08133318659820425,0.2744237866168422,0.1526403841937488,0.06728084752194466,0.664885606973158,0.4956496705222429,27.177598775675616,20.80335179778577
73609,Bangka Belitung,IDN,2020,2020-12-02,0.14795535172566213,0.34538666488489256,0.15127241016317378,0.16133148635456135,0.3290325941493226,0.20822403841320133,0.10619053133554046,0.43392601727162783,0.3941081776651816,28.07438987921439,23.23902367875259
73610,Banten,IDN,2020,2020-12-02,0.2797787675543032,0.3906762213446702,0.281475212372158,0.28787580641871097,0.34796221318915105,0.22841980094391912,0.12780697536963118,0.22373597057371122,0.18338731262179028,28.68882491487137,
73611,Gorontalo,IDN,2020,2020-12-02,0.057283020309061385,0.3307694878002871,0.045685100888336785,0.0722524242300082,0.31585025447842935,0.1807220190047257,0.07694611618328603,0.711318199735902,0.6431127652511016,26.70280169220973,18.35114275142552
73612,Papua Barat,IDN,2020,2020-12-02,0.08299476291359252,0.314174477357101,0.08145680892969076,0.09765637979974061,0.2981550152840088,0.16173069032377263,0.07186109269015566,0.6090140562448944,0.47495513995079397,26.907969960971464,20.362517825062756
73613,Jawa Barat,IDN,2020,2020-12-02,0.1718144022700807,0.3336374385816838,0.16657145996528874,0.18064798150738057,0.3074452822032014,0.20239245218790458,0.11122609534665207,0.3946801605457542,0.33035269858345817,29.53385536426798,17.480275229357815
73617,Papua,IDN,2020,2020-12-02,0.10881685900904425,0.34308505325692756,0.10315340519845168,0.12381823892820136,0.33133538166918897,0.18807827645927322,0.08878665886472958,0.559795932992909,0.4836092342204959,26.299680787185522,12.714432827181197
73621,Sulawesi Utara,IDN,2020,2020-12-02,0.04943103691425516,0.32758304292644225,0.040455640217376555,0.06567262817746873,0.299419971709686,0.16322448972508474,0.06743193109456208,0.7489874501385723,0.6310879385476144,26.852900820242223,21.67440445259953
73622,Sumatera Selatan,IDN,2020,2020-12-02,0.09076667929533005,0.3270261616133928,0.08824881410568144,0.10435328913649863,0.3100984588240745,0.18725008974048057,0.08626593036072741,0.6048710102537203,0.5176123559452442,30.189022532308595,18.933188853389364
73614,Kepulauan-riau,IDN,2020,2020-12-02,0.12279565800623417,0.30890390863248357,0.12076643960128877,0.13730036064601336,0.2935182277758089,0.18848774740525323,0.09814152225059404,0.46029326952737476,0.3928980444638404,27.30232867079948,18.525365428781658
73618,Riau,IDN,2020,2020-12-02,0.10782411118971333,0.3467479472681175,0.10555001030106564,0.1212894928480991,0.32392901763432846,0.191791590605258,0.09117817982102853,0.5671128393172371,0.49485498046132037,29.710778235944318,20.97634242552882
73619,Sulawesi Barat,IDN,2020,2020-12-02,0.08747252486857496,0.3284477275410618,0.08586772266297969,0.10331206191867842,0.30878586729946406,0.17203534418534405,0.07619769420919693,0.5987324832242595,0.5036850868220477,27.361776341809854,18.36749084245966
73620,Sulawesi Selatan,IDN,2020,2020-12-02,0.14750708627823875,0.31647054094621035,0.14821986822158464,0.1593990208683498,0.30026692904826713,0.19127914868184798,0.1022475356978816,0.3930435276121033,0.32636886282851585,27.820259629134547,15.466077814889253
1512,Nangroe Aceh Darussalam,IDN,2020,2020-12-02,0.13312334161725298,0.33603936840348825,0.1320547257131345,0.14590850634905508,0.31688408036417504,0.1852085015534154,0.0888652232745315,0.5090942736127525,0.40820655546757373,26.944117929589286,16.730916507907008
1513,Bali,IDN,2020,2020-12-02,0.14889051599696965,0.3306202542823004,0.15484623051306,0.16270691337682242,0.3037405912752235,0.20572860527602535,0.1184354383596826,0.4213739135071118,0.387131412154956,33.021217041857156,
1514,Bengkulu,IDN,2020,2020-12-02,0.04894450610391243,0.29666595495724124,0.04265860351082035,0.06198672989863266,0.2779632048536741,0.15168484096099671,0.06064644036770183,0.7378500928545453,0.5646367185418296,28.31665733799473,18.48026946338771
1515,Daerah Istimewa Yogyakarta,IDN,2020,2020-12-02,0.06681278655073089,0.340648170336646,0.0520778762140558,0.0825571619010671,0.31323020782707905,0.20001635047890287,0.09651502339142844,0.6836394898110286,0.6844667127199047,32.45290321596097,
1516,Dki Jakarta,IDN,2020,2020-12-02,0.21564502011519784,0.27112541287703784,0.21732887648380575,0.21759999623733692,0.27220319224349443,0.23807230634701096,0.16732914754606598,0.13888383890602432,0.13048553433774662,29.358773027953667,
1518,Jambi,IDN,2020,2020-12-02,0.08461500085121686,0.3209649346544727,0.082184702501712,0.09754070524252867,0.30753729183107753,0.18195011058676083,0.08307691432812012,0.621826288186273,0.5151993269174359,29.660448384124805,18.5852756083389
1520,Jawa Tengah,IDN,2020,2020-12-02,0.1122078730875297,0.30398823340431663,0.102866223398251,0.12299882830984278,0.2802159303016802,0.18967302246618337,0.10213729606931633,0.5049131888037764,0.4373704964225684,30.775834529744213,18.774748201438868
1521,Jawa Timur,IDN,2020,2020-12-02,0.1226566565609185,0.3319642918108698,0.11498820967842366,0.13559905226868119,0.3080554311385635,0.21256709983960856,0.1154614110821549,0.4963255680066391,0.47515518795287326,31.488526224608318,13.504954248366033
1522,Kalimantan Barat,IDN,2020,2020-12-02,0.09218594225889795,0.32699872612736697,0.08963117112047847,0.10599149786010231,0.31314734392427723,0.1849157120347311,0.0878988610699783,0.6008806626645509,0.5103378242236846,28.106983486375032,20.484444091138386
1523,Kalimantan Selatan,IDN,2020,2020-12-02,0.12538059076487645,0.3420013973071457,0.12650418999353688,0.14097944456866285,0.32324181119565776,0.19061658449804464,0.08854906612189435,0.4802333906530965,0.4078829535092894,26.369473318881205,22.769222233241333
1524,Kalimantan Tengah,IDN,2020,2020-12-02,0.08549146057684495,0.3097668358647823,0.08348863124286054,0.09874138879539837,0.2949366645820028,0.16633220986632263,0.07591150581173504,0.5977855499015868,0.4630906333043533,27.962518019852862,21.690592711889373
1525,Kalimantan Timur,IDN,2020,2020-12-02,0.11280153058603151,0.31859646470244846,0.11480191425132669,0.12543396769122384,0.3026541927418439,0.1779122486948541,0.08745641672726327,0.5243667496230485,0.4133283467678079,26.90249029952119,19.603373127886496
1526,Lampung,IDN,2020,2020-12-02,0.08387618665535021,0.31231795636973,0.07026111496924091,0.0928275027709049,0.3013189232103629,0.1977685418755496,0.09757648489040424,0.6060338204224236,0.5775820770907552,30.390438159894707,24.690000000000055
1528,Nusatenggara Barat,IDN,2020,2020-12-02,0.15442882144402292,0.31246305907282473,0.15561040337117205,0.164813839443488,0.29332810848857976,0.20849217186967792,0.12406441667589532,0.3957132186452429,0.3540375534850174,27.489943788078683,18.870312517568745
1529,Nusatenggara Timur,IDN,2020,2020-12-02,0.15175369352466608,0.3205144280314366,0.14962262881068522,0.16248578623838036,0.31996137442223793,0.2261915039943191,0.12181987634330035,0.3801825653499311,0.36582384421909614,29.548176311694856,
1532,Sulawesi Tengah,IDN,2020,2020-12-02,0.11145167649688707,0.32534524566836054,0.1124431731245146,0.1259949903143096,0.3065715951306624,0.17918011132457806,0.08768314010800982,0.52805215408468,0.43431533894892527,26.475278885973882,19.16445813296599
1533,Sulawesi Tenggara,IDN,2020,2020-12-02,0.14126442245705417,0.34837730606607287,0.143559054492031,0.15727050318858607,0.3278199862533986,0.19660464114823598,0.0981926847947819,0.44443691470888635,0.3824119583694367,27.0990699776963,16.947625560426545
1535,Sumatera Barat,IDN,2020,2020-12-02,0.04729548409828523,0.28792455928242355,0.04013846904023841,0.05987768208064856,0.27161911633569397,0.14627925865505864,0.057940904076332636,0.7408014852605886,0.5421257436662054,27.692611134853074,18.43095502012998
1537,Sumatera Utara,IDN,2020,2020-12-02,0.11638294866227718,0.3246044560168212,0.11751248178410889,0.13024078124853122,0.30523146372824483,0.18054869328914452,0.08478976597943635,0.5052919076608468,0.4030487797802106,26.08698015021641,19.04293324512453
73615,Maluku,IDN,2020,2020-12-10,0.0851104031335406,0.3265834930659238,0.08116717746382532,0.10238780898776387,0.3012096064539889,0.16968966002025554,0.0764030443688313,0.6178981117249995,0.5193881818897332,27.909090620439137,21.437798163337117
73616,Maluku Utara,IDN,2020,2020-12-10,0.061094888893236846,0.3104379693995005,0.05596692858084673,0.07711477196547803,0.29160605155858393,0.1565104628619682,0.06422432273110061,0.7102549283318101,0.5464473866607731,26.690211075910312,21.06953164488438
73609,Bangka Belitung,IDN,2020,2020-12-10,0.20299964653136457,0.3658115596861768,0.21124563363954438,0.21720335712402158,0.34197273538472805,0.21437623276584683,0.11423891443515412,0.31428955253415475,0.2675119414819492,27.78889245781667,
73610,Banten,IDN,2020,2020-12-10,0.27757187588279963,0.3944369892781065,0.28307261912096326,0.2880134912443568,0.35713636495228357,0.22919523589294047,0.12530106672875746,0.2105510711323364,0.17464027808952373,26.616849317327365,
73611,Gorontalo,IDN,2020,2020-12-10,0.07019407277736478,0.31707417510369046,0.06196770524316215,0.08359752148680827,0.3011054796560715,0.1746476679645331,0.08019026294948747,0.6553241871322459,0.5720365511535784,29.496248445900537,20.843986479517536
73612,Papua Barat,IDN,2020,2020-12-10,0.09152410041041031,0.33125576617268626,0.08937252067330499,0.10686350441510555,0.3126201179712326,0.171477770891538,0.07643520375279267,0.6053688997186468,0.5016670977089452,27.618320730898787,18.595833698545906
73613,Jawa Barat,IDN,2020,2020-12-10,0.18454281429409336,0.34340664227788276,0.18411673358218014,0.19521370596384327,0.3228947761695221,0.22212850298905873,0.12636080002200376,0.3287548048282857,0.2946729311326054,27.051550659618933,16.096785714285755
73617,Papua,IDN,2020,2020-12-10,0.10085113173038429,0.3192395880323361,0.09707420092691454,0.11481376908443938,0.30363917555082104,0.17180134069322572,0.07986057297895577,0.5710831376203019,0.4469061394175641,27.392854741711997,14.957110943587152
73621,Sulawesi Utara,IDN,2020,2020-12-10,0.06009329078592408,0.31814169528460595,0.053887387601610784,0.07526320660252463,0.288915860807242,0.15836158954567126,0.06906888003143241,0.7036550639052837,0.5765769943176983,27.340800219844137,21.111876901453126
73622,Sumatera Selatan,IDN,2020,2020-12-10,0.17729853752926145,0.38102762233075826,0.18173405276940244,0.19207608643302604,0.3605605248065634,0.22513085868086655,0.1174780325026009,0.39596792479694976,0.36413413489584595,29.11787912325088,
73614,Kepulauan-riau,IDN,2020,2020-12-10,0.10802312002999279,0.2761558298168516,0.10862857624352483,0.12174323068502262,0.2605188928371114,0.16480533125903848,0.0860937153331545,0.4529252488369979,0.3493212254781562,25.424065736318298,23.202707755018135
73618,Riau,IDN,2020,2020-12-10,0.10937001310137273,0.35044492569056773,0.10558623885889099,0.12261662243452072,0.32940644496660293,0.20128496587530337,0.09955297312584636,0.5542152422869125,0.504673756411841,29.877915423408798,14.158388429752096
73619,Sulawesi Barat,IDN,2020,2020-12-10,0.11480617581458286,0.36745793343914557,0.10933448191241063,0.13054460406942506,0.34726715085429477,0.20871948155912867,0.10109327427576092,0.5822441967518039,0.5429334952635451,29.62981047641677,22.910000000000025
73620,Sulawesi Selatan,IDN,2020,2020-12-10,0.11878329948700325,0.3257469458845905,0.11035330881592316,0.13103858481758415,0.31141724006437216,0.19777452350085048,0.09992171095964764,0.49333874155940394,0.4483614490568722,26.557689633338704,20.229314668587087
1512,Nangroe Aceh Darussalam,IDN,2020,2020-12-10,0.1434734163603842,0.33854935786179263,0.14727148427144193,0.15720581059055458,0.3175968530638098,0.18458289185536705,0.09449262528631167,0.429326998266865,0.3566110846570215,26.553460474875322,
1513,Bali,IDN,2020,2020-12-10,0.28630341053445557,0.4166487108769553,0.2951740886660542,0.29789729388657316,0.38195850286282007,0.26486989386380094,0.1535602888632504,0.22144110285097457,0.19987668589986102,29.54353626308892,
1514,Bengkulu,IDN,2020,2020-12-10,0.19517199609104038,0.39119049158251656,0.1984014758533647,0.2091697643901252,0.3670060898806707,0.22272277888345618,0.1167053317399405,0.3686644302985979,0.3353022541051232,27.32466250019652,
1515,Daerah Istimewa Yogyakarta,IDN,2020,2020-12-10,0.26692217311948246,0.4388392407828019,0.27340540020497195,0.2822283653797697,0.4069217468043933,0.28072195122547133,0.16165035048195694,0.2735676224693067,0.2756705036858625,26.550959447081897,
1516,Dki Jakarta,IDN,2020,2020-12-10,0.1945905849135266,0.2833643988844453,0.17741480878897986,0.19302541107095975,0.2965598745076549,0.2435623136164768,0.16962376799117457,0.18810176944504578,0.22802655108441483,,
1518,Jambi,IDN,2020,2020-12-10,0.12492738058448978,0.34615920723262567,0.1262330007382522,0.13864263436206206,0.3286323926898103,0.19631978665902822,0.09425153371456099,0.5080948611864238,0.42663389514711225,25.7515195131784,
1520,Jawa Tengah,IDN,2020,2020-12-10,0.20479199414955668,0.3787518650704871,0.20544430110468123,0.2190998988431246,0.3540764650994207,0.24658281095219184,0.1380136407951042,0.3292417439958317,0.31666536106234705,26.168165618345853,
1521,Jawa Timur,IDN,2020,2020-12-10,0.19371591512545616,0.36901482714746486,0.19609952766479785,0.2084268710768063,0.3426158089408533,0.23804788461686974,0.13138975352528573,0.3450571516709746,0.3214755852596316,28.940556276615474,14.231065573770545
1522,Kalimantan Barat,IDN,2020,2020-12-10,0.12140154959132518,0.3330788365296012,0.12571857242402049,0.13575928255113834,0.3173034132042892,0.1936200638354279,0.09760993611616947,0.498711593931042,0.4229072600229543,28.537358487143358,12.283336820405564
1523,Kalimantan Selatan,IDN,2020,2020-12-10,0.12655383811250925,0.33267252679141845,0.12740152448998035,0.14075217604317541,0.3135009697132396,0.19995805201331654,0.10274688942934132,0.4835787899991426,0.41400634533447744,29.99270779205433,20.61521222874303
1524,Kalimantan Tengah,IDN,2020,2020-12-10,0.10088452538221515,0.31458984179949673,0.10206921837416244,0.1141281102560018,0.2983336222476374,0.17575966115865094,0.08698603941717203,0.5497426224171102,0.4376713703997752,29.382417801999672,18.06504109589037
1525,Kalimantan Timur,IDN,2020,2020-12-10,0.1152739098527992,0.3416907659936473,0.11444276029112954,0.12915324861386102,0.32305348578315674,0.18862215627587214,0.09079003937100531,0.5395201788087478,0.4615155018148508,26.469113918041256,19.17745268494738
1526,Lampung,IDN,2020,2020-12-10,0.12818320573846187,0.3606891861625363,0.1196561871776256,0.14129056219833916,0.34484404596632134,0.22599513254657574,0.11428818586410108,0.4894292853233599,0.4942133876115299,26.427560029116137,
1528,Nusatenggara Barat,IDN,2020,2020-12-10,0.14240451416165953,0.34375977957194565,0.1338558926719857,0.1543404896720706,0.3238761852371727,0.21929616729313467,0.11928122650806286,0.4604803654258652,0.455803356393663,26.079888998299783,
1529,Nusatenggara Timur,IDN,2020,2020-12-10,0.09485256774857137,0.3085744197589662,0.08213480887823235,0.10597323191432945,0.30709287765886834,0.21241485323089693,0.11113365655299692,0.5497135356052167,0.522175183815836,28.6622392329586,20.615799896731154
1532,Sulawesi Tengah,IDN,2020,2020-12-10,0.09135871513572211,0.32505169641974097,0.08862515186735397,0.10628600599625812,0.3058086985229917,0.17623924442924574,0.0815601817734423,0.6000238647918555,0.5016532710829631,27.75129804408036,19.599495377190987
1533,Sulawesi Tenggara,IDN,2020,2020-12-10,0.1192069165147483,0.3265666431839363,0.12057592685576882,0.13405229623830078,0.3091032499992588,0.1826389887481052,0.08735799435492414,0.5021986594889514,0.4057081133397027,26.324643421530435,20.421179934620827
1535,Sumatera Barat,IDN,2020,2020-12-10,0.14712291500205313,0.3585235312142277,0.14470607697697996,0.16005922491105445,0.33657807215469876,0.2038576732623124,0.10369264702636745,0.48307060778582284,0.4224781597880429,28.04828754728596,21.87785838401393
1537,Sumatera Utara,IDN,2020,2020-12-10,0.128665773748046,0.3480198928296179,0.12830444658179152,0.14285951885159326,0.3284889245076301,0.203292583771016,0.10354474609744728,0.4923615852838868,0.44887432008203754,27.627075643008514,22.05095409262643
73615,Maluku,IDN,2020,2020-12-18,0.17247565645363028,0.3586859753380058,0.17798868348699312,0.1895043027732309,0.33103202296170564,0.20365668121592498,0.10940289804657537,0.37731214602725915,0.32720405837231387,26.4499503854411,23.6236640399116
73616,Maluku Utara,IDN,2020,2020-12-18,0.10931254161191126,0.3013033573397892,0.11351347452968728,0.12333028929517544,0.27810687063931705,0.16406182155552224,0.08174950680747885,0.5206264153459949,0.3835757994890375,27.177531828767012,18.62838938732904
73609,Bangka Belitung,IDN,2020,2020-12-18,0.2760373772882971,0.4115215178106016,0.28861168382481844,0.2899123190452662,0.3802253074043281,0.24929796648126917,0.14250089705255967,0.23358366518570567,0.2112217419139703,29.859824797945546,20.686884820826652
73610,Banten,IDN,2020,2020-12-18,0.24820463041052693,0.4029018286454893,0.24619672406918217,0.2598389707932239,0.3632956223425801,0.23847071705931616,0.1276762526954106,0.30162115730598826,0.2894864762226893,23.92658634497489,20.499144043350903
73611,Gorontalo,IDN,2020,2020-12-18,0.0863048522418604,0.3095257861728235,0.08472043783882532,0.1009231874325811,0.2902737236179036,0.16978305116986842,0.08021704147720106,0.5682872744015397,0.47236553504083584,31.02831900163817,19.00569557778879
73612,Papua Barat,IDN,2020,2020-12-18,0.07805838812072322,0.3498843025296308,0.07114405264679645,0.09577285583876499,0.33027331282974187,0.17729010279431928,0.07445426494887694,0.6569673480548807,0.5698465600379787,27.128494599361726,18.613599317801928
73613,Jawa Barat,IDN,2020,2020-12-18,0.13306361853295945,0.32834472945739757,0.12134061255002038,0.14223870036504932,0.3057872612711766,0.21046365338680936,0.11453045535092188,0.46735971020966505,0.4473134442180038,27.85954660728583,17.976058551432665
73617,Papua,IDN,2020,2020-12-18,0.09215501527384977,0.35834425972602296,0.08031419448187258,0.1087768792222106,0.34634443394521824,0.19804652545674897,0.09078624336397582,0.6295738988491244,0.5761649806272223,26.490514837495414,21.4907988651481
73621,Sulawesi Utara,IDN,2020,2020-12-18,0.10747590478504929,0.3316570700768658,0.10959890545255592,0.12300714991464798,0.2994296533314798,0.17897164863491893,0.0900693712327261,0.5293802271485203,0.457486697658693,25.931760491868186,20.983140258482415
73622,Sumatera Selatan,IDN,2020,2020-12-18,0.1885983224903984,0.37077326778214875,0.1981492772385756,0.20276007359579715,0.3476436054449225,0.22301374851337633,0.12095814507698549,0.3742793879064117,0.3218027085395008,29.63214003551344,14.236698586621273
73614,Kepulauan-riau,IDN,2020,2020-12-18,0.1329464955160731,0.27220608676221614,0.13855023223664284,0.14666355930496752,0.25838316004871253,0.1750916963386353,0.10067821689431927,0.38439065570036635,0.3053422982623073,28.667571002836848,20.95047525087257
73618,Riau,IDN,2020,2020-12-18,0.12867382099142385,0.32982312694322136,0.13511874205245825,0.1416193976781345,0.30595353584065166,0.18723899590853751,0.0940548190175122,0.48140290375030265,0.3947258587140434,28.68882275448942,21.619968785452276
73619,Sulawesi Barat,IDN,2020,2020-12-18,0.19085248556884904,0.3755873636604051,0.1959736703444324,0.2051836089373827,0.3503881876877051,0.21573002848600323,0.11825258851616562,0.3600567993035908,0.31604293286593627,26.661967124559133,
73620,Sulawesi Selatan,IDN,2020,2020-12-18,0.17360071983694078,0.33542263868411126,0.17460840239776276,0.18577315635618138,0.3143352491709875,0.2028916487421773,0.11179720569244955,0.3668012727014877,0.30020193713446947,28.93447489031217,
1512,Nangroe Aceh Darussalam,IDN,2020,2020-12-18,0.0752472248137408,0.2828835718984113,0.0716659454200665,0.08648645600356164,0.2644964270819989,0.14998070951880374,0.0675776631791619,0.6385766131335937,0.44812308083493224,25.457869957551242,16.015664444043207
1513,Bali,IDN,2020,2020-12-18,0.081068634930473,0.31975008334134825,0.07115580281802462,0.09352072247008084,0.2946146954708257,0.18572754512433617,0.09424753560886356,0.6196881736528925,0.5671479171944801,26.27502800163205,20.19175037816858
1514,Bengkulu,IDN,2020,2020-12-18,0.059694178047213296,0.29340207817777303,0.05595442726504918,0.07265800673705539,0.27308203803752595,0.1465579020519404,0.059926069971261035,0.6886354823912656,0.5014023215971581,28.30365857926234,18.407397952452616
1515,Daerah Istimewa Yogyakarta,IDN,2020,2020-12-18,0.10691702187323827,0.35035988941956087,0.09848261342513737,0.12095494940639284,0.3210449918210156,0.20920799765398448,0.10816093834529518,0.5705341290255969,0.555938914508319,31.674928371882412,17.86726909468345
1516,Dki Jakarta,IDN,2020,2020-12-18,0.18073649918801762,0.2715018983388596,0.16173627583632727,0.17762306918935694,0.2880592678158332,0.2575692758980351,0.18823277776356395,0.21007675576031354,0.2899425878311705,,
1518,Jambi,IDN,2020,2020-12-18,0.11706069353044737,0.31945174057866316,0.12196856182952248,0.12988803859259657,0.30213053044625243,0.17982285021338906,0.08772248725704569,0.5180738874994789,0.4044067418147871,28.92412692755313,15.876795722721122
1520,Jawa Tengah,IDN,2020,2020-12-18,0.10512073076085039,0.3416803884987637,0.09200264063952322,0.1185847890958258,0.315906528216423,0.21319693435842327,0.10997703831022598,0.5524129648050702,0.5605680901403747,31.077762119089247,18.497433301870362
1521,Jawa Timur,IDN,2020,2020-12-18,0.08911968905505002,0.3395450024068059,0.07144277342520042,0.10244648124701698,0.3167877018991967,0.2096913688602683,0.10596690138113163,0.6022702570039508,0.6144804693476402,28.716281342330863,19.879768756747595
1522,Kalimantan Barat,IDN,2020,2020-12-18,0.14881971960930795,0.3544186233535942,0.15391234330359274,0.16364401624537409,0.334014055155751,0.20680173400775856,0.10606727223495074,0.45127164002837095,0.3875484582294872,27.7272941465667,
1523,Kalimantan Selatan,IDN,2020,2020-12-18,0.19945028182951977,0.37378437741000226,0.20764534975568047,0.21421514674444808,0.35086867840468455,0.2276493581304297,0.12209995025497167,0.3503831028690954,0.30334371527520404,26.972164176345935,
1524,Kalimantan Tengah,IDN,2020,2020-12-18,0.10265743279255089,0.3213326041772312,0.10117328456628207,0.11578361771616753,0.30469151913566295,0.17891517003240828,0.08790815371637804,0.5607324713050669,0.45438364085915484,28.479976795943465,16.42060968361259
1525,Kalimantan Timur,IDN,2020,2020-12-18,0.17398635609615198,0.35826509296334064,0.17835995911300828,0.18681946445207567,0.33769861786769223,0.20331902352561868,0.10854645322995467,0.39654449996412305,0.33321479308846863,26.611414772549097,18.145406948942675
1526,Lampung,IDN,2020,2020-12-18,0.15367002545594813,0.3383679227678104,0.1555917109758747,0.1654532148575049,0.31649931932909625,0.21593482963815022,0.11649740483246145,0.43736544697742147,0.3743262852278693,29.432067347329458,21.791276969300657
1528,Nusatenggara Barat,IDN,2020,2020-12-18,0.08172652464284855,0.3074022786158377,0.0685175239849797,0.09335518231094413,0.28725605111688507,0.18570895623915476,0.09461886923238305,0.5985614110914265,0.5517954272333712,28.256768043113855,20.202474912287336
1529,Nusatenggara Timur,IDN,2020,2020-12-18,0.10234338262545001,0.31153546665802795,0.09645668203893028,0.11587225455313578,0.2982217060641388,0.19808369284432725,0.1017272970579653,0.5425837348939663,0.48179419250693817,29.331527473860532,18.671725139588787
1532,Sulawesi Tengah,IDN,2020,2020-12-18,0.13479384027647567,0.34073649481263746,0.13542261735447864,0.14927698358154187,0.32022312989604884,0.18782424848135656,0.09443098617198491,0.4751223330888142,0.39215808155498977,28.031692107786046,18.85483846400766
1533,Sulawesi Tenggara,IDN,2020,2020-12-18,0.16887267010645876,0.35807463311747,0.17227411019675007,0.1837034873247066,0.3365324235143048,0.20838839010832158,0.11244020417977015,0.39719934959453135,0.33889871241304825,27.873861111436664,
1535,Sumatera Barat,IDN,2020,2020-12-18,0.08182260786580363,0.31540698237709996,0.07833630202463886,0.09549712872820515,0.29671979852434255,0.1688440837889737,0.07658161316911734,0.6244941471669806,0.4994838148534834,28.33440993855674,19.118823813846817
1537,Sumatera Utara,IDN,2020,2020-12-18,0.1354108932169573,0.3400494634437666,0.13895079935796165,0.14951503672779032,0.3188463549255189,0.1964938367011524,0.09864652221150698,0.47811940551063964,0.402693335627907,26.136915244832714,17.562605857877035
73615,Maluku,IDN,2020,2020-12-26,0.10585996392642351,0.323910086101076,0.10679999485782568,0.12261036795296831,0.29602682666423547,0.16786599141936356,0.07936859511957571,0.5484512190943641,0.434840941922791,26.898769878860847,20.610768247843055
73616,Maluku Utara,IDN,2020,2020-12-26,0.09530580385796893,0.3202268251656967,0.09549218804873022,0.11118320323959528,0.300152339261077,0.17227386569898726,0.08112570830821178,0.5694177743822163,0.46232942599268434,26.494559277654492,19.655145246233353
73609,Bangka Belitung,IDN,2020,2020-12-26,0.17835294865520024,0.3514549721079957,0.18456386251869564,0.19225112582563,0.32998121711738804,0.20388885334708637,0.10529955081972234,0.3618766848844196,0.30243634700157684,27.632741918426913,19.0160205425336
73610,Banten,IDN,2020,2020-12-26,0.1945199711012733,0.3529640518384443,0.1946168289288097,0.20613507006266868,0.33015028180637196,0.22804625750671528,0.1277627852190988,0.31489537073909174,0.284623647436461,30.335969072738614,
73611,Gorontalo,IDN,2020,2020-12-26,0.06439122349810911,0.3160363154700244,0.05695601507371464,0.07932559663622699,0.2944596943301209,0.16538311668141176,0.07122241050084598,0.6793098854741624,0.5532910071151274,25.642228931020355,21.034296968954813
73612,Papua Barat,IDN,2020,2020-12-26,0.09637794210136269,0.30408907195072593,0.09893911113244067,0.11066236786607611,0.2844061612286786,0.15480556140049584,0.0718606583853942,0.5454532409556325,0.4053133609268035,27.454706573426424,15.050093202738452
73613,Jawa Barat,IDN,2020,2020-12-26,0.15722759410421908,0.33149126881128743,0.1525863819206094,0.16734660367122334,0.3103288172006992,0.21563530700674746,0.12188176962395836,0.38210531279981996,0.3516194306982538,28.671236383365347,
73617,Papua,IDN,2020,2020-12-26,0.08482191987366638,0.3328206846082672,0.07646025498118593,0.10041284396792392,0.31906104502879035,0.1783164755670642,0.0804992004427041,0.6319902315270386,0.5324731019591535,27.377978225757616,14.924071808771956
73621,Sulawesi Utara,IDN,2020,2020-12-26,0.0844315574857915,0.36034093114478927,0.07889739366476754,0.1026786112460181,0.3270609543276104,0.1851542134239773,0.0837959840228647,0.6400371838584337,0.5877166792896126,21.265243442064254,18.231644826996078
73622,Sumatera Selatan,IDN,2020,2020-12-26,0.14343247714777682,0.37521175133528606,0.14359592483254624,0.1587881929845531,0.3561800979331545,0.22809463497909943,0.11744873700288694,0.4763809259114119,0.465124686760574,30.824632272557306,14.210000000000036
73614,Kepulauan-riau,IDN,2020,2020-12-26,0.1138789406579507,0.29702067848529123,0.11057876254775376,0.12755364909445396,0.27986353670655867,0.1791172696225401,0.09399267548505437,0.4682537629721813,0.39115835819914346,27.422996570095563,22.849985001649827
73618,Riau,IDN,2020,2020-12-26,0.1853369289247914,0.3629224127571659,0.1923374123553063,0.1973467449698814,0.3350692093230399,0.21705341082480653,0.12074592273820037,0.39689655352371817,0.333923849449163,29.895501043735,
73619,Sulawesi Barat,IDN,2020,2020-12-26,0.10128017562838448,0.3774601239522035,0.0934034181937042,0.11889849941000892,0.3568826510072271,0.2128998692444848,0.10015660231059885,0.6242633552935,0.6152517838004654,26.54513168565076,
73620,Sulawesi Selatan,IDN,2020,2020-12-26,0.11508721512495643,0.32565172435998446,0.1046180666010646,0.1273935605681579,0.3093675292978877,0.19824488572832535,0.10138166171984005,0.5145191682329513,0.4808684117389949,28.86268656209559,10.55288135593224
1512,Nangroe Aceh Darussalam,IDN,2020,2020-12-26,0.0780432945199177,0.30977925481619545,0.07238096529985152,0.09131709449721835,0.2922584861238617,0.16294494262269674,0.0719279639896838,0.6369950666278416,0.498485367820618,27.562110119728988,19.281990321149603
1513,Bali,IDN,2020,2020-12-26,0.11834549486246432,0.3538049475677417,0.11274581153911965,0.13263414918868022,0.32630222657254354,0.215312074454555,0.11423266202849797,0.5560763782360972,0.5434620554746075,28.79312354864636,
1514,Bengkulu,IDN,2020,2020-12-26,0.10722395823053898,0.3575858862194031,0.10629238183465435,0.1232521706365946,0.33364742521197965,0.1953318452880555,0.0912526753905064,0.5722084757649232,0.508269225205648,26.878425846332767,17.017395648028263
1515,Daerah Istimewa Yogyakarta,IDN,2020,2020-12-26,0.22702211339993578,0.39743202641711906,0.23617731640821354,0.24190071208305172,0.36887222439276224,0.2621499629616614,0.15717074649434115,0.31945916241416267,0.3156611235235635,26.74107725877272,
1516,Dki Jakarta,IDN,2020,2020-12-26,0.1383751318060935,0.23478566124291306,0.11250852167971294,0.13165325176882817,0.25102141632664815,0.22486504124631454,0.16872158052927205,0.26433981039037435,0.35005671613822487,,
1518,Jambi,IDN,2020,2020-12-26,0.1806500943886051,0.3718128379666704,0.18700768754149766,0.19345921368129895,0.34743036771200864,0.2205219146706838,0.11763803131562349,0.423854569487528,0.36580215873917327,29.893943950997087,14.786880224131172
1520,Jawa Tengah,IDN,2020,2020-12-26,0.17275794200449143,0.34429176886632357,0.1773866932571696,0.18681349783925075,0.31640859628828677,0.2180592132441954,0.12195501159058071,0.3716757238432808,0.3266713552124034,27.562113429794806,
1521,Jawa Timur,IDN,2020,2020-12-26,0.14762100050035704,0.3450519304429847,0.1480510438088264,0.1626564793872341,0.31563021743537567,0.215817654311495,0.11747805435583014,0.4452703817484619,0.41613254943330535,29.351143301357464,14.774206247293167
1522,Kalimantan Barat,IDN,2020,2020-12-26,0.11265048946868102,0.33362627578256293,0.11412623715107037,0.1272232375258131,0.31582477512114826,0.18830874081096763,0.09260013103990329,0.525059518329413,0.44727742026391043,28.82129114268661,
1523,Kalimantan Selatan,IDN,2020,2020-12-26,0.15251071415804174,0.38449560725644805,0.14865240562220663,0.1684186786648588,0.36283099416010733,0.23275425189903887,0.1199438807440271,0.4815385010997836,0.47880086748914724,29.57141898884828,22.121752929437385
1524,Kalimantan Tengah,IDN,2020,2020-12-26,0.10856275618594109,0.3289217197808155,0.10799762065663522,0.12237176929506817,0.31012427778296836,0.18061028228790946,0.08885357238106312,0.5372399984783642,0.44086758646584034,28.34755872576193,
1525,Kalimantan Timur,IDN,2020,2020-12-26,0.15432938033088153,0.3742653424276188,0.1562993517818891,0.1693525162152577,0.3546372072574879,0.21999196865422166,0.11540257185948385,0.4502156160176949,0.42285286310227116,25.672754965169997,16.675372393703004
1526,Lampung,IDN,2020,2020-12-26,0.12756276431392025,0.3539744291233243,0.11993468577938922,0.14047329859655378,0.3356276159561724,0.21905377293530087,0.11187640476230679,0.49135859152124267,0.4726655792584468,29.823090017449353,
1528,Nusatenggara Barat,IDN,2020,2020-12-26,0.12290853519564089,0.33674496786521313,0.11418191388311169,0.1358945461743256,0.31306935988496865,0.2080228282181092,0.109576417853995,0.5110830237664232,0.4818170552121735,29.178553366537585,19.174405206604767
1529,Nusatenggara Timur,IDN,2020,2020-12-26,0.08381767364780188,0.33324401725125774,0.07185051579193061,0.09895850231595224,0.316498761274956,0.20530328557550453,0.100175243813695,0.627230484468648,0.5333937620211144,29.584709633355732,18.49705706182926
1532,Sulawesi Tengah,IDN,2020,2020-12-26,0.10484358285798005,0.33568165032398933,0.10273123948024727,0.12009465777134903,0.31668397650788477,0.18768003541638523,0.0924177698101525,0.5621103534071848,0.4853418914660589,26.01680247513566,20.101304192423612
1533,Sulawesi Tenggara,IDN,2020,2020-12-26,0.10537042546175875,0.332099581353299,0.10178171808978875,0.12019561415670596,0.3126587559306065,0.18758804226039602,0.09176311481411566,0.5621545835975595,0.4794340316085416,26.824782068306092,18.39208214217506
1535,Sumatera Barat,IDN,2020,2020-12-26,0.09065519198917323,0.3047306756241261,0.08728383616040246,0.10257421783397516,0.28479335827971164,0.1676218551633519,0.08091535637712047,0.6146963318746832,0.46549311866104603,29.960116787536357,20.899534990472052
1537,Sumatera Utara,IDN,2020,2020-12-26,0.10129378855907296,0.31299822610311695,0.09954764117317565,0.11420312532649156,0.2944928960197768,0.17698417045384893,0.0851125914025831,0.5706218225748841,0.44507889447276094,28.792162159310532,20.990791876407506
