ADM1_CODE,ADM1_NAME,country,year,date,sur_refl_b01,sur_refl_b02,sur_refl_b03,sur_refl_b04,sur_refl_b05,sur_refl_b06,sur_refl_b07,ndvi,evi,LST_Day_1km,LST_Night_1km
3333,Binh Dinh,VNM,2022,2022-01-01,0.2596173358411162,0.4132650202608683,0.2571991746270663,0.26878860582423447,0.39519358631650947,0.3013811318736409,0.1859139771210853,0.2820131556750516,0.31247850096196134,22.643986475778732,18.56952339150263
3338,Cao Bang,VNM,2022,2022-01-01,0.29730461854062307,0.41205628788926013,0.3026805894518713,0.3053856645358541,0.41862198015297253,0.34950202652265105,0.24104973265297733,0.2484914812732164,0.2684514895624283,21.997330217219194,9.762509576670896
3355,Khanh Hoa,VNM,2022,2022-01-01,0.060157638667390954,0.2995533387895485,0.047074448864572765,0.0705642999632251,0.28601339087564215,0.17808930759155447,0.08362968917679652,0.7080478102004937,0.605757723659884,27.23159555144252,17.875143180859737
3360,Lang Son,VNM,2022,2022-01-01,0.17642163110716474,0.3236775139137346,0.18470118445142167,0.18376648183904734,0.3237665354839417,0.24872916462543618,0.15929078256274248,0.4136960042015302,0.3287629471640181,20.682175861940692,11.42732137574083
3370,Phu Yen,VNM,2022,2022-01-01,0.1433868051093594,0.35717341101992334,0.13160172075738136,0.15374528081567726,0.3438923926214904,0.24306837926772756,0.13800469354874842,0.4903753612699847,0.5398879657051138,24.562118425973992,15.542185234214637
3371,Quang Binh,VNM,2022,2022-01-01,0.1792976507407002,0.29235186742810604,0.18458235979309184,0.18686523719449394,0.2917884994220173,0.22989783863760996,0.14791462279999318,0.3247195592644261,0.2636631411259762,24.18348986790402,15.510821289347147
3374,Quang Ngai,VNM,2022,2022-01-01,0.3739230372351076,0.46516832796211544,0.38888224532273047,0.3831404183446752,0.4358132720292585,0.33394816498795604,0.19844258001381695,0.1499347646781116,0.13948014867668965,25.01465098796724,13.743274754101185
3376,Quang Tri,VNM,2022,2022-01-01,0.22234506204774962,0.3516393857422436,0.22116766011359,0.23047143467425765,0.3464574185148391,0.27031548369186964,0.16461125098303922,0.3061547853635996,0.27949945750782673,25.844496143311943,15.854490618577946
3383,Thua Thien - Hue,VNM,2022,2022-01-01,0.22582155756511554,0.346113309627083,0.22633406126600525,0.23425150937802441,0.342091541647943,0.26775369360751167,0.16534936212916235,0.2791018223999354,0.2601363524939337,25.710237348145977,14.412732261049076
3327,Ba Ria-Vung Tau,VNM,2022,2022-01-01,0.07691824418537904,0.2873985349967079,0.0431949721273781,0.07869930933890942,0.2995247401750118,0.21867722321742183,0.11728521194187859,0.5278849982723026,0.6387695818576735,32.63891798092766,20.316333458554293
3336,Binh Thuan,VNM,2022,2022-01-01,0.06966628799581864,0.3143590746501722,0.0343888002655611,0.06997762515666336,0.3338981758323789,0.23459545241126453,0.11820321698170158,0.6472440010666011,0.6100413367489035,32.448083378370484,19.546488528361554
3342,Dong Nai,VNM,2022,2022-01-01,0.054272140037500145,0.28999046854961585,0.031208426056259408,0.06339580028243014,0.29158894932544693,0.1912620020871073,0.08994760484531147,0.650958999752035,0.6433607947954901,31.02760062499294,19.83552388837967
3344,Gia Lai,VNM,2022,2022-01-01,0.08951684558881565,0.32830550204387654,0.0670423641432269,0.09569077203149377,0.3389932673978688,0.23277035153991282,0.12052568874993647,0.6153905008880829,0.6821923095428403,28.61718824463475,16.85339105122615
3345,Ha Giang,VNM,2022,2022-01-01,0.4164137884453678,0.500194604422099,0.4174663042834942,0.4230756273932435,0.495268127415677,0.4225637491333572,0.29452298563853285,0.15172134651490626,0.17475775288021833,21.27229696806985,11.362856497350373
3347,Ha Noi City,VNM,2022,2022-01-01,0.16927681916579893,0.25228576644301054,0.17075079320632025,0.169170494957219,0.24442699662509149,0.21425272680276555,0.15090061966337046,0.2702620468111791,0.26458990221829565,24.347649784097452,13.31370226746798
3348,Ha Tay,VNM,2022,2022-01-01,0.24874949495365478,0.3099077847984257,0.26051622788402534,0.25481841730326626,0.29054198139868354,0.25469382825419246,0.1793435179646816,0.16332476558726047,0.13672148962703162,25.202820815617194,13.647657396019339
3349,Ha Tinh,VNM,2022,2022-01-01,0.19924989416133743,0.31350045839750357,0.19403314811052652,0.20589339613670332,0.3087092860459711,0.2516523862327,0.16824498427239856,0.3138691484644534,0.26745340439852755,26.34367494371906,14.139372478556716
3353,Hoa Binh,VNM,2022,2022-01-01,0.20097560026359101,0.32269178526108855,0.21571642614569408,0.21097626071132808,0.3136710267781754,0.2511848800296049,0.16705419951512188,0.33367031016889354,0.2691935936429346,22.393234845285264,13.748728891591183
3357,Kon Tum,VNM,2022,2022-01-01,0.1090815682647507,0.3258355069043055,0.09738553311220953,0.116382565921261,0.3317429139828627,0.2193103128185129,0.10643610843117043,0.6183215120286625,0.5642708669068727,25.554872844008308,15.506251284962817
3366,Nghe An,VNM,2022,2022-01-01,0.150949379213409,0.32816431485336306,0.1467421819526668,0.1603225553450534,0.3258891939697134,0.24374330020795812,0.15231045825245526,0.467077919867337,0.22368872023314956,24.688418280381793,14.250498576227955
3367,Ninh Binh,VNM,2022,2022-01-01,0.23028671651950372,0.29475928088549874,0.24182483364656696,0.23529864424386457,0.28179887726970115,0.24961767811391647,0.1799186084030413,0.18685446346951742,0.1539418363389311,25.087513506605774,15.544221709518029
3368,Ninh Thuan,VNM,2022,2022-01-01,0.059501993783243515,0.3121903195854271,0.03254773834085092,0.06563041452995007,0.31896160168432725,0.21275320917835408,0.10162175174772622,0.6775928361078786,0.7365828972337692,29.55731013846297,18.765504371062868
3377,Soc Trang,VNM,2022,2022-01-01,0.07471708765260848,0.26841390354013195,0.03961476490830629,0.07886540524518,0.23212741727241587,0.15035872706364561,0.07306020053112598,0.5170885533806142,0.4333491694040649,30.28480157482378,20.497082633898035
3386,Tra Vinh,VNM,2022,2022-01-01,0.06782872106204087,0.23397066555435203,0.034346435298398634,0.07223329084474185,0.20789144935982762,0.1402736602089989,0.071311759169452,0.5157065705858748,0.4026913033703742,30.650680968040337,22.272345049464928
3387,Tuyen Quang,VNM,2022,2022-01-01,0.4033539607954503,0.48620960446330624,0.4172314238387672,0.41272557215459743,0.47353139217624274,0.40826205600663174,0.2934360024153469,0.126324837178019,0.12933946330750204,22.041544087784633,13.051220323017265
3388,Vinh Long,VNM,2022,2022-01-01,0.04793131324985898,0.2804339217250343,0.029572235865450873,0.05976838914435531,0.24689797638107194,0.15374691922783165,0.07178305311701151,0.6782762664279851,0.586752488553491,28.92393069786477,21.703453813466297
3390,Yen Bai,VNM,2022,2022-01-01,0.3589644269566161,0.4540544159129219,0.36465938262921344,0.3663187666793499,0.4490945972458416,0.374635241758799,0.2562378896409215,0.22617178614038635,0.20576308458299228,19.82289643907365,11.03073930611423
3328,Bac Kan,VNM,2022,2022-01-01,0.34471554303197627,0.4488480551737318,0.3594384144569613,0.35382643469777664,0.44221817807767194,0.37618271722922425,0.27196312549540297,0.19260679310382478,0.2045641821183396,19.838552081533976,9.449868746446326
3329,Bac Giang,VNM,2022,2022-01-01,0.1407677922862997,0.3010030278996957,0.1376816180587737,0.14347754003718108,0.29670950272555174,0.22615109709403036,0.14392177642197163,0.4388755499546582,0.446611919409876,23.416400191806126,13.370652173252129
3330,Bac Lieu,VNM,2022,2022-01-01,0.07552517108497565,0.19489673810798583,0.04158248858200987,0.07440057825760248,0.16826883816773838,0.11632230242587908,0.060992032587121284,0.3991810859905054,0.2663558831803916,29.55112268864761,18.0873741466001
3331,Bac Ninh,VNM,2022,2022-01-01,0.3111084945784858,0.35992459298250723,0.3212683333649044,0.31201364153489525,0.354177594120184,0.34037338371350523,0.2657804488975899,0.10956369301861243,0.14420610309207935,25.381302752953466,13.759698781334274
3334,Binh Duong,VNM,2022,2022-01-01,0.06083163495007055,0.2621988761685065,0.03574432079629307,0.06459965746146866,0.28308272623064595,0.2083903750397803,0.10896521782789514,0.620380160551984,0.6768561389612088,32.64670562878671,20.17374060591198
3335,Binh Phuoc,VNM,2022,2022-01-01,0.04533963991197369,0.28754821203855263,0.024043439036121213,0.0529146173997086,0.2981649550316596,0.18941715791797187,0.07932953995967605,0.7227246768965822,0.6425051771069324,32.111797713016124,19.82275474194092
3339,Ca Mau,VNM,2022,2022-01-01,0.062062028242793964,0.19064746831045296,0.03928870571403824,0.06802637311746536,0.15896924426635495,0.09713499030848033,0.04750439570838899,0.47495279496833176,0.27184952963498565,27.81613083189234,19.46281876476774
3340,Da Nang City,VNM,2022,2022-01-01,0.25420727343472427,0.379146144003284,0.2590992755215316,0.2639943459706493,0.36575291422310535,0.2854520922763904,0.18217036945982107,0.2567573929022119,0.25321966494313547,25.901095789860562,13.008775164508442
3346,Ha Nam,VNM,2022,2022-01-01,0.15116520788927326,0.23031172214825552,0.14795683876648724,0.1510590117454318,0.21791531594555033,0.18634589110975075,0.12483982238976854,0.26860911291273276,0.20024468581335406,25.11945684420197,14.663425555307404
3350,Hai Duong,VNM,2022,2022-01-01,0.15327274199081553,0.2466599460628565,0.14857294908362118,0.15253633507561284,0.24336720328415828,0.21211882957821462,0.1512262648938572,0.2865747136446322,0.24845586964827826,25.444000818232816,14.307078193594686
3354,Hung Yen,VNM,2022,2022-01-01,0.15182173047462658,0.2474134940545159,0.14135010086836197,0.1459235181980674,0.24175374372459246,0.21047870857051892,0.1471422249801744,0.33030449346531954,0.3066451119978378,25.21966080581142,14.139750623366574
3364,Nam Dinh,VNM,2022,2022-01-01,0.29529929556580137,0.32982010301847947,0.3035223859902422,0.2970539802540989,0.3205953804736318,0.3044335609964185,0.23147349687423563,0.07406001752555262,0.14317112996604422,25.68851577959416,15.704952145811374
3369,Phu Tho,VNM,2022,2022-01-01,0.38445157003280084,0.4500637258567592,0.3988168579324059,0.39346854664371667,0.4333336745898039,0.37453543595696365,0.26545737169301425,0.10860787700963291,0.11394098871048672,24.049761918325476,11.528260827145804
3372,Quang Nam,VNM,2022,2022-01-01,0.23203436048615794,0.37820804387549156,0.24022604740937323,0.24281815870005652,0.36713150608672146,0.28222348365934113,0.18088535477746984,0.27851398245799686,0.29563133055153606,24.12490583534053,12.125329278552845
3381,Thai Nguyen,VNM,2022,2022-01-01,0.22355837117982963,0.3478590307503508,0.24086991460367932,0.2339793626546163,0.3372030579385478,0.2727044078991906,0.18361512045523326,0.2957190541766656,0.28494709392128953,22.530458338444667,11.338300212315751
3389,Vinh Phuc,VNM,2022,2022-01-01,0.22467210148483313,0.31319748790851526,0.24366607797172715,0.23515591493179322,0.29388754578561666,0.2440789597271028,0.16373169494215933,0.22357103273536758,0.19174814616340102,22.50547763155463,12.772204488513934
73933,Can Tho city,VNM,2022,2022-01-01,0.050498007160529226,0.3927770741151944,0.03485594008463697,0.07215105830637936,0.329662938062387,0.20644709260198074,0.09361314862161879,0.7417385134799754,0.8747076696196677,28.37660746358004,21.307120010005733
73934,Dak Lak,VNM,2022,2022-01-01,0.06639929522700413,0.31096637840696206,0.042497903326436055,0.07396777859365447,0.32118727826228305,0.2131696134914698,0.10292177185742475,0.6725666532267373,0.7015081345673728,28.007950571135453,17.34546679723216
73935,Dak Nong,VNM,2022,2022-01-01,0.041032841674047915,0.29961579772477015,0.021808694488337815,0.049745354027066035,0.30614383088983427,0.18536619086026893,0.07726879835556971,0.761354740703783,0.6755552770903245,29.04418058959037,17.034415572927724
73936,Dien Bien,VNM,2022,2022-01-01,0.12231895745774676,0.29940065726504544,0.11112158606304565,0.12716681670853056,0.3157578849802933,0.22617821718067987,0.1270465039691913,0.5800071582253575,0.4618735291850355,22.940731472802135,13.72627447796861
73937,Hau Giang,VNM,2022,2022-01-01,0.05668336855225259,0.2767627011829318,0.03871081179656697,0.06901567229460966,0.23868140171106986,0.15501329063793198,0.0743333991952971,0.6420050655941405,0.5394344714596423,29.499281012889067,20.00379266392755
73938,Lai Chau,VNM,2022,2022-01-01,0.13039025667078952,0.3044028862780234,0.12328278158950512,0.13711246837333077,0.3139391768706617,0.22316627848516224,0.12888123585162123,0.5530361131359859,0.43799624094544476,21.14021771652186,13.023638278039323
73939,Lao Cai,VNM,2022,2022-01-01,0.33308868612352815,0.42145629348531427,0.3370436951217097,0.33913750036134377,0.422200359629757,0.3573702570504651,0.24815017234000836,0.22187802618476654,0.1952788065659492,20.8150335104141,9.754689505737307
3326,An Giang,VNM,2022,2022-01-01,0.060168930676190044,0.24148158719069274,0.03544556239827369,0.06917203089653862,0.2147845077806333,0.15008255909087917,0.0743261782592063,0.5540677898119528,0.45533505021887977,30.050926075040575,21.706748807657547
3332,Ben Tre,VNM,2022,2022-01-01,0.06048085092980698,0.24920983277628528,0.03235766066532555,0.06606592371145058,0.2176964803693448,0.13173169095381015,0.06214457982837852,0.563989696001929,0.43598486598988456,29.56398810280128,22.21910648531498
3343,Dong Thap,VNM,2022,2022-01-01,0.048991837993852455,0.29699021378889456,0.0298864218517336,0.06367604277138252,0.25557583293325037,0.15821693799572326,0.07121624247470708,0.6787694789180365,0.6013811928772953,29.14902662712542,21.68549841598579
3351,Hai Phong City,VNM,2022,2022-01-01,0.16572069424378782,0.25938259588207846,0.15404869109947586,0.17052475066166128,0.2629118513346564,0.22333342837366438,0.15207090605561843,0.2448308741402996,0.23156409222925348,24.88115062721669,15.147909064725837
3352,Ho Chi Minh City,VNM,2022,2022-01-01,0.07109278000979702,0.23434336208761128,0.04808542346528121,0.0768888296645098,0.21374273109589753,0.14812965400942207,0.08679120758808413,0.5225806929404799,0.42208135475062397,30.15868021880098,21.88855345775066
3356,Kien Giang,VNM,2022,2022-01-01,0.0608106718264699,0.3130324118320177,0.03966169821058888,0.07554101180348538,0.27377088146860645,0.1779147579241455,0.08297375002162062,0.6479712889000856,0.6239968265986551,28.71959860993205,21.807485866013753
3359,Lam Dong,VNM,2022,2022-01-01,0.043887064470859154,0.3195018823101036,0.023813737237894702,0.05541070343115464,0.32341933143139623,0.19098132122923223,0.07841777636328053,0.761461443202968,0.697499623189779,26.772479509973945,16.213564318974594
3362,Long An,VNM,2022,2022-01-01,0.05619009525875067,0.2330441928651758,0.032814087433741326,0.06257763688739891,0.20962611969030248,0.1435105656662109,0.07205699064665284,0.5797593822394363,0.4194867596929655,31.363878503972913,22.04521575845677
3375,Quang Ninh,VNM,2022,2022-01-01,0.2135016513523268,0.3496050507926902,0.21505268634871783,0.22383274015734791,0.3450076935330269,0.2743638810347284,0.18567991385915397,0.33062770859017726,0.31112357727332735,22.9360478417475,14.072468394640607
3378,Son La,VNM,2022,2022-01-01,0.11109033921195222,0.2776473385939129,0.10182529728338904,0.11559453855663053,0.3001883729121168,0.2215884102893725,0.12583165222605572,0.546754765175771,0.47765383232755515,23.762739994649472,13.509860610765623
3379,Tay Ninh,VNM,2022,2022-01-01,0.06329245833308578,0.25125189389668423,0.037330674349464625,0.0677737104471407,0.26419971549120314,0.19036341956502295,0.1000899487671678,0.5672131963769702,0.613115377954949,33.056038630835225,20.712916464409734
3380,Thai Binh,VNM,2022,2022-01-01,0.19308654266714617,0.2654927369394417,0.17846117730200595,0.18872025576145965,0.265540763733275,0.24542441705654455,0.17713617794659534,0.21069402467473583,0.20327747907590404,24.996748682911928,14.088669314569387
3382,Thanh Hoa,VNM,2022,2022-01-01,0.13858285079671498,0.2905002594417366,0.14080357601824048,0.14656409728258313,0.28066743540198447,0.20975386779578034,0.12835709129150805,0.4584792032705277,0.3695986706822482,23.894249952235654,15.095554925700352
3384,Tien Giang,VNM,2022,2022-01-01,0.050359005184280534,0.28100039901348284,0.030046801941511703,0.059978230927646314,0.2458221699353558,0.15512462706070473,0.0750969921941783,0.6712653680918942,0.5848161535406902,30.34367357282783,21.807257203122738
3333,Binh Dinh,VNM,2022,2022-01-09,0.15531721762997314,0.37105496946017463,0.14695748493591554,0.16730434707016134,0.35654666442957933,0.252694802015436,0.14604478378775887,0.4761136433386152,0.5303381425466857,24.132650874952212,16.379875817376785
3338,Cao Bang,VNM,2022,2022-01-09,0.6252164400301177,0.6528951678501763,0.6366083330000458,0.6265557590467856,0.6174723457419756,0.5081309898953051,0.3301156125830264,0.02458642001189541,0.03310903683044154,15.592262920764233,6.718274459974604
3355,Khanh Hoa,VNM,2022,2022-01-09,0.07202706930020374,0.35714547485008796,0.054871112483972855,0.08628873613254925,0.34366223168453963,0.21674504794819605,0.10306144359840871,0.6781459391768373,0.7425023581289686,24.796907740478666,16.30136011774292
3360,Lang Son,VNM,2022,2022-01-09,0.6682848179619518,0.6960441999557934,0.6624659089959819,0.6681224081206181,0.6540376619027234,0.5303726441603163,0.3223028784532015,0.022911784564891288,0.026273151585420977,19.017412633279367,10.726270801254373
3370,Phu Yen,VNM,2022,2022-01-09,0.12993528058398462,0.3351068696930964,0.12280482761816504,0.14155867187239443,0.3216931890776145,0.22086804710020078,0.12182008876409553,0.48545736566483716,0.49248226945498186,24.86795607762828,16.86018392946663
3371,Quang Binh,VNM,2022,2022-01-09,0.09173542840682276,0.2893343525984964,0.08017006082227007,0.10138489040940007,0.29302109167895923,0.20513230420973944,0.10999830036730127,0.6012081536411743,0.5182768139989535,25.64547425739297,16.815222257434307
3374,Quang Ngai,VNM,2022,2022-01-09,0.277690294619784,0.41683660848387905,0.28619203648651265,0.28885224845741253,0.3961210988662901,0.30256707122191556,0.18181208242163938,0.28651043872527926,0.28521864386321516,24.89267637596884,15.500985142163623
3376,Quang Tri,VNM,2022,2022-01-09,0.05449596143249304,0.2844271427521263,0.03678611299072581,0.06630625855114455,0.2881452571797911,0.1912257917084337,0.08673737730932551,0.6746259976040915,0.6154370496934224,26.79601466603393,17.36131545016195
3383,Thua Thien - Hue,VNM,2022,2022-01-09,0.05046782672782041,0.23884126656463223,0.03968739447195238,0.06055412518124337,0.24314914491693074,0.15925712226100738,0.07361211497137424,0.6491932928503789,0.48888599434841523,26.6194444494749,17.351244198426528
3327,Ba Ria-Vung Tau,VNM,2022,2022-01-09,0.0774399291726956,0.26916710772775715,0.042168084656094784,0.07649252878484336,0.28246345563100944,0.2083378066888457,0.11668214522370605,0.5136823572113335,0.5863197606081094,34.06635881805805,20.11985616427817
3336,Binh Thuan,VNM,2022,2022-01-09,0.07129707315940033,0.2991989913999568,0.035511443811340936,0.0698881186821077,0.3197279390600902,0.22555357553583746,0.11626463762122273,0.6290696277096537,0.7305936408467857,31.852705349008037,19.957203309580105
3342,Dong Nai,VNM,2022,2022-01-09,0.0600457736531829,0.2874197347346651,0.033831866571298705,0.06691219834068214,0.29336247349873623,0.19390563225244617,0.09592127732818774,0.6309997892968392,0.6309917231901949,32.55126279405158,19.483069022817624
3344,Gia Lai,VNM,2022,2022-01-09,0.0890543132169547,0.31342672284507356,0.06675016261356288,0.09358907621132047,0.32736726305482683,0.22904812533910915,0.12223658896255413,0.6055658351990295,0.7146404957464529,28.227435049434817,16.31179595909904
3345,Ha Giang,VNM,2022,2022-01-09,0.5584391765073559,0.599808363660364,0.5575537240420589,0.5611279986840334,0.5753310857533526,0.4827942486884336,0.3134776800130598,0.06420364646426605,0.0694886864321113,19.25267752431683,7.213352842060409
3347,Ha Noi City,VNM,2022,2022-01-09,0.6318713122980015,0.6476461737818449,0.6411023798637314,0.6319420107092407,0.6061761087411787,0.5071365745314353,0.3163961166521941,0.012453999093907677,0.015857730059199788,26.13360559823217,9.361827554635601
3348,Ha Tay,VNM,2022,2022-01-09,0.6169805572490815,0.6372504505012605,0.6186416136618755,0.6156822387609242,0.6028597401266226,0.5181379260846138,0.33473156522172365,0.017511263968661886,0.02310321206117706,25.06991812734502,9.093366616722562
3349,Ha Tinh,VNM,2022,2022-01-09,0.3611445349829503,0.4383108710478749,0.3559364538552074,0.3627914278710114,0.4328089471800838,0.38680778460658743,0.2800316846007827,0.15206230257267284,0.17443532396487407,25.640568282678853,16.794610652555473
3353,Hoa Binh,VNM,2022,2022-01-09,0.6049257002666899,0.6445806683154789,0.5930233172842313,0.6024508293671195,0.6263463668808226,0.5612893593725521,0.391213462686613,0.03959660552864917,0.05462054928939915,22.55466231757609,10.590700412487392
3357,Kon Tum,VNM,2022,2022-01-09,0.06413053719950819,0.30680334862030345,0.047964484919139905,0.07212367132483045,0.31867477023203994,0.20276660007036781,0.0942289190611914,0.6949213445317219,0.653144108949299,26.427194180030835,15.254595994848582
3366,Nghe An,VNM,2022,2022-01-09,0.3619585947608376,0.46461081266583043,0.3518918283631586,0.3637743097995929,0.4584361238081178,0.3940646596574407,0.27470031215898155,0.213813874550293,0.23997409743375606,23.787497954015006,14.176560600352975
3367,Ninh Binh,VNM,2022,2022-01-09,0.6148740906583368,0.639045004155898,0.5967214119027312,0.6105554096866997,0.6231104918068054,0.5734429198244653,0.40890139445938845,0.0192591603338397,0.029594908363507283,25.501774915509735,11.853196769111554
3368,Ninh Thuan,VNM,2022,2022-01-09,0.0696318623850598,0.33713749201920284,0.03801191302520523,0.07543651293614805,0.3456920490142317,0.23360595464406966,0.1151449898066863,0.6555099245621483,0.7903990823542677,27.90445223149608,18.69817009952709
3377,Soc Trang,VNM,2022,2022-01-09,0.07957617004286972,0.28853812350675084,0.04185024652494323,0.08616392255233704,0.25965356389570365,0.17216957298008323,0.084969696204597,0.5233592384445792,0.48704741668085577,29.52835324520028,21.602946637499624
3386,Tra Vinh,VNM,2022,2022-01-09,0.06737205142929724,0.26651751604653373,0.0350420418982267,0.07619297009792281,0.24195792842674885,0.15995483619514858,0.07892275240550127,0.5383928494239472,0.49030475574577426,29.835629990973427,21.19431904684193
3387,Tuyen Quang,VNM,2022,2022-01-09,0.6597098301203899,0.6859620837421386,0.6575304832646737,0.6598509669158915,0.646537400710034,0.5415202854832388,0.35188102188949044,0.02014774661006618,0.026414772327758233,,7.242204853400232
3388,Vinh Long,VNM,2022,2022-01-09,0.06228082331743206,0.3529275264641344,0.037944956485666044,0.07892460544639945,0.3146465899912328,0.19402121869004477,0.08739728590050246,0.6742706788970544,0.6935526228093462,29.642789315714097,20.271307170274838
3390,Yen Bai,VNM,2022,2022-01-09,0.4509120708759497,0.5251228213368319,0.45281874276055506,0.4556009398456651,0.50952986872553,0.4196706956423611,0.2666493396543173,0.1717487070593466,0.1580445835745959,19.660798998839503,8.97518215063411
3328,Bac Kan,VNM,2022,2022-01-09,0.6880948669739885,0.7130654166893324,0.6893463023448352,0.687337264088146,0.665654876042358,0.5511782223871888,0.3532601911599723,0.018845038443539054,0.02489559669927751,,6.495149931706876
3329,Bac Giang,VNM,2022,2022-01-09,0.6378311276229939,0.6715699898120047,0.6343183418661209,0.6382779554225656,0.6364966727856903,0.5332510750842294,0.33686721118555346,0.03256446289123448,0.04170636083725427,20.39828438724804,11.401282431304718
3330,Bac Lieu,VNM,2022,2022-01-09,0.08305467117075818,0.20495345176047128,0.04429295808029896,0.08111794576750479,0.18267495999266406,0.13038688872340357,0.06990176730796413,0.3789697355858161,0.2800837381406444,29.84088262676617,21.622133983890777
3331,Bac Ninh,VNM,2022,2022-01-09,0.7335895217857836,0.7439053820688323,0.7158190685090858,0.7283573463718552,0.6927829112266732,0.5566207859440653,0.3356153547356223,0.00630873024890349,0.006990999015389313,,7.7900000000000205
3334,Binh Duong,VNM,2022,2022-01-09,0.08005898499322904,0.2923037109819176,0.04623151049381277,0.08251965564500337,0.31969813010504067,0.24244816964509022,0.13224824364114868,0.5700505539337064,0.7199632060091071,33.18707163546897,20.01291315628239
3335,Binh Phuoc,VNM,2022,2022-01-09,0.05283494857936491,0.28992503262561337,0.028319420742192278,0.05866516442935922,0.3049628884813626,0.19862499128434405,0.08810720849956649,0.6854064825727877,0.6420538837990768,31.95436139319022,19.79120318083648
3339,Ca Mau,VNM,2022,2022-01-09,0.060097434751061427,0.18776938701718207,0.035253200194855075,0.06512891984959296,0.16241094932187233,0.10015825075748444,0.04839340428960365,0.4666564463427794,0.27700239569969476,28.47736184879387,22.98275763109338
3340,Da Nang City,VNM,2022,2022-01-09,0.16843022706132735,0.3427998460059781,0.16569125176522018,0.17984451307981306,0.3370087563651984,0.2545274476192876,0.15948469458175307,0.4058018575413854,0.4177635244972484,25.30815101743593,16.18076419613081
3346,Ha Nam,VNM,2022,2022-01-09,0.6288635252381785,0.653343957738459,0.6039376489874889,0.622671979345483,0.6370608597088719,0.5785305601358071,0.41100612893939736,0.019134065498765698,0.02912978184701277,26.35447473633098,13.087074552037906
3350,Hai Duong,VNM,2022,2022-01-09,0.7083212982776551,0.7269261433738767,0.6900173690404732,0.7025400782849096,0.6877452995951698,0.5715521691671918,0.34992631227625476,0.013010050817258988,0.01417287055327688,25.887859597607793,12.792928627545741
3354,Hung Yen,VNM,2022,2022-01-09,0.6927564332200379,0.715622039221235,0.6687051941556303,0.6852183468397658,0.6816112450781842,0.5636690587159001,0.340948874037869,0.016394740116662438,0.017900323910544916,27.154579494185977,10.654435324223853
3364,Nam Dinh,VNM,2022,2022-01-09,0.5754059989744219,0.5955530925630315,0.5583470186198919,0.5703747858163201,0.5825087348895773,0.5355248743727496,0.37366387949236424,0.017285630302955837,0.02369346184114613,18.738259943832666,13.253062533910889
3369,Phu Tho,VNM,2022,2022-01-09,0.6843942331301954,0.7046838869219256,0.674376508860106,0.6814124534723394,0.6610868118376954,0.5445487479700224,0.33502524036129466,0.015715405173257545,0.01844530834147929,11.278456980327102,8.317768331473511
3372,Quang Nam,VNM,2022,2022-01-09,0.07040518124452243,0.3392659042268221,0.060641940779086204,0.08656029048087115,0.3342930951806507,0.20963997175732696,0.09563159310093673,0.6827085391225861,0.6670522191755872,24.939504844305574,15.264728914817335
3381,Thai Nguyen,VNM,2022,2022-01-09,0.5462075207826417,0.5944681873667461,0.5704645062387164,0.5505971956473508,0.5667932608561811,0.5035042164417047,0.360560585788838,0.05139388244925898,0.0832099203940248,19.691465817562566,7.158912128008596
3389,Vinh Phuc,VNM,2022,2022-01-09,0.6431179845173649,0.6633926537510759,0.6486827886922654,0.6434902543575786,0.6212016061603833,0.5203904934538349,0.3159988444339665,0.017317348875103056,0.0195815205209966,,8.249551073475121
73933,Can Tho city,VNM,2022,2022-01-09,0.05791681567216401,0.4242358002352853,0.03789574521575253,0.08178806837905915,0.3592147826769736,0.21682142249050887,0.09411544342107481,0.7355345159580471,0.8649792958594478,28.343181216045416,19.89501318488959
73934,Dak Lak,VNM,2022,2022-01-09,0.06779919211406514,0.29921136436144186,0.0462068066293643,0.0745072802524121,0.3104572775585086,0.20724141962220763,0.10157182141404816,0.6576364902215824,0.6754665122852287,27.465187404282375,16.88046872867558
73935,Dak Nong,VNM,2022,2022-01-09,0.04887315988926417,0.3018977451978008,0.02713170633185119,0.05612010278004359,0.3124881837821464,0.19375902897400857,0.08534452908018912,0.722034705488859,0.6687945873936793,29.33267885375676,16.490874314585987
73936,Dien Bien,VNM,2022,2022-01-09,0.18285272367070876,0.38180597203800165,0.1634061812936483,0.18784204577873775,0.39930593707141526,0.30003186736706716,0.17799717749627256,0.5051639800397929,0.5416003655997917,24.051507397663222,14.58698622399693
73937,Hau Giang,VNM,2022,2022-01-09,0.0548293420217517,0.36169340798327315,0.033756433689543154,0.07706157241609078,0.3191121479137169,0.20079614460530262,0.0890130612889609,0.7189842146579746,0.7612053618977787,28.769354210738307,20.253506183358454
73938,Lai Chau,VNM,2022,2022-01-09,0.28733756416321926,0.4467288012819008,0.27735424271098796,0.29369800828534287,0.445452487340617,0.34522206338368094,0.21726023221386306,0.38367629037726425,0.38111483506286253,21.97845504177825,13.52002499903978
73939,Lao Cai,VNM,2022,2022-01-09,0.4825441580251052,0.5553638979563473,0.47212954557048503,0.4841320925523366,0.5420602706681905,0.45334341916797194,0.2967961733347703,0.16833175005790954,0.1548418947523678,18.191127597165078,7.558137371143324
3326,An Giang,VNM,2022,2022-01-09,0.06321998029036408,0.38130751693354975,0.03739369889239235,0.08916252542477883,0.3354990252205094,0.22496695338356015,0.101205867229416,0.6855791311133902,0.8296348119346039,30.246793905020926,21.180983499915094
3332,Ben Tre,VNM,2022,2022-01-09,0.06551975596533162,0.2683347122854271,0.03586388910935664,0.07215779273598819,0.24022119564053368,0.14431347301328096,0.06816673501595832,0.5468332220804898,0.46357279895139086,29.771873030770028,20.396761328111577
3343,Dong Thap,VNM,2022,2022-01-09,0.07413675301847818,0.3880533358141296,0.0439415517195446,0.09245464058559785,0.3480688064733527,0.22391653124303912,0.10242378015289563,0.6512736561085749,0.7592696852867183,29.963815201713107,20.79186814656777
3351,Hai Phong City,VNM,2022,2022-01-09,0.6212759466808322,0.6466071205127478,0.6055187769375995,0.6178240438620862,0.6213698833492303,0.537751583826647,0.3445704910171121,0.023455182372700518,0.029976204583404838,26.386247295768968,12.931505391864356
3352,Ho Chi Minh City,VNM,2022,2022-01-09,0.08954060951872612,0.28020140060893195,0.05845853854612755,0.09717530958331896,0.2624860525784678,0.18517733468137537,0.1070572011123558,0.5089888397539988,0.4961999622942892,33.27925122637642,20.682388209932707
3356,Kien Giang,VNM,2022,2022-01-09,0.05751907546602682,0.35450047970986986,0.034224384570549216,0.0758168704781819,0.3113723220522984,0.1974743981930158,0.08817377355507262,0.6660307070662966,0.7469658222019245,28.766184567490477,21.268688684066696
3359,Lam Dong,VNM,2022,2022-01-09,0.043055325913714575,0.29626231599628877,0.023679692180799933,0.05226211548118657,0.30184140606524357,0.17762840578481373,0.07492895874910722,0.7484519941828333,0.6405750753832108,26.657406625082995,15.921143157798399
3362,Long An,VNM,2022,2022-01-09,0.07657521850093657,0.3532551477926603,0.04446119910610491,0.0929010064240186,0.3262681114828535,0.22500968845409,0.1105616279756261,0.6263747248837188,0.7208061933180526,31.92201158678718,20.670950792067767
3375,Quang Ninh,VNM,2022,2022-01-09,0.6410350347393305,0.6699055400601923,0.6344839737148181,0.6415772501642473,0.6369499111323208,0.5473766551413821,0.3584225323656317,0.02499978011283942,0.03183104712782651,18.401590339595455,10.846147453747202
3378,Son La,VNM,2022,2022-01-09,0.2697945876098543,0.41030719445557573,0.2502009843535613,0.2701576219993744,0.4280844256112794,0.34934109213162173,0.2221662125183088,0.37718965129286963,0.40532099584509707,24.60287279708393,13.606565453477707
3379,Tay Ninh,VNM,2022,2022-01-09,0.07479597937275644,0.28496355251461364,0.04425600237367585,0.08053144600777401,0.30298158730083347,0.2216175805595942,0.11885995527001912,0.5648813284997899,0.8814482964743809,32.42541064661361,21.04747832537171
3380,Thai Binh,VNM,2022,2022-01-09,0.6023403894024768,0.6253477979645037,0.5845075724049984,0.5961851686363759,0.6088034950237676,0.5381801369694439,0.3467907697689798,0.018763738476534727,0.022768332145511685,21.89928582577826,13.068528443578037
3382,Thanh Hoa,VNM,2022,2022-01-09,0.5034913136971396,0.5612026200199113,0.4980204272171465,0.5040055226294392,0.5473518693357119,0.49405948453593396,0.35397986527705805,0.07764365368600117,0.10310495848143787,24.899347797709343,12.575257621964653
3384,Tien Giang,VNM,2022,2022-01-09,0.06930233702727735,0.3629677368408794,0.04195293381860402,0.08403532519759718,0.3215734254366696,0.2010556547013532,0.09495866230448745,0.6502553217756655,0.7042176259055516,30.80824393162303,20.363479821379272
3333,Binh Dinh,VNM,2022,2022-01-17,0.06591290484899526,0.33531311830267535,0.051080852975806855,0.07994454520519771,0.32520003053125074,0.20404398192075826,0.09470270845424994,0.6764821919197198,0.693939669478264,26.845534562090375,17.34155441197195
3338,Cao Bang,VNM,2022,2022-01-17,0.19785204281578656,0.32291810527191583,0.19715796491472906,0.20676404097979012,0.3355723733222028,0.2692817923792669,0.17846156673140123,0.33080869558560416,0.29918266757014716,19.546378906550235,10.84911521640304
3355,Khanh Hoa,VNM,2022,2022-01-17,0.0725732849267245,0.3226837133065111,0.057247993652578544,0.08310893503630609,0.31496848061347105,0.20069965888505834,0.09927687358003605,0.6563539504125168,0.6617024750231912,27.728985540215696,17.26842404816069
3360,Lang Son,VNM,2022,2022-01-17,0.0839723869432762,0.27784042192818764,0.07370108335059135,0.09295270183401955,0.2939691112872666,0.20080933159027461,0.10546800624813008,0.5949047523242577,0.5111794286102576,20.577869151270765,10.150248611092287
3370,Phu Yen,VNM,2022,2022-01-17,0.09986453756587929,0.31679146033344524,0.09162683649517889,0.11184476973655108,0.30418986531147374,0.20310260158338073,0.10817666958009045,0.5589228246286848,0.5517280594465812,27.662831060373065,17.80417558037252
3371,Quang Binh,VNM,2022,2022-01-17,0.08523903708137232,0.22185017595954723,0.08548101766730161,0.09292862074014502,0.22261735713749578,0.15669487945360314,0.08801630262729854,0.5747559702116978,0.3397176555399082,26.46683768002946,15.75679462843042
3374,Quang Ngai,VNM,2022,2022-01-17,0.06582812900854572,0.3235090291222047,0.052269418432725444,0.08083915029697238,0.3155964847370662,0.20568532951228782,0.09671782330748445,0.6814337482193842,0.6648273745169849,27.565407778861033,16.83070520832834
3376,Quang Tri,VNM,2022,2022-01-17,0.14470200943600572,0.2725948601094679,0.14675075610694266,0.15312536120133774,0.27109366236965116,0.20749622256624264,0.12581691950436183,0.4224022561727699,0.306735062594963,25.826150545320942,16.988144340289963
3383,Thua Thien - Hue,VNM,2022,2022-01-17,0.08543677760197023,0.22801458287746293,0.08464096965094635,0.09435009711179496,0.2305768879065044,0.16452133671360145,0.08923789921116763,0.5447138902457059,0.36207659312549173,25.818690130796586,16.263519662964868
3327,Ba Ria-Vung Tau,VNM,2022,2022-01-17,0.07404351612466904,0.24305773748651127,0.0441438824727963,0.07206272094003137,0.2565337279157282,0.19331329332857183,0.11165793322194442,0.49314201833576043,0.5356954430651818,34.2440781912368,20.68178273282698
3336,Binh Thuan,VNM,2022,2022-01-17,0.07162253962744192,0.2887001400743123,0.034859665952012134,0.06748916125961882,0.31602448232503794,0.23002558023178235,0.12311283599871703,0.6188233480567702,0.7494789747355209,33.45082209321606,19.72476408800349
3342,Dong Nai,VNM,2022,2022-01-17,0.05511539926237833,0.2610040529113475,0.03193778159596346,0.06053853134295833,0.2673933965804369,0.18043736432044755,0.09154568725642959,0.6049148046578046,0.5917808943381523,32.28869253562097,19.975413124345845
3344,Gia Lai,VNM,2022,2022-01-17,0.06615456822208746,0.3019237579905148,0.03740067816317176,0.06850917548218027,0.32420103161223435,0.225173733701696,0.11436389556309631,0.6523782315844855,0.905719382634742,29.643160073030487,17.018124743034175
3345,Ha Giang,VNM,2022,2022-01-17,0.11095384482382775,0.2618388820393126,0.09921394525036957,0.11672363094398976,0.27860681931913006,0.2056905352397736,0.11783780309638392,0.5421487978010304,0.4214524693473228,21.327913418167213,12.805571823713668
3347,Ha Noi City,VNM,2022,2022-01-17,0.13732636472314913,0.23030145599841706,0.11835881093952087,0.13796033870492433,0.2376508875901858,0.2012473684622766,0.13744153820245714,0.27484867188125567,0.2535528942097439,24.95645604439473,11.60496228677267
3348,Ha Tay,VNM,2022,2022-01-17,0.18984278689584094,0.25821169722495096,0.18265540150742007,0.19504672566867035,0.2504523366498114,0.2152763758844016,0.1503631570367487,0.18279301501386325,0.1517150375778311,24.41238425107336,11.495039587889561
3349,Ha Tinh,VNM,2022,2022-01-17,0.09519789463495514,0.23064929000411122,0.08722638525767437,0.10251311405258309,0.23398395272210273,0.17248682869018087,0.098585928818204,0.5139560331408584,0.34121334366319644,26.9814341913558,13.914024099315906
3353,Hoa Binh,VNM,2022,2022-01-17,0.16624479497797168,0.29917155625360364,0.16639666134309963,0.1759303747548427,0.3052550990406979,0.23788430825572476,0.15041100106692307,0.39824925770978453,0.31348764340154683,24.288448497367774,11.745357037003439
3357,Kon Tum,VNM,2022,2022-01-17,0.04799658121551189,0.28346723016254294,0.028351709953284347,0.05308781075046931,0.30141566931913477,0.1934663065633567,0.08781505160651548,0.7246687567413695,0.6857825330846633,26.765020036880703,15.317288141566147
3366,Nghe An,VNM,2022,2022-01-17,0.06980135864389722,0.2504534891328317,0.06001941410382363,0.07858306106435091,0.25393680478340336,0.16752005118799182,0.08358872118576442,0.6611217242467923,0.4575340387770594,27.04033457798195,14.268836746193408
3367,Ninh Binh,VNM,2022,2022-01-17,0.24865233633933093,0.3078405649062286,0.23934430702699303,0.2511096299203027,0.29857842669933204,0.2557955206360234,0.17621452991338077,0.13948136258711272,0.12355461153040234,23.414738966452767,15.572534927264922
3368,Ninh Thuan,VNM,2022,2022-01-17,0.0672602496706353,0.29912032559635476,0.03604046842134455,0.06876471972134082,0.3157699055930398,0.21796388468788144,0.11186014716736467,0.6345338562434162,0.7731483734951208,30.254944532699124,18.779258665023768
3377,Soc Trang,VNM,2022,2022-01-17,0.08616897426841903,0.2997267820630785,0.0464327000732258,0.09173720662869297,0.27462097302743943,0.188559757064332,0.09495553106013813,0.5160464945053428,0.5151492288538517,30.093427907086397,21.324773925908637
3386,Tra Vinh,VNM,2022,2022-01-17,0.0699798872605634,0.29802003590079484,0.0366797920353776,0.08085279357856437,0.26941984711803746,0.17770109476894355,0.08554409729987224,0.5570989099685044,0.5665723115943389,29.844069611920656,21.59166865311504
3387,Tuyen Quang,VNM,2022,2022-01-17,0.1755493868388942,0.3208301713518523,0.17649935506086842,0.18650359135569786,0.3193168146484125,0.24021873905537172,0.1471000203896802,0.38134551243345766,0.33236977104710147,20.743388578725614,14.124458802236097
3388,Vinh Long,VNM,2022,2022-01-17,0.05985838602520553,0.3448382874676071,0.0374615690013011,0.07631966620705781,0.3046650024507586,0.18796763464904484,0.08450635045058183,0.6768655422113106,0.6829314662746043,29.798640937085768,21.088834688238943
3390,Yen Bai,VNM,2022,2022-01-17,0.12379208261432258,0.26976578169740956,0.11501281097728157,0.1302329352129465,0.2826722285242591,0.21333250671384013,0.12899598547031638,0.49904742798859936,0.38360879078545457,22.778182691661772,13.500548810365968
3328,Bac Kan,VNM,2022,2022-01-17,0.2057811205345364,0.34417737463168957,0.2135291669629736,0.2179487169941556,0.34586614537136834,0.2719464370707065,0.18456700343183427,0.3114773612747438,0.3170530045880664,19.544849584025158,12.012351017850703
3329,Bac Giang,VNM,2022,2022-01-17,0.07272586996479224,0.26454158276840534,0.049419823454792275,0.07585381125487346,0.27359802156867236,0.18586182111843974,0.09743768049845287,0.5694625149339877,0.5090684862173157,23.7432720575353,11.808088054003484
3330,Bac Lieu,VNM,2022,2022-01-17,0.08190658257484545,0.19508542224378184,0.04553901632240158,0.08046275354002025,0.17200898822852553,0.12555766007371397,0.06839800107524349,0.3617163542388489,0.2607002034660166,30.096556068657115,22.324838090790468
3331,Bac Ninh,VNM,2022,2022-01-17,0.1605902011604081,0.2158004214195221,0.14439378311491613,0.15972842587217229,0.2135420784384078,0.18835750014206998,0.1356788134733908,0.16859261956136856,0.1316073450982802,24.593423839801694,14.238996037955442
3334,Binh Duong,VNM,2022,2022-01-17,0.07091679396706503,0.2592302058672546,0.040698871095176045,0.07150660423513137,0.2878362292946884,0.22352075265525115,0.12647028219812026,0.5659153914628886,0.6684251139078862,33.82621125753168,19.594600283609974
3335,Binh Phuoc,VNM,2022,2022-01-17,0.05257157621090032,0.26762438025202506,0.027928361860429237,0.055332487719353916,0.28564951066778227,0.19277595007583537,0.09109710901558994,0.6654153134487881,0.6137229677939116,32.28008461839703,19.36239921018771
3339,Ca Mau,VNM,2022,2022-01-17,0.07057569877209705,0.1949657752889997,0.04539323959430669,0.07544723191374257,0.16737034851283333,0.10804962604052247,0.05625134195207914,0.4337520773871119,0.26802922581057237,28.925117235978988,22.882219676158247
3340,Da Nang City,VNM,2022,2022-01-17,0.08188152013682337,0.2795171705752368,0.07232258417646101,0.09354037595447721,0.27508757565403746,0.18686926807832654,0.09549185807233475,0.5944771453333605,0.5056073983727745,28.458483223682926,17.427761309716708
3346,Ha Nam,VNM,2022,2022-01-17,0.17819760731015036,0.2389993154671814,0.16574341682206548,0.18081231206568496,0.22953831923274706,0.19511014660093756,0.13188313231972773,0.17838504188361182,0.1378950559085244,23.09509856095576,11.489023868327427
3350,Hai Duong,VNM,2022,2022-01-17,0.17838575059241704,0.26683427147924343,0.1661828576946881,0.18184186464501792,0.26607508244044514,0.22914945403551737,0.16455663493067377,0.2197111806082682,0.20845115360114655,24.093651375844235,16.220864435363318
3354,Hung Yen,VNM,2022,2022-01-17,0.15901611240656263,0.24594294319435756,0.14381950468868374,0.15983888910179525,0.244109275663948,0.20870030412818394,0.1459548090084828,0.23927892999809247,0.21741286682612884,24.2794691209305,11.606375250996992
3364,Nam Dinh,VNM,2022,2022-01-17,0.20079816382762256,0.23112350662194175,0.1816498166249778,0.1972448481898222,0.21859529386674245,0.1970410139740748,0.14347799192535513,0.08979468106390258,0.0727314072779566,22.626909289325233,11.486383504942255
3369,Phu Tho,VNM,2022,2022-01-17,0.15213685721703926,0.2720177220313602,0.14431921150841995,0.15811961285896506,0.2735299534575422,0.21453336422954616,0.13513696194851055,0.3544703691899872,0.28591471396786805,22.63884671189115,12.938419221788283
3372,Quang Nam,VNM,2022,2022-01-17,0.05909952995107216,0.2667989082042074,0.05438277439922275,0.07131606965580072,0.2599606687588454,0.16396797147703004,0.07645819124722375,0.6733742629294034,0.5099822124343659,27.42020637946537,14.882927402928088
3381,Thai Nguyen,VNM,2022,2022-01-17,0.08668455662118206,0.27867444037435435,0.07686768014344439,0.09652708572408478,0.284282280424451,0.19542208890517213,0.10340920961696735,0.5506680463176775,0.4910986741813649,22.59077950369861,11.920460917197177
3389,Vinh Phuc,VNM,2022,2022-01-17,0.14416139853525575,0.2677369697480663,0.12543318629682043,0.14715823133320188,0.26655518433794334,0.20905327789110562,0.13018713991478179,0.34399109341743705,0.30360894948178807,23.753714966938126,12.878386524491535
73933,Can Tho city,VNM,2022,2022-01-17,0.058419905389544925,0.4075037362726679,0.03947746540960222,0.08161073858971475,0.34095334332519583,0.20286357111763828,0.08878415626153702,0.7260691390988099,0.8016772579640633,29.435659581432176,20.39713438098448
73934,Dak Lak,VNM,2022,2022-01-17,0.06945312902214552,0.29069175982044315,0.04537163235579533,0.07372722832799505,0.3088137837630254,0.21173116580551798,0.10734789947529506,0.6322962832770067,0.7139858568965504,29.46209605324666,17.632792682981812
73935,Dak Nong,VNM,2022,2022-01-17,0.04377801053586982,0.26945670648202774,0.024145307464702708,0.048647440850195366,0.2827958150281547,0.17735346720379128,0.07933334288482022,0.7222755549649573,0.6079354044413324,29.51884789925681,17.318208305770415
73936,Dien Bien,VNM,2022,2022-01-17,0.04576635641731311,0.2563317125093863,0.03057496399262286,0.05321837335949534,0.2806984598879519,0.18222697257881887,0.08188111588122991,0.7097164840605132,0.5825993544628723,22.5645536612494,12.647700153019052
73937,Hau Giang,VNM,2022,2022-01-17,0.0509526251066188,0.35314986751980854,0.03235606890233574,0.07199150409387634,0.30554877671932684,0.19011870655910476,0.08433530877103312,0.7387801253681988,0.7421284636923089,29.28091963238532,20.874791114297604
73938,Lai Chau,VNM,2022,2022-01-17,0.04296821327206327,0.25598924425890457,0.030233241845972997,0.05185696327417878,0.2724747244052366,0.1689796789123265,0.0729819428323976,0.7407470330352622,0.5638547113603726,20.894838596421934,11.795890490827952
73939,Lao Cai,VNM,2022,2022-01-17,0.0831830360437465,0.24452198939206213,0.07043116444994908,0.08917296441253915,0.266266076437797,0.19433712403889436,0.10430959994218507,0.5969261231267065,0.453696172866076,22.960173699651023,12.087639600669121
3326,An Giang,VNM,2022,2022-01-17,0.05331682137028683,0.3359450904644036,0.03208415531062777,0.07394592741768967,0.2906780844113509,0.18880264262866278,0.08529187045423456,0.6985533545800412,0.7107394477449311,29.457977804648927,21.177195378212613
3332,Ben Tre,VNM,2022,2022-01-17,0.06466873826534358,0.2642749100176757,0.03588307198460018,0.07015345040379185,0.2348145566646129,0.14228819636828813,0.06656899205305607,0.5582986732759739,0.45626279629941446,29.97275304160549,21.923367269470592
3343,Dong Thap,VNM,2022,2022-01-17,0.06613668825887058,0.3298280265976384,0.03898987023705141,0.07892936605871043,0.29670309463064887,0.19216084719169974,0.09038405357730983,0.6314857490628544,0.6361707749643946,30.284378981754003,21.411598828992872
3351,Hai Phong City,VNM,2022,2022-01-17,0.1400764413332211,0.21731329692691678,0.12821095727142393,0.14351340041825866,0.21608477952923855,0.18161707097373078,0.12576211566347867,0.23354534227390691,0.18638297845150598,24.373105070956832,12.88518121108355
3352,Ho Chi Minh City,VNM,2022,2022-01-17,0.07620381798153009,0.23570464029378105,0.04895572880265228,0.0798453010625226,0.22096060396021927,0.15871502526134426,0.09510964771877241,0.5027960350669972,0.4281464110367343,32.23949653209808,21.174823417492224
3356,Kien Giang,VNM,2022,2022-01-17,0.05257989204270291,0.3144025449066966,0.032026042072917274,0.06647478895888181,0.2696011665271769,0.1669715161837983,0.07537909558748393,0.6571682406307217,0.6263702094235485,29.05246343366754,21.764876675936893
3359,Lam Dong,VNM,2022,2022-01-17,0.04075252696595016,0.27420750011257716,0.02211614269626584,0.048011318387756324,0.28440351699460015,0.16995951553449964,0.07369056947699937,0.7459921020009015,0.6099427498192094,27.752947127699137,16.29084469329987
3362,Long An,VNM,2022,2022-01-17,0.06018943159597763,0.275542012261977,0.0349450052253712,0.06926465689866641,0.2537018818394507,0.17465816028435782,0.08918805956709251,0.6222564145791439,0.5694021779375089,31.24834503119523,21.17564314038186
3375,Quang Ninh,VNM,2022,2022-01-17,0.098859333055121,0.2593345207161162,0.09126276792980864,0.10828976482721113,0.25713338151864784,0.1779779108533559,0.10210849194905934,0.48969256399914324,0.392166942119691,21.666667065176387,11.883475750898793
3378,Son La,VNM,2022,2022-01-17,0.04466131900068664,0.22273290947340668,0.027244662795618,0.04942822163689355,0.25257575197027043,0.17728107421602704,0.0859906202155703,0.6701355295253986,0.5392711532723286,24.836251188276304,13.542085629198256
3379,Tay Ninh,VNM,2022,2022-01-17,0.06667798270777067,0.2628038571047087,0.03937733369729691,0.07137861761860946,0.28240098621487925,0.21058052467732766,0.11620024881814403,0.5718683847853085,0.6407526982341302,32.81859443597994,21.204561808740742
3380,Thai Binh,VNM,2022,2022-01-17,0.1742551441771276,0.2291100593491285,0.14708824819280544,0.16887893932184497,0.2204277084485788,0.19384934111216356,0.13729992956392914,0.1775905811430863,0.1329873891359102,23.347115093883918,12.907638587122547
3382,Thanh Hoa,VNM,2022,2022-01-17,0.12401393355226276,0.27411205943162004,0.11547714932688802,0.13133313242076455,0.27353614216116295,0.200599648430185,0.11672369210283493,0.4951069291545121,0.3713715979646338,26.012133975289284,13.29597918039342
3384,Tien Giang,VNM,2022,2022-01-17,0.06261796943791521,0.3123612775588279,0.037404950919411865,0.07326154272347205,0.2773029180172838,0.17457634996747223,0.08527713621381089,0.6452783016411117,0.6116495968665857,31.200676106107935,20.75467400072567
3333,Binh Dinh,VNM,2022,2022-01-25,0.13433824804879863,0.33311866153363445,0.12675763447355712,0.14397558614779332,0.3203568438420044,0.22348129723826143,0.13107732327189414,0.4951234662004519,0.48681597049702185,25.90537925310779,18.93902209384956
3338,Cao Bang,VNM,2022,2022-01-25,0.4544808934517431,0.5210285765113091,0.449035355838618,0.45703362887347454,0.5182028144045273,0.4572321368569827,0.3341272773148254,0.10456195849698141,0.12953320594435416,23.363486493010676,14.264125237563048
3355,Khanh Hoa,VNM,2022,2022-01-25,0.09739135157749353,0.31044126515018866,0.086545707674253,0.1062829869024471,0.30262820406642493,0.2031284982831438,0.11222392708351579,0.5817319491258294,0.547009690713687,26.369841796104264,18.47901028657481
3360,Lang Son,VNM,2022,2022-01-25,0.46232790494933756,0.5469654717009085,0.44932487589451664,0.46233561510854476,0.5395400912050244,0.46246281184085647,0.3205374380777806,0.14873119888879055,0.18189893182095898,23.781417129903552,11.757425284932163
3370,Phu Yen,VNM,2022,2022-01-25,0.10342053580426526,0.3097171366157167,0.09228237423115318,0.11350212320487936,0.2984527634006158,0.20321369069314854,0.11311824518011103,0.5584560070988052,0.5395329408793864,27.035432686358686,18.89528510973669
3371,Quang Binh,VNM,2022,2022-01-25,0.19423046449170314,0.33283978223402766,0.19157047257973417,0.20172178743844266,0.3357542419493875,0.26119545012722867,0.1676590053388633,0.3354247281307522,0.3266788196563239,26.143459357732286,18.218446766934292
3374,Quang Ngai,VNM,2022,2022-01-25,0.13196146240885914,0.33008605131084856,0.12515769964133794,0.14362409075082902,0.3193608853243963,0.22417512411764046,0.12748627529710602,0.5059077637405438,0.4772254590196606,26.36897897939279,18.84621233999149
3376,Quang Tri,VNM,2022,2022-01-25,0.1156506267190209,0.2915299276834472,0.10611900886871953,0.12468464240686104,0.2938616830257527,0.21483018229826656,0.1237661519220246,0.5022190055802302,0.4358084048761273,27.511061033812286,18.157561980387797
3383,Thua Thien - Hue,VNM,2022,2022-01-25,0.05922383256788373,0.24259988818737346,0.04795837350636558,0.06892790043539575,0.24676830206504344,0.16533754995560893,0.08247007465592983,0.6326933708619095,0.4891994453962819,27.023777252503148,18.732944573166325
3327,Ba Ria-Vung Tau,VNM,2022,2022-01-25,0.06534850507584349,0.25371893377613,0.037433872703512776,0.06739201001059628,0.2591612894091827,0.19379506865256854,0.10706200031530633,0.5489202557349853,0.5815852040563878,33.75439905479139,21.07472627091165
3336,Binh Thuan,VNM,2022,2022-01-25,0.06823892291784499,0.2754275305601641,0.03429594716076291,0.06484955710736293,0.3015289138150598,0.22317458659843425,0.11976686698158612,0.6152785500432549,0.7428580710605214,33.52261339880903,19.8501022880215
3342,Dong Nai,VNM,2022,2022-01-25,0.054920820284838835,0.27074183104558885,0.031813029186207764,0.0613774523001668,0.2753001287662656,0.18525266992133324,0.09258273437899897,0.6385147670482496,0.6168065110047679,33.26989437622904,20.826334581200314
3344,Gia Lai,VNM,2022,2022-01-25,0.06105610365786982,0.27178148569530836,0.03395879403104498,0.06158983141225486,0.29434173612117237,0.20811404224850158,0.10913627944902793,0.6422460393886519,0.7125255468362212,31.596001690704703,18.258871399556824
3345,Ha Giang,VNM,2022,2022-01-25,0.4582240761165953,0.5107944911721489,0.4690805294608353,0.46397092804862294,0.49046370121598715,0.4025271968007831,0.2647573997120754,0.09403367539079245,0.09308297326642559,22.86346270674784,11.930037229491539
3347,Ha Noi City,VNM,2022,2022-01-25,0.45937962277784056,0.5066067689093284,0.4377783883465288,0.4557836277280993,0.5037375578272525,0.466768852051332,0.3393301714085414,0.058729335409299255,0.08843510781408247,27.19098904957606,8.46082081729375
3348,Ha Tay,VNM,2022,2022-01-25,0.3859585732322358,0.43557441197307967,0.37883551449191033,0.3857342347612346,0.4249524950981441,0.3940710191451208,0.2919448428545735,0.07767036138684646,0.10048521401689915,26.258023709122444,12.84459795076117
3349,Ha Tinh,VNM,2022,2022-01-25,0.1453723599304952,0.3091459053126818,0.1317368007794021,0.15385050756555083,0.3141190144191291,0.24044342065125998,0.14329797196078148,0.4279131988533433,0.4125024190018552,27.593562271549203,18.00498462486887
3353,Hoa Binh,VNM,2022,2022-01-25,0.293930575427464,0.39587099512294044,0.30117057123681984,0.30014539572178295,0.39230693380939685,0.33271474177365595,0.22832372917467983,0.22012985002383972,0.23258257915481018,24.937609141605247,14.738864161826479
3357,Kon Tum,VNM,2022,2022-01-25,0.051876789557586005,0.2845214568255567,0.031477153150734016,0.056437386974770444,0.303102847528372,0.19764943475433192,0.09293441964355052,0.703960436266967,0.6859262662582352,28.82439970615405,16.55467660482329
3366,Nghe An,VNM,2022,2022-01-25,0.1642172512444278,0.3314997574254385,0.15908688224337214,0.17310431363499917,0.333563414389223,0.2513437745493525,0.15276202830999852,0.4177106866653982,0.40056788016998246,25.66809810011001,16.337821726278346
3367,Ninh Binh,VNM,2022,2022-01-25,0.3726372851415119,0.4291393608722209,0.3485431564115347,0.3686974736048509,0.4235738270596218,0.38913882487248463,0.28160350654159017,0.08887363891694865,0.11031118747514837,14.510307354900998,9.340808008112827
3368,Ninh Thuan,VNM,2022,2022-01-25,0.08090912022808763,0.2830949062039059,0.05390336939795543,0.0814764660733161,0.29824677492473306,0.2158552898627989,0.11749940163792794,0.5906114234604136,0.6179738521617223,30.64935997050404,19.22940511434632
3377,Soc Trang,VNM,2022,2022-01-25,0.11083033524281108,0.31733238637181954,0.07405476143425797,0.11639779864575472,0.29133944762050823,0.21122463826396565,0.1130047619239658,0.4661073890282998,0.49155941685644616,28.810201866156113,21.890434703534815
3386,Tra Vinh,VNM,2022,2022-01-25,0.09337858660510466,0.34172860539786126,0.06039354610981337,0.10659201763226656,0.30760845503015144,0.21197419893469305,0.10637156435696045,0.5309940051847294,0.6112427551067506,28.726380680974074,22.37110357625091
3387,Tuyen Quang,VNM,2022,2022-01-25,0.5893662696787774,0.6306243039750085,0.5860083580594136,0.589364908636828,0.6052445529755134,0.5204877457406892,0.3545256800474197,0.04318172453522097,0.05609031097868541,23.46709695179392,8.232148554826104
3388,Vinh Long,VNM,2022,2022-01-25,0.0775297034046431,0.3691380754030913,0.05223149588014952,0.09585465835897568,0.3268768892350428,0.2060461179138979,0.09652045070143224,0.6324224762818281,0.665959983973753,28.972085617414518,21.57285011407077
3390,Yen Bai,VNM,2022,2022-01-25,0.4273571015941134,0.5048615246774169,0.42585460244798223,0.4302766733291983,0.49512893702382754,0.41230914523052675,0.2724544982468807,0.1795972879217063,0.16844611374759638,21.142943079588793,10.75143496165685
3328,Bac Kan,VNM,2022,2022-01-25,0.5807383371789708,0.6295955149801759,0.5751657738911442,0.5810295233106791,0.6078411409662299,0.5185321801360666,0.3533553849964471,0.056419424674354055,0.07187358660837005,22.660571469341974,11.164040907366449
3329,Bac Giang,VNM,2022,2022-01-25,0.19348691534862617,0.36275307820948294,0.172622054450334,0.19753852055862492,0.3672902534161275,0.29150783051753465,0.18549933130351395,0.38714625660651614,0.4391805293599049,22.84173674644855,8.215257818959884
3330,Bac Lieu,VNM,2022,2022-01-25,0.11374772993495301,0.2238119078026875,0.08490858516016228,0.11547361028121982,0.20026312085321404,0.15490848103755872,0.09302654176144666,0.30787016428657615,0.25325183694498,29.45945633718395,22.70787814743456
3331,Bac Ninh,VNM,2022,2022-01-25,0.3363213275940642,0.3892238489798249,0.3062448091967971,0.3310413885895815,0.3819776827051977,0.343798439789492,0.2375337005247125,0.10822271961035806,0.1144667999235565,11.90218448280451,12.846071777420704
3334,Binh Duong,VNM,2022,2022-01-25,0.06390826537848977,0.2688970544524514,0.038096898953084456,0.06720754798111653,0.2814399145551748,0.2123941411542573,0.11667390413391385,0.608102577868748,0.71258876751796,35.29651505875762,20.954656182492208
3335,Binh Phuoc,VNM,2022,2022-01-25,0.05695168639787565,0.2843886494625001,0.03073540381890672,0.060559988973810645,0.30156479072090464,0.20848796982864337,0.10165431683461389,0.6583502108381799,0.6769562404571569,34.05788520891534,20.663576268334403
3339,Ca Mau,VNM,2022,2022-01-25,0.09610539064603023,0.2156968413189414,0.0763685668565854,0.10216152582992641,0.19090035435289476,0.13130553227914143,0.07373758230806307,0.38606387406231624,0.24861017920376918,28.955648024774604,22.645147747363495
3340,Da Nang City,VNM,2022,2022-01-25,0.1356445811236818,0.29800314027780767,0.129911694544004,0.14488379946126245,0.2918842721870919,0.20874276765293098,0.12371122008828266,0.4603498464740459,0.3906929726261244,26.692490672272033,19.161403192879902
3346,Ha Nam,VNM,2022,2022-01-25,0.5281505758415372,0.5647493500748261,0.49855137668566557,0.5208413387760097,0.5528477858517155,0.5032377812796993,0.35292663931216506,0.04006993668857408,0.05454052007215264,12.558798518112475,6.397941423071
3350,Hai Duong,VNM,2022,2022-01-25,0.12407657460292609,0.24319605899929128,0.09065735135688234,0.12345938294551036,0.2389306726056987,0.19427654237633057,0.12383923618045417,0.3447245188737873,0.3127314742836975,14.765552484738363,9.955849019171705
3354,Hung Yen,VNM,2022,2022-01-25,0.4788991617067721,0.5274302255265231,0.44767302653236,0.4715595408303131,0.5154728277435653,0.46120393214649597,0.3209488131139683,0.06353353920913637,0.08195002829354683,12.310626894322144,8.410286187113885
3364,Nam Dinh,VNM,2022,2022-01-25,0.2137711955295245,0.25822524732587915,0.17677349835116124,0.20346893547964,0.24459891038372847,0.22811764972771423,0.16501945198989038,0.11949856166441607,0.098846504448775,12.250684334823605,11.405378712756638
3369,Phu Tho,VNM,2022,2022-01-25,0.39182555000104174,0.468940140072552,0.3890467900576638,0.3949261515765432,0.4615527476313828,0.4036083039188881,0.2801612549403268,0.1397681760431197,0.15063935758844904,27.248374801862816,13.591378028390118
3372,Quang Nam,VNM,2022,2022-01-25,0.10323478234336068,0.30644272466408323,0.09706190591038173,0.11480040570459438,0.3009464893752915,0.20084830622012895,0.10804312002085474,0.5691134721457247,0.4942519280807385,25.87818551911477,17.739592876813234
3381,Thai Nguyen,VNM,2022,2022-01-25,0.5356041723621966,0.588414788520071,0.5328927046098888,0.537155526403804,0.5677822465924007,0.4946287070105711,0.34297245020522166,0.0638699658791634,0.05599648043890499,26.9677255015993,13.947064205241372
3389,Vinh Phuc,VNM,2022,2022-01-25,0.5154394892166272,0.5617779719236436,0.5067610663692991,0.5143806279339532,0.551643393138136,0.5023886974655127,0.3638525274713692,0.05400219535408789,0.09848371781502231,27.411163497181835,13.68795637933725
73933,Can Tho city,VNM,2022,2022-01-25,0.09946491512885615,0.4596635566533139,0.07639533374017145,0.12941153095916455,0.3932043076134702,0.2523267665761155,0.12083221645792064,0.6277216456775802,0.7963090208397714,28.15463155153515,20.95813460323017
73934,Dak Lak,VNM,2022,2022-01-25,0.05793628538776374,0.2663390626038048,0.03260609343153625,0.0602624700148244,0.2868469058087675,0.19920602341928123,0.10073078056975758,0.6507129107878734,0.8082780673442901,31.48131537038382,18.43663039329772
73935,Dak Nong,VNM,2022,2022-01-25,0.045075269158441136,0.269538495191753,0.023250093703458687,0.04914915107201161,0.2873101063916266,0.18583860632313254,0.08512495237361221,0.7097807745648491,0.624649579858228,31.461826702445315,17.56044229886132
73936,Dien Bien,VNM,2022,2022-01-25,0.04647189653489629,0.26848591727613336,0.0293649814670166,0.05387762719862613,0.29631648181149234,0.19457117028599571,0.08787261466514086,0.7146391920192562,0.6468289569902336,23.42895642702899,13.546596462572982
73937,Hau Giang,VNM,2022,2022-01-25,0.08514208125719731,0.404836277401402,0.06667467276272748,0.10544439892821127,0.3558439346013674,0.2293504478709259,0.11093523852465423,0.6585804084946555,0.753887996765715,29.332927796711676,21.437370510177697
73938,Lai Chau,VNM,2022,2022-01-25,0.08971740551431417,0.2613512936202571,0.08259037508689436,0.09647669551756365,0.2731762974315402,0.1835903840388006,0.09575429918069701,0.6306700838418,0.43883009296440634,22.214224196145686,12.400107571299982
73939,Lao Cai,VNM,2022,2022-01-25,0.3081544305496116,0.3897597774685495,0.3182238751845701,0.3163196027904282,0.38897401187193464,0.3155699630720233,0.20417326198509972,0.1851747485848736,0.1700022471852667,22.518579210261745,8.431087925547818
3326,An Giang,VNM,2022,2022-01-25,0.08483195207429196,0.4657972414658579,0.06246392601498107,0.11572813604864252,0.4092488154117598,0.2751964386024196,0.12722484758714472,0.6837788978373802,0.9765871647458307,28.59322288770963,21.58841926165596
3332,Ben Tre,VNM,2022,2022-01-25,0.08205586542818417,0.2986658202805963,0.051066305771508835,0.0900161586040568,0.2651933013928099,0.16869823432653136,0.08187258771570684,0.5350685086648862,0.4785140245770464,29.23505821822535,22.82515869015521
3343,Dong Thap,VNM,2022,2022-01-25,0.0800861784292978,0.38338288980323976,0.050507611790386334,0.1015032587261091,0.33943786257586334,0.22494974869871542,0.1033241617386064,0.6157418678892765,0.7107786103607034,28.59016394715055,21.705449002648074
3351,Hai Phong City,VNM,2022,2022-01-25,0.13189748817193944,0.23378615281841236,0.09882100471781012,0.12903562395955295,0.23087431912356296,0.19255263698349895,0.12870703103935385,0.30479069118352686,0.2651500836239614,26.877381931192392,13.528112765237584
3352,Ho Chi Minh City,VNM,2022,2022-01-25,0.07019778223271807,0.22152550540750307,0.04662706227117491,0.07384443886774092,0.20735254349869078,0.14937939248503238,0.08878462017911593,0.5202916920713019,0.41036118565150204,33.63428330295292,22.298544540999004
3356,Kien Giang,VNM,2022,2022-01-25,0.10513186838736212,0.38778167947893055,0.08646236719623869,0.12436053942832186,0.34116715186633806,0.23019274286718514,0.11771777471927011,0.53933717926089,0.6651041763843528,27.85190418446968,22.123401834878404
3359,Lam Dong,VNM,2022,2022-01-25,0.04373335149833942,0.2780528043152155,0.024454221849913756,0.05104735056433469,0.28939883399805605,0.1776961340184804,0.07840925244085803,0.733686375966663,0.6203543919475184,28.39323862322861,16.324161569564033
3362,Long An,VNM,2022,2022-01-25,0.05641654348650954,0.32613850831161356,0.033270632344769194,0.07137421032300642,0.29161631721061754,0.19663604986325878,0.0934438094431408,0.6742614330780491,0.7401574040297154,30.614407400414635,22.069872813846928
3375,Quang Ninh,VNM,2022,2022-01-25,0.43845114487501213,0.5224730238961062,0.42257385562026156,0.4381785171024585,0.508755557672666,0.4319065937965133,0.29351952943537674,0.1557812422947418,0.16952843579362512,25.72104969905341,10.290605643011345
3378,Son La,VNM,2022,2022-01-25,0.06853657264401959,0.24232911758394463,0.05425234361895521,0.07275974721208858,0.2696097313008476,0.19701255959474137,0.1026458657863216,0.6084217451246893,0.5505742877536134,25.35788944226243,14.833494487916624
3379,Tay Ninh,VNM,2022,2022-01-25,0.07015244390113656,0.2771218398124784,0.04827371267839657,0.07788502559416066,0.28227090079814815,0.20829474684152705,0.10894639755371996,0.6028025798556444,0.6792638610220151,32.64304255105665,21.73195357801983
3380,Thai Binh,VNM,2022,2022-01-25,0.1530279254408986,0.2130816255613794,0.11686238426685526,0.14479495034315615,0.1992677692861232,0.1774157856493245,0.12291458120423418,0.17390606484270035,0.13866287221985205,19.396256224556844,15.041431621188924
3382,Thanh Hoa,VNM,2022,2022-01-25,0.2964282799814685,0.41042657219604234,0.29308145393282553,0.3009852829900115,0.4050865289248559,0.33705330909657155,0.22455925598379373,0.2616142202025879,0.2519234548899042,25.561752705585473,15.505783251448108
3384,Tien Giang,VNM,2022,2022-01-25,0.06534735233405192,0.32305113793627765,0.04106659653239442,0.07764481978051843,0.2839548965998611,0.1794930541337937,0.0857100883185223,0.6439515409414657,0.6139371266072741,30.53114353519137,21.856508491021145
3333,Binh Dinh,VNM,2022,2022-02-02,0.09374786994622436,0.34134877496861327,0.08342660728405822,0.10700387141883493,0.32202235813844127,0.21277883657219648,0.11230076928942279,0.619582199338383,0.6281164585457469,27.04966168289402,17.821723397150546
3338,Cao Bang,VNM,2022,2022-02-02,0.38267185787392,0.45974692473080714,0.3836843176544354,0.38525126462389475,0.4631914686370533,0.40831651718764794,0.291723037019241,0.14514761133737764,0.16988261350293504,18.856710526315823,6.9250128496123775
3355,Khanh Hoa,VNM,2022,2022-02-02,0.09455753391379718,0.3301612525952069,0.08388824920011777,0.10589666977898392,0.3185042851192381,0.2139016543668094,0.1130592555112545,0.6060958638028104,0.602835535258355,27.525636597342697,15.710217102343078
3360,Lang Son,VNM,2022,2022-02-02,0.559777807242109,0.6143926135809851,0.5481510882343157,0.5563687490102046,0.5969091861986887,0.5016649529160567,0.3165390766943567,0.049696803705902015,0.05908240741946966,17.140816817337594,7.008217312324029
3370,Phu Yen,VNM,2022,2022-02-02,0.20545444838697863,0.37948138650650926,0.21139050400968976,0.21834505622491956,0.359506508686481,0.27236709136038584,0.16690287906510085,0.3707302896683931,0.39205643394910755,27.13119944232689,17.533070575394326
3371,Quang Binh,VNM,2022,2022-02-02,0.11583588606019114,0.2511642544020197,0.11819945028670815,0.12398359611466776,0.24744429149178115,0.18606803360368038,0.11458087880217747,0.5580051905168997,0.33520369630357505,24.634192177851634,13.688358728680367
3374,Quang Ngai,VNM,2022,2022-02-02,0.08908311726080058,0.35738530839520855,0.07692627032199109,0.10611381515468275,0.34239244852529294,0.2278427236136062,0.11459666315687937,0.6332886320857147,0.6799881241239962,27.67552472448153,13.228098298243708
3376,Quang Tri,VNM,2022,2022-02-02,0.18654584469605684,0.32181129304897327,0.1924678037282355,0.19644422592042415,0.3141967067703149,0.25868967726135295,0.17602464837891676,0.4103146675544874,0.33319276497133915,27.18108750916996,15.052879744438803
3383,Thua Thien - Hue,VNM,2022,2022-02-02,0.1182735347604343,0.25271868269437786,0.12046566382532763,0.1276668694580374,0.24821486947694146,0.18787491791264072,0.11936871656485024,0.5439594911010932,0.32867635127459793,25.859389654881227,13.75670066439158
3327,Ba Ria-Vung Tau,VNM,2022,2022-02-02,0.07357915780798256,0.24166354422595498,0.048907596444915165,0.07449904832195052,0.24919682615054253,0.18534434607589106,0.10453868748120781,0.5209718655825515,0.4895023220211103,35.367778699415176,21.281640909913378
3336,Binh Thuan,VNM,2022,2022-02-02,0.0675352146556385,0.27481594791421254,0.0346096201371933,0.06450709335932506,0.29412938068931804,0.21594492249875644,0.11404931942154728,0.6243253547738806,0.6587358479510184,34.77553579489975,20.84870817859913
3342,Dong Nai,VNM,2022,2022-02-02,0.053773534623466436,0.25420316619071975,0.03179123620654557,0.05934094198464563,0.2567848289999249,0.17081370734221357,0.0855597587591161,0.6143215893316475,0.5461133450442746,34.374805114249575,20.82293117594902
3344,Gia Lai,VNM,2022,2022-02-02,0.07927116032038477,0.2885323636534205,0.05431232628637882,0.08049609513082681,0.30833894281518637,0.2222647774907034,0.1206973180648555,0.5954009090745086,0.6673196363765762,31.923616262065995,17.65900692033078
3345,Ha Giang,VNM,2022,2022-02-02,0.4690010114109955,0.5259716561813828,0.4657765569879948,0.46900009580066554,0.5113266402185788,0.42950680944710307,0.28054802507834725,0.13971884129026077,0.11262570747077644,20.632280747376043,5.966016206427414
3347,Ha Noi City,VNM,2022,2022-02-02,0.5309071712156608,0.5659000551225264,0.5209410299590448,0.5280576245813178,0.5527398155010815,0.4774962181833851,0.3012412007115994,0.032295332854557636,0.03619597890852137,,7.781783156395551
3348,Ha Tay,VNM,2022,2022-02-02,0.5574331271048729,0.5871907452423311,0.5507794709167664,0.5556566932174312,0.564565063439025,0.47960106332046504,0.2936141776062151,0.027166264214733955,0.03003271906358678,8.256670814077534,10.250037512673218
3349,Ha Tinh,VNM,2022,2022-02-02,0.43139952505362894,0.5003151386338298,0.42818858714646924,0.43402117024895964,0.4899246935371729,0.436521960843401,0.2963884114691064,0.14793969164664791,0.1369854516872365,21.788679130921402,10.822480025263815
3353,Hoa Binh,VNM,2022,2022-02-02,0.5814432480464902,0.6227823122903435,0.5768497418775406,0.5808521964027882,0.591740663960194,0.49037846936459717,0.30046943233444107,0.061847783374212546,0.056553205176155634,21.421117341282073,9.68165485639928
3357,Kon Tum,VNM,2022,2022-02-02,0.044937930871638256,0.2718760425153403,0.027433225343644316,0.05060468499879693,0.28454059525693587,0.1798712524702851,0.08154311331656475,0.7227713357587484,0.6294217797699087,28.830740779294533,16.41212105797611
3366,Nghe An,VNM,2022,2022-02-02,0.23359373447811496,0.3570683736746737,0.22856182987057377,0.23818753420758146,0.35491832961988085,0.2868008438123764,0.18734990512450914,0.4503201106323326,0.3053157828680873,24.714823267124554,9.18276015333637
3367,Ninh Binh,VNM,2022,2022-02-02,0.5855398364653177,0.6115406739607047,0.5780010419641383,0.583206398131494,0.5858254314639997,0.4916072152673597,0.29000558912599944,0.021746755032663313,0.022794840506508617,,13.202724062157536
3368,Ninh Thuan,VNM,2022,2022-02-02,0.08664049371841998,0.32859025292188415,0.05465887244610918,0.08930161513202034,0.3452506519889963,0.24982584817787698,0.13053665796313044,0.5894375356225569,0.7700329643293035,31.323720822431458,18.307813793983847
3377,Soc Trang,VNM,2022,2022-02-02,0.09386825203502644,0.2838380223675731,0.0605586816648011,0.09805012332008378,0.2592796160340886,0.1808229893295437,0.09546780516175651,0.475846673160438,0.44384200282546094,29.23272998001309,22.73540057107128
3386,Tra Vinh,VNM,2022,2022-02-02,0.06435406921977299,0.2809153788889119,0.03555476346140769,0.07314833095092209,0.2486971987461224,0.1619552224408178,0.07975412301110034,0.5654363786724936,0.5379599420414186,28.779886348103616,23.197134019322558
3387,Tuyen Quang,VNM,2022,2022-02-02,0.5259564830019505,0.5766611333120119,0.5324569837657173,0.5289445837756345,0.5554461327599208,0.4770494421251089,0.3158699589018593,0.05567263718737269,0.08170243872675191,,8.038226229229567
3388,Vinh Long,VNM,2022,2022-02-02,0.05991921565624828,0.29316088297665904,0.039261026507751214,0.0723610780333417,0.2593268637232854,0.1589771061948065,0.07698284825431188,0.6417513027929079,0.5522092513979562,29.204515703885306,22.025345752986226
3390,Yen Bai,VNM,2022,2022-02-02,0.3792506581485205,0.4563169809002169,0.38152221490712485,0.38313954510337855,0.4473496460991306,0.3735620867034085,0.24448755360679233,0.19919679053144088,0.1625391930160351,19.99580690856497,9.996396274944674
3328,Bac Kan,VNM,2022,2022-02-02,0.4697815514122386,0.5364699905361393,0.47578830764734675,0.4725664839870997,0.524008325134228,0.4522465452821702,0.3075234232143285,0.09256575359164294,0.1130254051600023,,7.0614736130067515
3329,Bac Giang,VNM,2022,2022-02-02,0.5460775893316631,0.6029012830336615,0.5297757739782526,0.5412535698239317,0.5866459914504896,0.49410387778608794,0.3092995765622493,0.05068161457179109,0.05805348779342379,17.913777124624026,6.96300989561652
3330,Bac Lieu,VNM,2022,2022-02-02,0.08361361635996817,0.20656833193812882,0.050588202383875465,0.08627051048916955,0.18273199130043766,0.13038062905434764,0.07264609706622722,0.3668670612774626,0.2852501354293992,28.882904678089442,22.628939940395746
3331,Bac Ninh,VNM,2022,2022-02-02,0.5088814139728092,0.5403881264882545,0.4919895360485307,0.5041578637306197,0.5298716495643747,0.4580056664322984,0.28247186138841146,0.03095756561373984,0.03359025803477477,,5.938146413035101
3334,Binh Duong,VNM,2022,2022-02-02,0.06802925325181,0.2853509125077479,0.03954642842824997,0.07434698025055136,0.2945253520377215,0.21516109014173804,0.1162903150881978,0.6038072221487256,0.27833144490636996,35.21139855541462,20.60805902686233
3335,Binh Phuoc,VNM,2022,2022-02-02,0.05351949800042724,0.2798329364524998,0.029108265715614135,0.06009759300849643,0.2841405628905514,0.18630073760875046,0.08654378139079102,0.6718510973398558,0.6057730356130822,33.59687417136206,19.937382065982586
3339,Ca Mau,VNM,2022,2022-02-02,0.09737930198701769,0.21767655391717214,0.07482540258695146,0.1037988030390669,0.19520707863776687,0.13210775979188139,0.07453989564268151,0.36064923491248785,0.2490070804602436,28.30658097482165,22.04757934533792
3340,Da Nang City,VNM,2022,2022-02-02,0.10465276864987598,0.27733534525730336,0.10544702479874778,0.11558878553791947,0.2691209682555513,0.19784621369259547,0.12502999855778466,0.5052905359148355,0.48064326807878,28.314262739619856,10.128608022494214
3346,Ha Nam,VNM,2022,2022-02-02,0.5276453814143203,0.556274008072998,0.5128962346461654,0.5234549844530183,0.5413052772950578,0.46603090017970494,0.28996231862737787,0.026688193551929862,0.029066907699389584,14.230865144652972,14.198703662434118
3350,Hai Duong,VNM,2022,2022-02-02,0.5240046931004979,0.5629164966244158,0.5083671924507706,0.5190641768293487,0.54893011813318,0.466526793048903,0.28067442838829315,0.03666546677797456,0.03990824433011889,13.590000000000032,7.3850597803303755
3354,Hung Yen,VNM,2022,2022-02-02,0.5293388994195517,0.5642037917267312,0.5124000678024051,0.5243149514131875,0.5486953240905881,0.46349728004260654,0.27512554784835414,0.0324095672188488,0.03320900281779504,,12.214939144166731
3364,Nam Dinh,VNM,2022,2022-02-02,0.6498874073229468,0.6655457522452214,0.638335119625026,0.6438547574120937,0.6303346315308126,0.5352314344014869,0.3306294656603096,0.011788094179218032,0.013166559713893569,,12.33575347029691
3369,Phu Tho,VNM,2022,2022-02-02,0.5113177495909205,0.553239814375695,0.5211260407721932,0.5151222388654629,0.5318574304404244,0.4701911474374634,0.31968023786652433,0.04619540277999021,0.05919689239175567,12.55440291916517,9.509980410940264
3372,Quang Nam,VNM,2022,2022-02-02,0.1193624786849425,0.315147359620429,0.12138552844136707,0.1319890875061677,0.30496900302650387,0.2166319404331512,0.1262478083720366,0.5297756879386799,0.485270795928123,26.635189130482807,11.11695839564729
3381,Thai Nguyen,VNM,2022,2022-02-02,0.5335992083196999,0.5842346169086636,0.5279056771933105,0.5336626021688011,0.564694239591172,0.4781730507112579,0.302737580895036,0.04868248955815104,0.05610160981275433,20.94365304097016,6.617792480814789
3389,Vinh Phuc,VNM,2022,2022-02-02,0.5083916596902806,0.5530207587584623,0.5101641165920295,0.5101023002640596,0.5352261972432146,0.47742259696736344,0.3280618385909256,0.05506268129412043,0.07628879304940236,-0.8759877300613356,8.648016306831723
73933,Can Tho city,VNM,2022,2022-02-02,0.0595036083667164,0.3570194983910161,0.03915514027639266,0.07858107191661942,0.29842579574445804,0.1756192984389552,0.08148008069715261,0.6912308654137364,0.6701140901075453,28.440686902232876,21.321755184301264
73934,Dak Lak,VNM,2022,2022-02-02,0.08009864162354809,0.2896952259964911,0.05702313573572905,0.08307601794095064,0.3061747758987287,0.21873658649156186,0.11424734652777141,0.6024378015941827,0.5959640791669759,31.694498579123245,17.648251881001414
73935,Dak Nong,VNM,2022,2022-02-02,0.04075438848804919,0.24760409304853756,0.02322705775828151,0.04518181155136276,0.25760302138161756,0.16268725114299765,0.07186100255944719,0.7221939316192743,0.547322996953673,30.719560201506095,17.05025767768583
73936,Dien Bien,VNM,2022,2022-02-02,0.06430264307252602,0.26615557562310505,0.04767867643357834,0.07003785836178682,0.29267784099320043,0.19897102879789436,0.09832524977193638,0.6504248658071694,0.5760206981924909,25.320166799631508,13.756867593573137
73937,Hau Giang,VNM,2022,2022-02-02,0.08227643167922155,0.37896727851281964,0.0713593424525347,0.10322046490122118,0.3247660372828492,0.20326761929104595,0.09926570776242605,0.644597395326569,0.6659398319836501,28.255873480123626,22.219627022574688
73938,Lai Chau,VNM,2022,2022-02-02,0.07879274712316708,0.273085469660951,0.06533975150541975,0.0856322213484969,0.2889299095459099,0.19331398232102903,0.0994670943016675,0.6520885165154386,0.5147274110540195,22.837628830742375,12.912886900029024
73939,Lao Cai,VNM,2022,2022-02-02,0.34969747342347424,0.4324086593982142,0.33965538978429943,0.349439434389778,0.4299055028071496,0.3537520546466047,0.22998991133600982,0.2809259782411737,0.1951071737401751,18.8134057430814,6.784103151792643
3326,An Giang,VNM,2022,2022-02-02,0.05204607043206908,0.39428177983228363,0.031711225039712396,0.07580779997435799,0.3336347609418895,0.20650931543783832,0.0890925178773807,0.7517037610488135,0.829562080035215,27.8472791907602,20.950380987137507
3332,Ben Tre,VNM,2022,2022-02-02,0.06135733907641271,0.22594849063600111,0.0355158101810736,0.06462924124249743,0.199519173510615,0.12314430821639145,0.062308450044744175,0.529182850271326,0.38895962320529126,29.3827379439216,23.250807229935102
3343,Dong Thap,VNM,2022,2022-02-02,0.05648390827205455,0.2814656936476646,0.034186144589922675,0.06838720741269369,0.23904850162990124,0.14733453393204976,0.06845632416176106,0.6073224719368171,0.5204207246105134,29.297220936172877,23.043305942050974
3351,Hai Phong City,VNM,2022,2022-02-02,0.5597275327879071,0.5926549310303652,0.5409824754216458,0.5532207140298833,0.5786239365476701,0.5008083999018079,0.316142553519713,0.029373961652612524,0.034783603256672534,,7.564870571091354
3352,Ho Chi Minh City,VNM,2022,2022-02-02,0.07279595587296744,0.22345936702379493,0.048288604145182025,0.07636699966331047,0.21078845843908048,0.15076003048027198,0.0926403527811808,0.4950124326005904,0.41865581139530555,34.68050620944502,22.535445251018544
3356,Kien Giang,VNM,2022,2022-02-02,0.08644711593975793,0.36795419389884776,0.06633457142183594,0.10609066882340569,0.31718709133360107,0.20286241600753205,0.09820720204600313,0.5613236372362329,0.6175815155146103,28.039133331697155,21.989450675714906
3359,Lam Dong,VNM,2022,2022-02-02,0.0456330767180262,0.277992624633055,0.02593356014031774,0.05279933256056322,0.28574735250814043,0.17510244716723017,0.07669121658318762,0.7305448777860117,0.6041913027517295,28.167181657664063,16.36639343546924
3362,Long An,VNM,2022,2022-02-02,0.0553050837963018,0.29925591230531284,0.03220822231291211,0.06655570900137017,0.2661968238812501,0.17531592643070973,0.0861673684876965,0.658169611254629,0.6266489377838672,30.91379469469001,22.783106129999705
3375,Quang Ninh,VNM,2022,2022-02-02,0.4810385650450978,0.5442463352290111,0.4700617525430959,0.4793823505488842,0.5331516386201295,0.46058688395209435,0.30926694383289177,0.06527243177757293,0.08221798878377815,17.071817588513653,6.585120471932026
3378,Son La,VNM,2022,2022-02-02,0.17499887158920616,0.30775159490881426,0.16277153743524933,0.17735542153653427,0.3284169189786996,0.26510192678563405,0.16754459217964035,0.43699275002335275,0.3964254447389593,25.516480642197003,13.108283117290194
3379,Tay Ninh,VNM,2022,2022-02-02,0.057566661982612906,0.27735328385010166,0.03440104510577658,0.06697505905112298,0.2830557437142095,0.19855397067323396,0.09715345245093042,0.638488202772365,0.6967048837237559,33.500994685202706,21.14241212835579
3380,Thai Binh,VNM,2022,2022-02-02,0.606376257067047,0.6303253217088418,0.5854976779536288,0.5979517312506472,0.6093509280919219,0.5273617498148282,0.3370087918514506,0.0195698609391362,0.023452839223739884,12.849583922439937,11.883549294004423
3382,Thanh Hoa,VNM,2022,2022-02-02,0.4992986795576207,0.5565752612848922,0.49626672835717484,0.4999702861969934,0.5392121354583095,0.4714299321158351,0.31836966947785733,0.09328653827510601,0.10628196882026844,22.083300025833832,7.667407515934189
3384,Tien Giang,VNM,2022,2022-02-02,0.06187061388730998,0.27354883275287817,0.03677080579494322,0.06931356472952349,0.243352978609115,0.15444648595532093,0.07893985671861675,0.6163578439480627,0.5161612261681116,31.16182137262238,22.657019392338057
3333,Binh Dinh,VNM,2022,2022-02-10,0.2924176961972082,0.43309666980140094,0.2982919381434982,0.3035984447149678,0.4064449450585606,0.3115936575457017,0.19094775230841224,0.2417075326331849,0.24737506919639543,26.47997233007878,17.785873705315595
3338,Cao Bang,VNM,2022,2022-02-10,0.5795001409342925,0.628734543074143,0.5749953298018102,0.5765311864329427,0.6013922059350455,0.5108586851277522,0.34015141363765017,0.06322308010135072,0.06579218639630753,22.04646613561128,8.07836090267354
3355,Khanh Hoa,VNM,2022,2022-02-10,0.2588003530478639,0.43364836452868105,0.259719808105564,0.27014563855680335,0.4174479971897636,0.32391642958364897,0.2003310723726947,0.30454196242588066,0.3794223826269648,28.556118426857996,16.49908717101585
3360,Lang Son,VNM,2022,2022-02-10,0.414387490906908,0.48767404791189667,0.41612106524707154,0.4148399578541714,0.46796409880711176,0.39186358211061545,0.262608681880123,0.22229791401305654,0.17872642531694236,16.991168678332826,9.174191783838143
3370,Phu Yen,VNM,2022,2022-02-10,0.28550875353919447,0.43237578319033393,0.2910983314016214,0.2975085348255059,0.40878001200655223,0.3127306741282867,0.18993401139704746,0.2599400785222669,0.2737212588480826,27.560667579161418,16.549232797130855
3371,Quang Binh,VNM,2022,2022-02-10,0.6150580165463053,0.6545745961580272,0.5985074700854801,0.6132465836056136,0.6223937468728529,0.514139452557601,0.31801416057014104,0.044159262007347155,0.04578910987921831,22.625832068456628,15.226881475132497
3374,Quang Ngai,VNM,2022,2022-02-10,0.23044704561837098,0.4231166035772623,0.2283805061230402,0.2448940452577732,0.40461979466746145,0.3047231949373086,0.18305877783627475,0.3576309444667887,0.4144722237617407,27.517582156757655,16.594333804363576
3376,Quang Tri,VNM,2022,2022-02-10,0.4632897735790633,0.5454208758987534,0.45146954796853916,0.4646271690656324,0.5278327240872959,0.4405577120649156,0.2805379285132718,0.1546009336430169,0.15812622356101588,27.382947391225862,16.428275282921657
3383,Thua Thien - Hue,VNM,2022,2022-02-10,0.22826146896151672,0.37689945141543724,0.22783571137548705,0.2390539736116447,0.37401069314583785,0.29684845704942453,0.18590185768812545,0.348123106621644,0.3362654923953807,26.171105236054604,16.985417168690812
3327,Ba Ria-Vung Tau,VNM,2022,2022-02-10,0.08785098991837206,0.31568338448260236,0.051166339953547225,0.09100966468199699,0.3202849849325342,0.23725434309840063,0.13059432691722836,0.5312097555312328,0.7050573452658846,35.74935439974841,22.71814985262791
3336,Binh Thuan,VNM,2022,2022-02-10,0.0945358152973718,0.3605217057652285,0.048177273995970854,0.09189670999887158,0.38432513626192877,0.28792949110705957,0.15610668021393653,0.5894219469775683,1.1440419232909462,35.115321341840854,20.80809217533466
3342,Dong Nai,VNM,2022,2022-02-10,0.06815281910037914,0.330236540447121,0.039405202137685676,0.0785918490449136,0.3319841494787366,0.22495276873477976,0.11215030720525633,0.6253762961124902,0.7580564081008566,34.39857353161392,21.45783606011492
3344,Gia Lai,VNM,2022,2022-02-10,0.14194944956536648,0.32762112712097935,0.11913003870576562,0.14202878153179865,0.34352893916178845,0.2614430754752675,0.15270986961401078,0.47249026333074584,0.5675519529909455,33.153487730781215,17.17473469043326
3345,Ha Giang,VNM,2022,2022-02-10,0.4065331441668771,0.4978290032334538,0.3889206365399166,0.40299342057445403,0.5063981225319232,0.44773855347927516,0.3237346573811335,0.18011608097880383,0.21917090497987052,21.81082638457679,8.750018841503955
3347,Ha Noi City,VNM,2022,2022-02-10,0.15516146161837044,0.22568895591274657,0.15047611598641422,0.15635426768791838,0.21892956535446448,0.1943712364188558,0.14156353600734747,0.2454365530175398,0.18441175347499847,21.01074792737646,11.840248275045202
3348,Ha Tay,VNM,2022,2022-02-10,0.2333666662412823,0.3035972053978616,0.22751851552558805,0.23449296030805417,0.2923571015440153,0.2608187826112742,0.1867263460183918,0.2418501869818268,0.17603499195139877,9.456742683817346,12.004717119757535
3349,Ha Tinh,VNM,2022,2022-02-10,0.6481764157928103,0.688689748994412,0.6264104043605014,0.6422863697369351,0.6435761269285902,0.5113193438836499,0.2927618260967033,0.04793761173525348,0.04250447396639486,18.436152230267304,15.022203258019848
3353,Hoa Binh,VNM,2022,2022-02-10,0.4247176096202138,0.4940630314698129,0.43499735830705927,0.42882672450459847,0.4841623646714291,0.42894619439410664,0.30278394205465364,0.10881150628786798,0.12219567825660936,24.6735815125805,13.158856297994477
3357,Kon Tum,VNM,2022,2022-02-10,0.054621185145448004,0.3018362987809847,0.0343525719453697,0.06190822459721772,0.30949037248978206,0.1983632939037473,0.09181850117118984,0.7018111344323984,0.6831172663542867,30.251520057653824,15.480476814933484
3366,Nghe An,VNM,2022,2022-02-10,0.5486944919507734,0.6125539731223837,0.531586999513816,0.5458173156302595,0.5932241327565619,0.4966463961821491,0.3033852386983707,0.08949603415989063,0.09528295184410547,24.247329743608802,13.573133439350793
3367,Ninh Binh,VNM,2022,2022-02-10,0.6762102876740207,0.7034220949210734,0.6561192919589297,0.6674382603156612,0.6571038129423417,0.5242874980429996,0.28491512033956723,0.020230486251644482,0.020614823170056723,6.520742555235383,13.491501701944784
3368,Ninh Thuan,VNM,2022,2022-02-10,0.16609757323431368,0.36489299526858465,0.14122187708323478,0.1669904239933576,0.38163249323087356,0.3011259350790781,0.17992049683513123,0.42157623049658405,0.6551243203357333,31.42542468785345,18.203838326147967
3377,Soc Trang,VNM,2022,2022-02-10,0.1434962384925733,0.3498567136133736,0.11579182613394792,0.1509976357745208,0.32542447640095457,0.24134742151271407,0.13478484076124825,0.4074275283900818,0.4674723152016046,28.881828285822753,22.899300745389812
3386,Tra Vinh,VNM,2022,2022-02-10,0.09968022647089197,0.35191855155094925,0.06644436574339106,0.11302961020102505,0.3171184128822097,0.21487109122418818,0.10972170280266377,0.5075930471029556,0.5968218047757303,29.470684661592777,22.818364641365
3387,Tuyen Quang,VNM,2022,2022-02-10,0.28461032213692544,0.39042584778488054,0.2839921443521604,0.28900058888291164,0.38234519180082155,0.3127494803942606,0.20065392460530873,0.31618103717793433,0.1775802854964735,18.281015410312282,11.201766520705858
3388,Vinh Long,VNM,2022,2022-02-10,0.1272918700651382,0.36783320287714993,0.10388107912535771,0.1409297143248043,0.3370114053557743,0.23136396603955273,0.12717158310337182,0.5080794603002464,0.5313314272154394,29.834142780363074,21.954695305219577
3390,Yen Bai,VNM,2022,2022-02-10,0.31700301350556803,0.42661920419076427,0.31254500481270725,0.32094941263428295,0.4283028092748079,0.353781604114667,0.23040260752997116,0.3002973530399464,0.2616844741888719,21.217733765720332,10.805354549162173
3328,Bac Kan,VNM,2022,2022-02-10,0.27722497787216654,0.38661381684745477,0.2836844541643318,0.28244880238614717,0.3785486297639835,0.3140170558572051,0.21886245388990233,0.31918645057170025,0.2768024590353865,18.082569836272885,9.45902284700748
3329,Bac Giang,VNM,2022,2022-02-10,0.4730215381419549,0.5314436723457275,0.4704331250065616,0.4718539721154758,0.4996845134095255,0.4106799138513557,0.25614671712037795,0.12880579020607474,0.10565045133051092,13.036421452702758,11.749706587237274
3330,Bac Lieu,VNM,2022,2022-02-10,0.12429072395529783,0.255338227896871,0.0986727992267709,0.1297256763532249,0.23270242159005813,0.1773436572842938,0.10372262422240826,0.31738402246545216,0.300992061775929,29.34857126508411,23.325901204933828
3331,Bac Ninh,VNM,2022,2022-02-10,0.45072908251554633,0.47976734923555064,0.45792904474156065,0.4501882025933654,0.4617756404585031,0.4262537747801252,0.2933688925090513,0.03474986392719047,0.040475874267069153,8.113774153074056,11.819288539097057
3334,Binh Duong,VNM,2022,2022-02-10,0.07784109103577883,0.34211775878688605,0.04825840042488296,0.09099024661000354,0.346227544781016,0.25101699679386785,0.13087025272111932,0.6225046533881107,0.8422333737987489,33.78813782999432,21.49776153697983
3335,Binh Phuoc,VNM,2022,2022-02-10,0.04828923757677491,0.29876862921637853,0.026217851840928143,0.060447612590109105,0.29263596162087224,0.1861665500139919,0.08315474093151327,0.7154910337018103,0.6663278798611663,32.23682197394352,20.524667559295644
3339,Ca Mau,VNM,2022,2022-02-10,0.12482942686372038,0.2293318244367882,0.10553719175983342,0.1293683514542868,0.20938832485267136,0.1543275631671946,0.09432552589922961,0.303542458841319,0.21498302404889758,29.052884014303128,22.04937226548652
3340,Da Nang City,VNM,2022,2022-02-10,0.19315276206810753,0.3667013870108785,0.19087443012049457,0.2064202642967138,0.35660148515666107,0.2730536123744994,0.16802310811961838,0.3619786955829391,0.385408545030694,27.446151111953792,18.789851802079884
3346,Ha Nam,VNM,2022,2022-02-10,0.48571858864318873,0.5162824268318231,0.4961357822914692,0.4869689619188924,0.49363118847089194,0.43659205675230206,0.2843669477964348,0.033000960851374266,0.041476935110143824,9.387440528894421,12.727835216280166
3350,Hai Duong,VNM,2022,2022-02-10,0.5234675395569139,0.5544581436168111,0.5216055705502527,0.5213405139184417,0.5216552002726945,0.4417465893155434,0.27037047896161426,0.034556836241853364,0.059782000988451406,7.137547415730346,12.465111954848423
3354,Hung Yen,VNM,2022,2022-02-10,0.4300701215431845,0.4684996886985174,0.4405400349624576,0.43262351741195215,0.457064781170193,0.4341170263633433,0.33230290793710554,0.0450722304003558,0.07585127531050298,9.964609210526325,12.436652974886005
3364,Nam Dinh,VNM,2022,2022-02-10,0.6358364750878172,0.656713300006027,0.6141944694471445,0.6263874057869478,0.6150427671432589,0.4967598627286707,0.2638491677231598,0.01644894462829262,0.015604134367566075,7.142550147441755,13.123676078599054
3369,Phu Tho,VNM,2022,2022-02-10,0.3641012338756639,0.4297651703533267,0.3687734403567146,0.36797479594732924,0.41718495294417424,0.3609509757138815,0.24327127421657968,0.12959405691389575,0.13194694243423985,12.095246168354867,11.10939631400137
3372,Quang Nam,VNM,2022,2022-02-10,0.16794708082159074,0.3534568778717231,0.16789829573556952,0.1811259336669693,0.34355030948080895,0.2487147761430987,0.14717447534927455,0.4220829772820864,0.4110006243232476,27.07067876990642,15.841573091444928
3381,Thai Nguyen,VNM,2022,2022-02-10,0.09844955715801511,0.23287087969255632,0.09524261023288205,0.10454828572686481,0.22685628610586514,0.16604355333350104,0.09836489008059145,0.5137654417177955,0.33622673113477064,19.116025179042524,10.984602166148257
3389,Vinh Phuc,VNM,2022,2022-02-10,0.4242423140433819,0.4830441695093643,0.4133072370418715,0.4210565737308938,0.45941491328314704,0.39415614467497057,0.2579395127969183,0.13188982723645934,0.11995054921641664,20.77375848856186,11.758420252958146
73933,Can Tho city,VNM,2022,2022-02-10,0.10708859019676985,0.40039928869964375,0.07509912187777236,0.1275464522456898,0.3576408275521952,0.23404025504047285,0.11683447151492458,0.5811313720118653,0.6338887884023764,29.315000212367103,21.23822455217903
73934,Dak Lak,VNM,2022,2022-02-10,0.10861073876288675,0.30696994484874346,0.0858689328248842,0.11011658959721639,0.3244880917988439,0.2450270125676001,0.14012117529686202,0.5239799242964553,0.6328427963102381,30.738493925783818,15.529813426984278
73935,Dak Nong,VNM,2022,2022-02-10,0.05395179324435456,0.266826381094919,0.034569299755100466,0.058672107811356046,0.27847946048902306,0.18312893256003027,0.08782768253579239,0.6852279498660367,0.5792259408061707,30.093410659804306,17.451748419731604
73936,Dien Bien,VNM,2022,2022-02-10,0.06764940884613127,0.3042125367181301,0.04658892599474078,0.07465312117831109,0.3379409879900194,0.23161814478124806,0.11303715632052401,0.6788855399570228,0.7380906329976482,26.199394493612377,14.695741893219795
73937,Hau Giang,VNM,2022,2022-02-10,0.09353852218389841,0.42920079918897885,0.07436487095171526,0.11818230917022624,0.3695955107221943,0.23541698595359653,0.11381263923630777,0.6520891925362918,0.7515789379763372,28.231293186821663,22.00190097291516
73938,Lai Chau,VNM,2022,2022-02-10,0.08832931149081154,0.29533011900459694,0.0747791415888008,0.09628211274563298,0.3136846784378417,0.21235903720896385,0.1094384841882341,0.6591095571340622,0.5251108429230719,23.73885990814346,14.05242062081264
73939,Lao Cai,VNM,2022,2022-02-10,0.3921636490396739,0.4913227156659099,0.3773790560976509,0.3911624470665916,0.49640095260295286,0.4242273339445493,0.2914940149610739,0.22400749313776122,0.2394889155874153,20.546683641998275,8.92011310812461
3326,An Giang,VNM,2022,2022-02-10,0.11999810669606084,0.4575751508917133,0.10409414537431975,0.14518797546508777,0.39462147923860835,0.2658936702623531,0.13653364494079454,0.6010065384043943,0.7603618291960322,28.379318372811316,21.473159409602562
3332,Ben Tre,VNM,2022,2022-02-10,0.09181383344650682,0.30500010750425877,0.060420913483847566,0.0992854487525933,0.27720559211120444,0.17977972700637215,0.09083596176555354,0.49439059898188653,0.4759913915701029,30.1148034106413,22.613422297933006
3343,Dong Thap,VNM,2022,2022-02-10,0.10303480544060092,0.3512732213780974,0.08036872853509489,0.12125307102244116,0.3109442079120658,0.2124685310537203,0.10843533502397915,0.5442573034510559,0.5499233324291498,29.96011676268184,22.33928402285318
3351,Hai Phong City,VNM,2022,2022-02-10,0.6966666360149879,0.7156838897585852,0.6710406006656182,0.6885259890700314,0.663486305540242,0.5254716903898611,0.2889674916462433,0.013462031373885549,0.012976926623997758,8.175784154117524,12.453500529874125
3352,Ho Chi Minh City,VNM,2022,2022-02-10,0.09733712225392183,0.2813067490102828,0.07190453490371586,0.10594298267373839,0.2653147872666824,0.19265484132003427,0.11239671215031449,0.4832604855363735,0.47620559828443343,31.546548969896875,23.283575527613912
3356,Kien Giang,VNM,2022,2022-02-10,0.08183244901064178,0.35271416839269104,0.05654996871424108,0.09836897827200934,0.30624121448745034,0.19509761557822417,0.09406752492157085,0.5742709198453043,0.5948759985318484,28.53300199780038,22.068478193746447
3359,Lam Dong,VNM,2022,2022-02-10,0.06147736130998214,0.3255942893831045,0.03928600739057563,0.07151834574456739,0.33487688517453496,0.21257453974956655,0.09693095797046941,0.6941758773555919,0.6995629188573014,28.368827071151262,17.188804925830787
3362,Long An,VNM,2022,2022-02-10,0.07627063159614954,0.3774981374749569,0.050321249165288726,0.09408427242428546,0.33776557064346513,0.2306516892087004,0.1131545753974216,0.6545206507016598,0.7752374905398259,30.612927563409183,22.738583762918708
3375,Quang Ninh,VNM,2022,2022-02-10,0.704698196811585,0.7266905630820378,0.6964235433391526,0.7015034008255163,0.6694559767479906,0.5380485732610301,0.3302628624267111,0.016226846370689364,0.01902373346378329,10.491914452733106,10.854124587780145
3378,Son La,VNM,2022,2022-02-10,0.18411852484901986,0.3458269940511811,0.1658629763958807,0.18659345179698456,0.3743040623097566,0.3006887706480865,0.1843361871761831,0.45186894768168034,0.54993156817596,26.555130932897228,14.373923853282815
3379,Tay Ninh,VNM,2022,2022-02-10,0.06904344987686442,0.36677689812776465,0.04277389829985457,0.08868203490490541,0.3601148750912398,0.2490553492804782,0.11772220158528551,0.6564566655099255,0.8563112327985681,30.93783435632023,22.06567640376769
3380,Thai Binh,VNM,2022,2022-02-10,0.6749175253968352,0.6935212053006393,0.6486516595839931,0.6664669748000599,0.6428747564623072,0.5130515373463544,0.2805347149624489,0.014245202261299812,0.014587364016463506,7.540388025261135,12.900792896195686
3382,Thanh Hoa,VNM,2022,2022-02-10,0.6034756731919844,0.6502184140203655,0.5909418690962496,0.5992391879408571,0.6210660263504852,0.5187718897010521,0.3133616625487687,0.043962900497343624,0.05020631753097372,23.76356340203046,13.799234754669563
3384,Tien Giang,VNM,2022,2022-02-10,0.11272593278046097,0.3482706013829574,0.08184147359973316,0.12121352757832951,0.3222365581830326,0.22444917744681298,0.1225123914550905,0.5118528404751995,0.5608679219261726,31.229501100872334,22.433945141071096
3333,Binh Dinh,VNM,2022,2022-02-18,0.06146820694076127,0.38121001008716443,0.043914242969197194,0.07917554928575073,0.35885427595791614,0.22192685203305074,0.09942242724615505,0.7269106955967876,0.8186941751802712,27.732797493667732,18.108949959995087
3338,Cao Bang,VNM,2022,2022-02-18,0.27162409458340425,0.36988973525665775,0.2732751239365506,0.27760850575560947,0.37930311456598115,0.3246227787045765,0.22930589748476393,0.27745019037840724,0.3253902724579985,17.485559380822497,5.913079985357415
3355,Khanh Hoa,VNM,2022,2022-02-18,0.1226750636033001,0.3904783856115378,0.10895959095073703,0.13727043944264475,0.3786276313470358,0.2617749562476374,0.13836644577542906,0.5528956925891495,0.6635139986915645,25.799762288121315,18.344261268815522
3360,Lang Son,VNM,2022,2022-02-18,0.039783592787394136,0.21441304001656988,0.027354509891021984,0.04665771494504104,0.22919576987384244,0.14923394658047776,0.06827362291859426,0.6953106864061451,0.4683555632473102,20.162367143485287,7.396824931111657
3370,Phu Yen,VNM,2022,2022-02-18,0.07925258876496118,0.3965803496744165,0.059044524745576275,0.0973395916980347,0.3762763540950231,0.2455501102044986,0.11577585046341597,0.6789273155618016,0.8514880317063869,27.630310955160738,15.59408074049601
3371,Quang Binh,VNM,2022,2022-02-18,0.32526867346505883,0.4197445675666408,0.33069718342319665,0.33268614792446616,0.4156210558785213,0.3662229793096557,0.26795697797229995,0.18710574468545194,0.22164685122813182,27.557075334870618,10.20968746609025
3374,Quang Ngai,VNM,2022,2022-02-18,0.08549354646725489,0.34278141415743113,0.07433622598343295,0.1010497638394503,0.3267933653828243,0.21887492014419319,0.1157479025223947,0.6349100289784809,0.6755787251959469,28.356328443091634,11.686042114412466
3376,Quang Tri,VNM,2022,2022-02-18,0.18826630134228678,0.3309366525660891,0.19002879628218736,0.19909325183545581,0.31957676539711133,0.25543833157744944,0.16716871364432373,0.40157076926425156,0.3515973870613722,27.67822688725549,12.425237880021482
3383,Thua Thien - Hue,VNM,2022,2022-02-18,0.11756626235779105,0.2704210347866314,0.11364835614684915,0.1272054015032855,0.25922762579383,0.18636040082423025,0.10483974846473416,0.5887344713177254,0.3908442815252879,27.923484686796215,9.862924162314389
3327,Ba Ria-Vung Tau,VNM,2022,2022-02-18,0.10563266769549029,0.25644632255565936,0.09223221888254568,0.1091612117608943,0.2594496049473057,0.1985543824090622,0.11766349095222284,0.41066403586310174,0.40265657415057476,33.37969864860017,20.567603413350742
3336,Binh Thuan,VNM,2022,2022-02-18,0.09412814073436364,0.3068400721578891,0.058226477150303234,0.09017334068569066,0.3291564102773953,0.24857965149202896,0.13797321566426027,0.551899014839748,0.5711116660480441,33.967055124060835,20.44190916615795
3342,Dong Nai,VNM,2022,2022-02-18,0.06361493165376486,0.2520398045574123,0.04748448932871656,0.06991654790363466,0.24893699888948426,0.16814211037233912,0.08650732273178795,0.6083068194264493,0.5016748631855424,30.712877663567298,20.664270632966762
3344,Gia Lai,VNM,2022,2022-02-18,0.07703634609779973,0.3203267988690242,0.04320215786963897,0.07753331575442418,0.34312701026176706,0.2480810882552063,0.13241612943829267,0.6192995842854022,0.5926257829818273,34.2135513572087,16.541215186573574
3345,Ha Giang,VNM,2022,2022-02-18,0.4230495749406455,0.4815401250054955,0.43337092364086177,0.4284242180965217,0.47575260943490416,0.42222609856369503,0.307810585320131,0.09273939668694799,0.11635605217885353,13.210000000000036,4.84262445184004
3347,Ha Noi City,VNM,2022,2022-02-18,0.08730669753397684,0.18065624093733695,0.0538251699448088,0.08259460778314426,0.17811294958393714,0.14983606051141565,0.10333401911762877,0.34645287819565174,0.2748445170586026,24.934326570933592,10.44193992766368
3348,Ha Tay,VNM,2022,2022-02-18,0.09779789406561823,0.19767547323523937,0.0649526344454083,0.09503767756484371,0.18406087454094536,0.14629242304923082,0.09211403089022112,0.3445249132398446,0.26039776146361343,23.342855033434716,10.279098236488824
3349,Ha Tinh,VNM,2022,2022-02-18,0.24915910189348825,0.349134934956151,0.25349715069227363,0.2582831981430694,0.3432430758111114,0.2969056560700391,0.21087196084339896,0.237469124606915,0.22934787789954839,19.192815611560082,7.237655332775024
3353,Hoa Binh,VNM,2022,2022-02-18,0.16584510169072178,0.3100698156273765,0.15982828143247144,0.17425632628372237,0.3139189035842366,0.24691266695440564,0.15633966806498514,0.4368782803025278,0.37195184492218947,20.525468922035074,10.122952262076753
3357,Kon Tum,VNM,2022,2022-02-18,0.07602657188370347,0.34237726358298043,0.05670581280690149,0.0857295310151863,0.3489110016101403,0.23136646509870668,0.11407704803522546,0.6604707814955316,0.7802011483578052,28.274055295980613,14.65807930576492
3366,Nghe An,VNM,2022,2022-02-18,0.25169079572078545,0.37062662656639384,0.2523842530096672,0.25977435377947544,0.3649467542794974,0.29511265651432217,0.1928194505937563,0.28476765880321625,0.25752250234849283,22.322638921798003,5.190908704042102
3367,Ninh Binh,VNM,2022,2022-02-18,0.08781677450046915,0.19337612479648797,0.05642259215036225,0.08335108990644713,0.19368122610023794,0.15052542810434094,0.09129886477177483,0.39376962963161627,0.2727956189212608,23.852307618257388,8.688500954158638
3368,Ninh Thuan,VNM,2022,2022-02-18,0.09047733511409421,0.32473336313405426,0.05388471671443901,0.09014941570942508,0.34896560126692117,0.2638165194788902,0.14516465136174356,0.5777441135933694,0.7753318218973889,27.28844545981306,19.394563244945637
3377,Soc Trang,VNM,2022,2022-02-18,0.15739702343744175,0.3291651323624062,0.1413186044810051,0.16339086518214072,0.30565593108824135,0.2285370871686642,0.13570057624269227,0.35721528971426664,0.37788821687702534,29.264633458152318,22.409654865422915
3386,Tra Vinh,VNM,2022,2022-02-18,0.15308725393568173,0.3213947447840988,0.1478359944361473,0.1644823309603291,0.28963732519422275,0.2048347885355199,0.12118181421296799,0.3618154660018213,0.36024260571732186,27.87856179532074,22.397028105755194
3387,Tuyen Quang,VNM,2022,2022-02-18,0.42465303449721054,0.49830953719583987,0.4256409756800704,0.42919173178453934,0.4842439712844303,0.4051004656208257,0.2786154208351401,0.13136634281065326,0.14162984513583726,20.79574594022704,6.555784046886185
3388,Vinh Long,VNM,2022,2022-02-18,0.11612929094888011,0.30725111426442936,0.10253706855162824,0.1254101730092513,0.2822796512828366,0.1956855091337108,0.11528410401014721,0.47484971707139817,0.44632508380082636,30.751480539568448,22.13538437505189
3390,Yen Bai,VNM,2022,2022-02-18,0.5439401675842068,0.5946072620526782,0.5376758958366551,0.5431467573975942,0.5743570061688906,0.48269388224740545,0.31876843519741954,0.0803964726204135,0.08674980221864004,19.332719691885643,6.630282129434192
3328,Bac Kan,VNM,2022,2022-02-18,0.3420975635152839,0.44126281434102865,0.3396264992198877,0.34710412796655626,0.44434737783087347,0.387299770561246,0.2827052381367058,0.2072977891207726,0.21577718800314583,18.247308142023126,6.665829126019675
3329,Bac Giang,VNM,2022,2022-02-18,0.06569688147033849,0.2441429300109335,0.03973533945390966,0.06826975739037987,0.24706048703977534,0.16960446075405192,0.08881556716081765,0.5724147397824189,0.4722137584914753,23.321627176303075,8.911643817187862
3330,Bac Lieu,VNM,2022,2022-02-18,0.14011911858884343,0.2527486583122074,0.12158946287378432,0.1441474030358257,0.23163364173245823,0.17708921695068708,0.10873862294158183,0.2681942057201207,0.24906106083553853,27.71854209877938,25.093467366184914
3331,Bac Ninh,VNM,2022,2022-02-18,0.11977050063346675,0.19796511967891042,0.07032752787642232,0.10888435844950581,0.18972287677323246,0.16403357984852512,0.11278642186746113,0.24526069170403697,0.20569991870242707,24.760687491460427,10.932118502285418
3334,Binh Duong,VNM,2022,2022-02-18,0.06537399914356495,0.30430128585878174,0.043801974625540425,0.07630739166575898,0.3048870494181461,0.21709771455311674,0.11311051066446022,0.6464640169030348,0.7472901402169804,31.78626352725953,21.10821116542984
3335,Binh Phuoc,VNM,2022,2022-02-18,0.0567994828317887,0.3335729304705041,0.037369193358261055,0.07208136062171691,0.3251213635183846,0.2075374379065869,0.0916289880330316,0.7066307707600868,0.7283397536448393,30.69298738014569,20.205212981312126
3339,Ca Mau,VNM,2022,2022-02-18,0.14357043455825588,0.23380714078271733,0.12934356301444003,0.1480529600724274,0.21892838308561915,0.16386928925438263,0.10497578321546054,0.251211107306167,0.18801014188310294,29.18864369897136,24.592746067355122
3340,Da Nang City,VNM,2022,2022-02-18,0.10582449656731739,0.27600665678110825,0.10083888198986196,0.11627285843293897,0.26317117291950753,0.19108818427402632,0.11673349345743128,0.528560911243523,0.4499997362578281,28.878320918345644,13.480252873001433
3346,Ha Nam,VNM,2022,2022-02-18,0.10386170817819831,0.1841736026238305,0.07036108703980841,0.09684290225828046,0.17846413219484417,0.14517328798003568,0.09384270191495615,0.2889065411191771,0.19779901357380475,23.872764472093106,8.581176808558451
3350,Hai Duong,VNM,2022,2022-02-18,0.09711674623006251,0.20342338140695143,0.05568759412874122,0.09103045779820697,0.19672347961873138,0.1571669322853039,0.09953645134303944,0.3572301920894316,0.30165727047218677,24.688320237252867,10.429720731061508
3354,Hung Yen,VNM,2022,2022-02-18,0.0975187214234966,0.19435528883333686,0.056583509865249855,0.08789987825046187,0.1844281330853143,0.1482606439459817,0.09660627437570198,0.3350114577153426,0.25180142878302053,24.597369398493797,10.111080119382606
3364,Nam Dinh,VNM,2022,2022-02-18,0.1252072249994983,0.19642185317473865,0.08127387065444341,0.10953171755756785,0.19653185195775214,0.1725112339059467,0.11674561099210355,0.22073726551488704,0.1768721344149069,24.731409248191273,7.863669035036724
3369,Phu Tho,VNM,2022,2022-02-18,0.3224627461672034,0.4074224005687939,0.3123317063329612,0.3252422509649055,0.40058998293675013,0.3424485853145907,0.2328010668714284,0.21464890701768374,0.18468915664667274,21.904081507407906,8.179631298448534
3372,Quang Nam,VNM,2022,2022-02-18,0.16834551870190056,0.3560406651220684,0.16669947476077115,0.18087750850650539,0.3423633726046075,0.25361801662627886,0.1558790035361792,0.4411976426887657,0.45553011290878337,28.62832520119501,11.348345967464914
3381,Thai Nguyen,VNM,2022,2022-02-18,0.060650905831291256,0.2330938861054543,0.0485578716035029,0.06913483586434299,0.23586431107361122,0.16059191259486927,0.0814897969845189,0.6008703039072876,0.44900548692070974,22.5214537684995,8.725997472400541
3389,Vinh Phuc,VNM,2022,2022-02-18,0.08841973387203547,0.21516364116592016,0.06168787261636495,0.08876904223836242,0.21195321149743437,0.16297649538899944,0.09862306725586654,0.440721235557081,0.34172633877611985,22.813800934715,10.492314952792897
73933,Can Tho city,VNM,2022,2022-02-18,0.1418200241347578,0.3381848172122695,0.12563525637669995,0.152843812850932,0.3111526664637066,0.21467889110981286,0.12472936326667762,0.4170733164786977,0.41966049708036535,29.408015042980004,22.373228467534986
73934,Dak Lak,VNM,2022,2022-02-18,0.08951982737562333,0.30288903954867313,0.06149342784233298,0.09064036710951284,0.32354900666554615,0.24257988418702864,0.1363883197136326,0.5599092923132842,0.7885029672423103,33.90031158735903,17.812045308407452
73935,Dak Nong,VNM,2022,2022-02-18,0.06755321320595309,0.3012321700068332,0.04939759812637074,0.07601935237584537,0.308480263140349,0.20388672710397002,0.09838417580002562,0.6565150559862613,0.6346260710474253,30.418821839382094,18.353011291630136
73936,Dien Bien,VNM,2022,2022-02-18,0.38400172680158173,0.4811338536195341,0.37802289660796917,0.3860730110157592,0.48440759419692614,0.40550168901670436,0.2765829747431373,0.1716024846322695,0.20136207640413886,25.264887243313783,11.473631811792952
73937,Hau Giang,VNM,2022,2022-02-18,0.12459566080705742,0.39916949428925,0.1182947673052788,0.1449696997441149,0.3440551654063858,0.22640943834487318,0.12417205182034567,0.5470979151413576,0.5845467165944086,28.350824244665652,22.68380531740639
73938,Lai Chau,VNM,2022,2022-02-18,0.42305452957032375,0.5129383181547564,0.4166910404754674,0.4244029116102264,0.5090150770426595,0.4240770049010433,0.289517590636565,0.16674486730019378,0.18796335669269235,23.95379276769137,11.406504231885458
73939,Lao Cai,VNM,2022,2022-02-18,0.5623759041544693,0.6010864791029588,0.5603289157543312,0.5622588211812973,0.578605399845261,0.49192483847198226,0.3318461860739305,0.04477318061436663,0.052751519008123485,15.623226981079434,6.771201348981856
3326,An Giang,VNM,2022,2022-02-18,0.10668778996742492,0.39392521844665584,0.10014266470693035,0.12803028525732219,0.3328600661207243,0.21223720886455477,0.10855992753394814,0.5767360044166506,0.6117100463572198,28.656967084334287,22.147660798955258
3332,Ben Tre,VNM,2022,2022-02-18,0.1381909108088406,0.2741655188487295,0.13090437890883982,0.1454994805780545,0.2522747847080219,0.1781333930065966,0.1077955091775461,0.34680252250592564,0.29140959377369396,29.07758309210381,22.508506618049104
3343,Dong Thap,VNM,2022,2022-02-18,0.11270328445990613,0.31754275009820465,0.10058198486920818,0.12791804760978914,0.2820465988027552,0.19407527211788578,0.10621768654309463,0.4778847192518051,0.45046647196618483,29.160363113975716,22.3361859469659
3351,Hai Phong City,VNM,2022,2022-02-18,0.08601284781608436,0.18727584748206869,0.050731651112783424,0.08331827799262953,0.1802267492585248,0.14258189236900598,0.08999485313351371,0.3872293456597312,0.2673494319201237,24.53848880538546,10.638176600295681
3352,Ho Chi Minh City,VNM,2022,2022-02-18,0.11611189323042212,0.2625644584043989,0.10173388020887295,0.12322845136812009,0.24905669383463352,0.19046789225166366,0.12196751033309101,0.4074947301433543,0.3999429983973742,29.173432659110944,21.31706288234342
3356,Kien Giang,VNM,2022,2022-02-18,0.11875535355356723,0.32475914543653767,0.10454848963559815,0.13121215511430248,0.2883752705054902,0.19218465314133984,0.10662918327638375,0.4473273444779435,0.43289236650393026,28.814344848337793,21.94672067741559
3359,Lam Dong,VNM,2022,2022-02-18,0.06211483096727518,0.28714690726850917,0.044382977412845435,0.07008025119673662,0.2942891117018963,0.18815168012957653,0.08830291662999493,0.6673470205500982,0.5821643281460587,28.47346714931894,17.192255710800904
3362,Long An,VNM,2022,2022-02-18,0.10084879326652149,0.35494470502854847,0.08711022622028416,0.11579078398961748,0.31676049275057455,0.21791437315010495,0.1166891595900644,0.5611478338842937,0.6109108756672814,29.44555635613675,21.949797216793204
3375,Quang Ninh,VNM,2022,2022-02-18,0.05681577560343478,0.23163080739205222,0.04246591643071935,0.06444759999284844,0.23307966826706422,0.15126667061813084,0.07212804541301936,0.6449871475403487,0.4522341413082893,20.402177539552266,8.57754218117572
3378,Son La,VNM,2022,2022-02-18,0.28388663019353616,0.40407331728005874,0.2692940336000113,0.2852722307456925,0.42001188861281685,0.3567172061791726,0.2403344190717066,0.2786291386360591,0.35905498768528477,23.511979072780594,9.741944451692294
3379,Tay Ninh,VNM,2022,2022-02-18,0.06130126277186015,0.32177568992671496,0.043337605886716556,0.07768268450879716,0.30697281089517464,0.20791345950212006,0.09883271521229542,0.671056891206621,0.7275875302229526,31.5045594285583,21.902895666109583
3380,Thai Binh,VNM,2022,2022-02-18,0.11454306849292652,0.19407173861068755,0.07211864475608754,0.10307372675961265,0.1803578345771969,0.15265423847004883,0.1006131278889338,0.25819322403951644,0.1877884540996415,25.705439566981575,10.839560861948167
3382,Thanh Hoa,VNM,2022,2022-02-18,0.10946779270512756,0.2585560322477449,0.09936638034923706,0.11701090427734684,0.25664162910320465,0.19085603147529145,0.11478788686562043,0.48033274384799357,0.3813851343497822,22.151107422693986,8.143103660308068
3384,Tien Giang,VNM,2022,2022-02-18,0.11905957712773074,0.29266445945413383,0.10338261585423249,0.12482299719275287,0.2714863746384396,0.19450856387311774,0.11616155764023937,0.4406274817421351,0.4101095158379075,31.1760629635111,22.35092273315638
3333,Binh Dinh,VNM,2022,2022-02-26,0.10790483491527682,0.3570740733694974,0.09340608912911262,0.11926123443245376,0.3375200408507525,0.22852583603470597,0.12978891881548102,0.5767043551678539,0.6481554245146508,29.094752547351444,16.948776285488623
3338,Cao Bang,VNM,2022,2022-02-26,0.4183304003897436,0.4946353650454479,0.39770672408633,0.41458448741710596,0.5077247971074988,0.4640338552460798,0.3411559874593853,0.11525447728381719,0.15914494429353432,22.978105389127457,12.13504054305141
3355,Khanh Hoa,VNM,2022,2022-02-26,0.08072152457643708,0.33966110582227266,0.06118205835017049,0.09114644143729282,0.33172289385409487,0.22228051774255064,0.11318224268874337,0.65556058573951,0.7369144655375193,30.3480510001064,18.500500045870726
3360,Lang Son,VNM,2022,2022-02-26,0.10279057773984902,0.3110880150758237,0.08221815132428394,0.110328300335704,0.3421787479638443,0.25192832426489264,0.13261243894793434,0.5551281391452579,0.5868607432690879,25.92126390312699,14.328373333088198
3370,Phu Yen,VNM,2022,2022-02-26,0.14270052614853812,0.39282469191056896,0.12630504606813572,0.1543418970356014,0.3813445061913616,0.2765159343403075,0.16204831389284954,0.5116650224450352,0.6961918333592323,29.745215614938715,18.746882238513393
3371,Quang Binh,VNM,2022,2022-02-26,0.35770331553298385,0.4521349959688033,0.346979784493268,0.3583973042074041,0.4473140355192504,0.39005279225908596,0.2710450358400748,0.24292957443143856,0.19481303884527723,23.061121842652778,15.764352143884798
3374,Quang Ngai,VNM,2022,2022-02-26,0.07161544683263948,0.30061002189892194,0.06021853255665342,0.08307588367485394,0.2852071945485779,0.1879834069264736,0.09779988565407093,0.6805351963345944,0.6163542746096363,28.26659033572471,18.037724351660497
3376,Quang Tri,VNM,2022,2022-02-26,0.2670969290876915,0.39291787724949917,0.2664547839746819,0.2745966339128314,0.3835815603984972,0.324011677071531,0.21845857795344653,0.3118592562640764,0.2919252240610094,27.15943475548754,14.182930655997822
3383,Thua Thien - Hue,VNM,2022,2022-02-26,0.15597522721571241,0.307072617350352,0.1561329003624565,0.1667594073108864,0.30280265884759,0.23678605064524455,0.15068967136941389,0.4633899209222676,0.38857024354910946,26.193746177406904,16.409406239939603
3327,Ba Ria-Vung Tau,VNM,2022,2022-02-26,0.07840674460037929,0.2636456449332536,0.04514732055023243,0.07695230867432562,0.2773824159710265,0.21139868031966189,0.12243977657963732,0.5051323173186982,0.5973049195744855,36.83046438496381,21.96255807983568
3336,Binh Thuan,VNM,2022,2022-02-26,0.08535056987184166,0.30617671162853954,0.041980661379918745,0.07873512224366337,0.3330714748375948,0.255096917041176,0.14414343217057055,0.5791237804238365,0.7638737550078752,36.499876529234626,21.010088159970387
3342,Dong Nai,VNM,2022,2022-02-26,0.05415380021384647,0.26138276729320753,0.03150685656400001,0.06049108418336374,0.26342253148012484,0.17935315815400243,0.09269736305397054,0.6547077113131887,0.6096956011576882,35.28536940431375,20.832472358984944
3344,Gia Lai,VNM,2022,2022-02-26,0.07475901716817114,0.29901196202124875,0.040719104204842066,0.07236944337498434,0.32197302690739454,0.23622498130548722,0.12994781680389297,0.6172190548920518,0.8898367709026413,35.067739203314495,18.045947228815447
3345,Ha Giang,VNM,2022,2022-02-26,0.43501076313016107,0.5162651288537653,0.3976437156161926,0.42446920538614763,0.5289164781572063,0.46703450550646275,0.317259596305793,0.15886545330067844,0.18571761056831262,24.784212449571324,12.424757452128816
3347,Ha Noi City,VNM,2022,2022-02-26,0.13666929694789628,0.25322489687779365,0.10859657437478029,0.14127533213036314,0.25354747743452105,0.218634184778937,0.14091028882050538,0.30671865152075956,0.32068342928020266,26.339201541850265,16.319477877261583
3348,Ha Tay,VNM,2022,2022-02-26,0.2704881466320157,0.3509923716327687,0.2363690824857593,0.2666409804036991,0.344254883925997,0.31189367215232505,0.2158148846752173,0.1698210579562738,0.17696006664024114,25.788454813221787,17.43158521701698
3349,Ha Tinh,VNM,2022,2022-02-26,0.24105254832516754,0.3605441903589272,0.23844618934499853,0.25014636215100783,0.3603711702952739,0.3052506789358824,0.21297304650073506,0.2617574717839119,0.27227161711695713,25.652333584626348,16.146385043068154
3353,Hoa Binh,VNM,2022,2022-02-26,0.25458557899284623,0.37889804347136297,0.24281468843997997,0.2577561751618352,0.3866686433840954,0.33250943427883506,0.2228302915495996,0.25683830977142375,0.30407005752471666,24.664651237921856,14.707094777859426
3357,Kon Tum,VNM,2022,2022-02-26,0.04773259520268526,0.30820620280309424,0.025136113325458717,0.055181545559693165,0.3154645379984321,0.19987963394413125,0.09160313087309717,0.7335499385534516,0.75729567271103,31.27561184668034,17.342911293770605
3366,Nghe An,VNM,2022,2022-02-26,0.1207834685177131,0.27345095305193057,0.12158101318403577,0.13009426205919725,0.2713850183828359,0.2012491160387118,0.11854899399133496,0.49317569329699223,0.37584841596851004,24.388114121645945,16.08299070680876
3367,Ninh Binh,VNM,2022,2022-02-26,0.16089045266007604,0.28238827230963665,0.13996050427113305,0.16385070058935,0.2840357986947088,0.23497018727402091,0.14804474048998553,0.3019223066623169,0.302165443047774,29.28386813097411,14.934575267059653
3368,Ninh Thuan,VNM,2022,2022-02-26,0.079647305272169,0.2882829991292642,0.04334904749324641,0.07562057896956396,0.31063180032098603,0.2372512364951704,0.13131716441916438,0.6028953617083308,0.7738586937371369,34.355477966854515,20.152026532931437
3377,Soc Trang,VNM,2022,2022-02-26,0.0923537084748926,0.31279683933590796,0.04949022236791806,0.09401845921046312,0.28893979902945316,0.2088856123687672,0.11465379728494154,0.5136944924954467,0.5777041354524983,31.66823113401818,22.60268186989404
3386,Tra Vinh,VNM,2022,2022-02-26,0.08678439820632858,0.3220330625522994,0.04712852000733733,0.09496337751377121,0.2893881818146836,0.1944589486660567,0.10049782959426472,0.5341762013903526,0.5688110389877988,30.382195711603732,22.569748848699817
3387,Tuyen Quang,VNM,2022,2022-02-26,0.5414500534921194,0.6050373350441796,0.48500649015528347,0.5209381356163167,0.6178059750386559,0.5664324332511332,0.3964060825772803,0.05670630106891474,0.0918941758227183,,12.452405695088368
3388,Vinh Long,VNM,2022,2022-02-26,0.0849381641450928,0.2961314747301799,0.05161203784651896,0.08816049286329802,0.28372847476093366,0.1969999759630922,0.10627225833337002,0.5501965814903994,0.5376660496802841,32.48668195416322,22.092947753930986
3390,Yen Bai,VNM,2022,2022-02-26,0.4275932137577481,0.5186813104581217,0.3821333962353034,0.4122391423123824,0.5353097698953645,0.4717838725062184,0.31430716418032023,0.18767415984912184,0.17885702510102516,22.41785969496886,13.304570007054483
3328,Bac Kan,VNM,2022,2022-02-26,0.5353693738904727,0.6100084310804565,0.4834699124783091,0.5187250694657125,0.6195121404052971,0.5618995431649189,0.39756925708225405,0.08235567259009065,0.1272983995201644,20.73952136203024,12.205157055116866
3329,Bac Giang,VNM,2022,2022-02-26,0.08847237924076798,0.2974702764062203,0.05619100427008786,0.09226150033084819,0.31225171815318326,0.22645229561285957,0.11800668801516216,0.5388854821365635,0.5774568214181705,28.253616712642376,15.800503877852776
3330,Bac Lieu,VNM,2022,2022-02-26,0.08312327032979076,0.2228832155544971,0.04609193471335255,0.08464149418895271,0.19768249024590007,0.14428601643776479,0.08202915199977535,0.37106646462229076,0.34823605572633376,29.51565160386521,24.06146325429596
3331,Bac Ninh,VNM,2022,2022-02-26,0.13298166847365245,0.22180763067960915,0.08371882960811973,0.1259629399304471,0.21258441516620027,0.1867176561631201,0.1224373308388391,0.251796871035894,0.23162583108628407,29.269565167376044,16.84392462705709
3334,Binh Duong,VNM,2022,2022-02-26,0.0635832259005254,0.31509676005734627,0.03769100423924685,0.07389807280832963,0.3204398029773696,0.22993212010951217,0.12131167135742792,0.6601354996566305,0.8022072192648599,35.897416601514834,21.27758566637004
3335,Binh Phuoc,VNM,2022,2022-02-26,0.043880030570344335,0.3112780643350649,0.023815958105476404,0.056286627083555404,0.3081231691747276,0.19633818838940192,0.08564459926447676,0.7433329018488188,0.7281227330237426,33.86624051149453,20.721265896372586
3339,Ca Mau,VNM,2022,2022-02-26,0.074618995304666,0.18941216146510081,0.04345528123105136,0.07560705974838375,0.17308189251494258,0.11775778990498471,0.06388916064264889,0.39728493479569865,0.29153864300842164,29.72842285355114,22.615006915114908
3340,Da Nang City,VNM,2022,2022-02-26,0.061014078789574294,0.2752645030716534,0.04907138963390884,0.07225960042858937,0.266678200409038,0.17479006607901804,0.09076227969474712,0.6714413971216144,0.6423564943736273,29.877785948855887,16.424609698560545
3346,Ha Nam,VNM,2022,2022-02-26,0.2682195631605343,0.33866262374613315,0.24359965138356424,0.2647902420206624,0.3418372406808064,0.31593603131833,0.2311836696377728,0.14131549595663523,0.1539193367762877,29.310312595770807,14.203910802929327
3350,Hai Duong,VNM,2022,2022-02-26,0.19945645224035063,0.30385248235060625,0.1563315734730811,0.19469056400918464,0.30382738686084987,0.27136825144185417,0.18906671928337604,0.24437558423598923,0.26203073230119217,29.760295590866807,16.72035723057674
3354,Hung Yen,VNM,2022,2022-02-26,0.3144337169573797,0.3852663059382125,0.27443872323156215,0.30621395786228095,0.38853175648520216,0.3718583867154444,0.28041885152550367,0.11661854192970675,0.15906195339173498,29.196897086855188,16.178207834422363
3364,Nam Dinh,VNM,2022,2022-02-26,0.17992226842700323,0.23079748018852653,0.1554020110993875,0.17127639471946118,0.22161574390354863,0.20105286275348494,0.14561501069884508,0.13720603348825725,0.11135145873848336,29.474356918128787,13.71031653204426
3369,Phu Tho,VNM,2022,2022-02-26,0.42900826930860586,0.4909299407456598,0.41083753768853354,0.42375979279123516,0.4853432323528079,0.4338994655349842,0.2982214700541359,0.08700821625968758,0.11810953224845479,20.02107856481737,12.501230946142307
3372,Quang Nam,VNM,2022,2022-02-26,0.06251916622907051,0.28499081288163725,0.05553198379062138,0.07491135381222838,0.2747135960180008,0.1754001272694387,0.08650221998717574,0.7040034558949003,0.5760970660633448,28.09361937566743,14.729478204395688
3381,Thai Nguyen,VNM,2022,2022-02-26,0.30141624844775405,0.43249157633414564,0.26237640410094,0.2965243545197331,0.4477119210091027,0.3897847930078372,0.260725531844225,0.2552075692647149,0.33237274241448217,,14.189436228588196
3389,Vinh Phuc,VNM,2022,2022-02-26,0.3919771501702334,0.4730135523446238,0.34027246882362555,0.377208657458055,0.48671736905857393,0.4567659858241622,0.33289115627080834,0.12189258560509522,0.1834447039204904,,15.031413173312144
73933,Can Tho city,VNM,2022,2022-02-26,0.09722192412704318,0.27340724194268223,0.06081385634033321,0.09960329283781778,0.2582081374220991,0.1849152298312219,0.10001698090984731,0.4474856053237112,0.4147878128586368,31.129051448414597,22.280679976260178
73934,Dak Lak,VNM,2022,2022-02-26,0.07151698158553638,0.2853662796086505,0.041627698154757184,0.07136226230693553,0.3052339849632109,0.2258604771696555,0.12501523642347145,0.6193926944598728,0.6028110121712333,34.88051151506081,18.621451601804488
73935,Dak Nong,VNM,2022,2022-02-26,0.042857362735897755,0.2797519225142486,0.0233696763124601,0.05048192776680179,0.28675318648167525,0.18278479955694193,0.0810743591708981,0.7325512093760047,0.6443782415927302,33.01739489782978,18.20918386052953
73936,Dien Bien,VNM,2022,2022-02-26,0.058084499744918895,0.2676172512049674,0.04222402476496672,0.06477622048569297,0.2946969095212815,0.20307870944219533,0.09657017134517855,0.6632064318472499,0.6350286937144426,26.478819322915744,16.862143229312785
73937,Hau Giang,VNM,2022,2022-02-26,0.07224937906910615,0.36881187766906054,0.04448348400214829,0.08963875882746569,0.32008832640729795,0.1984279431825688,0.0940402201014926,0.6656358141566256,0.672984542863879,30.375109772466303,22.1477511474768
73938,Lai Chau,VNM,2022,2022-02-26,0.046485540250571604,0.2667559454553051,0.029066847971825033,0.05415001894438652,0.2895465961892369,0.1878508040037214,0.08223759897508189,0.7232901046868346,0.612016275275099,24.79744935642231,15.9666036277584
73939,Lao Cai,VNM,2022,2022-02-26,0.3706275434534297,0.47166140833614356,0.33670619106190114,0.3621328746290909,0.4882685909269948,0.4219130384385385,0.27859480099135797,0.22817785297379045,0.23358708921378987,23.478063498497704,11.951582490252353
3326,An Giang,VNM,2022,2022-02-26,0.06271621462533221,0.34172596736392846,0.0382685968944828,0.07767860116454182,0.29488530605348706,0.1815789369020023,0.08502839119230023,0.674779917154482,0.6516932240355916,31.160710288449433,21.576571220799668
3332,Ben Tre,VNM,2022,2022-02-26,0.07377121896811896,0.2550048719166539,0.04286484069002633,0.0773584945792239,0.23132790331839578,0.15022230356431282,0.07898216435811233,0.5190024126996811,0.43548023122005297,31.243630748004136,23.44216352766552
3343,Dong Thap,VNM,2022,2022-02-26,0.07208425743545142,0.2873228022686548,0.04229584722287554,0.08203718995452351,0.2622458123348781,0.1782580325152743,0.0904499962588724,0.5846801564722556,0.5314433567527949,32.391115801083764,22.118981058573794
3351,Hai Phong City,VNM,2022,2022-02-26,0.1359365909295173,0.23223342220308607,0.11115096790896505,0.1382010877657544,0.2262160251276707,0.18797512123175444,0.12364659162706156,0.28036153142905046,0.2555763907570927,29.22916577502799,16.82818513974099
3352,Ho Chi Minh City,VNM,2022,2022-02-26,0.08459888343367437,0.24233460069543897,0.059231228743165686,0.08990852291583712,0.23003006492471245,0.17189743354958856,0.10924330900723829,0.4804146889672047,-0.7785581769525339,35.07943602721008,22.383479593389822
3356,Kien Giang,VNM,2022,2022-02-26,0.08275463841989159,0.30426720765723614,0.0508527880754113,0.0920487666002781,0.2811796670576871,0.1871456689274857,0.09475421548309353,0.5235789153307602,0.4664868432501706,30.74075796260389,22.510502704497963
3359,Lam Dong,VNM,2022,2022-02-26,0.04339858094151247,0.27437086704514696,0.022839586640779272,0.05051289526592723,0.2848693292385082,0.17871990327256376,0.08037854914841948,0.7281931373624084,0.6245757226147939,30.179102496703603,17.059719795581735
3362,Long An,VNM,2022,2022-02-26,0.06578842125774254,0.31511589314918087,0.03784113233343309,0.07510340908945123,0.282955171834072,0.18976042411276628,0.09768476283326538,0.6445676979045549,0.6186019929676391,32.94085740179762,21.906535228131364
3375,Quang Ninh,VNM,2022,2022-02-26,0.1058725448884452,0.2926011445126198,0.09416122921031847,0.11670894576599203,0.30350058667969143,0.21946666982890958,0.11954919199267978,0.4956527791788814,0.49280889221090957,26.586991113085848,15.330545028097683
3378,Son La,VNM,2022,2022-02-26,0.16086758609867377,0.313093500637802,0.1564672641470708,0.1671429731595645,0.33668958778557656,0.2708373637390817,0.16574009794295766,0.4071777992571374,0.4889497857535203,26.53586508965491,16.559155302184415
3379,Tay Ninh,VNM,2022,2022-02-26,0.05415568760051067,0.31388157640566117,0.03252794262825256,0.06776024719461124,0.30546431166365,0.20714127271756075,0.10136870978772729,0.6872557256625753,0.7414426130543791,34.29727129962021,21.35754585872936
3380,Thai Binh,VNM,2022,2022-02-26,0.19274731487384847,0.24234724971169377,0.1786096657392389,0.1900067590500394,0.2199398063418246,0.19500446349044032,0.14416446388891538,0.12451277691149926,0.10080383795373248,29.780243187945878,15.358552746301838
3382,Thanh Hoa,VNM,2022,2022-02-26,0.26106964116310455,0.3885737454715949,0.2460212643862143,0.2644796772444612,0.39429254442322,0.3341744891135817,0.2205901578219023,0.25607854407970704,0.2963550652832098,27.44647322410381,16.641944395200458
3384,Tien Giang,VNM,2022,2022-02-26,0.07494932709697233,0.2643116743609334,0.043504777828617,0.076771970589442,0.24628426662978273,0.17209286210554067,0.09579174243606177,0.5509819330054282,0.4982002766958421,33.57995078356582,22.025505600717377
3333,Binh Dinh,VNM,2022,2022-03-06,0.12248158985801069,0.3972598215746192,0.10381840381119865,0.13603047104669103,0.38089866334554895,0.2566457642722248,0.13877643919844523,0.5582823726335351,0.68949450070285,27.15937827317609,18.129796706786028
3338,Cao Bang,VNM,2022,2022-03-06,0.05538402508928332,0.2651686860806414,0.03358988176067875,0.06323477331200275,0.30001615322259184,0.21453755518394169,0.10695369352260534,0.6564103302613415,0.6692544989848144,26.0102508938234,11.916430531249246
3355,Khanh Hoa,VNM,2022,2022-03-06,0.11582012319981957,0.33685969806245436,0.10450756033089387,0.12543883567183958,0.3280637410470028,0.22079824075762502,0.12060257070156181,0.5324618609756738,0.5558476217973233,28.638651007139504,12.723745780814141
3360,Lang Son,VNM,2022,2022-03-06,0.05376388244371822,0.26215384610615733,0.03474337709619707,0.06205668012719911,0.28756453140336297,0.19811711566892592,0.09516853866174038,0.6623959829793766,0.6025207675284072,27.197597337871336,11.98643352601382
3370,Phu Yen,VNM,2022,2022-03-06,0.18926204355926626,0.37662763174575037,0.1882691864043012,0.20045433561126524,0.35891681834972167,0.26108663569148605,0.15755055215269378,0.39223977805101023,0.4272857444503648,27.85273957894647,15.257198082904967
3371,Quang Binh,VNM,2022,2022-03-06,0.1867110456758082,0.32705635595868077,0.18728652524543027,0.1965590171515662,0.3279529071445581,0.2610587041105083,0.17054535975765414,0.38636282721943255,0.3902718574385951,26.703274644278633,16.84543394049973
3374,Quang Ngai,VNM,2022,2022-03-06,0.11502817949955438,0.3198937654564778,0.11045751393526242,0.12673338091374056,0.3064129198526478,0.2081533841762931,0.11476300962440446,0.5324450755092858,0.4836449592956868,29.035672437981912,16.8037116024308
3376,Quang Tri,VNM,2022,2022-03-06,0.13080169250495172,0.31579893032054035,0.12602355167264043,0.14215844442432168,0.3144735968989698,0.2326784802328747,0.136599111047528,0.48737211517502227,0.5041637690106691,28.218673659011444,17.302035348622464
3383,Thua Thien - Hue,VNM,2022,2022-03-06,0.07375014839520504,0.2697992416794408,0.06561078887076063,0.08506341023173912,0.26944998883311994,0.18362099897453668,0.0958038088146334,0.6169036289457991,0.5336362758317817,27.61512353202933,17.51219777084117
3327,Ba Ria-Vung Tau,VNM,2022,2022-03-06,0.07487993959391272,0.24284178280664484,0.0440939338491071,0.07168252344287429,0.2598337135147919,0.2004170815530823,0.120276322331862,0.4883749842479763,0.722351739335023,37.681247397250615,22.571303258760455
3336,Binh Thuan,VNM,2022,2022-03-06,0.07705239966024979,0.2777948368208895,0.038126401660863535,0.06927126339013787,0.3069876596432515,0.2354564872352201,0.13603815754015247,0.5841550364803357,0.7032819653701116,36.802905160514506,20.800345160505
3342,Dong Nai,VNM,2022,2022-03-06,0.052409572568478086,0.2566592873665513,0.029738203535863122,0.05788113141066476,0.26234690732615584,0.17864301584801962,0.09332602620221116,0.6274058232171777,0.7171235572209549,37.34901218315397,21.179973664551323
3344,Gia Lai,VNM,2022,2022-03-06,0.07965554060550853,0.2845615739314593,0.04859496286381628,0.07668302809343842,0.3068010867796742,0.2269894514452,0.12817999034188104,0.5835082483964334,0.6017729959520945,34.82635341149225,18.041713248463587
3345,Ha Giang,VNM,2022,2022-03-06,0.06244917881007047,0.2821809485844773,0.03810796113398996,0.07017815273418103,0.31781686184835234,0.2327957631523128,0.11865970603407779,0.6483970512763146,0.7584029892856724,26.745896373471798,11.131496176609389
3347,Ha Noi City,VNM,2022,2022-03-06,0.0963816174692398,0.20685797245048543,0.06040848955462368,0.09449907682004693,0.20875017843837737,0.1728220357934165,0.11466170443163545,0.3591164440593346,0.31829039885337135,29.683886710445346,15.481790161449702
3348,Ha Tay,VNM,2022,2022-03-06,0.09800369231136563,0.21845108450042725,0.061889427350677026,0.09729606365596977,0.20888995209500485,0.16383750808399397,0.09982090591775099,0.38204124765259323,0.31664278421231895,28.89725667610359,15.870087333954997
3349,Ha Tinh,VNM,2022,2022-03-06,0.2256125540153841,0.3802802791510214,0.20962876551610868,0.2334121500500783,0.3816526922478437,0.3210418377179604,0.22268915562791186,0.3198006166774401,0.4333106860601308,26.24413029488571,17.11497768393397
3353,Hoa Binh,VNM,2022,2022-03-06,0.07275385713630549,0.2761553886811866,0.05401622359140081,0.08271602781897228,0.29271971668271946,0.20676860471178904,0.10390636717091602,0.587959256968492,0.5620258555510018,26.645556225568864,14.661219657171458
3357,Kon Tum,VNM,2022,2022-03-06,0.044897919877199266,0.2774883007679562,0.02732536950114631,0.051209125715765365,0.2825093721344243,0.17810701175491847,0.08213058640486455,0.7291201027458919,0.6407870314125058,31.142527511196455,16.752241366862748
3366,Nghe An,VNM,2022,2022-03-06,0.23453676345551394,0.3805462627056717,0.2255786841142939,0.2419587647161606,0.3849264681844333,0.3135024344783236,0.21126273816866786,0.3109986366455545,0.3494467272451976,26.6549145152511,15.67725198044747
3367,Ninh Binh,VNM,2022,2022-03-06,0.14612797116338888,0.2529417097430732,0.12254824138735063,0.14665497897862428,0.25105270489374304,0.21425933148193685,0.15253181125176135,0.27484370372823463,0.29789329579888724,27.023964825944446,16.032030392012178
3368,Ninh Thuan,VNM,2022,2022-03-06,0.0915954714210606,0.3171567013821132,0.051620569626894236,0.08746289971175647,0.34385555476342355,0.2578375201047063,0.14315325270082166,0.5658345394035329,0.8423607580027832,33.68454366107012,17.346426011423947
3377,Soc Trang,VNM,2022,2022-03-06,0.08370457571956995,0.28485569749735823,0.05156449602961775,0.08525098497632387,0.2566224462429856,0.18443408511246376,0.09833772436563942,0.5155160009676235,0.5131775927684858,28.422895693599965,22.44790408949471
3386,Tra Vinh,VNM,2022,2022-03-06,0.07999348137208108,0.2641753871756862,0.05594861205122382,0.08517810137142212,0.23554307475155714,0.15781776841251824,0.08287770781389561,0.5040390626076409,0.4348810417798444,29.200791336214543,22.795270524048785
3387,Tuyen Quang,VNM,2022,2022-03-06,0.08549352356617317,0.30013754548600086,0.0706841630090232,0.09727562355229755,0.317819861719777,0.2264035199918191,0.1157775617423061,0.5997982924424565,0.5886256978190255,26.697193060036728,13.949505582638078
3388,Vinh Long,VNM,2022,2022-03-06,0.09333034072787266,0.26758994679872883,0.07030298340072715,0.09595878762356583,0.25109843916999236,0.17537638954350704,0.0965273398799911,0.4892157100716966,0.4099417346244587,25.858292202936205,21.78721340742566
3390,Yen Bai,VNM,2022,2022-03-06,0.0988310001978763,0.30577349594432696,0.07963183271154944,0.10773946724229665,0.33068933770187,0.24405915795301947,0.13035473759314264,0.5806398218353453,0.5947423286473632,26.177437989061104,13.964625779475785
3328,Bac Kan,VNM,2022,2022-03-06,0.0629258920065189,0.29399856337583985,0.05037376122661454,0.07525703208336217,0.31427425666355474,0.21363541060476035,0.10069197729341926,0.665717521572859,0.6451203360483685,25.594600372611968,12.741015133848066
3329,Bac Giang,VNM,2022,2022-03-06,0.0706400580003758,0.25807805678902,0.042355267239356946,0.07379555997203871,0.2655316823726716,0.18628070382347336,0.09772650115358984,0.565429035673274,0.5140946223176133,28.90109820969073,13.574072123456704
3330,Bac Lieu,VNM,2022,2022-03-06,0.11029641083910387,0.22836137251044847,0.08560526529078914,0.11117556354141088,0.20234943198457042,0.14925080554512024,0.08787266848191021,0.30708206327179993,0.26694923759671846,30.474953674772586,23.796330602726712
3331,Bac Ninh,VNM,2022,2022-03-06,0.11003083772451297,0.19442534289085706,0.06477405016251744,0.10189325037913269,0.1783649920942056,0.14942515190379824,0.10118579820668284,0.2755842773676182,0.22067492082490472,29.653793030745565,15.574515840246598
3334,Binh Duong,VNM,2022,2022-03-06,0.06182829705310412,0.313161059950097,0.03590787476748715,0.0711518439074443,0.3217041887974458,0.23192532386831977,0.12446672093639452,0.6397118246217992,0.8029953472372823,37.83288552137989,20.87585175727051
3335,Binh Phuoc,VNM,2022,2022-03-06,0.040517495570726786,0.29283078147628017,0.022028906718969454,0.05164693871350638,0.29547922999245246,0.18962743582981537,0.0831518586093468,0.7515646981761503,0.7050911145752069,35.1568900202291,21.451361186204466
3339,Ca Mau,VNM,2022,2022-03-06,0.1212350303599319,0.20814725460335598,0.10160008401490694,0.12348032888762281,0.1941894788747214,0.14144413597374864,0.08554191820375805,0.2697813746162021,0.18280224726969704,29.20181186792698,23.815544586765917
3340,Da Nang City,VNM,2022,2022-03-06,0.0981438020552536,0.3083386283014094,0.08732756580074445,0.10945706935151166,0.3042388946694455,0.21088754952054709,0.11845924627137971,0.5523024956358626,0.5569908845257259,27.569401440688136,16.186802438395308
3346,Ha Nam,VNM,2022,2022-03-06,0.1269503389855622,0.22568137886584266,0.09651416140496416,0.12603400714166269,0.21669594825998698,0.18278106242287295,0.1229014897161324,0.290534280467484,0.2445919171305684,26.87692975075502,15.403883642283558
3350,Hai Duong,VNM,2022,2022-03-06,0.09385720045544017,0.2085403698562601,0.054506745480479964,0.09078993884606923,0.19776340098365,0.15481727909052112,0.09696742624404779,0.3758839326514185,0.30049710553787085,29.156983706320638,15.366203777937626
3354,Hung Yen,VNM,2022,2022-03-06,0.09767619948843564,0.21266217166193446,0.05757628822114998,0.09205638113992562,0.2007447544029797,0.15993141599920574,0.10236008983327502,0.3644197073479582,0.31117916685138536,28.933207677379585,14.611698726077984
3364,Nam Dinh,VNM,2022,2022-03-06,0.12963815523782637,0.20450533943874535,0.09173624486473106,0.12081813941700388,0.19275118532101865,0.1693550877116278,0.11582183172978662,0.2265733017834323,0.17445292799212916,28.008594358526096,15.61529726483959
3369,Phu Tho,VNM,2022,2022-03-06,0.09718014986121169,0.27085805484069075,0.07656960667028807,0.10595325180919135,0.2830653487313474,0.21165703719562431,0.11509729790236024,0.50609882396383,0.4721325119535781,27.874568850710684,14.752881238308603
3372,Quang Nam,VNM,2022,2022-03-06,0.0800329586329973,0.28992949047874,0.07534497812612015,0.09182021773646985,0.2823975767271128,0.18250276418963804,0.09329669470236986,0.6312360085471763,0.5181454520842613,27.487401446555168,15.140118831091836
3381,Thai Nguyen,VNM,2022,2022-03-06,0.11230956857440104,0.2847471440109911,0.09634794444540272,0.12095914702549537,0.2950404325971028,0.21773648415982944,0.12149659303003083,0.48744218588685734,0.44017096936263794,26.910186452236644,13.411079129151611
3389,Vinh Phuc,VNM,2022,2022-03-06,0.10168531744803308,0.24808856019923314,0.07425568472754572,0.10634229125349044,0.24966948295270122,0.19141456524330766,0.11200505000273336,0.43541811988096263,0.38734233187863637,28.067577923609758,14.618417086855022
73933,Can Tho city,VNM,2022,2022-03-06,0.07734023341286383,0.21652058507502203,0.052353949035987175,0.08096730015814357,0.19514219071142475,0.14340303461519394,0.07918693954188022,0.47709663855594947,0.3308973593171216,,21.94069857999096
73934,Dak Lak,VNM,2022,2022-03-06,0.07076396953276942,0.26552891888667945,0.047782914031229716,0.07146058116595971,0.2778597879979266,0.2009186706111022,0.10975126211142623,0.6035593360365519,0.627063346726045,34.18297481665803,17.88686100945246
73935,Dak Nong,VNM,2022,2022-03-06,0.035995183667130434,0.25078309761320233,0.019811872772518994,0.042569870166022185,0.25562176626367805,0.1598692922535486,0.06999855669861385,0.7455863290784673,0.5734823620457397,32.4668676436076,17.30655092145272
73936,Dien Bien,VNM,2022,2022-03-06,0.059671059957314226,0.31423045325735943,0.03484478417872707,0.06824149180159132,0.3512105151232967,0.2461278459425162,0.11846460448844068,0.6788772033877424,0.8349564240060433,28.884618683727425,18.49232812404387
73937,Hau Giang,VNM,2022,2022-03-06,0.0742360502925017,0.3008250726156863,0.05290450915127095,0.08290295442601027,0.2597283968259901,0.16385096010086161,0.08100599736360704,0.6122824730341223,0.5046746352162169,29.741524802382887,21.721298617858004
73938,Lai Chau,VNM,2022,2022-03-06,0.04969611687386752,0.31744802300769487,0.02572663099711811,0.06046241318318133,0.3432050987333633,0.22492370109473306,0.10024449220233073,0.7284506528041159,0.7845767667140559,27.42554615843172,17.044886778592996
73939,Lao Cai,VNM,2022,2022-03-06,0.06278293023361242,0.28319827244798534,0.039944711845577255,0.07123802423983033,0.31820316116809266,0.23378921694549193,0.1178266812715919,0.6447801473551696,0.7308345927845423,26.98331778379685,12.383484087201138
3326,An Giang,VNM,2022,2022-03-06,0.09704773322888252,0.3494746325902178,0.07304050338345143,0.10989049297993625,0.3092034548905739,0.20422776141344287,0.10612851834386898,0.5674281031940387,0.5653581950128428,30.145127913793647,20.922023036025898
3332,Ben Tre,VNM,2022,2022-03-06,0.08180171574278154,0.23901997983455303,0.059312312765164917,0.08581784453120321,0.21786100039432207,0.14370861054524345,0.07806509794435874,0.47637589022940596,0.36234674252642723,27.10929176539633,22.973896170874397
3343,Dong Thap,VNM,2022,2022-03-06,0.08335116598468365,0.3007630638974673,0.05676116795722987,0.09176257331155943,0.275978313665495,0.19383674162532122,0.1006548477879991,0.5609663025608471,0.5391097085754432,31.52372411674345,21.44728959526904
3351,Hai Phong City,VNM,2022,2022-03-06,0.08543030565828683,0.19577725786178735,0.0529373885439179,0.0844879064701205,0.19071632440075006,0.14874041085324335,0.09420754044747448,0.38808773735542124,0.3036095490400085,28.17412964405325,15.889146707281531
3352,Ho Chi Minh City,VNM,2022,2022-03-06,0.07714571790239094,0.23190990656987512,0.05073421381563567,0.08150901263283931,0.22219020479293666,0.1634830870619243,0.10528055870964166,0.48874274383474076,0.4927416019827596,32.32509593771233,20.51100036790107
3356,Kien Giang,VNM,2022,2022-03-06,0.10241828908225009,0.257869200195796,0.07860478102723797,0.10535398094446313,0.2462108189797432,0.1772604661578083,0.10015016132675959,0.43598755605382405,0.3696884020774549,30.13450940067047,22.396575505087874
3359,Lam Dong,VNM,2022,2022-03-06,0.04089188232279871,0.26360002550394435,0.021932504593590973,0.0473135680679312,0.2742147092496846,0.17051294977071355,0.07668221389651378,0.7347384039285058,0.6019004858460879,31.19759408251368,16.343430007306807
3362,Long An,VNM,2022,2022-03-06,0.07521495326683056,0.3266617634590177,0.04328186637936751,0.08456659064960097,0.300857240465035,0.20730635968092515,0.10892543661804896,0.6092174699081859,0.23881096870685997,30.193927771187436,20.80450316762555
3375,Quang Ninh,VNM,2022,2022-03-06,0.05911552398750877,0.243530251363054,0.04130452734716566,0.06674407780475954,0.25280722945610484,0.17006513908214616,0.08560069217734052,0.612369873298302,0.49728131386919744,26.13913067281283,13.27928447472999
3378,Son La,VNM,2022,2022-03-06,0.06469492709471913,0.28955487942793634,0.03677264616940087,0.07083723951296667,0.32984541812256796,0.2460119538347443,0.12671024069871537,0.6328607619614762,0.8238136837851839,28.49640859846512,16.152838806007374
3379,Tay Ninh,VNM,2022,2022-03-06,0.05849357434056334,0.3266924167462848,0.03500867020739988,0.07207169424680344,0.32336593198231595,0.22248477747381484,0.11162411304389246,0.6759183525844733,0.6202982050390294,33.36912763953466,21.063817054438736
3380,Thai Binh,VNM,2022,2022-03-06,0.10982829731053764,0.19006784558210027,0.07122638762575358,0.10198638222292018,0.1703646458975972,0.14301932473958587,0.09368709203334044,0.2685280160960711,0.1855366979829799,28.3230588265099,15.45816461414026
3382,Thanh Hoa,VNM,2022,2022-03-06,0.10417965504926288,0.3002462522007443,0.08741512990410996,0.11396457671937088,0.3076170870378628,0.2282330222086685,0.13169192754959821,0.5164225905060361,0.6171780205307716,26.320135173398036,15.895551212227927
3384,Tien Giang,VNM,2022,2022-03-06,0.08178518970027385,0.28650340556640597,0.050754173116526836,0.08664586560273808,0.26602983080123727,0.18494886479779518,0.10101227216729723,0.542881483628725,0.5209716969518974,29.54696683322476,21.087640250902176
3333,Binh Dinh,VNM,2022,2022-03-14,0.04605827421086907,0.3010599747610388,0.028642684373752957,0.05742830175292715,0.29137950623263037,0.17769768890276336,0.08071912275456503,0.7396202935520328,0.686417393328047,31.043941326480358,18.427819490406943
3338,Cao Bang,VNM,2022,2022-03-14,0.15208810452033877,0.27453334495147547,0.14509636098021997,0.1583558413982565,0.2868567529818174,0.22697737013470726,0.13774060637579727,0.42419905112206807,0.3044142048006659,27.06183257050211,17.42356400332888
3355,Khanh Hoa,VNM,2022,2022-03-14,0.07269287380800345,0.33243812790915517,0.05287647120048711,0.08224510066041651,0.33720002219889783,0.22449804920064634,0.11089516056175139,0.6407854927418831,0.6262464320051238,31.108907554411605,19.49815218649465
3360,Lang Son,VNM,2022,2022-03-14,0.23369436926569387,0.38420724554133867,0.21021187387097703,0.2367105859366815,0.40413639682081054,0.34329513047500043,0.22733905235184912,0.3228830501267974,0.4003412031798018,28.081899167824382,18.994022963013283
3370,Phu Yen,VNM,2022,2022-03-14,0.05849144859813968,0.33506277566900233,0.03477314549687297,0.06934372968337105,0.3347682472785133,0.22103917363485745,0.10725834627506932,0.6985979248127581,0.5956701691722757,32.38236829410377,20.361948567903294
3371,Quang Binh,VNM,2022,2022-03-14,0.05415812176764381,0.2485867190177594,0.04931328665948245,0.0658735997145273,0.2475996597035152,0.16481614802471423,0.07955775042701754,0.6954367282861645,-1.0444040502498936E11,27.439419042908114,21.219918862197186
3374,Quang Ngai,VNM,2022,2022-03-14,0.045292652279530145,0.29813764961431977,0.029340365606781684,0.05770241343002356,0.2943304218373992,0.1882576157758469,0.08685074423089058,0.7366451528766285,0.7149950083840751,30.963553020766405,17.07789757387762
3376,Quang Tri,VNM,2022,2022-03-14,0.07352773110059625,0.3464759757345098,0.06274916497237196,0.09195078820624286,0.34139533078031437,0.23309891516253614,0.1090004889202832,0.6618360011023193,0.7310295633937827,30.121208899342687,18.53402188182715
3383,Thua Thien - Hue,VNM,2022,2022-03-14,0.08389114800256685,0.34107488805895764,0.0758812237586016,0.10191613491974917,0.3410927370280839,0.2346267033499203,0.11448902592544893,0.6235519811434714,0.6779453754648176,29.48985467684197,16.15589389401733
3327,Ba Ria-Vung Tau,VNM,2022,2022-03-14,0.08883279307120422,0.28417684509555635,0.04991370930154488,0.08635529132217193,0.3044963733968012,0.24114607180423187,0.14334004043938292,0.5049586143381338,0.7357849687096751,37.335377892363,22.104959945573565
3336,Binh Thuan,VNM,2022,2022-03-14,0.08709360990086368,0.2858994486815651,0.05134666643477411,0.08090023857647541,0.311150655399259,0.24044395148696399,0.13735845681018524,0.5523933777142663,0.7644879051056918,36.92115348152966,20.916946496825737
3342,Dong Nai,VNM,2022,2022-03-14,0.07788335212901498,0.34120621640566495,0.049203810168326,0.08736680885726003,0.35251961017771705,0.2510691238059294,0.1303646453254195,0.609851030204939,0.9652408242310062,34.57091759109859,20.767012985107247
3344,Gia Lai,VNM,2022,2022-03-14,0.07336448432091627,0.30142775942866784,0.038653555640270655,0.07128634672074587,0.3273726467754448,0.24135221768475423,0.1323747624373779,0.6114604885123686,0.950704987660946,36.369820461275026,20.312681256777612
3345,Ha Giang,VNM,2022,2022-03-14,0.14634543206462866,0.2633311934254391,0.13471688002469231,0.14928693856272635,0.2737886972825147,0.22279722885816175,0.13539977445436086,0.4505051419351036,0.32364116025514483,28.59506673345988,16.394626938449594
3347,Ha Noi City,VNM,2022,2022-03-14,0.22673550605515572,0.30518596617650473,0.21281663261080022,0.23269430563728155,0.2962586413618691,0.24389394455045812,0.1544283595124542,0.17894191334834006,0.16363543835903552,,21.037094903553374
3348,Ha Tay,VNM,2022,2022-03-14,0.23833956992947772,0.3167054468518842,0.2233714769945274,0.2427762434942116,0.304295102303942,0.2551055447860441,0.1695284173732487,0.16809720059995548,0.14907437568297802,27.93216440567794,21.382342001110647
3349,Ha Tinh,VNM,2022,2022-03-14,0.03265882289375475,0.22516992247657538,0.022053843459429817,0.04367976453058644,0.21704942330587185,0.14069157608527957,0.06295954176613507,0.7636269869494605,0.5200211333045139,29.84737696504014,20.874337192971545
3353,Hoa Binh,VNM,2022,2022-03-14,0.14157522439934517,0.27538202604079215,0.1282619150299046,0.14754604870162644,0.2823211973048136,0.22367112143025925,0.1365902394076505,0.4037834614541886,0.3244757611770645,28.971956965351126,20.199309380165182
3357,Kon Tum,VNM,2022,2022-03-14,0.0636815404859373,0.36522009939097044,0.040813896704965436,0.07435520363421375,0.37290167664213275,0.24109039470698237,0.1097270856892947,0.7085104182768844,0.8771142467152663,32.16993470168245,18.806791952540163
3366,Nghe An,VNM,2022,2022-03-14,0.040767131790798224,0.23257229426476456,0.029341385254860023,0.05022087125444883,0.2350927297649358,0.15232256468252486,0.06784884904690648,0.7296424109916907,0.5074441440159001,28.95628675339116,20.12076074496216
3367,Ninh Binh,VNM,2022,2022-03-14,0.27036069335264856,0.3540866400536994,0.24996652833837538,0.27204972837170044,0.3511150159214163,0.2978436189691632,0.19612138643652555,0.1594017984528403,0.14975340145047075,26.029434545454585,21.276914893617025
3368,Ninh Thuan,VNM,2022,2022-03-14,0.08202212177494651,0.2779719207350642,0.0495488056187102,0.07792622191341889,0.30482696998818076,0.2337494836090752,0.13093329808032453,0.559608229503804,0.30871253875974924,34.71800803438692,20.69547355978582
3377,Soc Trang,VNM,2022,2022-03-14,0.16691113835874016,0.3614016302102807,0.13319147558919,0.1699021724326466,0.35072471097125046,0.2756270523532787,0.16545801528102957,0.3677854063009655,0.5193714904731188,29.958634985957854,23.079889075294677
3386,Tra Vinh,VNM,2022,2022-03-14,0.16630958020102865,0.3552501713582978,0.12815311465890725,0.16895445657718677,0.3467357351858987,0.2678088946823113,0.15947947118111608,0.3577059922510159,0.4595826162207437,31.342979979219464,22.641571747374982
3387,Tuyen Quang,VNM,2022,2022-03-14,0.25408360455663404,0.3517936620743147,0.25386865219132965,0.2613827105985225,0.3496520928913216,0.29291682011543585,0.19185375809985372,0.2388001756888912,0.1994904899255556,26.53562434194812,17.19267635910639
3388,Vinh Long,VNM,2022,2022-03-14,0.14569964766788723,0.33322892669245396,0.12156982458078248,0.15174975056216877,0.3261671879893284,0.24727329606252846,0.14489108199346928,0.4106471967542878,0.4600417259967473,31.894710023503475,22.784341424581438
3390,Yen Bai,VNM,2022,2022-03-14,0.32503006107582544,0.421344444510227,0.30382361265701807,0.32317340182161736,0.42730129370706976,0.3704875988130598,0.24594093290684926,0.23593731229578194,0.20470734637109148,26.839795330581264,16.611670587246323
3328,Bac Kan,VNM,2022,2022-03-14,0.2010995056214061,0.32360672912654004,0.2010917725308872,0.2093969199838634,0.3254586962152525,0.26073352121180277,0.16565305663035645,0.3256986749212394,0.27041281677639323,27.184076540303913,19.29957670400067
3329,Bac Giang,VNM,2022,2022-03-14,0.22621679179732443,0.3486887579167027,0.21353709918764321,0.23102455941304148,0.34790665137106164,0.28705674245615714,0.1883515628475506,0.270046038252588,0.27995199340442384,28.34918208373908,19.38834856489295
3330,Bac Lieu,VNM,2022,2022-03-14,0.12806518873701112,0.25027115434105107,0.10295267893854056,0.13066207899858953,0.22739595829771328,0.17852209351511536,0.10987973343725857,0.30438724675793455,0.279248169159181,30.924290637330753,24.491752518920883
3331,Bac Ninh,VNM,2022,2022-03-14,0.3186790221774539,0.3705643269823264,0.29443744828362334,0.3180521365702329,0.35392249212484866,0.31503691599355116,0.2177678935598143,0.09273891768231894,0.08696198950239707,19.84351425942965,19.61084414285908
3334,Binh Duong,VNM,2022,2022-03-14,0.08409731915260504,0.3638838389930541,0.05583955679664926,0.09572466046821498,0.3727146190691262,0.2738450122238879,0.14568969368788884,0.6257105237848706,1.4603466749855791,34.6044681298353,21.31244491727175
3335,Binh Phuoc,VNM,2022,2022-03-14,0.053836082994961336,0.36580144866475145,0.029689377138248593,0.07004297082540968,0.37461393048257574,0.25011391334952654,0.10926566961137746,0.7281119836092557,0.912148556989471,32.541530744823135,21.478237230950796
3339,Ca Mau,VNM,2022,2022-03-14,0.1307705143631027,0.22577137552520987,0.11257592738206007,0.13365991585469383,0.21408199584768942,0.16797457341943411,0.10671720774509026,0.283177063743855,0.21931295092951894,30.701657354440027,24.05406186598566
3340,Da Nang City,VNM,2022,2022-03-14,0.07499280670798358,0.3056811791431505,0.06287436304453231,0.08872525143806789,0.30366058933927725,0.2041384803084131,0.10245831872600156,0.6180045008547734,0.6023116603833447,30.212354515332553,20.684191267512656
3346,Ha Nam,VNM,2022,2022-03-14,0.16033410429706302,0.2439660935062509,0.14895389965688738,0.16718637242056675,0.23335099462576145,0.18419823088271586,0.10982848791060892,0.21517352394664452,0.15513316394575535,,20.868838621729594
3350,Hai Duong,VNM,2022,2022-03-14,0.2593522632754141,0.3154390601105338,0.2522444760935013,0.266368023010555,0.29714998689597794,0.24262528075164047,0.15496362760938312,0.10888124974087061,0.08918167259198614,20.116840643787267,19.881517567702392
3354,Hung Yen,VNM,2022,2022-03-14,0.21535431267521743,0.2819066474854631,0.20921889672710875,0.2224074576750849,0.263403420483991,0.2110421615014003,0.13089523427696603,0.14318391662206462,0.10985966201769566,,20.18032644024682
3364,Nam Dinh,VNM,2022,2022-03-14,0.2851949031905124,0.34212471551468454,0.2600772701225136,0.28268306073234134,0.3314498787739861,0.29374568088020114,0.20224554701170772,0.11171262289629211,0.10298024673346784,25.54833105868593,20.660631471022246
3369,Phu Tho,VNM,2022,2022-03-14,0.3305448136178702,0.41621121015282786,0.31026124588247167,0.33099559636337644,0.41969117546020973,0.37686830084642003,0.2653480769166441,0.169975529052726,0.18691326984856196,28.38776728682289,19.964644864836917
3372,Quang Nam,VNM,2022,2022-03-14,0.057968005698207634,0.3194504715568599,0.049540949154316276,0.07415752048126113,0.3140014913622113,0.1995177500416891,0.08958123730507996,0.7083764048696711,0.6903918330081995,30.241349762699077,18.27854440216242
3381,Thai Nguyen,VNM,2022,2022-03-14,0.24425139397578305,0.3562821295190821,0.235886502582077,0.251466182985054,0.3614760673510149,0.30486627549537315,0.20113564494986969,0.24520852875748442,0.24137403523750853,,19.472099820874917
3389,Vinh Phuc,VNM,2022,2022-03-14,0.28541981613958933,0.36712895146082447,0.27582886570233356,0.2908442946561661,0.3630209303413156,0.3212161212132382,0.22588107266616084,0.14705818344589253,0.1631061099966671,27.035709839304733,21.193189108304146
73933,Can Tho city,VNM,2022,2022-03-14,0.1175079432557675,0.28677757334101184,0.09917627003653236,0.13135628688402612,0.26892895165334146,0.20780252464445373,0.11977802786517551,0.43529532090198864,0.4138655777267491,32.545055790613034,23.3998369881046
73934,Dak Lak,VNM,2022,2022-03-14,0.06845186461104671,0.2900857728819966,0.03584967416924523,0.0680782246629743,0.3161037484590364,0.23546890065137002,0.13044067290026212,0.609481920575422,1.0219497971568616,37.010020648633265,21.115130221639216
73935,Dak Nong,VNM,2022,2022-03-14,0.05974358383679467,0.3512112641945251,0.03375468367115953,0.0707216639964368,0.3684922237484185,0.2474962508214006,0.11448408491915163,0.7022576569895257,0.8744014470855078,33.35550951168627,19.75505691891284
73936,Dien Bien,VNM,2022,2022-03-14,0.09839232018635068,0.2593597303379968,0.08711207186820343,0.10502798840960402,0.2748041522525898,0.20057512404189434,0.10770221144876754,0.5413739956824934,0.42259033381277905,28.83398943906568,19.306844465237017
73937,Hau Giang,VNM,2022,2022-03-14,0.14296944822416857,0.3641136984460206,0.11846632504602185,0.15319852499834868,0.34397332400927016,0.2515327109186308,0.14309828467876404,0.45629498510791106,0.5067207781540647,30.70936374480308,22.813539826278593
73938,Lai Chau,VNM,2022,2022-03-14,0.11461567131385822,0.2801256770265481,0.10304953080158126,0.12171945350948124,0.2921959770289471,0.2103354805396627,0.11462948369801977,0.522234282794429,0.4297525663371913,27.39473872917533,17.80520836195869
73939,Lao Cai,VNM,2022,2022-03-14,0.16158243707648237,0.274282093416732,0.1601907898987956,0.16858744658480004,0.28269623248188475,0.2303344703400044,0.14236254453037933,0.36388529055201596,0.27969152341747183,27.610474400009643,16.112574456838697
3326,An Giang,VNM,2022,2022-03-14,0.13026742390494195,0.34896486466737997,0.10576473075268245,0.13963608417122805,0.3267239327297302,0.23617071516424984,0.13199862592110442,0.46933694826785877,-0.290264948937146,32.389363704093014,23.101471720981355
3332,Ben Tre,VNM,2022,2022-03-14,0.12378985949277319,0.29010429269546173,0.09663060663057702,0.12756007661358282,0.2742143345171379,0.19987866321813152,0.11946694256626943,0.40153122418505016,0.39376340359427037,30.608257946001896,23.27211415900285
3343,Dong Thap,VNM,2022,2022-03-14,0.13082842612331758,0.34087065131443706,0.10851567556598804,0.14149310994622594,0.3252884150305776,0.24490164115298685,0.14085124559507123,0.44767475722513994,0.5330715711583127,30.159301184615874,22.968803706282966
3351,Hai Phong City,VNM,2022,2022-03-14,0.24186042593091903,0.3034361284043821,0.23638543314110597,0.24926095827749659,0.29364231145863146,0.23739058101366578,0.15407891533294948,0.1269111718674782,0.1175227589462162,25.655492393915146,19.795707093803063
3352,Ho Chi Minh City,VNM,2022,2022-03-14,0.10453021747057067,0.26787018800181334,0.07992616327657152,0.11058277392626634,0.2581042917069861,0.19749409386940936,0.12540712721997102,0.44359544349935426,0.4909601548402243,32.515158786103164,22.027834891068323
3356,Kien Giang,VNM,2022,2022-03-14,0.12378725994608374,0.27114660655127526,0.0949800270428966,0.12513809082482422,0.2732589086657874,0.2122602628922137,0.12295337596910982,0.3729946073310391,0.4085171560285579,30.985187167055127,23.619417819829586
3359,Lam Dong,VNM,2022,2022-03-14,0.061653372649712324,0.33616072866647967,0.03621008747822879,0.0714779845888211,0.3532605774303481,0.23358831402727678,0.10902378212608238,0.6887826113206665,0.8020529487169479,30.784602300643975,17.997670769493585
3362,Long An,VNM,2022,2022-03-14,0.11407156936097311,0.3470778938353447,0.08114393099772346,0.12154704108814275,0.3325160309809106,0.24616803279214464,0.141132737645302,0.5123352191566722,0.4129661297227001,33.697850019069726,21.737596046684406
3375,Quang Ninh,VNM,2022,2022-03-14,0.17561266018529723,0.3079566807958351,0.1686480957029591,0.18455065931200398,0.3137965702793933,0.2446170868667658,0.1519413407285851,0.31004367334509786,0.3111090606698104,26.054667055119968,18.710943626519626
3378,Son La,VNM,2022,2022-03-14,0.07086982518746883,0.24396297267553418,0.05403609950987957,0.07754319247336486,0.26916749736389606,0.20214750146528995,0.1043472867858301,0.5993378519978935,0.5349750939890975,29.65635515993989,19.180716489152488
3379,Tay Ninh,VNM,2022,2022-03-14,0.07795911314719722,0.336120901023649,0.05669285067798109,0.09138825880188724,0.33120920207696536,0.2325425278699228,0.1192445664777611,0.6301395788130612,1.1985005219464149,32.49830098525879,21.755765659404027
3380,Thai Binh,VNM,2022,2022-03-14,0.24252341718077525,0.3015217943969925,0.23084582300036513,0.24575413105797253,0.28350920813917596,0.23975904101465434,0.1615555197971062,0.11798072881236366,0.10045378997904415,23.430000000000007,20.405256750681243
3382,Thanh Hoa,VNM,2022,2022-03-14,0.1749410514445304,0.31632454406513993,0.15834330717487993,0.1800718668363871,0.32156071729614355,0.2562541823049342,0.15755456576853677,0.3831351965686187,0.34075986068076536,28.45384243816806,20.645405755287907
3384,Tien Giang,VNM,2022,2022-03-14,0.12893780717082423,0.32090503861070735,0.10360838438942206,0.13506280550223737,0.3048407222530035,0.22913144957207723,0.1365468183459356,0.43980546609203114,0.4837804332287251,33.01707692377133,23.255982293199125
3333,Binh Dinh,VNM,2022,2022-03-22,0.0629608543043364,0.33689932700264624,0.04094747141827284,0.07466722022622096,0.3318352061194746,0.21585430655154259,0.10400839520537745,0.6860237028731045,0.7951067922287026,31.610356219260137,22.31518361531868
3338,Cao Bang,VNM,2022,2022-03-22,0.05473716414865668,0.31016397535092594,0.033861626803954964,0.06979392059310223,0.33647436018569177,0.2349076294425314,0.10831285183579634,0.7021368478726309,0.7798730568048152,29.70183435101075,17.465975988283912
3355,Khanh Hoa,VNM,2022,2022-03-22,0.08890671315425012,0.3357697808143379,0.06559429905046836,0.09692455509199395,0.33765821323668244,0.2345768619173627,0.12351129165904373,0.6005720300144121,0.6443602298194799,32.71561156327101,21.368318159685014
3360,Lang Son,VNM,2022,2022-03-22,0.13241786531607014,0.3549283515985579,0.11837858718143476,0.14623627696820166,0.36536637798636207,0.2707883189221603,0.14881671646475825,0.547758653651092,0.6028970963543087,31.296712962398782,20.80474983694524
3370,Phu Yen,VNM,2022,2022-03-22,0.07919936791349144,0.32386671407880674,0.05731932120961384,0.08824793293810046,0.3216725960849295,0.2212622781146732,0.1154876138438654,0.6265498973480279,0.7701038329983141,33.384757967676435,22.196229554708466
3371,Quang Binh,VNM,2022,2022-03-22,0.061790425324558314,0.2788017463874329,0.055391891009066205,0.07513925763117017,0.2744680154528247,0.18445916762764092,0.09219408327570582,0.6748970690435993,0.5364058315256561,31.41750820258497,22.948341370017253
3374,Quang Ngai,VNM,2022,2022-03-22,0.057179696823779255,0.3323690248439865,0.03720080990208314,0.07111667640926325,0.32881991055565235,0.21634017635683667,0.10144821399930769,0.7087041053767086,0.7799742223881628,31.55957336029096,22.239806753294715
3376,Quang Tri,VNM,2022,2022-03-22,0.04843057381065628,0.2669605428863479,0.03993072963096316,0.06059636475425485,0.2538763490572984,0.16488593755417935,0.07582443349193435,0.7178561304644702,0.5791411569208188,32.52176899721729,23.082396322613008
3383,Thua Thien - Hue,VNM,2022,2022-03-22,0.05376431946441718,0.28780806538470444,0.04370143086057269,0.06760751343056264,0.2824599419856408,0.18689916853483354,0.08771737776169766,0.7171513891298366,0.6785568460368602,32.002733413233415,21.58862017445335
3327,Ba Ria-Vung Tau,VNM,2022,2022-03-22,0.11710029239737675,0.2984652484015463,0.08334958577849239,0.11567431413111348,0.31996608253682224,0.25931658841833904,0.15622147121126423,0.4237219050123457,0.5059758162675579,38.75377402067485,23.59271024109529
3336,Binh Thuan,VNM,2022,2022-03-22,0.11154917825196492,0.3358503182845115,0.06501273207857,0.10401030639059304,0.36979438534060394,0.3000621366664568,0.17773748617521531,0.514310520021961,0.47647737358205766,38.363841685722555,22.25248927408309
3342,Dong Nai,VNM,2022,2022-03-22,0.09872682354275923,0.319721137186699,0.07682768273214004,0.10673591449321827,0.32654328298560326,0.23743154289226673,0.12737757969566504,0.5046942487140654,0.42471199354218825,35.79841514736703,22.21307433038
3344,Gia Lai,VNM,2022,2022-03-22,0.09509487526038593,0.2955771031785687,0.06832601731499156,0.09470333230160267,0.31861931628771745,0.24738610184155466,0.14399160176008222,0.5365678728359277,0.8506017161064828,35.9237227900676,21.861265225680402
3345,Ha Giang,VNM,2022,2022-03-22,0.08669767323555744,0.3037725930921041,0.0650663818737376,0.09728905322065985,0.3295024860573296,0.24602942945723258,0.12910962400767087,0.6114013851262781,0.6856763433697145,29.681410223534566,17.77424041569676
3347,Ha Noi City,VNM,2022,2022-03-22,0.328408352286802,0.41220154225587113,0.3073351397791763,0.33088279100141815,0.4098750865756573,0.383585624573485,0.28471305679382686,0.13937731666081066,0.18785994108944318,35.50713073046635,23.229742363375973
3348,Ha Tay,VNM,2022,2022-03-22,0.23879976551787138,0.37095611631564995,0.2216441180429804,0.2475326114582559,0.36180095217198416,0.3181615448486175,0.21865128827263874,0.27363289621680026,0.3102763883354555,34.807224630667676,21.97275950391547
3349,Ha Tinh,VNM,2022,2022-03-22,0.0538814545838513,0.31882249948439434,0.03977832791275533,0.07155572436499875,0.31043951270990366,0.20896308518468823,0.09624397740029621,0.7200027675936357,0.7485804460898772,34.30432619073792,23.547379729907817
3353,Hoa Binh,VNM,2022,2022-03-22,0.08318753409062886,0.3106573335669761,0.07055492965089907,0.09829187019119795,0.3159484608304186,0.2268246923366086,0.1152759690323619,0.6397259277010368,0.6461363690803552,30.9335242643736,21.624402076740388
3357,Kon Tum,VNM,2022,2022-03-22,0.06946345447835961,0.27504981954016516,0.06247094022939987,0.07823203000580153,0.27322404432394215,0.18033248327758333,0.09011528744095164,0.6451696271012695,0.5399291985213056,31.181014024858023,20.67441911477501
3366,Nghe An,VNM,2022,2022-03-22,0.04362670306931002,0.3038250349517156,0.028638491620325394,0.05820165292131036,0.30733626217248594,0.20194411473739793,0.08784210557180618,0.7553930209419651,0.7451133273247109,33.42719194644598,21.704432016707912
3367,Ninh Binh,VNM,2022,2022-03-22,0.08441557543875439,0.28209727222698855,0.054921671738629274,0.09692998117919929,0.27322024865496075,0.2072792545861,0.11388847516574907,0.5412936460768241,0.5543975732667802,33.39961478603005,22.97399592754598
3368,Ninh Thuan,VNM,2022,2022-03-22,0.10626400890226943,0.32038034716211355,0.06386233121748232,0.10135362359044328,0.3531301424714015,0.2885609886901936,0.17142703639300508,0.5115578593473283,0.8373126607682829,36.7459471152948,22.28709601564265
3377,Soc Trang,VNM,2022,2022-03-22,0.13212324671448908,0.3244836959383588,0.08589449893329944,0.12968853710865846,0.320768165327842,0.2537325903497502,0.1507617504365602,0.40556589293017226,-3.4487729520234595E11,34.60808578998125,23.97412080190626
3386,Tra Vinh,VNM,2022,2022-03-22,0.13157856372882537,0.3071683236219608,0.0901059243150053,0.12932673497338415,0.30415829414790635,0.23225269929408565,0.13354736091115116,0.3832379678844386,0.4712122404415917,35.511657667979776,23.942163104581127
3387,Tuyen Quang,VNM,2022,2022-03-22,0.12959895524449935,0.34070747609795243,0.1171992689437309,0.14341127561626604,0.35483032120984126,0.2671424627099058,0.14642967867311776,0.529007023062057,0.5619353538858586,31.866244698336626,20.85888598164134
3388,Vinh Long,VNM,2022,2022-03-22,0.10034845652300786,0.29225938540827945,0.07537441908191563,0.10748920341186004,0.2740832249371314,0.19414490364212547,0.10507709665535497,0.4976185054170278,0.462761454618142,33.27783292029459,24.526278423861616
3390,Yen Bai,VNM,2022,2022-03-22,0.10991962141461287,0.31552012881417624,0.09940515589584001,0.12284478835941266,0.33519677118576535,0.25101050881258774,0.13467937036457983,0.5401309298813924,0.5725842419392712,30.59244618580645,19.134895679020936
3328,Bac Kan,VNM,2022,2022-03-22,0.06131273967177393,0.32453155429948294,0.050494112910158595,0.07876175823947311,0.34187827617726857,0.230997729545981,0.10168544566950856,0.7053577962824203,0.7349067296117265,31.96508059693102,19.836011795641163
3329,Bac Giang,VNM,2022,2022-03-22,0.3028503009367571,0.4482201068047139,0.28674912400760594,0.30983803529270215,0.44335019441212725,0.3777773567233181,0.2585019569583536,0.2695831090692482,0.33134164283996453,33.62181212400395,21.77999342927168
3330,Bac Lieu,VNM,2022,2022-03-22,0.09657380022362724,0.21653798655871842,0.06169814831111339,0.0971191433993071,0.20004713818134598,0.15315930398775404,0.0917195279430165,0.314757362502529,0.30209338530883967,33.93241061942285,25.93114781955708
3331,Bac Ninh,VNM,2022,2022-03-22,0.4032889444789264,0.47501177723822074,0.37782967631370323,0.404178907852644,0.4634510894842341,0.4356730630246151,0.3231899774136067,0.0955148112399354,0.13311025090632786,34.56056383525191,23.319251952491676
3334,Binh Duong,VNM,2022,2022-03-22,0.1211971412667218,0.3724859454187657,0.10606622343020353,0.1355403636336544,0.3721176954234656,0.27631390358755364,0.1500149402499976,0.5216857165622593,0.7082300094125142,35.32437325762516,23.206619062892706
3335,Binh Phuoc,VNM,2022,2022-03-22,0.06288225874003686,0.33778500006867135,0.04638893106870068,0.07877663629932935,0.3340486005910144,0.2200796442098011,0.09622738636145875,0.7061122186374151,0.7126010420975589,33.87975344113567,22.936500101778364
3339,Ca Mau,VNM,2022,2022-03-22,0.10080413796700688,0.20526948038363618,0.07480860292152058,0.1031626651540257,0.19413059569549368,0.14611147341841027,0.08747787027929257,0.34114185521461565,0.244135211535622,32.782819457463205,26.16406962181457
3340,Da Nang City,VNM,2022,2022-03-22,0.06900713105558975,0.31985760005497677,0.05073033769310967,0.08217744282814698,0.31716596422421656,0.21545837805870718,0.10970291069024321,0.6545261084462944,0.7090207432827061,32.7170222542221,21.82631911890349
3346,Ha Nam,VNM,2022,2022-03-22,0.2565108515596719,0.37097403482659264,0.2391941231566398,0.2655133445799346,0.35915113940635796,0.3160327768240972,0.21854609526309268,0.24382291386883037,0.2597780141737686,34.95368779884833,22.72085255450983
3350,Hai Duong,VNM,2022,2022-03-22,0.2614982659465572,0.3711502436144555,0.24547979031374856,0.26993755377710565,0.3603297662121935,0.3211872967029839,0.2265630435365436,0.19819320631077195,0.2361551581985966,35.08271162449949,23.05550541860935
3354,Hung Yen,VNM,2022,2022-03-22,0.30572531928545993,0.3976760268974865,0.2902532565299117,0.311816694917669,0.3874599345755914,0.35309222994252504,0.2579330956318546,0.15075285122053816,0.19137970067750504,35.83686657567382,22.836676021433387
3364,Nam Dinh,VNM,2022,2022-03-22,0.08829196357784515,0.24200462939222783,0.053228996884278575,0.09846520860681045,0.2231114547357897,0.18207888262935112,0.10804683943933546,0.46582791350851316,0.4166377257824709,34.34227987370039,22.55546603062983
3369,Phu Tho,VNM,2022,2022-03-22,0.22558279120430563,0.3902726308879583,0.20446474903432083,0.23286572602196307,0.3999392879135019,0.34318466268103714,0.22715289492448643,0.35245412527459297,0.43000278923556545,32.725889698978264,21.93430100009352
3372,Quang Nam,VNM,2022,2022-03-22,0.056472224163807754,0.33938190775538124,0.04449293545520089,0.0735700304513506,0.33428084629563076,0.21377447166507563,0.0952300251469777,0.7204832226170578,0.780875739206944,31.041722981702133,20.819125569338325
3381,Thai Nguyen,VNM,2022,2022-03-22,0.21178160388640965,0.37353335508128416,0.20247029275538328,0.22354392852425506,0.3788178906153645,0.30789716729949684,0.19385290637662125,0.3706954735912692,0.39789845034865484,32.91824830767403,21.70480486041037
3389,Vinh Phuc,VNM,2022,2022-03-22,0.26974342989177535,0.41507975921755347,0.25418942661029476,0.27758172547139254,0.41315504417353005,0.35733215363811666,0.24273629948814934,0.29205779322382713,0.3465916000113867,33.803121826458245,22.838490016663496
73933,Can Tho city,VNM,2022,2022-03-22,0.09532606822477296,0.30128336802475114,0.07090438668510743,0.11256597839443248,0.27514340798761233,0.20361242623194784,0.11080546310633044,0.5245390626126777,0.5236068986132516,34.47212894475274,25.33326964053681
73934,Dak Lak,VNM,2022,2022-03-22,0.08302439253965727,0.29086290911357676,0.057126566336209945,0.0859797402056211,0.306835051346942,0.22952863062454498,0.12583081218887787,0.5757405495961696,0.6731706434443778,34.70211348766454,21.460998061713138
73935,Dak Nong,VNM,2022,2022-03-22,0.061193498792352606,0.2907954354672473,0.04564410232291657,0.07089630161803563,0.29315605110724635,0.19375704875495395,0.09192012749706834,0.6826425154510647,0.6143669629340331,31.84234199052606,19.366999680628638
73936,Dien Bien,VNM,2022,2022-03-22,0.05601645550744019,0.2858165300586561,0.04184765164656011,0.06905145313562766,0.2940677302402884,0.19728810551602805,0.09006434549243136,0.6899675098807027,0.6296288209303023,29.537993309103694,19.03854583198965
73937,Hau Giang,VNM,2022,2022-03-22,0.1304108896821683,0.35165923636499336,0.09490490639081196,0.1375833331131553,0.3307286283575949,0.23899033391441227,0.13358515400499138,0.4735756620333898,0.5154849973712624,34.41139485030355,24.153091404196594
73938,Lai Chau,VNM,2022,2022-03-22,0.06770736121581726,0.28551008116163423,0.05196589926884073,0.07974565844960059,0.2928331976739364,0.19565223862896144,0.09058409184397775,0.6777502382571441,0.5719216662260977,28.06161153084397,18.386540095139033
73939,Lao Cai,VNM,2022,2022-03-22,0.09879682537005939,0.29804962034751475,0.08666817958956902,0.1114709811845859,0.31944575427449556,0.2386300370413405,0.12286900825849079,0.5542327420531127,0.5641849613256076,30.06545701637537,17.195878868342
3326,An Giang,VNM,2022,2022-03-22,0.11285231992954861,0.33294165366453643,0.07144461282625715,0.11684230677711653,0.3229058726348965,0.23881270358836992,0.13172419824225426,0.49048906704895034,0.5715115225703639,34.802667316832824,24.81530067417375
3332,Ben Tre,VNM,2022,2022-03-22,0.12261817481284376,0.309670437294572,0.09547896784152919,0.12897630509540808,0.2895581672371532,0.20671325376338373,0.11584213562250222,0.41073161891989995,0.44014717984711443,33.3181717958562,24.6784016828039
3343,Dong Thap,VNM,2022,2022-03-22,0.08961774331048873,0.3043620347723675,0.05739312692259527,0.09802818644191723,0.28297065737945004,0.2056993160705299,0.11171989135034982,0.5325670722983744,0.6007256273034024,33.58492962376203,24.947654933864833
3351,Hai Phong City,VNM,2022,2022-03-22,0.16293296886674594,0.29529156904408393,0.1460700423757804,0.17171834144227943,0.2894682734988401,0.24303601880953524,0.15884680203038884,0.318269082332736,0.33427027417855887,35.1114699790691,22.601701681507937
3352,Ho Chi Minh City,VNM,2022,2022-03-22,0.13589589720518883,0.3007379308866587,0.11388275465934443,0.14367505400759295,0.2903768867735953,0.22450130355180864,0.1382881532991951,0.39197669669422136,0.42783185091125614,35.71530063135954,24.22799689302499
3356,Kien Giang,VNM,2022,2022-03-22,0.09970768816914526,0.25187618869047473,0.06207408584053111,0.09783150968787095,0.2550237112532603,0.19696485906714473,0.11140219717093988,0.4256078987879146,0.422407107808782,34.04873256778497,25.109276291287728
3359,Lam Dong,VNM,2022,2022-03-22,0.08736855549520177,0.32505746624244425,0.06754505408623317,0.0963024465030158,0.3335699209866202,0.22775578948766886,0.11626643387197134,0.6052392209531344,0.6517404159370779,30.98137885272466,17.95742366609061
3362,Long An,VNM,2022,2022-03-22,0.13882629506000344,0.36798766940747674,0.09745017072825383,0.14178239742936563,0.36266539491015026,0.2789715447420518,0.16059921548848693,0.4656839955648319,0.6473316049377251,35.69310276689149,24.005586820007515
3375,Quang Ninh,VNM,2022,2022-03-22,0.17439977586178246,0.35150377016394024,0.1632384428772088,0.18518072011891792,0.35422231864832876,0.2775551054179249,0.1700295144901418,0.43590846247088694,0.47137742886920764,32.57735911138299,20.942127208178263
3378,Son La,VNM,2022,2022-03-22,0.059634470950592225,0.26952453727059916,0.04372189369385785,0.07049721850652431,0.28357656895971833,0.2031951007666875,0.0996932248558301,0.6618144186438416,0.6420349946508477,31.235040883052214,19.532988636979507
3379,Tay Ninh,VNM,2022,2022-03-22,0.11709783577723024,0.3929989262914282,0.09969646725810763,0.13468992901522084,0.38428093971456934,0.2782781532801236,0.14429395409507587,0.5510050707948125,0.7836926567756154,34.83843079607376,24.03673125148069
3380,Thai Binh,VNM,2022,2022-03-22,0.2424009605558007,0.34536744335814745,0.22246030089445604,0.24912031518090666,0.3268270595225809,0.2954515825848275,0.21072935238662244,0.21792457439241836,0.22409642284558695,33.79121041263829,22.621191163983994
3382,Thanh Hoa,VNM,2022,2022-03-22,0.053768537969273604,0.315291320142838,0.03442386213368616,0.06837274640463142,0.321317822852309,0.22328045964649873,0.10437137857645394,0.7131077397081994,0.7839323134975712,32.414362485837884,22.406315576731064
3384,Tien Giang,VNM,2022,2022-03-22,0.1210625966272827,0.3544218560801315,0.08939358028156079,0.1296877226558762,0.3335190424802204,0.24544958003871034,0.13761839136934337,0.4930912456811544,0.6010893722833954,35.73342299167385,24.640965816323245
3333,Binh Dinh,VNM,2022,2022-03-30,0.2460547345348239,0.43384183756033545,0.23620503042132124,0.2576687762597231,0.41415627832776175,0.31408236895068437,0.1968145532714999,0.3330870659169444,0.4163269135587874,,
3338,Cao Bang,VNM,2022,2022-03-30,0.02908161327555143,0.20412291542466174,0.017571609920292452,0.03904203688368942,0.2079178288925364,0.1337700607570273,0.05969356251987977,0.7550143630213839,0.47316575030087943,26.933281096963835,
3355,Khanh Hoa,VNM,2022,2022-03-30,0.3980500383296913,0.4934090318820516,0.40171209264665203,0.40849578792164376,0.4579424115647287,0.31402641918960383,0.18768007108119755,0.13752975737055953,0.141693253285058,,
3360,Lang Son,VNM,2022,2022-03-30,0.04445786373022151,0.28417444409227915,0.028411122265981262,0.05869034594213243,0.28536861341870845,0.18445754520006286,0.08204356119868775,0.738247010533552,0.6507127888408935,27.70577196308039,
3370,Phu Yen,VNM,2022,2022-03-30,0.36364415253108734,0.48477515281796774,0.3628572913446774,0.37614740292802623,0.4511549861766392,0.3299678381816365,0.1945378110585755,0.19376873159945088,0.2002959048540411,,
3371,Quang Binh,VNM,2022,2022-03-30,0.19019455565259824,0.4056501627981339,0.18172719767575737,0.20472954998934592,0.3931616434183359,0.29699568055100095,0.1706501923278682,0.468816080546645,0.5312793278706995,23.814545021716533,12.564747489122235
3374,Quang Ngai,VNM,2022,2022-03-30,0.4326872936015611,0.5468542471816193,0.42964005729012394,0.4423147503526503,0.5196312432296544,0.42320273389448354,0.2737647955095892,0.14705429005601872,0.1870785383984886,,
3376,Quang Tri,VNM,2022,2022-03-30,0.2385265895345601,0.44379074717858025,0.22781651715063694,0.2528580508314211,0.4279614397447633,0.3371984167713711,0.21024870599200848,0.3880320750645219,0.46934201572716194,27.14162125574786,19.3780563307159
3383,Thua Thien - Hue,VNM,2022,2022-03-30,0.5857218797712277,0.6325394150198339,0.5815253318474339,0.5916363333717546,0.5956794839236951,0.5011942340064506,0.30682406063112494,0.042935505748909294,0.05011174063255734,25.130498390513154,16.476963884967134
3327,Ba Ria-Vung Tau,VNM,2022,2022-03-30,0.1128419500229151,0.3271205413292268,0.07032878640006762,0.1130999225463191,0.34644183690745667,0.2791309049243963,0.16691803001783173,0.4607983971940557,1.1607556158515175,,
3336,Binh Thuan,VNM,2022,2022-03-30,0.12046829719200118,0.3688857936266523,0.0706389774888141,0.11786081984996744,0.39809475288221896,0.3244147876131385,0.1930478318267072,0.5117487041733172,0.46405645687483527,,
3342,Dong Nai,VNM,2022,2022-03-30,0.09403691062372892,0.3703615228256595,0.06236777719648985,0.10644210564294662,0.37456168661544226,0.2696348272853194,0.14115096807994948,0.5666221409156718,0.8805136804986338,,
3344,Gia Lai,VNM,2022,2022-03-30,0.1738083534610316,0.3937823564162422,0.1447183220584016,0.17844637814414208,0.4049813106960961,0.3166748753556598,0.18732740296869596,0.44422471164018074,0.764474076077627,32.797619841394315,
3345,Ha Giang,VNM,2022,2022-03-30,0.030873699803911216,0.20562029065555557,0.017990540181465797,0.03989828453989968,0.21404825200993405,0.14302157689278508,0.06600815208778511,0.7428547625785527,0.4908555088659734,23.660530419616297,
3347,Ha Noi City,VNM,2022,2022-03-30,0.06855909213294813,0.2144747313633479,0.041920954197389455,0.07278420352842913,0.2014353481286243,0.1603976109328624,0.10500049796301256,0.5073409113376932,0.4460312099527908,,
3348,Ha Tay,VNM,2022,2022-03-30,0.06079980495499964,0.24250928974885802,0.03546604380979114,0.07043550144225467,0.21699222026500192,0.15829110824503595,0.08994587402431196,0.5950140217630997,0.49958253387071,,
3349,Ha Tinh,VNM,2022,2022-03-30,0.11853604079728473,0.30493984347116165,0.11595676932111364,0.1324027211620523,0.28791659586056106,0.210354116299647,0.1225288023651295,0.5619495470921435,0.4692378967554207,,15.842637711366773
3353,Hoa Binh,VNM,2022,2022-03-30,0.04450598934659295,0.2856148651016624,0.029739950727599645,0.06050856326009305,0.27915455555072094,0.18256915527764148,0.08308754255815849,0.7337527111135683,0.6585855629331551,24.958924528822156,12.675406160208428
3357,Kon Tum,VNM,2022,2022-03-30,0.16675677214679938,0.4003163595157969,0.15105508523031771,0.17745296685920453,0.39406722749882306,0.2813748074168178,0.15277695099303176,0.5491989825055613,0.622724105458106,29.995995300561017,
3366,Nghe An,VNM,2022,2022-03-30,0.04389397532721126,0.2774575363807685,0.03360363565014946,0.05806670335448179,0.2655641640723258,0.1660872975195652,0.07553696982864386,0.7644375988655968,0.6190205207734738,24.923168556204732,13.481940454462437
3367,Ninh Binh,VNM,2022,2022-03-30,0.06319750411054063,0.27979141432840093,0.03705130909049384,0.07704082467493618,0.25821973025982997,0.18461260671111707,0.09782144523053021,0.6201958856575547,0.5957761180737974,,
3368,Ninh Thuan,VNM,2022,2022-03-30,0.18678748924514949,0.3519402961137633,0.16154500027740548,0.18840058194771875,0.36721235934610275,0.29412809700163545,0.17961992601755417,0.35227139674775004,0.4714773897439626,,
3377,Soc Trang,VNM,2022,2022-03-30,0.17237811931254218,0.32410734188037515,0.14565022952918338,0.17616203518756074,0.31011896824788804,0.23575662310374762,0.13659330925888685,0.3022890784526084,0.308971660754062,,
3386,Tra Vinh,VNM,2022,2022-03-30,0.14184917758706173,0.27838455765613485,0.1190658410111401,0.14369163288317607,0.2672022432864529,0.2007754886437436,0.11664109896791515,0.32614558553951095,0.2941862621248436,,
3387,Tuyen Quang,VNM,2022,2022-03-30,0.029830109428209645,0.21090936359095935,0.02246479710959366,0.04105794269668328,0.20874388381208858,0.1336438775442632,0.05909370805889695,0.7600444373324222,0.4820893942783182,,
3388,Vinh Long,VNM,2022,2022-03-30,0.10652637419879571,0.28812968200363576,0.08618780964777456,0.11679470817750624,0.2643927966471343,0.1853993131594853,0.10391777162176348,0.4646558628255959,0.41667116578119334,25.45066715425959,
3390,Yen Bai,VNM,2022,2022-03-30,0.03398285357589987,0.2224937250385343,0.02458753906868746,0.04545425738838313,0.22586847879857916,0.14789367539847606,0.06634080305066038,0.7393674589861443,0.5156966056315627,25.780047476826795,
3328,Bac Kan,VNM,2022,2022-03-30,0.02413878881515301,0.20472230589568927,0.017943364741518933,0.03468991583532197,0.20241713846406986,0.12301356685446457,0.05061847027461897,0.7927460970019712,0.46673879362066406,,
3329,Bac Giang,VNM,2022,2022-03-30,0.05914647452243021,0.30616246892545623,0.03640914690433253,0.07191183616119272,0.2949411022405387,0.19777444225694804,0.09721762693271374,0.6742060941804466,0.6693286428783469,28.55538960526437,
3330,Bac Lieu,VNM,2022,2022-03-30,0.11754585846425077,0.23367462318413867,0.08957248623037722,0.12153662412775106,0.21440562136347427,0.1639166189438067,0.09718769992575335,0.28462622638530394,0.25824776141250305,,
3331,Bac Ninh,VNM,2022,2022-03-30,0.07560213161170148,0.23485675324226643,0.04346750846571856,0.0815402470129022,0.20834695729979494,0.16480455416110024,0.10372334031242099,0.5133122652715916,0.45970222924739224,28.21218127911903,
3334,Binh Duong,VNM,2022,2022-03-30,0.09112500304222527,0.3973254112502353,0.06162445874122525,0.10896001271525699,0.3923884356082549,0.27961359571087235,0.14285873019139222,0.6244001570877771,0.9237495174615795,26.94009341614905,
3335,Binh Phuoc,VNM,2022,2022-03-30,0.06034697536573488,0.3662569970588056,0.035941515723625535,0.07795702541503209,0.36337038236375546,0.23623486449565587,0.10467799552388632,0.7120711288981331,0.8321238346377017,,19.06362550141091
3339,Ca Mau,VNM,2022,2022-03-30,0.12091836375846632,0.21853281726571477,0.10361210183500874,0.12678663578047725,0.20043835980920616,0.14923090137190284,0.08765637925436247,0.30156450189824846,0.198192013995495,28.072345584331295,
3340,Da Nang City,VNM,2022,2022-03-30,0.45471909971088503,0.5279405777631102,0.45845630151080646,0.46717677535940516,0.5001273227592714,0.39809590439787845,0.23799511719903066,0.08355323232834783,0.08709569881822993,25.586287425149685,
3346,Ha Nam,VNM,2022,2022-03-30,0.06719990750128589,0.24682935807585737,0.042431152910746096,0.07882338280709282,0.21950051858546815,0.16246026375891884,0.09299105302483451,0.5712027912245038,0.4809901292877874,,
3350,Hai Duong,VNM,2022,2022-03-30,0.07343611802484323,0.26883019861759366,0.04295231749707135,0.0842605382333807,0.24854803962175046,0.1858648439034554,0.10729645857624141,0.5672114698757466,0.548863815548691,28.011125703564755,
3354,Hung Yen,VNM,2022,2022-03-30,0.060961489314242466,0.2308355043860287,0.035396152066057236,0.06884036178970855,0.20473577913316957,0.15358905904999956,0.09124108187091383,0.5808255432420998,0.4784551260472937,,
3364,Nam Dinh,VNM,2022,2022-03-30,0.0726316906184537,0.26995850844742,0.04117760024481508,0.08602952899085847,0.24346079779949917,0.1885125757219503,0.10854761057147586,0.5693779361229945,0.572374074800467,16.370000000000005,
3369,Phu Tho,VNM,2022,2022-03-30,0.04351400450165171,0.23828201019574918,0.028324796217521226,0.054456278368525686,0.2315263891908886,0.1579022458081046,0.07798647106156256,0.6951198524267349,0.5392745414106256,23.590000000000032,
3372,Quang Nam,VNM,2022,2022-03-30,0.5709670430700785,0.6293637762282475,0.5713631806360138,0.5799103478266229,0.5787754828220004,0.4381604874433656,0.25909367525536947,0.05813751430255467,0.060625921009317164,26.119007755765573,16.331132216337327
3381,Thai Nguyen,VNM,2022,2022-03-30,0.034431689766782715,0.21068325905644553,0.024296984673359792,0.044508298070157194,0.20304085160989244,0.13345702472082854,0.06382413059480857,0.7258609042677666,0.4741163353323193,,
3389,Vinh Phuc,VNM,2022,2022-03-30,0.05415148098064999,0.2467964605850149,0.0320128591630838,0.0624805528458714,0.2305559875169353,0.16375972545426584,0.09010800867069747,0.6499132595130047,0.5492783585076532,,
73933,Can Tho city,VNM,2022,2022-03-30,0.1306866499798871,0.3106251762581213,0.12297413276045384,0.1476569955670289,0.2832330302483444,0.20878368520671595,0.12111917149729201,0.41585450324978573,0.4039869705000494,25.790291828793794,
73934,Dak Lak,VNM,2022,2022-03-30,0.247951619115522,0.41506167290449936,0.23398586958505513,0.2560391945904067,0.4137284301660997,0.3129313655996109,0.18348692688691093,0.30813297601043893,0.34093199336892466,,
73935,Dak Nong,VNM,2022,2022-03-30,0.14326944506835296,0.3718933027996744,0.13221450372183832,0.15737323417220211,0.36626250181128855,0.24654336794742712,0.1283778665705537,0.47807786315436135,0.49656499692256145,,18.13367673737942
73936,Dien Bien,VNM,2022,2022-03-30,0.043216925123740736,0.27904685048055977,0.027163475431571552,0.055778056300754296,0.2839376692396155,0.18444627746758419,0.08629801267954164,0.7394741532231096,0.6762637652074195,30.044054131155473,
73937,Hau Giang,VNM,2022,2022-03-30,0.1148189809392798,0.3036214633417869,0.09064683256606053,0.12322851658371606,0.2786465402653061,0.19170617760329356,0.10244558340967776,0.4636685241680187,0.4137930478575547,32.339306670175006,
73938,Lai Chau,VNM,2022,2022-03-30,0.036982375467672496,0.2597997795879223,0.0222108513343169,0.049721688399354216,0.26181778967957564,0.1632237270642212,0.0723714824009396,0.7679172992022812,0.6026233310205762,28.871850789037936,
73939,Lao Cai,VNM,2022,2022-03-30,0.03556463145708229,0.2193083943840002,0.02326128759044214,0.04583454341658885,0.22654910487205615,0.15258540802156217,0.07124239518887687,0.7313229640230192,0.5184108511216481,26.1213315904273,
3326,An Giang,VNM,2022,2022-03-30,0.09942567131194004,0.24503139286498066,0.07411605998509287,0.10040395898570317,0.2288864123844749,0.16842843647390945,0.09088690746141231,0.41635892662011414,0.33043261885604136,24.92026296104496,
3332,Ben Tre,VNM,2022,2022-03-30,0.13804614910084803,0.29011029168509117,0.12489037353950633,0.14671967319545098,0.26578910671099537,0.18910451790848784,0.11028734768766647,0.35930007234140887,0.32072158140809115,,
3343,Dong Thap,VNM,2022,2022-03-30,0.10991822349518193,0.2998538276187121,0.09096398654473817,0.1204397778447892,0.2712064130149517,0.19358862937495688,0.10626779370111546,0.44605790017689423,0.42388996421785985,22.626366585563694,
3351,Hai Phong City,VNM,2022,2022-03-30,0.06839121839422763,0.2270758971149874,0.0413739226638659,0.07631258777983917,0.2108592877273882,0.15871092407102644,0.0948279358206136,0.5307096723672027,0.44270957746373435,26.77985190417897,
3352,Ho Chi Minh City,VNM,2022,2022-03-30,0.13850971134778386,0.30766881906124127,0.11694735751749528,0.14810842715923148,0.292302359186494,0.22343571304605972,0.14042768108226905,0.3927652147370065,0.44908705444450475,,
3356,Kien Giang,VNM,2022,2022-03-30,0.0973136336266192,0.2110915051205185,0.0809909314921467,0.10050776142435283,0.19832637293053357,0.14345911341608028,0.07779361848578144,0.37922550678750067,0.24928050180422537,30.756937697745286,
3359,Lam Dong,VNM,2022,2022-03-30,0.14066698565967362,0.3758204855848997,0.12132259012410343,0.1515569852914249,0.376817976381844,0.26166256356327605,0.14123079504803596,0.510637337953992,0.655387639260532,,18.219686283489853
3362,Long An,VNM,2022,2022-03-30,0.12843143987957037,0.32441785904801856,0.0939079787118004,0.13218210026980418,0.3175116635074889,0.24069734451473015,0.13559860989727598,0.4277210953040281,0.4898235191044962,,
3375,Quang Ninh,VNM,2022,2022-03-30,0.04529427392569974,0.24522784780441573,0.03094643367201561,0.05710653921154466,0.2414145908567527,0.15742929673010206,0.07531505699810062,0.6786084160624059,0.5367141080483574,27.10217500339396,
3378,Son La,VNM,2022,2022-03-30,0.04369969327735896,0.2578891248276751,0.025904248031016035,0.054474594118531096,0.2660087789821774,0.181277489558892,0.08906257526139374,0.7110015120248755,0.6478725891042558,27.360957474763296,14.590058309037893
3379,Tay Ninh,VNM,2022,2022-03-30,0.06858295859715784,0.34868353537666974,0.04549824556864383,0.084888104726582,0.3322853159896721,0.22377691049461365,0.10354108201643868,0.6711756037366979,0.7389797499351359,26.355222771709695,
3380,Thai Binh,VNM,2022,2022-03-30,0.07189824320016515,0.2827804709254919,0.04173012448784433,0.08672057852508525,0.25363532304490066,0.19198557156351626,0.10706131876013758,0.5850796724158515,0.5911072890225838,14.994069640914061,
3382,Thanh Hoa,VNM,2022,2022-03-30,0.040941036115597275,0.27524167048102005,0.02683083611080813,0.05445048373249371,0.26209593841683704,0.1702334986243009,0.07865664298464026,0.7486954249752852,0.6365875844139752,25.48735858439352,15.17568684570918
3384,Tien Giang,VNM,2022,2022-03-30,0.1378262634019725,0.35417358413338457,0.11814557711808062,0.15050848591189703,0.32605408429943955,0.2359363462523513,0.13403731398436944,0.4478519189748782,0.5041304566849429,,
3333,Binh Dinh,VNM,2022,2022-04-07,0.05648474505547349,0.323355960696703,0.03341672774216396,0.06652840223473785,0.32701267945101775,0.2135037162520907,0.10142617811570355,0.7073442785154442,0.7788766305952747,,
3338,Cao Bang,VNM,2022,2022-04-07,0.045993028121095514,0.2679151703599111,0.027695043974022115,0.059076638648018806,0.2763367922517679,0.18783344224056156,0.08896002427865307,0.709463124659619,0.6413282890341522,26.933281096963835,
3355,Khanh Hoa,VNM,2022,2022-04-07,0.056857910542911116,0.32233842832611803,0.0349600199871399,0.06740394516302896,0.3213789489390801,0.21207162155431752,0.10369642877762049,0.7048574440104908,0.7696527359937115,,
3360,Lang Son,VNM,2022,2022-04-07,0.04270482578896729,0.27052038570156867,0.027847698697120702,0.055896919127602314,0.2701837232123625,0.1754623583065583,0.0790234536413265,0.7295449060711502,0.614354686617444,27.70577196308039,
3370,Phu Yen,VNM,2022,2022-04-07,0.05858811626127141,0.3258216985789734,0.03426055353342843,0.0693556300172896,0.3242528713164449,0.2179740788190739,0.10840948243123416,0.6990948211037008,0.5879839839201777,,
3371,Quang Binh,VNM,2022,2022-04-07,0.04603614347126365,0.31717095309361654,0.0325505362837586,0.061874589431608916,0.3129513219465176,0.1985508227222106,0.0873090011107348,0.7510279556129221,0.7488763084840784,23.814545021716533,12.564747489122235
3374,Quang Ngai,VNM,2022,2022-04-07,0.06054480925395712,0.3237041028511339,0.04185919126337493,0.0728486081543344,0.3323269397297373,0.22356517499591747,0.1055018359071447,0.6936724337052883,0.7140088253341773,,
3376,Quang Tri,VNM,2022,2022-04-07,0.05191254967713488,0.2983042890411232,0.03684475242820295,0.06426605722908928,0.2911124625731115,0.18930375837231847,0.08890008175414296,0.7077414283160076,0.7141599980796393,27.14162125574786,19.3780563307159
3383,Thua Thien - Hue,VNM,2022,2022-04-07,0.04722461992027638,0.26364451342501466,0.03737215399158959,0.059531492821863555,0.26100739524860106,0.16827130415808553,0.07763325063472445,0.7023110384440507,0.5741124947316465,25.130498390513154,16.476963884967134
3327,Ba Ria-Vung Tau,VNM,2022,2022-04-07,0.13642057431515242,0.29062680325500095,0.12165421976606244,0.14103957941483583,0.30181873980136437,0.24847670488104223,0.15580363667412309,0.43695917254332095,0.6539498335624313,,
3336,Binh Thuan,VNM,2022,2022-04-07,0.1031085724203323,0.32963231303034257,0.06418729781871384,0.10126742946064422,0.35550870006820584,0.2854867898809103,0.17046203969050708,0.550217743698482,0.5566071293741462,,
3342,Dong Nai,VNM,2022,2022-04-07,0.10774617142604571,0.324244941003661,0.09270021766585969,0.11851118417021543,0.33104006262626823,0.24344686799580384,0.1339653872113611,0.51702676357709,0.6341183768564698,,
3344,Gia Lai,VNM,2022,2022-04-07,0.07978939916041372,0.32039260591379176,0.04730918136963755,0.08198909902216839,0.34207128390815617,0.2595950316383727,0.1504006189806426,0.6163334846617424,0.6250254179257375,32.797619841394315,
3345,Ha Giang,VNM,2022,2022-04-07,0.05418536202665265,0.2805799575196265,0.03387104207106655,0.06526809488003214,0.30057032441242465,0.2171485791272245,0.10829682885375627,0.6876908920222976,0.7869025288781515,23.660530419616297,
3347,Ha Noi City,VNM,2022,2022-04-07,0.07950940499979892,0.2560492980444718,0.047690369614661096,0.08351021206018278,0.2483048131855427,0.20093979915034904,0.13071496826293572,0.5267451158245562,0.6362049497822465,,
3348,Ha Tay,VNM,2022,2022-04-07,0.07467690099922515,0.28470058035973467,0.04374293035971342,0.08494153540511368,0.26454190808185435,0.1988505584799491,0.11565169750488184,0.5798134517977841,0.7886029080173426,,
3349,Ha Tinh,VNM,2022,2022-04-07,0.04887917851228147,0.32460246820517685,0.03049157424823042,0.06499196631131947,0.3162171198514795,0.20897218394438719,0.09638332442082032,0.7401846903423078,0.7967469102042956,,15.842637711366773
3353,Hoa Binh,VNM,2022,2022-04-07,0.05151883202184586,0.3130420549479972,0.03440886642510674,0.06663982704678063,0.3129494080765342,0.21198009634559314,0.09976597936588381,0.718617454238663,0.7883059026938738,24.958924528822156,12.675406160208428
3357,Kon Tum,VNM,2022,2022-04-07,0.06366128883350261,0.32291720137873214,0.0475672902182472,0.0742660438013428,0.32653776584773214,0.2123498614767114,0.10122568784029634,0.6905133594056635,0.8329578798695483,29.995995300561017,
3366,Nghe An,VNM,2022,2022-04-07,0.04716108739447203,0.3248637580392862,0.03073149010807718,0.0619775812938519,0.3246841744595014,0.2124063938941009,0.09609408091887929,0.7535065458492011,0.8169282763374119,24.923168556204732,13.481940454462437
3367,Ninh Binh,VNM,2022,2022-04-07,0.06581306301978133,0.2690527302927535,0.03865833164790522,0.07679047456504214,0.25097640862034276,0.18226362351141925,0.10086914510830511,0.5996438151973742,0.5797221410767309,,
3368,Ninh Thuan,VNM,2022,2022-04-07,0.07490062975344247,0.3095973183662789,0.03964914954394805,0.07728940768335414,0.3300420377311595,0.25297902921323356,0.14314802689998998,0.6188671626968234,1.0436944794610485,,
3377,Soc Trang,VNM,2022,2022-04-07,0.13209364174204788,0.2617405686493322,0.10898399823244138,0.13185865438516547,0.24803627900585673,0.1946834450636543,0.11573736048353267,0.35509734486854755,0.46627371287206415,,
3386,Tra Vinh,VNM,2022,2022-04-07,0.13841548912265045,0.27955225575081893,0.11432432582321497,0.13915195386944823,0.2741094364011632,0.21589671184482437,0.12851177367278044,0.3594389911392142,0.381406559970334,,
3387,Tuyen Quang,VNM,2022,2022-04-07,0.04763242984771934,0.27682663361916054,0.03575253836886531,0.06190900564735617,0.28245942452130224,0.19298959470274848,0.08983110408731435,0.7113993692891472,0.6539375359115592,,
3388,Vinh Long,VNM,2022,2022-04-07,0.12479744461940444,0.304366799695993,0.11350859636383764,0.13552191877282502,0.27878333740224315,0.20306098828718586,0.1158236846382824,0.45907244557986676,0.41138851195269055,25.45066715425959,
3390,Yen Bai,VNM,2022,2022-04-07,0.06760272146729339,0.2933447275888225,0.05835637093926421,0.08249157487268374,0.3085896767883445,0.2194841594397157,0.10664811957189345,0.6423178268745042,0.671719727329312,25.780047476826795,
3328,Bac Kan,VNM,2022,2022-04-07,0.04140614978301075,0.277690274002641,0.03117170084543474,0.056653353004994585,0.280954506511717,0.18371600790679005,0.07998913228628614,0.7449417136359218,0.6444195026276418,,
3329,Bac Giang,VNM,2022,2022-04-07,0.05666103721476818,0.27617092124902776,0.034464575611133856,0.06610602447685904,0.2672221029745886,0.18246158251166278,0.09438009270723985,0.6639787316782112,0.6162384129386349,28.55538960526437,
3330,Bac Lieu,VNM,2022,2022-04-07,0.16163872477171443,0.2404035129653833,0.13211488243315614,0.1603641499143647,0.2206267513007931,0.18607188318840198,0.12609857699506805,0.2219086738841783,0.27574218215659907,,
3331,Bac Ninh,VNM,2022,2022-04-07,0.0823512021376286,0.25196194187263155,0.047949770737528624,0.08800521002448092,0.22672751105084102,0.18149784220279216,0.11650749106071423,0.507506608191644,0.5832567947031067,28.21218127911903,
3334,Binh Duong,VNM,2022,2022-04-07,0.14198784745664675,0.36630048462727294,0.13305042397791014,0.15506490716691337,0.36228298465122155,0.26445936148405275,0.1479564895175395,0.4780752075344128,0.7315386312013239,26.94009341614905,
3335,Binh Phuoc,VNM,2022,2022-04-07,0.07004960965099528,0.37005118299159234,0.04796883216317654,0.08408363149222757,0.37869486349958204,0.25833052579854887,0.12210068075756698,0.6878179118000249,0.9469570724885114,,19.06362550141091
3339,Ca Mau,VNM,2022,2022-04-07,0.17920220577318352,0.2455067553108673,0.15037801911106344,0.17780954547190364,0.22465072797705712,0.18225992214333847,0.12424480208897919,0.2678899602358155,0.16153413085317933,28.072345584331295,
3340,Da Nang City,VNM,2022,2022-04-07,0.06234876964488441,0.27387797149900756,0.050009884170556775,0.07394927169829973,0.26810767801989543,0.17883442429369398,0.09252318234305125,0.63788788901142,0.6267842910140141,25.586287425149685,
3346,Ha Nam,VNM,2022,2022-04-07,0.07254581321609778,0.26168269120457865,0.04633569286193561,0.08342019742231246,0.23819474344836059,0.17944330093408872,0.10498535810972408,0.5680944321539542,0.5406560055851583,,
3350,Hai Duong,VNM,2022,2022-04-07,0.07073169105364545,0.24860251039157283,0.04127202118748152,0.07859121756891091,0.22847662220417791,0.17421181107445866,0.10600880852970691,0.556583851899978,0.5544067920497872,28.011125703564755,
3354,Hung Yen,VNM,2022,2022-04-07,0.07369410482645025,0.2674065269150986,0.04368465611897066,0.08168614207257192,0.2439463334129272,0.1865836326956956,0.11353549898148962,0.5674539127080043,0.6238896173564353,,
3364,Nam Dinh,VNM,2022,2022-04-07,0.0709429392936518,0.2537112698247659,0.04030139149976416,0.07970568368044995,0.22783418609020048,0.177094284772428,0.10639710764893559,0.5554366812591016,0.5477569370002673,16.370000000000005,
3369,Phu Tho,VNM,2022,2022-04-07,0.07812018710650144,0.31004422619526895,0.06030302277664954,0.09181152195410909,0.31876166712427617,0.23503265933786588,0.12341704161133098,0.6037532402619196,0.7331747003722764,23.590000000000032,
3372,Quang Nam,VNM,2022,2022-04-07,0.052253435414397635,0.28502509805991344,0.04491065215385857,0.06558023621306948,0.27886495318315735,0.17457241101429036,0.07664787890776122,0.7072208366573901,0.6036387138011152,26.119007755765573,16.331132216337327
3381,Thai Nguyen,VNM,2022,2022-04-07,0.053162326053949285,0.2631727851013324,0.03830762951380464,0.06528078313732286,0.2634349861517727,0.18392184221956767,0.09291090931748609,0.6677577819879481,0.6023944615748481,,
3389,Vinh Phuc,VNM,2022,2022-04-07,0.06946204014314178,0.2990935733824612,0.04227832161015191,0.08001602471846875,0.28873071168350717,0.2116793136949469,0.11840156242487082,0.6274535896192003,0.7290847235831704,,
73933,Can Tho city,VNM,2022,2022-04-07,0.13595582347463359,0.377662525637916,0.11905843208104426,0.15445250267245655,0.34175698142208594,0.2463598333296598,0.1356653575973391,0.5115256099746903,0.5955082700933689,25.790291828793794,
73934,Dak Lak,VNM,2022,2022-04-07,0.06371540319247124,0.31384696278224355,0.033598926702644936,0.06922811257036066,0.32728778116782786,0.23892647103485692,0.13102907193536495,0.6685677468582356,4.820845980036879E10,,
73935,Dak Nong,VNM,2022,2022-04-07,0.04571777085251776,0.3001538990704336,0.027209820321731373,0.05608120761788357,0.2976743070258898,0.18788006414412328,0.08556225745411651,0.7386788899217851,0.6939417326171871,,18.13367673737942
73936,Dien Bien,VNM,2022,2022-04-07,0.049878239499566525,0.32130584571922766,0.02985035918378775,0.06372012890764621,0.3299935062023668,0.22282591929936718,0.10453444610344613,0.7308408280451452,0.8545162882025561,30.044054131155473,
73937,Hau Giang,VNM,2022,2022-04-07,0.10273064545681697,0.2732040643532651,0.08358219205463484,0.10988906936470931,0.24452079591502585,0.17479792517583123,0.09456182175340273,0.4819874570080738,0.38810347295680353,32.339306670175006,
73938,Lai Chau,VNM,2022,2022-04-07,0.04911658896896084,0.32135522201376504,0.03014523720213379,0.06456753953899982,0.3278375232971169,0.21378454911813674,0.09498372791261436,0.7460551848863106,0.7833013976950071,28.871850789037936,
73939,Lao Cai,VNM,2022,2022-04-07,0.05796457120467983,0.2857492858418202,0.04096006842870456,0.06943017226915753,0.302986895102439,0.2186100667991116,0.1081968578343708,0.6802118500461495,0.736133420885425,26.1213315904273,
3326,An Giang,VNM,2022,2022-04-07,0.15349796281245812,0.2842675699391028,0.11767030744424392,0.15066158940721122,0.27733824660632633,0.21914358630082628,0.13311287144478878,0.35115437541607275,0.3431245224919871,24.92026296104496,
3332,Ben Tre,VNM,2022,2022-04-07,0.1335892481042925,0.27711330050254074,0.12895795898964488,0.1433028986255838,0.25124520503707853,0.17800128622967099,0.10205148169005145,0.37343419407179923,0.30418035816684236,,
3343,Dong Thap,VNM,2022,2022-04-07,0.12320728056695987,0.31096332388978054,0.09694829808351255,0.13159945655778202,0.28409181110184306,0.20829936005604863,0.1183838889846628,0.4694703155435814,0.4621242395424216,22.626366585563694,
3351,Hai Phong City,VNM,2022,2022-04-07,0.07417387242730462,0.2338492031233855,0.045290324196852305,0.07986398266603893,0.21855524968711185,0.1683093528538257,0.10481831394295985,0.5086730588257793,0.5740171871681915,26.77985190417897,
3352,Ho Chi Minh City,VNM,2022,2022-04-07,0.18146744810093104,0.3026951493114243,0.18177760981302896,0.1925255786218086,0.2891154397410134,0.22989136042294786,0.1499662819231908,0.28057549120595837,0.29282109168136683,,
3356,Kien Giang,VNM,2022,2022-04-07,0.13155127950182785,0.24888021855057818,0.10380462107803033,0.1329919953457077,0.23674272690828987,0.18266260187364686,0.1090272381382793,0.39708913378665284,0.2990035985759342,30.756937697745286,
3359,Lam Dong,VNM,2022,2022-04-07,0.05382706160691649,0.2979065916408617,0.03449609297383481,0.06271581709365855,0.30207221283474517,0.19478214901823376,0.09203104324017097,0.7131479786302579,0.6674094473273481,,18.219686283489853
3362,Long An,VNM,2022,2022-04-07,0.14220017812890226,0.2912591593931806,0.11534374463399573,0.14223134636617615,0.29149955291210883,0.23503202876585122,0.14364725165989842,0.38234622114265415,0.4003489138017209,,
3375,Quang Ninh,VNM,2022,2022-04-07,0.05451215579377772,0.26257493499814505,0.03755452418223629,0.06510355346693418,0.26169090215632135,0.1771188712910918,0.08867904172182599,0.6472879975761807,0.5811697444796413,27.10217500339396,
3378,Son La,VNM,2022,2022-04-07,0.057447650272724464,0.31985479234092495,0.03390207713785102,0.06910371539707325,0.3409151474821447,0.24490754699383838,0.12292831602942948,0.6970447392081375,0.9747910404918055,27.360957474763296,14.590058309037893
3379,Tay Ninh,VNM,2022,2022-04-07,0.10798782294751216,0.3458925009643067,0.09350132353796399,0.12099906106874704,0.33963301047384575,0.23976032208408402,0.12518983836453698,0.5497375288281499,0.6495569205596287,26.355222771709695,
3380,Thai Binh,VNM,2022,2022-04-07,0.07003274773338823,0.2508401447513989,0.04107693412059227,0.07977785371564952,0.2184667777314187,0.16710346156370517,0.09979582798128553,0.5565773116794115,0.5131412552809987,14.994069640914061,
3382,Thanh Hoa,VNM,2022,2022-04-07,0.05236502250288771,0.3160410740602843,0.032844777482023496,0.06595088069688496,0.31264554758487567,0.21314738425004603,0.10251580644554904,0.7153828227375003,0.7954170147717423,25.48735858439352,15.17568684570918
3384,Tien Giang,VNM,2022,2022-04-07,0.14619874514199852,0.3287864414221345,0.13284527488265652,0.15545821917918418,0.30554672261325794,0.22838953144462654,0.1352084967677656,0.424355445393667,0.44182921829741856,,
3333,Binh Dinh,VNM,2022,2022-04-15,0.13793195542998765,0.3781402613026063,0.12101962487414565,0.14974837870166222,0.36179405869328957,0.25831101774320936,0.14668751025454033,0.488554206626378,0.6028656243172739,29.535564667702026,20.231787224883362
3338,Cao Bang,VNM,2022,2022-04-15,0.15517574751811497,0.3072429003394179,0.16493147605888525,0.16855610941633217,0.29551476245438224,0.23013805466119422,0.15515747680509556,0.4486810973890088,0.39680682484729296,24.01393253738369,16.08086353355694
3355,Khanh Hoa,VNM,2022,2022-04-15,0.09676688044287254,0.3361498306317592,0.07862461209356153,0.10759679791053879,0.3260743468553466,0.22648946310581636,0.12262930879342218,0.5921227983003345,0.7371853086898006,31.339252042106857,18.697605901222776
3360,Lang Son,VNM,2022,2022-04-15,0.4681773974982248,0.5389596723636949,0.47221087584969657,0.4755261261403404,0.5031365189466949,0.39625437565914473,0.2757590129513491,0.10864584446149556,0.11967003025084536,24.934736614426498,14.877482267211331
3370,Phu Yen,VNM,2022,2022-04-15,0.1325002308257259,0.3644806018798701,0.11658980684215352,0.14312786554768747,0.35122850224920377,0.2529397014787046,0.14159639025299964,0.50788314715094,0.7729360348389201,29.934604944646857,19.920229799474374
3371,Quang Binh,VNM,2022,2022-04-15,0.150679869920035,0.3506790468364382,0.1507537122871397,0.16680548824985691,0.33757356640881386,0.2503023616513066,0.14377243013261107,0.46211921975359943,0.46210513353125804,26.33713317563104,18.321275858458996
3374,Quang Ngai,VNM,2022,2022-04-15,0.09779849407461316,0.3766018650253312,0.07336840806453172,0.11092796834703342,0.36756378724214145,0.25843390697744184,0.13371780268239153,0.6038121302136059,0.7773431611715172,30.498460207950384,19.90088694849713
3376,Quang Tri,VNM,2022,2022-04-15,0.12436549477801855,0.3759361898209955,0.11452024360198616,0.14088471316402204,0.36263443975525633,0.25836700550582165,0.1384958643023874,0.5396737779625331,0.6187350623390278,29.253289493441184,17.934169791473042
3383,Thua Thien - Hue,VNM,2022,2022-04-15,0.08003646595662978,0.322572416551968,0.07041419381389763,0.09677477591759039,0.31511926125589507,0.21313927138108343,0.10384974367605099,0.6287124267643317,0.6242141516108358,27.67854380564762,16.5070302174553
3327,Ba Ria-Vung Tau,VNM,2022,2022-04-15,0.08564227851993421,0.3016814351505437,0.050061784830560174,0.08924455542462817,0.30625929813926295,0.2354534656630133,0.13436408513677514,0.536655126679844,0.7283082177673431,34.79484128146532,23.375571510582457
3336,Binh Thuan,VNM,2022,2022-04-15,0.07652026059743802,0.32654257144566246,0.03853812911125262,0.0798585894572122,0.33789343280398804,0.25437359440338214,0.1385355618837966,0.6258338323654677,0.9555653444867818,34.541325529752726,21.825272363722053
3342,Dong Nai,VNM,2022,2022-04-15,0.06924036602254285,0.33696631817050443,0.04237287528752176,0.08254607846339812,0.3287832131401105,0.22632123398486942,0.11157181241868908,0.6366796523168822,0.7685506115155213,32.88318979177493,21.865355294528612
3344,Gia Lai,VNM,2022,2022-04-15,0.10256072162409888,0.3401466054159256,0.07096022975868507,0.10694702868389376,0.34816498910331584,0.2624492434310266,0.15159247065187686,0.5631892631657287,0.8917634152875961,32.93527626356034,19.202196029466016
3345,Ha Giang,VNM,2022,2022-04-15,0.3901853347167021,0.48352953314188163,0.3872257980293002,0.3975658173961869,0.46837748060726664,0.3798928952896365,0.25029674766232435,0.14556121228969185,0.1613316610798973,26.68468288448308,15.246896306555133
3347,Ha Noi City,VNM,2022,2022-04-15,0.2556217957215907,0.3502006998504938,0.26610439531174523,0.2666489200194646,0.32304562138166637,0.2682589406683826,0.18658013023798556,0.20872503551715388,0.2046227271654868,28.547917814790427,17.283090055653485
3348,Ha Tay,VNM,2022,2022-04-15,0.26420218966623726,0.3927374262457775,0.2820328700637215,0.27955864560224736,0.3551408428677447,0.3006925661014423,0.20555155416450827,0.27617210394589964,0.2860252070206119,27.627120185978004,18.22285001245936
3349,Ha Tinh,VNM,2022,2022-04-15,0.19209941183589918,0.366997073412758,0.1887354355131319,0.2057897365827557,0.3472934663613355,0.2759253123135958,0.17613708566077463,0.37966643680639695,0.41338857575209204,25.34799521231032,20.293515606149573
3353,Hoa Binh,VNM,2022,2022-04-15,0.37197951336007395,0.4660850297598407,0.39517311543555966,0.386441446991106,0.4358368774454417,0.3699728218357209,0.2527943163665187,0.15705548452003518,0.16647712299866668,27.82113577116725,18.02133952096183
3357,Kon Tum,VNM,2022,2022-04-15,0.07992549129080061,0.36849564343908037,0.05869965476018778,0.09335314321124585,0.363762906424913,0.2437922308211542,0.12016273916176937,0.6572857486411219,0.8481618660912397,29.593772303051782,17.53842450902798
3366,Nghe An,VNM,2022,2022-04-15,0.37367659882859705,0.4984607740038044,0.3620565944999661,0.3806140002116,0.4822221613181267,0.4087139696470551,0.2727278153437328,0.18860597769951098,0.23874360479391057,25.676817704012336,19.20360100065032
3367,Ninh Binh,VNM,2022,2022-04-15,0.3170309244366017,0.4363340479772504,0.3311078394245037,0.33258018742856515,0.40588219838508055,0.3497830716944159,0.23498276905647988,0.20660277156493412,0.2345278749748104,26.729954092339966,19.531460881796274
3368,Ninh Thuan,VNM,2022,2022-04-15,0.07184993691541838,0.2991115800811963,0.039915742743692,0.07684069945838452,0.30902684169176553,0.23034661293721115,0.12735461649070703,0.6257586626288166,0.6576366613845047,33.967933515535435,20.479546794791567
3377,Soc Trang,VNM,2022,2022-04-15,0.16470654996436518,0.29319349808466405,0.13640378679942283,0.16437207636915352,0.28614023276701905,0.2331820422220784,0.14313119571799113,0.2934646728035834,0.3329121905772267,27.646350049212792,24.014252262794923
3386,Tra Vinh,VNM,2022,2022-04-15,0.16558562749634723,0.30554002857183193,0.1370286556829162,0.16675908301609402,0.30122768098237035,0.24304399694355794,0.14947713351238087,0.30486126735365504,0.4037989890448787,29.628682626829168,23.960055861686342
3387,Tuyen Quang,VNM,2022,2022-04-15,0.36060253906956813,0.45470411629755786,0.3726681633934079,0.370966819784329,0.4367166363003194,0.38383840042036327,0.28018860269245427,0.17021516418611604,0.19641567276035302,27.760691219702146,16.593831594137
3388,Vinh Long,VNM,2022,2022-04-15,0.13954662005305643,0.3285377598480726,0.1300833818987656,0.1532923135868779,0.2980626878785582,0.21959564153753383,0.12749321770095387,0.4338869890330372,0.5626265411217143,29.68882501455255,23.572526302779302
3390,Yen Bai,VNM,2022,2022-04-15,0.4489499403871981,0.5240248957992968,0.45054888256579995,0.45571077105104235,0.49947276777608984,0.42357738574892356,0.28959111461341414,0.10813914192036149,0.12669004410802231,26.268065244903045,13.761408795367446
3328,Bac Kan,VNM,2022,2022-04-15,0.30273622432600605,0.41580180856857263,0.3158915612511617,0.31472463511588145,0.3953030251677039,0.31573583002630495,0.2169453811919653,0.24167195382541437,0.23601091680844255,25.911773099318655,15.596808462200043
3329,Bac Giang,VNM,2022,2022-04-15,0.27203651047799554,0.39938783833649383,0.2854742861577488,0.28353165527470675,0.3673666420116456,0.28554404564874886,0.19238068484789794,0.3033037894149845,0.2955571162988892,28.067225579144292,16.383022673553985
3330,Bac Lieu,VNM,2022,2022-04-15,0.12131212203790416,0.20510407923227297,0.08969450967718991,0.11994135956167944,0.19175095326167008,0.15698806490949957,0.09771654295944845,0.2565205428025772,0.18849793455256866,27.348645954429177,24.661968100143103
3331,Bac Ninh,VNM,2022,2022-04-15,0.12546538521109418,0.30911416201363123,0.12214230062522102,0.13810106736583797,0.2701571414563383,0.21394069350365466,0.1368634673177019,0.5005405153800646,0.4952635399528316,28.01774951721542,
3334,Binh Duong,VNM,2022,2022-04-15,0.0855677005145353,0.37932572838663653,0.05937652399490421,0.10282788281386004,0.3704453132888262,0.2667385448267802,0.13471692881832786,0.6255709361596391,0.9084556652869474,33.63583921720749,22.465315808790884
3335,Binh Phuoc,VNM,2022,2022-04-15,0.06494427536450008,0.35219307594738386,0.046279232947383765,0.08235392634566897,0.34360381283058256,0.22835778796727627,0.1007039972570472,0.6998829502807418,0.7437721126731326,32.86457101666749,21.528448762228848
3339,Ca Mau,VNM,2022,2022-04-15,0.11241243925452117,0.2040740794453159,0.09525836785675353,0.11748030182029219,0.1825171474051776,0.13685936841654203,0.08208637134774999,0.30960508988369384,0.18800620323487519,27.226217612263568,24.62854671166457
3340,Da Nang City,VNM,2022,2022-04-15,0.1017022886163472,0.34335718685543454,0.08586910198546775,0.1164060346104217,0.3292718025430775,0.228495181661645,0.12117356703773008,0.5590739262938645,0.603472454875827,28.80556641775922,17.419729179713958
3346,Ha Nam,VNM,2022,2022-04-15,0.19755074602223927,0.33263302066510236,0.2212399311868834,0.21567508450826364,0.29945050980126514,0.2571245177684309,0.18661811863542227,0.28597447014446603,0.32359709394527975,27.5259565718046,
3350,Hai Duong,VNM,2022,2022-04-15,0.12259939114168034,0.2919187250196021,0.12834116972144555,0.1373801787290239,0.2580037015718811,0.2030274183214502,0.12989971898846817,0.46368077367950833,0.42665432872189163,,16.70838970020589
3354,Hung Yen,VNM,2022,2022-04-15,0.0728744978445709,0.2713523693993002,0.0615372774680815,0.08364183624637986,0.23469857840955177,0.17321787045416734,0.09974381440614384,0.6000879764180094,0.5303606059158542,17.80443746982135,
3364,Nam Dinh,VNM,2022,2022-04-15,0.37822939394082916,0.48233466632716987,0.39081751337798826,0.3917574047117455,0.4509231614940808,0.400204812590017,0.2768917045251818,0.14016511934813342,0.193948430875839,27.88396584672043,19.257366140724347
3369,Phu Tho,VNM,2022,2022-04-15,0.3291200799047071,0.42808640019412303,0.35509771420351977,0.34424604350498866,0.406508074436024,0.3622104179763495,0.2717188727136945,0.14870121441815765,0.2046916995072959,28.099736401986398,17.321686184501576
3372,Quang Nam,VNM,2022,2022-04-15,0.09363156700716362,0.3482519338337321,0.08235018820761904,0.10932736467643446,0.33648287262766996,0.22607886195505855,0.11387439243656923,0.5989335027816585,0.6477154702779742,28.741459830378663,15.757251325620569
3381,Thai Nguyen,VNM,2022,2022-04-15,0.44284037955750627,0.5232813604974735,0.4506529268715341,0.4511943159063922,0.48848426577883025,0.39120140681084936,0.2691222363346463,0.12421299304384759,0.13148371007842494,27.925884144610603,15.563527593459318
3389,Vinh Phuc,VNM,2022,2022-04-15,0.370926730566182,0.46170248040958617,0.39931107410864086,0.38639602546934865,0.4267550121622935,0.35649143370150593,0.24603120812110388,0.1280570090798284,0.14653439381658476,28.28845368995333,17.543813355714054
73933,Can Tho city,VNM,2022,2022-04-15,0.13850914262374545,0.4016357578066016,0.13110492840848334,0.16184158493175582,0.35482626624825814,0.2532097541891434,0.13651752587047689,0.5102567906782661,0.5868471988708566,29.063286607003114,22.62299175032017
73934,Dak Lak,VNM,2022,2022-04-15,0.07555504821938833,0.3177054486325427,0.04804013870457053,0.08292298937434442,0.3202489489766204,0.23000277976393407,0.12304847401756944,0.6329952503309327,0.742508177108628,34.34271606563579,19.36974724014298
73935,Dak Nong,VNM,2022,2022-04-15,0.058926465707142155,0.3362755182040822,0.037339871770358926,0.07226601041279727,0.3294150948059844,0.21552016308548447,0.09919978559042943,0.7137768942956557,0.73108654445384,31.73101155058569,17.706095191640287
73936,Dien Bien,VNM,2022,2022-04-15,0.23779047879403908,0.39257653807249254,0.2326748830038355,0.24826022924474384,0.399149619901525,0.32535752943062335,0.20890326726962227,0.29658490344073957,0.3636742269919153,24.288108745098786,15.52930509622592
73937,Hau Giang,VNM,2022,2022-04-15,0.15410751021674143,0.3219009476081483,0.14096558409893076,0.16448253271798305,0.29339830742411754,0.22135727233826274,0.13008623923400986,0.380116308428109,0.36083790207152316,29.1534265525764,23.591427459681707
73938,Lai Chau,VNM,2022,2022-04-15,0.20284265150504965,0.3874262909441518,0.19223512537101195,0.21472177798812572,0.38970139412756705,0.30130304528141666,0.1815109799470307,0.3883327104018214,0.48369175060897235,23.79556674513171,13.233365271041707
73939,Lao Cai,VNM,2022,2022-04-15,0.3227537892554621,0.4458471069210875,0.3168127693999415,0.3307692310591775,0.44624145828668865,0.3707921067227037,0.2423948819608391,0.21083618573421553,0.2415693236909416,26.354850260607716,11.789915666099215
3326,An Giang,VNM,2022,2022-04-15,0.1268509102668295,0.2695928630256363,0.101595709188341,0.13291866423211743,0.2503137453795348,0.19759335815689982,0.1131341597382334,0.36551654370235814,0.36047436855499015,29.207523467210777,23.185372949899566
3332,Ben Tre,VNM,2022,2022-04-15,0.11745979147533267,0.29865547782493723,0.0941926756844264,0.12457530211426489,0.27393709648633224,0.1962739331147138,0.11327198203838995,0.4304200351866871,0.43753147102216566,28.98700728726545,23.88691198919673
3343,Dong Thap,VNM,2022,2022-04-15,0.12522548765259636,0.3309844236281598,0.10668921175796443,0.14120799748557017,0.29271890076447415,0.21094866272119547,0.11312041656616734,0.45173477412151486,0.44582346176073623,29.252634910091846,23.46608984025929
3351,Hai Phong City,VNM,2022,2022-04-15,0.33352128702179684,0.4107367257432535,0.35884362163351297,0.34884832187081216,0.38276882610101376,0.3512619422165523,0.25656759600951434,0.11495058223497302,0.1389704241620808,,16.991339038693138
3352,Ho Chi Minh City,VNM,2022,2022-04-15,0.10496018851720391,0.2755333004190065,0.084483526636761,0.11543261268620877,0.25509390616141786,0.19099046894244404,0.11413713579968675,0.4500710660155245,0.4621542806716734,28.437569442582152,23.657721766055456
3356,Kien Giang,VNM,2022,2022-04-15,0.12740755867916598,0.26464630056614347,0.10758171835653638,0.13352579396031874,0.25763717170616435,0.202898881182075,0.11926046621903424,0.3569857560014195,0.3466798472874606,28.31308272778254,23.77524588886136
3359,Lam Dong,VNM,2022,2022-04-15,0.05942191904124819,0.32713458371676535,0.03851976965769288,0.07266123450606186,0.32382895851023413,0.20848478889602856,0.09448030145249263,0.7049047913829235,0.7043407644776547,29.793417615470073,17.229581297525215
3362,Long An,VNM,2022,2022-04-15,0.11696339866009843,0.27314112625891407,0.08871374328220073,0.12026058145140824,0.26671887526827176,0.21136082128802766,0.12195856120272015,0.41121631636075867,0.40670815998022153,32.34190425574104,23.48884462428012
3375,Quang Ninh,VNM,2022,2022-04-15,0.32455477122391396,0.4132639022462121,0.35180987907392147,0.3377782090493145,0.39050559222918696,0.34492186199650793,0.2512526868319095,0.18166972906282844,0.18884300586575145,23.773530661645076,16.270554600824386
3378,Son La,VNM,2022,2022-04-15,0.4050382027738331,0.49533589478782375,0.40155233166621396,0.4123880163831749,0.48799683162907537,0.41985843036380177,0.2941229177740276,0.11871563703349239,0.1615280700549346,27.053746235617783,16.80946710281831
3379,Tay Ninh,VNM,2022,2022-04-15,0.10727818945494486,0.35635149889327467,0.09245515596831144,0.12364706930540376,0.34438994940509676,0.248904932332433,0.12719620781508467,0.5461733790674037,0.6554717613220414,32.45726554826178,23.043351052502558
3380,Thai Binh,VNM,2022,2022-04-15,0.3755362622120438,0.47359444574664394,0.3924573544164933,0.3900994601854548,0.43793466556344257,0.3933591814180044,0.2797253089342469,0.14886765189521786,0.1806167725462823,28.016313360350715,19.138556675682402
3382,Thanh Hoa,VNM,2022,2022-04-15,0.4470689444176875,0.5452285135263198,0.44565936127793326,0.45639012047801997,0.5130746018147062,0.4363290924148262,0.29644865361601896,0.13301585044612405,0.17359390267328598,27.111695856487152,19.14063591867894
3384,Tien Giang,VNM,2022,2022-04-15,0.1181513719405548,0.323275764795944,0.09611550145669712,0.12640868051339363,0.29710090706813663,0.22006500675074187,0.1283585149815013,0.47471353416778816,0.528801415443048,30.119433525645093,23.505983377476703
3333,Binh Dinh,VNM,2022,2022-04-23,0.05968006752115785,0.3161706356721966,0.03643379929615911,0.06971830189482467,0.3078941942439382,0.20312882398078583,0.0998813298833871,0.6923527687288111,0.7717856007469701,31.77320666451948,22.35317988031808
3338,Cao Bang,VNM,2022,2022-04-23,0.14080436635936927,0.33652840343363744,0.1372905162938084,0.15369003575363793,0.33064487237266543,0.24751484977164168,0.14159263152950163,0.48408729569992714,0.4986427617557842,31.281473338002744,20.200570790048516
3355,Khanh Hoa,VNM,2022,2022-04-23,0.08154442556589404,0.3199847972104177,0.06095146822741994,0.09067140625346154,0.31342408322310067,0.2162971475838473,0.11439883880652091,0.6271165836430521,0.6966392891693476,32.7998083786178,20.964475349261864
3360,Lang Son,VNM,2022,2022-04-23,0.2331889652060858,0.37305418748868563,0.2403854708372809,0.24668634844033754,0.35495845385669084,0.27629185850626165,0.1712135244303983,0.2795853417386375,0.27401067012436975,30.45658189369573,20.809674218888638
3370,Phu Yen,VNM,2022,2022-04-23,0.0679650892947457,0.30985497849123883,0.044822325391187814,0.07631002549179486,0.3040834106865128,0.20890370747105705,0.10813122996529738,0.6580363367066207,0.773425558491495,33.33085576630453,22.630646951018075
3371,Quang Binh,VNM,2022,2022-04-23,0.05918013754315048,0.3261805499301235,0.04812611057123492,0.07624401212948068,0.3204327644277689,0.2099918668662129,0.09410363184982118,0.7108717238611775,0.9009191903859959,32.154720161017316,22.085440988509006
3374,Quang Ngai,VNM,2022,2022-04-23,0.06287915258404729,0.3183889126384973,0.0408253250587021,0.07336234455838778,0.31883612817993745,0.21933992569199476,0.10861846649521713,0.681409443742743,0.7857603980793431,32.51698362113361,23.12365193081923
3376,Quang Tri,VNM,2022,2022-04-23,0.06525274681835556,0.30395896251099075,0.05428413702121242,0.07894038521934246,0.2930478446211548,0.19496295334564956,0.09282373903744481,0.6681720970454945,0.6225473488957184,30.769385520878043,22.20053464821088
3383,Thua Thien - Hue,VNM,2022,2022-04-23,0.04888262811452735,0.26672253546332264,0.038736177549084504,0.06182500261450931,0.26207582928213075,0.17127003587989545,0.0791522805810717,0.7082060025293296,0.558228350427607,31.116453677397065,22.58498663230839
3327,Ba Ria-Vung Tau,VNM,2022,2022-04-23,0.10755463753915243,0.2697667730033053,0.0890704809036785,0.11019572443031142,0.2741797459597116,0.21673719737358085,0.13346917148887175,0.42179522504768785,0.5092365086755183,37.21640059489882,24.003158761317685
3336,Binh Thuan,VNM,2022,2022-04-23,0.09799272610152043,0.32730938774719237,0.06339758737102123,0.09880902881128079,0.338377210301759,0.2614526178358029,0.15059853475625548,0.5730615246126599,0.7703408153425051,36.36262550231902,22.460659044502123
3342,Dong Nai,VNM,2022,2022-04-23,0.0922999424346688,0.29049379410951676,0.0810026798758138,0.10240336833571972,0.28259066957321094,0.2007285391098873,0.1100131779558798,0.549256892084995,0.5321258919489777,34.76752176792436,23.177901122907723
3344,Gia Lai,VNM,2022,2022-04-23,0.07422783215466158,0.28560464943115016,0.05309419713385832,0.07870967575126821,0.288822952605715,0.2106617422492561,0.11666986053563129,0.6236558225106722,0.663921037364523,36.02937377403323,22.048025821045016
3345,Ha Giang,VNM,2022,2022-04-23,0.11476375647205461,0.30809964185797184,0.1067198271134849,0.12625795655014574,0.309344163560691,0.23230455847799508,0.12885411581031328,0.5344801083185029,0.5473041958676695,31.16131489636432,19.977648198231588
3347,Ha Noi City,VNM,2022,2022-04-23,0.22688928831236027,0.3535949478196246,0.2264711287194247,0.23850944905865826,0.335451094862638,0.28413032698526786,0.19026939838117998,0.24675644411551992,0.30857844568261633,33.503590708523994,21.541661498725595
3348,Ha Tay,VNM,2022,2022-04-23,0.2279329400460969,0.39162901288210883,0.21849543459673598,0.23844107665005093,0.36934843332099937,0.30846675413091523,0.2050122057910013,0.29155263735272446,0.38041427256395793,33.7007618519863,23.44093997446874
3349,Ha Tinh,VNM,2022,2022-04-23,0.0442768551097103,0.30698701928005045,0.027726093244232895,0.06050205335651801,0.2929036344682068,0.1907846512788945,0.08431295653470654,0.7488620425166258,0.7225530726122591,32.999016920934764,23.8886704926446
3353,Hoa Binh,VNM,2022,2022-04-23,0.08026273120570958,0.3386894051795431,0.067277847530363,0.09561029334111099,0.3294949411408689,0.23095840684599847,0.11553382703737222,0.6551259749242743,0.7427871528197816,33.116976882470965,22.5710728242858
3357,Kon Tum,VNM,2022,2022-04-23,0.06218374414493484,0.2896386341039577,0.053827865037705175,0.07223043231912248,0.27685038864969547,0.17667643655102278,0.08159473478939112,0.6988429751655656,0.5643541903255928,31.44145370016674,19.038051686169606
3366,Nghe An,VNM,2022,2022-04-23,0.04261050481772976,0.3171680800075551,0.027496019218438902,0.05939098835678672,0.3072355460998467,0.19773049625255587,0.0859173890428903,0.768242048684527,0.7599541068238017,33.492850820888435,22.30260545771639
3367,Ninh Binh,VNM,2022,2022-04-23,0.08008486454197476,0.33180328460262326,0.051394354700530324,0.09176301588378895,0.30732641322307547,0.2253372415331589,0.12085509562592796,0.6176577141808294,0.7407904799697131,33.187419828601826,23.59291836800567
3368,Ninh Thuan,VNM,2022,2022-04-23,0.10293828884832985,0.32522389110413985,0.0684040912557498,0.105166284575424,0.33724243081321786,0.2636278254605283,0.15352973365976513,0.5443552352757137,-1.218276311848226E11,35.12164083053503,21.89072792743527
3377,Soc Trang,VNM,2022,2022-04-23,0.1317227894421182,0.25436886566839145,0.09872462895950794,0.12811963162985868,0.25519655516103634,0.21060712251984384,0.13011396457863764,0.32045671047102503,0.4071892388184001,34.39342742400131,24.868653995725474
3386,Tra Vinh,VNM,2022,2022-04-23,0.12674454571771013,0.2633510435645611,0.09534630227390224,0.12522423688366047,0.2644729191885792,0.2138258430550389,0.13154041135399003,0.3481080123528772,0.40615992812450463,34.69939188248542,24.492316912918554
3387,Tuyen Quang,VNM,2022,2022-04-23,0.20643831575082694,0.37555574889646615,0.21101823137697576,0.22049435436863404,0.3678338823814207,0.290448311237068,0.1767221304874832,0.34813922374370465,0.3711122756590973,31.872595001502628,21.73726784259346
3388,Vinh Long,VNM,2022,2022-04-23,0.129967405011852,0.32774691514846127,0.11718387318052252,0.1432240512795735,0.29978013967765565,0.21614872852289688,0.12330174835554311,0.45111017403999737,0.44599079454178014,32.19071530515726,24.466983688973375
3390,Yen Bai,VNM,2022,2022-04-23,0.12768592166843176,0.3236583114406606,0.12289063426392845,0.14177592808361783,0.3218817382599182,0.23995412351941567,0.1313309376906071,0.5219202925869408,0.5025512656622938,31.11650727160701,20.101302986329863
3328,Bac Kan,VNM,2022,2022-04-23,0.1924634518194404,0.35969389936519464,0.1999708639333704,0.20677069515467777,0.34863155368675536,0.26861527896480747,0.16128795235799134,0.36295593856285313,0.35719870110225493,30.624040157896328,20.369232044563297
3329,Bac Giang,VNM,2022,2022-04-23,0.22711980247195976,0.38201423611638,0.23278873240587036,0.2410095190403461,0.35545876679764515,0.27455996256233145,0.1684569069344881,0.29554778688227656,0.29987752199736073,30.42510879667138,23.428383420994958
3330,Bac Lieu,VNM,2022,2022-04-23,0.09915751073024798,0.1722415688421987,0.06351587230042893,0.09505187498336126,0.1690146784401144,0.13878169006220673,0.08567206345918776,0.2627382177208736,0.1871514661036952,33.8583773773475,26.395025568315873
3331,Bac Ninh,VNM,2022,2022-04-23,0.23314861445239451,0.3764472317461943,0.23499016672925258,0.24635152561221163,0.3437801738940519,0.282678137218742,0.18573055324962132,0.26325299552564146,0.34505833761743787,31.92680118026664,24.001952469404802
3334,Binh Duong,VNM,2022,2022-04-23,0.08034618866901713,0.32010377920579874,0.06449676825272717,0.09278271782239902,0.3126775951063279,0.2253560410421823,0.12182884522118827,0.6315523767487705,0.7431074555662673,33.506187186115625,24.104081321594975
3335,Binh Phuoc,VNM,2022,2022-04-23,0.11135402759016597,0.3356838107163479,0.10893443288168232,0.12646921524971363,0.32855063863247375,0.22870724078502433,0.11725331760237853,0.5506774403783342,0.5388478337342687,32.80159673467847,23.237801227615815
3339,Ca Mau,VNM,2022,2022-04-23,0.0818623125708469,0.1818877478695883,0.05798301965594888,0.08712890224558265,0.1617643161866546,0.11357338694639375,0.06304530920186761,0.37384505322216616,0.21252974509488073,31.53042844328099,26.60302136232707
3340,Da Nang City,VNM,2022,2022-04-23,0.06103330413480237,0.2812926595861033,0.043992603350701015,0.07120800662435606,0.2733727122789656,0.1829907872666006,0.09472585802545025,0.6631130821818323,0.8570279049014333,31.847361515630585,21.472356556477457
3346,Ha Nam,VNM,2022,2022-04-23,0.255682204580908,0.4173627042856325,0.24100539731055226,0.263960398696974,0.39267290433262225,0.32226805926267754,0.21377051238360917,0.2791883191966016,0.4534332708350237,32.53310565272163,22.86834719402924
3350,Hai Duong,VNM,2022,2022-04-23,0.29814946492362254,0.4189411779832712,0.3032473604011199,0.3108802591587277,0.38296808418090117,0.29607412603826866,0.1852713113816793,0.19265120070364408,0.1921260385969073,30.65650023399552,24.02888888828102
3354,Hung Yen,VNM,2022,2022-04-23,0.29850397715157095,0.4214512001517191,0.2980550575190404,0.3083263667835025,0.3862813151308446,0.309032042827537,0.19851147934041105,0.1996323988940584,0.20172200553866634,32.2340168271185,22.555452178176942
3364,Nam Dinh,VNM,2022,2022-04-23,0.1642686367863053,0.3781263156153503,0.13978651750510723,0.17346367236838572,0.3485350723634217,0.2826798905421259,0.1777056767093638,0.42678709038927515,0.5719714556411551,31.631941167742045,23.889885425748858
3369,Phu Tho,VNM,2022,2022-04-23,0.191491558720774,0.38539814195565664,0.18305710690509686,0.20439495703822536,0.3792469698252429,0.3015342717907716,0.18141944104274482,0.3935695771752993,0.4836097644043583,33.07938068762174,21.84739961282831
3372,Quang Nam,VNM,2022,2022-04-23,0.05161046906433664,0.29321813409415964,0.0396644150023242,0.06475805687918493,0.28665440791504265,0.1822641701940427,0.08194096080220524,0.7197398657348995,0.6624852102873258,31.342107467293378,21.161059961583657
3381,Thai Nguyen,VNM,2022,2022-04-23,0.31260979167541014,0.43291950662363743,0.31395398799811663,0.32222016894912614,0.4083485852975801,0.3395042668550709,0.2235912783597676,0.20301128116613726,0.22003751105016076,30.782268501934738,21.880392650051295
3389,Vinh Phuc,VNM,2022,2022-04-23,0.2184102254816019,0.3953515072614806,0.21346424424176533,0.23085819339395997,0.3809137335440194,0.3111636411000536,0.19884528068122012,0.31538447703832884,0.4200091090830095,32.944138609049595,21.98479344520582
73933,Can Tho city,VNM,2022,2022-04-23,0.11783287389588995,0.36792313740832444,0.11068880599071006,0.13870089754574888,0.31916454732175903,0.21941517541781125,0.11867063287616919,0.533352601560855,0.5595406771777303,30.45695832421033,25.194392920604333
73934,Dak Lak,VNM,2022,2022-04-23,0.08589543337585556,0.2965559863982006,0.06867081162089549,0.0925831622571604,0.2960567268124737,0.21307658780712316,0.11577714537916972,0.6043962548532814,0.4863174650753158,35.79548147663124,22.900530612568787
73935,Dak Nong,VNM,2022,2022-04-23,0.09806643807447499,0.31625011140242937,0.09366693431967094,0.11003558366683606,0.30702457824652457,0.20871631478970454,0.10681167777614191,0.5901630381485152,0.5416800122485985,32.606577143921264,22.02764949972401
73936,Dien Bien,VNM,2022,2022-04-23,0.04300500507737356,0.28803329217639895,0.025874786163396852,0.055224065486801525,0.28403452687467867,0.1835964633907433,0.08310432568132645,0.7410104316363897,0.6773995104084701,32.14527032801318,20.517835780846085
73937,Hau Giang,VNM,2022,2022-04-23,0.12006561798720905,0.29571037934767924,0.10574493556919376,0.13077529096532825,0.2697239077779336,0.19722031642461438,0.11055809978661899,0.43833337240762194,0.3973339462445941,31.033116084811624,25.34324045082942
73938,Lai Chau,VNM,2022,2022-04-23,0.0384121203343416,0.2891622585412265,0.021704775449031505,0.052492338551760664,0.2809465133616912,0.17365861445789765,0.0727199699817373,0.7732716810471851,0.6585088826082115,30.164711920643505,19.62718330786982
73939,Lao Cai,VNM,2022,2022-04-23,0.07830579879778611,0.29378868046954865,0.06729739653506195,0.09142622395132184,0.2928694439547807,0.2087476459618701,0.10480486609002648,0.6329227956122699,0.5873224914274818,30.819372771673468,19.191135902326586
3326,An Giang,VNM,2022,2022-04-23,0.09333916111269268,0.2612512545335436,0.06965516269685192,0.1037029395227101,0.2338655948148669,0.17793902456316169,0.09675994407635251,0.481337156575025,0.40850314645884744,32.82071905978633,26.111244831741583
3332,Ben Tre,VNM,2022,2022-04-23,0.12840407630114822,0.2974786136653867,0.10949352400221582,0.1355474914343049,0.2770139750497734,0.20060439222089127,0.11773196796701946,0.389083292785637,0.4062467511241871,30.968229552711875,23.75889773904351
3343,Dong Thap,VNM,2022,2022-04-23,0.11152875553290685,0.30574433575914867,0.0956952657751285,0.12638743896017365,0.2704282810731346,0.19455251635711382,0.10662713810149235,0.47864338425792047,0.4344341414175484,31.813152541834157,25.91135928701046
3351,Hai Phong City,VNM,2022,2022-04-23,0.22402808109750488,0.33635122298191916,0.22808132729153224,0.2377969736663829,0.3113707493765709,0.23627938101044685,0.14429972929938464,0.21875570310366588,0.18969744929720048,27.487372438875052,23.171670385370515
3352,Ho Chi Minh City,VNM,2022,2022-04-23,0.12432314294563283,0.2651367235249613,0.11334622866850662,0.13347904481341702,0.2516693603429891,0.19741155201322533,0.1298147399747641,0.39137425489056954,0.403099189598214,33.44449896059366,25.253624578617604
3356,Kien Giang,VNM,2022,2022-04-23,0.09747809660136339,0.23940528322183258,0.07421432825006104,0.10295283327445574,0.2278571526224611,0.1729657530837284,0.09806157767470229,0.4134600549284836,0.35345503470945155,31.414585254936117,25.935197526339554
3359,Lam Dong,VNM,2022,2022-04-23,0.08468117464261414,0.31147593452510003,0.07152681281893938,0.09545585488364275,0.3076457679524141,0.20580518475315593,0.10441825147473019,0.6267111412162679,0.586232425395822,30.678703668768755,19.21534613032694
3362,Long An,VNM,2022,2022-04-23,0.13030964325880046,0.27028060136043636,0.10528387334538776,0.13258367579513095,0.2669822177604438,0.21835731928407856,0.1340327023104137,0.37784550469312267,0.3847050062682025,36.601725915209016,25.633477917180173
3375,Quang Ninh,VNM,2022,2022-04-23,0.2560619198092194,0.371202718730858,0.2537011839413575,0.2667787758696745,0.3567070946607038,0.28104677451801535,0.1744309101193813,0.21681645189319734,0.1972164800201875,29.530640271745167,21.35008672086089
3378,Son La,VNM,2022,2022-04-23,0.051856507845619244,0.3017923742738412,0.031267984124289015,0.06412095991255534,0.30531854881886744,0.21264008789544614,0.10343317711953266,0.7110200313975392,0.8188110745948234,33.29543799176466,20.700594327333505
3379,Tay Ninh,VNM,2022,2022-04-23,0.07592812998249418,0.3180148427617694,0.05908811227487147,0.09005693897872612,0.3061390060944109,0.21502826005993353,0.10790179554342322,0.6246669119493704,0.6726680539738364,33.33832994879442,24.775943554348
3380,Thai Binh,VNM,2022,2022-04-23,0.25933375346906495,0.4165620264023944,0.2540437197628852,0.2714588712531757,0.38891247866994233,0.3197899739937366,0.2105532517790669,0.25435520133705275,0.33450766548343513,31.21287520517883,23.80955127201402
3382,Thanh Hoa,VNM,2022,2022-04-23,0.051095088939987994,0.32561940326856703,0.03176124357800572,0.06527021846988701,0.31208903236421426,0.21226635696961613,0.09878554522974654,0.7306579556065529,0.8077364568061337,33.00598497840396,22.55583151487945
3384,Tien Giang,VNM,2022,2022-04-23,0.13589526093085458,0.32555724166852423,0.11802677149683212,0.14346627278626675,0.30146707837213427,0.2261018726373418,0.13669224484889136,0.4293888785142508,0.46877671614841254,32.09843352655706,25.02421436199023
3333,Binh Dinh,VNM,2022,2022-05-01,0.2208981424898815,0.432450999742559,0.20696061914509137,0.23282528446066744,0.4163337786353291,0.31221522835832466,0.1901329152262027,0.3477217991163367,0.5110359863862148,31.366549097085123,21.310002580979766
3338,Cao Bang,VNM,2022,2022-05-01,0.05475319617929948,0.3785146731776608,0.03363162092554129,0.07566161044371247,0.37502363915399173,0.24592254509803327,0.10888410584365357,0.7493990354592888,0.9186623059996466,28.398371802941945,12.054402801288745
3355,Khanh Hoa,VNM,2022,2022-05-01,0.11562780938545847,0.37989327444526544,0.09699108356441939,0.13069318936981722,0.365175262946156,0.25325755769833264,0.13547696635997666,0.5636188813175605,0.7261219834680291,31.48228726225703,16.827621135611246
3360,Lang Son,VNM,2022,2022-05-01,0.05913380098222777,0.3877997382907947,0.03812331994241277,0.07962150899215374,0.38606894268436026,0.2574358355834001,0.11749162973232495,0.7350994819403691,0.9595237963576209,29.189710400234794,15.57935590904062
3370,Phu Yen,VNM,2022,2022-05-01,0.1600797116166517,0.4106621079433332,0.14007375537483524,0.17301087365484322,0.39864407119393186,0.29135531303219797,0.16732638985601608,0.472629085960934,0.6891733647130394,32.79381892081485,20.312750857773963
3371,Quang Binh,VNM,2022,2022-05-01,0.12764077373472169,0.32075011336998754,0.12491309647768475,0.13965196346327177,0.30332518899272426,0.21897660916603315,0.1305707852360913,0.5373779565534844,0.4622141810745261,23.451874516361073,16.54789319584605
3374,Quang Ngai,VNM,2022,2022-05-01,0.1530100827657962,0.3701039843141728,0.14605017856353528,0.16704840418088873,0.35536041614528463,0.25370136455421544,0.13835502331465444,0.4640174179376424,0.485199362270922,29.655282991824237,21.223451323784612
3376,Quang Tri,VNM,2022,2022-05-01,0.21891578756524732,0.38999164679118964,0.21591030682769938,0.2329987181481298,0.3714646459298613,0.2921803692568741,0.18642666677102382,0.34909485913074734,0.3605320920959022,27.44176913945308,17.036759259259327
3383,Thua Thien - Hue,VNM,2022,2022-05-01,0.1675908633755287,0.3673290426418662,0.16431614778169557,0.18477998642304685,0.3549415867983058,0.2618807767546455,0.14837724852005585,0.4225482234680974,0.43569443950401604,28.923618831399594,15.240936081146314
3327,Ba Ria-Vung Tau,VNM,2022,2022-05-01,0.16079704153210347,0.337185578192701,0.14294354512114663,0.16980627024523492,0.3302104673882048,0.25811405969187823,0.16396328035480143,0.3733372016286078,0.5191999897423251,32.072925680039916,
3336,Binh Thuan,VNM,2022,2022-05-01,0.10212089371214673,0.3618968929452141,0.06935450527637806,0.11147600103846173,0.3590246863703897,0.2623271680134694,0.14144753808985028,0.5847364267395817,0.41493231121973145,31.459782179007394,19.954005035474722
3342,Dong Nai,VNM,2022,2022-05-01,0.09364446084834303,0.33866364037497737,0.07376646357903806,0.10911835852994822,0.32621293724744943,0.2257473362382534,0.11615283189353366,0.5548030351806825,0.6384828394628511,30.36720696872531,
3344,Gia Lai,VNM,2022,2022-05-01,0.13878679165138869,0.37016359232817797,0.11290353993834486,0.14589499558074245,0.3707373292972908,0.2799680283145216,0.16610007476096936,0.5002943359765246,0.767791321269744,35.16531057251711,19.651983265806958
3345,Ha Giang,VNM,2022,2022-05-01,0.04455647202042379,0.2939974344893531,0.027774423438024973,0.058426674742262034,0.28987828461487664,0.191255021605419,0.08626323584492047,0.7504583484502473,0.7080113194816724,27.902893914171184,14.041187734526536
3347,Ha Noi City,VNM,2022,2022-05-01,0.09262269256413737,0.32465334225606723,0.05633208082157038,0.10089643847767811,0.3074654680372557,0.23613685122106617,0.14594837966203855,0.5396036619271418,0.7628534177820829,34.09424271144095,19.826650356132895
3348,Ha Tay,VNM,2022,2022-05-01,0.07861442460283956,0.35574621072187673,0.0454985141094761,0.09361821283122737,0.3226280683670185,0.229151215943796,0.12486942342343084,0.6296193490667346,0.8080333425805352,32.149718357983026,18.473406638699657
3349,Ha Tinh,VNM,2022,2022-05-01,0.041876457056919614,0.2636998126365442,0.030684223864209974,0.05552860796222889,0.23859176141100166,0.147978418344915,0.06641803116621336,0.7599118409073911,0.5590745301626704,24.19151310513162,17.06922255671141
3353,Hoa Binh,VNM,2022,2022-05-01,0.05663470315231297,0.3698258459199656,0.038437942217732425,0.07680394130198395,0.35700000448857605,0.23436721974141866,0.10642350780257326,0.730908451939813,0.87689275018638,30.614742075795572,16.882318616896306
3357,Kon Tum,VNM,2022,2022-05-01,0.09189874356242732,0.36151230551659547,0.077896816432881,0.10630479627992098,0.34630752486774335,0.2264127243161143,0.11247312462993862,0.6330302241785352,0.6848518346583082,30.29767055248814,18.62641595361691
3366,Nghe An,VNM,2022,2022-05-01,0.050935114290277334,0.34664735033538135,0.034326941954374614,0.06951070476614439,0.32878304835917277,0.2082151761783619,0.09253760557017145,0.7510453334209223,0.7832510452154352,29.353112434077214,15.37426722595667
3367,Ninh Binh,VNM,2022,2022-05-01,0.07511513196398169,0.36759819277310696,0.04255402591102169,0.09216868685104,0.3375005638176996,0.23380128688315777,0.12112227943345398,0.652015490289958,0.8192161695859134,31.189830229230154,17.904131528546028
3368,Ninh Thuan,VNM,2022,2022-05-01,0.08868476575626857,0.3326447568218009,0.058141639359719485,0.09778001464930598,0.3333029146830258,0.24460264466549253,0.1322849832164587,0.5959690069384167,0.7557796325783789,32.97029390061789,18.44145848823017
3377,Soc Trang,VNM,2022,2022-05-01,0.19868651495886197,0.3007989082096462,0.18310126356276107,0.20362048781288694,0.2762416050738391,0.21604014205574873,0.13316356526688777,0.2224613658430717,0.19649449665935298,29.174450963235415,
3386,Tra Vinh,VNM,2022,2022-05-01,0.18074146699807955,0.2965064140811842,0.1656670737219106,0.18954400079190437,0.2702869754864628,0.2068243203927707,0.1274448962592798,0.24771240159714314,0.22411138604145903,29.651018781068476,
3387,Tuyen Quang,VNM,2022,2022-05-01,0.05053759273338837,0.3403375284843369,0.03795346375849886,0.06905078382457727,0.32828857469514805,0.21213298392649216,0.09221852519472946,0.7474848366776957,0.7752074762790226,29.063835729027588,16.0781179070916
3388,Vinh Long,VNM,2022,2022-05-01,0.1461662842518089,0.3545872623217379,0.13714178624975945,0.16403558485310782,0.31374194722800347,0.21886099839147197,0.12095800438438167,0.42991212335885304,0.424376537602418,27.820873356512,
3390,Yen Bai,VNM,2022,2022-05-01,0.04342466253179268,0.2806492602407455,0.033824324708356286,0.05867441752855906,0.2701435743158907,0.1724133486503115,0.07444080368217908,0.74031781496925,0.6082463246971319,29.16830524641487,14.469631951657037
3328,Bac Kan,VNM,2022,2022-05-01,0.05141441928897248,0.37791133596781845,0.038874687596957364,0.07397180593755628,0.3724892171583911,0.24068592263177227,0.10149432431985862,0.7608536261321943,0.8885863617367328,27.114464606700217,13.620812851667417
3329,Bac Giang,VNM,2022,2022-05-01,0.07239954187872227,0.3878302401355595,0.04432274949789422,0.08736687497009542,0.3729851253426624,0.2546981013687856,0.12828723940384557,0.6843057893054694,0.9348556113525185,30.952795829905803,16.8842449416867
3330,Bac Lieu,VNM,2022,2022-05-01,0.1696162671602626,0.2155158622431326,0.1576177357844545,0.17326240885574667,0.19191444937777918,0.1496924897134567,0.09385612123332027,0.13056813836482364,0.08275377224998284,25.31177691055342,
3331,Bac Ninh,VNM,2022,2022-05-01,0.08131554717124087,0.35814660373973545,0.04708857531898967,0.0942366099016874,0.3136804408747963,0.22548700998280546,0.1278131675215032,0.6194438967565414,0.8002179776308201,31.426722933935643,17.78026790131202
3334,Binh Duong,VNM,2022,2022-05-01,0.10822342197234765,0.3391583193934988,0.09808102999970512,0.12343038832977866,0.32674739846331335,0.2327872293972208,0.12301265632046067,0.5549013208179842,0.5803292129379215,30.425663788260703,
3335,Binh Phuoc,VNM,2022,2022-05-01,0.08893494461171372,0.35082090329846555,0.07527507845477438,0.10569628495956097,0.3426481248611827,0.22754096487198816,0.10584888105963451,0.6231101612367901,0.6325015383878366,30.835638968172216,
3339,Ca Mau,VNM,2022,2022-05-01,0.10976907366579818,0.20045696879432964,0.09878822681044205,0.11916720134423878,0.17478490237225805,0.1263622574488719,0.07395760762260395,0.29657244436403607,0.18062698215522888,25.048194456888645,
3340,Da Nang City,VNM,2022,2022-05-01,0.1885531623944859,0.36018462498923104,0.19020824666531788,0.20471499442969499,0.3410260325391003,0.2515150412763992,0.14705586120986475,0.3565683908414181,0.3524702137696374,25.413843225222223,21.51616274106555
3346,Ha Nam,VNM,2022,2022-05-01,0.08106052844917544,0.3632002942178782,0.049912671053829225,0.09765308166768621,0.32410508139675204,0.22808960786471902,0.12451748776032459,0.6264118713468277,0.7826777166067236,31.47046236657,18.277943481306345
3350,Hai Duong,VNM,2022,2022-05-01,0.08240971164036645,0.361039365852831,0.04904482653720579,0.09612072826633493,0.3270085940505007,0.2338123315148197,0.1295245253690054,0.6223439011322243,0.8080631154881807,31.452476085841944,17.25996516064805
3354,Hung Yen,VNM,2022,2022-05-01,0.07890376509708999,0.3600808056301558,0.046253964819395,0.09171875345767688,0.32266366498536214,0.229533414303164,0.1277897573165178,0.6281435535008926,0.8139360602178647,31.425948560574575,17.574467624470067
3364,Nam Dinh,VNM,2022,2022-05-01,0.07691958438145795,0.3786683321261907,0.04251538967782932,0.0939978765952269,0.3317657221041352,0.23269421689295106,0.125027625825158,0.6480338588859184,0.8572353318569765,31.30282163727018,18.682612177666726
3369,Phu Tho,VNM,2022,2022-05-01,0.06218526088557558,0.3486436381036212,0.039868195471637745,0.07800236819210075,0.33405748404131724,0.2264159973845427,0.10854692891049184,0.698053598624016,0.8069104622688941,31.879586925889136,
3372,Quang Nam,VNM,2022,2022-05-01,0.1575513115457894,0.342568320252761,0.1642093135185189,0.17276622697743,0.32244513828620475,0.23098068617102666,0.1331080421103247,0.4266368695653695,0.39374114203288196,27.1974600674482,17.348150227488148
3381,Thai Nguyen,VNM,2022,2022-05-01,0.05778068841272784,0.3476913388660983,0.040437437713880274,0.07496567833649334,0.33497780045835307,0.22478375649574242,0.10696523911201485,0.7167537364019309,0.8224206736124434,30.36859887951483,17.616384422481215
3389,Vinh Phuc,VNM,2022,2022-05-01,0.07497174619965438,0.36027039803928,0.04436941451716055,0.08840241223751276,0.336287042827211,0.23546232073544238,0.12589930813579361,0.6527667741765891,0.8461498083297782,33.49805137906163,
73933,Can Tho city,VNM,2022,2022-05-01,0.14413415757021386,0.4200389237027576,0.14272912935789409,0.17017575379791833,0.35604868966999265,0.24452566763187375,0.13228957618152887,0.5028566689509741,0.5635060206054329,27.589573465299885,
73934,Dak Lak,VNM,2022,2022-05-01,0.09520410871187504,0.3537683934896044,0.06717900020018117,0.10503443072736457,0.35530392751227446,0.25634790805718916,0.13781540022114572,0.5963535726846731,0.734959409305036,34.63664144947481,19.916248418311238
73935,Dak Nong,VNM,2022,2022-05-01,0.08285140939056496,0.35910568400741016,0.06505647613166127,0.09890394772063446,0.3487308324743924,0.23192934077920746,0.11242713056142199,0.6522973966056208,0.708570178400557,31.077975082444084,19.199542935711033
73936,Dien Bien,VNM,2022,2022-05-01,0.07178698368782904,0.37405901127821134,0.05129250421581677,0.08956161515176668,0.3716675680748319,0.24835165616136085,0.11784716058158111,0.6922503955206234,0.8603965005496039,29.831033321231214,17.311635145462244
73937,Hau Giang,VNM,2022,2022-05-01,0.15503366857838666,0.32351142810372174,0.14980886775817553,0.16981046671051062,0.2859157888932607,0.20597663403244673,0.11835095889466758,0.37015499494800513,0.3344407621725388,26.960892619073604,
73938,Lai Chau,VNM,2022,2022-05-01,0.09073591996975225,0.3512092231128881,0.07794606687164093,0.1079481192182911,0.3393632387601,0.22625016247362617,0.11393486081676764,0.6336414523885745,0.6598270801770163,29.235237951906605,16.62514899538137
73939,Lao Cai,VNM,2022,2022-05-01,0.063454666188653,0.29373100907187116,0.05303684108499677,0.07809219467817685,0.283793422880608,0.189869334247795,0.09051206834935077,0.6764308897457899,0.5945402789295291,29.122915960321965,14.70108126362531
3326,An Giang,VNM,2022,2022-05-01,0.1327749879395284,0.3160240496945744,0.1296474456789821,0.1529688425586879,0.27607473263237836,0.2052508678107089,0.11155864564703906,0.4310979713175832,0.3897409204792125,25.66351652436694,
3332,Ben Tre,VNM,2022,2022-05-01,0.1466789287872478,0.30769467379386334,0.13330605765503778,0.15894631119711383,0.27473366353098727,0.19141354797230556,0.10892103186451428,0.3592338774814829,0.3187894752213638,29.207316707728523,
3343,Dong Thap,VNM,2022,2022-05-01,0.1324269524950724,0.3325943677563478,0.12786559266802142,0.15201923708931508,0.29346023204628396,0.21138875739208932,0.11405986514130563,0.4431709996943472,0.41877098106713545,24.05966326071117,
3351,Hai Phong City,VNM,2022,2022-05-01,0.09169208247649457,0.32808824316910196,0.056036133837174054,0.1024791648389688,0.305556885158819,0.22633491300154368,0.13235590081733348,0.5470555323404136,0.6410519093213645,32.34893129158455,19.3861411786567
3352,Ho Chi Minh City,VNM,2022,2022-05-01,0.12747255518407863,0.281699708346961,0.11463081912839361,0.1401888160813297,0.25926360521690495,0.19542610027373547,0.12014662597284893,0.3888903058019029,0.3590099160943857,28.405934310497724,
3356,Kien Giang,VNM,2022,2022-05-01,0.138162858737757,0.26318150805011253,0.13372000395204703,0.14956197186914386,0.2338400933123779,0.17701097060240797,0.10443599858203928,0.30635283538054614,0.25574271152214906,25.02081271221834,
3359,Lam Dong,VNM,2022,2022-05-01,0.07734289134998336,0.3586626630198605,0.05560891071207617,0.09312753531993122,0.3527456001011186,0.23142853243518371,0.11030887108007571,0.6614652356502593,0.7374189265263786,29.105491091696067,14.177450445251454
3362,Long An,VNM,2022,2022-05-01,0.11499800563219348,0.25814809974448466,0.1015833329697178,0.12499630247776217,0.233489782870108,0.17845620550787863,0.10183352983552114,0.4168075403288179,0.3258398728298509,28.444444776206772,
3375,Quang Ninh,VNM,2022,2022-05-01,0.07520301393100513,0.3552630754192226,0.050674668177672424,0.08958524733723056,0.3578232416964088,0.25402518328807466,0.1326396791256573,0.6340726935388927,1.3682620046677698,29.457225227273504,16.778421098549792
3378,Son La,VNM,2022,2022-05-01,0.06151644486619827,0.3362533589582398,0.04033747682989867,0.075997298197897,0.33749753259262,0.2321795787975254,0.11375798511938627,0.6954469704812937,0.8572068770007515,31.485367879946757,14.465801293460764
3379,Tay Ninh,VNM,2022,2022-05-01,0.11583930484526558,0.3494930685339574,0.10370572639824319,0.13280873643295713,0.3299451540812379,0.2334957418864802,0.12137257097354737,0.5251793768078554,0.55038890205265,28.793821210146636,
3380,Thai Binh,VNM,2022,2022-05-01,0.07752026683668205,0.3767044958371227,0.04487148188820244,0.09646732340587098,0.3266118724040618,0.2280010349180064,0.12191344690221939,0.6491759366998155,0.8214951842151116,30.800007534721548,18.528908997071678
3382,Thanh Hoa,VNM,2022,2022-05-01,0.06432023767396544,0.3703062340257434,0.041062457267171046,0.08228473758560385,0.35491723995810753,0.2385280209431268,0.11416224541993633,0.7060675873780015,0.841155040942434,31.538301038941782,16.63403441264242
3384,Tien Giang,VNM,2022,2022-05-01,0.14953026149777188,0.31983744478584625,0.1432226936707064,0.16243535881058324,0.28211534115170334,0.1969891331548689,0.11171797908757602,0.3860313199737827,0.33655078283051165,28.19948036152016,
3333,Binh Dinh,VNM,2022,2022-05-09,0.09450981288147454,0.34359266298784386,0.07841543685340376,0.10903307137997904,0.32335794893921155,0.21132160998244143,0.10461702672389041,0.5798065009461656,0.5712754787854286,29.496678123578256,22.32372041413089
3338,Cao Bang,VNM,2022,2022-05-09,0.5267781783091886,0.6077434342721199,0.5288752520000685,0.5368573629276129,0.5689910271252531,0.4718848341629771,0.30288779638678903,0.09570792357396038,0.1118117478680267,27.008876579317153,16.694450084602416
3355,Khanh Hoa,VNM,2022,2022-05-09,0.06713788061099021,0.35292694781612116,0.044582807684965704,0.08317439554249345,0.33598032905191294,0.2158656145567864,0.10132047760920913,0.6799713612372192,1.4936982648958812,30.12656959755877,20.306621963322733
3360,Lang Son,VNM,2022,2022-05-09,0.5032540390298077,0.594165973860035,0.49645052874809414,0.5117198927928803,0.5608613263819758,0.4675187128227344,0.3058991207871551,0.0984027376002742,0.12712007287541874,25.642313498925393,15.4042339607209
3370,Phu Yen,VNM,2022,2022-05-09,0.08917322766284481,0.3487304745527524,0.06833923506154992,0.10282383295405445,0.33404071039471167,0.2266823559406538,0.11456712437184484,0.6038260364116949,0.6254316630822326,30.941487581499246,21.63114490071459
3371,Quang Binh,VNM,2022,2022-05-09,0.12925597304207279,0.36126334878274113,0.11964689256651971,0.14489204697586044,0.3477937525734117,0.2480058882797899,0.14552026263833476,0.5183894938172003,0.6066257788315076,29.958833525320372,19.816298982531034
3374,Quang Ngai,VNM,2022,2022-05-09,0.05864700363995578,0.32547081393186406,0.03820772506951654,0.07305299586682494,0.31257310336298627,0.20265407280131045,0.0923860922868509,0.6998226160739474,0.6916568392554165,31.640985405203647,21.92959270121316
3376,Quang Tri,VNM,2022,2022-05-09,0.11158694467963035,0.3317601041959117,0.10287626112106946,0.12489156032122241,0.315363569176667,0.22168010215899422,0.12329378107762033,0.5387188842300602,0.5346532085301583,31.14690872322342,21.727414047416843
3383,Thua Thien - Hue,VNM,2022,2022-05-09,0.06998361003979617,0.30745087141732613,0.05739058579585163,0.08532774385251461,0.29817823276052663,0.19747013074187714,0.09451652942960398,0.6389825028437561,0.5889223837253699,32.17256739133958,23.348709787359592
3327,Ba Ria-Vung Tau,VNM,2022,2022-05-09,0.12430867554205398,0.3109280658667655,0.10378946649398471,0.13243529980704732,0.30279357538257345,0.22311785380325821,0.12790786992975978,0.42881534357709494,0.49239582907543933,33.37899003691529,23.776579166304955
3336,Binh Thuan,VNM,2022,2022-05-09,0.09759049680403616,0.35454121488649115,0.06683847394103833,0.10569718429930335,0.3495120329587466,0.2505963689604107,0.13402109893612227,0.5929491525458633,0.9824038725025798,33.22483587576123,22.1350389530415
3342,Dong Nai,VNM,2022,2022-05-09,0.09524232868828827,0.3164074543528208,0.08161109780596712,0.10902728061993784,0.30061985381461365,0.20361883601990396,0.10553384231976885,0.5488853219820825,0.5397045750344036,32.029310503631066,22.29605348198192
3344,Gia Lai,VNM,2022,2022-05-09,0.11217624861150076,0.3314159724188446,0.09492769177785915,0.12048090384460716,0.3266306051110482,0.2360701011091613,0.13275686159488562,0.5338741990311037,-1.126234229312239E11,32.03904677667178,20.684649917632893
3345,Ha Giang,VNM,2022,2022-05-09,0.3863391895943197,0.5024233314433728,0.3920676828337993,0.40026857278140987,0.4712698122259282,0.36179168799451766,0.22171956309081017,0.18194459176650848,0.19582882246606304,29.586077461958073,17.95237390924747
3347,Ha Noi City,VNM,2022,2022-05-09,0.3590380581400701,0.46941693093822867,0.3576672188383925,0.3730407172390574,0.4337699979732929,0.32868505268949877,0.2131147373945156,0.14728833421560134,0.16699677896082452,24.260093738480194,
3348,Ha Tay,VNM,2022,2022-05-09,0.26343347582294063,0.4420076185697005,0.26030294107113316,0.28221287795114636,0.39975199015471263,0.2951128140201868,0.17815164505926567,0.29882858493299064,0.3352277505328411,29.19427306171167,25.903074251914912
3349,Ha Tinh,VNM,2022,2022-05-09,0.10657357729124584,0.3675167456803148,0.08985629117920553,0.12410512278581654,0.34764494841136945,0.23473734750957892,0.12142884934513587,0.5765146202269202,0.6379451008434607,30.493888030027062,23.152232974781448
3353,Hoa Binh,VNM,2022,2022-05-09,0.19700855144083204,0.4343986841615235,0.18660732480543046,0.215371756887025,0.4108606042680264,0.3049005272997483,0.1818819425807375,0.43019796078034206,0.5327093584201501,29.60304397191221,25.025867037017843
3357,Kon Tum,VNM,2022,2022-05-09,0.06938218717514477,0.30179808290087456,0.06057234947483752,0.08112660382885281,0.2869572033184704,0.181984639575021,0.08940749650576507,0.6659013817098192,0.5850235682515597,29.756337850519763,17.43465136281466
3366,Nghe An,VNM,2022,2022-05-09,0.08711969519892297,0.387181940906053,0.06860899864953493,0.10662381460006713,0.3671238399993273,0.24267840406779112,0.11580958281405501,0.6617043520483722,0.7541776598680923,30.6496291454032,19.131003612069687
3367,Ninh Binh,VNM,2022,2022-05-09,0.18680946489393194,0.4086970562010222,0.16490040504029221,0.20195263776779007,0.3739736127806751,0.28312552755019654,0.17289182044378354,0.40865631477885445,0.4913267774393014,31.078310416191737,26.77216349876367
3368,Ninh Thuan,VNM,2022,2022-05-09,0.0773456758530506,0.3380479769670121,0.045453474768897925,0.08712876297589003,0.3374199139726943,0.24230366850712348,0.12804620861520621,0.6299785206206678,0.8455065441147026,34.0769930657155,22.29168779769998
3377,Soc Trang,VNM,2022,2022-05-09,0.1175435418415456,0.24054477345803815,0.09041217723178822,0.12112227032246388,0.22096572159677186,0.16472810272006952,0.0909887984779915,0.3441659905695659,0.2609284965043192,29.958753520110868,25.78601304918149
3386,Tra Vinh,VNM,2022,2022-05-09,0.11075497768600659,0.2661167804993192,0.08574734881024097,0.1186242367126233,0.24405784517419662,0.17467609852108112,0.09404375182035338,0.402797993999755,0.3433945755489535,31.092879637250384,25.50394224566341
3387,Tuyen Quang,VNM,2022,2022-05-09,0.44474714258808284,0.5539247957605551,0.44589566556058474,0.4578554831684231,0.5134541065724175,0.39907134666290583,0.2554060977001389,0.1422871766065526,0.17097517020346792,28.481005360502735,20.018245205631324
3388,Vinh Long,VNM,2022,2022-05-09,0.10448478482574478,0.3498268364856412,0.08923942843622645,0.12238205120802739,0.31112076418538376,0.2071403510643704,0.1035676470126767,0.5389897287751391,0.5360706625397258,30.14870714277777,25.214497035787414
3390,Yen Bai,VNM,2022,2022-05-09,0.40107518923216534,0.5232948056998792,0.3992863793621506,0.41351732290747556,0.4886303143677505,0.38811549856618466,0.24653545743585312,0.19214716963824235,0.2220763823871864,28.039224024785913,16.48125538039689
3328,Bac Kan,VNM,2022,2022-05-09,0.5018882089053147,0.6020839683639237,0.49533445630887785,0.5098455531828306,0.572225643925979,0.48724889838018615,0.32987160850919595,0.10256683712773591,0.1385699924782944,26.1431863334979,
3329,Bac Giang,VNM,2022,2022-05-09,0.29428504166807945,0.4744003385494756,0.28520780253264394,0.30686647050791743,0.44712509661089034,0.3570860157242865,0.236166705076841,0.26438198436432275,0.35453282004094905,27.877220844499544,16.781733705739793
3330,Bac Lieu,VNM,2022,2022-05-09,0.10879959168113644,0.16844630516353332,0.0797700031503004,0.10957285136202384,0.1460533358797024,0.11554892520033297,0.06964588489947347,0.227780301928076,0.12184277333164376,29.3500129038545,26.322422993577998
3331,Bac Ninh,VNM,2022,2022-05-09,0.35901156296277387,0.49245298052355363,0.36018069414993437,0.3758289222825313,0.4445641785606449,0.33398228266307806,0.21267720534897522,0.1661694101707988,0.1792357277551707,28.079269354392274,
3334,Binh Duong,VNM,2022,2022-05-09,0.10459209567947307,0.3443635019252073,0.0909686280116693,0.11960418425628323,0.3355217752684699,0.23885957367700594,0.1273625953006822,0.5610295876127344,0.6392733725766235,32.02284040677821,23.57074916878969
3335,Binh Phuoc,VNM,2022,2022-05-09,0.07027573264571749,0.3197671462022991,0.05708855063189068,0.0848388704510208,0.3120563585303773,0.20392359326958842,0.0931285953831237,0.6668503810578207,0.6174693921320964,31.700723313957667,21.53886006735383
3339,Ca Mau,VNM,2022,2022-05-09,0.09463915400155942,0.1940934197140708,0.07836774062307028,0.10323232513582543,0.16853655840666,0.11717246157156345,0.06385184255990743,0.3541615927445946,0.20108206055998812,28.927416552494787,26.07536970023087
3340,Da Nang City,VNM,2022,2022-05-09,0.09392210215872314,0.33705718453245864,0.08013373707964967,0.11150008982177939,0.31624557158302175,0.21226906172053067,0.11035733000889529,0.5674099061810607,0.5645013751924216,32.24418770100821,22.800410847307443
3346,Ha Nam,VNM,2022,2022-05-09,0.2548119929768705,0.4375337482722662,0.24642408109830077,0.2705744083363142,0.39573689238187204,0.3065928202371102,0.1946753918495299,0.2990514210888895,0.33787398074396846,30.922001067185022,25.90728144694608
3350,Hai Duong,VNM,2022,2022-05-09,0.3157324693614815,0.48564589329769164,0.3049276343873633,0.32917196592626075,0.461222725385092,0.3788010775938732,0.24764959454128446,0.23219389427818982,0.3106771888546686,28.83284031257737,17.91298507462684
3354,Hung Yen,VNM,2022,2022-05-09,0.24046548719959282,0.4417006241751938,0.23483602656282015,0.257764344876447,0.3994467791400493,0.30526672022074175,0.19007850034834714,0.322941200480799,0.39435260859478954,30.617647878486572,25.181531833413157
3364,Nam Dinh,VNM,2022,2022-05-09,0.1860355518914686,0.42019112149422094,0.170495521017826,0.20265062527101546,0.3803067429902167,0.2935716629467841,0.180034036448149,0.40995138155028626,0.5263757110365215,29.72198803789904,26.13216784203106
3369,Phu Tho,VNM,2022,2022-05-09,0.4724947860711776,0.5618519293878287,0.4719078094165154,0.48283874310399877,0.5189459344761821,0.39975006069021307,0.2559596589562534,0.10670705448521486,0.1279464356510135,29.333727928640112,19.629358336099152
3372,Quang Nam,VNM,2022,2022-05-09,0.08141984515315176,0.3486417619738621,0.06904099194409695,0.09925864199217502,0.3322408275617953,0.21588167910858136,0.10433517931426145,0.6365268812134186,0.6529726788577503,32.2189223292057,21.85223383043786
3381,Thai Nguyen,VNM,2022,2022-05-09,0.434682028409141,0.5420196618030714,0.4352528385580334,0.4451285548950782,0.508916202411449,0.4176786834131007,0.28014168541289924,0.1397241561333575,0.16348257389995877,25.21436683682792,16.430576109936617
3389,Vinh Phuc,VNM,2022,2022-05-09,0.45566041646220357,0.5511103147968971,0.45108947857915005,0.4667180847665364,0.5015265583905337,0.3543985782006139,0.21816859849415482,0.10415353669270984,0.11492538340186775,28.709341575319495,
73933,Can Tho city,VNM,2022,2022-05-09,0.13092027243898757,0.38903230716989806,0.12339737417415639,0.15285246086367216,0.3309921672929938,0.21739327808420691,0.11179536735250518,0.5095631187809319,0.5048596666377297,29.982765779020582,24.701317068305773
73934,Dak Lak,VNM,2022,2022-05-09,0.09616348724397303,0.32736324474167194,0.07919746695078442,0.10678652701399685,0.32104413251312075,0.22346755767177304,0.11772434470704377,0.5809021076073528,0.6028711895912139,31.977355015610925,20.247302008635923
73935,Dak Nong,VNM,2022,2022-05-09,0.06831951147612765,0.30382057906994075,0.058128035611855776,0.08125209946002038,0.2882953697847202,0.1800253553896523,0.08441025045950616,0.6726603087800143,0.5629156931356945,30.204225145718556,19.743554538118463
73936,Dien Bien,VNM,2022,2022-05-09,0.25008061269846443,0.40917986012220925,0.25595939610843893,0.26483669105526664,0.3843401360853005,0.2784218981354993,0.1635680631515074,0.31549968039859705,0.3001135453848559,27.721646957379775,19.105699655854437
73937,Hau Giang,VNM,2022,2022-05-09,0.10827116951893079,0.3379502113996715,0.0939329587051232,0.12712132250440042,0.2957865491681589,0.2022121945531771,0.10328169263332082,0.5246498159870031,0.5017355382767366,30.200820158831885,24.919331904513896
73938,Lai Chau,VNM,2022,2022-05-09,0.27005345336987646,0.41590042816801615,0.2829204196881011,0.28517308933296126,0.38568463287613763,0.28495522883972385,0.17233681707763363,0.27477444071393187,0.26740451903732626,27.332447366108994,16.021869309344968
73939,Lao Cai,VNM,2022,2022-05-09,0.21997693737264457,0.38083774404915516,0.2346228356039,0.23627290091512324,0.3561549979452986,0.26704455289656387,0.15827319370325552,0.3374721907368217,0.3259783484050396,29.229317700489084,16.250351440330466
3326,An Giang,VNM,2022,2022-05-09,0.11175734306175185,0.34526394155234497,0.09825791829736592,0.13325985688240136,0.30469272517226764,0.2150443087067923,0.10850676516414179,0.5140469841247273,0.5131064950892393,30.658401316538363,24.727864465930327
3332,Ben Tre,VNM,2022,2022-05-09,0.11816582120445987,0.3024236221292489,0.09913244067003744,0.12918478986906765,0.273004169863448,0.18901599722168766,0.10499181478028626,0.4243899015402661,0.4002512613084565,29.93179093160695,25.474106369092073
3343,Dong Thap,VNM,2022,2022-05-09,0.11288808593274008,0.32706839118997133,0.09466834074266385,0.12931054345922327,0.2932018305287848,0.20679685942829076,0.10812903469466832,0.49308355447933044,0.4736165173958049,30.227531375432243,25.192218344767497
3351,Hai Phong City,VNM,2022,2022-05-09,0.2064919625526346,0.37489823025112984,0.19376883669831138,0.21966566877673757,0.35173750665684655,0.2878588985114153,0.1878519792131976,0.31109404198789875,0.3716204691927078,30.112804224617705,18.18824883870823
3352,Ho Chi Minh City,VNM,2022,2022-05-09,0.13276289821718382,0.2840230465146867,0.11963852946177404,0.1441629983088465,0.26561610945924036,0.2000230980055371,0.1244514396650198,0.3807622892280182,0.3629255012312815,30.708431343616336,24.406463236938382
3356,Kien Giang,VNM,2022,2022-05-09,0.09443010267055436,0.24565209744687339,0.07505706387743818,0.1038581312667186,0.21457240165955355,0.14941276521721633,0.0777036081786239,0.4185996085151856,0.32261079594264197,28.705939597908955,24.655466480680804
3359,Lam Dong,VNM,2022,2022-05-09,0.07788248294307905,0.32401244780898275,0.06393327766291393,0.09119690471420337,0.3119201834740486,0.19800267242437733,0.09518769376671374,0.6556301863314807,0.5977120635439362,29.38105733116549,17.983806438230815
3362,Long An,VNM,2022,2022-05-09,0.10282135315937053,0.2695454022936869,0.08024958609841654,0.11275507044946753,0.2505432570895443,0.18898974811272862,0.1050497976457563,0.45685962956553994,0.40623051594779724,31.170561673121004,24.995894071026168
3375,Quang Ninh,VNM,2022,2022-05-09,0.3596098607769218,0.4636623308948122,0.3631540875669159,0.3725920347984386,0.43662432028569637,0.34424486206540306,0.222729853893025,0.1677911584270572,0.19194713872217192,29.73388277558419,16.37646510790166
3378,Son La,VNM,2022,2022-05-09,0.22472748710655327,0.40349236897652935,0.22352450059493245,0.23985868752472403,0.3881192770477918,0.2912194303286538,0.17302498652500595,0.35457300317275353,0.3895952468548349,30.679483924874134,19.316092812012815
3379,Tay Ninh,VNM,2022,2022-05-09,0.10804405889089981,0.34195964228703657,0.09577856589621164,0.1250448978666588,0.32540201472865754,0.22694468238435758,0.11504406247863527,0.5317257467687763,0.5628880420889446,29.46147293629296,
3380,Thai Binh,VNM,2022,2022-05-09,0.2543294188379574,0.457488561639178,0.24302831266349162,0.2709093302596171,0.4204664106669047,0.34065522445784135,0.21819420970962997,0.3128620804394613,0.417513173824623,30.049485989228568,25.656602899417155
3382,Thanh Hoa,VNM,2022,2022-05-09,0.11725061407132575,0.3885749632032705,0.09748790094145932,0.13528928274248148,0.36573718177339887,0.2560717792228791,0.13372720529815224,0.5900292981281818,0.6703261961182599,30.999547739017405,21.433183732533596
3384,Tien Giang,VNM,2022,2022-05-09,0.12320408080143623,0.3183983048762126,0.1082139581944519,0.13519889547567618,0.28603043012559914,0.20114230238499467,0.1127432943133258,0.4490859387023121,0.4286915555903985,29.537361660910427,24.757752975550574
3333,Binh Dinh,VNM,2022,2022-05-17,0.09723801267124912,0.36233780241415287,0.08247270683870378,0.11491718709872137,0.33223560973076655,0.21448744672818987,0.10644843055622308,0.5819167012977532,0.5941692141533909,28.98595697694113,21.59097803210291
3338,Cao Bang,VNM,2022,2022-05-17,0.4381630079358597,0.5690021615324423,0.4224575913670538,0.4447089197274457,0.5521754649516378,0.4662251493291498,0.31624536225387345,0.18493745502828896,0.24685315049613732,26.123907603144083,
3355,Khanh Hoa,VNM,2022,2022-05-17,0.08408928557561578,0.35580686102493553,0.0629110172197989,0.10058467290065387,0.333330943007983,0.21485282410849105,0.10373306999584996,0.627717418679475,0.6651210395579087,29.06735190581258,22.72656934306572
3360,Lang Son,VNM,2022,2022-05-17,0.2283529496751707,0.40848809131205327,0.2284140557780733,0.24466564067362323,0.3944782002355492,0.2984918588760773,0.18378469581374607,0.32246555660324905,0.3474917469845172,25.706130674218524,14.208254864937146
3370,Phu Yen,VNM,2022,2022-05-17,0.0789076229000067,0.3461147841485619,0.056032995156878866,0.09397263519005465,0.3235464465289226,0.210679981604014,0.10244265324553757,0.632387944534927,0.6555361888957725,31.15066168629793,
3371,Quang Binh,VNM,2022,2022-05-17,0.16212079459712794,0.3733834347387562,0.15794110474011333,0.17798217924045687,0.35560940263284213,0.2576399604318342,0.1548556975151176,0.4421442181424971,0.4837431037389599,27.172817630170353,
3374,Quang Ngai,VNM,2022,2022-05-17,0.10691550236544166,0.36859889491549785,0.09059576107523216,0.12482945273519162,0.3460644000393122,0.2304246918751492,0.11665879517200745,0.5590010759954588,0.588863825793207,31.997646058676747,21.32887876664334
3376,Quang Tri,VNM,2022,2022-05-17,0.16377200832045602,0.3857349511644794,0.15722370140993214,0.17842861066104962,0.36759013188254985,0.2670839132177558,0.15224566844712054,0.43232055231063476,0.5179883337413365,30.653781105837574,
3383,Thua Thien - Hue,VNM,2022,2022-05-17,0.16307631976192846,0.3507627152346876,0.15876235343597833,0.17714170409677607,0.34050332321020227,0.2450245306263264,0.13909652715163648,0.40435847274967646,0.44174484847106815,31.37104877037429,
3327,Ba Ria-Vung Tau,VNM,2022,2022-05-17,0.12052089702260631,0.3035624120496919,0.10425043995831515,0.1315616913217816,0.29112756499638504,0.21376216241725485,0.12349671378852292,0.4088293143119794,0.4613140412191847,30.71266243247183,22.230000000000018
3336,Binh Thuan,VNM,2022,2022-05-17,0.1020330462359574,0.34930687759096063,0.07512781488526152,0.11228446984135443,0.3385385310395586,0.23806898986056088,0.12601693520527152,0.5784954696949969,0.5860502228941634,31.534404604052572,
3342,Dong Nai,VNM,2022,2022-05-17,0.11371934343018118,0.334252454547036,0.09963000817973748,0.12901004991216608,0.3140478531398205,0.2152566074639104,0.11489942061377686,0.49636515693662836,0.5230262969600162,31.320218886375017,
3344,Gia Lai,VNM,2022,2022-05-17,0.21774723903839488,0.39554698175522995,0.2092420343111795,0.2297718951167559,0.37901503558614486,0.27895172788972317,0.16636117697993857,0.32336074823700106,0.35524048544929904,29.707745926807732,19.78170356944377
3345,Ha Giang,VNM,2022,2022-05-17,0.6426090818756587,0.716591464232805,0.6142249881598162,0.643220502818869,0.6812067100225359,0.5754871009455885,0.38264160302581524,0.08531126469836448,0.12107401711313093,,
3347,Ha Noi City,VNM,2022,2022-05-17,0.216012698546351,0.3630753940085821,0.20800149046223582,0.22759861713928795,0.3495797895161446,0.29345919679721444,0.2040901373755212,0.27860196495496,0.34107986834776627,29.159318904263348,
3348,Ha Tay,VNM,2022,2022-05-17,0.22418356006937393,0.400921997601661,0.21067746620983263,0.23820457198984157,0.3716645753325306,0.2967466347327478,0.19556210112618058,0.3478533992049957,0.4021033347283042,,
3349,Ha Tinh,VNM,2022,2022-05-17,0.15103850599217336,0.3623753466000111,0.13898723247023778,0.16688736333289228,0.34256244468787367,0.23573336009660048,0.1261848467160991,0.45354429295970156,0.4340282034935224,28.625652670698944,7.162750234611962
3353,Hoa Binh,VNM,2022,2022-05-17,0.275933368399101,0.45381722330875557,0.2702893208962598,0.28949815774381255,0.4404993343580616,0.35442386761487277,0.23593624843732983,0.2976847118783584,0.37165494441852504,23.54059376323241,
3357,Kon Tum,VNM,2022,2022-05-17,0.21338344357368944,0.4128806819088786,0.2050497534057095,0.22654980988051662,0.39052879445219896,0.27753008434728255,0.1621585247293886,0.3667757018882751,0.3941295406224047,28.58236743725272,17.406324767141754
3366,Nghe An,VNM,2022,2022-05-17,0.2284398087199528,0.42850479626527616,0.2224366368919828,0.24356898846652833,0.4063929266341513,0.30096618807911835,0.17383808458307734,0.3954383290782624,0.42158953337630506,27.87124092269349,8.189189638253719
3367,Ninh Binh,VNM,2022,2022-05-17,0.14173798025462134,0.33764107214729794,0.1302174992457566,0.15711165088859588,0.3115316989048194,0.22615333785319278,0.12851298225361762,0.43518844753137487,0.41660070047854875,26.37221245962968,
3368,Ninh Thuan,VNM,2022,2022-05-17,0.09300928448659747,0.3494150143604012,0.06306765924149571,0.10463525199192854,0.3415959990950552,0.2397527822039669,0.1253066318582736,0.5867348442670416,0.7537607800734056,30.964811726457043,
3377,Soc Trang,VNM,2022,2022-05-17,0.11946170109124299,0.24155950739949256,0.09020219288517206,0.12485957463356886,0.20948798707976563,0.1546715028342594,0.08736450939974451,0.34015481562517147,0.24856436401025198,28.16453370050478,23.29582667486173
3386,Tra Vinh,VNM,2022,2022-05-17,0.10624257245687362,0.265049418707323,0.0790018659774991,0.11561746080138767,0.23183403011202547,0.16368802014138828,0.08759654451770801,0.4142246340477321,0.33617210108666296,29.289419617199535,
3387,Tuyen Quang,VNM,2022,2022-05-17,0.3730885452656289,0.5282834560635786,0.3624952134302074,0.38322304552827824,0.5092139787426796,0.4063532045292794,0.26701336497327266,0.22120593869245478,0.2914226897227822,28.72714915947618,
3388,Vinh Long,VNM,2022,2022-05-17,0.1122173977003641,0.35996574784593366,0.0909953190789662,0.12956225226452178,0.3159652329038267,0.21277170636312753,0.11111810693312409,0.5324039894784992,0.5405069397421971,27.184426145274124,
3390,Yen Bai,VNM,2022,2022-05-17,0.36835435730002336,0.5226388000264713,0.35905120500489696,0.37943408257853245,0.5001479402598348,0.4006740634040279,0.25260496191411574,0.22819367686370087,0.2814571091791416,27.601943913710244,8.43940799443522
3328,Bac Kan,VNM,2022,2022-05-17,0.3289459300662065,0.48735989578032307,0.3255345691436549,0.3424025239191332,0.47158248305575506,0.371509820283185,0.23675150397781228,0.242690810154318,0.2741151093889041,24.496467609149654,
3329,Bac Giang,VNM,2022,2022-05-17,0.17478502561002546,0.3865774843708227,0.1673123084032854,0.18967941024004337,0.36603160460315176,0.2697628556957649,0.15941575778016093,0.41580452591021594,0.4555453559377697,26.21191881918818,5.679698362833037
3330,Bac Lieu,VNM,2022,2022-05-17,0.12589044963512638,0.18045917199604716,0.1013780391894408,0.13060215203970763,0.15187883231084015,0.11821805643474666,0.0720330328830837,0.18193645776352196,0.10346617324538616,25.981476272688617,
3331,Bac Ninh,VNM,2022,2022-05-17,0.1344138699616576,0.330005341174872,0.1248456527044057,0.1487053154350753,0.293720339899024,0.21687165981572126,0.13124952347948543,0.4274905791850902,0.43350895701624165,24.928625614150015,
3334,Binh Duong,VNM,2022,2022-05-17,0.11759572435280345,0.3660773278517711,0.09805014097119234,0.13334204503485894,0.35763170292560686,0.2584862655707785,0.13941783150510137,0.5413563587051682,0.6871963826899614,30.800854052300718,
3335,Binh Phuoc,VNM,2022,2022-05-17,0.13172556472107924,0.37077079258570467,0.12139638810464487,0.1484673939447228,0.3590152368806291,0.24742825541359323,0.1281420011240951,0.5140195953258225,0.5494354451199761,29.577036116441793,
3339,Ca Mau,VNM,2022,2022-05-17,0.12487687535336067,0.22347189950997579,0.11544541339152983,0.13710399486223757,0.19019847232584275,0.1336711208538602,0.07562708700199951,0.30594332811660735,0.1908894515049959,26.66167455450443,25.258924855491347
3340,Da Nang City,VNM,2022,2022-05-17,0.11261410308404204,0.34845213709048994,0.10071943344525547,0.12975180413044615,0.3287484442345166,0.22371444601352858,0.11967784528392136,0.522632479557036,0.5528193681934488,27.875792735332737,
3346,Ha Nam,VNM,2022,2022-05-17,0.12987962308361511,0.31800134990972406,0.11963024443367264,0.14541288970639568,0.2847646911029777,0.2032157022388077,0.11443835966124702,0.4321626148803076,0.3887519191392339,29.08542923739996,
3350,Hai Duong,VNM,2022,2022-05-17,0.19773746328001188,0.37365585126085765,0.1864236822249805,0.21031043813396483,0.34145787486123125,0.2643349279388155,0.1659469775666786,0.3600058250098206,0.37494404937021775,30.44875557583138,
3354,Hung Yen,VNM,2022,2022-05-17,0.1307320623821444,0.3417831148425356,0.11659586474107816,0.14486474638460853,0.3079005065527574,0.22717698412932358,0.13437446158502325,0.46513939726938275,0.4948915988784996,,
3364,Nam Dinh,VNM,2022,2022-05-17,0.16967271634885184,0.36939529020396966,0.15951469191932938,0.18544534555912118,0.32795860669247845,0.2430183029421528,0.14536693406888165,0.40020914529012663,0.4208941462825907,28.09686929122472,
3369,Phu Tho,VNM,2022,2022-05-17,0.32175181958704807,0.47279733333607693,0.3148883812400472,0.332905471331497,0.46553578947070307,0.37794725355231557,0.2600465646405443,0.21555111655840514,0.2788258848801633,25.036382372202347,
3372,Quang Nam,VNM,2022,2022-05-17,0.12320786366878005,0.37457332386293235,0.11358396350095516,0.14184230903375353,0.3538082574784521,0.23659498487633443,0.1216101496311789,0.5338271882715965,0.5610442641475011,30.261437219092286,18.543680000000048
3381,Thai Nguyen,VNM,2022,2022-05-17,0.2976922545972582,0.44094798422509535,0.30148217594160165,0.31311083513929794,0.4212061818676165,0.33233361314722504,0.21642237405735637,0.21170257607435977,0.24167084426183894,26.24278074615675,
3389,Vinh Phuc,VNM,2022,2022-05-17,0.3473453131535211,0.47665353075350714,0.34132128081822194,0.35805573847480204,0.46055204901538993,0.3938857727847854,0.2838923014299004,0.17259100201869365,0.24743854089431866,,
73933,Can Tho city,VNM,2022,2022-05-17,0.12944329688782857,0.39830225367944644,0.10583871410781356,0.14839350193684217,0.3414740742832581,0.2229914247221463,0.114695011116866,0.5160595416798894,0.5386460413708808,29.076597105268426,
73934,Dak Lak,VNM,2022,2022-05-17,0.12420476784184503,0.361056506642551,0.10551315814987164,0.138551861179791,0.3439733728283216,0.23713794186018616,0.12592351726027298,0.5200831453645797,0.5469420166650657,30.385198653383497,
73935,Dak Nong,VNM,2022,2022-05-17,0.1275070360887625,0.37286747964728284,0.11686733093488623,0.14443482952651746,0.35074529448350333,0.23368831724236064,0.12148619007585622,0.528311573621012,0.5406795282528659,29.065264039778793,
73936,Dien Bien,VNM,2022,2022-05-17,0.38553165068498074,0.49042435519723493,0.40391709799871034,0.4003574501624752,0.44991221528460995,0.35267742713950906,0.22597421587971434,0.16399132512206577,0.1749982599195728,27.685143692157858,16.558092990330035
73937,Hau Giang,VNM,2022,2022-05-17,0.14255983825527038,0.36638826569558725,0.13072473999362424,0.16332662085048202,0.31581771374744155,0.21653630198476184,0.11361578952810603,0.45168825519293815,0.43948437722324357,26.511567136267278,
73938,Lai Chau,VNM,2022,2022-05-17,0.49000455657042713,0.5624418944565175,0.5059250328676446,0.5028754545283489,0.5118853661514183,0.4026297678986578,0.25805304468893275,0.0902269369786621,0.0964341994654313,28.27947181161278,8.37353185159846
73939,Lao Cai,VNM,2022,2022-05-17,0.6060179200876301,0.6856693035829728,0.5893866690425622,0.6102395106688673,0.6400247789564367,0.5237147663306376,0.3455479161199275,0.07582681835388601,0.10140075204781374,23.94358333333339,9.349175723313381
3326,An Giang,VNM,2022,2022-05-17,0.12202553223622832,0.3904124447499999,0.10724938890892918,0.1452712278157955,0.3378040302076799,0.23591288544616337,0.12586606234829337,0.5312483471619119,0.6161353858772141,27.342995161859683,
3332,Ben Tre,VNM,2022,2022-05-17,0.09624540329005048,0.2835387730068562,0.07293225312549775,0.10726288709407163,0.24841208188297173,0.16461914516476528,0.0872742346935558,0.46283031550809406,0.4077237826240382,29.04377675621984,
3343,Dong Thap,VNM,2022,2022-05-17,0.14118679343300838,0.34693907807259705,0.11878991929564252,0.15520136369278792,0.3123456659243171,0.22780578939552162,0.1276023503911368,0.42453502929292974,0.4343631621204111,29.690904144724165,
3351,Hai Phong City,VNM,2022,2022-05-17,0.29476253029955535,0.41494593962491044,0.28433215683197105,0.3041204782064551,0.39238934039194034,0.32924935255871085,0.22471879142504195,0.21004583776257146,0.23424949896990982,24.24999574699073,
3352,Ho Chi Minh City,VNM,2022,2022-05-17,0.1227938497575028,0.2802668611823045,0.10226641549022036,0.13389679605529095,0.26032656171652935,0.19742188057687113,0.12428989997744931,0.40478740554063064,0.40687655212359125,30.915911752849937,
3356,Kien Giang,VNM,2022,2022-05-17,0.12004466239543601,0.2757123526094828,0.10128888682085818,0.13160110781280654,0.23837455846365446,0.16795552337523792,0.09265174174738601,0.38206593941491784,0.3216453288549485,26.575193663779785,
3359,Lam Dong,VNM,2022,2022-05-17,0.1044210440342995,0.34661498361974924,0.09163580788645272,0.11971840868880321,0.3302846601162562,0.21429447231601276,0.10953628124782169,0.5791379500272171,0.5561245009763616,28.557940835576616,
3362,Long An,VNM,2022,2022-05-17,0.09677089970923622,0.2806608320253866,0.07174135251341922,0.10907384978737035,0.25677461759395126,0.18977296357041487,0.10474277554510909,0.4902697122100283,0.4409697585047169,28.295119113495687,
3375,Quang Ninh,VNM,2022,2022-05-17,0.1943511198454929,0.39277312533491165,0.17875219100905504,0.20663882622829652,0.38172402218574925,0.29383218445048065,0.1788433012432463,0.373306503221836,0.4511719685679486,26.203774378408255,12.784359534978192
3378,Son La,VNM,2022,2022-05-17,0.37898313918873167,0.4860200891647423,0.39368358139507215,0.39206075039910077,0.4556244436118335,0.3668068097536948,0.23354623303943522,0.16056707968771286,0.17555669156739964,27.294117321341716,14.408755010464644
3379,Tay Ninh,VNM,2022,2022-05-17,0.13954816423463645,0.36606665189449106,0.12713359577485675,0.15757628764204887,0.3486653781087719,0.2499027065602453,0.1342128681696033,0.45865708025583934,0.5219684491339922,27.57323896788551,
3380,Thai Binh,VNM,2022,2022-05-17,0.2320634181886806,0.4144639076080329,0.22210858880570455,0.24668543432451753,0.3752284644350573,0.2988511370561708,0.1956342992021156,0.3217596556889958,0.3754319388327917,25.638016074065405,
3382,Thanh Hoa,VNM,2022,2022-05-17,0.18513306692520465,0.3921523694742861,0.17623144743133412,0.19956248646595104,0.37580298521067207,0.28463188709529874,0.16961216750659588,0.41975581415493296,0.4606885964885117,29.87925750878597,7.111032332584403
3384,Tien Giang,VNM,2022,2022-05-17,0.09794643243990864,0.3230287829284636,0.07148631235791894,0.11051967284432575,0.2861289979550739,0.1961660478285455,0.10452263303895215,0.5235976918569916,0.5175089659179171,30.97219775061827,
3333,Binh Dinh,VNM,2022,2022-05-25,0.05739936372435092,0.34498327918116295,0.03587809310971402,0.07381574589266586,0.31644836100351537,0.19249300912304396,0.08621873041396441,0.709962683488558,0.6999282417537397,30.7850791564433,22.446798140538572
3338,Cao Bang,VNM,2022,2022-05-25,0.39037656201390614,0.5044334328995221,0.3959818491368262,0.4052000911556709,0.46398831617006386,0.33268070500698516,0.19742711047793626,0.16285984336997758,0.17307228883685108,27.18649143408694,20.56472595864288
3355,Khanh Hoa,VNM,2022,2022-05-25,0.10000067901795465,0.33292156686005325,0.09078467958878356,0.1154217737245143,0.3062922952746241,0.19723739680917188,0.09779246422429318,0.5613737618637277,0.516732965174461,30.252819827511395,22.16113679256716
3360,Lang Son,VNM,2022,2022-05-25,0.29525776112837937,0.43015011785126583,0.3100264464651799,0.3132252028651515,0.3961975543062074,0.28214044723874754,0.16220687749951393,0.22427453938106626,0.20193382569389348,22.491145904889013,
3370,Phu Yen,VNM,2022,2022-05-25,0.07473476652864998,0.34441717756684487,0.05437003136509844,0.08928462831388226,0.3141136010301457,0.19962219473938106,0.09483337246956974,0.6452381138222131,0.6589811339858467,30.65214837024942,23.100517186785755
3371,Quang Binh,VNM,2022,2022-05-25,0.07263837210956084,0.3061016334487743,0.0634382830572902,0.08681047262403327,0.2860232035898797,0.18382483686379325,0.08865325663887712,0.6613034464591463,0.7559171963373201,30.398861858419476,22.489052462345008
3374,Quang Ngai,VNM,2022,2022-05-25,0.05640010503737304,0.3229376774355237,0.03595213174718983,0.07088459196725291,0.3037200033356192,0.1906952634172908,0.08523651050989693,0.7049839346040278,0.6626135577789836,30.19108236839857,22.27798655373207
3376,Quang Tri,VNM,2022,2022-05-25,0.09460480736556148,0.3364130569847752,0.08246657975417832,0.10902640532024094,0.3154098949461244,0.21056702528057725,0.10528587583237714,0.583141528285679,0.5750706431803825,30.398892999778504,23.044964571890116
3383,Thua Thien - Hue,VNM,2022,2022-05-25,0.06849922359875131,0.318341915949038,0.0519360673801558,0.08392933207672465,0.30819170558637804,0.20227371955330006,0.09388460375012242,0.6471602295840895,0.6345081753560796,30.434952511942893,22.293537577798862
3327,Ba Ria-Vung Tau,VNM,2022,2022-05-25,0.20672224112615334,0.36827762483810933,0.20087814288258007,0.22008146424432393,0.3443689291542081,0.25720446438736105,0.15614581657683918,0.2848577554843708,0.3227839012825482,30.0194637489678,24.079904976786587
3336,Binh Thuan,VNM,2022,2022-05-25,0.08957834087405361,0.38540006459690984,0.05918707998016984,0.1031945780962432,0.36767993836874957,0.248916175790737,0.1242942363533138,0.6437709521833658,0.8238029977529585,31.467379090578916,20.28813712225982
3342,Dong Nai,VNM,2022,2022-05-25,0.11979382719901768,0.3670700181975975,0.10404910103333108,0.13697414437391453,0.3430204913075854,0.23365631896524297,0.12190052114486812,0.5210791279337283,0.5754909916117423,29.990984727569458,22.44775169222862
3344,Gia Lai,VNM,2022,2022-05-25,0.12140879583270549,0.34188488664931993,0.11076087305515635,0.1334930943102477,0.3257399529846138,0.23038816430260475,0.12625870874660924,0.5265307088847432,0.6127368866281319,29.7394401442875,20.186782906851615
3345,Ha Giang,VNM,2022,2022-05-25,0.3040012653571584,0.4546891001496908,0.301801572946246,0.3178318875230001,0.43082902849856863,0.3216931904960926,0.192661326874977,0.2595643443697744,0.2980853361174108,28.983713827692718,19.509182391636376
3347,Ha Noi City,VNM,2022,2022-05-25,0.19137680633977583,0.30531257831462116,0.18868762288749974,0.20212528635810414,0.28281551273252015,0.23006972911634413,0.15069174640504185,0.25646906925469376,0.23990179177288784,,
3348,Ha Tay,VNM,2022,2022-05-25,0.1486193963567171,0.3116937142652486,0.13478991747431146,0.16072852419928765,0.2823475295603495,0.21510431593667542,0.13131376487485738,0.3787850916207552,0.3601907549135024,30.370648112734933,23.673715203955524
3349,Ha Tinh,VNM,2022,2022-05-25,0.05205995008478184,0.28963147437456965,0.032357584399232794,0.06447333145100183,0.26727804406568917,0.1667204113165851,0.07265752540635492,0.6925677267020602,0.5748123160312806,29.73852320187905,22.571687989556164
3353,Hoa Binh,VNM,2022,2022-05-25,0.07979977178830615,0.31801252882782216,0.0735161534794689,0.09785678023741227,0.29575015361118334,0.19074769736107047,0.08882345317632323,0.6235183177377636,0.547770389817575,29.434019867935238,21.463667930477882
3357,Kon Tum,VNM,2022,2022-05-25,0.11642651973134796,0.3428498158324173,0.11516477626981007,0.13116885028107736,0.32140161856713817,0.21095845081842385,0.10761190119723145,0.5631826432276511,0.5137740150597547,27.951525997894624,18.385620644624918
3366,Nghe An,VNM,2022,2022-05-25,0.07304014726575904,0.3272267501894286,0.05837723449800567,0.08801182038608306,0.30586430346863996,0.19478254966156713,0.09059784937974137,0.6590533616047974,0.6095819277227283,29.841791903945133,20.393856230318097
3367,Ninh Binh,VNM,2022,2022-05-25,0.1027505012272825,0.29843864822169863,0.08869028716335405,0.11728411090363376,0.26469582401308384,0.1854371512927622,0.10077847360014852,0.49846442788872236,0.4351159404223235,29.426766385650104,
3368,Ninh Thuan,VNM,2022,2022-05-25,0.08958072098389487,0.3331932566333684,0.0689778097504701,0.10156923616918324,0.3179534381168856,0.21609749803300826,0.10823410448209504,0.5867846115428811,0.6236005507733967,31.525921026897375,22.050145535721377
3377,Soc Trang,VNM,2022,2022-05-25,0.09273250056028354,0.21114168080579468,0.06540957618911297,0.09735462062870508,0.1757403319185556,0.12695580874757317,0.07008834574792025,0.38336517017681027,0.2546716532445824,29.55076987972212,
3386,Tra Vinh,VNM,2022,2022-05-25,0.09786674964841058,0.25720864282944017,0.07802623045521268,0.1078408330472018,0.2232299066947107,0.1553275879379147,0.08362115846334675,0.4356466622896048,0.34661479558960495,30.589214056059642,
3387,Tuyen Quang,VNM,2022,2022-05-25,0.28047394568491424,0.42772372567194533,0.2928103966732163,0.2985894606606234,0.3961470089463597,0.2896534245037439,0.1679568417925594,0.24428838582550805,0.2389515588459416,26.485595273258223,
3388,Vinh Long,VNM,2022,2022-05-25,0.11985187327842674,0.34570496854805005,0.1079000652699317,0.1371222738663588,0.30115743766564673,0.19933801214146177,0.10487127219256157,0.49749279856681766,0.4607917942479711,26.680247859305204,
3390,Yen Bai,VNM,2022,2022-05-25,0.223601076727506,0.38236499085086184,0.23371019301339518,0.24125259157163784,0.35879749376243114,0.258117151463099,0.14488277133364874,0.3057539623444608,0.2765166820256829,27.705162322011102,17.626741864543508
3328,Bac Kan,VNM,2022,2022-05-25,0.3686756087683967,0.49079102060232493,0.38089109671056126,0.38445314967216293,0.4556908052006121,0.33943824562256986,0.20473109655459348,0.16708445557770896,0.17141747565696305,27.092086112682907,
3329,Bac Giang,VNM,2022,2022-05-25,0.2270535596942889,0.3902008523371129,0.2342983074860167,0.2445162488344506,0.3513676219729207,0.24305758702098693,0.13478812152303968,0.3022891237125194,0.27008851637578046,29.132475840698824,
3330,Bac Lieu,VNM,2022,2022-05-25,0.09411504172299257,0.14860752219260898,0.06272779788826345,0.09554955810751235,0.12171969063458574,0.0977619384182834,0.06285092984197045,0.22388622567319635,0.11673611591348898,29.316928220411175,
3331,Bac Ninh,VNM,2022,2022-05-25,0.1865228969416449,0.3528040181939139,0.18382188150110917,0.20266895602283436,0.30931147471204407,0.2341671881111108,0.1427423681504007,0.32599531024917233,0.31447905217894784,29.169332314204144,
3334,Binh Duong,VNM,2022,2022-05-25,0.16970661980990284,0.37486848720012755,0.16690137402121047,0.18642771826764531,0.3599166929261811,0.2651666821941349,0.15019633603906088,0.4039351599366847,0.4412507218933816,30.896172271448847,22.4509472902747
3335,Binh Phuoc,VNM,2022,2022-05-25,0.08465824377560663,0.35424301200020325,0.07284851778361404,0.1025048883972954,0.34122136669527486,0.22412977682788432,0.1020495177152221,0.6402916573159366,0.6509888153169447,30.398496823335087,22.484838608179928
3339,Ca Mau,VNM,2022,2022-05-25,0.09603712460379366,0.18973798589630067,0.07631322556698442,0.10417359545611629,0.16076051629116125,0.1158632080654313,0.0708098817587709,0.33324580447763863,0.19646088150835392,28.28123066111898,
3340,Da Nang City,VNM,2022,2022-05-25,0.07417681901201852,0.33681857404053694,0.05424964840774441,0.09020797371551471,0.31502024735833956,0.20411043752304805,0.10090455584194875,0.6391149534868892,0.6508093408822853,31.466598347166872,23.1790984595748
3346,Ha Nam,VNM,2022,2022-05-25,0.12801248647973562,0.3179199493479574,0.11235248550606512,0.14176811217956156,0.28037687881398526,0.20523377113235777,0.12090411852112155,0.45390502570635705,0.4267262353803926,27.159848617713564,
3350,Hai Duong,VNM,2022,2022-05-25,0.18083658303983752,0.3486193012683278,0.17756714944549953,0.19622196830631963,0.3106297269274806,0.23101898381721497,0.13668380709346234,0.343975537529225,0.31953447368488064,30.786886271308312,
3354,Hung Yen,VNM,2022,2022-05-25,0.13394513753570678,0.3222359400901875,0.1194484148485306,0.14661252153217716,0.28461975742460993,0.21062763213362337,0.1253951550758944,0.4313138992777584,0.41400258455307726,28.97799454480413,
3364,Nam Dinh,VNM,2022,2022-05-25,0.13040414667402397,0.3358418945759032,0.11859550217226163,0.1455061610226468,0.2874715931768426,0.20751125062473938,0.11971243104236633,0.45554724599095536,0.43055730099793527,29.138202411031155,
3369,Phu Tho,VNM,2022,2022-05-25,0.15447757745561183,0.3412656987969244,0.15354384689751643,0.1706778428868419,0.3195287383409044,0.22783952851282,0.12510894254925656,0.41228010699488826,0.3869207054048538,30.179565055809697,23.643531022300774
3372,Quang Nam,VNM,2022,2022-05-25,0.06057598527371635,0.328672366344028,0.047946020754462214,0.07742493243578871,0.3071825020933651,0.18903889536018387,0.08327075719843284,0.703982238924852,0.6416487888848094,30.853230861334332,21.986601427856563
3381,Thai Nguyen,VNM,2022,2022-05-25,0.31775098768219756,0.4342077579932051,0.33534439367634133,0.33557106975968054,0.397976008003314,0.2974398534871329,0.17890701924951127,0.17904218530820978,0.16656985479555816,25.734512213088223,
3389,Vinh Phuc,VNM,2022,2022-05-25,0.20625831952876317,0.3374291856829433,0.20950433021103085,0.21988611680675416,0.31201946388427887,0.24430375130827744,0.1517004310977946,0.27744601844283573,0.2631438979493357,31.219864977872923,
73933,Can Tho city,VNM,2022,2022-05-25,0.12764367826384004,0.3381164232757133,0.11420065709358024,0.14273718819049955,0.29615373944104456,0.1931792179346599,0.09917501446432453,0.46851574428627724,0.40440756147067647,26.76892394357908,
73934,Dak Lak,VNM,2022,2022-05-25,0.12098214570696462,0.34567023890751497,0.1116920588216837,0.13531370110622432,0.3255292734304876,0.2233963478497916,0.11762770356656578,0.5242760951413166,0.5217281390122898,29.975923767377992,21.00510488026218
73935,Dak Nong,VNM,2022,2022-05-25,0.10746156788281022,0.35919452807257624,0.10378597801840406,0.12494880746580174,0.3327689767341996,0.2172034549771394,0.10935780807927419,0.5704302360440106,0.5805581703377591,29.782846974106917,19.70801570286964
73936,Dien Bien,VNM,2022,2022-05-25,0.17148077759322194,0.39165678928804765,0.16971861258791285,0.18839525088279216,0.375745763183843,0.2633883251152905,0.14065130493306638,0.43446454372518123,0.46199676425076625,29.913199070701,20.119649409332343
73937,Hau Giang,VNM,2022,2022-05-25,0.06399744505360365,0.29140759666056787,0.04577292573584974,0.08074080211830444,0.24672395895497584,0.16040064847229937,0.079016578605009,0.6450238157460125,0.5336238141505751,26.06239303358922,
73938,Lai Chau,VNM,2022,2022-05-25,0.1925784661330651,0.38209608804653433,0.195720700383661,0.20848745441522593,0.35809516063295715,0.24974582971083242,0.13621946025079695,0.40682835392902517,0.3753235428301312,29.206609824171977,18.28536925797101
73939,Lao Cai,VNM,2022,2022-05-25,0.2668129190390232,0.42455666419630056,0.27780347732316135,0.2828869779140663,0.39968524581336423,0.3040840302934116,0.18276142957752384,0.28057864843457514,0.2842822067356847,31.0609624022536,18.06355012733896
3326,An Giang,VNM,2022,2022-05-25,0.07745727974427447,0.3475862576627449,0.061184305985036574,0.09763123146109869,0.29700753879994574,0.1951383173686014,0.09254701731492623,0.6397756337881327,0.6228272836724004,25.851850848195255,
3332,Ben Tre,VNM,2022,2022-05-25,0.1187924399729383,0.28687131080867206,0.10404619542006631,0.12969161139225946,0.249688953685402,0.17096013464908527,0.09740299256582927,0.40483385236151864,0.3542193589499081,28.798627853583696,
3343,Dong Thap,VNM,2022,2022-05-25,0.10850768907679736,0.3027415552055105,0.09094751518662388,0.12167084009506887,0.26493956500249033,0.18393707012799468,0.09653040918435747,0.46735541937648173,0.41365111807272126,25.454494195607825,
3351,Hai Phong City,VNM,2022,2022-05-25,0.21932250644892567,0.3436438357928452,0.21520488347666572,0.23332626895943825,0.31366526051245397,0.24223996891906294,0.14764726401895262,0.23508181653868004,0.2201143237922727,31.2569293343474,
3352,Ho Chi Minh City,VNM,2022,2022-05-25,0.18390803989409024,0.32678978304000306,0.17757393907895413,0.19809041687358558,0.2995627422996136,0.2276823091599289,0.141951745607262,0.3020832125420583,0.28336300686243027,28.91063047514823,
3356,Kien Giang,VNM,2022,2022-05-25,0.09127877510743414,0.23278315174633868,0.07169699675081163,0.10036176560354293,0.19827498619385803,0.13676667321259411,0.07366405942824762,0.41373638933016355,0.2966747987458691,26.14649501923185,23.585062246547395
3359,Lam Dong,VNM,2022,2022-05-25,0.12582129551821242,0.365932864803809,0.11884958398098414,0.14174470557793997,0.3442716758258525,0.22916398613820319,0.12113069787671746,0.5340508431877438,0.5474331092900495,28.40048160270999,17.969662093231126
3362,Long An,VNM,2022,2022-05-25,0.1360123550831114,0.32792224970728967,0.12356827718465634,0.15334426620859629,0.2939233322553215,0.216231810981449,0.12117710870354766,0.43383377730288286,0.4129082190831579,28.967913169575137,
3375,Quang Ninh,VNM,2022,2022-05-25,0.2690120751001536,0.4011022004072038,0.2736992680556831,0.28454429627348526,0.36845561257976156,0.2659902790920244,0.15425474421329127,0.23626085782282102,0.2178775950945832,28.702613315570666,
3378,Son La,VNM,2022,2022-05-25,0.122565905357981,0.3492523145127107,0.11837725470073535,0.14006313391845313,0.33675054445795116,0.2336769015831802,0.12029807971531728,0.5131945437939026,0.5266788292271386,30.54779891423233,19.7778544792987
3379,Tay Ninh,VNM,2022,2022-05-25,0.12136982979556699,0.35420272873038017,0.11042022279322387,0.13934076415749289,0.3319946470284524,0.23412643532029884,0.12265369318195285,0.51357042931508,0.5342112470220509,30.218251385454277,23.09435261349511
3380,Thai Binh,VNM,2022,2022-05-25,0.15726654063962048,0.3519977989606863,0.146665708825956,0.17335736695669335,0.3048363165919722,0.22413320041113088,0.131617065452807,0.4050533767779781,0.38876240899062164,31.36185454245168,
3382,Thanh Hoa,VNM,2022,2022-05-25,0.07644149699630885,0.3089000989857581,0.06196214304124481,0.0901809700072214,0.2866801861975928,0.1877843253695284,0.08729632720179001,0.6173469039671303,0.5376145493733183,29.790808335814123,20.240413566035812
3384,Tien Giang,VNM,2022,2022-05-25,0.1532148550500295,0.34034440585026837,0.13765387622862377,0.16522971472385542,0.304716946131572,0.21982930405036577,0.13016501901385188,0.3996055949252417,0.39165787463906426,28.355597208050543,
3333,Binh Dinh,VNM,2022,2022-06-02,0.04611819625170406,0.31971251146676216,0.0260775009624828,0.06097422488746064,0.29345086690510497,0.17522296394521011,0.0767900485304356,0.7427534933697841,0.6866857380247109,31.38139733437951,23.734747129355227
3338,Cao Bang,VNM,2022,2022-06-02,0.18593317753748168,0.38635167624705014,0.1911838970391849,0.20377444216137772,0.3682925673903712,0.26565053963298807,0.1520064083967361,0.4020841949040126,0.4031774539257569,28.86638725903674,
3355,Khanh Hoa,VNM,2022,2022-06-02,0.04996152038466687,0.3199030846304564,0.030466519324527173,0.064980232389128,0.2974455741759323,0.1807301444168454,0.08069412474431037,0.7304271690489449,0.6985982154171653,30.842131765177278,22.33527368770016
3360,Lang Son,VNM,2022,2022-06-02,0.152684795446753,0.3608192427455381,0.15259947052315484,0.1703809846905373,0.3394131948166733,0.22910298633034132,0.12213007783947964,0.439484844300881,0.40486675963813556,,21.493333333333364
3370,Phu Yen,VNM,2022,2022-06-02,0.05330386291204742,0.3243996210984591,0.029626495888781586,0.06683718172223391,0.2991442246193897,0.18431164426692567,0.08342797074599169,0.7133426607177392,0.7772917478835935,31.702837023207156,23.328065585814773
3371,Quang Binh,VNM,2022,2022-06-02,0.11919874286964069,0.31664042665352965,0.12306998385891105,0.13337009032761027,0.2899641013263031,0.19012666870130004,0.09853030878137989,0.5213198138799867,0.4226583160133112,30.01740324082177,25.189067101026396
3374,Quang Ngai,VNM,2022,2022-06-02,0.05143939350872665,0.3234500461068397,0.030400167895390785,0.06656013864567915,0.3034608725555049,0.18875672927868403,0.08392539688338915,0.7211363590268957,0.6854852911296625,31.909263357516735,23.347006488989003
3376,Quang Tri,VNM,2022,2022-06-02,0.15246946171653078,0.35691202406100175,0.14974818091086267,0.16601070012338315,0.3296574831097264,0.22095100463874498,0.12241708580361026,0.45056926270728204,0.44651887222617964,30.32232488552364,24.36542194933536
3383,Thua Thien - Hue,VNM,2022,2022-06-02,0.0663129118108202,0.3200940274756588,0.048574116301159376,0.08207307156604063,0.30782274213792954,0.20046256746614094,0.09464094462755519,0.652052353814651,0.6523661446605895,31.34128031764221,23.59244245346334
3327,Ba Ria-Vung Tau,VNM,2022,2022-06-02,0.06712923093165268,0.29299825291351395,0.04129024657710195,0.07802095900501177,0.2802636775994926,0.19206170464657524,0.09978961794808232,0.5616807738927491,0.6212329859445647,31.227674174035172,24.247701270542507
3336,Binh Thuan,VNM,2022,2022-06-02,0.059118126191333206,0.3360354286186103,0.029301117332757573,0.0700634638819994,0.3251165151562024,0.2152441669303535,0.10345737933778659,0.7081281086220454,0.940822512180686,32.325864650855095,22.75645895514208
3342,Dong Nai,VNM,2022,2022-06-02,0.06218839855426831,0.3336052445234475,0.03807402628535035,0.0785938761669291,0.31444104575501225,0.2012100231122672,0.09122773692411358,0.6582834632987601,0.6893336121928891,30.15349717780616,23.294224186033677
3344,Gia Lai,VNM,2022,2022-06-02,0.10600370600254652,0.34559233449217597,0.08715048675969417,0.11727402523472016,0.3337096130412837,0.23295422230335658,0.12566559855300266,0.5774763359657249,0.587602655369376,30.90889932992759,21.07110884066871
3345,Ha Giang,VNM,2022,2022-06-02,0.17949714976837133,0.378986725888208,0.17980321299726307,0.19526543365960305,0.3623679231363535,0.2559639147993233,0.13893190199590988,0.4160185693713295,0.4059650443665707,30.45964012060728,21.127262460258493
3347,Ha Noi City,VNM,2022,2022-06-02,0.16572320580088717,0.3044821461755434,0.15244498595501546,0.17505599224955684,0.2873959963225534,0.22392687658917831,0.14383554443531682,0.2999692153793284,0.29602244379502773,,
3348,Ha Tay,VNM,2022,2022-06-02,0.138413170353983,0.298386018344439,0.13162274686592135,0.1517659512272229,0.2708819828312651,0.20057917748477616,0.12082360921346803,0.38395146921464246,0.3398171249592382,28.304626865671647,26.744759712426067
3349,Ha Tinh,VNM,2022,2022-06-02,0.1187854133913699,0.3011185024076125,0.11727427879657631,0.13058383346835883,0.27648611588468963,0.1836329833319549,0.09652611476393747,0.5023904385200918,0.38833529306385767,32.540458952600886,24.635871618503014
3353,Hoa Binh,VNM,2022,2022-06-02,0.13101925612357262,0.33193813075748124,0.14078381796221867,0.14877750259612174,0.30752954999390614,0.20867723633934548,0.11442815890809672,0.46112070494736684,0.41220486624833513,28.505233081422514,25.316376335250624
3357,Kon Tum,VNM,2022,2022-06-02,0.11298193369225581,0.35395712156270037,0.10725386283569308,0.1285224820754947,0.33612558979972457,0.21748846353794163,0.10870526833435828,0.5623487633571785,0.528724912811259,27.67698493610582,18.92268139527019
3366,Nghe An,VNM,2022,2022-06-02,0.14092406788248163,0.3602758538281106,0.13576550228806822,0.15625811193638187,0.33553170039263097,0.21803455797552332,0.11396820596078669,0.46679709044584416,0.4206683043185742,26.14022563536334,
3367,Ninh Binh,VNM,2022,2022-06-02,0.17095033331160744,0.3235387196480152,0.16531670381327818,0.18493560269229475,0.28906466278782983,0.18980973097879514,0.10521142821050469,0.3364440500302894,0.2670086485146728,20.155803148017394,
3368,Ninh Thuan,VNM,2022,2022-06-02,0.062178090605499246,0.32191724001433836,0.03241034679128139,0.07177807370245418,0.31361359329719485,0.21208293456422825,0.10671014789302728,0.6770342038550075,0.7432763194061375,34.042205509033934,23.098424309293907
3377,Soc Trang,VNM,2022,2022-06-02,0.07919230400287633,0.2224552117642928,0.04667049714615239,0.086352255078132,0.18083418302532664,0.12028030266280339,0.058821810567734084,0.4414290073739311,0.31064496853057494,29.779791018295636,24.968572006775585
3386,Tra Vinh,VNM,2022,2022-06-02,0.06435951599778847,0.24407473774590488,0.0352889101783197,0.07476119409047967,0.21007454797968325,0.13477493572193078,0.0626135038880189,0.5261280546973586,0.4119416055671994,30.400523950065008,25.19577500153824
3387,Tuyen Quang,VNM,2022,2022-06-02,0.11461266106730819,0.3654394958266551,0.11012416278726282,0.1323705457057634,0.3472846661444008,0.23784008002795587,0.12118704822533438,0.5491593167500147,0.5899715740700925,29.852572764437145,23.993703703703726
3388,Vinh Long,VNM,2022,2022-06-02,0.08011418033203573,0.33881994523601616,0.0542458219398603,0.09553783766991387,0.29881450197472925,0.19023198766398303,0.08911976674785638,0.6086064172947435,0.581358753476888,27.15557026091597,23.734310656528972
3390,Yen Bai,VNM,2022,2022-06-02,0.28536113487202946,0.44000580436106473,0.28846731571078565,0.29894206055061023,0.41236919170509656,0.30104243546265996,0.17771798617393567,0.30658536302666684,0.3002245256842775,29.08213143449142,19.137820102515096
3328,Bac Kan,VNM,2022,2022-06-02,0.136684626935037,0.3561621108736757,0.14169644174043727,0.1552243145292093,0.33514593153303956,0.22460006073433367,0.11571705455748006,0.47719107208819356,0.4396828020617008,22.667798691220117,22.69553843126649
3329,Bac Giang,VNM,2022,2022-06-02,0.13288990214624732,0.35115958139366504,0.12420667128024408,0.1481457613628808,0.3247028671791411,0.22170007464193311,0.12143074178629475,0.4669451543720138,0.46155473347345155,,25.665238095238124
3330,Bac Lieu,VNM,2022,2022-06-02,0.07777407520935475,0.14592868588842944,0.04799557497419119,0.08323910180942613,0.11585388148050638,0.08587306176560337,0.04923928172310478,0.2846261234781632,0.14464182711690543,29.23867392453342,25.798189905418845
3331,Bac Ninh,VNM,2022,2022-06-02,0.1619946066769697,0.34057173536369534,0.14821886927637734,0.1754649040663305,0.299257993432452,0.2116896773388389,0.12493554833008935,0.3751444811128788,0.356345187540548,,
3334,Binh Duong,VNM,2022,2022-06-02,0.07833378331058577,0.3648499941284145,0.053018832133413615,0.09496204399890525,0.35434581317157215,0.24719161169079804,0.11857351888006425,0.6483601372651764,0.785786664210791,31.832149999141244,23.295005333608646
3335,Binh Phuoc,VNM,2022,2022-06-02,0.05657783303203674,0.35082694067791476,0.03652393482062948,0.07413312843970207,0.34050252624304084,0.21752011440156774,0.0885253873648038,0.7302226899958085,0.7295922453869051,30.443530404731924,22.81760776501802
3339,Ca Mau,VNM,2022,2022-06-02,0.07082265060510307,0.18068997841878723,0.05200244673389736,0.08016169344991125,0.1520223662354407,0.09980200163799027,0.05291503765193744,0.4200007567004401,0.23310760571942962,26.916805626743578,25.537142794005078
3340,Da Nang City,VNM,2022,2022-06-02,0.07524586844013044,0.3406006019414274,0.0551007422879581,0.0927834135567003,0.3153767600664761,0.19949846470575092,0.09457207981013432,0.634411833016901,0.6101113667270947,32.37102969482435,23.868996521380797
3346,Ha Nam,VNM,2022,2022-06-02,0.1274213520687323,0.30758052700983496,0.11463349924540515,0.1409022049407436,0.2681110334879208,0.19291150794070758,0.11883384860267682,0.4449033245339131,0.40402596958163833,32.16315173738433,26.538692256405394
3350,Hai Duong,VNM,2022,2022-06-02,0.12027717591070226,0.3079770136834449,0.10513928930782858,0.13413248287585972,0.26957427168715825,0.18470871551576515,0.10331916716410892,0.4436455551556768,0.40115378388831835,,
3354,Hung Yen,VNM,2022,2022-06-02,0.10737435152894421,0.31800576045311696,0.08392560179548578,0.11978349473253888,0.2793897695012986,0.2003291962073888,0.11776647731125132,0.4976305342211416,0.5063800899542189,,24.81657247382369
3364,Nam Dinh,VNM,2022,2022-06-02,0.22021672694490368,0.3705853727109128,0.2134435904403949,0.23422096217535598,0.3254508403113133,0.22522231196675607,0.1344246856217213,0.26687026853852985,0.24687412717285032,23.367936126545644,
3369,Phu Tho,VNM,2022,2022-06-02,0.1006500393321995,0.3165053278725452,0.09891416955021248,0.11610640750731638,0.29867196858364625,0.2055063421466457,0.10267523383809395,0.5220312014805601,0.4868755587078666,29.935006031660098,22.38046100120046
3372,Quang Nam,VNM,2022,2022-06-02,0.06840719458173487,0.35677721210922514,0.05237400499568964,0.08723369618014375,0.3332378437640801,0.20460430078980132,0.09065165045213797,0.6791581288985917,0.6813519939340741,31.492839213436007,22.42541462618823
3381,Thai Nguyen,VNM,2022,2022-06-02,0.18417075113591003,0.37060896598282733,0.18856829573744333,0.2008311206725415,0.3477688090113738,0.2591222733593708,0.15446000531425738,0.36780859406627453,0.3717318790149933,,23.62071644576614
3389,Vinh Phuc,VNM,2022,2022-06-02,0.17168710026300577,0.3328475504489815,0.1619453932474739,0.18226460888002138,0.3178469091045616,0.2445077085818425,0.1541509707769042,0.3393813537291333,0.35837011831354726,,24.121657496865584
73933,Can Tho city,VNM,2022,2022-06-02,0.11266792233071189,0.320236513533099,0.0819239374232008,0.12168913109361307,0.2847698697797571,0.19488582482463757,0.09761424054033187,0.47123810212092804,0.4231263385329947,30.59126837024031,23.574066464960868
73934,Dak Lak,VNM,2022,2022-06-02,0.0685835932377076,0.32235734351165857,0.046832359386701806,0.08172588364737045,0.30774778906556,0.2001868137722208,0.09536271053867612,0.6684642023193861,0.6435949580107132,30.289231320692164,21.251143000066655
73935,Dak Nong,VNM,2022,2022-06-02,0.044706685567058986,0.33340993050076306,0.025339360258334748,0.06116983298059898,0.31794035881443655,0.19348478109608888,0.08042263301064512,0.7629467123038178,0.7286859585838272,29.871330759411812,20.694029914841565
73936,Dien Bien,VNM,2022,2022-06-02,0.41900943816031155,0.5086142702638397,0.4400924238796838,0.4330751862816266,0.4659409694288658,0.3546000346501459,0.2215309610639718,0.1259698333113395,0.12320055696662532,27.163128411490604,
73937,Hau Giang,VNM,2022,2022-06-02,0.09254708466038468,0.35618595129852354,0.075290344425522,0.11238858476233658,0.3057399921884648,0.19978365212246876,0.0990557367397755,0.6006687410997433,0.5793150966360773,29.553619965701913,23.9054993531763
73938,Lai Chau,VNM,2022,2022-06-02,0.48483540963139105,0.556404073330621,0.49773639253882374,0.4971099917720117,0.5032040513104599,0.35649550194058893,0.21266417478703112,0.09057142834682773,0.08346914205528579,25.84875666944053,
73939,Lao Cai,VNM,2022,2022-06-02,0.2721143115893764,0.4454144445924464,0.27266453635974536,0.28671801297438804,0.41544434573996264,0.2852572314077694,0.16001132705491616,0.33083362182939663,0.337007047216014,29.619020039855116,23.010462536217172
3326,An Giang,VNM,2022,2022-06-02,0.07141838412494203,0.4138121769477678,0.04937783016356614,0.0967085861595763,0.3469001642288611,0.21926129922248122,0.0940431044397762,0.6908675447274633,0.7668779846175882,25.17981914626082,23.87581028485601
3332,Ben Tre,VNM,2022,2022-06-02,0.06471827400232068,0.267458954159931,0.03580370566341669,0.07507475854585366,0.233507491703064,0.14259320522689067,0.06496064695995649,0.5450659631987608,0.4601979967001906,27.650058067703664,24.80761768005012
3343,Dong Thap,VNM,2022,2022-06-02,0.08897161264742286,0.33388614385305393,0.06195593215007003,0.10513961301245847,0.29021668465387385,0.19430969033287881,0.09058983091105595,0.5574250940122127,0.5338411749134149,28.141249286486648,24.176368687533927
3351,Hai Phong City,VNM,2022,2022-06-02,0.1315619736060193,0.27367769999718417,0.11761708686967894,0.14265461472112353,0.24379699097083357,0.17442552392910254,0.10474703324921557,0.3522839979629884,0.2934305244011158,29.499738751898594,
3352,Ho Chi Minh City,VNM,2022,2022-06-02,0.08854837461833437,0.27374672079387397,0.06523796995034475,0.10122751210564879,0.2499713470035359,0.17589839906324362,0.10042240662179497,0.5031548059263306,0.46205125171682404,30.66004682917275,24.268669667677187
3356,Kien Giang,VNM,2022,2022-06-02,0.0766993839276914,0.2625634048150675,0.05627565254685064,0.08982782110607061,0.22346733419313086,0.14849568464689683,0.07342597792486677,0.5221153242820069,0.4061110229526128,27.401363221321763,24.76583780489876
3359,Lam Dong,VNM,2022,2022-06-02,0.04113357785925729,0.32488270715506473,0.02222325503365858,0.0571690886067122,0.3103152134091936,0.18290549617279817,0.07374762712226993,0.7749736848320818,0.7008697152507589,28.7059562559061,18.363681967739797
3362,Long An,VNM,2022,2022-06-02,0.06826484649215597,0.3508532665734966,0.04170350690206717,0.08998125807173275,0.31298162949444763,0.21239267695142666,0.09790524245972543,0.6558184651767743,0.7019018044938635,29.574959077658402,24.368530663034278
3375,Quang Ninh,VNM,2022,2022-06-02,0.2066691708963702,0.346476659023052,0.20840577320195303,0.22159364498252182,0.32307379557518595,0.2287282485988549,0.1368668460663626,0.2813093330370267,0.2506886540040116,28.655638705556747,
3378,Son La,VNM,2022,2022-06-02,0.31755355080712916,0.4478619822587098,0.32961636272892264,0.3318068472339362,0.4224227783125133,0.3203755613443349,0.1998108001989687,0.2170731228511019,0.21704320484588302,29.2582357893112,20.468474366538636
3379,Tay Ninh,VNM,2022,2022-06-02,0.0665999642524405,0.3795615019197119,0.04291573573865853,0.08930873923389623,0.35563327528113015,0.23612658514672327,0.10167712424414381,0.6958899294872016,0.789790019614124,30.533852070471905,24.02700202800113
3380,Thai Binh,VNM,2022,2022-06-02,0.19879984219272998,0.36085545076741266,0.1866085954273986,0.21202294434495714,0.3159816518723582,0.22552098280000396,0.1377797459379133,0.3124803437729836,0.3039097977693014,25.733109222930622,
3382,Thanh Hoa,VNM,2022,2022-06-02,0.17511458449112402,0.35177987998803434,0.1745798988187541,0.1891522872765275,0.3266554679782788,0.2209212686175448,0.1220404569720948,0.3620831053003307,0.31377981264913385,25.726769927985295,22.814187528943904
3384,Tien Giang,VNM,2022,2022-06-02,0.07809860136204981,0.30743929880738347,0.05066480861103587,0.08997363173837823,0.2757792253252159,0.18334571603299232,0.09121069151600181,0.5731937345683694,0.5465470049443718,27.070918197641518,23.962237054926195
3333,Binh Dinh,VNM,2022,2022-06-10,0.048646356731323,0.32088439248033224,0.030046139441745997,0.06241772244036032,0.29109291071511256,0.17418244637032929,0.07684201193057352,0.7375988703314024,0.6692856778059917,31.23456874508117,23.1044767191656
3338,Cao Bang,VNM,2022,2022-06-10,0.2883420932117733,0.433664505535505,0.2997471949633541,0.30485650106898643,0.40672527911056305,0.30661558949884515,0.18950973501507748,0.2390609424410113,0.2462512050563867,28.626516477920333,22.153571275161834
3355,Khanh Hoa,VNM,2022,2022-06-10,0.06847700740959355,0.3443600977239412,0.04913757185927818,0.08353430270556193,0.31848038737484347,0.1999683477656672,0.09370120404234196,0.6765003836571208,0.6723990954737559,29.731817134225352,21.821599895092493
3360,Lang Son,VNM,2022,2022-06-10,0.2907798700362175,0.44283310310913865,0.29477742822547925,0.3051250983272176,0.41734712837749577,0.31641236748666896,0.20294696045983932,0.23675077722721954,0.2697413437916199,28.72067695760837,
3370,Phu Yen,VNM,2022,2022-06-10,0.05605463807320992,0.32204773404068926,0.03417857476133352,0.06887166841189263,0.29338783885222336,0.18149787517515809,0.08269072944798504,0.7063633720095731,0.7327010609043823,32.151448627498745,22.884095626514256
3371,Quang Binh,VNM,2022,2022-06-10,0.06996361951842951,0.34037852601062896,0.06007542551341051,0.08765778883875072,0.31347158759250754,0.1911528452194836,0.08400180355350453,0.665691226136079,0.6189845090488962,31.077982079061613,24.62606154101216
3374,Quang Ngai,VNM,2022,2022-06-10,0.0406331038525517,0.297824747334883,0.025608053863895655,0.054532421529775034,0.26922734970430534,0.16116730080621205,0.06821277915737041,0.7609532158602618,0.6269608198568759,31.09423957867247,22.671789329396006
3376,Quang Tri,VNM,2022,2022-06-10,0.08182409621151018,0.34321069199948934,0.06841067339378164,0.09769815833237382,0.3140809433389885,0.1993044405022641,0.09405708993292648,0.6352417359033178,0.5920270692379425,30.593872983294336,24.680968193509475
3383,Thua Thien - Hue,VNM,2022,2022-06-10,0.04965321109965346,0.2750313252672945,0.03878857257270341,0.06387453493076234,0.2549218232074258,0.1566293675806239,0.06942876784184288,0.7036559692116546,0.5362892876149296,31.541989510992387,23.91085209136038
3327,Ba Ria-Vung Tau,VNM,2022,2022-06-10,0.10199025260992677,0.28744186814191985,0.09558085395602443,0.1154562698073685,0.26663761174104283,0.183517516208351,0.0966574333992238,0.4600119669983551,0.4209751156025582,30.638105737144667,23.349878718266368
3336,Binh Thuan,VNM,2022,2022-06-10,0.08043309212901034,0.3365005389936302,0.058453334251274955,0.09109305692146831,0.3177913275248671,0.2119842619565402,0.10331192420196052,0.6392374683975309,0.5888069296754458,31.384775310944658,21.644417141314698
3342,Dong Nai,VNM,2022,2022-06-10,0.09600576886853192,0.3118066818689835,0.08803894707451193,0.11158002783678629,0.2895503103603481,0.1922924007424659,0.09597200569672525,0.5408980150084227,0.48653840699488415,30.220536517901458,22.232521136837697
3344,Gia Lai,VNM,2022,2022-06-10,0.09013473954835531,0.33819306961223555,0.07022049980737512,0.10077792849766826,0.32562536200541564,0.22281646280628456,0.11580073555367805,0.6105119270642,0.6495852946206023,32.01436466130807,20.35325776502095
3345,Ha Giang,VNM,2022,2022-06-10,0.21712663290260317,0.38535766303635965,0.21816957751259733,0.23157974398173076,0.36744137917284597,0.2722192132303741,0.16805742438103508,0.3328719419845155,0.3379718067125472,30.70846426737179,21.728295252715842
3347,Ha Noi City,VNM,2022,2022-06-10,0.18177438946660396,0.30446207305741985,0.16776856508129828,0.1887797107976515,0.28679824714278224,0.23055239792786217,0.15360127849017122,0.26781881924239376,0.26529865748937015,,
3348,Ha Tay,VNM,2022,2022-06-10,0.19463053969173988,0.3249501716009055,0.17876082625310552,0.20240674992373928,0.2950687582203577,0.2156020942843744,0.13272738912630266,0.2742753550374308,0.2619999568137483,34.43224659380143,
3349,Ha Tinh,VNM,2022,2022-06-10,0.07033256976459837,0.31938268146946386,0.0504949553273154,0.08348728895560524,0.29738609243531217,0.19330525698294396,0.09177360571145947,0.6396145505896728,0.6067150462356095,33.53809589821616,26.289082593714472
3353,Hoa Binh,VNM,2022,2022-06-10,0.14487890111061882,0.3539137250624367,0.1429010569123864,0.16162342936139557,0.3256812062976452,0.20462946727868137,0.10492881765056665,0.44897951750887777,0.40220995733849824,32.921852731726204,
3357,Kon Tum,VNM,2022,2022-06-10,0.061979255588303264,0.3193558223884902,0.05088758226558473,0.07568853711715859,0.30209030497956013,0.18626177583600215,0.08352767205935317,0.7099290392312184,0.627049225030522,29.16838485927319,19.042208336878396
3366,Nghe An,VNM,2022,2022-06-10,0.10737781217853758,0.3483226302834002,0.09802379586964273,0.12262040272747415,0.3248392839406768,0.21256952211724492,0.10969754755134362,0.548084914448618,0.5395579397861857,34.29976236884807,25.021048929512265
3367,Ninh Binh,VNM,2022,2022-06-10,0.10945869455809408,0.3063982444446392,0.08948324303694248,0.12207346757628186,0.27641350723367814,0.18943572874663922,0.10368274049939238,0.4785768902557862,0.45230649324516325,32.29896783340472,
3368,Ninh Thuan,VNM,2022,2022-06-10,0.08040032825829896,0.3505660416947552,0.0499317053132192,0.09052141472169084,0.3392077984846492,0.2329244424079022,0.11790722478405843,0.6283391638034449,0.7978986305771757,32.882103405728536,22.4826529256049
3377,Soc Trang,VNM,2022,2022-06-10,0.10715093185737193,0.2598335639475547,0.08844867859404157,0.11956885048743235,0.22039551087239,0.1551659614098302,0.08129646182838632,0.40739614873617247,0.319937226848193,30.967531428908185,24.718981762419347
3386,Tra Vinh,VNM,2022,2022-06-10,0.11032099777351811,0.28668530603116993,0.09630059290185367,0.12471670639727735,0.24851463410566813,0.17096829574283134,0.08991459589753792,0.4319134239955033,0.3740330110950862,31.653305722494384,24.68926245509917
3387,Tuyen Quang,VNM,2022,2022-06-10,0.20671065171361863,0.3786015167365546,0.2168906163735603,0.22400949422967403,0.35385635327184517,0.2537574042489679,0.1487639863580109,0.3380382208907962,0.31447920168210103,32.254045543201556,24.087777777777795
3388,Vinh Long,VNM,2022,2022-06-10,0.10397264367700687,0.30272958968433716,0.09086697943934402,0.11624785246233921,0.2679162773168797,0.1792236825672179,0.09307659175477573,0.5018708972513263,0.4259306045423793,31.090285131892212,25.017431063462528
3390,Yen Bai,VNM,2022,2022-06-10,0.3124722962547163,0.4579942039042097,0.3128967820268511,0.3250584612686496,0.4261525911901004,0.32136557208557986,0.20450878742213427,0.2758521256536572,0.29145385372887816,29.124081062334717,
3328,Bac Kan,VNM,2022,2022-06-10,0.2651506022465554,0.41761237240637306,0.28301329556453825,0.28192589239643445,0.39038054429177904,0.29687907264929336,0.18608004313604554,0.25392257233718996,0.26357960440516487,27.931932744944728,
3329,Bac Giang,VNM,2022,2022-06-10,0.23724635007253161,0.4032333829856979,0.23481785622675386,0.25017291121041224,0.3749591605233326,0.2821912690645608,0.17784177607187088,0.28674670472423747,0.30930647589233007,27.34480257972999,
3330,Bac Lieu,VNM,2022,2022-06-10,0.08948777594708718,0.17269390383597202,0.07107964440059951,0.09882837492567967,0.14627439330834768,0.11090414630557073,0.06342746377894061,0.29018564778313133,0.1815375380227319,30.968420966205862,24.923072595343946
3331,Bac Ninh,VNM,2022,2022-06-10,0.1839265820781937,0.34428527449654234,0.16977114212267477,0.19536076742478303,0.3121887827973468,0.24672978372999727,0.16368493519922717,0.30829880296571455,0.35162560041364643,,
3334,Binh Duong,VNM,2022,2022-06-10,0.11666103926651697,0.33176316960429186,0.10926512783906969,0.13225161706214397,0.32263943336924983,0.22976501817706999,0.12099506063340043,0.501687692000313,0.5099516907448339,31.577625065243286,22.372225172636714
3335,Binh Phuoc,VNM,2022,2022-06-10,0.0840689535650122,0.3291548834516004,0.0726543120125671,0.09938149733924419,0.3201982232409264,0.20958050113945076,0.0961330405686896,0.6209644359328703,0.5777557467228658,30.953258539836607,19.527161352438938
3339,Ca Mau,VNM,2022,2022-06-10,0.08759472330500886,0.19077249495398413,0.07525665028282859,0.09715597788414669,0.15793936027585231,0.10528923897583758,0.056875448867969976,0.3718838194876875,0.20582778419080616,26.750814514254536,25.174852859064213
3340,Da Nang City,VNM,2022,2022-06-10,0.05463015398434128,0.28755272461010184,0.04109595530979324,0.06806433513977055,0.25885218674412525,0.15853162791327943,0.07647403724700108,0.6864569945188151,0.5566692110759873,33.313096950724955,24.17546096810572
3346,Ha Nam,VNM,2022,2022-06-10,0.12612503201471498,0.2856559180126955,0.10748413001466828,0.1361965308748852,0.25307370337757906,0.17593545473595518,0.09984738177838845,0.39283747161761423,0.31654551310530393,34.61201312692883,
3350,Hai Duong,VNM,2022,2022-06-10,0.18044818297264872,0.33912613286877535,0.16028887843241954,0.18940076982715295,0.3093227898929952,0.24189059163979892,0.1579244698889246,0.3382808075972055,0.3591295936330377,33.418286327657626,
3354,Hung Yen,VNM,2022,2022-06-10,0.1167322748296831,0.28584967086353724,0.08379694211148464,0.11997225093179174,0.25652175504071545,0.19455786561956054,0.11996837381333501,0.43253831275462123,0.3858881542948816,35.22597232512536,
3364,Nam Dinh,VNM,2022,2022-06-10,0.10356971121978623,0.2701547626699499,0.07137333777986225,0.10650927095431839,0.24094418841783607,0.1772343863612475,0.10529746908204934,0.44524915991781533,0.39874341731970153,32.378273581778316,
3369,Phu Tho,VNM,2022,2022-06-10,0.1856096432979976,0.3644607095132487,0.1827165786313319,0.20106394623029744,0.34151563187943423,0.23442316220073975,0.13237972967443878,0.3495494133239737,0.34170469791389646,25.426110459425686,
3372,Quang Nam,VNM,2022,2022-06-10,0.041928092377671644,0.30653096323130025,0.03031617357890705,0.05817500358355489,0.2782182280294346,0.1604558894490912,0.06469357777202145,0.7661629576538719,0.6329486351549285,31.9524455244274,22.132636354504065
3381,Thai Nguyen,VNM,2022,2022-06-10,0.24886161887653305,0.40620888294753865,0.2526709971263365,0.26439787486312033,0.37842251860312026,0.27819807700576604,0.16922340668159883,0.2614641405071946,0.2636205581815465,27.200219267696102,
3389,Vinh Phuc,VNM,2022,2022-06-10,0.2906034488482213,0.39443427784038715,0.2933706968766651,0.3021547514617481,0.3693837724119826,0.2694493735743975,0.16593089769117292,0.17185513329250576,0.16245440313615506,,
73933,Can Tho city,VNM,2022,2022-06-10,0.09534511718857622,0.2606164264440911,0.06662685749472344,0.1008057470892268,0.23130120997514728,0.16688679365884043,0.09169658077154065,0.4538471905208511,0.37844940164434243,34.47139771918048,24.420648147056426
73934,Dak Lak,VNM,2022,2022-06-10,0.08663802990479645,0.3402370781907714,0.06939520829996404,0.10029410461042766,0.32243373927056695,0.21324391762149222,0.10476439841805843,0.6205700507742432,0.621841002310181,30.745880480037748,19.216784832120545
73935,Dak Nong,VNM,2022,2022-06-10,0.09390326245686023,0.34733372678383795,0.08425154438918477,0.10961797128458972,0.32618654441482386,0.21030527816176836,0.1016873606627152,0.6041483026237183,0.5822266432910672,29.321893783888928,18.3753160031965
73936,Dien Bien,VNM,2022,2022-06-10,0.4023531261523462,0.5256526180955919,0.40484904745221206,0.41411904338101624,0.48972357449104403,0.36725423994099776,0.23063267644405738,0.16680795844276747,0.19004404638406872,31.287216187658554,
73937,Hau Giang,VNM,2022,2022-06-10,0.08683764103123746,0.32081900064043106,0.07367811885595485,0.10350468657650837,0.2771889766601671,0.18236967050829564,0.09129822614968824,0.5939171050706173,0.5249558314871409,28.778355244768317,22.857834038984365
73938,Lai Chau,VNM,2022,2022-06-10,0.4251878400442611,0.5499430143389412,0.41729802126012905,0.4352263472545304,0.5051027111133992,0.37342952118848716,0.23196647759787908,0.19263953759291738,0.21980679135503847,24.260175438596544,
73939,Lao Cai,VNM,2022,2022-06-10,0.2219156425978255,0.4303693147777074,0.21331909798525717,0.23683826114003556,0.40461803431496085,0.29406892624040337,0.17539170642399418,0.4171033824803263,0.45877204635203495,32.353370081090915,20.79617214913818
3326,An Giang,VNM,2022,2022-06-10,0.06479291026248354,0.35234820505409964,0.046127521969616544,0.08248464758975226,0.2948654978693172,0.18345350313246236,0.08293554365021516,0.6819863891317397,0.6560635262388533,29.66610912091781,
3332,Ben Tre,VNM,2022,2022-06-10,0.11727171147200587,0.2641415107539962,0.1085588230971221,0.12789438265049272,0.23049844039035916,0.15721827009689213,0.08714043102094045,0.36258454907468013,0.29591260628594884,29.563271992979242,24.465613651031187
3343,Dong Thap,VNM,2022,2022-06-10,0.09253497319207331,0.2883928846621483,0.07120570729110998,0.10457172578543367,0.25150388339416246,0.17201859314925572,0.08782619723083963,0.5152880624952205,0.4331166888318488,29.912378002864326,24.656386926252907
3351,Hai Phong City,VNM,2022,2022-06-10,0.11992062542841996,0.25933950612564,0.09573404248041173,0.1250550765755434,0.23470125142024,0.18233273867732344,0.11821077564177364,0.3832889261394235,1.3306377224905042,27.987784222737854,
3352,Ho Chi Minh City,VNM,2022,2022-06-10,0.12237507919909336,0.2627226181628311,0.11721008734177671,0.13602603924575793,0.23913415693004708,0.1776922662573083,0.10826593699619975,0.3775027039546507,0.316794154175233,29.313479090461968,24.35558309844566
3356,Kien Giang,VNM,2022,2022-06-10,0.07877999111937539,0.2585832566087333,0.06158073078879844,0.09131547103740777,0.22486899944040753,0.15178196625484935,0.07614008876645327,0.5106463322291666,0.40514746697844195,30.403572427304354,
3359,Lam Dong,VNM,2022,2022-06-10,0.08645814691735856,0.33529575366688785,0.07448247314589321,0.10061480621546069,0.31634511031016616,0.1991250315966568,0.09526828182958527,0.62452048496433,0.5719061134490468,28.7882845465741,17.548322817822307
3362,Long An,VNM,2022,2022-06-10,0.08879858681837582,0.3074976069383006,0.07557421552057103,0.10571519729572554,0.2732081784223623,0.18756665665654057,0.0936916941410393,0.5644860098740174,0.4958746736851173,30.524464851765533,24.80089180508873
3375,Quang Ninh,VNM,2022,2022-06-10,0.24591189187247725,0.3692508310718496,0.24500701042365203,0.25756003302801295,0.3490467039714933,0.2661581505150281,0.17354677416367376,0.23028156500119307,0.23542779174336695,36.61500677690431,
3378,Son La,VNM,2022,2022-06-10,0.35607931296651435,0.48853401371481975,0.35865240120065456,0.3677822664841928,0.4597041494160783,0.35127785097964304,0.2247763697023209,0.1916892816536484,0.22187071764334962,26.980720634013075,
3379,Tay Ninh,VNM,2022,2022-06-10,0.07789596463222787,0.33071869191466613,0.061660366234459724,0.09620118197193114,0.3112840126754282,0.20575924714120372,0.09344102856125532,0.6294763174354978,0.6040662510429111,30.319614133667113,
3380,Thai Binh,VNM,2022,2022-06-10,0.09788910872000832,0.26195852024480376,0.062205199143047396,0.10019174163439837,0.22872951869075694,0.16938417210075266,0.10088731295179917,0.4590338533912862,0.3946701742102507,32.68077517210832,
3382,Thanh Hoa,VNM,2022,2022-06-10,0.09996497260232537,0.32228486312663507,0.0873947836058719,0.11367986315710457,0.29612933316316714,0.18992075768178113,0.09178905761489596,0.5325512453183532,0.4748765742287586,34.146306919460535,23.700100979998336
3384,Tien Giang,VNM,2022,2022-06-10,0.11090097867666204,0.28537235979243775,0.1011441599849465,0.12268877173485673,0.25438602636609003,0.17943064692131455,0.09801705883157148,0.44796813951563536,0.3786465090013869,29.833241501876564,24.381925981212326
3333,Binh Dinh,VNM,2022,2022-06-18,0.044056928107011784,0.3125371142759163,0.025813952688410725,0.05697793596264918,0.28304726615096304,0.16587295185277812,0.07266277272874806,0.7558522561988953,0.6580274066177411,30.507920980350207,23.317955018485208
3338,Cao Bang,VNM,2022,2022-06-18,0.1163611896674128,0.3838680782822164,0.10951131506014634,0.13712265700262685,0.3650468287838271,0.23561935365636016,0.11276573542576242,0.5491354777521607,0.5738992727534648,29.860075057753658,20.291707132412807
3355,Khanh Hoa,VNM,2022,2022-06-18,0.06399941361975574,0.316659145041543,0.046070977095086785,0.0764236964296567,0.29544802585317936,0.18570212113321002,0.0899788782783481,0.680747985584134,0.6542127857861275,31.489392269144986,21.857387641381454
3360,Lang Son,VNM,2022,2022-06-18,0.07946874467031667,0.3808233513222853,0.06618623414582318,0.10011533033377297,0.35935619717087564,0.22683456583529005,0.10074304244646771,0.6673964462916101,0.7102029300942567,28.268939895199367,20.84387200686316
3370,Phu Yen,VNM,2022,2022-06-18,0.05065283385011976,0.3013711453902569,0.032156356457158565,0.0625445695205685,0.27379451079695094,0.16752474617929114,0.07680095426732675,0.7155248101674152,0.6167985831475121,31.379949271513876,23.90957620299901
3371,Quang Binh,VNM,2022,2022-06-18,0.061909527508863346,0.3560648687449486,0.045887154988022594,0.07971330995133195,0.33105123818679116,0.20388489051431538,0.0903083450825491,0.7099499634000008,0.7725934965352094,31.8631337826807,21.608184598125426
3374,Quang Ngai,VNM,2022,2022-06-18,0.04730227803228302,0.3147184870161013,0.030315116905683052,0.06189640967644452,0.28816043474146613,0.17407926923946765,0.07575070541637004,0.7440813484741463,0.6548568825168687,32.46224046685467,22.161116467196106
3376,Quang Tri,VNM,2022,2022-06-18,0.0654125873046473,0.35246762470528814,0.04596056783265724,0.08140655015941728,0.3265230585520971,0.20593854654368812,0.09563099183494118,0.6932150808955317,0.7319320357372116,32.44730926159723,23.97640851406088
3383,Thua Thien - Hue,VNM,2022,2022-06-18,0.0569764395054031,0.339917788850831,0.03694589744016474,0.07487476761690916,0.3220877546064155,0.20289096146327015,0.0922021166494417,0.7073735389399806,0.7071043161089886,31.73948876079541,25.12581358288602
3327,Ba Ria-Vung Tau,VNM,2022,2022-06-18,0.09161217788853043,0.31228076273388045,0.06973651989713069,0.10342082141769456,0.29540750142793004,0.20512488807651116,0.10882596685002181,0.5306640988837652,0.5591858188925027,31.532802268019843,23.373713104274998
3336,Binh Thuan,VNM,2022,2022-06-18,0.07113290269529253,0.35904989957810496,0.04092846891843903,0.0825214479432796,0.34633192767553184,0.23113528711202025,0.1125866889009621,0.6804262612743854,0.8532446645911411,29.209562596159696,21.79848538548692
3342,Dong Nai,VNM,2022,2022-06-18,0.08496934472223269,0.32238848352082455,0.06756826573795055,0.09909562401095114,0.30133740524351754,0.19850235923594198,0.09808711618981658,0.5964306137650499,0.5660796965399348,30.049631945095296,21.969781883564867
3344,Gia Lai,VNM,2022,2022-06-18,0.10670943308903223,0.3467455854503549,0.0890017328977271,0.11759038020401781,0.3348299142263251,0.231086080954511,0.12427824278047338,0.5646883951241981,0.303456347558115,31.179365065551483,20.031045064195514
3345,Ha Giang,VNM,2022,2022-06-18,0.1307005117434483,0.38855868107035435,0.11892483291116902,0.1497215840951579,0.37301689641747754,0.2469052126557756,0.11917281035615102,0.5156224331743555,0.5387245655387894,29.70056772359418,20.1472297531559
3347,Ha Noi City,VNM,2022,2022-06-18,0.10798766870871322,0.27238356085654286,0.07103435004861161,0.10990684821527345,0.2650134057399886,0.21215520819768924,0.1323021894315525,0.42411746355114555,0.4673653671392541,40.02572314413458,24.88513098824868
3348,Ha Tay,VNM,2022,2022-06-18,0.09368588373127981,0.2661635994900352,0.055341530959174476,0.0971101938800001,0.24101082330973086,0.17816246964514432,0.10138130614284709,0.4579701113326156,0.447200929928056,36.05063594808573,25.616798780734182
3349,Ha Tinh,VNM,2022,2022-06-18,0.06333463136467715,0.33610872128493235,0.04081292934435576,0.0786428101183983,0.3099703334041391,0.19772437816697813,0.09002362148253887,0.6826575427405225,0.6692112645784559,31.11041541705545,22.834055100916622
3353,Hoa Binh,VNM,2022,2022-06-18,0.0630502729602369,0.3638063935927455,0.04391038236777991,0.08209160009267281,0.33711945852105873,0.21119199651811874,0.09147009240976137,0.7029554445195393,0.7260567143863386,32.604985775507856,22.27233389198116
3357,Kon Tum,VNM,2022,2022-06-18,0.08461722479606984,0.3553894703369742,0.07333356188977153,0.09993637826332778,0.3374659122154368,0.21167572808884036,0.09880984986237945,0.6472086523623796,0.6364678720444683,28.504465189359944,17.48467537462456
3366,Nghe An,VNM,2022,2022-06-18,0.06364655273322327,0.35687541320258237,0.04576822798124865,0.08042511522180859,0.33179181636814115,0.20845854119381826,0.09392973507376269,0.704507789867771,0.7248663469409068,30.25098576223058,22.41674121785281
3367,Ninh Binh,VNM,2022,2022-06-18,0.08231843215541478,0.28849828005700595,0.04613744176873855,0.08859643446282801,0.26889489903221714,0.1918733865413469,0.10218065462251898,0.5405545045341613,0.5184889803482016,33.475592315941164,24.864215393553987
3368,Ninh Thuan,VNM,2022,2022-06-18,0.06523014258638989,0.31461623641036696,0.036341339876843556,0.072910424378561,0.30619479800141447,0.20811384411194883,0.10693266861514182,0.66280171519104,0.7705698546324714,32.574644645762945,22.23430000842004
3377,Soc Trang,VNM,2022,2022-06-18,0.08220943803374674,0.28415942475400924,0.054936316166079184,0.09687797813250552,0.23726924919644582,0.15631495825668443,0.07545272817967766,0.5214021256971451,0.44567797631866934,25.028250966461204,
3386,Tra Vinh,VNM,2022,2022-06-18,0.07302969657501454,0.28677118324242096,0.044467160309697634,0.08666651293236673,0.2471636743922929,0.15915436378928738,0.07631789651125971,0.5485260981770496,0.4950939079258668,22.307785675536643,26.313605232968378
3387,Tuyen Quang,VNM,2022,2022-06-18,0.08940649828651229,0.37311023822199474,0.07863865850997337,0.10983037241504244,0.35234728357563627,0.2244438938991295,0.09857636138459462,0.6195153045032833,0.629016955686113,28.996411826041555,21.9628244258658
3388,Vinh Long,VNM,2022,2022-06-18,0.11236392135475257,0.3277046340396503,0.08893021345150513,0.12392308641425227,0.29318647148865046,0.1961616193344604,0.1023627808882114,0.4995848014267898,0.4641293330619117,29.93478593020929,
3390,Yen Bai,VNM,2022,2022-06-18,0.12510093517505433,0.3690945131090304,0.11649951828222516,0.14283136092705023,0.3491566732528874,0.23360457042468113,0.11392461008936594,0.53737722467074,0.5303482804925725,30.53187819854952,20.078884441744442
3328,Bac Kan,VNM,2022,2022-06-18,0.10080281125139307,0.37344824489658096,0.10057401677129246,0.12199022153084998,0.35069345179530104,0.22296087598554182,0.10243444643096207,0.5879658190128153,0.5900620873805613,28.606806455883795,21.25577908067847
3329,Bac Giang,VNM,2022,2022-06-18,0.08944400634386464,0.3523609102674677,0.06371269972493568,0.10164972350042187,0.3326025206939951,0.22200120941870155,0.10846176129752833,0.5956962044508038,0.6265939519498417,30.677535233402185,22.5400983795253
3330,Bac Lieu,VNM,2022,2022-06-18,0.07993529068546402,0.19778467622898688,0.05619806973848061,0.09170406266731346,0.16546795427183664,0.11652026242150158,0.061550760809327754,0.35530537747355234,0.2627465558723992,19.7350763004806,
3331,Bac Ninh,VNM,2022,2022-06-18,0.11331453128499538,0.2854209362600191,0.07443267806423343,0.11630793866574289,0.2628729983965559,0.20039650139340373,0.11835845563450807,0.42818603788599585,0.4163845495212661,35.29476351450016,25.183507439942897
3334,Binh Duong,VNM,2022,2022-06-18,0.12212027200149299,0.3407685679122104,0.11135874342462641,0.13674914801744542,0.3320920181958755,0.23936246987487997,0.1291316812056183,0.49506227330834135,0.546214568059773,32.10641733408144,18.335616088699265
3335,Binh Phuoc,VNM,2022,2022-06-18,0.06820639711787513,0.32865150646623376,0.05263209458883027,0.0831767437450172,0.31780070733806315,0.2026366758260247,0.08829357200102828,0.6773946484670139,0.6254486495761281,30.956289858341968,16.951140117637525
3339,Ca Mau,VNM,2022,2022-06-18,0.08803734352689348,0.19642308113026938,0.07314417019445443,0.09845840634340515,0.16398438671446822,0.10681813941444765,0.05635085949484909,0.383742478835541,0.21894849013777865,24.169558193310127,26.792342342342337
3340,Da Nang City,VNM,2022,2022-06-18,0.06315357181919118,0.34170220760252334,0.04101042919904708,0.07918076303988632,0.31471737528758925,0.19654633642321484,0.09554135915451348,0.6873422540153106,0.6899958617504447,31.823281680571505,24.595598934887366
3346,Ha Nam,VNM,2022,2022-06-18,0.10175612968023345,0.27213569582528097,0.06261318434760886,0.10440175440638871,0.24850996467268816,0.18627219090718572,0.10839612711905677,0.44815984751978166,0.41781152300923685,35.8815011532429,25.885691253262443
3350,Hai Duong,VNM,2022,2022-06-18,0.10301362867630741,0.2923766347884187,0.06477360767704227,0.10788576924991908,0.27320070882095016,0.20236400945897137,0.11453975005512446,0.47487298076671147,0.4669113021889892,35.17445803352519,25.00504173389877
3354,Hung Yen,VNM,2022,2022-06-18,0.11061747435054618,0.27767569155997507,0.07079866468565688,0.11100002574526155,0.2567352574477011,0.19589621790317607,0.11556265394339717,0.426751681292159,0.4091480467293361,35.07201077171958,25.755797823536714
3364,Nam Dinh,VNM,2022,2022-06-18,0.10856300408931029,0.2663449185505345,0.061813339587618754,0.10306794050472996,0.25122411032985115,0.1982860365592134,0.11932342355967282,0.4158451139034401,0.400289536062624,32.42511051187237,24.91247149906315
3369,Phu Tho,VNM,2022,2022-06-18,0.0745404316737809,0.3359898965525844,0.05031032693459252,0.088137716658402,0.31728666500777547,0.20998965523275268,0.09684088865809627,0.6300238221898125,0.6322175927984638,33.79020980679974,22.79501996390673
3372,Quang Nam,VNM,2022,2022-06-18,0.048951695119268765,0.33793951237923114,0.03411618861387386,0.0670537075960731,0.3112159443644142,0.1833044426240845,0.07676682056832122,0.7465532546261535,0.7372662480663065,30.457520348729666,23.58157875598712
3381,Thai Nguyen,VNM,2022,2022-06-18,0.08729806408058373,0.3464473002975649,0.07399784463570139,0.1032968256060743,0.326784935236338,0.21697013881182656,0.10387251843576525,0.6042237495657471,0.6093892539972985,29.002760519962255,23.868355352440695
3389,Vinh Phuc,VNM,2022,2022-06-18,0.0885532314550557,0.3007246910685371,0.054026166351713784,0.09475800995509845,0.28917453736850485,0.21005818660968717,0.11336296774440027,0.5321253906462777,0.5540704444795399,33.466688198775465,24.086325580447625
73933,Can Tho city,VNM,2022,2022-06-18,0.11609814581140682,0.2743387520594444,0.09070062051950359,0.12543392607215031,0.24414571849119296,0.17566965391693898,0.09683095943928023,0.4136085300856462,0.3377086333742015,29.443637345856864,
73934,Dak Lak,VNM,2022,2022-06-18,0.07288032640311734,0.3165736589367979,0.05569829870951112,0.08528737387755915,0.2989639743292281,0.19390753785954706,0.09465886514296518,0.6566896220894135,0.6110581285870097,31.333541223832352,18.722481653587305
73935,Dak Nong,VNM,2022,2022-06-18,0.06843321348433173,0.33581382795221293,0.054651795705801205,0.0839857942450503,0.3123634278279703,0.1918039362924935,0.0863297024213752,0.6884316290636308,0.624974902514582,29.26109833629439,17.47483739173765
73936,Dien Bien,VNM,2022,2022-06-18,0.21669874019420088,0.4254361420323779,0.2165159871667893,0.23292716009901146,0.40202985684761766,0.2856010918949806,0.16222583596694914,0.3776775816599075,0.4104504308732689,26.180321184309328,14.308639761287662
73937,Hau Giang,VNM,2022,2022-06-18,0.08326278257223522,0.32986779757784807,0.06314873932734653,0.0995446598679506,0.285734730832302,0.18207281086033128,0.0874179730214847,0.6095192278565253,0.5411856927421983,30.29621309637211,
73938,Lai Chau,VNM,2022,2022-06-18,0.288596437180867,0.45041228618190254,0.2937276688905694,0.3025998496697007,0.4194626422982269,0.30738569227366846,0.18001734615689743,0.29296853819014973,0.2975987614164764,24.051307139623678,14.4507187575192
73939,Lao Cai,VNM,2022,2022-06-18,0.1748241668249024,0.42341999366584554,0.16524356211863955,0.19284699139008576,0.3983311660228583,0.27065007626491777,0.1383457919534997,0.47277080697556334,0.5000969225326237,31.91235345877201,12.544735807593716
3326,An Giang,VNM,2022,2022-06-18,0.10161203749177003,0.3912240365747378,0.08349506786460095,0.1214373859416176,0.32738303064446067,0.20725232826865952,0.10091465181634972,0.5972203267452237,0.6045004400701932,27.634853409498163,
3332,Ben Tre,VNM,2022,2022-06-18,0.0925901505521557,0.2743352637486814,0.06639734544268014,0.10201791818841845,0.24061649388296577,0.15615672420244275,0.08024771067970017,0.4689699590149205,0.4002552939884768,29.428010336352834,25.966516362572772
3343,Dong Thap,VNM,2022,2022-06-18,0.10761429163759291,0.3246837179326571,0.08616650542421926,0.12348988797863264,0.2828091514252492,0.19360683461841774,0.10066568990662737,0.5073818351461452,0.46916601906020045,29.577844682331552,
3351,Hai Phong City,VNM,2022,2022-06-18,0.10821367822845361,0.2616339225565522,0.07669773298295197,0.11232820746022987,0.24196431399930066,0.18279082200160168,0.10808997307749606,0.41604435639959486,0.3780910869110935,34.350566457122206,24.0846652562819
3352,Ho Chi Minh City,VNM,2022,2022-06-18,0.12550437195371936,0.27768359479349813,0.11060973687645627,0.13736070732725775,0.25427130451997193,0.18828543353224775,0.11535437222329012,0.4010150196554717,0.2591882467869266,30.13063797273513,22.914540546654454
3356,Kien Giang,VNM,2022,2022-06-18,0.0735060620443741,0.2673132332638003,0.05112286681327934,0.08621332687618065,0.22997367780933448,0.1498190951650334,0.07274058299897072,0.5388218706273777,0.4313250468463256,27.03451031071147,
3359,Lam Dong,VNM,2022,2022-06-18,0.07505217789111955,0.3427951266762596,0.059660643910560716,0.09034755160689993,0.32253956277784,0.19768625128483927,0.09044560583486555,0.6722406766723662,0.6230106249461038,26.201956617439418,16.938434472845657
3362,Long An,VNM,2022,2022-06-18,0.0882984327308861,0.3322316417290496,0.06745957074955773,0.10538626668514765,0.2928481168985885,0.19756904039256973,0.09986468650676739,0.5888005162088235,0.5681796719725951,31.364038027028272,
3375,Quang Ninh,VNM,2022,2022-06-18,0.09969245575823095,0.3147106709666763,0.0874910272878133,0.1138657756759132,0.2944066808683129,0.19601144340276364,0.09868349994612202,0.5336909280363767,0.4812641304719905,30.441909516631295,22.28744546068057
3378,Son La,VNM,2022,2022-06-18,0.12136035273393375,0.37187918624300137,0.11335435664840816,0.13892730323903227,0.3509463080835917,0.23543413996845747,0.11836229297203349,0.5534399309321804,0.5669901784476875,29.110266980779862,16.923608411376136
3379,Tay Ninh,VNM,2022,2022-06-18,0.07232561625967993,0.3426529907248619,0.052196756727887865,0.09004631872533615,0.32363302421742707,0.21488274264012147,0.09968278520498568,0.6557554242910344,0.7081405912486759,31.526503634626955,
3380,Thai Binh,VNM,2022,2022-06-18,0.10871609153642099,0.2628224011316646,0.06669504498063902,0.10694617307115321,0.24087860923333754,0.18505545973306925,0.10937781257910893,0.41070804083299167,0.36724161296502994,31.804958345352905,24.532899834822324
3382,Thanh Hoa,VNM,2022,2022-06-18,0.06724090345081982,0.34370456991833737,0.043654105076648304,0.08203156565121315,0.3185548834705129,0.20655145619268578,0.09389900135359865,0.6617948085384904,0.6819909045869548,30.3620036172028,23.14846402116303
3384,Tien Giang,VNM,2022,2022-06-18,0.10895081607987338,0.3019061517795188,0.08999698834079685,0.12060345216622897,0.26835027996078886,0.1860095186668675,0.10076102400158261,0.4774157451301358,0.42986550501801857,30.351945469265942,24.66611215431319
3333,Binh Dinh,VNM,2022,2022-06-26,0.048252915180971065,0.35570939593809436,0.028961981091518665,0.06464850965235067,0.3190079919995012,0.1856652685806764,0.07637764003490452,0.7565342508936902,0.8740107576070123,29.615593240178637,22.54946665914738
3338,Cao Bang,VNM,2022,2022-06-26,0.11482064137785726,0.36557759507125814,0.10993716805417818,0.13366358112143475,0.3431597885113235,0.223978802253123,0.11181530338921387,0.5740770797112758,0.5506126243177505,30.207706442250828,20.895188078431683
3355,Khanh Hoa,VNM,2022,2022-06-26,0.07203641269866483,0.34858496288901314,0.054006340407910365,0.08609869569274295,0.32135972938892277,0.20197568395273627,0.09476917687073384,0.6712461858990393,0.678509129518971,31.255360042128764,22.068538150274975
3360,Lang Son,VNM,2022,2022-06-26,0.11074038538178822,0.3509198039068084,0.1053712178282905,0.12781936624191542,0.3256326035437834,0.21043765506115458,0.10548976075377878,0.5689317926298376,0.5163825304387848,30.240782357957823,22.160695048908153
3370,Phu Yen,VNM,2022,2022-06-26,0.05876763781495743,0.3581440834189958,0.03726196284372601,0.07566381204901265,0.3230158152354397,0.19611014039606378,0.08349926485990715,0.7123843244855685,0.7023108568983142,30.988551049486162,22.708500746647438
3371,Quang Binh,VNM,2022,2022-06-26,0.06897782119320471,0.365949872664224,0.05166686399844817,0.0871811081767688,0.3433497991631724,0.2164056652585865,0.0986079830608298,0.6948992013716807,0.8350012625485792,33.077084257699035,23.377525195501956
3374,Quang Ngai,VNM,2022,2022-06-26,0.0427463519515577,0.30886873316890295,0.02878943727734367,0.05705105380799739,0.2777218825181629,0.1654351307085074,0.07003612361309561,0.7612680955600687,0.6485858872915192,28.62624967362351,22.253280721652928
3376,Quang Tri,VNM,2022,2022-06-26,0.08027666729610367,0.3505996311750755,0.06278827293678264,0.09615422550630273,0.32518365584874054,0.20812980741014284,0.09929972493673724,0.6526481192086695,0.6494891344742534,30.126900429266723,21.442607804847537
3383,Thua Thien - Hue,VNM,2022,2022-06-26,0.05229906311208515,0.29889091564515946,0.038567665316573546,0.06813562697153991,0.27880494061007144,0.1717257147676692,0.07594088442789272,0.7029280623425618,0.6048583547273699,30.016505353764543,22.43527499598639
3327,Ba Ria-Vung Tau,VNM,2022,2022-06-26,0.12564152422227678,0.2942088790525725,0.12237703775672361,0.13819319872026273,0.27192852207478574,0.1934398633954487,0.10782960642632004,0.3966549271971674,0.36051324260981515,34.99094879025756,23.66535883642376
3336,Binh Thuan,VNM,2022,2022-06-26,0.10428425552934333,0.3527279700646794,0.08496627870407027,0.1150565594629169,0.33118864555554467,0.22228190862865196,0.11162406758896684,0.5916757397286737,0.6374850325572052,32.56512507526411,22.826534355980257
3342,Dong Nai,VNM,2022,2022-06-26,0.13157614185189564,0.31656443980497784,0.12871331979198983,0.14538501999590556,0.29130912777796863,0.19675293658760917,0.10451612415377518,0.4576554620775833,0.386429596827171,32.47747044119744,22.638619163496063
3344,Gia Lai,VNM,2022,2022-06-26,0.12740453444248756,0.34494023158843956,0.11747035417827623,0.14008280109037766,0.32489248848830804,0.21902656569756412,0.11402369369518367,0.5206331537936892,0.5262686845909386,32.669145933342506,20.42108646522891
3345,Ha Giang,VNM,2022,2022-06-26,0.07401745215902507,0.3370833285715095,0.06236920343219253,0.09267388504352074,0.31770277142584147,0.20162698646646657,0.08987274117780178,0.6895425905340532,0.6234487992575459,30.980908389709946,19.866899008792437
3347,Ha Noi City,VNM,2022,2022-06-26,0.13016764023689978,0.27700445777741567,0.10639649908308627,0.13593479837197625,0.26200984646956416,0.2039028777288346,0.12250368645366279,0.37122098729541675,0.33763277771500416,,
3348,Ha Tay,VNM,2022,2022-06-26,0.12064756755666405,0.276427172098602,0.09391643577285011,0.12732049948480548,0.24910702207285368,0.18380356473760928,0.10530289809372118,0.38924824009505044,0.3487907402721145,31.404711412730236,26.690193393124275
3349,Ha Tinh,VNM,2022,2022-06-26,0.06101196123550905,0.34584932195948515,0.034712922428410606,0.07607353507001759,0.32605850088548705,0.21263042349050224,0.0983880365662664,0.690665466349039,0.7459379312854356,34.99730703994428,24.56610007461689
3353,Hoa Binh,VNM,2022,2022-06-26,0.07021088293208648,0.36059669415477974,0.05410549007593715,0.09004836376743883,0.331827549696757,0.20607619022698206,0.09043466367637434,0.6722563820473503,0.6719886902087744,29.271373628185646,23.655834745138367
3357,Kon Tum,VNM,2022,2022-06-26,0.14192686884477648,0.35482802816870834,0.13848949522764348,0.15601065758022045,0.334926951820199,0.221947024086095,0.11778066336039865,0.4912263962691522,0.4455709134591379,29.545929784897385,18.96801850257574
3366,Nghe An,VNM,2022,2022-06-26,0.06245168824336682,0.381174398064507,0.03942138264058935,0.0805455674550855,0.35796712016751076,0.2244897654696461,0.09938217856477341,0.715553783658623,0.7721260730760583,34.40276237287315,23.28923586868493
3367,Ninh Binh,VNM,2022,2022-06-26,0.09407634351018347,0.2706456426923762,0.058820929254350736,0.0968420719813311,0.2539095593003043,0.18762606334835577,0.10820699359716479,0.47846710141971904,0.44990540167832405,32.989141750167015,26.30827271724697
3368,Ninh Thuan,VNM,2022,2022-06-26,0.07584705100781537,0.3408838630818759,0.04954438136145989,0.08570693907400616,0.32563323647619563,0.2205720798191718,0.1083779606130277,0.6468974774577007,0.7389233708744909,33.49799151764178,22.71854712157132
3377,Soc Trang,VNM,2022,2022-06-26,0.15121402288493446,0.31961295883511665,0.1457727123274587,0.16813233835159525,0.267370957068707,0.17768392399841684,0.09140106785226049,0.38417253239041854,0.31973225494537555,30.97860896188056,
3386,Tra Vinh,VNM,2022,2022-06-26,0.11069112049727496,0.2818644893437153,0.10193051041469374,0.12538272986278065,0.2401835066728171,0.15611425919123983,0.07851501244084774,0.43828622911105536,0.3529279595611301,32.025732678874206,
3387,Tuyen Quang,VNM,2022,2022-06-26,0.07168517939761437,0.33905131224685275,0.06357704702608645,0.09058061415749102,0.3139499744127986,0.19550934857590352,0.08471964557992914,0.6704354331822181,0.6067570760852133,31.391272757491354,22.28236232414993
3388,Vinh Long,VNM,2022,2022-06-26,0.13694363288675765,0.31004847309153044,0.12416336605825469,0.14705363588038764,0.2757335304192392,0.1879258935234021,0.10275708326246694,0.4429844882536148,0.3669600383578637,32.08728951763156,
3390,Yen Bai,VNM,2022,2022-06-26,0.09840545292048818,0.35231144105371126,0.08846897171266514,0.11645202819050296,0.33230393847105694,0.21593017024975342,0.10149372184134539,0.6085385035889107,0.573110921735372,30.754240836539232,18.87386988832901
3328,Bac Kan,VNM,2022,2022-06-26,0.08276426661759852,0.3507442784116819,0.07954229683102702,0.10223077749045587,0.324994048666563,0.20094696024751274,0.08892042979707054,0.6576793924744805,0.5915361889859728,30.61721619932994,20.77791484304329
3329,Bac Giang,VNM,2022,2022-06-26,0.12287463819785764,0.336883981649942,0.10807883156667623,0.13375964777317134,0.3123153513107252,0.21345087818637323,0.11283151756757946,0.49162614832320095,0.4520839096941006,31.17269382952921,
3330,Bac Lieu,VNM,2022,2022-06-26,0.11958924375782054,0.20922015619130127,0.1139557915610413,0.13252393104243881,0.1767891083540648,0.1238398046000294,0.06791220748795314,0.2584284875382367,0.16916850846689996,29.7768738453639,
3331,Bac Ninh,VNM,2022,2022-06-26,0.13592129349719165,0.2692398820872192,0.09984042139723615,0.13567693491397206,0.2446173421598926,0.19473687654814814,0.1187879923293181,0.3364450048294472,0.2992889408067228,,
3334,Binh Duong,VNM,2022,2022-06-26,0.14550290506733488,0.3398542024031978,0.13958600136731633,0.1597501272767461,0.32863744522665256,0.23657970025483616,0.128745339577906,0.43706138987886856,0.4199481485555738,31.81507867746347,
3335,Binh Phuoc,VNM,2022,2022-06-26,0.13366386252612025,0.3260309922474022,0.1328419202438081,0.1479715309990877,0.3124529582385204,0.20872565886264574,0.10576301798497922,0.462489854651797,0.3859622576361079,31.95589440183322,
3339,Ca Mau,VNM,2022,2022-06-26,0.11712580433095937,0.20523598203832016,0.10754021866230035,0.12736785377307996,0.1746282803303583,0.11755503900359403,0.06606703118945448,0.2985412522485101,0.17053755120752892,26.022500946364808,
3340,Da Nang City,VNM,2022,2022-06-26,0.07168964910463753,0.3148745700798613,0.05548821969942601,0.08575152614752643,0.2867527133823798,0.18207350702748926,0.09121951107140507,0.6366763196932071,0.5744621851198076,29.804211906737983,22.588655694131152
3346,Ha Nam,VNM,2022,2022-06-26,0.10952200400474972,0.24462509974832752,0.07432866539383909,0.11081336183083931,0.21546441223099733,0.1633163930158181,0.10000674764361092,0.38138766689227105,0.3570205530620866,32.770340855665275,26.554675642568856
3350,Hai Duong,VNM,2022,2022-06-26,0.10480578694445405,0.24723308752119416,0.06925358319796157,0.1055679908386733,0.22203837443364127,0.16952868117720618,0.10437475847835742,0.4142161991356348,0.3546899097619397,31.738089878553442,26.248526405543277
3354,Hung Yen,VNM,2022,2022-06-26,0.11820712907907607,0.2500997500154766,0.08146242547876803,0.1163038202233941,0.21967442473589027,0.17066105174306256,0.10662384079995076,0.36366015828863646,0.31421974695284427,34.05335831599352,26.205190769708103
3364,Nam Dinh,VNM,2022,2022-06-26,0.12319446732037348,0.2312462898459632,0.07904796851904569,0.11454256976698853,0.2157402596198049,0.1801434889461014,0.11940275470164376,0.3012588706611025,0.27552719858204944,35.93935225720101,26.778986761102637
3369,Phu Tho,VNM,2022,2022-06-26,0.082382984327077,0.32595987361716283,0.06552108638184649,0.09693653478821716,0.304455723703458,0.2019904442955949,0.09670754449993864,0.5986128920711217,0.5727685351500441,30.83027344901923,25.048953804347825
3372,Quang Nam,VNM,2022,2022-06-26,0.04940027221715617,0.3146177708866321,0.038076209751527666,0.06598568398895834,0.28708722482019505,0.16828821462658372,0.07088325649500203,0.7364177629679425,0.6295534162428672,29.75851339986844,21.35269226876069
3381,Thai Nguyen,VNM,2022,2022-06-26,0.06906252121905548,0.33431545607227403,0.05464107041108987,0.08557454416202676,0.30591483777479567,0.19162952709023007,0.08276542619244454,0.6681004691512026,0.5966720194759032,29.313940408266937,23.377281358586632
3389,Vinh Phuc,VNM,2022,2022-06-26,0.11783229525160117,0.2891064959093451,0.1003629979113657,0.12664882082073867,0.2683013262926174,0.19672903063264352,0.11192277763982347,0.4383481693030388,0.39205035790842724,31.68206956946769,23.625346659257357
73933,Can Tho city,VNM,2022,2022-06-26,0.1340105327141694,0.2756786144279567,0.11980447285115262,0.14541804286674645,0.24276670333258032,0.17395742377990017,0.09743191587549083,0.3925990783707915,0.2986759533192554,30.67715691346803,
73934,Dak Lak,VNM,2022,2022-06-26,0.08232896826028363,0.3167574909389241,0.06875665038303777,0.09560801800928345,0.2932208944237081,0.18899347285751117,0.09129393669782636,0.6310547928801707,0.5516505416838283,31.648616713646575,20.131159075790507
73935,Dak Nong,VNM,2022,2022-06-26,0.08270156190501278,0.30848215669597634,0.07453755995929821,0.09580143039344247,0.28440202166805445,0.17891107605503492,0.08709888653479826,0.6420983747652546,0.5233147985449091,30.33414696568174,18.650576258602033
73936,Dien Bien,VNM,2022,2022-06-26,0.17470678331029754,0.40944623372968336,0.1672070361159563,0.19132031557740592,0.38776404565592437,0.2647418901299547,0.14288522704202583,0.4638677039523881,0.48980804950202905,29.10281317885821,20.31083334592386
73937,Hau Giang,VNM,2022,2022-06-26,0.1595385464226326,0.35029088497227145,0.15253101466673147,0.17441767595339588,0.2955982996700197,0.1906569303538456,0.09892759769444857,0.4611477470553513,0.37419965900823654,30.715562630105374,
73938,Lai Chau,VNM,2022,2022-06-26,0.2659053840890842,0.4514780229588979,0.258795696313481,0.2791063612310554,0.4226270620030585,0.3077080586779096,0.1829529880399926,0.3447440549535775,0.3616536667045283,28.60708726671259,18.933662880778787
73939,Lao Cai,VNM,2022,2022-06-26,0.09854416376410316,0.38100083041187693,0.08504330281508496,0.11789760812698934,0.3565517326958546,0.23260675569436204,0.10978791063599468,0.6498293918727012,0.6664818575513553,31.434857146908072,18.768219824806984
3326,An Giang,VNM,2022,2022-06-26,0.10391191724017318,0.3729903505631471,0.08683009174650802,0.12218497927989166,0.3133076365332331,0.1928743183388714,0.09049978008653116,0.5762358537974988,0.5384884015961077,29.510077278292865,
3332,Ben Tre,VNM,2022,2022-06-26,0.13451933039964303,0.26266412015952634,0.12447019226044857,0.14366573717476278,0.22953632258164763,0.1532503580605735,0.08500846789469367,0.3535154307086528,0.25611554931776154,32.73086428798298,
3343,Dong Thap,VNM,2022,2022-06-26,0.11367453042907949,0.3178623822069519,0.09677094745147635,0.1293456298459888,0.2771651967416706,0.18459452210244004,0.093950157398554,0.4953593190516829,0.4258691829493465,30.73993150652315,
3351,Hai Phong City,VNM,2022,2022-06-26,0.11427044768891656,0.2444465712373214,0.0859450442202468,0.11709816706976672,0.21991806115043827,0.16960738591471555,0.10809742130164329,0.37112153661706887,0.3362606782264624,23.2079422070535,25.807012887383568
3352,Ho Chi Minh City,VNM,2022,2022-06-26,0.1320154386813337,0.2663059622936701,0.12348804656044464,0.14416958489897133,0.24270035980977728,0.1790542673102469,0.10987008461502759,0.3638059458918432,0.3002584964646741,33.108556665918236,
3356,Kien Giang,VNM,2022,2022-06-26,0.08701277395702436,0.27065751485767403,0.07174950764725545,0.10024621567826673,0.22946710345300667,0.147580539018117,0.07159504752863892,0.4963623393387365,0.3855097684092551,28.732655716623857,
3359,Lam Dong,VNM,2022,2022-06-26,0.09611020359882026,0.31754984788964424,0.08693918395980893,0.10840046537124415,0.29505561587332035,0.18676342707342417,0.09242811351999021,0.6073056041137892,0.4953427391927021,29.231515393630588,17.77830241572658
3362,Long An,VNM,2022,2022-06-26,0.1068977291345564,0.33029764558850827,0.09407986266449815,0.1234896598182864,0.28985492309956357,0.1914461895644023,0.09758715294574768,0.5288373143992992,0.47200538153915544,31.95279325006584,
3375,Quang Ninh,VNM,2022,2022-06-26,0.16110621020382968,0.3334094233884905,0.1607373061440385,0.17511656206829454,0.30902512941179655,0.21588333554261024,0.12169058292526047,0.3903795732257347,0.3458188024462216,30.95641313788908,23.365063609590116
3378,Son La,VNM,2022,2022-06-26,0.12782413405709755,0.4044912119422377,0.11424594488634474,0.1466590996014076,0.3854702578676638,0.25969919127513097,0.13195095286442504,0.5591807400577218,0.6615687811027523,30.537634037050072,18.427194269806
3379,Tay Ninh,VNM,2022,2022-06-26,0.12085909026496182,0.34806392446963236,0.11240933027920379,0.13876386583983583,0.3277775436964082,0.21643273572085567,0.10277650868105788,0.4972441133072439,0.454466522823183,31.809780485245764,
3380,Thai Binh,VNM,2022,2022-06-26,0.11608724907882283,0.22309523531038886,0.07335194009769636,0.10913926810945385,0.19726904322969932,0.15884350599351163,0.10297700297448859,0.3128557722900233,0.2542891801778211,32.028409919312146,26.557658005732424
3382,Thanh Hoa,VNM,2022,2022-06-26,0.06813989480542285,0.3440884191640489,0.045358458965197856,0.08334790127103994,0.31890207726759673,0.20605863949640804,0.09569111212941715,0.6636376902470665,0.6831783881451386,35.76832416810931,24.505489734377548
3384,Tien Giang,VNM,2022,2022-06-26,0.1333974225353363,0.2974183498355962,0.12583604482106686,0.14545432240482423,0.2615670331795552,0.17617210624759283,0.09674313732983146,0.4143762258571739,0.3362902224479392,32.147332287089355,
3333,Binh Dinh,VNM,2022,2022-07-04,0.06847287047249043,0.3303136884792555,0.05355897862827986,0.08229029209114354,0.29819760816179364,0.17656413859691247,0.08049971817066338,0.66258988291868,0.5600117578512481,28.21899403019392,
3338,Cao Bang,VNM,2022,2022-07-04,0.12579662816619,0.3700649895383022,0.11849520105381918,0.14328871622428646,0.34829168659466697,0.23152194136618004,0.11768241304846715,0.5828140690643423,0.5441903984601096,30.105055609602164,17.997891709426742
3355,Khanh Hoa,VNM,2022,2022-07-04,0.08061275914215477,0.3344044617549759,0.06588839286277011,0.09447303897024709,0.3081570800764274,0.19015601534244675,0.08840196425692726,0.6196952170979916,0.5620263973766136,25.46092866960232,22.371428742434514
3360,Lang Son,VNM,2022,2022-07-04,0.1603296097301302,0.3826615602136735,0.1575498370530905,0.17734571113855768,0.35501131281847453,0.24697510753995486,0.1376638186340834,0.47396998359993814,0.4617282514761448,25.712233277968693,18.843792386908724
3370,Phu Yen,VNM,2022,2022-07-04,0.09776231808628918,0.34618503300295517,0.0860838884245623,0.11248893106440735,0.3145166372342215,0.1966562675476251,0.09494266425706767,0.5817238909262845,0.5242128398066767,32.52234104893053,22.857605633802855
3371,Quang Binh,VNM,2022,2022-07-04,0.17222072677331537,0.381401992793745,0.1691272157450096,0.18871797349718344,0.3499761909735815,0.2239154379030892,0.1137922506338232,0.4236500359679871,0.3787474673083131,21.933323699242433,16.19984375000003
3374,Quang Ngai,VNM,2022,2022-07-04,0.05134243727259415,0.31340184752519257,0.03665724350512809,0.0653855681023965,0.2824830633355262,0.16885999451613584,0.07422833159367079,0.7227082378183438,0.6249355541498953,32.24519697256971,16.970064467405468
3376,Quang Tri,VNM,2022,2022-07-04,0.14463785183161187,0.4114741428248435,0.13392451952598247,0.16255499662263834,0.3752538156061661,0.24661787871576468,0.12462689469586986,0.5219170927398693,0.5515103850775053,24.96903210919719,15.113280609704784
3383,Thua Thien - Hue,VNM,2022,2022-07-04,0.09566410512606079,0.3271501148842903,0.09163373129342135,0.11260972202788896,0.2992143669775937,0.18707457633143237,0.08963804801696976,0.5537247605832614,0.4891364601522382,21.572641153599015,17.282017236566983
3327,Ba Ria-Vung Tau,VNM,2022,2022-07-04,0.17391188699936097,0.33110809853159084,0.17208377934069063,0.1879510033949234,0.30873059434996947,0.22207443123601797,0.12710323948074886,0.32237576817896957,0.2946741719695782,27.95526609059051,
3336,Binh Thuan,VNM,2022,2022-07-04,0.12217481282603028,0.35453096662950345,0.10594927924556734,0.13358845093433186,0.3360950193941173,0.22709792287295122,0.11730133655543537,0.5238820908885249,0.5418767264918952,29.56043813203664,23.947073983682735
3342,Dong Nai,VNM,2022,2022-07-04,0.17784136054408453,0.3700658261835789,0.17423740066039087,0.19399884575172743,0.34424007239384874,0.2367241026301118,0.1280422063904018,0.3769779812871179,0.3581167089372783,23.70246116893518,
3344,Gia Lai,VNM,2022,2022-07-04,0.19558456796313578,0.39020838423582993,0.1895073343321641,0.20852846100120448,0.3676107868564063,0.26339206923284836,0.1491543065477573,0.39457571489546733,0.39919904986756927,28.866107901790095,
3345,Ha Giang,VNM,2022,2022-07-04,0.1165302796327427,0.367426814688708,0.104019622345672,0.13349772529940684,0.3452851763439949,0.23075241469815996,0.11486002237182485,0.5960226660036289,0.5695342999630962,30.681778129889494,17.874472492650423
3347,Ha Noi City,VNM,2022,2022-07-04,0.2221030896029903,0.33876855646534365,0.2135343466218115,0.23157399097870363,0.3215036369119236,0.2611259299111688,0.16959392584991953,0.23020989808480308,0.2713087225879118,31.68913043478263,
3348,Ha Tay,VNM,2022,2022-07-04,0.2060537891546245,0.33534739515302076,0.19581402541512927,0.2170729752760489,0.3086030993136374,0.24229010556224068,0.16080433726071594,0.25937841621796404,0.28637477924178084,,20.321050886758773
3349,Ha Tinh,VNM,2022,2022-07-04,0.17952224973849099,0.36644621887670337,0.1760523711658177,0.19458974848497507,0.33466736090613736,0.20920926867892004,0.10831860664768911,0.3755500581983968,0.3297181268505726,20.38392873868984,
3353,Hoa Binh,VNM,2022,2022-07-04,0.275468461841819,0.44477267071383014,0.2692413558867552,0.28737053722949424,0.4143843272488634,0.31439541547935396,0.19873169739478333,0.2839526571765284,0.34913921136980797,21.75417772766875,16.800073893988333
3357,Kon Tum,VNM,2022,2022-07-04,0.1617674932270255,0.3938400583267243,0.15548950518976756,0.1773130114223938,0.3690281581739455,0.24234586145445924,0.1260135437179198,0.48574663687975506,0.457558621286087,27.1385464341251,13.06208202829129
3366,Nghe An,VNM,2022,2022-07-04,0.17024770052666457,0.3998538047260959,0.15933518269295208,0.18433683107590806,0.3716896552064688,0.24861648441765513,0.13671002257582182,0.44513282284288774,0.48344304194647986,27.983237387339482,14.691056142810528
3367,Ninh Binh,VNM,2022,2022-07-04,0.2684351029768582,0.38006769736475104,0.24712083988746447,0.27242350026575013,0.35834293924328425,0.2985593991454378,0.2066916206785577,0.19496143752842868,0.23106335762726818,23.590000000000032,25.03846962921638
3368,Ninh Thuan,VNM,2022,2022-07-04,0.08242112302916307,0.3286722633379568,0.05854453708220632,0.09112713278061106,0.31602819008337324,0.21273062438069054,0.10650671660347641,0.6058029958246361,0.6315994666000032,27.61594853171076,23.377449968091547
3377,Soc Trang,VNM,2022,2022-07-04,0.16576584114322102,0.3523667459514079,0.1571158759701262,0.18263363599229668,0.29675369438857685,0.20812502078379813,0.1170588121000598,0.37779718907729964,0.3443810489277146,28.88679608920856,26.202081759089502
3386,Tra Vinh,VNM,2022,2022-07-04,0.15275048504126434,0.3427693200870404,0.14414895985619136,0.16973695609507486,0.2951420023457795,0.20310091312700818,0.10921839992611189,0.38405073879897084,0.34864652136237273,28.969781609055833,26.238550550224367
3387,Tuyen Quang,VNM,2022,2022-07-04,0.11469177407310543,0.3447490417081348,0.10849295283993331,0.13075719235953545,0.3165828303955894,0.20905639060159015,0.10513776629207015,0.572931012472351,0.5015837458391651,29.669934608014888,15.455372149884294
3388,Vinh Long,VNM,2022,2022-07-04,0.2090345083385473,0.37558844665720614,0.20047059275767384,0.22182640695928085,0.3397150308494581,0.24340965398777253,0.13874452325649297,0.3043184467284226,0.2815267927928486,26.078519326770884,
3390,Yen Bai,VNM,2022,2022-07-04,0.17251761493259188,0.39790419792030246,0.16406644431919448,0.18807083764213792,0.37363093695383515,0.26015382696840794,0.14003142217460918,0.470344314201858,0.4821167540647193,29.974301379721755,15.03842588847848
3328,Bac Kan,VNM,2022,2022-07-04,0.1238314385867446,0.35496162460908554,0.12122443033478547,0.14065238077289552,0.3266137919484197,0.20881575637269564,0.1030106704973837,0.5761384565348651,0.4924205007116338,27.96073169095338,17.212574920558872
3329,Bac Giang,VNM,2022,2022-07-04,0.20113508621283205,0.36632493227260116,0.1989446860102391,0.2137714121866149,0.3367833780725923,0.24153862804020704,0.1450391959070641,0.32821535373156185,0.3182738523200171,23.63558939965011,21.120743203334357
3330,Bac Lieu,VNM,2022,2022-07-04,0.15577348401037763,0.2691567684869376,0.13828244295441947,0.16593904216817557,0.23123309275933931,0.1785018193354486,0.11469097157926184,0.2602840899392385,0.2325467636016826,25.937090888613596,
3331,Bac Ninh,VNM,2022,2022-07-04,0.1663870795136853,0.2727231946764313,0.13947599067573158,0.16827052291900446,0.24990003877683617,0.2093740213027463,0.14290190418778678,0.25203438142772705,0.2465119933852519,31.190000000000055,25.664373964279154
3334,Binh Duong,VNM,2022,2022-07-04,0.18586219850489216,0.3771069267286859,0.18171535197031416,0.2027253519312895,0.36061313964325636,0.2534742492978051,0.1342552765302388,0.3512833862293638,0.33790263450375013,28.735271033450797,
3335,Binh Phuoc,VNM,2022,2022-07-04,0.17125862863787783,0.3739736632792244,0.16750651066764344,0.18623705033910065,0.3577700653677629,0.2449942645366936,0.12843486251183062,0.4046863022403602,0.3819832718277296,29.760472647379274,
3339,Ca Mau,VNM,2022,2022-07-04,0.1915114791373861,0.2798676583592514,0.18255997181495548,0.2022414667028062,0.2484055169850754,0.18500296907934718,0.11507267922792032,0.21140464859032468,0.15728961275924538,26.42175355378413,25.415811436429866
3340,Da Nang City,VNM,2022,2022-07-04,0.09471514774618002,0.3167755373094299,0.08472264467065496,0.10932756347776768,0.2867377752848799,0.18094114515025345,0.09370070995986073,0.5516585657795262,0.4749986762848313,28.484331879394038,16.596268251981645
3346,Ha Nam,VNM,2022,2022-07-04,0.2544425275009045,0.3560133987668247,0.2340579943654104,0.25903650778195775,0.33488070957308785,0.29063508833944723,0.20968255965320376,0.18006790529064945,0.2115395215439802,25.829673867595844,
3350,Hai Duong,VNM,2022,2022-07-04,0.1764571055812192,0.28753412096080117,0.15506153736725756,0.18114230744609425,0.26408360131379327,0.20840523777919984,0.13176553707617786,0.26482184607496473,0.22632733395123436,22.22729639575447,23.915180876032437
3354,Hung Yen,VNM,2022,2022-07-04,0.16372207646342612,0.2965710488639165,0.13409648754057096,0.1662112529393322,0.2732286721635744,0.22775085986225274,0.15767537829320646,0.3012975792277827,0.32492264812033816,25.975576381538158,
3364,Nam Dinh,VNM,2022,2022-07-04,0.18667487732660024,0.2579714125784391,0.15851296622095035,0.18412904509111458,0.23510843767316825,0.20077565932890967,0.14049477741556987,0.17003754990329153,0.1430265088522996,24.330804528061275,
3369,Phu Tho,VNM,2022,2022-07-04,0.14497279161345342,0.3534147924837302,0.13557674984541151,0.15920346329213353,0.33077258230491036,0.23697364379823638,0.13307384365270958,0.4539002480475533,0.48350603312228846,27.436408660495204,18.784767608008938
3372,Quang Nam,VNM,2022,2022-07-04,0.07925650269831065,0.3432659545296489,0.06903589035384924,0.09621975690366542,0.3113606171343597,0.18571803649549312,0.08449921309913745,0.6442371691933592,0.5818441815416201,31.531115841463368,14.897121607716882
3381,Thai Nguyen,VNM,2022,2022-07-04,0.1288102984867492,0.33747235406451737,0.12320916856317542,0.14309091648040628,0.30710747425713203,0.21004239150892737,0.11150126615882702,0.5211091375997902,0.4477440996698458,28.518702027891205,18.072171459453624
3389,Vinh Phuc,VNM,2022,2022-07-04,0.18149448221169945,0.33187380236158515,0.17850333219822995,0.1947181445076697,0.308445532160423,0.23149086975050365,0.13790846651038655,0.3283792082988196,0.3145057297652085,29.769856009127597,19.508716491979268
73933,Can Tho city,VNM,2022,2022-07-04,0.16389619953328485,0.3286011098958017,0.15013259686964456,0.17825851742055684,0.2936916907968328,0.21300084630071434,0.12123639871391542,0.3574024587445538,0.3113393591674875,28.731085657370514,
73934,Dak Lak,VNM,2022,2022-07-04,0.11104897253548471,0.33862043222602056,0.10073093723996393,0.12490052201107849,0.3145153729171004,0.20534621365841774,0.10486145071232206,0.5526293801088283,0.5007711787990129,28.636754468872038,
73935,Dak Nong,VNM,2022,2022-07-04,0.12892597650930226,0.36522079519373046,0.12155820915115927,0.14430135860125362,0.3392059892267779,0.2195579963679002,0.11322624518790902,0.5260035264048454,0.49054145559068946,29.22291804319963,20.06298701298704
73936,Dien Bien,VNM,2022,2022-07-04,0.1380793308605532,0.3811847473985441,0.13053605999538678,0.15442992929253654,0.3577517708806465,0.24268914799697225,0.12928418845724765,0.545089749361765,0.5465903428402914,30.183620348058675,19.77208138879703
73937,Hau Giang,VNM,2022,2022-07-04,0.17000834042210958,0.36584288119286573,0.16408499473008564,0.18627657952401364,0.317351392492312,0.2247752896442592,0.12996192106328794,0.384167240426885,0.3571241641132901,28.48823600628529,
73938,Lai Chau,VNM,2022,2022-07-04,0.14315122479313852,0.3748595791926566,0.13501463683587295,0.1583041757011386,0.3506740663355228,0.23677955373499218,0.1266966771795957,0.5321294903905955,0.5138476818928824,29.539728219563823,19.08540861588441
73939,Lao Cai,VNM,2022,2022-07-04,0.14930674332363134,0.4187690971633763,0.13797238320074598,0.16693570069633146,0.3907074684780156,0.2676436492805717,0.13906160863428865,0.557739100490384,0.6080413215146272,30.36859336855753,18.181045331573475
3326,An Giang,VNM,2022,2022-07-04,0.1323831152579085,0.3746413425641221,0.11075193255479869,0.14768784320734643,0.3246461963607785,0.2089777467181395,0.1058165020394152,0.49662990109399996,0.46478553217111357,25.161078978427952,
3332,Ben Tre,VNM,2022,2022-07-04,0.18449887586659638,0.3314813887450595,0.1763600892117378,0.19739273455980558,0.2986354323120022,0.21517728451800033,0.12757390283714726,0.288826402727898,0.2591019013652314,27.33352059868012,
3343,Dong Thap,VNM,2022,2022-07-04,0.14611761900605233,0.36256008059099093,0.12740188290329385,0.1617757899396727,0.3237322259960083,0.22177216938165567,0.11695998794365994,0.4349316753592249,0.4139511044693987,21.92963509703102,
3351,Hai Phong City,VNM,2022,2022-07-04,0.14627180085663735,0.24462854268363934,0.13195128468770842,0.15348282204721012,0.22129820952603232,0.1698808846195636,0.10337089626317798,0.2614964470381858,0.1919086422808825,27.202457916406413,17.075264268265634
3352,Ho Chi Minh City,VNM,2022,2022-07-04,0.17293698093104423,0.31014971429562377,0.16610809138494007,0.1868578425767198,0.28442797913584916,0.2103731146955078,0.12832590110192374,0.2986076660151168,0.25714102350128387,,
3356,Kien Giang,VNM,2022,2022-07-04,0.167803675954231,0.3300822338827815,0.15826077682661932,0.18189824946688798,0.287711714526938,0.20402882697995606,0.11623372517572947,0.34071929423654335,0.2997365692242961,27.253862517384242,
3359,Lam Dong,VNM,2022,2022-07-04,0.13877725291578552,0.36316930931202507,0.1300448596369891,0.15258511361952473,0.34116626414523743,0.22183426845834578,0.11690814534961605,0.4973067201705685,0.4711515479309096,27.340041330276215,16.39862432469874
3362,Long An,VNM,2022,2022-07-04,0.1450616806188135,0.36642599092757505,0.12774806434542973,0.16064941853575918,0.32810213273426464,0.2198296421208983,0.11413363015067006,0.4443325707731625,0.413266900209915,30.347426496895714,
3375,Quang Ninh,VNM,2022,2022-07-04,0.20857492312764842,0.3639783585016349,0.2091774274808328,0.22322322085458213,0.333612089579907,0.2388634862963368,0.13934579289055404,0.3091599635935466,0.27967344677023787,26.113957522613802,18.994766836670685
3378,Son La,VNM,2022,2022-07-04,0.14857131347423388,0.4021200670486315,0.1367949759226638,0.1650683676675852,0.3774429283544888,0.2621302135800917,0.14224270208634945,0.5326944769107026,0.5994915800041664,30.12049974597014,17.148364306887142
3379,Tay Ninh,VNM,2022,2022-07-04,0.10830485514049126,0.3731037818591835,0.09140877120731067,0.12748421059252815,0.34935870129068786,0.2295262422217601,0.1063322723318395,0.5626190767954401,0.5748256577768527,30.73180069582003,
3380,Thai Binh,VNM,2022,2022-07-04,0.14945458824784086,0.2317382361799984,0.11845406425504147,0.1470237945001264,0.20197903067777961,0.16735512853117962,0.11325291079113407,0.22146730829971392,0.1718786338824739,25.64739472310096,
3382,Thanh Hoa,VNM,2022,2022-07-04,0.1377173107836115,0.37866706533617994,0.11618049351434412,0.14990281222376528,0.3560779084866269,0.25604284665464255,0.14910042406896312,0.5058589672663947,0.6242930965487428,23.16206117717883,18.295853235675946
3384,Tien Giang,VNM,2022,2022-07-04,0.17556006817485492,0.3649811797434286,0.16646526029558512,0.19042508469587924,0.32713245595130797,0.2328069261648146,0.13325759681625518,0.3728818657232911,0.36749621557218787,26.044495710583938,
3333,Binh Dinh,VNM,2022,2022-07-12,0.06280957028432979,0.40157476732395025,0.03910656487399814,0.08256454864815096,0.3642816870184967,0.2200380860211015,0.09622706208542516,0.7215713382795441,1.044802166013659,28.830645697572916,20.446690521256418
3338,Cao Bang,VNM,2022,2022-07-12,0.11974910292457788,0.4464806211120944,0.10206752909344932,0.1416391359134818,0.4261048907729034,0.2851776195646477,0.14057981446760767,0.6089642859900828,0.8011688273391109,30.8705729674297,20.582657147799427
3355,Khanh Hoa,VNM,2022,2022-07-12,0.06917092625310436,0.36830421112290357,0.04819503088228599,0.08630725273791415,0.3431718121355194,0.21488213395246197,0.09933963367468783,0.6876688283785838,0.7623096302636461,29.54485406304115,19.805500870813436
3360,Lang Son,VNM,2022,2022-07-12,0.16005714203671406,0.41818288772467166,0.15439286096531193,0.1800219197802163,0.38789749774630256,0.25596860312915637,0.13199973974829815,0.4770319182435714,0.521251000315939,29.825146716359757,20.857061918245897
3370,Phu Yen,VNM,2022,2022-07-12,0.06579695417033773,0.3637163998344608,0.04435501846285557,0.08299333189797231,0.3328136655837391,0.2066646517543532,0.09396555765388674,0.691128777184529,0.7242524309811108,29.934760844528594,21.697622790555798
3371,Quang Binh,VNM,2022,2022-07-12,0.06773274774577354,0.308814942782257,0.06177511159803533,0.08308392471859748,0.2784700325059999,0.1672202470171722,0.0748826494208163,0.684387335964171,0.5495982256323357,27.760773305560623,24.05320172395081
3374,Quang Ngai,VNM,2022,2022-07-12,0.05776423946913563,0.4055231509494819,0.03555648133568074,0.07913386158302829,0.36725246861574634,0.2222284375809466,0.09301085502141233,0.7464030625774533,0.8317092173640978,27.96722356515393,21.53019340641786
3376,Quang Tri,VNM,2022,2022-07-12,0.08441175991546426,0.3489177790692341,0.07417536055737062,0.10086526625874194,0.31455120583398816,0.1989849301711423,0.09609195613333502,0.6500137466576825,0.5980439268312595,29.039579243850607,22.83563346565324
3383,Thua Thien - Hue,VNM,2022,2022-07-12,0.06589900069261312,0.3472928284588466,0.053336420200157185,0.08457068006610156,0.3166336651756284,0.19443519732915412,0.0869220981366413,0.6860910987901433,0.660231278827909,29.63240258448199,18.482382716357552
3327,Ba Ria-Vung Tau,VNM,2022,2022-07-12,0.09440648042105243,0.32003206927823036,0.07637639477440637,0.10780377995370305,0.29624218000002006,0.2026048924746361,0.10704391648221534,0.517199573646331,0.5433245795440932,28.691119205115964,19.965139620463233
3336,Binh Thuan,VNM,2022,2022-07-12,0.08218880819724708,0.37669835673260876,0.05364830577844468,0.0937228523212573,0.36072668389170764,0.24078788218785027,0.11870456155091612,0.6600256732581794,0.750733484098773,27.741941773911353,19.650722254733456
3342,Dong Nai,VNM,2022,2022-07-12,0.12679224769539504,0.3495981784684542,0.11611262546503706,0.14158500060701956,0.3267189614219606,0.22472863980858945,0.12028488048894297,0.488861531459159,0.49963034552750074,25.167606050483087,
3344,Gia Lai,VNM,2022,2022-07-12,0.15794413945019756,0.39600610515416135,0.14866158808823093,0.17331503185456992,0.37032880304789473,0.2565064706835122,0.13737116837594368,0.48827089862639633,0.5413618945684298,26.568101469285676,17.255193941291775
3345,Ha Giang,VNM,2022,2022-07-12,0.0950414538321568,0.39631740638873564,0.08078476451360737,0.11600710622127168,0.3761312807627402,0.24781960389668903,0.11710493004779357,0.6509129639583462,0.74805961841075,31.436847405897392,19.109006919753213
3347,Ha Noi City,VNM,2022,2022-07-12,0.18153533305070274,0.32184243063911694,0.17189584407472014,0.19437247946612374,0.2952951120123044,0.2263898568674542,0.13159025202646243,0.2874779777609064,0.26055124653979406,31.67543784042619,24.62319426782097
3348,Ha Tay,VNM,2022,2022-07-12,0.12217699769840254,0.28312235109499756,0.10888077534710154,0.1356227892258426,0.24729375489619176,0.17731730219584174,0.09652634038555288,0.4039777456196887,0.3285419462130404,29.385918294642792,26.00426241464512
3349,Ha Tinh,VNM,2022,2022-07-12,0.05270085234394975,0.29407792211040085,0.03949854978183881,0.06725710943742473,0.2644014084446167,0.16177285630394514,0.07064025448428794,0.7146159111745289,0.5687441334572174,29.118653211024807,20.711232273633435
3353,Hoa Binh,VNM,2022,2022-07-12,0.09465006826945983,0.35490795085382565,0.0905522439150412,0.11495563606242692,0.31889755731361136,0.19590190027444968,0.0889481558462539,0.594431237702634,0.5352762954936545,28.523443330411517,25.234783556634824
3357,Kon Tum,VNM,2022,2022-07-12,0.14066638350880892,0.40248025684522526,0.13589496364361148,0.15821663017140009,0.37568205303284824,0.2462394089250064,0.12376872529105463,0.5338270990645504,0.5690799613567744,26.73904854722666,16.88860125061312
3366,Nghe An,VNM,2022,2022-07-12,0.0685215699282098,0.31847523694461183,0.06014227968821184,0.08415060541831922,0.2887856939820025,0.17381222362842128,0.07591667829088551,0.6769623724504128,0.5585327607185534,29.318728705890443,19.445410840759273
3367,Ninh Binh,VNM,2022,2022-07-12,0.10528530062550055,0.2784260472891925,0.07560544083072238,0.11264470380252763,0.24257077185440268,0.16956350209340207,0.08883925954495414,0.43743362538339353,0.3755999754372916,30.4796797011469,27.31931925648961
3368,Ninh Thuan,VNM,2022,2022-07-12,0.06618162486564516,0.35879547297338,0.036744527998256775,0.07944350039081101,0.34717792430597594,0.22990080079616756,0.10952758814822267,0.6843796033783774,0.7499878367746083,30.02730135003646,18.416649009416805
3377,Soc Trang,VNM,2022,2022-07-12,0.07413072741277908,0.30761292049383343,0.045966998871366196,0.08965378867183633,0.24752433357895495,0.15322340451580096,0.06936998595205318,0.573682890356369,0.4995824598348751,24.17986222230216,
3386,Tra Vinh,VNM,2022,2022-07-12,0.08575201206499258,0.31346042895375875,0.058916546990229995,0.09815562172810431,0.2645566202456372,0.16918094859165378,0.08394529155402793,0.5362550756992813,0.5034454380775713,22.97678631819399,
3387,Tuyen Quang,VNM,2022,2022-07-12,0.12086575584035843,0.40609906387652683,0.11278199004509319,0.14132368224377737,0.3790002700708566,0.2540482511768342,0.12713863775150172,0.5704343314364427,0.6482573896863091,31.037816693250505,21.86689241606576
3388,Vinh Long,VNM,2022,2022-07-12,0.11677387771803749,0.31690642199646774,0.09646658060240398,0.12718324483190813,0.2775094099786418,0.18426657156502968,0.09832131948188211,0.4755344151644857,0.4125799444556565,20.07611892640906,
3390,Yen Bai,VNM,2022,2022-07-12,0.13634543412752217,0.3825625551855938,0.1314131846789172,0.15412132287273908,0.35865002486608066,0.24410306197468645,0.12682466203183945,0.5261277018305663,0.547350340079363,29.976165681507574,19.96661820430846
3328,Bac Kan,VNM,2022,2022-07-12,0.1265821251855136,0.4353133908158716,0.11792620891682506,0.14819318297485382,0.408784764520305,0.2713940815496308,0.13471467821293703,0.5824546308907154,0.7105449622753294,30.484955594861976,20.745688929971067
3329,Bac Giang,VNM,2022,2022-07-12,0.1742236776206065,0.36602548209749175,0.16927603139722555,0.18912764643344396,0.33310584555095507,0.22494421505185658,0.11900472575858562,0.3657825868355857,0.3277007937470875,27.962042238065802,23.58720772583394
3330,Bac Lieu,VNM,2022,2022-07-12,0.07298476582027599,0.20489571222671477,0.04656338659510212,0.08528894947095655,0.1639634439808555,0.10864348767833194,0.05337784116692221,0.38687582680584726,0.2876585396568367,,
3331,Bac Ninh,VNM,2022,2022-07-12,0.17612983431816817,0.28912150788406626,0.14656692803888385,0.17970194485889324,0.25203244807748326,0.1992530181861132,0.12294809787362525,0.24981870654859684,0.21239045336018678,32.29580059299357,24.274174157972602
3334,Binh Duong,VNM,2022,2022-07-12,0.13915862847642826,0.3629845254537512,0.13004030665624638,0.15448446060026388,0.34929503586986865,0.251250990807337,0.13662380601961116,0.47422236159444925,0.5180959143691646,29.297416812436357,
3335,Binh Phuoc,VNM,2022,2022-07-12,0.1314473776523803,0.34966328405351965,0.12469619713016612,0.14467690031468028,0.33781254428753427,0.2356883921893808,0.1255194907726423,0.49863536746206233,0.4940725538344086,27.68247866664688,15.96900925550602
3339,Ca Mau,VNM,2022,2022-07-12,0.0703947444484498,0.1929479417186161,0.05039006601038193,0.0814021132263868,0.1572612171170591,0.09656728476303035,0.046101153636779205,0.4461644463915868,0.24520246624289735,21.11993733285439,
3340,Da Nang City,VNM,2022,2022-07-12,0.0748940224960964,0.3751131503730807,0.05594812705135799,0.09451597695219609,0.3397455954903266,0.21170334189285817,0.09917200319022154,0.6637277091956115,0.696097663213238,28.82163963255123,21.07277490569928
3346,Ha Nam,VNM,2022,2022-07-12,0.1367276055744763,0.29016903462669247,0.10915538693884301,0.14433951832935035,0.25522839223688143,0.18764360446533834,0.10407190325100188,0.3663713100195792,0.3058863018135076,31.611486786426205,25.251721309186166
3350,Hai Duong,VNM,2022,2022-07-12,0.14851469735178296,0.27512056549193653,0.12738124280851745,0.1553592001457583,0.23965249094071547,0.17438257991128644,0.0990965158618864,0.3125671278802595,0.23663433393189814,32.76009297088829,23.87469411203753
3354,Hung Yen,VNM,2022,2022-07-12,0.12072096764842594,0.2821833040014226,0.08843052660851382,0.12578782710976036,0.23742129467220555,0.1702769823605654,0.09449366637089092,0.40136736377203075,0.3385026487987074,32.252036890745465,25.48102542203667
3364,Nam Dinh,VNM,2022,2022-07-12,0.12354795912580188,0.22593047487277662,0.08245585571268738,0.11752884724222604,0.19176252556557413,0.15035490693599485,0.08988805604753629,0.2963713109680754,0.21329013732446234,31.89719221369904,26.87316473531203
3369,Phu Tho,VNM,2022,2022-07-12,0.11481611269209104,0.320938897061831,0.11348591799191432,0.13103560630642963,0.29138537295082184,0.19750210260647488,0.10270284288040858,0.5094263949836427,0.44106329933400196,29.017976900861452,23.060935371392688
3372,Quang Nam,VNM,2022,2022-07-12,0.061368526777318556,0.3813378914147245,0.04701591937710077,0.08262816274486147,0.3465797026447318,0.20596592671274502,0.0861120690222567,0.7257451973507385,0.7425332441910704,27.757907529589364,17.356389244403296
3381,Thai Nguyen,VNM,2022,2022-07-12,0.1411814670391124,0.38131694470828553,0.1336958040532025,0.15817083427418513,0.351010361207356,0.23962269579656145,0.12572085573462263,0.4943565614350361,0.5032505334487869,30.82073820532362,21.951096535094646
3389,Vinh Phuc,VNM,2022,2022-07-12,0.1371926621161531,0.3321260489113216,0.1309198419593521,0.15281459975747855,0.299481450346031,0.21432237071512195,0.11787726036528372,0.4287686928626733,0.4117945777934469,30.035759336764883,23.548174085373425
73933,Can Tho city,VNM,2022,2022-07-12,0.11999136534954055,0.33051773863379547,0.10620595427345045,0.13632957244835595,0.28662231700563845,0.20218335652216973,0.10977587006353237,0.4837557998826815,0.4616379006884011,24.624392400917113,
73934,Dak Lak,VNM,2022,2022-07-12,0.09475358606564764,0.35932064603716674,0.08102258327406545,0.11034396004497711,0.3340911049758901,0.21995318476183057,0.11082785679591742,0.6291689150814928,0.6490452953351047,28.099071269993853,19.228587125232373
73935,Dak Nong,VNM,2022,2022-07-12,0.10952724827130965,0.38524326002471765,0.10028315935448505,0.12665050269916667,0.3585225696182815,0.23501481127078602,0.11954036378321102,0.5982185417318037,0.6455286640531043,27.101746847011167,18.980670714761914
73936,Dien Bien,VNM,2022,2022-07-12,0.09538913113666786,0.3884702145194187,0.08488303430275747,0.11427701907073266,0.3654909839900275,0.2339270127073294,0.11026929931645905,0.6466959303916977,0.6900848277320931,29.814836833971192,19.632708189030975
73937,Hau Giang,VNM,2022,2022-07-12,0.08768898045105844,0.29879670565733246,0.06558163760794695,0.10074285063597943,0.25230949825245624,0.16382638104783662,0.08237611025752219,0.5557522263127007,0.4492043800513275,21.783517410645782,
73938,Lai Chau,VNM,2022,2022-07-12,0.08579564903466218,0.3690422040391495,0.07463180280950596,0.10367888419408926,0.34522689628822856,0.21780367219371513,0.09992470197538623,0.6713815333034427,0.6708936349536696,29.307701443102903,19.381376629814937
73939,Lao Cai,VNM,2022,2022-07-12,0.13369330699534324,0.399381809159157,0.12446850917814645,0.15094561914586613,0.371067997146087,0.252051214797264,0.12977512768918134,0.5724920557716048,0.6141570146349685,30.969294508617153,19.09403675999911
3326,An Giang,VNM,2022,2022-07-12,0.13701501955208925,0.34388454420651976,0.11016708922684779,0.14490367993789466,0.30433769633578817,0.20739763924412372,0.11015152698068809,0.45655173599221816,0.41708527125980377,26.63835222709106,
3332,Ben Tre,VNM,2022,2022-07-12,0.09473277842658304,0.2830181293335021,0.06929092794233062,0.10347034902349611,0.24420094330788092,0.15765911205681216,0.08275619104804251,0.4796869874992208,0.4092059334386464,25.059401583396404,
3343,Dong Thap,VNM,2022,2022-07-12,0.11545199887542236,0.33599895846145816,0.08985549155801112,0.1267377459802275,0.29938127540432824,0.20201384413028606,0.10223541996251041,0.4979575670051673,0.4682086858915272,24.370260976932983,
3351,Hai Phong City,VNM,2022,2022-07-12,0.14135918061418717,0.27414781112126274,0.11820742702955044,0.1476667266285971,0.24160680795951153,0.18018236508901125,0.10797788162683272,0.3320405265519655,0.28453034269932026,32.43445615230824,26.041230913234603
3352,Ho Chi Minh City,VNM,2022,2022-07-12,0.14106987476982075,0.29829251374093024,0.12706517542292112,0.1519846346293075,0.27054147417004126,0.20077874001070264,0.12236031770191864,0.38082192622310057,0.33911884996353214,23.977895804454587,
3356,Kien Giang,VNM,2022,2022-07-12,0.0904631018911663,0.2731678284132247,0.07048102757493795,0.10327331866596556,0.2254242278203271,0.14886099839836597,0.07744869274432906,0.48477040277622263,0.38439515646882794,26.365845513361542,
3359,Lam Dong,VNM,2022,2022-07-12,0.10367430854378137,0.3706523592513993,0.08994299047445833,0.11852129451212018,0.3505694156549661,0.22869229464466873,0.11689099538964078,0.609506463681843,0.6377798793780719,25.786798620046273,15.766736436482137
3362,Long An,VNM,2022,2022-07-12,0.11210441589847499,0.34122892130629506,0.08717141324151487,0.12383081803259989,0.30810841808787076,0.2103922199079156,0.1112814000101809,0.5246162165600864,0.4985700846540331,27.731091417400144,
3375,Quang Ninh,VNM,2022,2022-07-12,0.1557717973208105,0.35688901811322205,0.1482154457259683,0.17104831413947086,0.3219328582986155,0.21010038114449472,0.11123996228955989,0.4335063017425732,0.39503575141416936,28.140630572206735,21.560354421478422
3378,Son La,VNM,2022,2022-07-12,0.10676227307654476,0.3672266641246442,0.10013412684425922,0.12452633407581436,0.33980355742393864,0.21848948545672642,0.10658768323953219,0.5914995513971449,0.5768309857465793,28.412096645823805,19.618175079826482
3379,Tay Ninh,VNM,2022,2022-07-12,0.13344531570483273,0.36237237848262727,0.12143788711984049,0.14878680585111131,0.3420489409014036,0.24028697469067864,0.12771590178982895,0.48621503010774786,0.5107646596332832,28.318753771068984,
3380,Thai Binh,VNM,2022,2022-07-12,0.13799053127080296,0.24848332897747052,0.10721126836494523,0.1387210001453256,0.21172913117516898,0.1634161606247132,0.09414777505227026,0.30143595147928204,0.21245302943983244,31.772704238520536,25.892635949420495
3382,Thanh Hoa,VNM,2022,2022-07-12,0.0879965159810991,0.3428621997136615,0.07965992444021358,0.10614813820859821,0.30624986787165326,0.19228683348652084,0.08727612919018575,0.6075808860002805,0.5399561761524426,28.694457198803107,23.400050580506605
3384,Tien Giang,VNM,2022,2022-07-12,0.10264474809157828,0.33016605205027133,0.08147300555579232,0.11553828370325031,0.28916395051492916,0.19565579920502876,0.10575102656310409,0.5308023257062965,0.5183436819061057,23.349026109100976,
3333,Binh Dinh,VNM,2022,2022-07-20,0.06399152183943466,0.3764813210333022,0.042507609703947985,0.08108763740037793,0.34381836195937016,0.209080229143436,0.09489474870951449,0.7108339816509226,0.7529142116644235,29.76114230289705,20.64085796144951
3338,Cao Bang,VNM,2022,2022-07-20,0.0785019333001385,0.3562728466150128,0.06740756359893099,0.09663317802063888,0.33571974219533346,0.21227886607014665,0.09971005933439699,0.6957915266258081,0.6693797614925657,30.688054239561403,21.77778396964714
3355,Khanh Hoa,VNM,2022,2022-07-20,0.0883894070800261,0.35435093130681233,0.07091275997562997,0.10355060472686091,0.32813237548745605,0.20991762822252547,0.10350412704111646,0.622708512468338,0.6182360500307821,29.02994942757611,20.49686844269323
3360,Lang Son,VNM,2022,2022-07-20,0.03409163645425087,0.3058224920903161,0.02289604397184511,0.05105469391737398,0.2769233327662825,0.1545718133062,0.05779154710047781,0.8069664606286996,0.6326785347950589,31.44558197314048,22.94939455014834
3370,Phu Yen,VNM,2022,2022-07-20,0.09386161264941566,0.3680745911621301,0.07686402965132966,0.1095752001170903,0.3351367537509176,0.21428599516610844,0.10587640816423366,0.6157454799602071,0.6502875053271179,30.881447909507028,20.82688389454431
3371,Quang Binh,VNM,2022,2022-07-20,0.03587113490527243,0.29656404843585704,0.023209138273847706,0.05115139910805433,0.26997947379538517,0.15274357233553024,0.0602532454707241,0.8035082763154481,0.620206206402189,31.214222378904896,22.838711625031173
3374,Quang Ngai,VNM,2022,2022-07-20,0.053021668022714095,0.3714591723018455,0.03195599608128396,0.0707522888648328,0.34073742783019006,0.20825359629698445,0.09217245406623895,0.7491792220875114,0.8118796520366203,31.65931544633264,21.959338503135797
3376,Quang Tri,VNM,2022,2022-07-20,0.05845989093371106,0.3750127715189631,0.03978928133035326,0.07761870876007779,0.34200626003722234,0.2082272561894691,0.09009880516390543,0.7395189802953539,0.7340072679932234,31.21295367088004,22.574523154867105
3383,Thua Thien - Hue,VNM,2022,2022-07-20,0.05555427424420158,0.3880699132393996,0.03482191285066524,0.07652941600810809,0.3575951984468739,0.2167927062087242,0.09302467030407172,0.7432103295508876,0.8319777169910553,31.271608399346356,23.222368999564768
3327,Ba Ria-Vung Tau,VNM,2022,2022-07-20,0.10345680191221111,0.32288512003860986,0.08279032660932886,0.11522612397843388,0.304908674666322,0.21562190119595842,0.11865808544296094,0.48462550535379684,0.5529134604033893,28.53009183301915,22.067265353875392
3336,Binh Thuan,VNM,2022,2022-07-20,0.08389549418802308,0.3545601359074625,0.05561678486966341,0.09375476100407301,0.3433189198775685,0.2325075488355414,0.11719420407881256,0.6413311523806703,0.6875058698391167,29.663384031617078,21.09218775981161
3342,Dong Nai,VNM,2022,2022-07-20,0.12177951197535983,0.35943191196372576,0.10360146378787945,0.13665094167747838,0.3418179019890937,0.23932110624248965,0.13197768129485069,0.5005396250049028,0.584329629288181,27.3450507890111,20.739876646693947
3344,Gia Lai,VNM,2022,2022-07-20,0.07469346785850615,0.36724471651886625,0.05249377892885849,0.09024837002897584,0.35112527436534435,0.22948514633266456,0.10841946461247508,0.6791359248500661,0.7718871180513127,31.032852650297016,19.98487865596772
3345,Ha Giang,VNM,2022,2022-07-20,0.12873585757611905,0.37221488530787006,0.12415344725050499,0.14639761403749554,0.34907986403644464,0.23726117172856895,0.12434239054975822,0.550208700618038,0.5559510489393783,29.407881795465773,20.565398741120163
3347,Ha Noi City,VNM,2022,2022-07-20,0.11404853533667302,0.27574333453108113,0.09176230921290304,0.12171627397169092,0.251596146612216,0.19625513349344612,0.12402591502906427,0.4294950854264005,0.42611705379130926,35.75980199564209,26.362990333486497
3348,Ha Tay,VNM,2022,2022-07-20,0.09365609676175082,0.29147185950996657,0.07149303778266189,0.1065002065303435,0.25726034691499194,0.18684814832806018,0.10446781193512403,0.5328949233589655,0.4879556273989265,34.343586382118566,26.218813432335065
3349,Ha Tinh,VNM,2022,2022-07-20,0.042548796486576376,0.2946417807077221,0.02698708570708735,0.05701702355311546,0.2656367393695132,0.15860306425777812,0.0684776953575348,0.7581173260711996,0.6168038425459191,31.72752557425107,24.036955747023228
3353,Hoa Binh,VNM,2022,2022-07-20,0.06696038648394037,0.34093217194887765,0.05583582943180153,0.08490926647669585,0.30800728162495067,0.19081752363166096,0.08701890630874018,0.7029996923866415,0.6425013566211415,30.751456020868332,23.826337507120076
3357,Kon Tum,VNM,2022,2022-07-20,0.07711480350221828,0.3927120990537648,0.062168562062473995,0.09576681552936021,0.37456457175842206,0.23189284244290553,0.10109381211252359,0.7026778456944218,0.7585069483805638,28.529369497644836,19.397568342512127
3366,Nghe An,VNM,2022,2022-07-20,0.04618056802015971,0.3152491064127324,0.03403206625733123,0.061822445081873276,0.28549834728951273,0.1681763120244936,0.07096466562460138,0.7643129902682825,0.6436709539389693,31.365113273604493,23.184908783828448
3367,Ninh Binh,VNM,2022,2022-07-20,0.06674357374817486,0.2297844918887787,0.039483967177491586,0.071815900586395,0.20237190251349368,0.14003774863984275,0.07432704356198958,0.5406930907628819,0.39252610298017054,33.63576303373631,26.139187553461316
3368,Ninh Thuan,VNM,2022,2022-07-20,0.07418176905897395,0.3381060744314702,0.04832722775963064,0.08584249192865175,0.3243796239244801,0.21724550049832234,0.10878809505328532,0.6509234410858674,0.7436595206762953,29.174836857267103,21.14745708362138
3377,Soc Trang,VNM,2022,2022-07-20,0.12275564429198883,0.3323915938105492,0.10561148233564374,0.1389502051877974,0.27886003740795523,0.18363900181307122,0.09323950828698839,0.4474270769731295,0.40573726815066774,25.46486300330006,23.33081529829668
3386,Tra Vinh,VNM,2022,2022-07-20,0.15307309424556803,0.3501500964010711,0.13223509413695894,0.1656163872838681,0.30751899222933576,0.21044502363953405,0.114038054154818,0.38491880803806866,0.38118152263537386,26.312855995438106,22.78353372871926
3387,Tuyen Quang,VNM,2022,2022-07-20,0.1181907274079954,0.37518558358760146,0.11715664040596993,0.13719305937754978,0.3437833775905391,0.22876297870125464,0.11694190160405835,0.5599255118294987,0.5689746415671905,30.41036563762765,22.968368499114707
3388,Vinh Long,VNM,2022,2022-07-20,0.15592384881726487,0.3480788657215507,0.13878395457965856,0.1677492885263616,0.31610008704749487,0.21976199237722452,0.11858467008410041,0.3909267670491174,0.3708464922184569,25.235942097059276,22.562910996351963
3390,Yen Bai,VNM,2022,2022-07-20,0.1480623708345368,0.3722337872642527,0.14743047282650756,0.16540060445621327,0.34471156439735406,0.2364884688363567,0.126331675121134,0.5004190439817537,0.4786466559911494,29.22241340681861,21.305041283785563
3328,Bac Kan,VNM,2022,2022-07-20,0.05863930393365787,0.3548594832364135,0.050652426968866356,0.07806128350530872,0.3273476105932124,0.19610645202498206,0.08215732182939746,0.7538530026913964,0.6937675941893205,30.419074985322204,22.307914173900663
3329,Bac Giang,VNM,2022,2022-07-20,0.07715764723868095,0.3409923214504506,0.055514064005807474,0.0903076009434111,0.3107811479406354,0.20103679445810665,0.09775009493020934,0.6403047779828194,0.6476892985601566,32.966227895920255,24.887939892004788
3330,Bac Lieu,VNM,2022,2022-07-20,0.10362308301263341,0.21963473649881793,0.08888662527398727,0.1163343107275856,0.18179019435726443,0.1280324931669531,0.07181945243528903,0.30911804927342085,0.2290209459489623,29.996555848804707,24.283214234678976
3331,Bac Ninh,VNM,2022,2022-07-20,0.11370036002286475,0.2451817557215331,0.07469452522332884,0.11388809239138323,0.21359973179355043,0.1708661113853464,0.10944314725280613,0.3815298318430916,0.3199429319534035,36.45746294996902,26.50745240644822
3334,Binh Duong,VNM,2022,2022-07-20,0.1613633308510678,0.380122284872144,0.15112485343217907,0.17718807838189857,0.37234238558663246,0.2755887500128615,0.15490189401989105,0.4251755702102277,0.499057240581219,26.919394298647383,21.614511708909202
3335,Binh Phuoc,VNM,2022,2022-07-20,0.1586791622649076,0.38149208501929754,0.150094340671222,0.17337211060926633,0.37241281229827916,0.26370458337362146,0.14073706231142194,0.44953237997311,0.47651360106467855,28.712183730626673,20.18929718335402
3339,Ca Mau,VNM,2022,2022-07-20,0.09899080101972868,0.19880351204663818,0.08568302883983939,0.10901470316751084,0.16741883442822805,0.11471174703502833,0.06480376011264376,0.3427928101106036,0.19505782256164758,29.76666782001148,24.225058919040357
3340,Da Nang City,VNM,2022,2022-07-20,0.06382764846001147,0.392152491828444,0.03985072162314145,0.08372226263772067,0.3574536369593376,0.2206427268072522,0.10223403738576486,0.7077806157226118,0.8051126763854652,32.48020262972641,22.620490035101035
3346,Ha Nam,VNM,2022,2022-07-20,0.07866917707894569,0.24129219994539006,0.04975191156953589,0.08531471671475045,0.21273389241785715,0.1565807432282269,0.08997166068000326,0.5134354578160238,0.4158470142118788,34.35620623566257,26.289038881210068
3350,Hai Duong,VNM,2022,2022-07-20,0.08516088999022231,0.2392744826099498,0.053178244476750104,0.08910450368034324,0.2133256543941151,0.15989733099229986,0.09594246693764803,0.4834536323314257,0.3859707127542963,34.7267397922888,26.58716177258332
3354,Hung Yen,VNM,2022,2022-07-20,0.0867381845463578,0.25597990631476236,0.0551305423308108,0.09189164192861514,0.22491991169964978,0.168149843907069,0.09951983662568016,0.5016010099754663,0.4343008086872268,35.2371224757115,26.428314137391293
3364,Nam Dinh,VNM,2022,2022-07-20,0.09103041272376872,0.20673576084683296,0.05233008868639914,0.08738748943998549,0.18309076271957422,0.14794438307656504,0.09319794771060337,0.3877816122409263,0.29915182580070526,34.80160465913552,26.65937796341372
3369,Phu Tho,VNM,2022,2022-07-20,0.1453741309668307,0.37740696268703544,0.13788153748884763,0.16169441053037453,0.3470064615199347,0.24736422066791977,0.1381750149055775,0.4852772731129462,0.5153734315500318,30.92318285785526,24.094032753416194
3372,Quang Nam,VNM,2022,2022-07-20,0.05464741332053718,0.39764543296267363,0.03750773862575992,0.0766411114343815,0.3652740005073711,0.2167732496549516,0.0899765358603619,0.7569815792085083,0.8467547912799168,30.73184919736731,21.696200989852187
3381,Thai Nguyen,VNM,2022,2022-07-20,0.10279283666817646,0.3503881942361433,0.09385504402672522,0.11894868772063855,0.3209235655429055,0.21604223586604318,0.11343759397470109,0.5863336326234901,0.5734725662925905,32.01992444638387,24.33027986882226
3389,Vinh Phuc,VNM,2022,2022-07-20,0.12098695548791771,0.3392575621271516,0.1117762626159499,0.13667683947683396,0.3081713469813589,0.22283160457299442,0.12657380486452188,0.49586537979287376,0.5259655765001009,33.12447665069234,25.728382629097098
73933,Can Tho city,VNM,2022,2022-07-20,0.13035087839773865,0.3564511007350636,0.11901510440486902,0.14895528188901286,0.31715775611496494,0.21937086368545472,0.11208763038554984,0.4672215148639166,0.4515647303716714,27.104322798460718,22.808150625017365
73934,Dak Lak,VNM,2022,2022-07-20,0.08660801436631041,0.36209907812330727,0.06836012732739657,0.10266145979420471,0.3409961240660943,0.22164515675079702,0.10706284583430623,0.644834313662664,0.6717611689866522,29.785518480739228,19.990454570243465
73935,Dak Nong,VNM,2022,2022-07-20,0.11517500661880055,0.38846240590278563,0.1009105755023071,0.13147527796397385,0.3662739728552266,0.24034754906593403,0.12089121956615481,0.5845764375023891,0.6315271664353833,28.386109252332098,18.558193486446033
73936,Dien Bien,VNM,2022,2022-07-20,0.08099975735996622,0.36455213517196594,0.06972138703235993,0.09958194703570623,0.33946776029217757,0.21048141752330474,0.09502439426833009,0.6857413907168683,0.6696323062908055,30.01128868379704,20.619023614411937
73937,Hau Giang,VNM,2022,2022-07-20,0.14228024962450003,0.32739550762055497,0.13211091185314314,0.1562655732431941,0.29053140943644934,0.19988748884989516,0.10635581152373762,0.4088286910011799,0.3498558099353266,26.810236027899784,23.275353019976194
73938,Lai Chau,VNM,2022,2022-07-20,0.09322910133508776,0.36409068094537483,0.08359396394522382,0.11115258664803744,0.33643944255011654,0.2100347577354076,0.09780345453888288,0.6605318150752794,0.6231588211618951,29.090094477719067,19.850658274277404
73939,Lao Cai,VNM,2022,2022-07-20,0.14685382343438574,0.3869011600429676,0.14037219038455506,0.16325406836918996,0.35667091537739937,0.24489088893549307,0.13036032499737826,0.5395896661616938,0.5310131010904179,29.89497592835363,19.927977161023428
3326,An Giang,VNM,2022,2022-07-20,0.14678178597117164,0.3427049699737717,0.12250101112388334,0.15388545088780195,0.31323065266710187,0.2242125615518658,0.1203384592149609,0.40946380515878467,0.39333565293090783,26.260762519931614,22.79835409868728
3332,Ben Tre,VNM,2022,2022-07-20,0.1419097358544764,0.31203142047141724,0.12117683883725802,0.15173308871914923,0.27586028855654954,0.18641120744500494,0.10111116659524626,0.3724797965827687,0.32948912080807224,26.574047820705257,22.530947083053366
3343,Dong Thap,VNM,2022,2022-07-20,0.13778192543774404,0.3461500553503341,0.12120709589579977,0.1497659526860926,0.31518759463830315,0.22498714718767607,0.11837398715690922,0.43848834538309717,0.42731877820711417,26.290273377434254,22.869850427616676
3351,Hai Phong City,VNM,2022,2022-07-20,0.1107443731697862,0.26282268365185546,0.08139531196971588,0.11626205811612217,0.23258852533894547,0.17529475131896194,0.10713963923594226,0.412052965238909,0.36530222708728116,34.02054794970224,26.535664791793454
3352,Ho Chi Minh City,VNM,2022,2022-07-20,0.1476962270549015,0.3059836264875864,0.13344548029306882,0.16074826990261026,0.2824225054031682,0.21212661431522722,0.13053956467351976,0.3657731155478727,0.3423432151521866,25.371874790302616,22.95716173993504
3356,Kien Giang,VNM,2022,2022-07-20,0.11126337121808008,0.3017749552907524,0.10269238617279647,0.12656949190029343,0.256261416210188,0.17008640489894575,0.08661832828128517,0.4461252526844421,0.3814381863413565,26.720562706161964,23.54751080480643
3359,Lam Dong,VNM,2022,2022-07-20,0.10274903299424784,0.3644471319688836,0.08751094713006397,0.11754403092980491,0.34634663113045605,0.22038490477242353,0.1078108644742397,0.6061245151469775,0.6118521327107441,26.580493278984235,17.33906285445036
3362,Long An,VNM,2022,2022-07-20,0.15587263556768802,0.36426843161437383,0.13806672946523244,0.16889756060938527,0.33324851794529137,0.23970582185056477,0.13244132964840902,0.4214417603359457,0.4189279893145552,27.069335642799896,23.04159157521811
3375,Quang Ninh,VNM,2022,2022-07-20,0.07544585942655305,0.34273198030044655,0.05705530939078871,0.09196095259708673,0.31422892294628546,0.19834884515505327,0.09311498706644972,0.6413945168866637,0.6296578902697294,31.063833403176563,24.298598444679765
3378,Son La,VNM,2022,2022-07-20,0.07929016525033883,0.36287232635474254,0.06698063395996937,0.09768776702982339,0.3345815174393527,0.21115487613884168,0.09677243187881215,0.6843304802436868,0.6766852945097022,30.541799125129558,21.345376628472184
3379,Tay Ninh,VNM,2022,2022-07-20,0.13339094525709888,0.3640626293445683,0.1240771996795536,0.14998586715722628,0.3453419112601279,0.2435385571136117,0.12438350340010867,0.4988705745942907,0.5036260996951873,24.675846360250144,22.03742609571844
3380,Thai Binh,VNM,2022,2022-07-20,0.0856936427637188,0.21572526521934746,0.05067950181422701,0.08649011187732679,0.18130890670560745,0.13938509749711672,0.08399986281284663,0.4319654658915784,0.31425721570011483,34.86947877386555,26.61501997289859
3382,Thanh Hoa,VNM,2022,2022-07-20,0.05948338341270591,0.32775935859151323,0.04672362135102114,0.07552707757014279,0.2923878656917833,0.1820657437866126,0.08336174390832353,0.7152388204097377,0.6466196272467012,31.286746951056745,24.262566594664833
3384,Tien Giang,VNM,2022,2022-07-20,0.14666534730336225,0.36486121057409904,0.1320998372423841,0.16093619624033217,0.3270225902585076,0.2279497697751721,0.12467287428019631,0.43678704525932144,0.446770470464332,27.78572956393244,22.602466814609755
3333,Binh Dinh,VNM,2022,2022-07-28,0.05531351594181947,0.3512307170899094,0.0370302825419407,0.07151827594793836,0.31493030847323505,0.18495290501428163,0.08052569228420138,0.7298196043542311,0.6982222868434594,31.99766150037606,22.862710723716965
3338,Cao Bang,VNM,2022,2022-07-28,0.0849233076409979,0.3538865774883597,0.07585813639529738,0.1033399735471389,0.3347706596975708,0.21259661701330992,0.09906108029498369,0.6590823585984567,0.6408719989946893,30.703811636188995,20.78007010391048
3355,Khanh Hoa,VNM,2022,2022-07-28,0.08132105667163234,0.3705527220179525,0.0655242587407652,0.09919491874938882,0.33801442190470155,0.20956017373280728,0.09864742546879982,0.6465973357228738,0.6715218272470768,31.67982873436839,21.47115787430876
3360,Lang Son,VNM,2022,2022-07-28,0.07637281975707057,0.3608136090168523,0.06363932389377508,0.09506960558820524,0.33396929138705633,0.20428483186263122,0.09242591044283463,0.6783418664285914,0.6583712057769182,30.533149060368025,22.24689380310923
3370,Phu Yen,VNM,2022,2022-07-28,0.06790114697066181,0.3823188693156076,0.049355540825204804,0.08732124395363411,0.34068050554865115,0.20594889628797017,0.09188560833633835,0.701992212889125,0.7363362305868554,31.44250377309452,22.324314110711644
3371,Quang Binh,VNM,2022,2022-07-28,0.05997591677558772,0.3427443893455312,0.046316103749217886,0.07714446530633642,0.3136608499916259,0.18807561808501308,0.08271850343922041,0.724377386043256,0.6430219732708685,30.712357257665932,23.798848996164462
3374,Quang Ngai,VNM,2022,2022-07-28,0.04685377858706264,0.3296837495492522,0.030436683197418057,0.062000999133761475,0.29664107131179,0.17674272871020402,0.07702876731196934,0.7569841376330516,0.6971047446998301,33.356211935577534,22.358496393157573
3376,Quang Tri,VNM,2022,2022-07-28,0.07551996748856075,0.3752946298068947,0.0593947053591369,0.09375007702841295,0.34217810720730324,0.21215089025031336,0.09659625838820067,0.6837638047965848,0.7072724429382796,29.50280812739462,23.390603447743437
3383,Thua Thien - Hue,VNM,2022,2022-07-28,0.06222448862981482,0.34185103104105274,0.04700968181890122,0.07945923907828756,0.31310302687180974,0.19121077228994632,0.08624946038926623,0.6999001639542891,0.6579235897081459,29.75201825452483,23.26000861104098
3327,Ba Ria-Vung Tau,VNM,2022,2022-07-28,0.09166060239697729,0.28051245729587393,0.07900341224332524,0.1030260195716498,0.2618427546265444,0.18116811861505835,0.10031259143219809,0.4847803998957998,0.42788890113217143,29.677620482170866,23.809091474547163
3336,Binh Thuan,VNM,2022,2022-07-28,0.08286954921900574,0.3406591138271671,0.06226853426398416,0.09341096108574687,0.3239231560242262,0.2148052359002852,0.10490665325300966,0.6335798738301038,0.3611778624983119,30.53580512740347,22.849650906055125
3342,Dong Nai,VNM,2022,2022-07-28,0.10298010132928458,0.2921392882409233,0.09572040242424497,0.11648698464442232,0.27210715950521086,0.18152016665341947,0.0942552589960454,0.5027453019002104,0.427079924683097,31.8332408399941,23.219387084954114
3344,Gia Lai,VNM,2022,2022-07-28,0.16862361565326361,0.3872776234430272,0.1685629671826713,0.18498772338447342,0.35911988230823627,0.24734453365342568,0.13598552286740204,0.44410075059833626,0.45238474501927384,31.952502115673013,21.461410138516168
3345,Ha Giang,VNM,2022,2022-07-28,0.10773135171862407,0.3725372134968859,0.1003479008089944,0.12712060068708814,0.3506246556691506,0.2302538740763723,0.1101776138057465,0.6092762302244253,0.6232433370468011,29.96252779893825,20.062491623082735
3347,Ha Noi City,VNM,2022,2022-07-28,0.15336752666295275,0.32752634837241584,0.13094916694489028,0.16234821713380365,0.3093236690063551,0.24791836451558258,0.15895674656590755,0.38545035099268465,0.43042847003926094,33.02244534481327,26.69709030573018
3348,Ha Tay,VNM,2022,2022-07-28,0.11752160924063733,0.33078691127840093,0.09049657049304206,0.13016964530873162,0.29927765166313175,0.22325533029005948,0.129898299018022,0.49435394070617694,0.5511497490866205,31.98516115152313,26.596665186809815
3349,Ha Tinh,VNM,2022,2022-07-28,0.04671325630802194,0.32293259606988994,0.027208441652268635,0.062380950260150926,0.2938084569043945,0.17745446359433928,0.07609721606609705,0.7523852527485593,0.676622621775195,32.928333006920795,23.67031106425399
3353,Hoa Binh,VNM,2022,2022-07-28,0.09145768822319501,0.3796094172849717,0.07984158937105464,0.11112877278441752,0.34851788026756075,0.22297024751060526,0.10560240850543132,0.6331711869274855,0.6644785070129534,29.451374882998607,23.29035165807988
3357,Kon Tum,VNM,2022,2022-07-28,0.14319871354921096,0.366806937580513,0.1428153184396507,0.15890723944946505,0.34038930784994176,0.21914324271345303,0.11323191950910562,0.5095537687071021,0.460207349565154,30.02870511540657,18.945360806525116
3366,Nghe An,VNM,2022,2022-07-28,0.05462361960611763,0.359280668091458,0.03903527602884258,0.07339744258660948,0.32840812849471945,0.19721220732251965,0.08313551265582637,0.7507357336818703,0.7312716652655946,31.371584789578566,22.273691640469234
3367,Ninh Binh,VNM,2022,2022-07-28,0.13864108585470014,0.3070768319266111,0.10923879665136235,0.14504888415699835,0.2798218381760561,0.21224026556075762,0.12904253424629875,0.4104911478706456,0.3908929492980363,34.47477243372748,26.41798732727495
3368,Ninh Thuan,VNM,2022,2022-07-28,0.08548872276503922,0.3912718340638356,0.059515999307780135,0.10175602313302501,0.3687722397369318,0.23978878261561937,0.11226073315742668,0.6452302964882828,0.7704823659623753,32.508131112113894,22.49173113160639
3377,Soc Trang,VNM,2022,2022-07-28,0.08911333622741406,0.29106290666677437,0.06772431522929534,0.10168100046839142,0.2396685770861433,0.15466451754797816,0.07902910094732639,0.5168840706787721,0.4391336363413905,26.842054498801186,24.977273707247136
3386,Tra Vinh,VNM,2022,2022-07-28,0.09717411679388312,0.2727026276507079,0.07455555108957358,0.10607258091895959,0.23660525312068786,0.15755295422563298,0.08430535475978403,0.4608094853716252,0.3896063109326876,28.52576707273926,24.609197917572217
3387,Tuyen Quang,VNM,2022,2022-07-28,0.10710728154898734,0.35226509103515036,0.1098144766882352,0.12654290943486285,0.32019652463755566,0.2062585688477425,0.09964754667402534,0.5700373386765221,0.5243556122788151,29.992816174883366,23.30961602377124
3388,Vinh Long,VNM,2022,2022-07-28,0.0817177581284602,0.27755668932077193,0.055670462970924414,0.09018071449237221,0.24594663398567665,0.16399327217624415,0.08500620528774355,0.5406986513127005,0.46063790374703534,30.780219339847402,24.266613939385305
3390,Yen Bai,VNM,2022,2022-07-28,0.12187450516503923,0.3618634890449805,0.12131505651572727,0.14087632002037592,0.33585404626353677,0.22091217991831202,0.10991860843110023,0.5363911569535154,0.512699951982226,29.776255698698304,18.453003727468143
3328,Bac Kan,VNM,2022,2022-07-28,0.08696694655954175,0.35466591556126514,0.0859078110740729,0.10674649013665825,0.324216560048911,0.20062422913721842,0.0915618440399492,0.6432159552737113,0.5882701038912522,29.592417912582548,21.293409427986077
3329,Bac Giang,VNM,2022,2022-07-28,0.08170883797355774,0.35153366075346437,0.0572547599402958,0.09480798365253056,0.32641451535843186,0.21478374675425363,0.10588598747977353,0.634137041275398,0.662606301237447,33.2797495658802,24.661770073182925
3330,Bac Lieu,VNM,2022,2022-07-28,0.1250402358436149,0.23644461054596314,0.10734443213986729,0.13570622901648527,0.19812002533551473,0.14525392944510387,0.08725305767711965,0.2941806757642388,0.22351071534888806,,26.489595446302772
3331,Bac Ninh,VNM,2022,2022-07-28,0.12689104333088574,0.2873036564996321,0.08755674744802773,0.1317843912092465,0.2544419440566145,0.2031799202846318,0.12681089884932292,0.40974060451699057,0.4341488341123859,36.47576615501717,26.410582687231685
3334,Binh Duong,VNM,2022,2022-07-28,0.11707260993783933,0.3200805439533165,0.10564383074090904,0.13013832518348367,0.31302216701476354,0.22572741862182036,0.12433926243702202,0.4994520844755091,0.5543342377040701,31.942263993519152,24.04876029206154
3335,Binh Phuoc,VNM,2022,2022-07-28,0.12661375127231905,0.31749074496555674,0.12413683956797977,0.13996099972628734,0.30536302780700053,0.20627867687953028,0.10500087030617686,0.4767107436863609,0.40494968080847826,31.852077169590416,21.345984507042292
3339,Ca Mau,VNM,2022,2022-07-28,0.10981582164622654,0.2187743692874293,0.09245894277206411,0.11956367126513187,0.1847109547986777,0.12746680261806193,0.07303266762231307,0.35227131090488356,0.2119835170808719,25.45770414772296,26.400534070527883
3340,Da Nang City,VNM,2022,2022-07-28,0.07820850412860796,0.3218530556343313,0.062074012662160935,0.09173467962758773,0.29195746483835483,0.1856375957381118,0.0959186370512899,0.6250386007063832,0.616565010125861,32.802413842703444,22.708608641400648
3346,Ha Nam,VNM,2022,2022-07-28,0.1223787784243044,0.3257108709272517,0.09019342931045024,0.13401885746096304,0.2958311067672224,0.22546520344425447,0.13137872107803855,0.471234076600279,0.5028590921063866,35.89888548428163,25.824798672421075
3350,Hai Duong,VNM,2022,2022-07-28,0.08797409517952542,0.2582702897055998,0.052726726078866,0.09375711439018662,0.23239381260316877,0.17440821241976773,0.10662399482698118,0.492156381136608,0.45989139788805744,36.446283195542186,25.825079570966228
3354,Hung Yen,VNM,2022,2022-07-28,0.11769378055407316,0.3304806977358918,0.08470764536000625,0.1282507021479609,0.2984185474955848,0.22689296328941871,0.1336351118591449,0.5001073277244874,0.5470015391701033,36.03844791753063,26.37785006431397
3364,Nam Dinh,VNM,2022,2022-07-28,0.1333791513706455,0.2598591777784605,0.09620862388388768,0.13400980678274954,0.23027285825181723,0.19030934025164373,0.1246355475169727,0.34845769457986386,0.30429300688587646,36.01724326534996,27.1324010240111
3369,Phu Tho,VNM,2022,2022-07-28,0.10774909391839567,0.3546981308391972,0.09900516647800514,0.12491997041271595,0.32742541385013124,0.21949513361496692,0.10938329026133692,0.5557560037193667,0.5608282085254476,31.06637081081997,22.849226592824643
3372,Quang Nam,VNM,2022,2022-07-28,0.05494358045081873,0.32278372884017087,0.044480430514506133,0.07133475849142977,0.29320302516826785,0.17212756173649787,0.07516722941420431,0.7254014239173876,0.6426102557620705,31.764585098397013,21.342053008710003
3381,Thai Nguyen,VNM,2022,2022-07-28,0.10659470955801763,0.362969074415323,0.09945747084560373,0.12497617039201167,0.33014493952070245,0.2186307487774494,0.11029926488668221,0.5740688361602936,0.5780203561009492,30.55414703284923,24.00227026602062
3389,Vinh Phuc,VNM,2022,2022-07-28,0.1308300609201454,0.3481093422086566,0.11741116368740455,0.14508514856571844,0.3179695292570172,0.2305847808975916,0.12991587829671228,0.4755772726041398,0.5122574528159481,30.62157610083688,26.19282982099678
73933,Can Tho city,VNM,2022,2022-07-28,0.08000929229506136,0.3095902409205364,0.06065936654525816,0.09462906323526968,0.26656235577002574,0.17812605031656165,0.09261780269008858,0.590531802238751,0.5503986263493529,28.10470127747129,24.540349036505916
73934,Dak Lak,VNM,2022,2022-07-28,0.14518556680943176,0.37999501275478664,0.1429938263719453,0.16284135020129734,0.349160260774109,0.23034197332496567,0.12134291714032094,0.4875855532430731,0.48110455006066893,30.66652210459646,21.581736771651197
73935,Dak Nong,VNM,2022,2022-07-28,0.14158094446288103,0.37681684272602434,0.1409633756540971,0.1583288325051602,0.3473623895810495,0.2259562553047457,0.11615975988278411,0.4908951979044728,0.47348050701213534,30.187292753329597,20.2549112461678
73936,Dien Bien,VNM,2022,2022-07-28,0.11914195265646765,0.45836807650443673,0.10204331930022274,0.14188758312351613,0.43205587306654436,0.27869793372783047,0.13165249271336982,0.6114328724155144,0.7885951576646989,28.958862220778776,18.7371416390652
73937,Hau Giang,VNM,2022,2022-07-28,0.08610446147793117,0.2675087451859977,0.0645770336843738,0.09502093537390503,0.23363556890664391,0.15883734195282606,0.08643994520437788,0.5240796696825738,0.4174580096836907,29.502946969239005,24.96591582467589
73938,Lai Chau,VNM,2022,2022-07-28,0.11423797327233363,0.42635864408183194,0.10142972267111791,0.13553705746935063,0.3947193327433773,0.2481811698180727,0.11773447249057861,0.6145231469761295,0.7015265582080186,28.585502584380496,17.987813127637267
73939,Lao Cai,VNM,2022,2022-07-28,0.12652241516909532,0.38850203140720213,0.12160781335642147,0.14598778483147162,0.35820160035879384,0.23507191618794457,0.11596018346374731,0.5618426651939088,0.5728958914255294,30.365994187051104,16.977387156187014
3326,An Giang,VNM,2022,2022-07-28,0.11293165895593277,0.2794352705511529,0.08109528378507597,0.1146044864683682,0.2570118108418214,0.18461437782090026,0.10133525780360007,0.4223448914798949,0.3737226098309569,28.999091378662307,24.950171099067617
3332,Ben Tre,VNM,2022,2022-07-28,0.09503307948050274,0.2677800467475551,0.0716091020832727,0.1024685333353491,0.2322647884496756,0.15290832402119633,0.08297110058745223,0.4606184496473709,0.39817846444324145,30.585798812083144,24.554707172751726
3343,Dong Thap,VNM,2022,2022-07-28,0.10473506130481733,0.2964450955863135,0.07846853181893153,0.11168461045324882,0.26585324784309333,0.18674878895283253,0.10076071820998175,0.4817342748324342,0.43968817426185053,30.9453232071435,25.04031284521837
3351,Hai Phong City,VNM,2022,2022-07-28,0.10680780323365179,0.25538231733409594,0.07590890796849793,0.11184935530864301,0.22925378102225075,0.17427298587608225,0.11099341719954992,0.41608676854657767,0.3903550185593831,35.7708430478984,25.24465589937822
3352,Ho Chi Minh City,VNM,2022,2022-07-28,0.1289828657813197,0.2690638617559782,0.116163646496286,0.1394918855429203,0.24648053679572707,0.1857781218796625,0.11794226602988067,0.3770798366126194,0.33058431067377136,27.16623504817127,24.088808403788594
3356,Kien Giang,VNM,2022,2022-07-28,0.09685421916929206,0.28605494994584646,0.07799800357367837,0.10802724784504843,0.2451194990023446,0.1645567613821098,0.08884469155243342,0.48412808960941056,0.4145361518218155,27.18443674387562,25.601218510659795
3359,Lam Dong,VNM,2022,2022-07-28,0.11965768794407745,0.34701612981242896,0.11514577975201941,0.13428354341281956,0.3241017742382437,0.2067311893676987,0.1041852546130474,0.5274578990007345,0.4748033399792098,30.29307534059938,18.318844353797775
3362,Long An,VNM,2022,2022-07-28,0.10851460460217645,0.28747576163581057,0.08499301892127618,0.11549638604520043,0.2660130462737296,0.18985586304608137,0.10650753985293099,0.4752493118705366,0.41391165001258795,32.22049549788598,24.315730290043334
3375,Quang Ninh,VNM,2022,2022-07-28,0.07799843604160529,0.3289235724597314,0.06044864247071333,0.09295392183091032,0.3037391770925447,0.1935363845133306,0.09410222344238138,0.6229616797099146,0.5908542156596988,31.999898638538994,23.372547396761362
3378,Son La,VNM,2022,2022-07-28,0.09398797246634392,0.4039508976063296,0.07835274477918854,0.11442626054425452,0.37875021150622334,0.24421913699411238,0.11474825458480835,0.6487756790141723,0.7542976613367507,29.58832695773713,19.461898173693065
3379,Tay Ninh,VNM,2022,2022-07-28,0.11456426352550236,0.3251150313977957,0.09929600923359894,0.12770091647627746,0.3127078455923805,0.21767254964839924,0.11311052205441702,0.5077124289175025,0.489025259404168,31.097835677328014,
3380,Thai Binh,VNM,2022,2022-07-28,0.09750413867584877,0.24131056980554516,0.063246989004472,0.10132347853399211,0.2071080976869777,0.1620024652624766,0.10199022743467372,0.42721955881276896,0.35240081142149426,36.501666308036484,26.20586797430648
3382,Thanh Hoa,VNM,2022,2022-07-28,0.08211183854395411,0.37117776841486827,0.07042538275337316,0.10135854373779347,0.33482012058702015,0.21328324433656004,0.10010484799339152,0.6542919334086469,0.6743470360594886,30.55893516834259,23.326567815181008
3384,Tien Giang,VNM,2022,2022-07-28,0.09177026714282376,0.2995256795572733,0.07132696107246353,0.10232355639060872,0.2642641156849603,0.1805764382618707,0.09917464221871457,0.5372651759583236,0.4963088284619449,32.678588220621016,24.079807323272757
3333,Binh Dinh,VNM,2022,2022-08-05,0.08237680150367191,0.3871775726126869,0.06317865595754674,0.0997642723387635,0.34890427693248693,0.211709665152628,0.09772875632535404,0.6515967707531269,0.6905562554936086,30.173158800905252,18.065907156678442
3338,Cao Bang,VNM,2022,2022-08-05,0.13944052693668968,0.3860594565420161,0.13261592293104663,0.15588178425954127,0.3614182444883135,0.2418253730309657,0.12498705447180761,0.5921527448899203,0.5613113373730688,28.561044378054913,19.696545997430587
3355,Khanh Hoa,VNM,2022,2022-08-05,0.06468554713474545,0.40800087232319404,0.04104543738436778,0.0851164785960538,0.37667460773306133,0.22799470346886275,0.09832392835056472,0.7209558136843891,0.8278685580149139,26.917311042295445,20.75349148509271
3360,Lang Son,VNM,2022,2022-08-05,0.10255569596310227,0.36903992777952893,0.09317993781021029,0.1194151692250596,0.3381700798212528,0.216334859435582,0.10598383067365774,0.6439906653643938,0.5994547575243878,29.936427531575962,21.080041340683838
3370,Phu Yen,VNM,2022,2022-08-05,0.07561709602248522,0.4292287016363695,0.05069919133764939,0.09668570796194322,0.38500909693343194,0.2341211185007725,0.10435247006666588,0.7116570154179949,0.8356248428282353,29.703781801489843,19.06265601809468
3371,Quang Binh,VNM,2022,2022-08-05,0.479351973710281,0.5602234626446795,0.4766145659275937,0.48724093041262617,0.4941665591293595,0.28909012701868503,0.16236923454449204,0.09395215541565835,0.08040862650880312,28.863214285714278,
3374,Quang Ngai,VNM,2022,2022-08-05,0.11561236311803545,0.3817643553755953,0.10355914778703583,0.13332031011782086,0.34060118485810426,0.20745141128214656,0.09735158997355242,0.5470135349518814,0.5177141800724083,27.20275771491774,23.869843021448588
3376,Quang Tri,VNM,2022,2022-08-05,0.2681092560907921,0.4331610590510235,0.26935208977341885,0.28416672015889677,0.3888121759184314,0.2342899166983517,0.12161533964130793,0.26973846301155024,0.2240145097462787,,
3383,Thua Thien - Hue,VNM,2022,2022-08-05,0.11871640894492799,0.3942660216791563,0.1075135623458136,0.13866813703765646,0.3554940224623807,0.21556255953529282,0.10002546038469491,0.5495388317486465,0.5396836108180908,29.700326902692463,
3327,Ba Ria-Vung Tau,VNM,2022,2022-08-05,0.11078494557322079,0.35979580786816623,0.0875861586087918,0.12562442009475455,0.3364748404463915,0.234619185743852,0.12490351644680474,0.5075898783959539,0.6040341759405182,,20.561398842885154
3336,Binh Thuan,VNM,2022,2022-08-05,0.1088045304375182,0.4140339662996006,0.07917610629278858,0.12229509575014408,0.3964091694392468,0.2668039236213448,0.13157309376830734,0.6037342874464087,1.0261590204011228,27.919219512135083,20.371847361443727
3342,Dong Nai,VNM,2022,2022-08-05,0.13514616635535587,0.3807653502700855,0.11951248688243465,0.1516448325039016,0.3574119367938495,0.24861512149584258,0.1311334844666937,0.4799278368282729,0.5404642310367133,,15.410868079743524
3344,Gia Lai,VNM,2022,2022-08-05,0.3721180118125398,0.539847122754978,0.36159584244647636,0.38382705209692314,0.5002674122261752,0.3724283629786836,0.2209630920774105,0.24888891693635437,0.3109514865639976,26.07308310709521,16.610452219029707
3345,Ha Giang,VNM,2022,2022-08-05,0.10055688375993019,0.38352682694637535,0.08909225176773376,0.11998955714828287,0.3572067845796045,0.23035395813057652,0.10868900789341551,0.6653926012878898,0.6776828389530556,29.406489433652695,20.24606218849222
3347,Ha Noi City,VNM,2022,2022-08-05,0.11722697342075925,0.32593755302973215,0.089927568117443,0.12700665621655846,0.3019230959474661,0.23081078658770002,0.13868411893541982,0.4824530461955851,0.5698523576919667,31.603647565917697,24.59426721055131
3348,Ha Tay,VNM,2022,2022-08-05,0.09818761814157281,0.35977981844101625,0.06835027871510736,0.1154428350601826,0.3221750938484249,0.22721950647604472,0.11864954480580496,0.5688207527927379,0.6538962791576424,30.645230183321775,25.14823186538153
3349,Ha Tinh,VNM,2022,2022-08-05,0.35560111408469225,0.4732050024051426,0.3553839043104827,0.3671568688922018,0.42087203116066063,0.2307404032768007,0.12460758887607234,0.14980430436823985,0.11939335616309993,,
3353,Hoa Binh,VNM,2022,2022-08-05,0.1543556054852366,0.4007048867056233,0.15273292889117213,0.17455223944606602,0.3671591691001041,0.23854589563925843,0.12086230324263358,0.46592089204674114,0.4598863352645531,25.253790554456057,22.218805579387386
3357,Kon Tum,VNM,2022,2022-08-05,0.49241989257687596,0.5852751881143723,0.4879812318552294,0.5017306064855472,0.5281266710853879,0.35060093796181774,0.19415619105539536,0.10076527859601538,0.09878575500992168,22.106842021891826,11.340660817654033
3366,Nghe An,VNM,2022,2022-08-05,0.2511247194250332,0.4334920292769472,0.2502637528628992,0.2654515334732351,0.38956199897703686,0.23136568063768356,0.12426764226149846,0.30463813057625433,0.27192862247742083,30.25233447254324,17.899438955842864
3367,Ninh Binh,VNM,2022,2022-08-05,0.2755944673834371,0.40436362485528204,0.2682782344597351,0.2895282002920208,0.36971031757497264,0.25750576658310076,0.14643222979787673,0.20113429631195237,0.18127711831300028,,
3368,Ninh Thuan,VNM,2022,2022-08-05,0.07390825020992246,0.4148785251115148,0.04117631670558531,0.09116015779625673,0.39665897771643926,0.25668789371088857,0.11886918718769893,0.6930037762208863,1.002344356492387,28.72376423742654,21.246366799945452
3377,Soc Trang,VNM,2022,2022-08-05,0.16204614530395514,0.37208504476798543,0.14208379615573102,0.17700049466304318,0.31040946871253583,0.21806615023560724,0.12250347594984759,0.3824199079627634,0.38760338712185777,,19.737731275174518
3386,Tra Vinh,VNM,2022,2022-08-05,0.17550685937758406,0.3545280880946267,0.1564656764302054,0.18693838421630757,0.308696648988507,0.21539630785400382,0.12157493230117779,0.33452835886699256,0.32017825643417364,26.362620724534608,20.69562150055992
3387,Tuyen Quang,VNM,2022,2022-08-05,0.05520475875728304,0.33503264849777786,0.046765067888855996,0.07306992643853176,0.30249679306060845,0.1818706493019679,0.07722099860971693,0.7507252003956849,0.6582593797570333,30.162623860070187,22.681517545057886
3388,Vinh Long,VNM,2022,2022-08-05,0.17245445131522122,0.3654074279065353,0.1591396369862109,0.18489194794973962,0.3225668807185713,0.22068011739801263,0.12073593624382813,0.3679215958188053,0.3425647284927082,,
3390,Yen Bai,VNM,2022,2022-08-05,0.10527449288987985,0.3789269656700756,0.09600759779736501,0.1241585284859998,0.35120760578345367,0.22562697497183198,0.10763527899765293,0.6177668639797621,0.6221974378345736,29.505868814782737,21.017357351466096
3328,Bac Kan,VNM,2022,2022-08-05,0.08755543327198036,0.33526451441961996,0.08489548965408902,0.10393956887349684,0.30477696104034413,0.18710476561207542,0.08758364123351244,0.6742407397409631,0.550877549768194,28.590915101320867,20.371047922746545
3329,Bac Giang,VNM,2022,2022-08-05,0.10663107380051803,0.3844715923728928,0.08557109898458518,0.12089930161479184,0.3533168473703193,0.23961308327430048,0.12308277050406753,0.6067689072188777,0.6825956822931287,29.52712836211918,23.11703468422926
3330,Bac Lieu,VNM,2022,2022-08-05,0.1343019234210767,0.2682987325956975,0.11387086341894861,0.14854331973626236,0.21993737583675296,0.16066711552284788,0.09313953453202563,0.30761117990201486,0.2541712606279167,,21.20135394229566
3331,Bac Ninh,VNM,2022,2022-08-05,0.12121834612337483,0.32236125536663607,0.08911643792419094,0.1306590055301563,0.2862875705755128,0.21982662386357724,0.12991534392713555,0.46724029416929885,0.5059781437510588,32.10342468833539,24.798366651289907
3334,Binh Duong,VNM,2022,2022-08-05,0.20045137627405316,0.4083686589128657,0.19011471134698388,0.21439828794594265,0.3980918096571357,0.3073288878655506,0.18200582326146983,0.36030552555740647,0.45348453736200944,23.6122976640712,
3335,Binh Phuoc,VNM,2022,2022-08-05,0.21175377710090207,0.4288958459096993,0.19842007792968186,0.22441256996628645,0.4161557620646062,0.31421009108536657,0.1827150298968134,0.37373146987350414,0.4640882824627695,,
3339,Ca Mau,VNM,2022,2022-08-05,0.11840527462721957,0.2448623822790024,0.09999818721538992,0.12978781638551565,0.20248788743492713,0.1410243303071205,0.07865454974250688,0.37398637739173773,0.24161796490309478,27.675473523625925,
3340,Da Nang City,VNM,2022,2022-08-05,0.09234382092944263,0.38940099694431723,0.07311155168091564,0.11154541594355917,0.34898823005603224,0.21672340205796303,0.10135031626364635,0.6157353559213814,0.6282081463547416,34.4289901211777,
3346,Ha Nam,VNM,2022,2022-08-05,0.14493400862333533,0.3547388493540974,0.13285616195953331,0.1641313750558268,0.31440160486327245,0.22891251770069695,0.12454526415050443,0.4367258628165914,0.4295103580194298,28.76400296622633,
3350,Hai Duong,VNM,2022,2022-08-05,0.14545971462228505,0.337884995647495,0.12982586466033771,0.16018869940793898,0.30385899764893776,0.22406431656912185,0.12547172337872564,0.42395333814385294,0.4051333357697979,30.06043874407761,24.133678323087747
3354,Hung Yen,VNM,2022,2022-08-05,0.12341379189377992,0.3490727530626543,0.10033700586539929,0.13860553041625728,0.31283797416236975,0.23054805510272042,0.12714786427333977,0.4905362014043859,0.5197688637015677,29.93458901826587,24.21832905500332
3364,Nam Dinh,VNM,2022,2022-08-05,0.22688866365452617,0.3400981619962366,0.23412929510499825,0.24346227608338353,0.3012446257649001,0.2207239843776765,0.12958225433122983,0.24418486532604372,0.19811687374166764,21.794309583858773,
3369,Phu Tho,VNM,2022,2022-08-05,0.09541223819384267,0.3811483729953388,0.07728794625705979,0.11346355265097857,0.34963694504222387,0.2297729639957919,0.10932844231367411,0.6199116504679738,0.6685569323993774,30.70270285097245,23.537448854082
3372,Quang Nam,VNM,2022,2022-08-05,0.17908184619628925,0.4251189147326738,0.16766927121660102,0.19594728770982422,0.38452060013908346,0.24004397046405607,0.12494433894934398,0.4443499987299701,0.46794202524667255,36.00537552039251,
3381,Thai Nguyen,VNM,2022,2022-08-05,0.07723406334008887,0.3394410715697257,0.06712518778204592,0.09358582478241441,0.3040844645228215,0.18982654472023136,0.08874147342225717,0.6757965040027566,0.6135201130655581,31.080515522406863,22.864244428977923
3389,Vinh Phuc,VNM,2022,2022-08-05,0.10626431188690405,0.37235294684488385,0.07898201706343684,0.12057277503808769,0.3395655842346659,0.23857895406256116,0.12714380664951086,0.5706590147023621,0.6795587096813506,29.900296007184895,24.486594385332197
73933,Can Tho city,VNM,2022,2022-08-05,0.16413815206550458,0.38959486778230257,0.15830482812250304,0.18298787414384954,0.33550453911153183,0.23200090381362085,0.12479018878009222,0.42334634973758806,0.4112733949504828,,
73934,Dak Lak,VNM,2022,2022-08-05,0.1624039224529968,0.444786432778529,0.1455480673624497,0.1801024546705351,0.41466328845004674,0.28785337853297455,0.15858711771593245,0.526611278454524,0.6475897784058751,25.821052936314725,15.90447961974323
73935,Dak Nong,VNM,2022,2022-08-05,0.2605793527860846,0.4743565838932049,0.25257255175081833,0.2744144848507505,0.44336291747341533,0.32705794990809833,0.19461942128169482,0.34509885573437027,0.42352030316526695,,12.600965039536348
73936,Dien Bien,VNM,2022,2022-08-05,0.17789483354826424,0.4189147972249399,0.1732571088031471,0.194897809386807,0.3812743207695856,0.2503757706567631,0.13360076697459927,0.49788393378502466,0.49804918884511673,27.569514830784254,19.400872372101148
73937,Hau Giang,VNM,2022,2022-08-05,0.18506983144889627,0.3493897943441051,0.17104788229854437,0.19583563576419533,0.30619378259233815,0.22327141615666743,0.13037717325812798,0.31517141505508756,0.29251118878784305,,22.450623769464865
73938,Lai Chau,VNM,2022,2022-08-05,0.19126853280236722,0.4316311569722407,0.18474746021255908,0.2075153777630034,0.39413111287538044,0.26479998289279805,0.14402442292077003,0.48198331262453986,0.4994042830342686,27.91381467146536,18.860217929162634
73939,Lao Cai,VNM,2022,2022-08-05,0.13390842966821423,0.41237112934995007,0.12393617116670343,0.15271508509305695,0.3753477991860521,0.24383614843743356,0.11708383909264339,0.6063820306478707,0.6264237036919378,29.945432065484553,19.975349528955466
3326,An Giang,VNM,2022,2022-08-05,0.15865716959739895,0.3155821358335088,0.13749685167358042,0.163240915531062,0.2849437871728734,0.2145245869560047,0.1198416960391672,0.3423525973428867,0.3097742652024607,,
3332,Ben Tre,VNM,2022,2022-08-05,0.1403834334256778,0.3387948559631879,0.11810004728507693,0.15119037068392407,0.29547123421188803,0.19873221663284163,0.11017797670265175,0.4064757579482824,0.3970826147376807,32.34816341038898,21.727590199548754
3343,Dong Thap,VNM,2022,2022-08-05,0.16318460203591717,0.35323881356431763,0.14491216740911092,0.1734100781536525,0.3167685861773238,0.22773624384075142,0.1248150952518881,0.3791960458710082,0.3563373430833404,,
3351,Hai Phong City,VNM,2022,2022-08-05,0.1761542567604733,0.31977688588319236,0.16347837339514687,0.19014391118122367,0.28996675607299066,0.20765054542552236,0.11536515802718529,0.29463333165077993,0.2562138578498651,29.428375808303397,23.75734279918863
3352,Ho Chi Minh City,VNM,2022,2022-08-05,0.13793152169672224,0.32130761337259406,0.1131317125355894,0.14958600470016623,0.2942891646199571,0.22111201302251243,0.13664752507110578,0.4101005387908713,0.43436881803485716,,22.028537519142443
3356,Kien Giang,VNM,2022,2022-08-05,0.2643966973320166,0.40524738304728314,0.2554366217104793,0.2767320587651877,0.3448401298787566,0.22887371990123448,0.13307621039458645,0.25285072064748026,0.23446971308344558,25.235590554694365,22.120420988233974
3359,Lam Dong,VNM,2022,2022-08-05,0.14793763952077432,0.4196427140433753,0.13042856053738225,0.16337330756045138,0.3979043151673776,0.2683861014943579,0.1432025408314617,0.540281787680887,0.6081679430609715,22.817083564604932,16.030260873693464
3362,Long An,VNM,2022,2022-08-05,0.14595752053465977,0.3507503527072011,0.11159985846794593,0.15204904863167143,0.33472190814383634,0.24867275729338212,0.14002355707859007,0.4272018747254064,0.4614031853937806,,
3375,Quang Ninh,VNM,2022,2022-08-05,0.1332623433782662,0.40132381808403333,0.12073927002711776,0.15281937431356,0.37017777187026535,0.2489194464224128,0.1268658573501533,0.5273778228620211,0.6008739823581895,29.253713087694084,21.182488960852407
3378,Son La,VNM,2022,2022-08-05,0.141554345030368,0.3917358555053346,0.136419204230691,0.1594724935193221,0.35702265576635345,0.22852498823713874,0.11476604950437935,0.5472470597183432,0.53309354778219,27.82261959103364,19.125337679314583
3379,Tay Ninh,VNM,2022,2022-08-05,0.19037003219891366,0.3934700296353436,0.17337751262498896,0.20195052608966524,0.37761121630715166,0.2854635059905658,0.16557499555529104,0.3734598535623663,0.42945910061464465,27.362983632369627,
3380,Thai Binh,VNM,2022,2022-08-05,0.15860052135584154,0.3186083259303188,0.1658753061214917,0.1782780788532409,0.27530785596585394,0.1984971458155586,0.10808814857440248,0.3576993441825958,0.29545602282377254,28.33540627571637,
3382,Thanh Hoa,VNM,2022,2022-08-05,0.16923017749031377,0.41233968232891943,0.1677475395134097,0.1891364299863068,0.3717987113655706,0.23729163929531105,0.11918841802252994,0.44644651681498576,0.44119178804400255,25.471687788276,20.703803394843153
3384,Tien Giang,VNM,2022,2022-08-05,0.14504648856877045,0.37742834736688907,0.12248822299080052,0.1571424022589872,0.33474129206548614,0.23291397874018696,0.12929849895474696,0.4487434763544374,0.4837768787648648,,21.657449850730664
3333,Binh Dinh,VNM,2022,2022-08-13,0.06317187936070184,0.34911603640734945,0.042755775825142825,0.0768264677727667,0.3166620497322569,0.19251105644523664,0.08928170949548772,0.6998385194205831,0.8201079877015559,31.162817259912245,21.86058205060596
3338,Cao Bang,VNM,2022,2022-08-13,0.0907209259038061,0.33312516605175957,0.08985490075815389,0.10835799087101208,0.309784587403823,0.19445425840056038,0.0904716726715763,0.6295338176891645,0.5397248264904605,29.517703299336105,20.514337820811285
3355,Khanh Hoa,VNM,2022,2022-08-13,0.08330009432498976,0.3419683710216538,0.06814832976666982,0.09730899159064281,0.3108200906333055,0.19547546639540236,0.09484828765111,0.6366942611927459,0.6278494136292515,32.34673504711624,20.716936156958056
3360,Lang Son,VNM,2022,2022-08-13,0.09561074886183894,0.36861475588092835,0.09075692570595466,0.11472005796955133,0.3381484355747841,0.2127989047500779,0.1013247406629242,0.6270492590918948,0.6168396703527413,29.8108345186047,21.59371668060925
3370,Phu Yen,VNM,2022,2022-08-13,0.07042712051593152,0.35613824769480334,0.0559890311629798,0.08641495100463074,0.31068471712923074,0.18655440029671513,0.08488053832462458,0.6975525938080152,0.6487408006579123,32.69541048695669,23.604741763073925
3371,Quang Binh,VNM,2022,2022-08-13,0.0719689332892535,0.40471507721749467,0.05381950038400101,0.09295929168763337,0.3738615054508539,0.231030789260288,0.10337690271912141,0.7130356093750169,0.8111239039057643,29.493557059314604,22.26281552065323
3374,Quang Ngai,VNM,2022,2022-08-13,0.05997613918054772,0.3531830265267786,0.04298234508083493,0.07656535927713821,0.31801614859189686,0.1902087280028897,0.08411611819499425,0.7145821323412263,0.6850465637886242,31.12803476561886,22.386712860596855
3376,Quang Tri,VNM,2022,2022-08-13,0.08803807270253729,0.3744852621214997,0.07095325577059199,0.10430494911765516,0.344750170691001,0.21848654003030427,0.1051617604999886,0.6577441823027025,0.5072211083606554,30.326467162917254,20.8333128228708
3383,Thua Thien - Hue,VNM,2022,2022-08-13,0.06869550998947882,0.3358825436694871,0.05405206053086133,0.08441263632685865,0.31067833643684345,0.1933957918633198,0.09093864022794466,0.6731626295242125,0.6394374217600329,30.638228059589498,20.9303338988362
3327,Ba Ria-Vung Tau,VNM,2022,2022-08-13,0.05418161530819441,0.26187426567391026,0.036105351747719054,0.0645040139202558,0.24198260881833988,0.16139251457851453,0.08174567234521168,0.6303634819268523,0.5522229232875002,33.88057558518213,24.178943792671483
3336,Binh Thuan,VNM,2022,2022-08-13,0.06705406355724432,0.3244989329173035,0.041319399618244185,0.07543463636465321,0.3108857210499171,0.20546995629869333,0.09870114614680861,0.6911242758201511,0.6348978791247877,33.33206247542192,23.383349529429978
3342,Dong Nai,VNM,2022,2022-08-13,0.07466077166472487,0.2754268033087586,0.06240930200167075,0.08626034728699412,0.2573958786830954,0.1702076160298139,0.08558342872942015,0.6050830774655074,1.1638719514433762,31.794650470524978,23.424556820187835
3344,Gia Lai,VNM,2022,2022-08-13,0.1478277142528054,0.36153979367510725,0.14513770820166946,0.16224916686963284,0.3349964079051237,0.22695443739102994,0.12147756616119526,0.4754738791900776,0.4499700873191008,30.767120675664124,20.031529609936157
3345,Ha Giang,VNM,2022,2022-08-13,0.09782708410748485,0.3380085272928516,0.09427631510636658,0.11504609882952316,0.3125982069496536,0.19943930567295975,0.09504264911953247,0.6242426703843528,0.5453080221054583,29.722108948250717,19.481881719777522
3347,Ha Noi City,VNM,2022,2022-08-13,0.17876962758515383,0.33783648504299657,0.17692889203719353,0.19326407822503489,0.31291797963697326,0.24174752844488798,0.1446594788718188,0.3220237061738143,0.3367328072794801,30.326251009944492,26.096027592972447
3348,Ha Tay,VNM,2022,2022-08-13,0.1530288550512663,0.33318264725218316,0.1480428169059313,0.1700704561986477,0.2976556969977144,0.21979882409023918,0.12404174481708354,0.3921193996708699,0.3776989564328313,30.979584440136264,26.143637776922024
3349,Ha Tinh,VNM,2022,2022-08-13,0.05365989339873045,0.37955275869031896,0.03284110722123489,0.07402477524721363,0.3469196693035769,0.2126809146769935,0.08946620551137348,0.741659176992988,0.7993368827934645,31.575941382597478,23.073277599867374
3353,Hoa Binh,VNM,2022,2022-08-13,0.12454257969964615,0.41639824600605113,0.11430375948530075,0.14574740850461523,0.37861546896199355,0.25075653950083004,0.12681927072614166,0.5666000284668538,0.6624102614325579,28.630457775036025,22.52086973639325
3357,Kon Tum,VNM,2022,2022-08-13,0.12688862573225554,0.3553167182986334,0.12247060109761064,0.14075216020032674,0.3342549545420749,0.21647124167879417,0.10980273171013394,0.5486511897005987,0.49324920446419634,27.105974223309847,17.32395499125889
3366,Nghe An,VNM,2022,2022-08-13,0.06662801986379503,0.4041084795570622,0.04789673255031425,0.08814540496752177,0.3696410233625946,0.22640102701103798,0.09650163957810115,0.7334446262295118,0.8218279115430082,30.020265740566646,21.476285096820565
3367,Ninh Binh,VNM,2022,2022-08-13,0.10441058292071098,0.33438680024216355,0.08220314302666132,0.12009535991001505,0.30022636410488396,0.21553296233756872,0.1154414353934528,0.534540484489157,0.546776330403372,29.073562837634732,25.667126401384518
3368,Ninh Thuan,VNM,2022,2022-08-13,0.08759886579987809,0.3672030347004017,0.05838542319276139,0.09880164982925993,0.3510175338916137,0.23998641667790013,0.12286164599478355,0.6312329654923652,0.8285322624330754,34.35747246921385,21.25457241739829
3377,Soc Trang,VNM,2022,2022-08-13,0.0975266145540171,0.3098087039321278,0.06301476574369123,0.10701014243599322,0.2579239474871334,0.16800965457125455,0.08358273932879838,0.4961718135794314,0.4417878666365762,29.185909423400215,24.826183395221133
3386,Tra Vinh,VNM,2022,2022-08-13,0.0939040246430982,0.2886328829200567,0.05864903186302289,0.0999723917513692,0.2509941230624115,0.1667914304601725,0.08410561244613139,0.4895780041921182,0.4281374368586249,31.19061805712006,24.861842348215752
3387,Tuyen Quang,VNM,2022,2022-08-13,0.08941802383036149,0.3310930058469431,0.09179298531866009,0.10753824491054996,0.29586173357556533,0.18425708623772044,0.08554321528619203,0.6276308066575836,0.5232046523390791,30.06336465990393,20.79276775899521
3388,Vinh Long,VNM,2022,2022-08-13,0.11197110751150234,0.3124884706313548,0.08989337491362731,0.12014559368337727,0.27540356668798327,0.1917620408903579,0.10626700071483129,0.49679489792886355,0.4542705071532306,30.52153992844686,24.397348925725623
3390,Yen Bai,VNM,2022,2022-08-13,0.11289909051989365,0.33847384612186426,0.11267287421342956,0.13000702198319142,0.31030334521116243,0.2009510916997823,0.0999881020243377,0.5709628309215653,0.49057646755290096,29.566193436366316,19.179798949451293
3328,Bac Kan,VNM,2022,2022-08-13,0.08026998349905165,0.3221429720571921,0.08242387184257122,0.09731591256261196,0.2915015427931972,0.17626190924905633,0.07854878195063181,0.6610711539894522,0.5258259308500389,29.278337612826014,20.89205097143026
3329,Bac Giang,VNM,2022,2022-08-13,0.12603725330292895,0.38217635521904414,0.1156247886604011,0.14215480456674295,0.3507119970217912,0.23694604417598256,0.12376367164551841,0.5277258646547284,0.5726336208022131,30.509697112120726,22.992616795323883
3330,Bac Lieu,VNM,2022,2022-08-13,0.1009367746914036,0.2208874964873399,0.06805022813795071,0.10699212387927677,0.18207281357320984,0.1303689339339118,0.07486607529241879,0.332493115949125,0.24760723752827699,29.11892353463674,26.346453030848124
3331,Bac Ninh,VNM,2022,2022-08-13,0.17194783980709716,0.3555481460103883,0.160908595197689,0.18680139830607617,0.3183235585992655,0.23853562855802538,0.1361884307972764,0.3651442392442417,0.3671924833211738,31.48673201827388,26.416528284902128
3334,Binh Duong,VNM,2022,2022-08-13,0.0940333007765042,0.29944943666513907,0.08069501383813114,0.10487658895482707,0.2931220325182778,0.21112721398564865,0.11459061355728861,0.5716085852768293,0.5994299975615683,34.07589410264213,23.537316250645535
3335,Binh Phuoc,VNM,2022,2022-08-13,0.06362734343623348,0.2753990660063317,0.05151571190294268,0.0739713164545346,0.2690854713591697,0.17438939884935376,0.07818942436163366,0.6705126919434459,0.5224911196354558,32.446323375746644,22.799225855487123
3339,Ca Mau,VNM,2022,2022-08-13,0.09186573005880094,0.20175050918435744,0.06924901735159336,0.09904943476223918,0.16519174487411267,0.1121594399316699,0.06312809878590295,0.38076761370785506,0.22179996000460872,29.80021282576072,26.33756732905807
3340,Da Nang City,VNM,2022,2022-08-13,0.0786294851605321,0.34463222153070505,0.060216462841562325,0.09344090104408137,0.313077732038791,0.19963609122330833,0.10252107716550053,0.6364844829167238,0.6474070761097972,31.089357295881985,
3346,Ha Nam,VNM,2022,2022-08-13,0.15256655970400393,0.36727323252313876,0.13687637366940464,0.16874815404740087,0.331429064598818,0.2519841543564356,0.14385388452265788,0.43142365210676814,0.47187744013644206,31.040491142807426,26.27804484811783
3350,Hai Duong,VNM,2022,2022-08-13,0.15803888715931594,0.34019018604429707,0.1531942514101188,0.17414039786987187,0.30583267464872355,0.21914968689865927,0.11925177303722855,0.3902857378560653,0.35286613830061386,30.074314432997564,24.94167963101512
3354,Hung Yen,VNM,2022,2022-08-13,0.1833361374050152,0.37145932828451156,0.17792637140192832,0.19946648831685856,0.3388063088664911,0.25227400219915663,0.1415741741617806,0.3567521671525479,0.37276804660178336,28.941618445764174,26.275548988221022
3364,Nam Dinh,VNM,2022,2022-08-13,0.1037722851457968,0.3256066996867739,0.07906592284779503,0.11709787919461499,0.28592815745912215,0.21371457258377974,0.1166039088113391,0.5220463687569666,0.5452156257277393,28.901642708378297,26.289033615464575
3369,Phu Tho,VNM,2022,2022-08-13,0.1408739562428311,0.35908293438020134,0.14202102151009502,0.15813312954870995,0.32703782597026737,0.22550809728652702,0.11966144245340206,0.47359336882074465,0.4488200635433489,30.418064807305406,23.01293440092073
3372,Quang Nam,VNM,2022,2022-08-13,0.06412848556643218,0.3196695840237298,0.05572275777649211,0.07952103332351708,0.2906184469545063,0.1723662952778641,0.07746091460493902,0.6940623054147227,0.5929898881184541,31.172982498433786,19.06773507877917
3381,Thai Nguyen,VNM,2022,2022-08-13,0.10907257049695745,0.3544269755253158,0.10634731399516671,0.12613022898943324,0.3177152541356089,0.20953116609091338,0.10808941064514901,0.580861573460454,0.5483943645966188,30.264027976708974,21.777302985502512
3389,Vinh Phuc,VNM,2022,2022-08-13,0.16685005298979033,0.3682544601331694,0.16483599966276286,0.18321430579423043,0.3393667721412689,0.2504412448286383,0.14309059185873957,0.4052163513177962,0.4346394834094146,30.158382259969475,24.4436017031158
73933,Can Tho city,VNM,2022,2022-08-13,0.0937931959819483,0.34488655052044015,0.0742121351546443,0.11028297893443413,0.2881653239182076,0.18981069175285603,0.09905780708448793,0.5812349191275782,0.5659115601799727,29.701338581320737,24.61119041563598
73934,Dak Lak,VNM,2022,2022-08-13,0.1413610640241996,0.3699875952082727,0.13462355029004508,0.1561343165540951,0.3431231247484063,0.23004649718250159,0.12551449022974975,0.49258334557517985,0.4960306574981051,31.281704108733358,19.66236792448955
73935,Dak Nong,VNM,2022,2022-08-13,0.12843598984946236,0.3448300984358816,0.1268015339793164,0.14215431451279031,0.3186994189228068,0.20908658543893133,0.11130926211548064,0.5236831527151935,0.46181768659940287,30.589558950373732,11.350414351131475
73936,Dien Bien,VNM,2022,2022-08-13,0.10582580902013232,0.3673499482077184,0.09830511848145392,0.12316971329870306,0.3364220096670327,0.20771872864217292,0.09784566740149922,0.6127289597163864,0.5598588873809437,29.464709825260563,17.817975367904147
73937,Hau Giang,VNM,2022,2022-08-13,0.09700113491268027,0.2609569533289481,0.0749152197999442,0.10321773103620573,0.2201949709795716,0.15273693000921892,0.08633291970488428,0.46467177847793256,0.36407632147273505,31.28156725398114,25.57455139210734
73938,Lai Chau,VNM,2022,2022-08-13,0.11507299905711225,0.38122985287705474,0.10537842560552117,0.1322327839345221,0.34731757865754137,0.21832032647475563,0.10837442163014704,0.6032999491695593,0.5849902935516651,29.338955714906366,15.641741993232667
73939,Lao Cai,VNM,2022,2022-08-13,0.1325453839461072,0.37333328181460024,0.1294943408653558,0.14975441850479954,0.3408558960915293,0.22453217556235097,0.11340645767736283,0.5653678552681464,0.5285991958608579,29.755009592704916,17.31902281739818
3326,An Giang,VNM,2022,2022-08-13,0.08883402892014114,0.22806925641758177,0.05638978434572515,0.08844734425150134,0.20545758720481674,0.15319498987898217,0.0844155419009047,0.4291685971564829,0.33605570472468216,31.26965137553714,24.515642434360604
3332,Ben Tre,VNM,2022,2022-08-13,0.1032473758672254,0.28151428744203394,0.07809311787968015,0.10978441532590809,0.24061814722288477,0.15966259435493493,0.08554474624350217,0.4608721946911937,0.3841145607349892,31.609538922086685,24.17546088625183
3343,Dong Thap,VNM,2022,2022-08-13,0.08304121491290542,0.2654998350259609,0.05310643109662734,0.08870620020099555,0.2298962069575321,0.15644608730105203,0.08141061430624492,0.4972921589606387,0.4218488319447305,30.185765797106068,24.765554204857835
3351,Hai Phong City,VNM,2022,2022-08-13,0.13404901431708455,0.3085521835800906,0.11584750426910123,0.1452828922040098,0.2828848054859122,0.21190623060794972,0.12219479089115233,0.40912428109632487,0.39973974747150265,29.482035836044787,23.989447329843838
3352,Ho Chi Minh City,VNM,2022,2022-08-13,0.12156395587489413,0.26858337418723727,0.10512379715398625,0.13020095597652645,0.24511893355657388,0.1864546584287738,0.12067736661629994,0.41532038129272214,0.4173783292972208,34.629136470973634,24.2243022816347
3356,Kien Giang,VNM,2022,2022-08-13,0.09580061177128159,0.2737750664286667,0.0717955838406296,0.10468983990385286,0.2320005452660851,0.15660241328916216,0.08409889694740423,0.4742081633109585,0.4062865619235559,30.267575290577078,25.330570076562246
3359,Lam Dong,VNM,2022,2022-08-13,0.1102715535807943,0.3220401127389496,0.10370728594197497,0.12209640684521421,0.30152437870160165,0.19207245284139415,0.09782396033534083,0.5677865995460125,0.4677301921645596,29.973362005365892,18.177268509844435
3362,Long An,VNM,2022,2022-08-13,0.09030973630163462,0.2526031672850268,0.06165148312416861,0.09285019913305466,0.24160993607636297,0.17706011086855764,0.09848494881360703,0.4832725859579,0.4026326494838577,34.32303949331785,24.478705646801117
3375,Quang Ninh,VNM,2022,2022-08-13,0.1110320052816472,0.32587117448199837,0.10958210275020337,0.1277946008717796,0.292280611979799,0.1821621720533023,0.08937042297411234,0.5153380100814702,0.4471178216075633,29.43838238201782,21.97806081266517
3378,Son La,VNM,2022,2022-08-13,0.09656883301345627,0.36128739292899914,0.08800454740307591,0.1138925316741188,0.3311952089270791,0.21024936794010873,0.09974987835462937,0.6379335502606611,0.6046661824635675,30.03425703194939,18.90600348604253
3379,Tay Ninh,VNM,2022,2022-08-13,0.08008893081328107,0.28433710950360525,0.0615395712666522,0.09001183626383398,0.27736893653384237,0.19169696219327578,0.09530814452939464,0.5867761423029377,0.5247600015112123,33.43616092190739,23.68602666566333
3380,Thai Binh,VNM,2022,2022-08-13,0.1218210816566192,0.334186817672539,0.10453923775514012,0.13680558402167695,0.2981636419198925,0.22386765894409258,0.12320624830062686,0.48606368781853276,0.491581587521214,28.601816633152964,26.17795203737495
3382,Thanh Hoa,VNM,2022,2022-08-13,0.07676587390228955,0.40137777819929016,0.06029815549012256,0.09788582371677372,0.3587577170140209,0.22562385343928137,0.10045723023755994,0.691732094194862,0.7572089381602851,29.915919209344086,22.728817166305607
3384,Tien Giang,VNM,2022,2022-08-13,0.10103417507862496,0.30127374910238064,0.08092447704868314,0.10947467514818239,0.2636229880657821,0.1809570189623889,0.09944163773855626,0.5212560666266699,0.4652016407016726,32.82436581961154,24.10822843899737
3333,Binh Dinh,VNM,2022,2022-08-21,0.05013333412338269,0.32726320850085044,0.028366207143782195,0.06250298141257978,0.3028392299450765,0.18123366265399615,0.08059528963230389,0.7321188318302473,0.6912163099574958,32.00856730201446,19.22512877317024
3338,Cao Bang,VNM,2022,2022-08-21,0.13743306937735755,0.4002343818606636,0.13418007844595092,0.15642109070069923,0.37867376092304406,0.25659069855146754,0.13424966271596087,0.5389648497719258,0.6027719992685002,28.79720697169672,20.070636654615846
3355,Khanh Hoa,VNM,2022,2022-08-21,0.04533862281042516,0.2807522775520936,0.03182276629174506,0.05658905327999943,0.2533695696198739,0.1489794990326616,0.06589104870357441,0.7338744778922225,0.5646491933517294,32.49656294252816,19.99470076305591
3360,Lang Son,VNM,2022,2022-08-21,0.12142991853633438,0.4548178424854506,0.1068126040919779,0.14401067966297088,0.4271083693757698,0.2790091285184601,0.13275755704501432,0.6205497458206171,0.7657125903656067,28.280829416752685,21.823889514081646
3370,Phu Yen,VNM,2022,2022-08-21,0.04169029654155111,0.31543475211852495,0.024744967277712377,0.05669134015487961,0.27949150710513276,0.158703920853939,0.0647661537110962,0.7658566405350349,0.638235031751782,31.893465020023054,19.558138120985692
3371,Quang Binh,VNM,2022,2022-08-21,0.054498656475296565,0.3301819329856879,0.042846384156039745,0.06943734635889379,0.29625075249693733,0.1743710003767719,0.0758340320823728,0.7453287224106705,0.6458092667088892,32.03406197340593,21.923811031159644
3374,Quang Ngai,VNM,2022,2022-08-21,0.051855246644192936,0.37701786212593436,0.03090058252813821,0.06960620098636501,0.3401108000340502,0.20156794087656293,0.08457411886175364,0.7568755363810962,0.7769462849996001,30.243724587994976,19.23667069015702
3376,Quang Tri,VNM,2022,2022-08-21,0.039184821409995366,0.2997130915608721,0.026257028785740794,0.05151979393438184,0.26583884528514246,0.15250013485668895,0.06301971723290554,0.7805549126903502,0.6189232404062347,33.568954104014765,21.46660480527759
3383,Thua Thien - Hue,VNM,2022,2022-08-21,0.04562491069063902,0.2819925579676134,0.03290149418407906,0.056910594893725706,0.25508501016319685,0.1508718557423976,0.06676773567080646,0.7394262611158723,0.567122755954646,32.90973432430488,22.265604243947767
3327,Ba Ria-Vung Tau,VNM,2022,2022-08-21,0.06295542355778982,0.27057063746520177,0.0451403335178858,0.07334962761904855,0.25150496613347423,0.16728799516595738,0.08271015514089108,0.6129251223970589,0.5222141163581082,32.21710978326562,19.577094245501545
3336,Binh Thuan,VNM,2022,2022-08-21,0.05341840901193665,0.3070399185311064,0.027536620622361944,0.061955243886132015,0.29537232837857663,0.18786283909616275,0.08574215186062967,0.7148627370625129,0.6439210066853046,32.607018580787496,21.073868392002126
3342,Dong Nai,VNM,2022,2022-08-21,0.05263771678214643,0.27619267813519893,0.03492997187229856,0.06538320376258176,0.25699501261903157,0.16039605100528787,0.07179038824623553,0.6698774223478661,0.5566189883648239,33.01397969375695,22.136817066163648
3344,Gia Lai,VNM,2022,2022-08-21,0.04281696521293707,0.32732407312834577,0.025875231082752678,0.058451023190235867,0.30297989529973307,0.18265089839932183,0.07390473582653533,0.7790464885667848,0.7022399288791625,30.55407241847523,18.44154069522111
3345,Ha Giang,VNM,2022,2022-08-21,0.10897533762832652,0.4016055079076739,0.10132730468871114,0.13047000110080462,0.37415490366370324,0.2446648587192961,0.11733366437368463,0.6138979834348846,0.6969212403966218,29.025557355858,17.600847832863035
3347,Ha Noi City,VNM,2022,2022-08-21,0.15055848764540627,0.33562068054292166,0.12698141499430665,0.15965311226882564,0.31476111521783107,0.24639748306426384,0.15227665438566695,0.40977741063518,0.4635385802949564,32.206210817999036,24.243329202392225
3348,Ha Tay,VNM,2022,2022-08-21,0.11523205777415682,0.31180477876718343,0.0926898769668649,0.12798578340948316,0.2790065049442551,0.20462876292152604,0.1170579073978314,0.47645465992765235,0.4832765275232985,28.733943967067365,25.164329435040532
3349,Ha Tinh,VNM,2022,2022-08-21,0.060817170269956464,0.3313171667656699,0.043941009842254575,0.0759068998595811,0.2995861773100204,0.18334971399169875,0.08332994931600103,0.7091831978280752,0.6448071989134394,31.341120085182467,22.99002888811711
3353,Hoa Binh,VNM,2022,2022-08-21,0.10469010688688545,0.3860493188538595,0.09569001029432171,0.12454194259641986,0.3511274142162784,0.22768773139191648,0.11495937853426301,0.6024869610517145,0.6537231766627737,27.923074703258667,22.95958923407905
3357,Kon Tum,VNM,2022,2022-08-21,0.03893001414407002,0.3564338973040557,0.024650673053224124,0.057124939714997956,0.3386579719339319,0.19601417149762754,0.0728749929161434,0.8051966445213457,0.7690020379621988,28.292232996730103,14.991370986271935
3366,Nghe An,VNM,2022,2022-08-21,0.06990108141027966,0.3513830544121665,0.05758446071434531,0.0863689165907363,0.3183717967045235,0.19627201550542236,0.09014521258118388,0.7039681749539115,0.6654509668745255,30.331735386055236,22.126710802690717
3367,Ninh Binh,VNM,2022,2022-08-21,0.0597471722099892,0.26533644401769335,0.03989231330552,0.07191077421960156,0.2298491904905562,0.1541406461427439,0.07934771304763266,0.6300709132582389,0.5233000163348578,31.844762382864772,25.210640080050357
3368,Ninh Thuan,VNM,2022,2022-08-21,0.05198143039437842,0.2875382473956233,0.03059313739215316,0.05971478372581604,0.27365087828283546,0.1764039578136767,0.08506263693838644,0.7068746722003957,0.6123424239221585,34.149030727680916,21.639469516994943
3377,Soc Trang,VNM,2022,2022-08-21,0.14283755262204204,0.30071134086754386,0.11312148998661617,0.14908500129916877,0.2596803403127337,0.18088300948248148,0.10264082476679819,0.361610654198112,0.3065465536710724,27.829834778766482,
3386,Tra Vinh,VNM,2022,2022-08-21,0.15144874554607324,0.29646708817458917,0.12337303895766256,0.15610644050649303,0.26943548812208057,0.19489300567374446,0.11326563683500057,0.33773123849432285,0.29381608361244793,29.782379705842672,24.738965517241375
3387,Tuyen Quang,VNM,2022,2022-08-21,0.12734023093314548,0.38482778263307577,0.12785027220376802,0.14626986222027924,0.3510530445688555,0.23547493627840083,0.12369782011963353,0.541105181989767,0.57601300308612,28.566494344311966,21.180444623025245
3388,Vinh Long,VNM,2022,2022-08-21,0.15062182551213332,0.3377982953878645,0.1311708881041164,0.15966374230175687,0.3002587457001868,0.21187492868946114,0.12019994866268807,0.4164885720832847,0.38324460514744485,28.814686884489088,
3390,Yen Bai,VNM,2022,2022-08-21,0.20216244551171172,0.40638967445961666,0.20812911574383405,0.21939951928213286,0.37360958355765855,0.26131217444514365,0.1454772927088599,0.3920475192387006,0.39810405787718917,28.383881304980793,18.829845728147323
3328,Bac Kan,VNM,2022,2022-08-21,0.1329689003260628,0.3903382570787244,0.13600251810750238,0.15185579832784687,0.36094005025483417,0.24153446030089448,0.1262503408853952,0.5380089192738126,0.5670639070717368,27.898204046560146,19.752242128617688
3329,Bac Giang,VNM,2022,2022-08-21,0.10018913560767972,0.41297792923487453,0.07730257320942836,0.11790497792601345,0.38213513013907396,0.25330258214872026,0.12136395366505189,0.6222856678968226,0.7490430446935434,27.654525399588113,22.58403292007452
3330,Bac Lieu,VNM,2022,2022-08-21,0.13577553414600277,0.22455785031192446,0.107607601652651,0.14035644909380787,0.19218115166403907,0.14108576641040202,0.08388620730455612,0.23908084796271487,0.16727105278453946,,
3331,Bac Ninh,VNM,2022,2022-08-21,0.11035118787488477,0.36024894204980157,0.0775160433587428,0.12442348461127882,0.3164037749472669,0.23379396908773048,0.1305091200221072,0.5366670215579109,0.6355140188209203,28.07018815218447,24.4764911507164
3334,Binh Duong,VNM,2022,2022-08-21,0.07909562387956608,0.30459083561307987,0.06391902055621453,0.09168898530188656,0.2946503248528288,0.2037684838297341,0.0997934382132434,0.6074129880455138,0.5750758093352342,33.24790941026994,22.65170765011219
3335,Binh Phuoc,VNM,2022,2022-08-21,0.06466671643341892,0.2982443701858391,0.04913708521559802,0.07635502785472144,0.291640278953696,0.1880477607944086,0.08321911231234365,0.6722317771529507,0.5729000247504599,32.66415868171986,21.91059097051694
3339,Ca Mau,VNM,2022,2022-08-21,0.12300441817814302,0.21499645501802753,0.10747370031640657,0.13095983631064756,0.18168237566585585,0.1268310952395591,0.07431103367209445,0.28391785145107556,0.1724875589304281,26.3777604848934,
3340,Da Nang City,VNM,2022,2022-08-21,0.07242622447507967,0.3553093792134223,0.052541203321470074,0.08720490341738948,0.3183772924153822,0.19934741776903114,0.09798336704485548,0.6786921208314408,0.6729960351849211,30.88477848865983,22.684345935831857
3346,Ha Nam,VNM,2022,2022-08-21,0.08316348692635464,0.3009765181325004,0.06322830143150769,0.09650433389284126,0.2621122011518946,0.18395661545723316,0.09980914266180381,0.5876099964586791,0.5350488471707978,32.82085816806699,25.11170193400629
3350,Hai Duong,VNM,2022,2022-08-21,0.10678909422476456,0.3475999739013833,0.08092358423205777,0.1223111359573843,0.30936021990684415,0.2221048007231013,0.11899748988199803,0.5414482070510623,0.5802310589563909,26.231870126063967,24.9912583389812
3354,Hung Yen,VNM,2022,2022-08-21,0.12786813709449937,0.3598544312802959,0.10163348181077567,0.14101989912181132,0.32525392983728385,0.2408059247511211,0.13685198027244808,0.49654392461420943,0.5635269803575624,31.48079674860221,25.22762675856333
3364,Nam Dinh,VNM,2022,2022-08-21,0.06780405859021023,0.31635816456017696,0.043535434091921385,0.08185419629870733,0.26897071446547705,0.18989456237527252,0.09924942086812433,0.6434448731219993,0.6580234288142647,29.191500971938925,25.631255022307432
3369,Phu Tho,VNM,2022,2022-08-21,0.14701621281743288,0.39078118448975674,0.13539621124260093,0.1626622926053159,0.3599552191653945,0.2535432437523299,0.1413555235707593,0.4813990990734401,0.5567525897143686,28.43649931406001,23.449836135082375
3372,Quang Nam,VNM,2022,2022-08-21,0.043913743937226676,0.3388636804266907,0.031099416802972166,0.06026069654027265,0.30349725311610054,0.1733699402592923,0.06932409347012602,0.7782834102730632,0.6850763490123946,30.30422034887175,20.33463865302391
3381,Thai Nguyen,VNM,2022,2022-08-21,0.14157558693073477,0.40446701851313527,0.13649183478630098,0.1598441463727989,0.36978172652115987,0.25312775773058604,0.13599317998368052,0.5243200251049123,0.5849715525054112,29.20173063919024,21.130101209135066
3389,Vinh Phuc,VNM,2022,2022-08-21,0.14527440945530148,0.3480040500797978,0.1337878198571083,0.15814308600153967,0.31593777305879145,0.22692026304540172,0.1305430998994219,0.44444404353532496,0.464364328346826,26.136523353864366,24.563607460489802
73933,Can Tho city,VNM,2022,2022-08-21,0.14318306530711183,0.3738656613502241,0.12330274966800889,0.15855555278514008,0.3215904836456722,0.2172151936704119,0.11842651145298946,0.4665582628213545,0.4502228144659115,28.17530028356066,
73934,Dak Lak,VNM,2022,2022-08-21,0.037910211364003965,0.2875250743670325,0.02417074463836808,0.050674528351751395,0.26129173509348624,0.1529005888986995,0.06133798339559014,0.7809056184307162,0.5986622670160057,32.588138238508044,20.084457744626913
73935,Dak Nong,VNM,2022,2022-08-21,0.032837274270338807,0.29727085029057515,0.018785510021237236,0.046526304980545795,0.27580836519660823,0.15860229515234137,0.06043501765791025,0.8079957252411963,0.6389967540160995,30.726473256033668,20.52248840359336
73936,Dien Bien,VNM,2022,2022-08-21,0.18985660012631855,0.4195837094169708,0.19054272932805638,0.20682349378903278,0.3812983872156003,0.253886145953266,0.13818597965431076,0.43667015639753265,0.44555817203520337,27.310178391260802,20.26834893666706
73937,Hau Giang,VNM,2022,2022-08-21,0.14025687888961352,0.2977533934515199,0.12037997903521831,0.14772232990525633,0.25702519185647504,0.1837128046570525,0.10693232700464933,0.38060539618961864,0.32366555557393434,27.6766718206417,
73938,Lai Chau,VNM,2022,2022-08-21,0.1886921133500622,0.41125506045125776,0.19048983225679983,0.2059272425149248,0.37388130950367043,0.24915351226923835,0.13629302376596872,0.41178722135826695,0.4330233687983265,26.899505721486996,16.02648516583406
73939,Lao Cai,VNM,2022,2022-08-21,0.1802817224790198,0.39585478021760057,0.1896353667574508,0.19874316472485423,0.355747831579513,0.23916557832103721,0.12602695117458165,0.44661011529486977,0.42006883123594135,28.106209201906385,16.974245613560218
3326,An Giang,VNM,2022,2022-08-21,0.10427663674727931,0.2374903584676461,0.07591943015356968,0.10700840384001022,0.20949882798833322,0.15452910216306154,0.08618885137043894,0.38881081323430183,0.2946504291043237,29.17521118079836,
3332,Ben Tre,VNM,2022,2022-08-21,0.13977037715937596,0.29473940131886095,0.12102005395369973,0.1473598376685683,0.2607943532128033,0.18239608608907434,0.10684095899678371,0.37342779603444953,0.31987919542825144,29.809277346218167,23.51672566371686
3343,Dong Thap,VNM,2022,2022-08-21,0.10644044593153801,0.2641193184001713,0.08136248783454599,0.11224308718825436,0.22937747728878943,0.1587600616023994,0.08435104292933085,0.40305202052625,0.33529364026597325,29.195657316374582,
3351,Hai Phong City,VNM,2022,2022-08-21,0.11817332002634591,0.3207317489030461,0.09352613085919957,0.13068872239504314,0.28901594464185903,0.2142340618640782,0.12143843284733315,0.4687852052062114,0.4887832765919822,29.031533574684605,25.373495927770538
3352,Ho Chi Minh City,VNM,2022,2022-08-21,0.10209749558907884,0.2487273933250711,0.08754218059175468,0.11205128604299258,0.224160599962334,0.1611925886892565,0.09625673554752043,0.44059073000471505,0.3433098719665516,33.91751281069927,
3356,Kien Giang,VNM,2022,2022-08-21,0.10453296121545504,0.266807135647949,0.07811469729650626,0.11130892989540996,0.232325400500572,0.15723232183188812,0.08349621015274918,0.4324806029193614,0.3341815171023766,27.438278476073755,
3359,Lam Dong,VNM,2022,2022-08-21,0.036453793860357964,0.27126166250538414,0.024830076981661467,0.04757774672133684,0.2530389906436331,0.1436887417335668,0.05699911867081552,0.7782699462096483,0.5582231812459129,28.402852286024853,17.649564234057614
3362,Long An,VNM,2022,2022-08-21,0.0878952897011634,0.22259912584652977,0.06119371233636742,0.08832540216962961,0.20968872541156047,0.1564309638210953,0.08642663398902495,0.4515204899866514,0.32487141693887817,32.13045858008306,
3375,Quang Ninh,VNM,2022,2022-08-21,0.10359054488168123,0.3780869525336239,0.08777644037715701,0.12214659394791251,0.3475874523992161,0.2246526549893366,0.1064507193892934,0.5822310980829043,0.6143159136157685,27.85337988495445,23.094145494376452
3378,Son La,VNM,2022,2022-08-21,0.14555420030373048,0.41340297521540925,0.13760901193510383,0.16323306407376897,0.378667881235458,0.25247085072874303,0.13139359981915746,0.5397494652276236,0.5903075727978779,28.022711382959923,19.71821762281876
3379,Tay Ninh,VNM,2022,2022-08-21,0.10523979916327879,0.3226528741536332,0.08507848205797724,0.11689794760110359,0.31325462689968253,0.22099050043022947,0.11340178180744,0.5269279836654609,0.5367142275756314,31.18554634999788,22.787203679155173
3380,Thai Binh,VNM,2022,2022-08-21,0.0891087124497218,0.348241480927178,0.06425934537817483,0.10576433086904741,0.30067188528413485,0.21418949242665714,0.11320081394095055,0.5994943282468397,0.6503592663106897,28.95448318331182,25.1830791581361
3382,Thanh Hoa,VNM,2022,2022-08-21,0.06647671852897881,0.3386997809404751,0.05456925212924957,0.08229538475574659,0.30221212212059917,0.18737655537799525,0.08768072930918065,0.696147763112668,0.5077178167846867,29.631705609022255,23.445276581657367
3384,Tien Giang,VNM,2022,2022-08-21,0.09500858381574995,0.29331578105562506,0.07366380066373632,0.10375416342665893,0.2581915725489663,0.17548645686159178,0.09391503075427385,0.5271376851218348,0.4508496333113856,30.96404712052112,
3333,Binh Dinh,VNM,2022,2022-08-29,0.06918699777221733,0.40168190731753556,0.039871619252527114,0.0840460682281472,0.38237835970461376,0.24465975577182042,0.11447041578298806,0.6942616429484343,0.815157967524186,28.455515659588205,21.90882910166201
3338,Cao Bang,VNM,2022,2022-08-29,0.029171434077887703,0.31858654184208923,0.018602059122344798,0.048407600533620296,0.29849289819205393,0.16626916884870285,0.05946921042707062,0.8372128315186175,0.6927208169047896,29.87965734093454,19.091946842080244
3355,Khanh Hoa,VNM,2022,2022-08-29,0.06907500995596191,0.40371510470378724,0.04353723271621622,0.0875400239430978,0.37993132390611906,0.23832301367122705,0.1073457944782185,0.7005994760436589,0.8473363339411668,28.314294155300388,21.009583772416086
3360,Lang Son,VNM,2022,2022-08-29,0.04770804253565888,0.3247351935197123,0.03811573683633457,0.06467794554194847,0.29615715145611077,0.17072958713880018,0.07304328307623113,0.7638027843070242,0.6622934309579029,31.17588883044526,20.557736937957564
3370,Phu Yen,VNM,2022,2022-08-29,0.06109576242468388,0.381761383070544,0.03518365481099446,0.07806701917789984,0.35361052333254345,0.21802941217580354,0.09751440755857213,0.7180714617845693,0.8089715138531561,29.443630213301024,21.25019901930313
3371,Quang Binh,VNM,2022,2022-08-29,0.06255910747451507,0.386029019242935,0.04662984441324334,0.08199704068776097,0.3555039692552229,0.21446116474635205,0.09233568971310033,0.7212126633171597,0.777880219864508,29.947057198362664,21.976863756556536
3374,Quang Ngai,VNM,2022,2022-08-29,0.06605411578443164,0.399649330537451,0.04018341158465416,0.08217154422475294,0.3751049834114014,0.23807272289022008,0.10947161109443661,0.7127847238223277,0.893262223775149,29.945538211116624,22.023756504907812
3376,Quang Tri,VNM,2022,2022-08-29,0.05774688512948402,0.36107972404112815,0.036569886477456265,0.07275168668943086,0.33480084464750903,0.20556113888316951,0.09147473961424103,0.7283856231078939,0.771009989095672,30.47822019752257,21.38557313737904
3383,Thua Thien - Hue,VNM,2022,2022-08-29,0.054103116576684436,0.3257373616082428,0.03461980443679582,0.0670806660926046,0.30537226292774483,0.18807932651896941,0.08562384891915523,0.7196983988012156,0.691590663991852,30.094401331035623,22.160556591389003
3327,Ba Ria-Vung Tau,VNM,2022,2022-08-29,0.08849113661330832,0.28799241090150773,0.0708299442644868,0.09831411734427298,0.27223918368101524,0.19005012980302888,0.10406162421595996,0.49455022465849696,0.5463604272687693,30.49044040338244,22.618815871232666
3336,Binh Thuan,VNM,2022,2022-08-29,0.08246465357484967,0.3640165621565627,0.05177544070510469,0.09231576416146105,0.3531366457413775,0.2382550812083187,0.116497379417808,0.6517534608324728,0.704732862220198,30.643853619646094,21.860054899502206
3342,Dong Nai,VNM,2022,2022-08-29,0.06563255403982092,0.28372800330699893,0.04633286078404865,0.07743566776840381,0.2690470318830972,0.1757325137668401,0.08581271144570138,0.6242036055343321,0.541935274777036,29.980837333086974,22.78866179701198
3344,Gia Lai,VNM,2022,2022-08-29,0.09051352161759973,0.3828621879982819,0.07161466965371698,0.10651585794319576,0.3655321765922477,0.24067191557017711,0.11698863948281335,0.6438591795605821,0.7500813828898202,29.112746887064024,18.699689922947517
3345,Ha Giang,VNM,2022,2022-08-29,0.05560472070181567,0.3468942741693909,0.042940589149657406,0.0749308618663033,0.3243494407538287,0.19455442655753943,0.08215169479019535,0.7597714975995159,0.7031316632044566,28.986739926063095,18.746170793010407
3347,Ha Noi City,VNM,2022,2022-08-29,0.10224553698447447,0.2931372618496303,0.07508063495669026,0.10921851529478815,0.27167285455387413,0.2061589519278684,0.13095918690844838,0.488130960766619,0.47780891379605317,36.0281085147025,25.013574449237076
3348,Ha Tay,VNM,2022,2022-08-29,0.09252195725888103,0.28882546811005966,0.06823816423052512,0.10333473390024565,0.2559838256730767,0.1836655971163955,0.10587693706073205,0.5275088629289292,0.5141333678768303,34.2665112128415,25.892580426264466
3349,Ha Tinh,VNM,2022,2022-08-29,0.07167441859747102,0.38615176872214274,0.0470574444902764,0.08880129851504767,0.3600155274550665,0.22805446256003428,0.1039914695459814,0.6861964925769597,0.7735764901898804,30.78983334339067,23.298864409730946
3353,Hoa Binh,VNM,2022,2022-08-29,0.08734840124409984,0.3555979370392098,0.08010973003475991,0.1055279148001843,0.3221945001040797,0.20437053066323907,0.0990008595326941,0.6422695467901676,0.6145493329491418,30.666707797292162,22.55320655581022
3357,Kon Tum,VNM,2022,2022-08-29,0.07971518610243608,0.36641511857269415,0.06807580152169702,0.09570520134126706,0.3507907736092103,0.2188355900260884,0.09927291938445974,0.6763342423485854,0.6871124312428848,27.28308149060163,17.306929185843444
3366,Nghe An,VNM,2022,2022-08-29,0.07149990359045565,0.3637007718589127,0.058263227967101885,0.08844493590238314,0.3325172626957289,0.20379888005253163,0.09142678642137164,0.6958111294014704,0.6825019675656774,30.174107441202565,22.14174247985032
3367,Ninh Binh,VNM,2022,2022-08-29,0.07184244161083485,0.2961321936479624,0.04751682845656664,0.08406897457209733,0.2611553590230645,0.17625385752499423,0.0960126188058839,0.6064282630557218,0.5589906812692257,33.00588277303467,25.608557012284564
3368,Ninh Thuan,VNM,2022,2022-08-29,0.07649736562581655,0.3804457590746799,0.04201118406698203,0.0874262668444742,0.37454025175764033,0.25588390786920123,0.12626714453225316,0.659076862032142,0.9220876210307606,31.301679374066218,21.809914317200306
3377,Soc Trang,VNM,2022,2022-08-29,0.12043147231678694,0.2624370008071558,0.09198862949069798,0.12373584774564239,0.22603798365180555,0.15535360341804877,0.08336181595421406,0.36564791150488335,0.2850511870802123,30.282589391915195,24.142019230349263
3386,Tra Vinh,VNM,2022,2022-08-29,0.12096061333229599,0.2631232715474242,0.09293117113295761,0.12342212097746255,0.23325361900604114,0.16294387396752052,0.08791075231654598,0.3673536218868801,0.2968456992235543,29.870756302136915,24.08079856634292
3387,Tuyen Quang,VNM,2022,2022-08-29,0.06482629728184339,0.36166502079547025,0.058317589148254835,0.0847927713656202,0.3287439415777157,0.1979619650692747,0.08471007655216115,0.7315324016944563,0.6815568587144766,30.73386473704269,21.206820721097365
3388,Vinh Long,VNM,2022,2022-08-29,0.13908421120345854,0.3617939884509875,0.11225299014737858,0.14941173591032475,0.3211307224942155,0.2186274091665344,0.11168011926807114,0.44305992268541644,0.453126241676694,28.676373029205696,23.97523810101364
3390,Yen Bai,VNM,2022,2022-08-29,0.10605495984851931,0.3825452577362432,0.09982923068037118,0.12534868046641903,0.35759839380921316,0.2314423569832116,0.11133072910499461,0.611501670261487,0.6274704026641605,29.310167413405132,19.042601387218326
3328,Bac Kan,VNM,2022,2022-08-29,0.052798294685365336,0.36035998758576143,0.04663256704589546,0.07381823925762604,0.33025737363275787,0.19150907802830114,0.07624085192575775,0.7658165572225423,0.7069346693208236,30.345196008624473,19.540769557767494
3329,Bac Giang,VNM,2022,2022-08-29,0.0649031332806622,0.32289931004059935,0.04828201614907867,0.07776255897191099,0.29022733428172387,0.18208059909603477,0.0907935130605876,0.6799960251001558,0.6461751724884287,33.06406540895695,23.316977377347403
3330,Bac Lieu,VNM,2022,2022-08-29,0.10681585839769515,0.1851518066159264,0.07669546423299856,0.10846067474849398,0.1542110840656919,0.11006627307632007,0.06075772213658522,0.2587852378825625,0.1496219740198351,30.28908403518928,25.699704859309087
3331,Bac Ninh,VNM,2022,2022-08-29,0.07986917531252681,0.29763273544949453,0.050651995279923125,0.0874786984800151,0.25555204965663564,0.18362392954204304,0.11098696418602608,0.5792183094580882,0.6412839535241891,34.10300717024504,25.073989480638474
3334,Binh Duong,VNM,2022,2022-08-29,0.08733772812693717,0.3557973289444884,0.06265746281656412,0.10097951204490359,0.3592597129275219,0.2594625587113859,0.13184746408185702,0.6110895020204098,0.8452620321099918,30.644918153840973,23.164720070645654
3335,Binh Phuoc,VNM,2022,2022-08-29,0.07591009570504423,0.3285687092214505,0.05854783899600137,0.08918830896579862,0.32452222269543973,0.21134975964489824,0.09284707305876774,0.6496256819080533,0.6244317899712978,30.292494600641156,21.186642240459268
3339,Ca Mau,VNM,2022,2022-08-29,0.1130707030333852,0.21705869931512065,0.09629119654179044,0.12110402882214286,0.1812403177104732,0.12393263468697932,0.06923616803164144,0.324118372294895,0.19599659727727217,28.850686062615274,25.934372529912583
3340,Da Nang City,VNM,2022,2022-08-29,0.07583347080840516,0.3355159553678661,0.05848911385200866,0.08888876356642762,0.306198025566299,0.19538881999541205,0.10166430528974367,0.6445263691109565,0.6464049419852153,29.54698212909715,22.055571077111743
3346,Ha Nam,VNM,2022,2022-08-29,0.09712858083265782,0.3108066707024606,0.07621343199862808,0.10991858335150156,0.27385644696987316,0.19202060371815172,0.10752804383211338,0.5382677536424961,0.526051927850697,33.928831360175685,27.090495248544904
3350,Hai Duong,VNM,2022,2022-08-29,0.0702816413459008,0.29191512182364204,0.04354655260239341,0.08005831716988136,0.25760150923327463,0.1792241022649978,0.10365312649950778,0.6116418048116138,0.593343534574359,34.272811554003454,25.51493813590323
3354,Hung Yen,VNM,2022,2022-08-29,0.08134809971473851,0.29586578572670913,0.05452131638862771,0.08971305343713983,0.2611346876126968,0.18556928118640373,0.10931838408196001,0.5753455975325792,0.5871841154657523,34.554158450901596,25.60759022369165
3364,Nam Dinh,VNM,2022,2022-08-29,0.06590137950713247,0.30661613186223696,0.03961369765334331,0.07757651565008902,0.2633254894825197,0.18319494395364555,0.10427361396485908,0.6424468725701905,0.6672971212442691,33.12703308669432,26.01502223776039
3369,Phu Tho,VNM,2022,2022-08-29,0.10014487105291577,0.34886919350850376,0.08895059456338168,0.11513929143885814,0.31741786687987056,0.21066288396499505,0.10665456429778852,0.5894986106477195,0.5691246600312714,31.649351274582063,22.926157551413606
3372,Quang Nam,VNM,2022,2022-08-29,0.05791732123026029,0.38362123328413306,0.040395166005542,0.07692631191833797,0.3556041471049471,0.2132447939189533,0.09056359959748864,0.7375550066190341,0.7589204194362948,29.368209065645324,21.29139119005681
3381,Thai Nguyen,VNM,2022,2022-08-29,0.09078170517658715,0.3840555197094868,0.07954804658524142,0.10999884752172505,0.34578895509683194,0.22189064245108883,0.11011129066186488,0.6366187954774492,0.696515731538399,32.10322907789976,22.781172255014415
3389,Vinh Phuc,VNM,2022,2022-08-29,0.09836555525330053,0.32958662575903147,0.07546394099130752,0.10998113082648973,0.3021225739140059,0.21133155576574347,0.11825032396554665,0.545978204827995,0.6013485697921853,33.42030961977109,24.577524892686466
73933,Can Tho city,VNM,2022,2022-08-29,0.1702166420313974,0.3835159878306807,0.1461856248036989,0.18305963027810093,0.3369575089816575,0.2294504115444599,0.1226914456609785,0.3973994183313216,0.39130406456903694,29.257139733924696,23.977589924572694
73934,Dak Lak,VNM,2022,2022-08-29,0.0889190004644604,0.3728060361441367,0.06835216906579722,0.10402590911168233,0.35313468554569083,0.23030902740494277,0.11330459119565411,0.6474946242912716,0.7028895538314164,28.913725477412203,19.3542436820004
73935,Dak Nong,VNM,2022,2022-08-29,0.08429827139059293,0.3466503723597162,0.07185562425140171,0.09875037376625577,0.32594419235618244,0.20487004407893886,0.09702059776521167,0.6435996201065476,0.6110910204558574,29.35042271618185,18.656949981074042
73936,Dien Bien,VNM,2022,2022-08-29,0.08695065186084784,0.4265874985253377,0.0732537239465052,0.1104838133278662,0.3952573035124455,0.24492265571824715,0.10925162882888412,0.6843935710231552,0.8035107006557735,28.53785736671536,19.578342471284014
73937,Hau Giang,VNM,2022,2022-08-29,0.13287576873260654,0.2887749413991263,0.11275502973840025,0.14028007903435633,0.24691504467221645,0.17078060217746552,0.09292119229300144,0.3674106533494264,0.3008793664117454,30.17862814834787,25.526608282911543
73938,Lai Chau,VNM,2022,2022-08-29,0.09295075321982459,0.41776044642233584,0.07804183664253506,0.11442039012390703,0.38368726355738497,0.2390198425938127,0.11257777017770404,0.6656936929869326,0.8004282286142486,27.777049547768375,17.206578971170973
73939,Lao Cai,VNM,2022,2022-08-29,0.09370319142182659,0.3867489866203384,0.08434397945013322,0.11322638509674147,0.35662014234134204,0.22698331090636606,0.10855426267326801,0.6530470162454374,0.688434159284703,28.6272980600294,16.32166238507147
3326,An Giang,VNM,2022,2022-08-29,0.13233547530754214,0.2868962171134848,0.10654097363320039,0.14086951590787064,0.2537867454056111,0.18431194179572777,0.09911922778754478,0.3587009939252913,0.31569821289924277,32.63039659739322,25.07149395568821
3332,Ben Tre,VNM,2022,2022-08-29,0.11389189732839362,0.3022357313502175,0.08694301518371657,0.11990935492825121,0.26343714377140826,0.17432724561069834,0.09151311050918008,0.4395194021960314,0.40291726358209307,28.843709542342395,24.115580663216534
3343,Dong Thap,VNM,2022,2022-08-29,0.16034915937212,0.3266884045726782,0.1267002145427694,0.1654970157866065,0.2954683491883359,0.21075689917963544,0.11399898345838444,0.3093344932803782,0.3295481412574079,29.884119626468973,24.754248952056745
3351,Hai Phong City,VNM,2022,2022-08-29,0.08126380982275704,0.26580678253940737,0.05716230084791835,0.0896284358387226,0.23630233382027305,0.17004194216289537,0.1031054283656148,0.5353457729938453,0.5090521175112075,34.54387898933928,25.832365105027765
3352,Ho Chi Minh City,VNM,2022,2022-08-29,0.10871486698357541,0.27287350552503037,0.08417026357631592,0.11604993022965684,0.25018641447663265,0.1849530973455593,0.11633287046879935,0.4469641008797161,0.45001444012661085,27.810114574408498,24.214070482037464
3356,Kien Giang,VNM,2022,2022-08-29,0.12525078254193456,0.276139425199177,0.09944839375790945,0.1308657345173749,0.242655272691207,0.1693923380808924,0.09245320706259771,0.37886140967607884,0.29830595626923045,29.345285399319305,24.460347580494048
3359,Lam Dong,VNM,2022,2022-08-29,0.08559221893381092,0.36121266884639897,0.06864502001585669,0.09985565917434247,0.34459296027704855,0.2187432652840754,0.1041144247970534,0.6535798527826248,0.6626075102503457,27.28277125902552,17.486680286121988
3362,Long An,VNM,2022,2022-08-29,0.1451609399122952,0.2787956570385521,0.11434331456220881,0.14605923310032015,0.26541935325177235,0.20339881993880132,0.11839992395767557,0.3241781669484653,0.32381372965114513,31.40814734965647,24.868855502534508
3375,Quang Ninh,VNM,2022,2022-08-29,0.044706334223969746,0.27712735380159476,0.03430357163507982,0.05883971538827379,0.24836653783604692,0.143447830702522,0.06185345759403692,0.7256392767704188,0.5476643986215264,31.75332755264067,22.588108351539276
3378,Son La,VNM,2022,2022-08-29,0.08738601675469149,0.41426871722570935,0.07243255415453966,0.10920401632678693,0.38535307658520823,0.244835623627317,0.1117795411606163,0.6785502359004318,0.7881802097680136,29.069071533687584,19.66236234496001
3379,Tay Ninh,VNM,2022,2022-08-29,0.1204759710648902,0.33886042268047095,0.10324842386731116,0.1335581499807148,0.3293307957867246,0.23167021172002666,0.11597374481705011,0.4863842978865414,0.5396735965217945,28.303198138437846,23.701583534661776
3380,Thai Binh,VNM,2022,2022-08-29,0.06839915693531601,0.3317032707065624,0.041579578696194476,0.0843390227551875,0.28416456491369535,0.19523551366764458,0.10460361737860659,0.651987385870939,0.7042419886495903,33.212035008027954,25.842655490240748
3382,Thanh Hoa,VNM,2022,2022-08-29,0.07775047275505609,0.3431472276220088,0.06489459912656059,0.09296623803736088,0.30916052696334306,0.19383646350224992,0.09323833309115416,0.6575500453990784,0.6261192010355049,30.75571324442465,23.175366794770213
3384,Tien Giang,VNM,2022,2022-08-29,0.16768286381031203,0.35821073094573924,0.1476402644972084,0.17588979150299097,0.3225048159849843,0.2299132211211792,0.131881985740574,0.38566009467503193,0.3997662215480126,29.649922103070484,23.987894659499457
3333,Binh Dinh,VNM,2022,2022-09-06,0.09250827638610437,0.3935159815197065,0.07091717821066626,0.10837455750346113,0.364592103118293,0.232172455104014,0.11042174271008674,0.6244495875199977,0.7152907905606931,28.11723141585151,21.293992634981826
3338,Cao Bang,VNM,2022,2022-09-06,0.05388799611863681,0.38099321005665243,0.038923751716214997,0.07553410676970443,0.3655133406701659,0.21993521945405914,0.09195447668027984,0.7726332563349639,0.8220324464124701,29.366394224930126,17.17593332636994
3355,Khanh Hoa,VNM,2022,2022-09-06,0.11066980264732006,0.38413193598179035,0.0934808678630897,0.1267259053623551,0.3567245641585807,0.22734373546881653,0.11096675249447228,0.5725468633401037,0.6270624619835964,28.03719556189054,20.656833588145847
3360,Lang Son,VNM,2022,2022-09-06,0.06252955475825506,0.3665481511110986,0.054965668899187727,0.08371904139227737,0.3380244725680121,0.20026768343247664,0.0845018374028914,0.7279922019583444,0.7282607388523357,30.15114405857697,19.977629055933924
3370,Phu Yen,VNM,2022,2022-09-06,0.13245911105158772,0.39360912513206736,0.12011143888967156,0.1483857705565158,0.3586667681403209,0.23459729374071292,0.1190642970596333,0.52384624257166,0.5566887144571933,29.213068161138843,20.960178164147695
3371,Quang Binh,VNM,2022,2022-09-06,0.10021252073300944,0.3593049937118999,0.09559422268873366,0.11699347127594938,0.32633190082241614,0.20635093139419552,0.10138698803813165,0.6033449954496527,0.5665670454801313,28.78789090826856,21.177282628057082
3374,Quang Ngai,VNM,2022,2022-09-06,0.08157075847213185,0.40282455313448123,0.05905029551123265,0.0983740318750978,0.37024572196479394,0.2344067812676157,0.10933526357930301,0.6712523807053992,0.7777767366281106,29.281555500022872,21.60617088319937
3376,Quang Tri,VNM,2022,2022-09-06,0.10691393927961693,0.40049133655739816,0.09715954943282304,0.12531745660996843,0.3667281222166965,0.2355025142074068,0.11351084853464195,0.6145325558044397,0.65493166933244,30.494458075769426,21.96629034910257
3383,Thua Thien - Hue,VNM,2022,2022-09-06,0.09735903217766889,0.36989614059461995,0.08693436818571101,0.11486183365724427,0.3436181264049762,0.2188793502293249,0.10347871083961778,0.599861134669541,0.6066458744371707,29.477588248253234,19.83290910035937
3327,Ba Ria-Vung Tau,VNM,2022,2022-09-06,0.17575897348573719,0.3888922937479511,0.1576903491351169,0.18712803200510658,0.3676448595957419,0.26834973416651225,0.15446382550855037,0.39610868480296896,0.48643042005385106,30.72986306836403,22.666129456506038
3336,Binh Thuan,VNM,2022,2022-09-06,0.10728549564076201,0.3842942478058754,0.07812736453635652,0.11802424010166983,0.3733801389718222,0.25724177283672994,0.13107363425810803,0.5934518023781872,0.742700571158624,31.596379625543054,21.403176015661423
3342,Dong Nai,VNM,2022,2022-09-06,0.1130487281751095,0.3930112960991935,0.09142782204609083,0.13091082033197096,0.37111363376845274,0.24874273279951534,0.12221633257381523,0.5626041712520095,0.671615989861257,27.52249894541689,21.11125811026941
3344,Gia Lai,VNM,2022,2022-09-06,0.10320598675761444,0.41485808485489617,0.08208635147224273,0.12137700295741052,0.39037374606901976,0.25711307751755347,0.12335299533831089,0.6273184777378813,0.7480681440712093,29.12947148312876,18.507996277540578
3345,Ha Giang,VNM,2022,2022-09-06,0.18079812287272967,0.42930535957738963,0.16563812458584945,0.1950274623798077,0.40827239541306365,0.2958333564210705,0.18402708258521658,0.46307057213207836,0.6581218348405713,29.64530686263261,16.931857987447742
3347,Ha Noi City,VNM,2022,2022-09-06,0.10872755382279163,0.29170788418590404,0.09124959421791123,0.11966409966701308,0.27078526309502654,0.2037317720179246,0.1258815425691794,0.46651805002868174,0.5143666459825665,36.26288865964688,25.561889697578874
3348,Ha Tay,VNM,2022,2022-09-06,0.104343888047957,0.3012126663162057,0.08316778493015947,0.11725878153272086,0.27115749953791063,0.1942999128101925,0.11275876292564217,0.5017234595175161,0.5056308722719284,33.52576816018489,25.42195733419908
3349,Ha Tinh,VNM,2022,2022-09-06,0.13141632329821348,0.3516748934512177,0.1199373846673496,0.1442560893200505,0.32012490672735977,0.2180879971916316,0.11888945506673276,0.5195225743037644,0.4818048131962373,29.290511171356393,22.509943570706955
3353,Hoa Binh,VNM,2022,2022-09-06,0.05421862198006145,0.3926982374601179,0.041386023244153726,0.07716225592638931,0.363930075490382,0.2199988954773596,0.09118878352171618,0.7587311021410562,0.8381545403653744,29.17953099514838,21.81982906298837
3357,Kon Tum,VNM,2022,2022-09-06,0.07144505668848841,0.40578157366049766,0.055402539600176305,0.09120237966953879,0.3886956756183955,0.24025145723145802,0.10321646450359197,0.7145277847912004,0.8148223004272828,27.551226164042188,17.913837513509115
3366,Nghe An,VNM,2022,2022-09-06,0.13019433249802645,0.3984642682381267,0.12021823875845854,0.1474111269996723,0.36777310747930436,0.24610251210750764,0.1288845088608611,0.5584243861323509,0.6132140266162659,28.73721209389374,21.382240698452367
3367,Ninh Binh,VNM,2022,2022-09-06,0.13514603449561724,0.3277300405779428,0.12556075570789063,0.151860282533746,0.29241878155978096,0.1968953138827094,0.10716518622244829,0.45104927073987633,0.40726546566533706,28.473249303208043,24.956179573378584
3368,Ninh Thuan,VNM,2022,2022-09-06,0.10907269364695557,0.3951399570754626,0.07607267056337418,0.12008703464520708,0.3860622923232279,0.270602342652908,0.14044696239994625,0.5828005018332835,1.0515286342125227,30.11512617951786,20.159786226260223
3377,Soc Trang,VNM,2022,2022-09-06,0.1791837467816083,0.3037343322423433,0.15463065170963086,0.1840641004316922,0.26498783711378715,0.1932316545747115,0.11193875312765245,0.26159683472583756,0.21949664352099837,,25.471116279069793
3386,Tra Vinh,VNM,2022,2022-09-06,0.1863261191524919,0.33169697259165204,0.15947657661394363,0.1921216492129914,0.30184516872218453,0.22759393137201592,0.13386070509397044,0.28673769457289905,0.2732466809352515,28.071057091593023,25.943513513513533
3387,Tuyen Quang,VNM,2022,2022-09-06,0.06963773239653727,0.39578159534154456,0.06093161401411687,0.09108917887031621,0.36741430681016746,0.22932827042998882,0.10543625226592715,0.7103141484264036,0.8138408475816877,29.955048989094216,
3388,Vinh Long,VNM,2022,2022-09-06,0.1883533646963726,0.3826564692230302,0.16741300396703118,0.19867035351826923,0.34526833862291817,0.25077937740016115,0.14604621832917725,0.36698196651571613,0.382006717756862,30.20677870548782,
3390,Yen Bai,VNM,2022,2022-09-06,0.16186347984847405,0.4330588870837969,0.15367415857926958,0.17976282884402056,0.4100656808911131,0.28387583285574414,0.15257289423313375,0.5331619949641577,0.654348023563176,29.095863097587852,15.606795932577834
3328,Bac Kan,VNM,2022,2022-09-06,0.044545395897434045,0.3904889103116733,0.03585731436525722,0.06820330639125326,0.36545770565701974,0.21369649348809477,0.08163444728506755,0.7985501493131602,0.8331032682159529,29.497953285847764,19.229531802303438
3329,Bac Giang,VNM,2022,2022-09-06,0.08001574302916027,0.3431096086200008,0.07003780389804584,0.0969675591878079,0.30889685808346684,0.19386880690776379,0.09296692624849728,0.6450931610424053,0.6255260368410935,31.34022432181762,22.453699038280806
3330,Bac Lieu,VNM,2022,2022-09-06,0.1440328387016614,0.21819933695790425,0.1146631538352315,0.147139457401431,0.18684985893901354,0.1444809593182325,0.08734967598495001,0.21777863302097672,0.13520112584561744,,
3331,Bac Ninh,VNM,2022,2022-09-06,0.1520408700051147,0.3366619999264581,0.1473575127333992,0.1671871385703606,0.29323778423810704,0.2140223029206309,0.12916859087429505,0.41059610959854226,0.4071661785716011,32.95538361721087,25.419070444012082
3334,Binh Duong,VNM,2022,2022-09-06,0.13797741466604113,0.397817580333353,0.1158704565394707,0.15298674327987707,0.39198642568226333,0.2879286633263092,0.1507172113060961,0.5130514169404897,0.6431510915198885,30.64766417447704,23.118675833122268
3335,Binh Phuoc,VNM,2022,2022-09-06,0.08873900254886953,0.38129530543500406,0.06620859116020938,0.10455621036769679,0.3766048791579314,0.25603401595911757,0.11669809729904955,0.6464791922745988,0.7400372870170934,30.464952785182525,21.144659094828384
3339,Ca Mau,VNM,2022,2022-09-06,0.12600876739327443,0.2474083858053941,0.10044032227447534,0.13449568236031614,0.21024915386184514,0.146343302642744,0.08358805620988444,0.3358311868467889,0.2272211559704038,19.01347665376438,
3340,Da Nang City,VNM,2022,2022-09-06,0.11655954574183819,0.39365407561484006,0.10060361823033666,0.13375684305483124,0.35978106812420524,0.23649757829642531,0.12333814018585747,0.5579513980967713,0.6136216470582545,28.73108688712754,20.637523251543286
3346,Ha Nam,VNM,2022,2022-09-06,0.11675300377403229,0.33900745503652274,0.09873441777668646,0.1339137582841385,0.2958128501245671,0.2009985731491261,0.10864104752147892,0.5035949083809963,0.4763055756161421,32.38313982415975,25.15320203497608
3350,Hai Duong,VNM,2022,2022-09-06,0.12641439461876014,0.3131094171691706,0.12051185063274085,0.1415693385012614,0.27263306782412383,0.18433785185943136,0.10224650532942557,0.46132014706019114,0.3922728739438324,31.23992116976974,25.435589327206465
3354,Hung Yen,VNM,2022,2022-09-06,0.11773046332626787,0.30488178227959545,0.10723320981503694,0.12985218515363106,0.26574698146635894,0.1901731634146071,0.11359589097766165,0.4884092566392187,0.41615382518263366,33.56726194322374,25.165204188419892
3364,Nam Dinh,VNM,2022,2022-09-06,0.1169221532859225,0.3254414949790464,0.10616195133708943,0.13333013813385217,0.27992565466182395,0.1913212884576529,0.10299500314880439,0.5076289341908661,0.46716792876876906,31.65148863269914,25.692310320486676
3369,Phu Tho,VNM,2022,2022-09-06,0.111487924590254,0.3915386972743354,0.09485480708437627,0.12788202844012644,0.36482530922158957,0.24850356604219856,0.13156115098083399,0.5826026603737489,0.6961695840230191,31.061273485277045,20.670000000000016
3372,Quang Nam,VNM,2022,2022-09-06,0.09360474467167917,0.40565708843221304,0.0786439263526142,0.11255006227758098,0.37614156616449446,0.2368500597318355,0.11135974016193712,0.6421933908237303,0.7164465027867014,28.92042150187069,20.011801599980146
3381,Thai Nguyen,VNM,2022,2022-09-06,0.140043536958168,0.38895224466906897,0.13817077657431626,0.1578074047392164,0.35389575191476647,0.24400840216679454,0.13932024858576092,0.5134956575788747,0.5709471527526477,30.929609582410656,21.982020347883182
3389,Vinh Phuc,VNM,2022,2022-09-06,0.125055689667551,0.3327900132853224,0.10777379893651592,0.13683499256035175,0.31053479634334297,0.22706875071218321,0.1364853792310326,0.4754750371542813,0.5469958015072255,32.40810430816198,25.223804347826082
73933,Can Tho city,VNM,2022,2022-09-06,0.18575850330062157,0.39171021146841795,0.15769304410654597,0.19585798430689708,0.35083390602873116,0.25653427934604695,0.14785759032625992,0.3674247191555432,0.39523278555942265,23.346989189910616,
73934,Dak Lak,VNM,2022,2022-09-06,0.1258488072437787,0.43421266199003433,0.10302506122604412,0.1435285203643661,0.41090703602718043,0.2768629729203707,0.13849363975857176,0.5787742598630442,0.7319859329370227,28.70395484483241,19.495559032429398
73935,Dak Nong,VNM,2022,2022-09-06,0.1038189690202052,0.44424405955528296,0.08068845823342846,0.12315675212135008,0.42223700403867737,0.2782984891700007,0.13184170773670242,0.6428187491183258,0.8329919839387077,28.756740908042758,19.374095537108268
73936,Dien Bien,VNM,2022,2022-09-06,0.05054661794681832,0.448035135032233,0.03208864632137355,0.07720641419326972,0.4275846407583641,0.25544080657118806,0.09828959123011122,0.7992076975946769,0.9882695711312421,28.066955399049984,17.939829308290335
73937,Hau Giang,VNM,2022,2022-09-06,0.16930429404686204,0.32207256962174335,0.14676590988590027,0.17732718494671176,0.27918469467523166,0.2016857615241681,0.11746241640652172,0.31710668451972285,0.285627135754998,30.86081967213119,25.591600000000007
73938,Lai Chau,VNM,2022,2022-09-06,0.06782193970995194,0.44905101058466673,0.04863674765769285,0.09215837410068928,0.42509401333505714,0.2552728296081681,0.10343941651092188,0.7711838131191955,0.928553950479543,28.195276210717783,16.547111174611526
73939,Lao Cai,VNM,2022,2022-09-06,0.17234444518760184,0.44604346791403615,0.15714634874974928,0.1879076420225083,0.4227231806948592,0.3060543082735122,0.18897973059297365,0.5093144790422287,0.8159147874214874,29.33665809147523,15.992898372999605
3326,An Giang,VNM,2022,2022-09-06,0.14414535234505532,0.3471453856200056,0.1164959342628225,0.15783721136357132,0.30800504635676024,0.22735651045458052,0.12341377612218526,0.40260214579985465,0.43686711697499486,22.10907176001963,
3332,Ben Tre,VNM,2022,2022-09-06,0.16243916396961167,0.35583985502042864,0.14183817346064195,0.17165057836031714,0.3154106224286615,0.22168830240276327,0.12370497116645307,0.38173437789474207,0.37771495695885465,30.38034084616374,26.083046884658728
3343,Dong Thap,VNM,2022,2022-09-06,0.16280988526354784,0.3073726037386558,0.12728316187861213,0.16521401695483043,0.2821078097535623,0.2127207286008461,0.12415455651080409,0.2853603325802151,0.30440721262533543,25.733421854113057,
3351,Hai Phong City,VNM,2022,2022-09-06,0.17230924104561826,0.34305135652129726,0.16075147175015098,0.18693320301338984,0.30805131118095547,0.22492092496978483,0.12765643101762297,0.35018140194682884,0.3245390556825265,29.58843659598058,25.48318559488111
3352,Ho Chi Minh City,VNM,2022,2022-09-06,0.22077159983372488,0.3736641969522602,0.20308381125737338,0.2302846416617336,0.3510083264413939,0.27397835659894315,0.17237789955912994,0.2830407615219218,0.3033841748935105,25.618896505080542,25.21362790697676
3356,Kien Giang,VNM,2022,2022-09-06,0.15367230859819575,0.28945941488711857,0.12609058549675584,0.15857235180744064,0.25479963669335715,0.18740239813607784,0.10800619944763198,0.315464979253087,0.2589035955832037,25.769498738299877,24.34476244674022
3359,Lam Dong,VNM,2022,2022-09-06,0.09854699820749706,0.42308467541276223,0.07537512652582819,0.11614122679529602,0.40659826422768064,0.2648005771548984,0.12608895445790042,0.6495912658067926,0.8115409855591665,25.57714332820828,16.49165827407078
3362,Long An,VNM,2022,2022-09-06,0.1695373523346043,0.2784446486681209,0.1431569799237096,0.17171052017147223,0.2586110361421144,0.20517406040640265,0.12518172897152163,0.24892021874517317,0.22464807516876736,30.21981136137991,25.125026002971815
3375,Quang Ninh,VNM,2022,2022-09-06,0.09210162005737353,0.3091889937440681,0.09358429500751315,0.11037282047086103,0.2737400621775782,0.16469564099809506,0.07573407472680521,0.5639108324162438,0.4489231044965283,30.526889423917584,23.18138094183095
3378,Son La,VNM,2022,2022-09-06,0.10336920282751567,0.44644147453564226,0.08872412489783564,0.12608096364835095,0.425333024900707,0.276649545943903,0.12903424278360737,0.6669702892272809,0.8629766777993274,28.366252110084744,18.05934157592031
3379,Tay Ninh,VNM,2022,2022-09-06,0.13103036263834247,0.37293767887724927,0.10868420033824841,0.1464784071685016,0.357756235136339,0.25638059947185676,0.13050573055625753,0.4910155597757803,0.5624362764163083,30.554735791326575,23.317744423947712
3380,Thai Binh,VNM,2022,2022-09-06,0.1273383567182652,0.3356207562560346,0.1186479221945121,0.14492666597129106,0.28608379794574984,0.19408100441133794,0.10219783036978349,0.4767621125853968,0.4286555567209598,31.007573241604558,25.500597969927295
3382,Thanh Hoa,VNM,2022,2022-09-06,0.08356497701389683,0.36993872161863,0.07332463970359578,0.10264355210304585,0.3391354486343025,0.21357060378737783,0.0988060078183055,0.6504275968065505,0.6846066832220237,29.153841190311223,23.512308891210377
3384,Tien Giang,VNM,2022,2022-09-06,0.20613032683401916,0.4008905398342019,0.1853714376467041,0.21480985954114337,0.3684685308471517,0.2784445495498018,0.1673632747638321,0.35492516134407515,0.40577641005484233,31.530558741078437,
3333,Binh Dinh,VNM,2022,2022-09-14,0.062396905537586596,0.3456912276291925,0.04077104550513086,0.07674477648176804,0.3188713144545846,0.1938241904657336,0.08774394132561544,0.6870002374863287,0.67633436379358,29.65103803584414,18.863777351386236
3338,Cao Bang,VNM,2022,2022-09-14,,,,,,,,,,29.525465182850667,20.194453183032863
3355,Khanh Hoa,VNM,2022,2022-09-14,0.0942210926533645,0.3236455163002338,0.08716759137682532,0.10807258232752164,0.2954188556671124,0.18462976890580715,0.09171085639975725,0.5715759234818967,0.5130056309701321,29.84342229937288,19.083843165552498
3360,Lang Son,VNM,2022,2022-09-14,,,,,,,,,,30.498340636723434,21.791180398686336
3370,Phu Yen,VNM,2022,2022-09-14,0.09753032922710647,0.3507504402246326,0.08519175283074167,0.11159284084232679,0.3207506481260161,0.20728633539577018,0.10620489401776342,0.5813235923066433,0.5881784736080634,29.146467750266368,18.26059714570357
3371,Quang Binh,VNM,2022,2022-09-14,0.04750314386342584,0.32430857326580814,0.03492721935886057,0.06334167518058796,0.29823363650818974,0.17329501162726968,0.07187294249846861,0.7518548376568374,0.6701072893781909,30.07095206109788,21.40743058737081
3374,Quang Ngai,VNM,2022,2022-09-14,0.052950576189360825,0.3411865097122123,0.03305166883378555,0.06732157330640473,0.3125163671427013,0.1891462600118878,0.083488836987511,0.7344321416898894,0.7161635313834693,30.23245908255204,20.294147943958258
3376,Quang Tri,VNM,2022,2022-09-14,0.0652944415900722,0.35590247392476654,0.04809458647283996,0.08074692598674132,0.330958675321325,0.20541134983699563,0.09338796624671226,0.6955448602720647,0.6997296958772028,29.76260219455386,21.453668600004885
3383,Thua Thien - Hue,VNM,2022,2022-09-14,0.06163386626165938,0.32034640468569026,0.04502489351398388,0.0755421329994979,0.3017158955149813,0.18772377955859007,0.08713126394957998,0.6776449309314528,0.6692971167072507,29.75125399351367,21.753219676148557
3327,Ba Ria-Vung Tau,VNM,2022,2022-09-14,0.1196318582753327,0.29535906889193503,0.11010430028480754,0.13018726543746237,0.27555566550323946,0.1965557129387551,0.11221754460056721,0.4421459581969104,0.4063599313359487,31.72173946698722,22.970000000000027
3336,Binh Thuan,VNM,2022,2022-09-14,0.111846527383517,0.3565909330708883,0.09097769051183796,0.12200228562570092,0.34294559256380985,0.23512845173111235,0.12238246013385144,0.564072028498056,0.5964269941133968,31.684033092831253,21.002180067393947
3342,Dong Nai,VNM,2022,2022-09-14,0.14339094846115064,0.32474745988507137,0.1419475415199295,0.15752124981452292,0.3061448767749226,0.2130186196867262,0.11660478359177963,0.4248677309776146,0.358391722647251,29.270396185047865,
3344,Gia Lai,VNM,2022,2022-09-14,0.16669984229061746,0.40412156447854525,0.1601476916092972,0.18234857567473237,0.37632571429408784,0.25827703276114145,0.14059287389698755,0.4679082573863868,0.5001835035121351,28.04488129941256,18.01960272165502
3345,Ha Giang,VNM,2022,2022-09-14,,,,,,,,,,28.141201989437608,20.027661966502134
3347,Ha Noi City,VNM,2022,2022-09-14,,,,,,,,,,35.23980304256016,25.260242039788178
3348,Ha Tay,VNM,2022,2022-09-14,,,,,,,,,,33.60693177630217,25.459386744432056
3349,Ha Tinh,VNM,2022,2022-09-14,0.05599465121096978,0.3215127662793328,0.036493760721258955,0.06954012670073567,0.2997469842773386,0.18432558257577009,0.08125233382856806,0.6944120702780071,0.6424817036647504,31.708215732993338,22.861445959706987
3353,Hoa Binh,VNM,2022,2022-09-14,,,,,,,,,,29.88058326122842,22.710779055878344
3357,Kon Tum,VNM,2022,2022-09-14,0.14145443738975175,0.40617269266562983,0.13546955433299934,0.1578865974690938,0.38483073868615975,0.2520564111100433,0.1295196503733412,0.5403574177591358,0.5899403579081931,26.58989297817555,15.965218624349207
3366,Nghe An,VNM,2022,2022-09-14,0.05524477608346375,0.3380455679155767,0.041263751797658545,0.07092267080681637,0.3083886310970919,0.18174017316434346,0.07695280176773288,0.7361763240015574,0.6619935382105878,29.741801475876297,20.767353880240883
3367,Ninh Binh,VNM,2022,2022-09-14,0.06093622627488623,0.1606846084775675,0.03343031550918042,0.0657222451001641,0.13980916648605138,0.09814882496826334,0.052504655231136024,0.38340545752521016,0.24276778470568558,32.889074928259944,24.80374798932655
3368,Ninh Thuan,VNM,2022,2022-09-14,0.09127894978616717,0.357753941844898,0.06510735000774735,0.10307154257253426,0.34565401730492545,0.23312610097615075,0.11447668434790487,0.6019787062166027,0.6957309920951966,32.78891746813534,19.211995719910306
3377,Soc Trang,VNM,2022,2022-09-14,0.12605477586625177,0.24125379786106782,0.09204484314065543,0.12408972684068377,0.2063644889144439,0.15178768723422506,0.0903215083017281,0.327575206712822,0.2389018481347613,28.976466609478432,25.959687500000022
3386,Tra Vinh,VNM,2022,2022-09-14,0.1118510023872575,0.25518339088036074,0.08127641930210651,0.11475324580198919,0.226732353473154,0.16420973627284322,0.09336648911538087,0.3988088026806505,0.31885812971504324,29.985473975047874,
3387,Tuyen Quang,VNM,2022,2022-09-14,,,,,,,,,,29.519925274370518,22.9817145207046
3388,Vinh Long,VNM,2022,2022-09-14,0.15019738110673925,0.32554553971016287,0.12993268009009792,0.15681109651602873,0.28680375032242617,0.20288411417719424,0.11679088955815271,0.4003805195678292,0.36027995909282623,30.518860298752525,
3390,Yen Bai,VNM,2022,2022-09-14,,,,,,,,,,28.959081172510604,20.591364284627478
3328,Bac Kan,VNM,2022,2022-09-14,,,,,,,,,,28.90922356216497,21.523757572527973
3329,Bac Giang,VNM,2022,2022-09-14,,,,,,,,,,32.10422901230635,23.628113546721163
3330,Bac Lieu,VNM,2022,2022-09-14,0.12238970406403546,0.18675994962477424,0.08692401505044932,0.11950960878593615,0.15329319838314173,0.11924615855624594,0.07560257137817919,0.2360215445592388,0.12750600788945282,30.71171822304599,
3331,Bac Ninh,VNM,2022,2022-09-14,,,,,,,,,,32.988701706550266,25.009220451883905
3334,Binh Duong,VNM,2022,2022-09-14,0.1304160027048304,0.31012289235917395,0.1243475050032621,0.14185424586355003,0.3035240245634365,0.21963420570973322,0.12244243128181335,0.4556121831838494,0.44236468807969237,30.679122999103033,
3335,Binh Phuoc,VNM,2022,2022-09-14,0.12080779296845952,0.32802722231185616,0.11350927143222406,0.13308545682035924,0.32319692013074586,0.22393464540079094,0.11484797943628998,0.5099310224977482,0.4743288887314932,30.192616646019133,
3339,Ca Mau,VNM,2022,2022-09-14,0.11382259708518588,0.21894077080770843,0.08735778405561023,0.1180052837552245,0.18144430186127475,0.12560733320841527,0.0761137404425019,0.3561220960684175,0.20191079087617875,29.525230114087428,
3340,Da Nang City,VNM,2022,2022-09-14,0.06207266117347111,0.32916233960569324,0.04358371757632195,0.07632279198611613,0.2997379083721068,0.1843023787284992,0.09012279616072007,0.6886211528936306,0.6429359152593732,28.51287023910266,21.45553393165447
3346,Ha Nam,VNM,2022,2022-09-14,,,,,,,,,,33.08712409561166,25.083248779207395
3350,Hai Duong,VNM,2022,2022-09-14,,,,,,,,,,32.00496099663192,25.414291805526517
3354,Hung Yen,VNM,2022,2022-09-14,,,,,,,,,,33.683088215022295,25.21437182053395
3364,Nam Dinh,VNM,2022,2022-09-14,0.06732386159248578,0.18915252519484962,0.035219267993262374,0.07010934136523256,0.16840689753618637,0.1288299169212322,0.07435288777229,0.4498882362402619,0.3039342158402975,31.36933897694296,25.306384125277393
3369,Phu Tho,VNM,2022,2022-09-14,,,,,,,,,,30.700166406557553,23.87237639049064
3372,Quang Nam,VNM,2022,2022-09-14,0.04506074091781605,0.3354691559751342,0.031021738521091035,0.06208218674048995,0.3086998090426228,0.17783554300621268,0.07201132055152927,0.7622135254354233,0.87324409158591,29.20569812330521,19.06349275516205
3381,Thai Nguyen,VNM,2022,2022-09-14,,,,,,,,,,30.891187691797995,23.439947287397978
3389,Vinh Phuc,VNM,2022,2022-09-14,,,,,,,,,,32.24323110727567,24.791298681281805
73933,Can Tho city,VNM,2022,2022-09-14,0.15458423808828453,0.30998305435555296,0.12399251209492956,0.15729843130961332,0.272319843743973,0.201683266016828,0.12335435947840263,0.34657220972236763,0.31807853325881047,28.748658237837706,
73934,Dak Lak,VNM,2022,2022-09-14,0.14584219413003857,0.3685387532430852,0.14281238562049078,0.1606648399113937,0.3417980338894401,0.23238913030908645,0.12551849655144007,0.48112787624240383,0.47854226064038935,28.602089294845303,18.98778793300603
73935,Dak Nong,VNM,2022,2022-09-14,0.13825389211099054,0.38906172594283617,0.13148337837926835,0.15384509913548897,0.36490029757129966,0.24524347447824085,0.13213616190788022,0.5105597093034295,0.5580683867482764,28.158211233928565,19.84096045197745
73936,Dien Bien,VNM,2022,2022-09-14,,,,,,,,,,26.838872691387838,17.979279794293184
73937,Hau Giang,VNM,2022,2022-09-14,0.14414008736283174,0.2748388649724443,0.11855526356751656,0.14694739499659681,0.23464663274009706,0.17350604239481118,0.10876273196956916,0.3451669574686334,0.2765418782141052,26.017908397117026,
73938,Lai Chau,VNM,2022,2022-09-14,,,,,,,,,,26.44277967675447,16.629152648324883
73939,Lao Cai,VNM,2022,2022-09-14,,,,,,,,,,28.06980346177928,18.64627822433658
3326,An Giang,VNM,2022,2022-09-14,0.10035818702314996,0.29033632241987534,0.07264607002462035,0.11057933340359559,0.254667079502412,0.1821679317757579,0.09866856548521097,0.4544245971425376,0.44547986749961027,29.191983644767802,
3332,Ben Tre,VNM,2022,2022-09-14,0.12008806354173625,0.2811890960445565,0.09696126953291503,0.12457021443320258,0.24626212226005792,0.17126768342179302,0.1009713664925185,0.42296824550920775,0.3612639302550262,30.268707436956795,26.810000000000002
3343,Dong Thap,VNM,2022,2022-09-14,0.11860462791708673,0.24273690997196012,0.08353760708008148,0.11802579886714593,0.2137015969974217,0.15570905920303374,0.08870165475675672,0.3054198105328242,0.26813080800170197,30.40247163573532,
3351,Hai Phong City,VNM,2022,2022-09-14,0.06664689954260546,0.2840425397255639,0.06031722785024569,0.08617008571912592,0.25966066813484656,0.16196292935795367,0.07593136913433841,0.6573147602229799,0.5085997953366636,32.150110772655815,24.761873843385114
3352,Ho Chi Minh City,VNM,2022,2022-09-14,0.13422417425582706,0.2715258763920957,0.12363208727723199,0.1430832803091575,0.2490990487438699,0.1890984806104909,0.12207234369984549,0.36588555039982906,0.35161216475276286,28.502092522937193,
3356,Kien Giang,VNM,2022,2022-09-14,0.14542249017498599,0.2623854625455588,0.11742439699913784,0.1461930548064042,0.2308788911433135,0.17427992684887525,0.10873645008188301,0.3047787259279917,0.23991666191923464,29.25126251372787,24.749120517342774
3359,Lam Dong,VNM,2022,2022-09-14,0.13544059429557642,0.36053612727668755,0.12886211788408544,0.14905138590141062,0.3406623477126003,0.22492716712935493,0.12119751817632149,0.4894422216241394,0.47768202532084947,27.889376141492846,18.377806817038543
3362,Long An,VNM,2022,2022-09-14,0.10304184266734799,0.20262705944431897,0.07545090379884248,0.10288887810875355,0.1819522828005935,0.13953333818867278,0.08474729382900537,0.31937622606954646,0.2368128852824693,31.02539488455737,
3375,Quang Ninh,VNM,2022,2022-09-14,0.059870788304714,0.31757913257525805,0.045093391093094216,0.07777648396559442,0.28692232388944494,0.17254848230945272,0.07388567011714647,0.6706797804198319,0.6748516920374321,31.024250483145174,22.546286292150562
3378,Son La,VNM,2022,2022-09-14,,,,,,,,,,28.32783286439722,19.300863439022777
3379,Tay Ninh,VNM,2022,2022-09-14,0.10494882774827156,0.29735953779782326,0.08845625842209794,0.11545848587959474,0.28495004026941284,0.20079690002670433,0.10644329262531207,0.5073879727962571,0.4702201678104487,29.739440043425816,
3380,Thai Binh,VNM,2022,2022-09-14,,,,,,,,,,31.04616246432634,25.22575067548309
3382,Thanh Hoa,VNM,2022,2022-09-14,0.061558477702541886,0.30291702825596845,0.04074058821282291,0.0732188804153209,0.27418829665417727,0.1742516245747256,0.08346422937497781,0.6619475385147457,0.5905441762568483,30.607297297058018,22.978271779409543
3384,Tien Giang,VNM,2022,2022-09-14,0.12160588014156076,0.3117932523539144,0.1007989836494535,0.12899873605523518,0.27928226553133295,0.1997834174194082,0.11600597827115665,0.4612770502185549,0.4377138588395451,30.50459145651824,
3333,Binh Dinh,VNM,2022,2022-09-22,0.16266839876683584,0.3845213325035754,0.15126502364456862,0.17644178555740825,0.3512342818708145,0.236294614461868,0.13510095301080352,0.43474551614965457,0.4734204049101346,26.534080453383687,
3338,Cao Bang,VNM,2022,2022-09-22,0.06197071685775965,0.38046503971955387,0.05465438351145303,0.08388246379340188,0.36392052292380245,0.2166318002842564,0.08653520862328379,0.735740625795668,0.7407875240606426,28.924858589888395,20.300118146733993
3355,Khanh Hoa,VNM,2022,2022-09-22,0.14113726455089967,0.420385201506841,0.12742909301846703,0.16003566393307114,0.3832330999196416,0.24424063349801442,0.1234018143382125,0.5212684881108018,0.5812830623835804,23.953879148230115,
3360,Lang Son,VNM,2022,2022-09-22,0.0860605763541321,0.35155278275819357,0.08437328449458087,0.10435032351177882,0.32105915207783436,0.19207463062031627,0.08497448435857609,0.6538960507158016,0.578422544065999,28.296866305767107,20.143203200594584
3370,Phu Yen,VNM,2022,2022-09-22,0.1140063340884998,0.4090746149529633,0.09573487904065162,0.13278373420796102,0.3698668155147932,0.2323564046039322,0.11516476881762355,0.5753580132500682,0.6457485627805654,26.785586231682025,
3371,Quang Binh,VNM,2022,2022-09-22,0.28622931774698984,0.4093936696530269,0.31166528619131256,0.30187076147794173,0.36192118029990034,0.2453465226014842,0.13927756089104873,0.21973864041792016,0.17950837361757574,28.846255910667924,17.026317398940684
3374,Quang Ngai,VNM,2022,2022-09-22,0.2174647635234249,0.41332548239555167,0.21063183595098622,0.23113981749436743,0.37281106087381605,0.2523740763013388,0.14516811233409083,0.34886817615088705,0.3447808210863873,,
3376,Quang Tri,VNM,2022,2022-09-22,0.3580330858979251,0.47454867682523794,0.3584897151068254,0.3671850917772506,0.4355820187646158,0.3121882554803127,0.18554195689618877,0.1557472343354399,0.14751651290747927,26.175658041530273,
3383,Thua Thien - Hue,VNM,2022,2022-09-22,0.5605026365138238,0.608862294488821,0.5673536068407447,0.5660585331917322,0.5086154230131392,0.2748549316621835,0.15001059064065522,0.05816742639579107,0.04807886871801565,,20.873571428571427
3327,Ba Ria-Vung Tau,VNM,2022,2022-09-22,0.13791799445563993,0.3039323818174569,0.1312186493089984,0.14965654780380902,0.2826408585195646,0.196896582015761,0.11057748924551764,0.39544835849868437,0.3492583361764277,30.116892846967907,
3336,Binh Thuan,VNM,2022,2022-09-22,0.13527994409785588,0.3387892022901545,0.12843880621733583,0.14803347789304197,0.3180686000885599,0.20964566574234514,0.1057775754963588,0.4639689191170973,0.4076221224027635,26.312657387146093,
3342,Dong Nai,VNM,2022,2022-09-22,0.1563028047252972,0.32461076760979946,0.15309784256775857,0.1697125926030663,0.3041679974952093,0.21033352491439394,0.11516854636487543,0.3949606976853748,0.33741307303968515,,
3344,Gia Lai,VNM,2022,2022-09-22,0.2874466544760466,0.46290462597903714,0.28531375143002863,0.3024091745233316,0.42232603241839617,0.2856093456871402,0.15644280307037206,0.2694333927298071,0.26620707613252076,26.347843157960018,
3345,Ha Giang,VNM,2022,2022-09-22,0.08887560351407679,0.3846743634220287,0.07989409627983755,0.10837340163243935,0.3638596343397823,0.23004293271585372,0.10507980565631769,0.6815499535482777,0.6975163217220482,27.092420177848975,19.515915923284183
3347,Ha Noi City,VNM,2022,2022-09-22,0.10760047563985713,0.2846881755814057,0.09135362814910687,0.114795856704926,0.25902131469676354,0.1936731557206504,0.11416301718980867,0.48285116358747077,0.45269080938155193,32.25775041115841,23.825953651821724
3348,Ha Tay,VNM,2022,2022-09-22,0.11738151567831634,0.2961990488571667,0.09660227718537431,0.12717180315357085,0.2687773148009016,0.1949680413538211,0.11040943695884589,0.45834572515225347,0.4207717507686088,31.37655194815455,23.88832405862268
3349,Ha Tinh,VNM,2022,2022-09-22,0.23871079924863142,0.3707710760192022,0.2596464584648101,0.2563104171117758,0.3280906796367371,0.21980152123009827,0.12132241494930966,0.258231107056965,0.20869889924606172,28.273796741452944,16.614795144191717
3353,Hoa Binh,VNM,2022,2022-09-22,0.1311119967846905,0.3774342576465523,0.13153311464761122,0.15015281139635442,0.3436725089095254,0.2232013701325893,0.11518516992490199,0.519160195698758,0.5033897143715657,28.878981237747343,21.27275805939023
3357,Kon Tum,VNM,2022,2022-09-22,0.29459166565354145,0.4624793059160601,0.2923932008744791,0.30680182200522865,0.430213555085087,0.30239760518725056,0.17586283767552416,0.2632327121665188,0.27075160092127876,24.633646377572994,11.862136395267946
3366,Nghe An,VNM,2022,2022-09-22,0.15686331759130553,0.3752128329997671,0.15979517983900393,0.17459906852745083,0.3398692466645743,0.2116489324183895,0.10299242315406949,0.461398936600351,0.3921803218729735,27.622085062230013,21.14926476091408
3367,Ninh Binh,VNM,2022,2022-09-22,0.09484090093915855,0.30143885154816474,0.08484517623754703,0.10880007727212065,0.25428417191501135,0.16673117439511093,0.08319847599222442,0.5500994233840578,0.44295224627002067,29.951843152045512,21.53042292651628
3368,Ninh Thuan,VNM,2022,2022-09-22,0.10365914720684308,0.3939671479243589,0.07881986858169354,0.11946721588150473,0.3736263340254552,0.24804832250206368,0.11983376341389781,0.5879861877190291,0.7025030370263277,22.647722371641102,
3377,Soc Trang,VNM,2022,2022-09-22,0.16301790529271068,0.26337351230925243,0.13425404156298804,0.16318205293804897,0.22810398622594472,0.1698754834141548,0.10367810537025654,0.2505299060698797,0.192583668745512,29.230435301132907,
3386,Tra Vinh,VNM,2022,2022-09-22,0.15309581766023056,0.28564956545758785,0.12976957258130392,0.15959144311695384,0.2532177890653095,0.1848994895810305,0.10960142324666054,0.3159994533486106,0.2634684475863658,29.606817033160684,
3387,Tuyen Quang,VNM,2022,2022-09-22,0.05927094077891352,0.3711043732475698,0.054180841539383795,0.08071851094967349,0.3347525502577097,0.19791137830387165,0.08019062382718918,0.736790023831212,0.7125848193228309,29.40813827801343,22.020811024164047
3388,Vinh Long,VNM,2022,2022-09-22,0.1507797611748084,0.31807313414288974,0.129178525313751,0.15800186948147393,0.2836662750261549,0.1983195359182316,0.11397662652356635,0.3749949049443398,0.3342192350947228,31.521583044982677,
3390,Yen Bai,VNM,2022,2022-09-22,0.10559112849368417,0.36856481548580705,0.10337205726407887,0.12411082354609951,0.3422686102598754,0.21979292846884335,0.10505070152981487,0.6121437293339824,0.5780957308462822,28.11068193704322,19.721422547354756
3328,Bac Kan,VNM,2022,2022-09-22,0.0729898258385879,0.3869995973077835,0.07102689442939365,0.0958803755687934,0.35586250119992663,0.2112009362482583,0.08828299763579821,0.7010158997188674,0.7051008185077648,28.453615960781626,20.379392467743124
3329,Bac Giang,VNM,2022,2022-09-22,0.06244972181992824,0.3329015309765158,0.04634888222656072,0.07685573623716453,0.29871921749674435,0.1834777366082727,0.08365820443907103,0.6928380270698411,0.6461524067054184,30.965677203170355,21.700412960341563
3330,Bac Lieu,VNM,2022,2022-09-22,0.15828676075169396,0.21505457540458406,0.1369828719055322,0.16068946827218566,0.1819855686661959,0.14268032389672905,0.09121999390646154,0.16615119187931618,0.10380162140941208,,
3331,Bac Ninh,VNM,2022,2022-09-22,0.09304307070198344,0.32205884262287326,0.06424729046858699,0.10381816405053015,0.27551679404708723,0.1950700951481047,0.11156920149803384,0.5628867108966735,0.5794780440278985,32.50800618181371,22.87464002727747
3334,Binh Duong,VNM,2022,2022-09-22,0.17076557422123426,0.33636230376764176,0.16590639573187485,0.1833659860834643,0.32638158572457,0.2351111838919267,0.13009585962980247,0.3697785389374624,0.3550387315015394,,
3335,Binh Phuoc,VNM,2022,2022-09-22,0.20273271972990137,0.3575035597609585,0.20536106608041513,0.21580135686770774,0.3415772166447696,0.2402751831952448,0.13074199646157464,0.32737123468528717,0.2810199553624159,28.903270434299127,
3339,Ca Mau,VNM,2022,2022-09-22,0.13301204345303136,0.211777021513219,0.12631644846076692,0.14064059747452312,0.17418780645648013,0.11944990658697459,0.07014474828417937,0.25555499534260456,0.14321294852281255,28.85639202023075,18.59413793103451
3340,Da Nang City,VNM,2022,2022-09-22,0.4047375848975511,0.5017193670468276,0.39659265184284553,0.4141595561952324,0.4324332274765601,0.23383695991993464,0.12605201155293927,0.12793393202548267,0.10441965107309222,,
3346,Ha Nam,VNM,2022,2022-09-22,0.12618658239476394,0.3120088005012284,0.11242320913387709,0.13764243457885533,0.2701172997995509,0.19008510908286488,0.10548079127675737,0.4786394658810717,0.3953280524199425,31.585788661632982,23.467117953856217
3350,Hai Duong,VNM,2022,2022-09-22,0.11699649342911253,0.3152619133624379,0.10022277375234152,0.1301228874482061,0.28139099586744537,0.1978434883948694,0.11137810938767848,0.4862040561655482,0.4548706009436792,32.8316250761941,24.42247696406253
3354,Hung Yen,VNM,2022,2022-09-22,0.0939788265860112,0.30346956634956723,0.0684018058040824,0.10519070163698592,0.2704683175078588,0.19042584588414865,0.10588661020396724,0.5362126029245475,0.5151455960221709,31.70025877226169,23.65260598563703
3364,Nam Dinh,VNM,2022,2022-09-22,0.1874146538737384,0.3471900803801719,0.1852407797928298,0.2025681630478075,0.2983054718303132,0.2060688563164548,0.11596725751548133,0.34401671283643187,0.29419947405615904,30.6329521568548,21.74119578665205
3369,Phu Tho,VNM,2022,2022-09-22,0.08030322812238054,0.33534269361619107,0.0674500115410478,0.09475681813444686,0.3021349724880462,0.1913083806276123,0.08939355965795248,0.6372288773414538,0.5807097342067581,30.612660396301283,23.158555537186356
3372,Quang Nam,VNM,2022,2022-09-22,0.3133615608069019,0.46919084623354285,0.3076295821255088,0.3246185345476068,0.42281632321008594,0.27211453931798724,0.15443503086825067,0.236710790914624,0.23398392212660188,25.202919254658415,
3381,Thai Nguyen,VNM,2022,2022-09-22,0.05687849388667199,0.3562436608287925,0.046971109539376575,0.07514529547816856,0.3163125861925571,0.1889608017063301,0.08098394715505669,0.7397704127517924,0.7045305213022908,29.701887732076898,22.669998903161872
3389,Vinh Phuc,VNM,2022,2022-09-22,0.09786102368765527,0.29667161940618314,0.08090403578671533,0.10645309063197148,0.2726359800344748,0.18961551563445778,0.10115793486701814,0.5408987095027947,0.4849934272387837,30.900358261713283,23.88380515076435
73933,Can Tho city,VNM,2022,2022-09-22,0.1665255770576529,0.28448545798182734,0.14042972218854904,0.1688446827078318,0.2481106633752296,0.18561301775392533,0.11521792038126444,0.2668063226107263,0.23745020695722505,30.907488881286394,
73934,Dak Lak,VNM,2022,2022-09-22,0.21120621719042593,0.4114198221557309,0.20814980122798066,0.2266387012193806,0.38104686308595936,0.25929773042755955,0.14336806407428196,0.347313783782501,0.3499245632133789,25.489082227382543,
73935,Dak Nong,VNM,2022,2022-09-22,0.2549601755538803,0.42878349093184137,0.2551396871032647,0.267591898515146,0.39703802392731047,0.28215911811353683,0.16478791544052201,0.30633420157519087,0.29996704241422856,29.51861576756707,
73936,Dien Bien,VNM,2022,2022-09-22,0.08214827275836718,0.3737817374042909,0.07350974444428236,0.10083952059977912,0.3510051192329989,0.21584456594410587,0.1009949895332619,0.6893616503708961,0.6819344824017344,27.23101206335571,18.840517203887337
73937,Hau Giang,VNM,2022,2022-09-22,0.14802717052983472,0.276809586361978,0.1250330525009836,0.15167016964242075,0.23503387185061622,0.1703952598340626,0.10397936226856169,0.3108285191948476,0.2573331078166777,,
73938,Lai Chau,VNM,2022,2022-09-22,0.08210515173780986,0.38462262087140053,0.07045796094877509,0.10098025766953944,0.35995139076686766,0.21834793713311823,0.09902760762128869,0.7062362015551532,0.7022210164327303,27.027571262233547,18.524006378609116
73939,Lao Cai,VNM,2022,2022-09-22,0.13340163527458004,0.42342327220709136,0.12650312918557183,0.1531303737434419,0.39501646445079946,0.26210812160442615,0.13106533834037784,0.5941563970169245,0.6537057247453478,28.46390426803167,18.638558556209645
3326,An Giang,VNM,2022,2022-09-22,0.1549151305681893,0.30807064521894395,0.13957739498153954,0.16480168803144837,0.26651087971363246,0.1888376762621663,0.10752270418669556,0.35111623439187634,0.31728921639856567,29.263016303554238,
3332,Ben Tre,VNM,2022,2022-09-22,0.13782562628580014,0.29792894426197997,0.11801829176571976,0.14578910196569092,0.26317227465154497,0.1792395903331841,0.10129954667637593,0.36974119431323865,0.31685308409141943,29.713427705796253,
3343,Dong Thap,VNM,2022,2022-09-22,0.18967292762171595,0.2775656962550533,0.16484196295013667,0.1902256516063496,0.24996547150945697,0.18925767504790986,0.11707426866989769,0.20108731336522345,0.1746206214712,30.515707710553002,
3351,Hai Phong City,VNM,2022,2022-09-22,0.12281045229002253,0.28171192189388483,0.10906572129372892,0.1352692217558517,0.24916773967668895,0.18055634603801907,0.10486444921546412,0.4062493522984994,0.3513718116666477,31.85981963124244,23.737629819335694
3352,Ho Chi Minh City,VNM,2022,2022-09-22,0.15341176009598828,0.2953484032297145,0.1441301892926969,0.16558789931299003,0.2705574693764304,0.19950856669991823,0.12208486992659699,0.3303711700031435,0.25290524938454484,23.01093418176146,
3356,Kien Giang,VNM,2022,2022-09-22,0.15096472887308238,0.24640198565079655,0.13204400940470723,0.1523787916839873,0.20897859036227215,0.15399099031366026,0.09307849220396952,0.2698765453584327,0.18589039648926498,27.15847521470075,
3359,Lam Dong,VNM,2022,2022-09-22,0.27074130258429696,0.43437495287241,0.2694674691698756,0.28202710921557467,0.4041626046176875,0.2909963749433095,0.17291208208967954,0.29090795750563125,0.29681415568069397,27.41464068469904,
3362,Long An,VNM,2022,2022-09-22,0.16743267837594666,0.2677299312381377,0.14461400125682639,0.17053722977473315,0.24320828643760378,0.18224548838504545,0.11041056012142865,0.2539781796536418,0.21377416779079803,29.649257505989063,
3375,Quang Ninh,VNM,2022,2022-09-22,0.09967165993226601,0.3175283618437386,0.09903016938090828,0.11700690824393974,0.28232586496397416,0.1743527055637848,0.08364820256966497,0.5552468861163024,0.4590863550155893,29.33482038323468,21.897380780744125
3378,Son La,VNM,2022,2022-09-22,0.13086543231395492,0.39208997488186653,0.12900225048798952,0.1501761080100356,0.36814171898431236,0.24485642467205262,0.1266750384128498,0.5495835478411885,0.579537072734157,27.681233973048563,18.93503066188827
3379,Tay Ninh,VNM,2022,2022-09-22,0.16503187932231492,0.33711769435361677,0.1526914053704428,0.17687407288371965,0.3195167149037153,0.2278152812746634,0.12369550333204792,0.38917282646298385,0.3581104328888149,,
3380,Thai Binh,VNM,2022,2022-09-22,0.13191716929034206,0.3099831077660171,0.12282878215916423,0.14759749512455772,0.26707331914454663,0.1883634598526116,0.10587543738338809,0.4185117805727228,0.3568637368330088,31.20918670698366,23.59655337466641
3382,Thanh Hoa,VNM,2022,2022-09-22,0.1143139410622332,0.3408128837092858,0.11808367230212297,0.13206844391864173,0.3074203069116388,0.1945806124294265,0.09176941976905134,0.5286393156080755,0.443998094040311,28.653460553214455,22.026564333124544
3384,Tien Giang,VNM,2022,2022-09-22,0.12553012242203274,0.3049972531435782,0.10397037779227032,0.13333123595270696,0.27444862954710253,0.19223967373692058,0.10835147225345289,0.42943921509265515,0.39087636961460276,27.842613223768122,
3333,Binh Dinh,VNM,2022,2022-09-30,0.07405653090447196,0.29042171531369915,0.06628515810058264,0.08526713426156855,0.2622107984421264,0.15820277993438772,0.07546770213037385,0.6384994197809281,0.4833404782336708,27.221069347602242,20.184114562709844
3338,Cao Bang,VNM,2022,2022-09-30,0.07143728475007985,0.33355225760603907,0.06318109702200633,0.08820665978614943,0.31813542864773575,0.19686719853334977,0.08861076274135896,0.7011758548010213,0.6239371276055525,27.803277085013644,19.107068770858312
3355,Khanh Hoa,VNM,2022,2022-09-30,0.13643340310129967,0.3320102115542809,0.13775998176925652,0.15078441690181793,0.30168209949538,0.19653790352139264,0.10257361211653308,0.4504467669048935,0.37661729327126725,29.207810188229168,18.47419301181086
3360,Lang Son,VNM,2022,2022-09-30,0.06902961278654009,0.30956768883829167,0.0663345648019887,0.0840700754378605,0.2827791650387562,0.17020728473082772,0.07873420918158731,0.6916390904292559,0.5509003747907527,28.75978947130922,20.15141242916957
3370,Phu Yen,VNM,2022,2022-09-30,0.12607447708667588,0.3420038368607964,0.12263945637471016,0.1408397191475901,0.30758435137575374,0.20060097060202559,0.10508155120613867,0.48189280367529785,0.4368304241458375,24.605687140288452,19.927866151732562
3371,Quang Binh,VNM,2022,2022-09-30,0.2258880372688256,0.38922103526792007,0.23496521134963558,0.23976908525749455,0.35369980536500356,0.23985656237948763,0.13317769214376826,0.3120923495816944,0.28348159572849724,26.946988634734872,20.000360948203653
3374,Quang Ngai,VNM,2022,2022-09-30,0.05167270800231347,0.2859325905942771,0.041360204024593825,0.06252616787858493,0.25527627004798054,0.1498999283919122,0.0668861537542549,0.7213206689259151,0.5477509172174517,28.242414896900524,19.452027767555034
3376,Quang Tri,VNM,2022,2022-09-30,0.19265245618098809,0.3854333257906598,0.19696283002092996,0.2065485557593575,0.35007469253526863,0.2349608625121546,0.13086937649487082,0.37295068922109853,0.3659313607198598,28.42002559238449,22.350369346917397
3383,Thua Thien - Hue,VNM,2022,2022-09-30,0.12263550104364568,0.3058735456293941,0.12319103045753765,0.13489285331978906,0.28272396589242355,0.1824326171325636,0.09733723705694794,0.4592585181927161,0.38687724097773096,27.18616355640598,21.643415196690455
3327,Ba Ria-Vung Tau,VNM,2022,2022-09-30,0.10895389034465865,0.2681828125319274,0.12035457448640709,0.12244910636355935,0.24408467842613174,0.1721810024899992,0.09381593035396138,0.4284577717352218,0.34939665313366003,31.27496291652802,
3336,Binh Thuan,VNM,2022,2022-09-30,0.13038316296655564,0.32289779134415764,0.12921954991107287,0.14231633531513102,0.30344857798334957,0.20561196252440497,0.10615963270873684,0.46824736895472036,0.39278911105825726,29.76702332194018,19.549212813085738
3342,Dong Nai,VNM,2022,2022-09-30,0.08914871470202614,0.2649299799171469,0.08985505499829428,0.10170493428499644,0.2457331248337147,0.1650734814949882,0.08446150029160035,0.5311581825844888,0.4033611603325452,30.252595465802294,
3344,Gia Lai,VNM,2022,2022-09-30,0.09137980387922487,0.3243153640074003,0.08319212725851864,0.10473840204844541,0.30271279982982696,0.19356919356107474,0.09347983036044798,0.6016068440647591,0.5281229830793777,28.80461245417286,19.143216017510042
3345,Ha Giang,VNM,2022,2022-09-30,0.14001177439347,0.3912802655517598,0.1328338879199258,0.15737886257699857,0.3687131782088869,0.24781378119755504,0.12672047970337186,0.5525807521646093,0.5715137549029382,26.359183666918337,17.696299577385993
3347,Ha Noi City,VNM,2022,2022-09-30,0.16168278757461838,0.30941815861384864,0.15134892824378393,0.17166339443154713,0.2927616697719992,0.22950976324727496,0.1420601395588829,0.3366344383607132,0.33276405209184323,33.05296266094481,23.454778506326246
3348,Ha Tay,VNM,2022,2022-09-30,0.13637970358758394,0.3065424322910221,0.11634220830624949,0.14754546985550354,0.2785018424713158,0.20947355106634594,0.11993648383016019,0.41395591904531004,0.3917331476952804,31.556431839652387,23.277238153733354
3349,Ha Tinh,VNM,2022,2022-09-30,0.19130863440337006,0.3683718409104104,0.1889939922047415,0.20371033503123864,0.33646371387190216,0.23760865621638363,0.132747066998892,0.37317099447279434,0.34272563019339725,27.56119233401121,21.477081419982735
3353,Hoa Binh,VNM,2022,2022-09-30,0.18036750653979333,0.37935731384861215,0.18508310480802767,0.19651472021281868,0.3474918351254318,0.2450386950046691,0.1380976796223808,0.4297163844199855,0.4039458947069496,26.81333395189593,20.58526897097201
3357,Kon Tum,VNM,2022,2022-09-30,0.0846016060778917,0.30674212428203895,0.08012503096454737,0.09622444845834865,0.291293382612512,0.17897285682114714,0.08266402831169872,0.643309139890403,0.5005193472478442,26.712888011049134,17.559712173917365
3366,Nghe An,VNM,2022,2022-09-30,0.16573571527842632,0.39047320461565566,0.16158757025920892,0.18079125352325823,0.35677533458583566,0.23914761406489002,0.12516081657166467,0.4681229902344238,0.4659675066827802,26.1403037716681,18.90153578388472
3367,Ninh Binh,VNM,2022,2022-09-30,0.13750360733130992,0.29281983494675123,0.13742442585135406,0.1520108829381144,0.2590279872897447,0.18429710404254163,0.10517425976499852,0.39633135185569274,0.3231555332274757,29.69622632494713,23.368890776924317
3368,Ninh Thuan,VNM,2022,2022-09-30,0.13337340630581324,0.3131905892005055,0.13267034878055198,0.14664685791638912,0.2929075472099464,0.19267781564353803,0.0982332419955601,0.41957213531415144,0.33919410071622413,29.543118195050884,18.217370206660437
3377,Soc Trang,VNM,2022,2022-09-30,0.17761415023791174,0.25898423876565857,0.16078832690855163,0.1802155056641959,0.2131200898240334,0.15657821590031168,0.10051942053675511,0.19819825248724507,0.14379211544740222,28.22131501094187,
3386,Tra Vinh,VNM,2022,2022-09-30,0.16255953660781947,0.28747065191410337,0.1648262597454018,0.1760039039760676,0.24344340908731077,0.16923512565063656,0.09591464167408176,0.27816538291408593,0.2177372476770142,28.29890452502912,
3387,Tuyen Quang,VNM,2022,2022-09-30,0.10412893232458785,0.35371478488964186,0.1019478064846886,0.12096752287409362,0.3231460081888263,0.20789524503113338,0.10277480299461725,0.6070757588502453,0.5528908350818277,27.9331528758606,19.90676373774983
3388,Vinh Long,VNM,2022,2022-09-30,0.1355109222327586,0.28364713901177513,0.1234865776150493,0.14258706808093266,0.2439175050819548,0.17041063090292766,0.10493209540245849,0.3744217520717292,0.30683086525147446,26.489785228817418,
3390,Yen Bai,VNM,2022,2022-09-30,0.10141858156521015,0.345354308265167,0.09453665605977118,0.11746020843299443,0.3252634161702648,0.2115302581098958,0.10363410988602495,0.6117953726760786,0.5652055655623728,26.199980134090058,18.4707708178082
3328,Bac Kan,VNM,2022,2022-09-30,0.06601675422796213,0.3359513230373966,0.06259247492132414,0.08319385994636565,0.3072778369627564,0.18240395913216167,0.07947583909839126,0.7240783451704442,0.6182290577607346,27.96812252920613,19.154697380451562
3329,Bac Giang,VNM,2022,2022-09-30,0.08051553936264957,0.33628265942809377,0.06860484519034503,0.09496892239503031,0.3030583795838667,0.1905712638830388,0.09098443396292498,0.6382600491613385,0.5816520757284597,31.039503428897074,21.979519063685032
3330,Bac Lieu,VNM,2022,2022-09-30,0.14487964539893528,0.19713409246205485,0.1285312213995619,0.1496195225815892,0.16036246931045392,0.12383816141518,0.08274254440000857,0.16358585444712664,0.09754310393610063,27.553650508677475,
3331,Bac Ninh,VNM,2022,2022-09-30,0.11964974042919742,0.340474013391378,0.09962925377990557,0.13335350646224883,0.2977520956762709,0.21595843502038609,0.1242827388480381,0.49144488544295883,0.5135563535148857,31.37812762472768,23.6986782113181
3334,Binh Duong,VNM,2022,2022-09-30,0.09456857447561078,0.28568321848565714,0.08922626786264806,0.1061760752357238,0.2817365693142952,0.20295301322152762,0.10526899030085352,0.5283938470394064,0.4743615084819805,31.49905380878297,22.50008849557526
3335,Binh Phuoc,VNM,2022,2022-09-30,0.06443528524714517,0.2806809735120375,0.051864539413145054,0.07477902435430905,0.2791777358384271,0.18477493843549375,0.0835370921232604,0.6578836087662815,0.5434742850523402,30.73535173395996,
3339,Ca Mau,VNM,2022,2022-09-30,0.10398865388932202,0.1912414245090675,0.09032470062470932,0.11147884467394871,0.15469075502575863,0.10393023510202426,0.06102027482381007,0.3148558254166629,0.16623340798779626,25.761446383671547,
3340,Da Nang City,VNM,2022,2022-09-30,0.11108565958513564,0.27560877378752763,0.11292984648025382,0.12243848650301961,0.2533097483731897,0.1695770193687886,0.09683776415394725,0.4539701488964661,0.35235829898992516,28.40056099906445,20.948257433872545
3346,Ha Nam,VNM,2022,2022-09-30,0.13071336966253858,0.2818988929787754,0.1262642977188589,0.14306234677916094,0.2480528361333413,0.18414334570177368,0.10846198070015362,0.40049809474130343,0.3243745553522862,28.963667157712106,23.443905266076605
3350,Hai Duong,VNM,2022,2022-09-30,0.12803244588913892,0.2998055846117733,0.12042433928640803,0.14060707868924782,0.26466037234027967,0.18836113013033373,0.10806598414495297,0.44003274758835276,0.36838337542046595,31.25845386173997,23.141894660143407
3354,Hung Yen,VNM,2022,2022-09-30,0.16841529681240155,0.32353365416645724,0.1608672267734997,0.17939496149511167,0.2935714050722092,0.22627110467807063,0.1390476900506357,0.35702310312025926,0.33142697593923803,30.070196063033276,23.442664780065403
3364,Nam Dinh,VNM,2022,2022-09-30,0.16141363414556345,0.3171940523044157,0.17047211878495228,0.17725502940262475,0.2712003405198552,0.19337360705284964,0.10984034406231677,0.361672052515502,0.2981975901570239,29.840395671841843,23.921999311098425
3369,Phu Tho,VNM,2022,2022-09-30,0.11764089761302299,0.3284226131711019,0.11014416417982982,0.13113011014302473,0.3028754708348589,0.20627857716509074,0.10853229216902095,0.5224348570949001,0.4680481435569816,29.18672722100448,21.15084287088077
3372,Quang Nam,VNM,2022,2022-09-30,0.11371623345266543,0.31548837091039733,0.1124625360129573,0.12571313960254454,0.2901133751059977,0.18558688435582957,0.09642101646129297,0.5229806060009498,0.42958382697225284,26.63428383619884,18.644178181710867
3381,Thai Nguyen,VNM,2022,2022-09-30,0.08429521230127228,0.34590296753951044,0.0775920361050297,0.10077080113731272,0.3105158742096539,0.19536631102675014,0.0938895609264194,0.6486433040812924,0.6002739438707608,30.034381855854516,21.086840668288605
3389,Vinh Phuc,VNM,2022,2022-09-30,0.15631882352786206,0.3268748217810752,0.14381333696039453,0.166075312422401,0.30645603191111714,0.23034959561116686,0.1335057979195332,0.3994160413096352,0.3869824834491325,31.515250839954295,22.79608115967618
73933,Can Tho city,VNM,2022,2022-09-30,0.14960044887619023,0.22581137040516555,0.1394251591764438,0.15434777986400733,0.1851457183534368,0.13204390356290727,0.0797661819970136,0.18883518202685615,0.13554562140131354,,
73934,Dak Lak,VNM,2022,2022-09-30,0.09655691892639379,0.32149934887872944,0.08746514654900925,0.10925447116947846,0.30050995042051926,0.19415361750180535,0.09644067336749929,0.5762993076899089,0.5009022576311607,29.575806037867334,20.213409292893356
73935,Dak Nong,VNM,2022,2022-09-30,0.08927828564647082,0.32525656913917483,0.08197968676628195,0.10265932481643475,0.30431679573876574,0.19250616296387524,0.09298014610443064,0.609263460558162,0.5243790643933325,28.276885162144403,18.383435826822293
73936,Dien Bien,VNM,2022,2022-09-30,0.0762328761669572,0.3743942666168692,0.0637496166481315,0.09453059663420886,0.3538551378188864,0.21550829887848713,0.09682430905637557,0.7021179720319077,0.7035917140339775,26.089497860901968,18.299588947890626
73937,Hau Giang,VNM,2022,2022-09-30,0.19659134120039148,0.29514120573343744,0.1891368189820309,0.2027370109390214,0.25520175150702384,0.18962031774568303,0.12251598923616339,0.2192002536632193,0.18312213975529532,,
73938,Lai Chau,VNM,2022,2022-09-30,0.1102789771684554,0.37337568995652903,0.10035529920529336,0.12616799781888122,0.3481804153983514,0.21829111580491412,0.1061184162023742,0.6331584998717854,0.5915377603932461,26.48122315119354,16.876090246120253
73939,Lao Cai,VNM,2022,2022-09-30,0.1670169599035283,0.4016339238030972,0.16108687196222837,0.18284911238235052,0.3761444493253484,0.2614419061411539,0.14156212650453873,0.5062495181534471,0.512555496969301,26.596608373777606,15.039309899478173
3326,An Giang,VNM,2022,2022-09-30,0.13836494805848149,0.3030788803753312,0.13232052901467045,0.1505306554105874,0.2566953171686777,0.17997269642271238,0.0992490383131855,0.35810067808007917,0.32839261750118026,27.8194244358219,
3332,Ben Tre,VNM,2022,2022-09-30,0.13654477174452104,0.26290353474844297,0.13819685083909986,0.14621106987314975,0.22320089896237297,0.15430187519343475,0.09099507189557357,0.3239729457871436,0.23892859491908058,26.70518084912175,
3343,Dong Thap,VNM,2022,2022-09-30,0.1389859779154153,0.2179891820564025,0.12207674257191724,0.1413472380665194,0.1863443624848874,0.1389485152053286,0.08179512843374752,0.20752159893437327,0.15778832919158306,27.733767673044337,
3351,Hai Phong City,VNM,2022,2022-09-30,0.10956718405629703,0.2640990253168126,0.09928857202071724,0.11937629612340091,0.23352627499587544,0.16884842187443375,0.0986415773609511,0.44724893748750505,0.3556438336604988,31.334662732600084,23.40867039344176
3352,Ho Chi Minh City,VNM,2022,2022-09-30,0.12155991396355724,0.2430548508571609,0.128264260051433,0.13458401625743038,0.21610184668635374,0.1602254170204959,0.09782812912884126,0.34924046553047017,0.2597328021286845,29.380934154362905,
3356,Kien Giang,VNM,2022,2022-09-30,0.1461497328771688,0.22777471007101147,0.1348792807152996,0.14940396008218648,0.18947067658055844,0.14064649027049617,0.08667672437491299,0.23515813240323521,0.15919063302916106,28.95887838363321,
3359,Lam Dong,VNM,2022,2022-09-30,0.11489103875866664,0.3200058568518705,0.11392582569623261,0.1274785683175005,0.3008681431049556,0.1942304982704502,0.10004240446986082,0.510481610928466,0.4284651304645052,27.548301695742797,15.82509033622489
3362,Long An,VNM,2022,2022-09-30,0.11082434518164375,0.20354558786601765,0.0981793559981396,0.11522839423468144,0.17644250055504954,0.1335658132820671,0.07776644642398284,0.29108866427917734,0.19991033957918677,29.218264877907426,
3375,Quang Ninh,VNM,2022,2022-09-30,0.08800152594702684,0.2956756297364246,0.08411234936183416,0.1020398760507276,0.2599583404107999,0.15949806098537345,0.07804657858206267,0.5983461040754637,0.45454376423493265,28.562081673525334,20.97346596030603
3378,Son La,VNM,2022,2022-09-30,0.10153817151777153,0.3682448298379001,0.0903290436468773,0.11820858335501307,0.3502150920888801,0.22876103547550186,0.11289088628521932,0.6286265383735954,0.6411590401493861,26.81467286914655,18.560943486242365
3379,Tay Ninh,VNM,2022,2022-09-30,0.10528623766430296,0.3095461714150079,0.08993661561285408,0.11808780796961744,0.29843047628994446,0.21100905514642565,0.10697921654949881,0.49301324480023184,0.49259157308020796,30.025076528906617,
3380,Thai Binh,VNM,2022,2022-09-30,0.15685133506239718,0.3266717629878964,0.15348413987127016,0.1711597967081395,0.2844688159239424,0.20319609777136138,0.11526660469763295,0.39881689711626556,0.33816904274567916,30.61265170635147,23.125586978050677
3382,Thanh Hoa,VNM,2022,2022-09-30,0.14397010930489415,0.3488151139743812,0.14274790109938454,0.15845483387893056,0.3174123819142316,0.21601015395791623,0.11556350825931666,0.4674828025326136,0.4241071528180303,27.77062596594538,20.89059301388646
3384,Tien Giang,VNM,2022,2022-09-30,0.1291170558160523,0.2669880899058914,0.13257369405910632,0.1394527618536036,0.22947708872943712,0.16211571869469005,0.09235621172803729,0.3618690331538806,0.27165781154730195,24.61331928120456,
3333,Binh Dinh,VNM,2022,2022-10-08,0.23936128955399252,0.3850273255949052,0.2442951276769234,0.25140524886478305,0.3420814934927726,0.23020656964547817,0.1289959288649923,0.31918021811095193,0.26483429484793486,26.506349658713624,18.576019386695087
3338,Cao Bang,VNM,2022,2022-10-08,0.42336933179349345,0.5370817011558043,0.42078582780274854,0.42983285775447316,0.4658549947456649,0.32668002566102244,0.18363740375439971,0.3431369615589714,0.30801256440130237,25.319645633667577,15.802736838536775
3355,Khanh Hoa,VNM,2022,2022-10-08,0.318419877405973,0.44405606884748405,0.3340035539176075,0.3336274428596884,0.38981373414542125,0.2516392842847461,0.13650042446245375,0.22995068901675125,0.1914447700554197,23.99002452240642,17.922163735320943
3360,Lang Son,VNM,2022,2022-10-08,0.7853038875689135,0.8081455325589663,0.7718605848163665,0.7912808356987046,0.6527734960503765,0.4176072102675354,0.21690380583985333,0.021793026516635464,0.02077475700714026,25.58576156388998,14.48763993228578
3370,Phu Yen,VNM,2022,2022-10-08,0.33521740138528944,0.4823787045654799,0.3387206009983115,0.3506670467172531,0.42642042916933587,0.27749832799216545,0.15271417751052055,0.2170499502625722,0.20540845278518688,24.120259125933586,15.942130581358521
3371,Quang Binh,VNM,2022,2022-10-08,0.8398912699746858,0.8345967711071665,0.8206596045421678,0.8394858172571337,0.5790669293508444,0.2100882813319658,0.10263963867090434,3.812077757519724E-4,4.61432434128135E-4,25.114859589654365,16.604884688744228
3374,Quang Ngai,VNM,2022,2022-10-08,0.2335893577777524,0.4463933430600972,0.2225952131272241,0.24774510271924396,0.4102450940239769,0.2834459033049679,0.15005189301094113,0.36435857094761465,0.3678178965320623,24.96279366291979,16.719619104490224
3376,Quang Tri,VNM,2022,2022-10-08,0.855129853201184,0.8472143427677078,0.8397904928807927,0.8564275694944842,0.555559336091364,0.17273889846694274,0.08019794281133219,-0.0011988890928502935,-7.785629396466025E-4,20.721809891266265,16.00764905277708
3383,Thua Thien - Hue,VNM,2022,2022-10-08,0.49149842459663795,0.5803028961015853,0.47704210612501496,0.4987331273778454,0.46705282930945397,0.24592477420197614,0.12996584613209902,0.14204714823088474,0.12743628400734436,11.278363389773064,18.011144521407793
3327,Ba Ria-Vung Tau,VNM,2022,2022-10-08,0.48738082622449297,0.5562338372849924,0.49995557700559773,0.499191317841299,0.4601388031265613,0.19268201196639906,0.09205104625716716,0.11589190817412927,0.08350076879230693,21.21618741313437,18.89106865206118
3336,Binh Thuan,VNM,2022,2022-10-08,0.1402861677880352,0.33473054644267575,0.12710867744597912,0.14893523346781964,0.3113041097331406,0.20488341413262873,0.10454522948753221,0.5228970296240703,0.44807985843281806,27.876296527291856,17.785391600287042
3342,Dong Nai,VNM,2022,2022-10-08,0.29434933742173747,0.4187911281943547,0.2972440620028341,0.3072841330314986,0.3717838212003231,0.20903543305397326,0.10954163013575896,0.27895427709195053,0.22490621457583798,27.707441219030382,18.442332872505457
3344,Gia Lai,VNM,2022,2022-10-08,0.25767391373944676,0.42540050271812796,0.2589773767011054,0.27121250301396593,0.3946575427567524,0.27162716408689225,0.15394842707747403,0.2967165080478447,0.27344117797368656,27.86969395449926,15.60220259231332
3345,Ha Giang,VNM,2022,2022-10-08,0.218035390160217,0.38120935098594694,0.2277918111278501,0.22719469475850074,0.35186784244477,0.26363162798760637,0.1576501831436497,0.45144023198529903,0.36469300840249175,25.771295941867365,16.525312952487013
3347,Ha Noi City,VNM,2022,2022-10-08,0.4087750843237582,0.4801119601198789,0.41218703103016413,0.41904706132307673,0.44702084679168297,0.3748241557098816,0.2422416635254325,0.0930515446422043,0.09669845378997334,32.01135431057178,18.110023022975227
3348,Ha Tay,VNM,2022,2022-10-08,0.5615311456156239,0.597703646011736,0.5836103243765494,0.5718464409227256,0.5244042766642182,0.41587908704284493,0.26187571821472566,0.041151136216111425,0.04888716816993901,30.832736813159173,18.55344881413466
3349,Ha Tinh,VNM,2022,2022-10-08,0.6677016925281242,0.6954943979892054,0.6551324942273494,0.6723863083438145,0.552684968728041,0.31546094478311154,0.16920928488317036,0.029712787210876303,0.026162083023230413,26.517996101654337,17.40989543819521
3353,Hoa Binh,VNM,2022,2022-10-08,0.6512746170108793,0.6825383878019019,0.6762708248315056,0.6609390314321775,0.5424304569408457,0.3550204280532408,0.22312143457206335,0.04124200526959769,0.050722748891670694,25.952933062215333,16.113016998233025
3357,Kon Tum,VNM,2022,2022-10-08,0.18921032106336713,0.40478543734507044,0.18430727470231348,0.202879392238208,0.3860442652801493,0.25909338507133695,0.13845216905012897,0.4370734174212339,0.41948435009170265,25.69104518796135,16.951488787414746
3366,Nghe An,VNM,2022,2022-10-08,0.5909638439462501,0.6527811720554275,0.5825089437898088,0.5980870844997972,0.5606711719538038,0.3559386576531258,0.20147055641850284,0.059378852740827236,0.05582560904570357,24.885245072709324,17.315907956689003
3367,Ninh Binh,VNM,2022,2022-10-08,0.9404222149280324,0.9240128053340599,0.9109178689424554,0.9348995569955785,0.625561025622766,0.2106897426300884,0.10318743662846282,-0.008623766530270072,-0.005930516408276798,27.992481076551854,13.430000000000007
3368,Ninh Thuan,VNM,2022,2022-10-08,0.19290486434012036,0.3610508968531857,0.18306156201391155,0.2023175353289465,0.32652570513441537,0.21693065703691314,0.11117824888470092,0.44211079963913175,0.36679154513174694,25.32630150738851,17.036704481162747
3377,Soc Trang,VNM,2022,2022-10-08,0.6970817729112939,0.7039776215960241,0.6939949384609446,0.7021748506533547,0.5047528055103179,0.14714892203670274,0.06337918756809109,0.005230989200053455,0.003366622753483547,30.240761417016007,17.904295010977155
3386,Tra Vinh,VNM,2022,2022-10-08,0.7421018136399898,0.7531979310436218,0.7410541441770031,0.7476060908628748,0.5196670712846245,0.14345668558200084,0.06159138004683867,0.007440524960442518,0.004849498929336278,29.155484924571933,16.01071067295099
3387,Tuyen Quang,VNM,2022,2022-10-08,0.1337743284226132,0.32925908150035044,0.145583886716542,0.14520677614979974,0.2957543056798054,0.2094399637420948,0.12334763406561146,0.5459329994594909,0.44309217986856003,26.469913051258793,18.067222261065762
3388,Vinh Long,VNM,2022,2022-10-08,0.7448654883351927,0.7546716992713005,0.7398206742509504,0.7484999615283954,0.5084402131816401,0.1363265312231902,0.059143060080344666,0.0067701024809044535,0.004370842989280157,27.170000000000016,19.48817437059416
3390,Yen Bai,VNM,2022,2022-10-08,0.20893029692879478,0.3701183518814758,0.22374343371745717,0.2200756184108713,0.3408024250658505,0.2622891571228477,0.16783703149625015,0.4088030293632497,0.36306929387385317,24.404802015161984,16.719498049304168
3328,Bac Kan,VNM,2022,2022-10-08,0.2313502076497795,0.3999921914172456,0.24868778071990366,0.24188518930786224,0.35719669696946016,0.2618465508152864,0.15929601710142252,0.40945189416040456,0.38651551567711306,25.628941896868252,16.02466555821615
3329,Bac Giang,VNM,2022,2022-10-08,0.5414675007673078,0.6139626115807055,0.5376560743898615,0.5497803730462802,0.5575254101630149,0.4121207400474495,0.23903117283295092,0.06884854365993988,0.06784826274783125,28.671156105035433,15.653506566577677
3330,Bac Lieu,VNM,2022,2022-10-08,0.5311208833856385,0.5452458597583894,0.5336877129410779,0.5394498189686536,0.43205451054980953,0.14304649177815917,0.06083322572272052,0.014094025636669127,0.008762099779556862,29.711569342021225,20.269721771284296
3331,Bac Ninh,VNM,2022,2022-10-08,0.5162982143712757,0.5675715031483899,0.5120951672696774,0.5239199416564622,0.5138730156678469,0.37982341006615516,0.22861328440914896,0.05313415788939137,0.05122952724572921,30.763677637465655,16.36766176770404
3334,Binh Duong,VNM,2022,2022-10-08,0.27208248224954745,0.3950887397242871,0.27596519258612434,0.28535948991382787,0.3660150793940804,0.22460041828371746,0.12037430272743023,0.24689007608606525,0.2100235731104308,30.179224105547128,17.587513726300177
3335,Binh Phuoc,VNM,2022,2022-10-08,0.13555929982313425,0.3180080152402254,0.12826953019251602,0.147149955572004,0.3146229633423608,0.2257421440415915,0.12480021369830555,0.4318660022819971,0.39556616431485403,28.842783219863836,16.78029187044288
3339,Ca Mau,VNM,2022,2022-10-08,0.3970670586865546,0.4308404247689362,0.4028200808294197,0.40852052847425396,0.36242365397780835,0.1493202369741971,0.06647775389593523,0.043457036459682616,0.027128097629268526,29.061999415819297,18.497327996022914
3340,Da Nang City,VNM,2022,2022-10-08,0.22532170260667092,0.3763307475049773,0.20733899020187566,0.2363594765364811,0.35059370599047285,0.24320482298430907,0.12972381932271707,0.283946359478944,0.24386560813208094,16.75297823596797,16.762403932987308
3346,Ha Nam,VNM,2022,2022-10-08,0.8558011065978876,0.8482691398254578,0.8357638194560569,0.8546128988081001,0.5951104968048764,0.21010175747556914,0.10417406564656996,-0.004030772012890219,-0.0027717711795550654,29.596109211982913,16.57530945292218
3350,Hai Duong,VNM,2022,2022-10-08,0.6156555554218098,0.6442413263678654,0.6092346282697827,0.6207979069127396,0.5440712517980406,0.27828585208704065,0.14820500343877988,0.024670772808369653,0.01987028436835917,30.1294811463476,15.786057372960874
3354,Hung Yen,VNM,2022,2022-10-08,0.6417841256879716,0.6584965486610008,0.636786348624247,0.6494268327530808,0.5469074952120689,0.3130337276681962,0.16910808961316282,0.014287036919589848,0.011924877770346896,30.20276314457726,16.53747918824712
3364,Nam Dinh,VNM,2022,2022-10-08,0.9859549990961186,0.9546949600816707,0.9537583041000604,0.9797340243373631,0.640082222075181,0.22872756917031076,0.11649615497316176,-0.016057686112478715,-0.01114226693706203,28.57326181266012,15.642115855385926
3369,Phu Tho,VNM,2022,2022-10-08,0.24505994294064237,0.38467978954206783,0.2663401457594442,0.2558257295884901,0.3462255845598474,0.2684584340355145,0.16488774008788432,0.35043527708186334,0.3004718012117748,27.911043310708546,18.75867044977366
3372,Quang Nam,VNM,2022,2022-10-08,0.2816693487952509,0.44558806843081605,0.2717424672956241,0.29337872834344125,0.41078314647694164,0.2763203216240974,0.1468846291641086,0.2580239956238518,0.23363196648352724,22.88123805845351,17.65787185168783
3381,Thai Nguyen,VNM,2022,2022-10-08,0.36884217090541327,0.49012796478524473,0.3850511041375762,0.37885755704781227,0.43520253153345334,0.3333951345699442,0.20143449012858403,0.2504171578907646,0.2419080975687112,27.82930202984566,17.108906182935296
3389,Vinh Phuc,VNM,2022,2022-10-08,0.2538267185125711,0.3771120225372658,0.2683403622802274,0.2616550427903285,0.3389651129581607,0.2605754236054524,0.16265764729284368,0.3513225891525815,0.2856121160768984,30.254739375201265,19.595439783091162
73933,Can Tho city,VNM,2022,2022-10-08,0.6921991328982102,0.7012110941365756,0.6870901147365289,0.6965225761925485,0.5043643032879475,0.14666133066271422,0.06410686745444384,0.00664600741670919,0.004306558510937984,31.044809200111708,19.364245362915298
73934,Dak Lak,VNM,2022,2022-10-08,0.32792669222685633,0.473644869488824,0.33219067842677774,0.34143117601898465,0.4342214019286014,0.3100840456234575,0.1801731762391705,0.22127525590997593,0.2199154555618387,29.051470222920383,16.321638145124968
73935,Dak Nong,VNM,2022,2022-10-08,0.16446082943421042,0.37551040473945546,0.15940684245496947,0.17713899126113278,0.35568452386028077,0.2525591325012781,0.151835042002093,0.43605494567185615,0.46599618374377866,26.97430975082919,16.38819989779823
73936,Dien Bien,VNM,2022,2022-10-08,0.23882327398209718,0.4690086531129566,0.23197898222311117,0.2529829772051655,0.4426938592007468,0.32647347361105983,0.19878612159729644,0.40531779865614265,0.507932650099547,25.736869117978447,16.919275574370953
73937,Hau Giang,VNM,2022,2022-10-08,0.7108176220767775,0.7184395109749185,0.7059440651573925,0.7152895323130471,0.5016376772170247,0.13637387225268055,0.056368966493683725,0.005568432097143537,0.003569005775432232,31.56167245398582,18.681442463533244
73938,Lai Chau,VNM,2022,2022-10-08,0.22100410087867844,0.43609459414782736,0.22314504548526803,0.23526028857872802,0.4082227474827611,0.3022037635967146,0.1904205900831131,0.40225877887250333,0.4781094265650493,25.6887339507386,16.537169330351475
73939,Lao Cai,VNM,2022,2022-10-08,0.2747191841694339,0.4326682937445512,0.28284473715385294,0.2840203780937441,0.3948409204645618,0.30416060035595965,0.1886008617028447,0.38542734812776347,0.3401729154428457,24.907035356349276,15.324042165833182
3326,An Giang,VNM,2022,2022-10-08,0.584712862900686,0.6181362001853589,0.5829886837190151,0.5919308245016621,0.47168505677657163,0.15735763775557812,0.07234771579009099,0.029838674656707153,0.019346492823670753,29.87385999614292,18.585380989258447
3332,Ben Tre,VNM,2022,2022-10-08,0.7302568238958435,0.7418681316641604,0.7306422204080849,0.7357891525262885,0.5092163287211513,0.14291015827062561,0.0633582854918383,0.008192700349184017,0.005321447771100658,27.19384302160561,18.585764566950832
3343,Dong Thap,VNM,2022,2022-10-08,0.7007551827808036,0.7105926350046525,0.6941392320502513,0.7042244068615178,0.5227748101849151,0.16102862737406923,0.07305958779447169,0.007771518080332642,0.0050247026810075045,30.748751892550715,19.49196579091753
3351,Hai Phong City,VNM,2022,2022-10-08,0.6875082530822703,0.7017712355108786,0.6762958266094139,0.6897342513410948,0.5470387482175757,0.230299344375987,0.11991612238136103,0.01739878976873046,0.013415634461584797,29.706199625948695,18.28381242377462
3352,Ho Chi Minh City,VNM,2022,2022-10-08,0.6158254360465824,0.6393058006441827,0.6143225024649653,0.6213963961221475,0.5344036987674463,0.24851147263350318,0.12949352323133204,0.027693638540284865,0.019727643344795407,,18.630354751651275
3356,Kien Giang,VNM,2022,2022-10-08,0.521266511931749,0.5444840976354441,0.5213331765729067,0.5288132783557021,0.4272564024836336,0.14225458249124015,0.06075517601759807,0.026061873172377296,0.01631121624759288,30.168449363305502,20.120149539003847
3359,Lam Dong,VNM,2022,2022-10-08,0.26415500993247293,0.41568304408841666,0.26069480034105474,0.27273185072174594,0.37644439068092994,0.26019126753225347,0.14824611809194674,0.3473430503333679,0.3088422253219782,26.27446718480825,16.153668139005802
3362,Long An,VNM,2022,2022-10-08,0.5607178494656775,0.5834697078198394,0.5638634508924185,0.5685247712536565,0.4528273609244917,0.16688243856071525,0.07981287640104384,0.02614783270833192,0.01706176756238875,29.14060300535293,19.01894579043115
3375,Quang Ninh,VNM,2022,2022-10-08,0.470380613638769,0.5446200603339127,0.4712981912548453,0.48106206090226317,0.47281640232391225,0.2899023452208535,0.17352101460071384,0.09616098313025247,0.0877802128946198,26.41862739529785,15.815935456754712
3378,Son La,VNM,2022,2022-10-08,0.32915216724024954,0.4788067717093362,0.33942759656509613,0.34071484875733465,0.44304055038515905,0.34427164395725923,0.2184656433826885,0.27352849276723273,0.3089973234359069,24.75214137329326,16.4366096129385
3379,Tay Ninh,VNM,2022,2022-10-08,0.22898319306886578,0.3682159552799453,0.2250621351689746,0.24176885597127742,0.3346374151381175,0.1923176606236835,0.09669601383853053,0.3064740262795358,0.2526253531571943,29.3562911064027,15.635252329056739
3380,Thai Binh,VNM,2022,2022-10-08,0.966676655071873,0.9456982270548946,0.9355563216666539,0.9603867641716006,0.6482264898225137,0.2362547761164287,0.12154459148250944,-0.010818701056968796,-0.007565209112533181,29.39084565476148,16.094631966631976
3382,Thanh Hoa,VNM,2022,2022-10-08,0.7521907798023045,0.7699835685185654,0.744680277613293,0.7560123052781567,0.5731661524150623,0.22312854597190454,0.11408032172903522,0.014797476067035457,0.014591255811807964,26.6650701609773,16.669876099649798
3384,Tien Giang,VNM,2022,2022-10-08,0.6367459336328443,0.6592940837124154,0.6402411381936018,0.6445313298358708,0.4726458719956394,0.14191436898856294,0.06457313687159592,0.01841224034031324,0.011944074216584288,22.390000000000043,19.215763066704113
3333,Binh Dinh,VNM,2022,2022-10-16,,,,,,,,,,26.43036395514397,19.01180992471565
3338,Cao Bang,VNM,2022,2022-10-16,,,,,,,,,,26.97744967044646,17.16699382101522
3355,Khanh Hoa,VNM,2022,2022-10-16,,,,,,,,,,26.79630501769911,16.80373936791149
3360,Lang Son,VNM,2022,2022-10-16,,,,,,,,,,28.034780773809118,17.145456528899267
3370,Phu Yen,VNM,2022,2022-10-16,,,,,,,,,,27.38238508996317,15.808365529488373
3371,Quang Binh,VNM,2022,2022-10-16,,,,,,,,,,25.310699404265495,16.041120331848315
3374,Quang Ngai,VNM,2022,2022-10-16,,,,,,,,,,29.071056103435087,19.501798203881027
3376,Quang Tri,VNM,2022,2022-10-16,,,,,,,,,,25.490214351041477,17.438336814097152
3383,Thua Thien - Hue,VNM,2022,2022-10-16,,,,,,,,,,24.905065414683108,15.963553666629362
3327,Ba Ria-Vung Tau,VNM,2022,2022-10-16,,,,,,,,,,30.7371505568522,
3336,Binh Thuan,VNM,2022,2022-10-16,,,,,,,,,,30.54921790068597,17.359106368595288
3342,Dong Nai,VNM,2022,2022-10-16,,,,,,,,,,28.809319304960788,17.313208934784676
3344,Gia Lai,VNM,2022,2022-10-16,,,,,,,,,,27.846274915675302,18.485913311234096
3345,Ha Giang,VNM,2022,2022-10-16,,,,,,,,,,26.280911118425514,15.70898708786392
3347,Ha Noi City,VNM,2022,2022-10-16,,,,,,,,,,32.83933615048941,21.190360250099793
3348,Ha Tay,VNM,2022,2022-10-16,,,,,,,,,,31.572745366513203,20.37112085486816
3349,Ha Tinh,VNM,2022,2022-10-16,,,,,,,,,,26.608532765457966,16.240612924165
3353,Hoa Binh,VNM,2022,2022-10-16,,,,,,,,,,27.897603018674506,17.471726371993437
3357,Kon Tum,VNM,2022,2022-10-16,,,,,,,,,,25.191040008349923,16.964495350939767
3366,Nghe An,VNM,2022,2022-10-16,,,,,,,,,,26.678636077334158,15.970333734605273
3367,Ninh Binh,VNM,2022,2022-10-16,,,,,,,,,,29.50705223178051,19.952860006623357
3368,Ninh Thuan,VNM,2022,2022-10-16,,,,,,,,,,28.327244508219266,18.66555628163585
3377,Soc Trang,VNM,2022,2022-10-16,,,,,,,,,,27.280289885834836,
3386,Tra Vinh,VNM,2022,2022-10-16,,,,,,,,,,27.674508914829495,
3387,Tuyen Quang,VNM,2022,2022-10-16,,,,,,,,,,28.41832003974433,18.814393980946107
3388,Vinh Long,VNM,2022,2022-10-16,,,,,,,,,,26.413753070694142,
3390,Yen Bai,VNM,2022,2022-10-16,,,,,,,,,,26.213649521966445,16.101875614016297
3328,Bac Kan,VNM,2022,2022-10-16,,,,,,,,,,27.464341476239426,17.90738217480538
3329,Bac Giang,VNM,2022,2022-10-16,,,,,,,,,,30.61924392017178,18.636109140941365
3330,Bac Lieu,VNM,2022,2022-10-16,,,,,,,,,,31.750000000000057,
3331,Bac Ninh,VNM,2022,2022-10-16,,,,,,,,,,32.124627513948056,20.499771436121147
3334,Binh Duong,VNM,2022,2022-10-16,,,,,,,,,,29.748496352702535,7.243522616419379
3335,Binh Phuoc,VNM,2022,2022-10-16,,,,,,,,,,28.29574542534665,16.42508866727997
3339,Ca Mau,VNM,2022,2022-10-16,,,,,,,,,,26.28605221160478,
3340,Da Nang City,VNM,2022,2022-10-16,,,,,,,,,,27.178707014536243,16.39130834791444
3346,Ha Nam,VNM,2022,2022-10-16,,,,,,,,,,30.853957659780697,20.258630458242163
3350,Hai Duong,VNM,2022,2022-10-16,,,,,,,,,,31.40619510604439,20.358917807485135
3354,Hung Yen,VNM,2022,2022-10-16,,,,,,,,,,31.60727566001697,20.42521277548149
3364,Nam Dinh,VNM,2022,2022-10-16,,,,,,,,,,30.140465523113857,19.090024477909626
3369,Phu Tho,VNM,2022,2022-10-16,,,,,,,,,,29.757834943204326,17.91168961050396
3372,Quang Nam,VNM,2022,2022-10-16,,,,,,,,,,26.574211021444068,17.62796008556001
3381,Thai Nguyen,VNM,2022,2022-10-16,,,,,,,,,,29.95180040068041,18.36792192313654
3389,Vinh Phuc,VNM,2022,2022-10-16,,,,,,,,,,31.344597504836393,20.724584077235004
73933,Can Tho city,VNM,2022,2022-10-16,,,,,,,,,,23.398888888888937,
73934,Dak Lak,VNM,2022,2022-10-16,,,,,,,,,,27.855278696478887,18.62023880084159
73935,Dak Nong,VNM,2022,2022-10-16,,,,,,,,,,26.818897905336435,18.21624426697897
73936,Dien Bien,VNM,2022,2022-10-16,,,,,,,,,,25.404782538184698,14.596346574239316
73937,Hau Giang,VNM,2022,2022-10-16,,,,,,,,,,24.737960449364902,
73938,Lai Chau,VNM,2022,2022-10-16,,,,,,,,,,24.558509322280823,14.49330076156217
73939,Lao Cai,VNM,2022,2022-10-16,,,,,,,,,,24.949726435387362,13.949457417271486
3326,An Giang,VNM,2022,2022-10-16,,,,,,,,,,25.56830448373806,
3332,Ben Tre,VNM,2022,2022-10-16,,,,,,,,,,28.500236755016484,
3343,Dong Thap,VNM,2022,2022-10-16,,,,,,,,,,27.01283838097644,
3351,Hai Phong City,VNM,2022,2022-10-16,,,,,,,,,,31.45897497192851,20.762014325813258
3352,Ho Chi Minh City,VNM,2022,2022-10-16,,,,,,,,,,28.71765117214651,
3356,Kien Giang,VNM,2022,2022-10-16,,,,,,,,,,26.532663193682883,
3359,Lam Dong,VNM,2022,2022-10-16,,,,,,,,,,25.66815874864391,15.131670374909122
3362,Long An,VNM,2022,2022-10-16,,,,,,,,,,29.754411972324355,
3375,Quang Ninh,VNM,2022,2022-10-16,,,,,,,,,,28.641731735995002,18.9066657067894
3378,Son La,VNM,2022,2022-10-16,,,,,,,,,,25.558026630216435,15.379911586020986
3379,Tay Ninh,VNM,2022,2022-10-16,,,,,,,,,,28.565897963040147,14.503207019759579
3380,Thai Binh,VNM,2022,2022-10-16,,,,,,,,,,30.869925370937857,20.310289311051974
3382,Thanh Hoa,VNM,2022,2022-10-16,,,,,,,,,,28.45118482561224,17.371733690786833
3384,Tien Giang,VNM,2022,2022-10-16,,,,,,,,,,29.269026239344072,
3333,Binh Dinh,VNM,2022,2022-10-24,0.33108822532188414,0.4635966047470651,0.3258370224326745,0.341506048353205,0.4243611717326751,0.2970105638286398,0.16796324890252015,0.20910249537247647,0.1923587095324883,19.839984568669422,
3338,Cao Bang,VNM,2022,2022-10-24,0.09557714213815914,0.3348699490671724,0.09292722322805444,0.1109028427631761,0.32874614692812504,0.21520329337443728,0.10730477880120555,0.6255660576097122,0.5754912827433537,27.080993112296287,16.96868424861266
3355,Khanh Hoa,VNM,2022,2022-10-24,0.215455888674556,0.38062855085306346,0.2158491737720434,0.22992120167597613,0.34846582636111195,0.22534572647826456,0.11968550198478937,0.31567593154989754,0.26710552636242857,26.355510099506635,18.7007014897618
3360,Lang Son,VNM,2022,2022-10-24,0.04655969917526961,0.3307356355353639,0.03630481229072859,0.06343987359078798,0.3158976008267316,0.1827595262651151,0.07316786132425118,0.7656314111571594,0.6771366832728218,26.788743778998576,17.503181570063894
3370,Phu Yen,VNM,2022,2022-10-24,0.6070038298535215,0.6591124448998185,0.601608294939301,0.613796341881269,0.5598768415528496,0.37391216608300665,0.20172940673418085,0.06134967430982164,0.05697630444955738,21.71439519089578,5.247855148567971
3371,Quang Binh,VNM,2022,2022-10-24,0.3369808419409027,0.44086703417583356,0.34537141574808383,0.3478778342730156,0.4085884467880306,0.31724103030645295,0.20247090636782888,0.1921995912410194,0.1747971572321403,26.509347811069606,15.0096941373234
3374,Quang Ngai,VNM,2022,2022-10-24,0.4087555666885031,0.5000027987619114,0.4174231044955636,0.42157092138052665,0.44173592793303507,0.26525816381519196,0.14216386029335212,0.1150020581154967,0.09262065749657082,21.398034188034224,
3376,Quang Tri,VNM,2022,2022-10-24,0.37892573224546966,0.4718406341474335,0.4017853242792176,0.3939802478541535,0.42178290448734007,0.2961125214218234,0.1692245506147512,0.1335919947225784,0.11568742877638755,28.81399487749585,13.261997465706196
3383,Thua Thien - Hue,VNM,2022,2022-10-24,0.3726881689418544,0.45784718840140387,0.3922024455776396,0.3858807046373462,0.4166236993049829,0.3064356702830112,0.18289552957004368,0.12438758497577712,0.11733047023198076,25.905787209582627,13.640245197814702
3327,Ba Ria-Vung Tau,VNM,2022,2022-10-24,0.20449217868642167,0.34036758806707257,0.20679653706149032,0.21818695800667728,0.31860024389152247,0.21515609792052456,0.1180062781754794,0.27372653068722025,0.2426641128691119,29.10825484621879,23.130026372989914
3336,Binh Thuan,VNM,2022,2022-10-24,0.1653898837532462,0.3475642210150666,0.16309719270039147,0.1784200108154984,0.32939130230956487,0.21185672140653716,0.10996966932568862,0.3846830892597228,0.32615646330806636,28.99039267490918,
3342,Dong Nai,VNM,2022,2022-10-24,0.14403551907692655,0.3148038495636827,0.14253091144511604,0.15787999040794534,0.29736415160452057,0.19445191487611901,0.10336273176262221,0.3971169781528076,0.32301262608169307,28.10119513741789,17.839743222689453
3344,Gia Lai,VNM,2022,2022-10-24,0.2605158421069098,0.42591708957634006,0.2620979178367287,0.27361595328460353,0.3948269027057144,0.2594002145807674,0.14086252322920037,0.2989217079388363,0.2721830217731674,29.59210659346233,15.603323861610184
3345,Ha Giang,VNM,2022,2022-10-24,0.11110523214989833,0.34988021819103726,0.10983445242019685,0.12687161784066656,0.343482988094613,0.23215911841577616,0.11729516314002136,0.5995819285959804,0.5776513511467989,25.231870729947076,16.721199684367075
3347,Ha Noi City,VNM,2022,2022-10-24,0.08440450820033266,0.24167017430663618,0.05532108480742824,0.08561598191041214,0.23359019778511197,0.18444765024315563,0.1144824441113376,0.4870867252499342,0.46523504701531554,31.79959068513507,17.82273302007885
3348,Ha Tay,VNM,2022,2022-10-24,0.07055570362545781,0.22517528485914828,0.04184957428073545,0.07249538033980912,0.2133268502620015,0.16094700531001604,0.09312052632510638,0.5177811994257577,0.4365323853189022,30.853475509085932,18.98375062708656
3349,Ha Tinh,VNM,2022,2022-10-24,0.1795059349617081,0.3177964192538666,0.18134153684346513,0.18931015344136265,0.29642720544556717,0.217982341538403,0.13196617275290484,0.3561768464230458,0.28572975025537106,26.012727320580968,14.758845050400488
3353,Hoa Binh,VNM,2022,2022-10-24,0.051024257395662506,0.28548859153223655,0.04519683281058076,0.06458401792921115,0.26577376868981845,0.16205732850997814,0.07182867293812727,0.7173890054439518,0.5698064414104604,26.57955720266912,18.105216924740432
3357,Kon Tum,VNM,2022,2022-10-24,0.19206597134420883,0.3759681902244699,0.1957646689208456,0.20512510556827238,0.3542390039807482,0.2232374686134538,0.1151927957936224,0.3923916089240856,0.32779846177120675,26.672565289952882,15.232418144431827
3366,Nghe An,VNM,2022,2022-10-24,0.08085827370823598,0.3069514993967227,0.07297060453173479,0.09339640172747823,0.288810918435042,0.1832674430787274,0.09104914180205095,0.6426891433572334,0.5370760857324729,25.816829483152727,16.025479720959584
3367,Ninh Binh,VNM,2022,2022-10-24,0.06382427117272896,0.2082996040979754,0.04044964485061954,0.06324526795619305,0.19638085996477822,0.14544876798004525,0.07939073628235055,0.5381576469296698,0.3767043060764924,28.783171902075733,19.042915937527756
3368,Ninh Thuan,VNM,2022,2022-10-24,0.16685623051155002,0.33277744567381085,0.17210102987843298,0.18095673156612177,0.31387892851362786,0.20511327800364754,0.10960708812552326,0.3451265109261114,0.2852498984654484,26.980362972950577,18.334344411252186
3377,Soc Trang,VNM,2022,2022-10-24,0.12935691229093055,0.2357574956776044,0.1095718814940371,0.13577685621068253,0.1911661818073933,0.12574604183146307,0.06563342916253544,0.2859034384980374,0.18793189898855858,27.039503596483485,21.540771696129017
3386,Tra Vinh,VNM,2022,2022-10-24,0.13152575813486952,0.27323098303435084,0.1219961898808173,0.14255036501562635,0.23372387300115824,0.14418010661629033,0.07177525846988929,0.37098422735358705,0.26262517561555326,27.756704195690933,22.642480464258238
3387,Tuyen Quang,VNM,2022,2022-10-24,0.04639805207715258,0.2826037558283461,0.046176513383191446,0.05854508498600375,0.2568708940551319,0.15321432214862946,0.06559083037279984,0.7550153017322913,0.5633134110936161,28.257169195180825,18.79257332453869
3388,Vinh Long,VNM,2022,2022-10-24,0.1401087144145503,0.28023353205098844,0.12111214968403756,0.1462054281362358,0.2463035027987614,0.16894965874494647,0.09987699774630414,0.3406511443531119,0.26598127762901774,27.896464097201424,23.34670289823101
3390,Yen Bai,VNM,2022,2022-10-24,0.16380642948638025,0.3457840115720709,0.17461979689808413,0.17685486509428752,0.32375422950943017,0.23371095771766914,0.13570830619115454,0.484834901791233,0.3988627547772866,26.221468038531214,16.640812874430683
3328,Bac Kan,VNM,2022,2022-10-24,0.041090745821706125,0.3246935308929073,0.038245243161074444,0.058039960536608474,0.30206623176600433,0.17224158070062967,0.06660762527516298,0.7935318968475206,0.6720618719198814,27.276052190306075,17.359584221804663
3329,Bac Giang,VNM,2022,2022-10-24,0.0582583282354467,0.30960458170292365,0.03626308125537543,0.06783082844842564,0.2953263648702112,0.1868404493220265,0.08886048643293008,0.67951095668215,0.633956824562927,28.912792343297323,18.847976354289152
3330,Bac Lieu,VNM,2022,2022-10-24,0.10879938391660718,0.19500201656200214,0.08737651765351448,0.11423723847330283,0.15065884110358135,0.10258141411512092,0.056211208044062905,0.2812883640833644,0.1633893972428798,29.1400702216085,
3331,Bac Ninh,VNM,2022,2022-10-24,0.09449849048908981,0.24365086027747762,0.055192623152668166,0.0905392046068667,0.2411436036606219,0.197525540340724,0.12440891978654949,0.44060010484663453,0.44729145142587196,31.76312258536467,19.20033161805289
3334,Binh Duong,VNM,2022,2022-10-24,0.06431236406222682,0.2773109616587461,0.04346114282632772,0.07403074328555331,0.28469488945282934,0.19907370226501148,0.09899717358703335,0.6327691897910592,0.4700822827290247,29.185086678217814,
3335,Binh Phuoc,VNM,2022,2022-10-24,0.06407618423668418,0.2819747690888786,0.04938512585434568,0.07464741689884143,0.28849610623486,0.18577008950662885,0.08129586258494229,0.6419279683534211,0.537790869232764,28.72892242650403,19.672915858241886
3339,Ca Mau,VNM,2022,2022-10-24,0.14759455555462483,0.22933204224217307,0.14670866467527197,0.15911775333707795,0.19148896044127384,0.1238041342226622,0.06833828127110284,0.22745664816016412,0.1339548786823818,27.24573004343772,
3340,Da Nang City,VNM,2022,2022-10-24,0.39468518811758546,0.4788592458842174,0.4058292659295739,0.4065864493005392,0.4412374753304673,0.33849988627091543,0.21377134269041317,0.11257642103410657,0.11228662981618952,29.422996848685266,8.712936560451674
3346,Ha Nam,VNM,2022,2022-10-24,0.08451244139455028,0.21912216487207795,0.05882556150106132,0.08324202690717725,0.2138507581931207,0.17105789731584436,0.10241399291760402,0.46284116248380947,0.3666650105741649,30.705268500510346,20.36979399545623
3350,Hai Duong,VNM,2022,2022-10-24,0.08124486598605975,0.25160024867551006,0.04723304599320568,0.08273274517517565,0.24596938796279164,0.18666874944944045,0.10915291694456881,0.5066927543853658,0.4696690017304658,31.479805060283415,20.465349949037325
3354,Hung Yen,VNM,2022,2022-10-24,0.08581309215329645,0.23848960451544293,0.050467565687265514,0.0835167918063244,0.23428415683777395,0.18629842256228202,0.11540889911493328,0.47238999747248117,0.4453857950956052,31.115763887864805,20.364615420365286
3364,Nam Dinh,VNM,2022,2022-10-24,0.07834781651391269,0.2060826765545822,0.048669371881472724,0.0714729705572025,0.20679198673603064,0.1750849123828947,0.10511624523100885,0.45589888822884767,0.37114101112457315,29.66540271732373,19.518067127628587
3369,Phu Tho,VNM,2022,2022-10-24,0.0585571500843128,0.28265656845153675,0.047789495665223836,0.0669503484058309,0.2583057782178614,0.16569821238564136,0.07761172567868897,0.679108451706153,0.5441041138275912,28.42780191534367,18.1412679715674
3372,Quang Nam,VNM,2022,2022-10-24,0.36496579701287757,0.4762533086239465,0.3726473508123317,0.37715437999169715,0.4346905872507046,0.3036313302441428,0.17917366567557308,0.16284821988988896,0.14666320073047054,22.404097158418473,11.627776456021255
3381,Thai Nguyen,VNM,2022,2022-10-24,0.043112784241370314,0.3080357889806898,0.032223003426203344,0.055199448027763665,0.282199352582241,0.16908782347393336,0.07198624160667742,0.7614778575486791,0.649079056078295,28.781907580060874,18.29424487474717
3389,Vinh Phuc,VNM,2022,2022-10-24,0.05725228238124079,0.24224642129550628,0.03848448798821246,0.060599666450843546,0.2272178497540201,0.16099877869896054,0.0841524556766259,0.6279069372235422,0.4968185450790574,29.375504476724572,15.463041104607028
73933,Can Tho city,VNM,2022,2022-10-24,0.16414049893652846,0.23767368601947345,0.14820109122993574,0.17163435208093397,0.20588319286867518,0.1502658920217552,0.09320838124927676,0.19003660311797205,0.1354666703543659,29.6539544374734,24.829086635173475
73934,Dak Lak,VNM,2022,2022-10-24,0.3854024180509856,0.4998989794491032,0.3891237613196812,0.3964489459833873,0.4546978632172204,0.2993867811752754,0.16417492871379813,0.1698869649594789,0.14853001198006716,27.808316791325424,15.597616913953022
73935,Dak Nong,VNM,2022,2022-10-24,0.1553753078969214,0.34618752878830383,0.15949475714826858,0.16907569532566918,0.3275415390047719,0.21191699070583947,0.1140033068508064,0.40894478421163116,0.34841316968713565,27.929601926904606,16.463770164111885
73936,Dien Bien,VNM,2022,2022-10-24,0.0921363642719392,0.3386368310501721,0.0887881273800359,0.10593730790502755,0.3273025265732684,0.20818811132071996,0.10309861896812716,0.6299011362967399,0.5862696416672062,25.944394941924987,17.020301771232283
73937,Hau Giang,VNM,2022,2022-10-24,0.14417686022234136,0.23798742566836056,0.13243663363038208,0.15114259836934205,0.1973296135874767,0.12436801383101205,0.06503752650034612,0.24766833895118717,0.16115220953999757,24.562775099461778,22.896795182132664
73938,Lai Chau,VNM,2022,2022-10-24,0.12239586455754764,0.3413632634948508,0.12542838329058456,0.13554179905249175,0.3239946043998977,0.21313102459105582,0.11429676755502333,0.5708548975675158,0.49404527819388344,25.70524564458707,16.537613262975277
73939,Lao Cai,VNM,2022,2022-10-24,0.18684063389721975,0.3882797732599496,0.1911442026050806,0.20045236669226713,0.36900821474625267,0.2695442582096026,0.15486152801906716,0.4874660945690143,0.45938380912139887,25.601491533144465,14.559576032986293
3326,An Giang,VNM,2022,2022-10-24,0.17213645307498407,0.2988274145933869,0.16149271126469764,0.18293560455016558,0.2602562087798059,0.18162026259776004,0.10794503113992063,0.2617517955451239,0.21711758553345986,27.10271612317048,22.759445961618507
3332,Ben Tre,VNM,2022,2022-10-24,0.13821994141017957,0.2781505273377889,0.12662119425473733,0.14582731666429447,0.2434718974207792,0.16721913756387805,0.10199200327887986,0.3478463611442094,0.27453843639664244,25.012731833549054,23.363770908953086
3343,Dong Thap,VNM,2022,2022-10-24,0.1524013136422556,0.24841344154375586,0.13483823602765446,0.16015902485351804,0.2160670524090877,0.15316512160918933,0.08880992360917007,0.22788487789204634,0.1757404140531274,28.86885355191308,23.968497487702187
3351,Hai Phong City,VNM,2022,2022-10-24,0.078913539323356,0.23530201643788598,0.04934538413866085,0.08188741188480331,0.22557887529125717,0.16748087891848584,0.09793758318544069,0.4916118714165251,0.4169172456744274,30.089002148505493,20.669144383876343
3352,Ho Chi Minh City,VNM,2022,2022-10-24,0.12302414135755681,0.25109285852250735,0.11149800052695039,0.13234755765265335,0.2315769261744514,0.16559366566205727,0.09989831973168921,0.363093025210862,0.28757290556366255,26.084782884688895,22.525242150928158
3356,Kien Giang,VNM,2022,2022-10-24,0.1615532162494917,0.24097016671758792,0.1514027662182391,0.167044874645742,0.20328030085451254,0.14726685553938465,0.08821411743853495,0.21091235299370156,0.1451794430594416,28.699087035381815,24.227041668476478
3359,Lam Dong,VNM,2022,2022-10-24,0.13578926656190982,0.32414593519810786,0.13964546359495633,0.1490906195797429,0.30558130919520415,0.18487252268175683,0.09185493005072465,0.4375292149336191,0.34183514423614464,24.707556830347123,15.529615953324141
3362,Long An,VNM,2022,2022-10-24,0.131129262826971,0.23048690628511917,0.11690260977664149,0.13866296454576052,0.20176485532587887,0.13614049262651567,0.07354005618076052,0.2740581982548063,0.18569405271355435,30.132753699989596,21.982264361571954
3375,Quang Ninh,VNM,2022,2022-10-24,0.04659876517817263,0.28335868771551276,0.03542545516599417,0.06058285763019432,0.2582811710207131,0.15000499978336723,0.06509901625808547,0.7083520637806306,0.5536237709527423,26.835538342241566,18.646881466880796
3378,Son La,VNM,2022,2022-10-24,0.14114228691649167,0.3412541713262182,0.1446391896376634,0.15387272371095537,0.33025872418751984,0.23269985830499337,0.1310213201607656,0.5101151692554026,0.468927926699016,25.99605797016871,16.551654898304445
3379,Tay Ninh,VNM,2022,2022-10-24,0.07096939669465635,0.27102547246239195,0.044950343601459816,0.07884454124558624,0.27280205142568775,0.186329599857579,0.09023323564074384,0.5602603545716743,0.45010931521686603,29.20568624109553,18.72690614886735
3380,Thai Binh,VNM,2022,2022-10-24,0.08149177362948506,0.21553804508845978,0.04823834833859914,0.07478869266667942,0.21989259688768634,0.18543922503914567,0.11195909381240828,0.45319063428151957,0.3974909931760456,30.432136364260508,20.077594643836083
3382,Thanh Hoa,VNM,2022,2022-10-24,0.05827834455437978,0.27956863380513497,0.04804204431468718,0.06774915841506421,0.2591099017429227,0.16556327969952694,0.0777113172916267,0.6805301549116323,0.541107417691819,27.208329900864996,17.981405654587366
3384,Tien Giang,VNM,2022,2022-10-24,0.1596501209826256,0.30177137001866444,0.1521276388405294,0.170321087283596,0.2678042695327235,0.17543804330607032,0.09593337170413849,0.31341136104440337,0.24580293846090376,29.172655454715766,22.711892761232185
3333,Binh Dinh,VNM,2022,2022-11-01,0.0701987747737007,0.3469536850269461,0.05062915630051642,0.08386571156449914,0.32613453461905606,0.19938872433164606,0.09212610450266137,0.6615662650466583,0.6674986687170583,23.163588815365294,17.3033484839998
3338,Cao Bang,VNM,2022,2022-11-01,0.03465880186391345,0.29793170035122885,0.021137682683777564,0.04873359568325826,0.29757556715282035,0.1734109968071352,0.06773502207089271,0.7917872442339519,0.6606271810837062,25.059068343938286,14.637026795099818
3355,Khanh Hoa,VNM,2022,2022-11-01,0.08743784259639299,0.3485989639700928,0.07329307069109113,0.10292129429335893,0.32693482049690265,0.2026144565040853,0.09499142165039116,0.6072171736020013,0.5745717548116132,24.137834340370823,17.414289533129494
3360,Lang Son,VNM,2022,2022-11-01,0.035638428039268324,0.295136990145089,0.023859423195564524,0.049299941123313776,0.2834552487591626,0.15930075921882753,0.061316999819007754,0.7850036164698548,0.6191674654046462,25.84916314835088,15.476043528052202
3370,Phu Yen,VNM,2022,2022-11-01,0.1220281189775322,0.36185524621818793,0.10971600482748585,0.13703363180188424,0.3340829085171775,0.2137748954889147,0.10974525821610456,0.5272887298222982,0.5201004016632746,24.41871086463069,17.750021930141475
3371,Quang Binh,VNM,2022,2022-11-01,0.07690568757119796,0.31189164143188874,0.07011036149230135,0.09015826790709532,0.29669662281006287,0.1824652101955346,0.08480614646812007,0.6350079103381402,0.5486883428158115,24.06867781955718,17.762447392130074
3374,Quang Ngai,VNM,2022,2022-11-01,0.0626901380501627,0.31226960408399906,0.051008051434335566,0.07545809134853734,0.2888838807637663,0.1762783310456496,0.08142209968064924,0.681813145777331,0.5924081923618384,25.485385184312463,17.82594044395563
3376,Quang Tri,VNM,2022,2022-11-01,0.07461786369646438,0.3292550394613338,0.06530740350544187,0.08864974789169953,0.31326464606855725,0.19568918039588418,0.08902697689053722,0.6389741618330824,0.5850503149822727,24.97522964963647,17.788838381073703
3383,Thua Thien - Hue,VNM,2022,2022-11-01,0.0627784394351345,0.30115275308290973,0.0526062506998565,0.07573344091343633,0.2921911674393116,0.180158231346944,0.08037160040591966,0.6483221590396784,0.5733808969616463,25.59672466329971,17.038584919059083
3327,Ba Ria-Vung Tau,VNM,2022,2022-11-01,0.10988444961667276,0.2789561033695261,0.1048916484789979,0.12240117192479194,0.26637751975020296,0.18619411342293699,0.09916422316195907,0.436623318910166,0.372891946088387,26.348264773800015,23.244492119089347
3336,Binh Thuan,VNM,2022,2022-11-01,0.07521573308465382,0.3005121061733905,0.05727998823366224,0.08330177024659233,0.2928747813038949,0.19387917616854292,0.09399226431847081,0.6350819693533578,0.5983665534730752,29.510982593950686,17.546446436159
3342,Dong Nai,VNM,2022,2022-11-01,0.09376270179354608,0.2820249206038836,0.08672464826558889,0.10736166712904197,0.269960007875819,0.17661525040837678,0.086143679555808,0.5028312820932015,0.4047013715765428,26.964430680563364,19.26553669835825
3344,Gia Lai,VNM,2022,2022-11-01,0.05952156235930204,0.35471330112494437,0.036391012201941325,0.07349737419343645,0.34709797974054213,0.21700145979048782,0.09513517089231864,0.7172040084902178,0.7582344922802456,26.301944458136106,17.176220412602582
3345,Ha Giang,VNM,2022,2022-11-01,0.03535772817581223,0.3023458430089213,0.020581958427760304,0.04937406846549562,0.30263424519857657,0.18175783522308567,0.0725516404543034,0.7917925268702456,0.6901872404084539,25.324876403738667,14.555324675486991
3347,Ha Noi City,VNM,2022,2022-11-01,0.08121408091752047,0.22744221093227526,0.05029137533154302,0.08105859984863305,0.22804318091252723,0.18019329003163362,0.11489828515620795,0.46605779283097837,0.4501840369686801,31.579441735096385,18.543019334006285
3348,Ha Tay,VNM,2022,2022-11-01,0.078835456118374,0.23300312743008497,0.046983213327279186,0.07975806548950803,0.2282801889771164,0.17490372433859397,0.10403368979310806,0.4846316709931174,0.44453293632278895,30.601407134677967,18.737979901061273
3349,Ha Tinh,VNM,2022,2022-11-01,0.06150259862014514,0.2541169595806199,0.0490554364578996,0.06990343989549459,0.24325811695789767,0.1526109172673856,0.07181401085618169,0.644871036834824,0.4569522470817892,24.635201847024735,17.749231033901932
3353,Hoa Binh,VNM,2022,2022-11-01,0.03826632185002992,0.294877047564392,0.025650151709911716,0.051786838871137116,0.28309441832969656,0.16919583038831812,0.06993747560659082,0.7638237046993357,0.643256355557713,26.47474072697657,16.807412381645655
3357,Kon Tum,VNM,2022,2022-11-01,0.04235407361122017,0.3160127926264258,0.029595180966234095,0.05592917579373486,0.31167333798882824,0.18235704586616677,0.07240593780228664,0.7705179181737453,0.6759745805371209,24.056285485201343,15.86784293925108
3366,Nghe An,VNM,2022,2022-11-01,0.046876354561870594,0.3034369706109331,0.032503754257690635,0.05968541065655787,0.2891474285082773,0.17066262083164188,0.07187908601232207,0.7464000985813956,0.6214450910931308,24.67614959081323,16.455543629917646
3367,Ninh Binh,VNM,2022,2022-11-01,0.08178160923556341,0.24255585766341178,0.048585425806334605,0.0831270103685745,0.23911656049029525,0.17823886538995254,0.10227784332842627,0.4830243838896169,0.43299761177954643,29.02191653298952,18.97986445855047
3368,Ninh Thuan,VNM,2022,2022-11-01,0.08008122428070752,0.3300158864770751,0.059793736214171576,0.09251599145993697,0.3195312179995577,0.20325560443768198,0.09488195487749178,0.6165340507886387,0.5850587194027926,25.795601906372397,17.62119499028945
3377,Soc Trang,VNM,2022,2022-11-01,0.13021592744711602,0.24766460079839805,0.1103518983111973,0.13806943355723594,0.19888296820294832,0.13931651480906831,0.07473141850648198,0.2977551852296929,0.21615254484333044,28.163080706724898,24.696241722460694
3386,Tra Vinh,VNM,2022,2022-11-01,0.12139733108646872,0.28514576406132236,0.10871879023392311,0.1347168021355751,0.24667506357253904,0.16488145340914315,0.08612526811213427,0.3869783303853692,0.31152392299616655,25.78028418901311,24.13044913633519
3387,Tuyen Quang,VNM,2022,2022-11-01,0.03942173937214865,0.3154826178593567,0.028670304987417072,0.05441585248343658,0.3022924286064752,0.17730466612591933,0.0705657990309823,0.7763732099274396,0.675398903546501,26.502301069333974,16.551038786370594
3388,Vinh Long,VNM,2022,2022-11-01,0.13686584506047794,0.29222648528319917,0.1249390139721585,0.14650674985235798,0.256749308044581,0.17129874173378323,0.08996986298962618,0.35950698980970286,0.282095259296956,30.12535433243449,21.367900454946714
3390,Yen Bai,VNM,2022,2022-11-01,0.036579683006179906,0.2917232349162885,0.025548340274784597,0.04998202316729105,0.2859156941661815,0.169173241915629,0.06715253962506408,0.7712827554537622,0.6360278797370074,24.987655331418726,14.975361043717433
3328,Bac Kan,VNM,2022,2022-11-01,0.0322348893589773,0.32058131458360895,0.023753125720071367,0.04858296439995128,0.3043560933099208,0.16907506076682718,0.061851019941323006,0.8173494468199216,0.6867187926164815,25.004511432110316,15.354233083414771
3329,Bac Giang,VNM,2022,2022-11-01,0.05723996758047448,0.28564288442753716,0.03501633113196431,0.06415545529127928,0.2754652061464043,0.1760642816414214,0.08604342811396064,0.6612138516185285,0.5802344377584212,29.174634638477976,17.344329537829022
3330,Bac Lieu,VNM,2022,2022-11-01,0.12687592353348276,0.22145908255266095,0.10665381031050471,0.13382316602230995,0.17424478787977382,0.12575195189210325,0.07044924928933334,0.2616403240133193,0.17547076182012558,28.087173330699855,25.241844232182252
3331,Bac Ninh,VNM,2022,2022-11-01,0.09875460090501546,0.23169858542548072,0.05698543272386096,0.09211875762583242,0.23722221344419617,0.1988046640288015,0.12933209507456198,0.40003562715408403,0.4088810382242307,31.513226121324585,18.674527574453275
3334,Binh Duong,VNM,2022,2022-11-01,0.09465548744598938,0.30737757080401046,0.08030072289643964,0.10779149163379313,0.3127738429701204,0.22158233420052925,0.10873616507980177,0.5336947824055501,0.5211319534825309,28.186671635114966,20.678009156681505
3335,Binh Phuoc,VNM,2022,2022-11-01,0.06783185508691192,0.3205583674526001,0.04937026469373529,0.08119343348001964,0.32868517056673124,0.21643069457636946,0.09190135442607504,0.6536649776008617,0.6277349359036618,27.766282924296465,20.0688622435292
3339,Ca Mau,VNM,2022,2022-11-01,0.11805683936293922,0.211626370192778,0.11218833446502004,0.12867005589506167,0.17677515845006497,0.12120503441164897,0.06813840215197386,0.29239650072357465,0.17125525055722451,27.73739879544552,15.474418823829575
3340,Da Nang City,VNM,2022,2022-11-01,0.05814045280630122,0.28890680903289556,0.0427668293395874,0.06875536138263601,0.27406390877669035,0.17182903585805412,0.083884896100012,0.6632465307221923,0.5826237729618711,27.31151249650379,17.1376587118044
3346,Ha Nam,VNM,2022,2022-11-01,0.09590584932657946,0.23702837996016451,0.06149353842506643,0.09419260306621606,0.23902071082192586,0.19203267501201185,0.11932628275819714,0.423428990851093,0.39701988923111425,29.789680614851775,18.587737655020046
3350,Hai Duong,VNM,2022,2022-11-01,0.08391618048644107,0.24183546358969196,0.048693525025948335,0.083190323923788,0.24004641423047562,0.18549991070661676,0.11184176079768744,0.480036068988851,0.44432908613570987,30.62184590544399,18.889340071555043
3354,Hung Yen,VNM,2022,2022-11-01,0.09199085718946205,0.2406327164297025,0.05352592567480579,0.08816477104896209,0.24142506772870762,0.19404061629439184,0.12288848950978841,0.4450701967513654,0.4377594553605576,31.039535239072453,18.296695929792026
3364,Nam Dinh,VNM,2022,2022-11-01,0.10489951704548738,0.23468546038118743,0.060369781226037034,0.0963607869884079,0.24470634823767382,0.21076887356693993,0.13729388446664648,0.3782243119254526,0.4106643100335922,29.746502842207445,18.526926484212773
3369,Phu Tho,VNM,2022,2022-11-01,0.05306684670014825,0.2909745152309666,0.03331670538986209,0.06258594405898514,0.2821579375260066,0.1805509891977333,0.08403567339118159,0.6802182314880851,0.6108976939747269,28.06070958787015,17.501355469671672
3372,Quang Nam,VNM,2022,2022-11-01,0.04420106982433557,0.28045202338713804,0.03480047075854298,0.055821338857094005,0.26402214963649845,0.15373313796155827,0.06518232204217643,0.7424827078686033,0.5698701806606572,25.392977664543547,15.953080060007126
3381,Thai Nguyen,VNM,2022,2022-11-01,0.04746463113923672,0.2963821358271878,0.03266231642443097,0.0583885054446689,0.2823919135217755,0.17188394687183625,0.07747781470766009,0.7203151404984153,0.6219489111283321,28.552228177876113,16.93351107175781
3389,Vinh Phuc,VNM,2022,2022-11-01,0.06858953114080535,0.25853502845772414,0.04178521700125871,0.07255182137994767,0.255305324798761,0.18278601550371257,0.10125377610710459,0.5739789006441434,0.5357791756336953,30.545563032161922,18.631694909225864
73933,Can Tho city,VNM,2022,2022-11-01,0.15207575489996122,0.2173567265994782,0.1490817002881847,0.1594821191336836,0.1798576959847034,0.1306675271102752,0.07563101330166794,0.18407148971259385,0.11202459410127961,28.710068667843885,22.339514409084437
73934,Dak Lak,VNM,2022,2022-11-01,0.08691149252255975,0.3560671602226414,0.06662159718175398,0.1005653882190475,0.34741881548317816,0.22392897748817814,0.10511800306360086,0.6236927533318217,0.6479829165955365,25.81721301531099,16.884993267629376
73935,Dak Nong,VNM,2022,2022-11-01,0.08089545110036186,0.35770321835594626,0.0656499186477281,0.09603601063989525,0.3453208430307713,0.21132427601606305,0.09253613741904201,0.6392359984887206,0.6180332829897041,25.04554784785173,16.067950114808085
73936,Dien Bien,VNM,2022,2022-11-01,0.0335817498838816,0.29875838472758826,0.019590262121840892,0.04586985520213495,0.29580142201081344,0.16794584559660586,0.06492437707433021,0.7977298621111037,0.6548106213432472,25.089898171680105,14.98331928726431
73937,Hau Giang,VNM,2022,2022-11-01,0.14452588019057894,0.25195427402980414,0.1321104545911435,0.15081790317717012,0.20787236077805155,0.1398179816945862,0.07544512586048967,0.27003267181443547,0.1884980520187949,28.08876632027713,
73938,Lai Chau,VNM,2022,2022-11-01,0.02757815915932954,0.2959889896822036,0.014145221887302878,0.04035881891785893,0.2862835188920619,0.1553343100205681,0.056522896818773566,0.8291352547838242,0.6466189978378012,24.189935848981783,14.86603178930164
73939,Lao Cai,VNM,2022,2022-11-01,0.03412796268375438,0.29242847409231737,0.02153608717893485,0.04712515835385674,0.28820154782924057,0.17119882854989021,0.06793716320579035,0.7932041753346517,0.6543695549543902,24.89147558587376,14.20018412895302
3326,An Giang,VNM,2022,2022-11-01,0.15511977327942683,0.28679320772695877,0.14005259536464973,0.16349023894945575,0.24647981172082287,0.17056282264478512,0.0938105907329419,0.28976566065471976,0.2397588750111811,29.491324199706096,23.34374088916659
3332,Ben Tre,VNM,2022,2022-11-01,0.12206973893682488,0.2755474762745231,0.11148191455007181,0.13373226849524728,0.2412540240817936,0.15690815932131297,0.08224132350341241,0.36981337430233724,0.28329772461210856,29.998401885596923,23.77238423212494
3343,Dong Thap,VNM,2022,2022-11-01,0.13793631446698482,0.26717413594813105,0.12620713069877554,0.14881762303049959,0.2279152536791106,0.1583429397574121,0.08209925423746167,0.2848564391765039,0.2460521200937232,29.04445265465688,23.50101602127507
3351,Hai Phong City,VNM,2022,2022-11-01,0.08871256309752373,0.23156554040186636,0.055731156661609695,0.08929727488453623,0.22607544719929556,0.1742391294520394,0.10695164556928047,0.4440642861242901,0.39371097400336963,30.97997438909646,19.077202027647804
3352,Ho Chi Minh City,VNM,2022,2022-11-01,0.11912096115932898,0.25744816104449764,0.1109993681894442,0.13176423081387825,0.23601135915133123,0.1669489271455046,0.09526799215065546,0.3624897442755188,0.280627492133066,26.36378979307806,21.321642013328802
3356,Kien Giang,VNM,2022,2022-11-01,0.1340494323869455,0.22574259624962734,0.12159714904694734,0.1385135756928635,0.18132781524381741,0.1281448053548238,0.07227015405889403,0.2532555628866795,0.17333244191667307,27.481118037375023,23.65378507872278
3359,Lam Dong,VNM,2022,2022-11-01,0.07755971079447713,0.3123491101800581,0.0666376552666037,0.09027987158750468,0.30157878267368815,0.1782427324949026,0.07810203087959942,0.612911813346437,0.5036377054256904,24.65741616295858,15.448883340444306
3362,Long An,VNM,2022,2022-11-01,0.13049721449004165,0.2542597474026084,0.11796992327281387,0.13990014228067393,0.22022776828099136,0.15484822542717266,0.0827031410201687,0.29792843061732277,0.23714786127196547,27.439157238955076,23.93583968253407
3375,Quang Ninh,VNM,2022,2022-11-01,0.045150918884546795,0.2711489202919362,0.03249324647521081,0.05684202391849174,0.24699512549308086,0.1438035037139211,0.06433265013035462,0.7018009637953433,0.5376369152458831,26.980396017432067,17.438774864668318
3378,Son La,VNM,2022,2022-11-01,0.03902954622196233,0.2974231489504557,0.022857369183144318,0.05054525239334794,0.2999562976009685,0.18258164753563097,0.07598497940088607,0.7668999270861695,0.6783264017047802,25.323682932220155,14.98400169172167
3379,Tay Ninh,VNM,2022,2022-11-01,0.11581781436667289,0.3204274535323269,0.0972937646144259,0.12752556185502673,0.31915381474646354,0.22278522825861166,0.11130718181764256,0.466697133606315,0.4597098913874385,25.808490967737196,21.08711784384313
3380,Thai Binh,VNM,2022,2022-11-01,0.10357216931378152,0.23065139430604678,0.06054842069671934,0.09552852274112297,0.24242322198730576,0.20849182507945918,0.13537398506427167,0.3785625827132275,0.3939002411470341,31.022739018241122,18.445323940047157
3382,Thanh Hoa,VNM,2022,2022-11-01,0.049938900991152724,0.2904542962763178,0.03208711266017834,0.06035355742354142,0.27750408494562623,0.1722612968687852,0.07715824485796345,0.7068874829692777,0.5991219463369988,26.231251716525787,17.28266049209718
3384,Tien Giang,VNM,2022,2022-11-01,0.152165030955309,0.29486844593013434,0.14683193414588805,0.16406557141674022,0.2626657497746416,0.17709976527199625,0.0950378299681483,0.3186138036496908,0.24627190986562766,30.15562141750766,22.462921205993176
3333,Binh Dinh,VNM,2022,2022-11-09,0.21457668977925143,0.3657925108929375,0.22349296533767501,0.225672618503903,0.3353480677444512,0.24513023484270663,0.14240191875973895,0.3210972557603559,0.2901839361882442,24.93687844994186,17.822075842779803
3338,Cao Bang,VNM,2022,2022-11-09,0.06167174532511788,0.28409503162666977,0.05296854844792415,0.07379598928464542,0.28088202351633834,0.17247225288183127,0.07789461929376895,0.6928967670073246,0.535407176896356,25.970466721126506,16.854398634493947
3355,Khanh Hoa,VNM,2022,2022-11-09,0.16569838320055724,0.33945793963322257,0.17527717148222197,0.17860124482559275,0.31183911704084705,0.21732764651222128,0.12196727990107205,0.3955280778076694,0.3432167808341725,27.07960984402924,18.15945733324705
3360,Lang Son,VNM,2022,2022-11-09,0.07065366830139257,0.3012085085566449,0.06196148230240568,0.08277000396571962,0.28990078472517045,0.17902647650719314,0.0846770955335944,0.6685976273525478,0.5441125561289348,26.077621432290524,17.347843560696326
3370,Phu Yen,VNM,2022,2022-11-09,0.19667067258743806,0.35907602737132766,0.2037065838640129,0.2092341949835043,0.32183358627342057,0.2246851605466969,0.1236661724841181,0.37182871045600563,0.3146663197450348,25.206436965957426,18.603507647371814
3371,Quang Binh,VNM,2022,2022-11-09,0.276026156513766,0.39853976482926057,0.2765523335215633,0.28459673450135975,0.3737154548065842,0.2872948671315377,0.17479422926360827,0.26071203273750293,0.2344386891082166,26.45919937860864,18.224875759210835
3374,Quang Ngai,VNM,2022,2022-11-09,0.21351758455325798,0.3607975410294235,0.22411224026997656,0.2256800342768917,0.3253935089460782,0.23089763085007947,0.12835318514271704,0.33155472998952146,0.2807128329251291,25.812013390848097,18.11201866432591
3376,Quang Tri,VNM,2022,2022-11-09,0.17485701505437432,0.33542214166134326,0.1711084597309335,0.18397370881060449,0.3148551229591415,0.222121234578713,0.12314866278040958,0.40487884562443593,0.34270102687443854,26.89005819302017,19.556514065137577
3383,Thua Thien - Hue,VNM,2022,2022-11-09,0.18383837388030735,0.316150458889959,0.18916369563953336,0.19378502234711528,0.2995029302428487,0.2172722178698434,0.12389601521485134,0.3406960468893961,0.27435949478070326,25.905441393240885,17.502379740683978
3327,Ba Ria-Vung Tau,VNM,2022,2022-11-09,0.057255748551879,0.24155196738188103,0.04226329512868892,0.06492365835337004,0.2304446512686933,0.15793589048866766,0.07923381644697905,0.6095898570843862,0.47950786570024134,27.553904245780522,23.240374324718672
3336,Binh Thuan,VNM,2022,2022-11-09,0.04822373522994153,0.2755525315019767,0.027384478037832827,0.05361071560064132,0.2715213484662058,0.1784569327817848,0.0814556625323616,0.7202334296983893,0.5971965171842568,28.372378312208753,20.710609618562952
3342,Dong Nai,VNM,2022,2022-11-09,0.047073791229624073,0.2445116018195296,0.03509622358751605,0.05717278173979542,0.23360004887039737,0.14924687912856965,0.06822993257747614,0.6525264984267962,0.497675234615392,28.84939542849248,22.237459265849687
3344,Gia Lai,VNM,2022,2022-11-09,0.10392599729518874,0.32584861362563183,0.09524440260250168,0.11433338699023064,0.31418452700743377,0.20977779877203828,0.10413027363002406,0.5812288196720553,0.5295663595874258,27.26020067134665,18.871904526672974
3345,Ha Giang,VNM,2022,2022-11-09,0.10450073919760348,0.32506217283584893,0.09903495665454476,0.11839472950938786,0.3164854084217568,0.21004199957671843,0.10607483936692917,0.5873942642642548,0.5255788061594253,25.94036138414118,16.53564270515519
3347,Ha Noi City,VNM,2022,2022-11-09,0.13415748408251355,0.2474873118319574,0.12075166987969997,0.1387149154902135,0.24622416775263545,0.20511643581456543,0.13647147051825922,0.3190319481958387,0.30874272215152726,32.11172797553314,19.539314162250395
3348,Ha Tay,VNM,2022,2022-11-09,0.11697058949449263,0.24960482639636367,0.09789180769830877,0.12185512890547913,0.24089700129631908,0.19032694128025784,0.11795528406052548,0.3944569480942071,0.35263638265446107,30.011394631607942,20.257562150505247
3349,Ha Tinh,VNM,2022,2022-11-09,0.2126744922183267,0.34519952670542586,0.21539897051213863,0.22149527398567162,0.32975600246936404,0.2603183831384301,0.1661592260742078,0.3197641352012699,0.29115876799134044,25.995556999058405,18.306095106220425
3353,Hoa Binh,VNM,2022,2022-11-09,0.07824745137148556,0.29209171314988003,0.0713379066227454,0.09068453401732157,0.27989418666826665,0.18181227864367505,0.09008908835966765,0.6285681489853087,0.515415125555322,27.24583334353023,18.64572673108183
3357,Kon Tum,VNM,2022,2022-11-09,0.09058415362630141,0.2970397813386869,0.08579056244339649,0.09955006187054774,0.28938928419843224,0.18329114472517702,0.08472129270509855,0.6581201694697488,0.4966014112950341,26.346104599819895,17.38140926187897
3366,Nghe An,VNM,2022,2022-11-09,0.08811016507908755,0.3019937774537972,0.08060273874234526,0.09964799932023911,0.2876388730308401,0.1861023605219838,0.09480231855872988,0.6201373994312149,0.5083379475388188,26.076886781277693,18.556266097028335
3367,Ninh Binh,VNM,2022,2022-11-09,0.20168819994261714,0.2989928801469119,0.19935786761202923,0.20781773065895578,0.28942927773414046,0.23976115543992393,0.15510067238897363,0.2593382907021653,0.2166059515709725,28.231737157893544,20.094995010302153
3368,Ninh Thuan,VNM,2022,2022-11-09,0.09587454490417716,0.2995779920331445,0.08838341417377903,0.1052195893364782,0.28581320107754027,0.1951712632985706,0.10176136305816307,0.5514221935389957,0.48990615420708356,26.713315895423687,19.1609936271877
3377,Soc Trang,VNM,2022,2022-11-09,0.13368869004169448,0.27257327964017364,0.1164595916581344,0.14246280074573886,0.22289081831417026,0.15953017562669777,0.08793542950590744,0.34157474279250916,0.26944799011749315,23.326975996763608,
3386,Tra Vinh,VNM,2022,2022-11-09,0.1227799607212135,0.27995218164877705,0.11701722344395367,0.13459266757516072,0.24328570446326925,0.170689418673116,0.09366911364465315,0.39721342071315546,0.32283922386040054,20.98028354463825,
3387,Tuyen Quang,VNM,2022,2022-11-09,0.11500780676804992,0.3344131011856324,0.1181272568750101,0.13218080479483918,0.31067235436586205,0.2014000618004445,0.1010427621639575,0.5528919389107215,0.4731065474756177,27.275133171355478,18.5218441568229
3388,Vinh Long,VNM,2022,2022-11-09,0.11490973544966929,0.253708838239143,0.10664160612985059,0.12324947078009507,0.22426767519171553,0.1590302458981922,0.08818576889548838,0.39551187666131915,0.28894513377330505,28.39213339321806,
3390,Yen Bai,VNM,2022,2022-11-09,0.09299662750193494,0.321116296583111,0.0915317481800404,0.10861787963133947,0.3113620183940563,0.199802199200709,0.094480097230314,0.6005410909253424,0.5304391760824276,26.04209659653211,16.3724921969314
3328,Bac Kan,VNM,2022,2022-11-09,0.10062947795024305,0.3312358624637485,0.10007432443497724,0.11639891829384659,0.31025169936374464,0.19394224218683687,0.09432916425211578,0.6149620061259962,0.5006732985985203,25.82289866588101,17.699551995542013
3329,Bac Giang,VNM,2022,2022-11-09,0.0772635721929626,0.2876956993596615,0.06011236392960154,0.08431416796301974,0.2746725245334586,0.1825390233063481,0.09460628378638614,0.599727071733146,0.5117573995361316,27.4400916048663,18.64450634975799
3330,Bac Lieu,VNM,2022,2022-11-09,0.11760701477978923,0.23526688150581432,0.09400399736883358,0.1241466522881826,0.18372740964701784,0.1311190231184722,0.07212256554251736,0.32250728676685403,0.23377951190388374,,
3331,Bac Ninh,VNM,2022,2022-11-09,0.13162240532267805,0.23716030477701758,0.10604947500844042,0.12990111383118463,0.23912640702529267,0.20578122955998362,0.13686592518967772,0.3087724199411707,0.2959232357270992,26.440812577117182,19.218405100934824
3334,Binh Duong,VNM,2022,2022-11-09,0.0761068648553342,0.26192402651471797,0.06229095723111062,0.08500374922702657,0.26873013611782526,0.19522491307042558,0.09997323058714853,0.5681273767573064,0.5058563140388666,30.950710280536835,17.6739371776774
3335,Binh Phuoc,VNM,2022,2022-11-09,0.040778356970228094,0.25577398015036307,0.023462508266520098,0.049597893551219116,0.2642364108395685,0.17145400795999818,0.07093261762318318,0.720698244813387,0.5610847220685968,32.423190752920284,21.167031990205988
3339,Ca Mau,VNM,2022,2022-11-09,0.11379277756820654,0.21982865737286766,0.10127705036889265,0.124047205014069,0.18462717131496456,0.12811223888548873,0.07335381784413282,0.31879310851381615,0.20485440059137577,24.247664569752025,25.559941345211783
3340,Da Nang City,VNM,2022,2022-11-09,0.2414142705319719,0.3625934530763488,0.250996056165714,0.2524091465285517,0.33350541998941013,0.25130368056355407,0.14789088928401029,0.2604539902151602,0.22383915740630095,26.122329275515753,17.97600703738232
3346,Ha Nam,VNM,2022,2022-11-09,0.17362993613990396,0.26730076454314733,0.17355328052933813,0.17922200929643814,0.2614749861886929,0.22321870453116735,0.14905453095531926,0.25375183181802435,0.22546337764494154,29.254946644720793,19.915915282184695
3350,Hai Duong,VNM,2022,2022-11-09,0.147436818802823,0.2605398919834581,0.1348188609293841,0.15083476784540847,0.25650707743082307,0.21185432544921612,0.13710579537042242,0.3212197853390198,0.28389548232459866,26.205976849491687,19.976077202665827
3354,Hung Yen,VNM,2022,2022-11-09,0.22549994290840916,0.30797374268299055,0.22929705265888545,0.2315310011270922,0.3023620277046519,0.2655213200244093,0.1843161373657091,0.17984569493545688,0.20844101031222323,28.30095070961903,19.480206482892623
3364,Nam Dinh,VNM,2022,2022-11-09,0.23283818164524747,0.3003634384825248,0.23485300820106908,0.2356677134718026,0.29730936506398703,0.26460205983791724,0.1757791529760992,0.1711357778819893,0.15655350402148996,26.47441215407054,19.95392285183504
3369,Phu Tho,VNM,2022,2022-11-09,0.09542621899581838,0.2988550918150164,0.0847376920066212,0.10723865605078958,0.2819583721487375,0.1894063209430248,0.09813688531698223,0.5541957695972873,0.474741192275294,28.68997411598173,19.54624335568037
3372,Quang Nam,VNM,2022,2022-11-09,0.23937530058400927,0.3734395342797217,0.2534089777198643,0.25104059597896566,0.34280345362489517,0.2513752832960214,0.14490990381223232,0.28847831852029454,0.2509294932721344,26.055162277340962,16.921865801121196
3381,Thai Nguyen,VNM,2022,2022-11-09,0.0861816234029224,0.3048454489582736,0.07575103951166476,0.09741608881402578,0.2878965520144606,0.18808229772668592,0.09594834046578506,0.6089368032026231,0.5186729523919402,28.111386212800493,19.91024894620804
3389,Vinh Phuc,VNM,2022,2022-11-09,0.10082983433856947,0.2746152722568643,0.07988761817316013,0.10675894348436354,0.26635411683573557,0.19771046431438952,0.11570415579591037,0.49139724178315247,0.458528476077284,29.990302627573094,20.04701835607537
73933,Can Tho city,VNM,2022,2022-11-09,0.11816266413563971,0.2036619279704207,0.0957215924118779,0.12219798980334032,0.17394209655556242,0.13402490191810693,0.08100195536998352,0.2644759421776009,0.18566403579794233,,27.104489679319094
73934,Dak Lak,VNM,2022,2022-11-09,0.12648605070435054,0.31414975823505487,0.12347059293298243,0.13619255334619676,0.3023291015974932,0.20660027820928115,0.10825631045492562,0.5089799451692758,0.42820934537415567,27.465422034760163,16.986663687910998
73935,Dak Nong,VNM,2022,2022-11-09,0.059008136340693414,0.2915154827621814,0.04978295208017862,0.06924467833069937,0.27880692259850043,0.17024788941951557,0.07555333456218066,0.704117242855921,0.5533035000674719,27.093794987365694,15.114781595570209
73936,Dien Bien,VNM,2022,2022-11-09,0.04384443147700871,0.3162125965054558,0.02827614406550465,0.05595245785146662,0.3174153936940075,0.18797398642137333,0.07695788193040169,0.7638593127225014,0.6851511856714747,26.12208008908248,15.50715597838363
73937,Hau Giang,VNM,2022,2022-11-09,0.12664801699008918,0.22643647688273924,0.10911446070252111,0.13026069413531782,0.18636500357550037,0.13410474642665343,0.07837634131069193,0.2943630204162016,0.1984779908281678,14.720898946063278,
73938,Lai Chau,VNM,2022,2022-11-09,0.03772405566592493,0.3254969794533344,0.021260502195009294,0.0507620027198254,0.31982908383953995,0.18145495488049598,0.06968537863544819,0.800384241799568,0.7049812559463228,25.259066871079227,15.572606101689933
73939,Lao Cai,VNM,2022,2022-11-09,0.08688004440993154,0.3321046136024198,0.07845332143494789,0.10067798963579258,0.32648936872429773,0.21203900192433528,0.10056647621220428,0.6401747387622264,0.6002497379308388,25.838703070668366,15.76726044297811
3326,An Giang,VNM,2022,2022-11-09,0.12246131087550387,0.25505774583805063,0.09887885633587604,0.12724600263266045,0.2192478606244073,0.15726660884521532,0.08887572615725355,0.33087850057868323,0.27504501876977844,28.580730919409408,25.029592836510243
3332,Ben Tre,VNM,2022,2022-11-09,0.11632089693827039,0.25500531969709056,0.11152835202269709,0.12587000677360793,0.22302280043556102,0.15237279806290754,0.08472681139427572,0.3875109530980699,0.28068362435723815,27.11943835938521,26.33000000000004
3343,Dong Thap,VNM,2022,2022-11-09,0.11456965526349652,0.2443698311488896,0.09355744367047868,0.12179055289116957,0.20725121694213244,0.14940071354601,0.0826273267373924,0.315955432948841,0.27861504784607116,27.29831363480646,26.724951546894605
3351,Hai Phong City,VNM,2022,2022-11-09,0.13303498966428015,0.23008109307781827,0.12669229670289853,0.13818554756510346,0.22394983346144048,0.1826835836442105,0.11819901706701635,0.3025171697571849,0.23942960949441844,27.036891666431334,19.76254576703628
3352,Ho Chi Minh City,VNM,2022,2022-11-09,0.10925187007158148,0.239205777668385,0.10499675116336117,0.12034421185522569,0.21586314199192233,0.15693708733262546,0.09256390770758785,0.3851267770576699,0.2860137893228345,28.04353599768861,22.26939895524771
3356,Kien Giang,VNM,2022,2022-11-09,0.1179589123851816,0.22002440370323056,0.09751351916727244,0.12144611883629282,0.17607609106788502,0.1268748314946567,0.0721143502143782,0.29013092123646234,0.2051434227005252,28.854319210900204,23.577607655502426
3359,Lam Dong,VNM,2022,2022-11-09,0.05669110224990475,0.26894423331057266,0.04756432552329207,0.06540175200654275,0.25817404334576055,0.15535471618293098,0.06956987563630898,0.7023303686081729,0.5075163031701307,25.799602137619985,15.220755695469723
3362,Long An,VNM,2022,2022-11-09,0.10641509302358408,0.23334477740945633,0.08953588071780251,0.11380770478086191,0.19782230283795624,0.14110391611942466,0.07632834604718998,0.3408907067192073,0.2712042106447493,29.35596601129941,19.836517736206996
3375,Quang Ninh,VNM,2022,2022-11-09,0.12078183634849834,0.3018455060980039,0.1201925312816642,0.13311311319704763,0.27938620736586284,0.19194219888352823,0.11041800951203645,0.48491600763138454,0.4036156221923203,25.96249589407348,18.382679367529267
3378,Son La,VNM,2022,2022-11-09,0.048279876296537606,0.3034721225917331,0.03146120777004087,0.05982137818767099,0.30905423772604174,0.19298946721544138,0.08374011388285427,0.7318309040220354,0.6724445484425718,26.981302261413006,16.267983322305305
3379,Tay Ninh,VNM,2022,2022-11-09,0.07579330416876748,0.2639941318220918,0.050379044500489564,0.08269753621932838,0.27013875047325026,0.19579512933566856,0.1006348833516303,0.5389166322731433,0.5542665764065962,31.00891381324378,11.62819086007435
3380,Thai Binh,VNM,2022,2022-11-09,0.21470251343090377,0.2887483225432935,0.21284318358148127,0.2171559420619376,0.28852400914848536,0.25628206230017875,0.17058856439333606,0.198007798697536,0.18482380868245302,26.322033450338274,20.25436894941258
3382,Thanh Hoa,VNM,2022,2022-11-09,0.08375717354075256,0.29507351809530274,0.07406036630137858,0.09487178769412981,0.28078062397333375,0.18630036850373177,0.09433339588200167,0.6086230028435942,0.5098452403939178,26.85178345109826,19.001817520320607
3384,Tien Giang,VNM,2022,2022-11-09,0.13038512271554378,0.2702266817951919,0.1247247782789348,0.14023437494722873,0.24051737481776278,0.17192901532446664,0.09769708061568042,0.36833446967874245,0.28239512560392915,27.85090886596267,22.363084381299842
3333,Binh Dinh,VNM,2022,2022-11-17,0.34529260872392414,0.4500802472002255,0.3496622898968838,0.3556906975268328,0.4049845921965045,0.2995978194480308,0.17398478447477975,0.16651619571431445,0.152802931029447,24.32141897089152,18.930710013863
3338,Cao Bang,VNM,2022,2022-11-17,0.3854409844732062,0.4854193286529742,0.38331091952881424,0.39175635382680657,0.4683844240832426,0.3912111898687302,0.2595860972568741,0.17052309881292738,0.19063619323236422,24.90719990471526,14.95358614376983
3355,Khanh Hoa,VNM,2022,2022-11-17,0.34056768301843093,0.45746682256717036,0.34713378015731333,0.352016980409065,0.4119339719379073,0.30724665210321506,0.17858077000091085,0.1946436451302069,0.18865903531569764,25.190279866161433,18.513771098448284
3360,Lang Son,VNM,2022,2022-11-17,0.2485110564824614,0.4009636969924919,0.25006492284141324,0.25937289733115326,0.3860512107191455,0.30606366369828486,0.20059257192244395,0.33281890657519064,0.33283670570226304,25.918430281787657,16.90872416026362
3370,Phu Yen,VNM,2022,2022-11-17,0.3633112141858934,0.4696798217928916,0.3722373068548644,0.3753587032167709,0.41753511256003417,0.3089826462340498,0.17790737752040917,0.16667344250797037,0.1547381974174685,24.271387737316967,19.040247617455528
3371,Quang Binh,VNM,2022,2022-11-17,0.3551772590995577,0.46286735506244225,0.3526785325855075,0.3633201025797319,0.42681915009696947,0.3235861390064123,0.19055479767852163,0.18647860084384948,0.18341413642706747,26.352540469232636,13.40699194253382
3374,Quang Ngai,VNM,2022,2022-11-17,0.29271313686899403,0.41052731839403556,0.2957856051486208,0.3030863308381324,0.371045488946231,0.2626775368169682,0.1482387197350794,0.23128192106956658,0.2020882345557585,24.91704775558888,19.89255312148879
3376,Quang Tri,VNM,2022,2022-11-17,0.20255752505677357,0.36632559699249356,0.19817450013761023,0.21315346384142733,0.3435636858239364,0.2457957018640783,0.1380145363860422,0.363785594174957,0.33433217630263046,26.584866602474676,18.702615471292518
3383,Thua Thien - Hue,VNM,2022,2022-11-17,0.16914326811751904,0.3255625451734775,0.16212157065306868,0.17940828403777212,0.3102717019332573,0.22019800267964176,0.12153462965713777,0.3818380309519149,0.32315511610846764,27.0992642513537,18.774023139578283
3327,Ba Ria-Vung Tau,VNM,2022,2022-11-17,0.16437419079877508,0.30093774884184354,0.16294680586273688,0.1746782380941725,0.286401498670346,0.21494747905782874,0.13005315930256658,0.3248936843456232,0.297230854109692,27.66897426034553,20.325685201439892
3336,Binh Thuan,VNM,2022,2022-11-17,0.14418552848685082,0.3494877892703666,0.12713359905888524,0.15265396713729873,0.338335359387863,0.23177707235780576,0.12142436418021263,0.4494722875759052,0.4574082271277804,26.547605775584444,19.83908320477498
3342,Dong Nai,VNM,2022,2022-11-17,0.08977071304462537,0.2652334005524758,0.08175784821702643,0.10141172891182203,0.2541741294381331,0.16660609232003185,0.0831196368801019,0.5171071223623395,0.40035657847990413,24.03279885115783,20.030592236411604
3344,Gia Lai,VNM,2022,2022-11-17,0.21130321494940751,0.3766232350815827,0.20719427209513197,0.2211763256187267,0.3600876748190452,0.25670223523108865,0.14277139416975468,0.36603234168362914,0.3340861562468774,26.086942225744323,18.553774041385445
3345,Ha Giang,VNM,2022,2022-11-17,0.23593453141910797,0.4002625126879346,0.22758968792703643,0.2459175762806967,0.3899697894032639,0.29491761083846013,0.17870603127693122,0.37286817826187585,0.37955964329339864,25.8606719141347,13.279444221154622
3347,Ha Noi City,VNM,2022,2022-11-17,0.19426322632252502,0.3043894293986149,0.1871855745422043,0.2014969703170564,0.3013430181884753,0.257514163356541,0.171409833251906,0.25638277579670665,0.272702782394642,29.404005157968864,20.409726384696597
3348,Ha Tay,VNM,2022,2022-11-17,0.18384717396754338,0.3114744343262738,0.17452778415623668,0.1933772671717196,0.3015462889374726,0.24806637301512577,0.15618359802452114,0.29177483999157194,0.2926751862819136,28.804667107211305,20.29421283410815
3349,Ha Tinh,VNM,2022,2022-11-17,0.4182428344477078,0.5070168767282157,0.41692505634643034,0.4257252727475923,0.4744802973362516,0.38551059286632433,0.2370700074177382,0.13153532905684825,0.13894053060018194,26.800797006193775,19.20885753883308
3353,Hoa Binh,VNM,2022,2022-11-17,0.27936457867570297,0.4265734824010592,0.2807788929567022,0.29127935363345236,0.40902764244757206,0.3276138045435343,0.21054991895084307,0.2680878721577946,0.29747810732715374,26.138766921273533,18.224928453360747
3357,Kon Tum,VNM,2022,2022-11-17,0.165527230262067,0.3529578629262378,0.15758085789014806,0.17468756997148055,0.34339477897841386,0.2302816964453864,0.11903360974894636,0.48213596404695325,0.414275449760249,24.803605721908202,17.688213434966134
3366,Nghe An,VNM,2022,2022-11-17,0.3504656270151782,0.46765800153449094,0.3576169289823362,0.3613185177952073,0.44242568830294937,0.3592128661996691,0.23303645824242222,0.19950965834642254,0.2133724747616847,25.07749563561955,17.3640409671468
3367,Ninh Binh,VNM,2022,2022-11-17,0.2937703146050355,0.3720821504763663,0.2943683915371577,0.3032410976806957,0.35899560489622817,0.3082739928251166,0.208321293441209,0.13836638217329283,0.1474361882387642,28.1912694096363,18.450308401821584
3368,Ninh Thuan,VNM,2022,2022-11-17,0.26676419227731896,0.44092762575736394,0.2567792353269058,0.2778399900191532,0.4152200747528557,0.3110235447641796,0.18343398156130636,0.2949414747859289,0.33339486512656397,25.99844282055019,16.709752169413136
3377,Soc Trang,VNM,2022,2022-11-17,0.2608801424129491,0.352074281525839,0.26149916219543684,0.2740751111781975,0.30513424807011647,0.19819241729834378,0.10768720867394437,0.1544629224098649,0.11721132624473124,22.042268947993627,20.921574964101733
3386,Tra Vinh,VNM,2022,2022-11-17,0.32999316003518026,0.40964631180924543,0.335924626036971,0.3436231628957859,0.3653621751621773,0.2253753390713598,0.12067918433877048,0.12538200158008223,0.09677086206235601,26.678569416777016,
3387,Tuyen Quang,VNM,2022,2022-11-17,0.2042691055845088,0.3682557444304498,0.2033674378041612,0.2155147629753587,0.34984014435400795,0.2610550301448496,0.15545251548305766,0.4005853554943621,0.3480890503379257,27.328218295695514,17.75353379324435
3388,Vinh Long,VNM,2022,2022-11-17,0.21034165006153577,0.33495976842981234,0.20703929469562551,0.22136167726152403,0.30936357147026056,0.22715824594589004,0.13241083286315902,0.252107321133913,0.21152445799932104,29.721961498564635,
3390,Yen Bai,VNM,2022,2022-11-17,0.2167460932233227,0.37229195806026594,0.21940826885256695,0.22917335089220567,0.3584099920191729,0.27240090967745684,0.1661516579718011,0.36627930730552116,0.33253010525329746,26.181965317768814,14.367924086796776
3328,Bac Kan,VNM,2022,2022-11-17,0.22362446438760505,0.3901805217508203,0.22153444598534305,0.23290615969806178,0.36969238871236487,0.2729036006677603,0.15777466429472886,0.4331010187549978,0.3527140238651056,23.10076715895314,16.6325588068216
3329,Bac Giang,VNM,2022,2022-11-17,0.1374210442635067,0.3225639453792815,0.13017378023575946,0.1467970730466301,0.3092991557619365,0.22465114942273828,0.1306328879402389,0.4659458249678624,0.42753863702591005,28.157596903405675,18.283820366743846
3330,Bac Lieu,VNM,2022,2022-11-17,0.27034994538739765,0.3207507950810948,0.26883848339658667,0.2801288050600045,0.27660937184785217,0.1728553306262449,0.09351106609566863,0.08792342418306243,0.0580331664702019,,19.925467991293168
3331,Bac Ninh,VNM,2022,2022-11-17,0.19327478302243195,0.3007553895902034,0.174409722400197,0.1955688275467079,0.3042231363997504,0.2676406630838946,0.1764327231924474,0.2443446343282226,0.26996763572345406,29.65301525640155,19.610563359251636
3334,Binh Duong,VNM,2022,2022-11-17,0.0633173323077874,0.27005137698361087,0.03948362275562765,0.07165493729114641,0.28427810041718304,0.20801934932934457,0.10614639439315382,0.6205406572575509,0.6341725886865114,17.75414690380957,16.530148696451768
3335,Binh Phuoc,VNM,2022,2022-11-17,0.04380910798159862,0.2680868714271186,0.025416099220717064,0.053950744774109646,0.2786068144843735,0.1801219088902162,0.07354041635246945,0.7157849301864626,0.5812912441012146,26.1321064795195,19.346634173475074
3339,Ca Mau,VNM,2022,2022-11-17,0.23989364275408778,0.3027256815127147,0.2385898869151909,0.25092585613704776,0.26687382281796473,0.172412336014918,0.09628145623354326,0.13174220708422585,0.08775054750704668,21.12276976628544,16.710000000000036
3340,Da Nang City,VNM,2022,2022-11-17,0.24975050761888112,0.37171129402404546,0.24338315580303824,0.2593442818468057,0.345864623188925,0.25829056871317774,0.15162175603514239,0.25654551290000754,0.21944204898208794,26.214075528962063,17.765181886253448
3346,Ha Nam,VNM,2022,2022-11-17,0.2663177946782548,0.353084709983722,0.26063992981104445,0.2746874299115849,0.3465065113168041,0.3035902373639773,0.20454756455330675,0.1677882938359739,0.1740294690375749,28.724598946101224,19.29189738349708
3350,Hai Duong,VNM,2022,2022-11-17,0.1579643167879774,0.2981051191043516,0.13491779252747862,0.1619455660527567,0.2972128206587256,0.24634580422316238,0.15446327377340693,0.3345906005513505,0.3553311327978267,29.070676481583792,19.216297899740205
3354,Hung Yen,VNM,2022,2022-11-17,0.1807186993140165,0.32569923343975155,0.15780858771518727,0.18581647962046302,0.32261071032355687,0.2718648399322761,0.17231064114544897,0.3220890570245943,0.361744651113429,28.5094748109217,19.402091283253924
3364,Nam Dinh,VNM,2022,2022-11-17,0.2112682985113779,0.3059109945259245,0.19912322553355483,0.21431439428938065,0.31052921210180534,0.2742756786470893,0.17952044277033274,0.20934842842536333,0.23096489786096266,30.718379565631714,17.923737419504047
3369,Phu Tho,VNM,2022,2022-11-17,0.20765971850136775,0.36956146538110163,0.2051764479254296,0.2195374950496997,0.35652710023264644,0.28368763880457937,0.18482272546794032,0.32957674859263986,0.36646652802365576,28.402327422520855,19.478551682887336
3372,Quang Nam,VNM,2022,2022-11-17,0.26054404963933814,0.39887167121411676,0.2588674374563163,0.27092634408163535,0.3694365745556921,0.2669294332660388,0.15167467483669766,0.2822681627888726,0.24538545818284885,24.843264252412748,18.071945472983806
3381,Thai Nguyen,VNM,2022,2022-11-17,0.16075580375453508,0.33272130363596836,0.15840445679345855,0.17062647072227455,0.3185986510692521,0.2448093265233253,0.16268809454230396,0.419279105001282,0.4465398395821171,27.17371902803207,19.05493684698032
3389,Vinh Phuc,VNM,2022,2022-11-17,0.20605299466413518,0.33282690241250024,0.20382089793488006,0.21502783910336887,0.32172421821123137,0.26406703969195455,0.17696448926602754,0.28028798710341196,0.3067146110638566,28.608514449588192,20.286504891085936
73933,Can Tho city,VNM,2022,2022-11-17,0.23376992371102195,0.2952260278624209,0.23082867745108293,0.24334402382343123,0.2621717055779936,0.19529560470517537,0.11374427639808064,0.11941048335960405,0.08746696485836011,,
73934,Dak Lak,VNM,2022,2022-11-17,0.20650738226296975,0.3730009730462303,0.20430002522339474,0.21679557695573393,0.3578685881368129,0.25774569373529554,0.14759922022847521,0.3634378208973725,0.3396782277622064,26.442588994450347,18.416353107120806
73935,Dak Nong,VNM,2022,2022-11-17,0.12308295744261628,0.3318002985529474,0.11381331056495328,0.1336750134463833,0.31968185072938815,0.20933955478586405,0.10738365362173291,0.5566985942288211,0.47731877120559496,26.873797679418697,18.033082390869787
73936,Dien Bien,VNM,2022,2022-11-17,0.1092436403579689,0.33438924266188674,0.09939176729696342,0.12058721370982865,0.3364274729688776,0.2291176753528375,0.12109251577380166,0.5759876294933459,0.56583281683715,24.51596416635826,16.762572747967987
73937,Hau Giang,VNM,2022,2022-11-17,0.23840531902367215,0.3158216055576775,0.2394796455515892,0.24828041762994493,0.27636345350269814,0.18955727073000525,0.10486146805168267,0.15000664729324376,0.10881786537277878,,
73938,Lai Chau,VNM,2022,2022-11-17,0.06792896600097602,0.3363164936844251,0.05179943663727744,0.08114497477882349,0.3348711052558031,0.2077658426497736,0.0936013116796274,0.7030755612459109,0.6736113675246583,24.49978326215098,15.63469348786883
73939,Lao Cai,VNM,2022,2022-11-17,0.14719144226000364,0.3592064327375149,0.1378897690371795,0.15969676045560627,0.3570144095774697,0.25679200479525366,0.14125109650145232,0.5201887377402157,0.5336346210476269,25.43070327896876,13.909970149005499
3326,An Giang,VNM,2022,2022-11-17,0.1633007940897178,0.2647388620184231,0.14401528279090067,0.16685671974722932,0.23638622001451454,0.1763502811937045,0.10246118706552403,0.23996601858128147,0.19437645516801305,3.2512488174077814,21.634318262483852
3332,Ben Tre,VNM,2022,2022-11-17,0.2984980780674109,0.39298331811056275,0.3003977979684228,0.30976471831993996,0.3574224935025028,0.26459011149787587,0.15794595580315107,0.18698231182600678,0.1555761585998151,28.868209759344403,
3343,Dong Thap,VNM,2022,2022-11-17,0.16407976983557104,0.29516800997269577,0.1467280419585577,0.17148007164084694,0.2588813207502262,0.1898272149627864,0.10781305849277982,0.2940523786629132,0.2656918507824633,14.682577481090053,21.13988994793322
3351,Hai Phong City,VNM,2022,2022-11-17,0.11295309045398054,0.2697376226234879,0.08290851258194445,0.11695591543892225,0.2675147335315972,0.2110976402901261,0.12600016962384997,0.4221840042986474,0.415627417135064,30.43862881076731,19.21394279398458
3352,Ho Chi Minh City,VNM,2022,2022-11-17,0.14025914362382882,0.26981835265886045,0.13167589361190737,0.15117164487015908,0.24912316765546155,0.18882583381219767,0.11912254066163576,0.3591174568646388,0.29811181341538234,26.77946713306872,18.660373593907536
3356,Kien Giang,VNM,2022,2022-11-17,0.1658612671130352,0.2507742336060488,0.15688061988047633,0.17166266875789396,0.21321656461549973,0.15262101582594048,0.08687782125913218,0.21979676133043374,0.14743730062847696,28.253399320971546,20.053875224955057
3359,Lam Dong,VNM,2022,2022-11-17,0.14331569179125594,0.3548076954506989,0.1337631157221609,0.15469541879455995,0.3390264957534652,0.2215332094049487,0.11533844776424433,0.5204631611193843,0.4552759296691695,23.795501012858068,16.49893521660714
3362,Long An,VNM,2022,2022-11-17,0.15306204684396632,0.2710661655187099,0.13282424360453463,0.15791766690921846,0.2356244703296031,0.1769459531928229,0.10386353811787885,0.29878657807980696,0.24526235664502896,0.569678909859843,21.051398136952745
3375,Quang Ninh,VNM,2022,2022-11-17,0.09848256589294688,0.3286860681733889,0.08831822714337055,0.11346163891165702,0.30757898396580424,0.20168063741197936,0.1018111298073511,0.5673770891254528,0.5220746205249837,27.29846292667339,18.570417737166192
3378,Son La,VNM,2022,2022-11-17,0.2190939068765005,0.3645167772128858,0.22688296688775528,0.22985212700852056,0.35642133507541907,0.2752909372802314,0.1688446300479384,0.3352488927076269,0.3150273805868365,24.85102545359995,15.90591224644629
3379,Tay Ninh,VNM,2022,2022-11-17,0.0760017555232465,0.25861440230246546,0.05007177469068006,0.08248392062427683,0.266177541417677,0.19063612058273788,0.09484533283491857,0.527032359879655,0.4783677427856693,27.75044022887037,20.815174203303673
3380,Thai Binh,VNM,2022,2022-11-17,0.17460239588118906,0.30303941841604354,0.14504118728728524,0.1743649424088435,0.31313213795156347,0.2760030768022724,0.17783637735919786,0.29557686879441014,0.37334603058914817,30.862232796048705,17.623387635780595
3382,Thanh Hoa,VNM,2022,2022-11-17,0.3137201721011576,0.44631594803647434,0.31658781431496974,0.3255058210972961,0.4210447664187582,0.3313575487219267,0.20780853788001272,0.23278014968223257,0.256612938041483,26.215284437325707,17.242762156247373
3384,Tien Giang,VNM,2022,2022-11-17,0.24860495067817062,0.36325946338235116,0.24379437879100935,0.2574475561429344,0.33103719216576094,0.25433960023866914,0.15490465941923612,0.2399767395100051,0.20971726185146544,28.725705488342044,18.182786551014967
3333,Binh Dinh,VNM,2022,2022-11-25,0.10378760119324493,0.30398902490386365,0.09352081953800524,0.11295757047955514,0.28010718395048023,0.1850070195994122,0.09708642326667469,0.5491009272904221,0.4476913589820506,28.319958294400262,21.248392009983473
3338,Cao Bang,VNM,2022,2022-11-25,0.25800487339266287,0.38462311790781956,0.2600138418921518,0.2679750107569603,0.37116244516500335,0.286635408489341,0.17821858432235194,0.3209516909966173,0.28460263751848613,26.62248580317066,18.886671402658347
3355,Khanh Hoa,VNM,2022,2022-11-25,0.09360448710481849,0.3280117052230189,0.08194469630300931,0.10529313175839054,0.30442467444156707,0.19628301188637234,0.09782783717473867,0.5996037728168493,0.5453933438533849,27.578485337723027,20.043421573416538
3360,Lang Son,VNM,2022,2022-11-25,0.3246809219634252,0.4395767129602197,0.32936391318185015,0.3338895791747313,0.4163749419064526,0.33263250737019073,0.21344151965804575,0.23726015863105338,0.24563938760934598,26.851244658807403,17.220149165597803
3370,Phu Yen,VNM,2022,2022-11-25,0.11411974923744103,0.33413832986077513,0.10770076951955133,0.12698025927677756,0.30421305291793804,0.2002222586901998,0.10420960878614505,0.5354160677975605,0.48200091702780556,28.05689276672884,20.47267002989931
3371,Quang Binh,VNM,2022,2022-11-25,0.04369873261096677,0.25004539687539556,0.03345969561119994,0.053727679028987896,0.2385677366617438,0.14253630323842867,0.0605019153394211,0.7212396657651756,0.49922577927965184,27.00128134586269,21.08322607863904
3374,Quang Ngai,VNM,2022,2022-11-25,0.0362532922914258,0.27916215779280545,0.022705321430802804,0.04781701057424922,0.2524386252014432,0.14518906862356437,0.05862777548104594,0.7730832628467469,0.5764987250819734,28.369781083972313,21.428005791047873
3376,Quang Tri,VNM,2022,2022-11-25,0.04971708005743769,0.27771039749831616,0.03727006686759796,0.060758857276802324,0.2603514762606849,0.15875684936650608,0.06841282196943452,0.7058640111891915,0.5467652645692787,28.290596564982103,21.244528159860018
3383,Thua Thien - Hue,VNM,2022,2022-11-25,0.04432461336602693,0.2508854656527498,0.03264318963088887,0.054960530060070845,0.23943219385950953,0.14589955669436463,0.06383551403616855,0.6960813617014104,0.5058477611554634,28.188075681913126,21.58246611907283
3327,Ba Ria-Vung Tau,VNM,2022,2022-11-25,0.054367010521440336,0.2588713152822153,0.03246286519264665,0.06298695323879946,0.25215799340050254,0.17240188520897423,0.08522046964740568,0.6103529644270488,0.5556251760190304,31.11096689310929,21.292381287996882
3336,Binh Thuan,VNM,2022,2022-11-25,0.05416270300574814,0.300012925845231,0.027892875515724922,0.06140974582855233,0.30252558541927466,0.2012632394477551,0.09280641650703632,0.7018205451553664,0.9150930048870065,30.249377690867448,21.14013308514309
3342,Dong Nai,VNM,2022,2022-11-25,0.044573477870746184,0.2574011223289297,0.026904191753985916,0.05511293082782724,0.2498071678100936,0.16004270077714772,0.07349285083227572,0.6749632783251113,0.5706860308532642,30.862053768818186,20.96556111150884
3344,Gia Lai,VNM,2022,2022-11-25,0.061791913074726555,0.3024587902933656,0.04499243319261239,0.07201245064978225,0.2983487651421877,0.1933373947738913,0.08911683704781277,0.6894461558436846,0.622861280112556,29.052127363071882,19.36134219000665
3345,Ha Giang,VNM,2022,2022-11-25,0.23280586908287831,0.3795592983615284,0.22600358304479456,0.24186634610043137,0.3715630376092308,0.2845016975336873,0.17280509864469354,0.3754163722302231,0.338755150618302,26.469100138095264,18.59887701488489
3347,Ha Noi City,VNM,2022,2022-11-25,0.23822767689387042,0.32479177195917974,0.2323419541180837,0.2449969054036719,0.3198647718093792,0.28168612919428054,0.19236211917235918,0.19666107973806887,0.20440740874931604,30.832262941154575,21.653427956742448
3348,Ha Tay,VNM,2022,2022-11-25,0.13949240954674927,0.28159487889549706,0.12326709963802564,0.14787305217433117,0.27435779424604917,0.22548406600079066,0.14144015568197202,0.37007408719730306,0.3759453511337988,30.02362659930587,22.38951417410708
3349,Ha Tinh,VNM,2022,2022-11-25,0.04189629106188167,0.2306482336706502,0.027099578266271337,0.05050891534821148,0.21799624499674564,0.13395921415409892,0.05703077861690397,0.6967643318928227,0.45823084766689864,28.62174573161329,21.353870539517455
3353,Hoa Binh,VNM,2022,2022-11-25,0.10587923273594083,0.291852223961464,0.10089400532199953,0.11770572638274607,0.2864128207027979,0.20398431301871137,0.11386584948453898,0.5630595832342062,0.46579958352785256,27.757772628108782,21.040416778443397
3357,Kon Tum,VNM,2022,2022-11-25,0.03602304398419439,0.2865998866991283,0.02306083842058663,0.04761478142162315,0.2864852552069901,0.16834795426165394,0.06614939350708095,0.7816945541714634,0.6306325904313903,26.699019820734524,18.02494598845307
3366,Nghe An,VNM,2022,2022-11-25,0.06076407997958697,0.27613975266738117,0.049443877239364185,0.0719621459132405,0.26498442122843013,0.16662275307422247,0.07783042038766964,0.6913274823270139,0.527495457170154,27.59511319674533,20.727020368559522
3367,Ninh Binh,VNM,2022,2022-11-25,0.21290017033462802,0.3113335754750379,0.20306094297519053,0.2197529506190848,0.30301017814919057,0.2627466409137729,0.18150277279242003,0.21852050106315812,0.22397322761845517,27.936638403002462,22.544746378011265
3368,Ninh Thuan,VNM,2022,2022-11-25,0.06956680414285621,0.3219797140740596,0.04911785967769807,0.0803783755138114,0.3124907536314931,0.20391052939017032,0.0946346753275508,0.6593627699823292,0.6585589005431621,28.575345108388422,20.194857698172765
3377,Soc Trang,VNM,2022,2022-11-25,0.09160082924906994,0.2624822931255899,0.06673050831150312,0.09911302160420335,0.21424703642911536,0.14386736525962934,0.07454010988551851,0.45919710408034176,0.37807807005175254,28.544715528394743,23.738144631781346
3386,Tra Vinh,VNM,2022,2022-11-25,0.08536716659532968,0.2534904509278134,0.06012592442617963,0.0918475553381476,0.22464126893653563,0.15114242181550472,0.07972153627654649,0.4831012908219115,0.3914517908306347,28.479014308212815,23.06952270404743
3387,Tuyen Quang,VNM,2022,2022-11-25,0.2213318894441978,0.3777221574837891,0.22528218517925944,0.23433945098168268,0.3600840049120005,0.26971133327409413,0.16110671428776002,0.3573183033171468,0.33003642548333756,28.340629408852006,19.887861512738212
3388,Vinh Long,VNM,2022,2022-11-25,0.07755333482282696,0.26436283912907405,0.05729129286555718,0.0887186538955163,0.23391703551500184,0.15903813289083726,0.08324830364074444,0.5490267881569979,0.4448876106695852,29.138254867141164,22.747982134170943
3390,Yen Bai,VNM,2022,2022-11-25,0.13636413862851762,0.3304217143095453,0.13159734678943388,0.1489808183465869,0.32657314570101303,0.23126056695185132,0.1261305376047824,0.5111223415859204,0.467248150111616,26.446714224876963,19.121550651323798
3328,Bac Kan,VNM,2022,2022-11-25,0.32167310850427144,0.43716644501388613,0.32875103182453114,0.3329171349548103,0.4092311624878324,0.31445808350590143,0.19408570156696775,0.23786900497197194,0.22029600829876314,27.062607257794923,17.17379037470972
3329,Bac Giang,VNM,2022,2022-11-25,0.23457192812154737,0.377106046066538,0.22704735167016596,0.2423687012700553,0.3619962856185933,0.28873434285107413,0.18587198278689424,0.3084684701920909,0.3206955434145058,27.234088017543204,20.493494033454613
3330,Bac Lieu,VNM,2022,2022-11-25,0.10269028206281057,0.21721912080736516,0.07690974936624242,0.10725718845303966,0.16958976296577874,0.11943254881486559,0.06766034219272277,0.354300340531496,0.2325203908953737,28.84534432840362,24.596105128801142
3331,Bac Ninh,VNM,2022,2022-11-25,0.19963137848309054,0.30167895632368924,0.179654478557413,0.20145288970998596,0.30349873897283625,0.27117404013402574,0.1849901496808158,0.24945175698782843,0.2827649948000009,28.71643404151087,19.47837072518574
3334,Binh Duong,VNM,2022,2022-11-25,0.06500398483535291,0.2696869431974955,0.04376360434972512,0.07363926846825475,0.27991297963820316,0.20611187354563043,0.10476041475656636,0.6234628602138097,0.6410260665126495,29.947782405485274,21.16900895743422
3335,Binh Phuoc,VNM,2022,2022-11-25,0.047104555683294275,0.2859818142519989,0.028170267579300644,0.05840794548723217,0.29373974905015654,0.1929645978597159,0.08053874694115541,0.7176616403613595,0.6278706855149885,29.93388940496206,19.19825655598252
3339,Ca Mau,VNM,2022,2022-11-25,0.08893672796401698,0.2036033291325882,0.07345243890057827,0.09765066640959263,0.16906797526869355,0.11343263571155089,0.06321501138667386,0.41049202842555743,0.23542468727920907,27.638210663650174,24.596740739060404
3340,Da Nang City,VNM,2022,2022-11-25,0.08244912031762816,0.28918267852804475,0.07016665637458754,0.09318962451979726,0.2705600790586528,0.17977174921139719,0.09546095758049863,0.6081670552038658,0.4982408410232768,28.44378044988722,20.15014633498193
3346,Ha Nam,VNM,2022,2022-11-25,0.18113135304240324,0.2909668298976156,0.16930825408147976,0.1889154122542805,0.28189559223518845,0.243462375036777,0.16603737265551735,0.26622038692042294,0.2670383871442011,28.978323951829157,22.705798526370522
3350,Hai Duong,VNM,2022,2022-11-25,0.23290169061046279,0.34134237600283923,0.2141030873515814,0.23648880265341393,0.3331124709810178,0.28586632145727703,0.19056695050509265,0.24712339911461473,0.2667460142484023,28.561471210103804,22.37576719914741
3354,Hung Yen,VNM,2022,2022-11-25,0.22812336637963615,0.3407006476603741,0.21194086018652483,0.23321446559420872,0.33502231367358243,0.2919610217724331,0.19758866884223983,0.2394227826957997,0.2706778666555817,28.029075835968293,22.1353112629029
3364,Nam Dinh,VNM,2022,2022-11-25,0.16236892844947667,0.2721608006942725,0.13698435658643596,0.16421785897846355,0.27106541951171864,0.23853825986320143,0.15907756874788076,0.28685601208275346,0.27975806484388893,28.416339413431373,22.796889077259138
3369,Phu Tho,VNM,2022,2022-11-25,0.13713884418144595,0.3245124544501723,0.12987161604774275,0.14928050419839414,0.3145114939828318,0.23067284282122433,0.12908160812728295,0.4713207582632296,0.4470940992464052,29.181282049021117,21.317967674248738
3372,Quang Nam,VNM,2022,2022-11-25,0.056967621432854706,0.2816627975149295,0.04797432432240667,0.06857196368190789,0.26365482331475637,0.1599081158038333,0.07304160949203312,0.701653355214549,0.5334786009697496,27.399564649997433,20.285101269984853
3381,Thai Nguyen,VNM,2022,2022-11-25,0.34132057562892515,0.4440911665389175,0.34665749314282895,0.35193930089696157,0.4184349873104089,0.3419235200730398,0.22218333508844612,0.17890937836843102,0.1876066788788338,27.72045618184946,14.469126012297105
3389,Vinh Phuc,VNM,2022,2022-11-25,0.19706737883978293,0.3248718322216113,0.19199828627923402,0.20602679004384708,0.31404460357116326,0.25608543758896213,0.16161244273572065,0.30314491101323615,0.30425291933069637,30.9327321235493,21.763488662411447
73933,Can Tho city,VNM,2022,2022-11-25,0.11010151923617376,0.24397265870807336,0.08854661038896623,0.11926972734060251,0.21146000070255327,0.16149245148252403,0.09418237163945528,0.38703820865598776,0.3112484877769326,29.79385150290446,23.29002633115879
73934,Dak Lak,VNM,2022,2022-11-25,0.05436962217912187,0.31919337424900973,0.03432784848764008,0.06605090196809574,0.3134954379240986,0.19915353541444752,0.08682806394773863,0.7182328303804034,0.6877444364490304,29.311288920704662,19.841670761514422
73935,Dak Nong,VNM,2022,2022-11-25,0.045136226543916816,0.30160797628806496,0.02944090994402408,0.057646350751730135,0.2938517529821213,0.17745389205238463,0.07355870059552731,0.753207332806561,0.6327275011979903,28.434715696238754,18.40617242658811
73936,Dien Bien,VNM,2022,2022-11-25,0.06146774179034162,0.299632726303092,0.04901122616331398,0.07236317075946948,0.30250150192172914,0.1934123603128837,0.08793708074637319,0.7038174295433562,0.6160718965798997,25.53150148424283,17.396191503771657
73937,Hau Giang,VNM,2022,2022-11-25,0.10277168077242257,0.22908811905698676,0.07866843025476525,0.10561246623377689,0.19501903745803387,0.1404561404123456,0.07928766863008055,0.3884346018979447,0.27891608348771507,28.39833376410346,23.64768913294481
73938,Lai Chau,VNM,2022,2022-11-25,0.06945861958607596,0.3098303288815132,0.056599071202312945,0.08065962418122076,0.3084531760300435,0.19463836596132728,0.09023161717567178,0.6939384225675617,0.6075084101016348,24.694015040006555,16.62409984040834
73939,Lao Cai,VNM,2022,2022-11-25,0.10983262464963757,0.3180072808623507,0.10007477364254966,0.12130912774302903,0.31869215721172456,0.2227087471411286,0.11664479883000961,0.5821142855998386,0.5291569616762914,26.305699323962056,17.606163502738713
3326,An Giang,VNM,2022,2022-11-25,0.11222653803612014,0.22328741842883462,0.08315451045349577,0.11192855183612532,0.19958940150723342,0.15322752680467036,0.08823666474401679,0.3248879721472723,0.24961554599417893,30.305536153802734,20.369768803810334
3332,Ben Tre,VNM,2022,2022-11-25,0.06921854948198469,0.24090538054618077,0.046243281928659855,0.07582639897266251,0.2084175322649261,0.13051380888010414,0.06672286338434333,0.5276967791475042,0.40061704816994875,28.747536915889263,23.849850572897683
3343,Dong Thap,VNM,2022,2022-11-25,0.083783783457477,0.2540479514991636,0.05994693252020598,0.09246987828027965,0.21529039216831156,0.14971694635637264,0.07690019889843477,0.46863128998633374,0.38823465063088813,29.995772958054513,20.96061555209573
3351,Hai Phong City,VNM,2022,2022-11-25,0.20245346478007906,0.32090815797487027,0.1826910134907638,0.20840129588865075,0.31098046797134354,0.26516226375737245,0.17445571650999414,0.26375730313547696,0.2761164798061744,28.36130535195764,21.236482575897583
3352,Ho Chi Minh City,VNM,2022,2022-11-25,0.08257099735706001,0.23409660892530493,0.06356977140278167,0.09046215952337444,0.21170599774480664,0.15246966215933103,0.09131844337902294,0.48319959202883195,0.39842471281895664,30.720984779211022,20.726442915101032
3356,Kien Giang,VNM,2022,2022-11-25,0.11662215590409972,0.23863437466135176,0.09754495217136026,0.12073492338662624,0.20360468818016603,0.1500474912158044,0.08578850943152502,0.35888873294990287,0.2554596787515485,29.089733722068274,22.59432840296069
3359,Lam Dong,VNM,2022,2022-11-25,0.04591795288031886,0.307628026605367,0.030628777823936203,0.058437217880343624,0.2989907551872611,0.17634220502922607,0.07194934609396593,0.7513319514837823,0.6355467600627714,25.855553814860087,17.119243962803438
3362,Long An,VNM,2022,2022-11-25,0.07837937208278634,0.22086749735736894,0.05308791745753101,0.08346989112491122,0.18396586559994657,0.12782336055317478,0.06695498740898616,0.4408360127939249,0.3359452891379805,30.58863957602464,20.64667008510365
3375,Quang Ninh,VNM,2022,2022-11-25,0.3620191839184865,0.4594551407395015,0.36408013814232915,0.3731986879474492,0.42796338418105656,0.3516985375931601,0.22997370665877237,0.16379343648273997,0.1738101960795864,24.08557824006924,20.36123591794923
3378,Son La,VNM,2022,2022-11-25,0.05820405064666452,0.29713965517019797,0.042300083701366294,0.06994876599700847,0.30710193613799347,0.20332522538028344,0.09253298047608788,0.69989328969659,0.6589060965850256,26.750889958205217,18.618992881904568
3379,Tay Ninh,VNM,2022,2022-11-25,0.07762171847016525,0.26509812726463333,0.05327766634424233,0.08548895758834539,0.2689782913331165,0.19415314821826044,0.09623847992429273,0.5321260426573539,0.5140687370428577,29.65492517243372,22.623115295102206
3380,Thai Binh,VNM,2022,2022-11-25,0.13453964742117266,0.2636480184727686,0.10267276719999585,0.1351726425011953,0.26461683023617666,0.2259483792671842,0.14175621056283222,0.3477398215211239,0.3418316706911824,27.40102590973472,22.566874762445316
3382,Thanh Hoa,VNM,2022,2022-11-25,0.13227280800359442,0.31304485295941414,0.12420948724381971,0.14297110815728128,0.30023922335360753,0.219182456424337,0.12699029959580593,0.5032233393938441,0.43518547394970974,27.948297451172174,20.03133429797878
3384,Tien Giang,VNM,2022,2022-11-25,0.08771642585401519,0.26353208966625624,0.06909524701925955,0.09576277482435641,0.2352627149160448,0.16393307746989166,0.0907584249582053,0.5178295092747899,0.42259830904100515,30.372012566504242,21.894746030080498
3333,Binh Dinh,VNM,2022,2022-12-03,0.2895015219002482,0.40694806800953576,0.2931892802405581,0.2993969968038863,0.36666010714629305,0.26657289493803515,0.15540634663324418,0.2273808045637143,0.1995090569025059,24.058773596457915,15.613019758007757
3338,Cao Bang,VNM,2022,2022-12-03,0.32178011300511783,0.4384361876207063,0.31250087800413184,0.3253681207597907,0.43758047600386024,0.37859370715837476,0.28222989524881836,0.23289048063331313,0.3213895836043361,16.01842159088816,9.062878157588205
3355,Khanh Hoa,VNM,2022,2022-12-03,0.2402052698802596,0.375045502131153,0.2520205744757767,0.2512640399189834,0.3397233011185057,0.23419253974710624,0.13379313429947146,0.28996878954039446,0.2322834220185148,25.71704184558867,14.173574167674014
3360,Lang Son,VNM,2022,2022-12-03,0.3405343626547178,0.4574195733599356,0.34056983295901977,0.34524263369238783,0.44444419263563545,0.37921193813172804,0.2654941750585609,0.211166796579081,0.2745776686027585,16.883746006476994,10.012084800115916
3370,Phu Yen,VNM,2022,2022-12-03,0.20251142926408267,0.37191694235215156,0.19899162958178357,0.21495860430491595,0.33558450242777577,0.22465778115709456,0.11964321366901164,0.3666333842348985,0.32427179284407265,24.264722219572793,14.876744480951894
3371,Quang Binh,VNM,2022,2022-12-03,0.46674287520044777,0.5307855385126867,0.4759718371580321,0.4739560198356076,0.4821414257782657,0.39520133719463274,0.25257305623804016,0.10614962079822071,0.11377207316514434,19.820428137713527,14.140126890502053
3374,Quang Ngai,VNM,2022,2022-12-03,0.41601480420485515,0.5011217836551634,0.4173421952482171,0.42516296405968385,0.44391128019185233,0.3118276354059624,0.1830295507347517,0.12926124667717742,0.12076186363651266,25.18123933790914,12.903261201703646
3376,Quang Tri,VNM,2022,2022-12-03,0.42294612390052366,0.4952879541035496,0.44494722359877265,0.4332286538762149,0.44428750469353334,0.3596564869812587,0.22769724247134324,0.11914777926690753,0.1181472056122285,22.88954791819705,15.359840610833926
3383,Thua Thien - Hue,VNM,2022,2022-12-03,0.4261066821708562,0.49055401164272544,0.4436321850451722,0.43584271201303615,0.44644339486726264,0.36772041396149957,0.23767982353246944,0.09853539203420815,0.10314923971908375,22.833900441656123,12.036071106617808
3327,Ba Ria-Vung Tau,VNM,2022,2022-12-03,0.051395697671816475,0.23491157874149432,0.03500434387682918,0.05796997837913558,0.22500058844363877,0.15178700592870945,0.07392806951565213,0.6315738064199169,0.48489515136682315,30.01064913237231,
3336,Binh Thuan,VNM,2022,2022-12-03,0.04495065201715805,0.26259391979030416,0.023597812707958268,0.048830331673295806,0.2595376385502608,0.17002113054340895,0.07700476409486579,0.7318029441861414,0.5737161302663334,27.600164908077975,17.168474150246325
3342,Dong Nai,VNM,2022,2022-12-03,0.041839807824106824,0.24089730452206318,0.02777115871275321,0.05082319928347255,0.2304931905999178,0.14436154008550967,0.0643045560308988,0.6776310116763145,0.5048924670259463,29.19913708648389,17.599874794416365
3344,Gia Lai,VNM,2022,2022-12-03,0.15217759197199873,0.34082623596323575,0.14280239987839052,0.16050159346145224,0.32855791855250716,0.22554179927699053,0.11790396952383267,0.5021051151844851,0.4469006287716523,24.795149446912404,15.686648828238809
3345,Ha Giang,VNM,2022,2022-12-03,0.4671973055623154,0.5436589660526232,0.46126847649225905,0.46880871623589054,0.5245447264591703,0.4495923715952462,0.3068175944683948,0.12874332386701096,0.1921341064262194,18.374845277090014,8.200457622865803
3347,Ha Noi City,VNM,2022,2022-12-03,0.413277813623195,0.46980561603585624,0.41700166238969405,0.417190928770531,0.45543637695192907,0.40592256733906823,0.2615447990475458,0.07621664604618338,0.0963013900256695,,11.300408094435115
3348,Ha Tay,VNM,2022,2022-12-03,0.5344747310103812,0.5758334617029678,0.5360182336612747,0.5377294411330887,0.5426781442567336,0.4607572687607315,0.27234325038500623,0.04006939268076206,0.038723925724672766,,11.115173086522644
3349,Ha Tinh,VNM,2022,2022-12-03,0.6304129919429229,0.6639043698894552,0.6426040015844885,0.6377863695671201,0.5957746110706942,0.47533751526756507,0.2733486307971988,0.03245655086130043,0.030412731772335846,18.0433224411341,13.698293112544837
3353,Hoa Binh,VNM,2022,2022-12-03,0.5512345737480709,0.6056015628080984,0.554301297746973,0.5554016611059253,0.5653931707410779,0.46840936951791223,0.27902683718939275,0.06116489117036305,0.06458711909962567,18.73850644186417,11.441019289760492
3357,Kon Tum,VNM,2022,2022-12-03,0.17195186348318434,0.3619684209827883,0.16379233792618872,0.18029610159922718,0.3491993124377826,0.22928563318228634,0.11498996718280212,0.5257747189025799,0.45984347838746914,24.809640788292867,14.23654782330063
3366,Nghe An,VNM,2022,2022-12-03,0.38862131502019664,0.4863997462071517,0.3970856658364261,0.39634935467410615,0.4593081626766413,0.3803785951614092,0.2333007616725766,0.14536696744183658,0.14901320857395003,17.444750567491955,11.788095504526527
3367,Ninh Binh,VNM,2022,2022-12-03,0.3773722134161865,0.43791184642065634,0.38318649787300135,0.38393054808778654,0.41788316045656454,0.34986513791057533,0.21199319407329628,0.08265711637268927,0.08262899102922164,,10.841689536878242
3368,Ninh Thuan,VNM,2022,2022-12-03,0.08669572991117555,0.28761268774813786,0.07948884355857377,0.09381400975029787,0.2722280359149467,0.17859725983804517,0.08682778964217062,0.6023837245773311,0.47633714776983593,26.206731437328447,14.884322185381723
3377,Soc Trang,VNM,2022,2022-12-03,0.13273022681562247,0.2811972686660964,0.11924155388491409,0.14214465100214574,0.23719489162178198,0.16348812650261269,0.08866302163301032,0.3609750026333147,0.28255041526865243,28.36683248756441,
3386,Tra Vinh,VNM,2022,2022-12-03,0.14201703551638659,0.27496499304945776,0.1303325611128047,0.15001422921690105,0.24594463636764055,0.1734156214202363,0.09788114468626737,0.3359640585473714,0.26299399267297136,29.722406713109343,14.014033796300861
3387,Tuyen Quang,VNM,2022,2022-12-03,0.4425515666250463,0.53457728210801,0.4388659672677896,0.4446291929706085,0.5177822060771414,0.451819281984498,0.3248245465875711,0.11369586946398921,0.17822062882118775,,9.64334291418329
3388,Vinh Long,VNM,2022,2022-12-03,0.07357923763464284,0.2830365642158843,0.05409918029751804,0.08697221910865137,0.24961725981763289,0.16295668122479004,0.07913719628152764,0.5835248328741484,0.4840318019852506,29.916835296872677,
3390,Yen Bai,VNM,2022,2022-12-03,0.45667649205680083,0.53616285523627,0.4560491444227085,0.4606096162387887,0.5123242815939975,0.43046793311314413,0.28152263560432716,0.1500864843050549,0.14238961276137058,17.400348273297872,10.53949889063284
3328,Bac Kan,VNM,2022,2022-12-03,0.42459202555038394,0.5229698865580723,0.4202957864557818,0.42714501999814286,0.5080224191389484,0.4434375915262331,0.3250540420453896,0.12463287449060356,0.21118428856677052,17.12152680515011,9.687527816689228
3329,Bac Giang,VNM,2022,2022-12-03,0.4078606011733105,0.500824987332105,0.4086055643483263,0.412152203909249,0.47869406792696073,0.4071869811446283,0.2600929765162657,0.13228701015712258,0.15527135833149694,20.63553995639434,11.057332542254768
3330,Bac Lieu,VNM,2022,2022-12-03,0.12094424911185248,0.24213000417081923,0.09773013813253735,0.12744110409893974,0.19476642053404222,0.13209029496721017,0.07038909282441437,0.3348924402427325,0.23071983716210107,27.77505982086379,
3331,Bac Ninh,VNM,2022,2022-12-03,0.36169757934487146,0.4298695888206826,0.3701379924964591,0.36656718710826225,0.4152814340297935,0.370533117757897,0.2228056642037438,0.09697747064794059,0.06968064163519945,,11.923349780948916
3334,Binh Duong,VNM,2022,2022-12-03,0.05799676484685474,0.2526312275580506,0.038606905867715216,0.0648705105722188,0.2615072821101936,0.18811227249392634,0.09209080587347755,0.6371463706480395,0.5620178837285211,30.84567200284725,19.9612372151799
3335,Binh Phuoc,VNM,2022,2022-12-03,0.0322718977155899,0.2522691680540746,0.017330358921314418,0.040745367745179964,0.2544154843456029,0.1593525936861884,0.06248760141605036,0.76971098743885,0.5676632718348623,29.598698392665582,13.957438703350075
3339,Ca Mau,VNM,2022,2022-12-03,0.11210306265071697,0.23302007900381883,0.09569439052401305,0.12287717227433534,0.19687121490957207,0.1327656060855856,0.07204999486782582,0.3634813705222081,0.23448203037352414,25.340973539263896,19.857246376811613
3340,Da Nang City,VNM,2022,2022-12-03,0.4642058658074231,0.5290076165577939,0.4646998566529577,0.4700637160663859,0.4885725970980211,0.39302884459960885,0.24386451681593457,0.08147007919683497,0.08398538542002479,,13.989885595423841
3346,Ha Nam,VNM,2022,2022-12-03,0.2955105985111306,0.3718195812581096,0.30365075438310446,0.304292434367188,0.3564625960176867,0.30195673092187575,0.18522923615535583,0.13219771135552583,0.1258138839721277,,12.895181840876631
3350,Hai Duong,VNM,2022,2022-12-03,0.41530935539697,0.47658294179023475,0.4271092496893635,0.4220660970748195,0.45240277329274264,0.3931662377447286,0.23570005318208903,0.07393727049618924,0.07086445733530529,23.75154860667944,12.958329250318442
3354,Hung Yen,VNM,2022,2022-12-03,0.45646141473159646,0.5113503427952081,0.46110260852561136,0.4614218175368475,0.48541209457354784,0.41491412903878616,0.24506339407053238,0.06135430283958433,0.06422882209805018,,12.172327862056417
3364,Nam Dinh,VNM,2022,2022-12-03,0.38315647950677745,0.4327966487387652,0.39854842624767695,0.3930631288599462,0.41512029673197837,0.36928288320594493,0.23881780905839495,0.07185671418835393,0.07340587763739102,,13.357925400856717
3369,Phu Tho,VNM,2022,2022-12-03,0.6008271912486677,0.6444063887225588,0.5972221459452326,0.6023247270998966,0.6019924309254809,0.5130926848799912,0.33369715259066485,0.03879694391982053,0.04829756128346203,,10.128543024404554
3372,Quang Nam,VNM,2022,2022-12-03,0.5115046347168404,0.5669769366278328,0.5143546287827011,0.5181854284566206,0.5001275252179292,0.3543259361861042,0.20372723099384968,0.07070962340734807,0.06764985830919285,21.66635109802422,11.109720153581792
3381,Thai Nguyen,VNM,2022,2022-12-03,0.3636789167615674,0.47525214260647597,0.36170271660558984,0.36791318087968816,0.4596887459509006,0.3955166078296238,0.277686364395911,0.17859638740759157,0.26149152930336955,,10.345303055704617
3389,Vinh Phuc,VNM,2022,2022-12-03,0.5270656408800616,0.5797918139501783,0.5242587762487203,0.5289526577557768,0.5528454290789785,0.48490575635762084,0.3189122503568326,0.055842399678780755,0.07105395631882641,9.715000000000032,10.672563376251782
73933,Can Tho city,VNM,2022,2022-12-03,0.08553811018784321,0.26610181527267257,0.06644179252924551,0.10012831976901192,0.2317686399678197,0.1643103763617128,0.08484803202539112,0.4966900569951021,0.41626973996366157,29.979631646128635,
73934,Dak Lak,VNM,2022,2022-12-03,0.11886802441040373,0.3152450893521371,0.10695165212129767,0.12655805630795675,0.3065282119965237,0.21033979922179172,0.11129566760663662,0.5446876829677363,0.4680789192884291,26.435167632012174,13.247722070342192
73935,Dak Nong,VNM,2022,2022-12-03,0.047813574291363216,0.2725940342741815,0.03912658898458712,0.05637535514790248,0.2610524940679861,0.15557320060569071,0.06691526821590896,0.7427774060981673,0.5415396705951586,26.48157519196976,14.867070972596743
73936,Dien Bien,VNM,2022,2022-12-03,0.18410816336318506,0.35593819492507817,0.17617173900725785,0.19260749624895107,0.35510759618457016,0.26552277394803386,0.16228929557763688,0.4460012201029051,0.4249142622069925,22.139120111698887,15.616981878017597
73937,Hau Giang,VNM,2022,2022-12-03,0.11172486710338546,0.2453120299365601,0.09337894102003731,0.11840106552786701,0.21319371148439303,0.14909090174409712,0.07879467764493732,0.38651887333091295,0.26565460293983956,29.493373195910944,
73938,Lai Chau,VNM,2022,2022-12-03,0.1964423542798373,0.3655329891313541,0.1908818236358852,0.20519255025091704,0.359089961297693,0.26739019282248355,0.16538611064665312,0.4361442200829858,0.4034034708901813,20.79794813156011,13.228002808027574
73939,Lao Cai,VNM,2022,2022-12-03,0.46752851714189303,0.5402549574605546,0.46482254302832243,0.4709394993467472,0.513901422095569,0.425440712925359,0.2684889162599633,0.13774102277051306,0.12110473145864853,16.720486606688606,8.920164237601465
3326,An Giang,VNM,2022,2022-12-03,0.0903371398428004,0.2113353724675719,0.06063584198391501,0.09139996661639697,0.18405878972078368,0.1365051091581351,0.07216341112785961,0.3829501047776262,0.26872779548643455,29.16099001760182,18.55708842522966
3332,Ben Tre,VNM,2022,2022-12-03,0.10403744982259688,0.249771882680938,0.09184975582675196,0.11221755128814061,0.21725880613160667,0.14063644041639464,0.07500766783729171,0.4196111650190036,0.30258453213981507,29.720204860654455,19.720169002506395
3343,Dong Thap,VNM,2022,2022-12-03,0.06592784878504199,0.2763752426713959,0.0415903299310686,0.07916578524637317,0.23297674926043746,0.15456757830811135,0.07281895602509504,0.5673100233920492,0.47976604882774415,28.67559045715204,19.408337068689537
3351,Hai Phong City,VNM,2022,2022-12-03,0.37193797749884977,0.4283482917557034,0.39306815397740846,0.38199114696306763,0.409230099681679,0.3728994157400742,0.25441404591447475,0.07832703100837955,0.08953359169655252,23.536100898115343,13.961774614269306
3352,Ho Chi Minh City,VNM,2022,2022-12-03,0.09990340205684038,0.23933463503872998,0.0868464201335487,0.10892275794435445,0.21660487125601652,0.14906035883679755,0.0823777959375172,0.4283439361951319,0.30535525595917,30.24165892069347,20.098859682839414
3356,Kien Giang,VNM,2022,2022-12-03,0.0977364498990102,0.24027098513712053,0.07730989350903102,0.10617602751677399,0.2075540503731352,0.14588811191669018,0.07444099743101688,0.42186620853442036,0.29642230657781166,28.710481141067092,
3359,Lam Dong,VNM,2022,2022-12-03,0.037458276126913624,0.2508764548504533,0.028308622530227312,0.0448126926311972,0.2388255573627254,0.13584543486760803,0.05562997982491217,0.7791407113078391,0.5146009355583822,24.92251417370889,13.612828601138354
3362,Long An,VNM,2022,2022-12-03,0.08736226122748966,0.22816620153805336,0.06405443576900259,0.0927829820164243,0.19046390536923388,0.12665325181497736,0.06297142132661535,0.41545311729360146,0.29589827597583584,30.45816087383487,20.189588552464425
3375,Quang Ninh,VNM,2022,2022-12-03,0.3478458076602236,0.44930322689130053,0.36625146293029565,0.35781895383697004,0.42201713913239997,0.35749657678642516,0.23417828951744818,0.17607289203293322,0.20911824370806387,21.438464960060234,11.196748737884
3378,Son La,VNM,2022,2022-12-03,0.4023968393272314,0.49586119224500047,0.40135036278530667,0.40759153881782895,0.4802724527371144,0.40922723992233423,0.2752169117898372,0.18099859137248359,0.19392175683931648,19.742747183295123,13.86121599645857
3379,Tay Ninh,VNM,2022,2022-12-03,0.0596166548497171,0.23648080697860893,0.03562889478088002,0.06523782884609688,0.24078586789306522,0.1718140365190041,0.08470755086098948,0.5781899017134197,0.9265383175590539,30.15226658998013,19.77132964083499
3380,Thai Binh,VNM,2022,2022-12-03,0.3419106083637264,0.4057317355518175,0.35738760348594095,0.35107172648068047,0.38774575215409807,0.33344995792587456,0.20733528477971408,0.10879142656470048,0.10805302245450485,,13.503566673359051
3382,Thanh Hoa,VNM,2022,2022-12-03,0.4081384074441953,0.4969517338557656,0.4152974234435386,0.4153615886763651,0.4730194681289984,0.4011664541014826,0.2542756986658228,0.11957133905983384,0.1310192386148471,17.015472745472774,12.019432522220786
3384,Tien Giang,VNM,2022,2022-12-03,0.0921161202814164,0.27066965567597034,0.07997802426407269,0.10343256402751179,0.23883677421481972,0.15494973600135753,0.0772365985100145,0.5047907155231328,0.3905687753068573,30.17634086981781,20.070983684743936
3333,Binh Dinh,VNM,2022,2022-12-11,0.3856112042988269,0.5042367463415868,0.37609179521732194,0.3927688344530991,0.4791076800911137,0.39920163173791035,0.263951996966834,0.18691702014352124,0.21480732227485583,22.30951433034393,14.935054394465851
3338,Cao Bang,VNM,2022,2022-12-11,0.028914864105306776,0.20866961296418207,0.018174115010220104,0.035586285151369176,0.2165942795655344,0.129916733964212,0.05295476627938042,0.7636141774443211,0.4574417760125915,17.76230428976567,7.3210971072889635
3355,Khanh Hoa,VNM,2022,2022-12-11,0.2199369881217605,0.4419909759038326,0.20444629812023027,0.23182862787836178,0.4156566101590876,0.3033448851359442,0.1778247409366184,0.4144164252262304,0.4725720294734869,22.589753711898098,17.28194413718779
3360,Lang Son,VNM,2022,2022-12-11,0.036360752396835075,0.2537265087680879,0.024244860629868345,0.04539644958250081,0.2542649194151887,0.14990191664114025,0.06199361683405434,0.7506596907566848,0.5417291777547312,19.258788776165417,8.165676306250436
3370,Phu Yen,VNM,2022,2022-12-11,0.4502436946469853,0.5745638960609866,0.435725381769438,0.45550646001227496,0.5301563385622322,0.42627976663884315,0.27292594538430304,0.16739988547855228,0.19791125305044419,23.94029017734334,15.55176219152069
3371,Quang Binh,VNM,2022,2022-12-11,0.4211574977139464,0.5333689957972074,0.4179380724630589,0.4266494365424156,0.5100864882209455,0.43004443289825506,0.2906789367422264,0.23330477457931895,0.2338206426131505,18.878879074802633,12.801801008281625
3374,Quang Ngai,VNM,2022,2022-12-11,0.6148780331048561,0.6707537530127463,0.6100481003031996,0.6198966293232936,0.6129978301836131,0.48935788973158284,0.2747842282091281,0.05141271844633843,0.05731670316865508,22.260044908248837,13.756367868030129
3376,Quang Tri,VNM,2022,2022-12-11,0.6019924109328636,0.6549480050978465,0.605555669895552,0.6046996768670475,0.602822532083945,0.5115180280567692,0.33970305892460173,0.09036707718711043,0.09464745182099107,19.8355777625048,14.276460584823015
3383,Thua Thien - Hue,VNM,2022,2022-12-11,0.7128403933495118,0.7384550927857841,0.7005462757580471,0.7132469052125997,0.6841897069510546,0.5835774664680277,0.36756254679662165,0.020464523904977376,0.02388689357395692,17.822347958084418,13.223726479428827
3327,Ba Ria-Vung Tau,VNM,2022,2022-12-11,0.07761493031601295,0.28443060184234686,0.05419433688069923,0.08675423718341008,0.2756644773676643,0.19289358297225623,0.10005168636902788,0.5482907610588252,0.535929260485922,30.92990865409907,19.58559082537687
3336,Binh Thuan,VNM,2022,2022-12-11,0.05784077137400088,0.2966178511098374,0.030463531090708092,0.06293960522345547,0.30002011839276344,0.2008373326567517,0.09674072454214391,0.6894611864022447,0.40844980081473947,30.535958009821712,18.91081832387488
3342,Dong Nai,VNM,2022,2022-12-11,0.056462490010984995,0.26927414697427243,0.03911822412416403,0.06661015039958423,0.2600861813301412,0.16805681056211458,0.0805929538431716,0.6432039248034284,0.5413756998361945,31.316014766568994,19.531186392539695
3344,Gia Lai,VNM,2022,2022-12-11,0.11798460245729313,0.3521804798193317,0.09937141813488706,0.12763303680858695,0.35003723510405826,0.24325775520606718,0.1281296056930506,0.5911916613741983,0.6044475126045236,26.2833146152353,14.744233331863303
3345,Ha Giang,VNM,2022,2022-12-11,0.16229420784847362,0.316811945478255,0.15320391288853477,0.16835144393400386,0.31529756441609164,0.23886349146104122,0.1443292290063002,0.5542466752383916,0.37719941045203714,17.676482427629466,7.218645384132138
3347,Ha Noi City,VNM,2022,2022-12-11,0.07392014390602339,0.19379617931368054,0.04396640972192958,0.06834372019295785,0.19760751399358256,0.16505499416954447,0.1101652442182533,0.44326888350272536,0.3915409210826857,25.603526455663566,11.747392068034692
3348,Ha Tay,VNM,2022,2022-12-11,0.07021780923874396,0.20107024435787596,0.04231573846021471,0.06839113607332166,0.19644475998720523,0.15328558083108593,0.09186275945451598,0.48199639984091047,0.3648176825298395,24.463805395711667,11.980422500075104
3349,Ha Tinh,VNM,2022,2022-12-11,0.11520764437344634,0.2966847932718969,0.10357818872935516,0.12456922919936815,0.28610404218479507,0.200714291986272,0.10750737744055693,0.5465807817293421,0.4291241119000739,21.138659887220545,12.29149660436811
3353,Hoa Binh,VNM,2022,2022-12-11,0.038791728693284,0.21928357259985726,0.02933383773938891,0.04597408633979645,0.21529246283989317,0.13313306966385888,0.05756832050071344,0.7052672669956405,0.44722036717952385,20.779472637529626,11.004511543085558
3357,Kon Tum,VNM,2022,2022-12-11,0.11642931941029502,0.3544791935226108,0.10459097771079628,0.1271585802284706,0.3526442829407212,0.23454821266218373,0.1136468371309106,0.6444505698522242,0.6050865622927948,24.110055446436448,13.394037558307634
3366,Nghe An,VNM,2022,2022-12-11,0.05231739925696203,0.2510822385622764,0.04241563130664349,0.060778705407949704,0.24038323822112326,0.14576027518414167,0.064652304211421,0.6901261813159046,0.47182148047687483,19.973021823646775,10.865649885337398
3367,Ninh Binh,VNM,2022,2022-12-11,0.06834107221449147,0.19761448590187003,0.04120733883555606,0.06533815589750895,0.19381549366469447,0.14801594298527004,0.08593360920599895,0.4843195599340367,0.35214549280769786,23.603831674038382,12.945364476579385
3368,Ninh Thuan,VNM,2022,2022-12-11,0.09126769965932287,0.34012825303859573,0.06651853959409083,0.1010894706098293,0.3338145708279297,0.22539804223634274,0.11397784375778848,0.6068475336953985,0.6366065413186772,27.159693756839676,18.503243787848124
3377,Soc Trang,VNM,2022,2022-12-11,0.10647988001569347,0.2916857723593612,0.08480620201218339,0.11611856262534406,0.2459339452863266,0.16899845018830847,0.08986561769218233,0.4594812044748441,0.39516742173779806,29.064677234989805,19.637653973007115
3386,Tra Vinh,VNM,2022,2022-12-11,0.11463380759210282,0.2669044625421235,0.09237966687861066,0.11931658376331394,0.24075922249726095,0.17195145892938127,0.0973495609678505,0.4135352639164304,0.3374944570218677,30.362868833010687,19.491972807027828
3387,Tuyen Quang,VNM,2022,2022-12-11,0.039953121954156755,0.23647435569612155,0.03338925391481044,0.049407392013620814,0.22958750899556093,0.13646767973910978,0.056903187981915626,0.7304750577369638,0.47148235572326125,20.10481086954746,9.92664977303483
3388,Vinh Long,VNM,2022,2022-12-11,0.09972275918595863,0.3193125918250648,0.08738825473850335,0.11518478777544351,0.2836506927712933,0.19325213052982262,0.1015385482709543,0.5379536450647147,0.5043919538917094,30.273562845155443,19.995889357730157
3390,Yen Bai,VNM,2022,2022-12-11,0.06604167684991807,0.2377523495154954,0.06160810628893363,0.07559272310661264,0.23682446962891385,0.15339444729943963,0.07398102540095916,0.6444982601741517,0.411330337637929,18.40586214772432,9.509322807954556
3328,Bac Kan,VNM,2022,2022-12-11,0.02701519635794553,0.23052474809919743,0.02091329311362514,0.03591272296101288,0.2245774192494242,0.12470423790479802,0.04653507371581073,0.7939428732173871,0.4879202798917772,18.549705437551868,8.099783556073705
3329,Bac Giang,VNM,2022,2022-12-11,0.05219423611637894,0.25862401698699206,0.031473476206425516,0.055175164682556066,0.25097469995600524,0.1620669228641691,0.08095782408731109,0.662408214014058,0.5356286642344185,22.812958453292502,9.639113803272483
3330,Bac Lieu,VNM,2022,2022-12-11,0.09473024125680733,0.2342566829999137,0.06312915884021632,0.09943510473639577,0.19303954776920254,0.13375672807287387,0.07090800738323921,0.4015203406065484,0.2924978596499774,28.47656879555133,20.18251901431716
3331,Bac Ninh,VNM,2022,2022-12-11,0.0843179733977531,0.2057539815899176,0.04711965729299796,0.07345627120608218,0.20904150692578866,0.18199861161098785,0.12276770101276585,0.4244523711327677,0.39964858651421453,25.50783523173362,9.727945117405747
3334,Binh Duong,VNM,2022,2022-12-11,0.05696092974642941,0.2553745749134073,0.03357635320458899,0.0631926035092553,0.269608603233947,0.1982135275579434,0.10461363027976191,0.6369736111314347,0.7258843813564224,33.31512609355982,19.014028146384355
3335,Binh Phuoc,VNM,2022,2022-12-11,0.038324560724709474,0.27143111783885915,0.020890488316720822,0.04837234352155254,0.2775682814225239,0.1749531224521544,0.07286808566444866,0.7448400191557077,0.6152005302099627,31.0023727740018,18.888879473668922
3339,Ca Mau,VNM,2022,2022-12-11,0.09626195343040712,0.22219661291389273,0.08111788377441143,0.10561731638504954,0.18736150284225667,0.12799025231483493,0.07156072839620016,0.4102063091599669,0.2600183249097915,27.84261294135469,19.94115148769328
3340,Da Nang City,VNM,2022,2022-12-11,0.47104396127597287,0.5360990507735017,0.477010837655846,0.4782700105598669,0.5146159118120477,0.45715513053678997,0.31279486689825553,0.08309369521369289,0.10463642830893276,24.562327345653948,9.652410363452319
3346,Ha Nam,VNM,2022,2022-12-11,0.08312319897383566,0.20308424950099385,0.05916165219213466,0.08277867534221305,0.19863506738436107,0.1590873926581002,0.09656952717705365,0.42998759844940465,0.3197058964159061,23.98916031406309,12.550084772848953
3350,Hai Duong,VNM,2022,2022-12-11,0.07948958632322964,0.2199451925744235,0.045892442015382555,0.07563891457107187,0.2157541250862423,0.17021319468419793,0.10637888025439865,0.46756876702515565,0.3964221521607895,25.33929568485451,11.332291972951595
3354,Hung Yen,VNM,2022,2022-12-11,0.07492309290993182,0.2120072940649307,0.04255097247320577,0.06909302038100988,0.20956484455070032,0.1685275530308164,0.1060884417533109,0.47835469335091974,0.40297456476161647,25.21329648338219,10.385188642998733
3364,Nam Dinh,VNM,2022,2022-12-11,0.08572837438988272,0.20295677365118361,0.048792118891290176,0.0786609706588145,0.20888850609615534,0.18189206802598878,0.11679453909893363,0.4019927194400948,0.36522081766276404,24.704977187017946,12.664986210062075
3369,Phu Tho,VNM,2022,2022-12-11,0.05166906299301945,0.21968443734111728,0.03650307792150004,0.05705885172622899,0.2156155347905323,0.14129737201209797,0.06742174575264995,0.6231027639641642,0.4165946346819388,21.69812178960392,10.974775070513504
3372,Quang Nam,VNM,2022,2022-12-11,0.4662752072696568,0.5526558068676549,0.47962618583751215,0.4742479091284895,0.5207141742654589,0.44415463073413175,0.2916649672246596,0.11988423179418184,0.14026482609266294,23.109356501525554,10.74394931708287
3381,Thai Nguyen,VNM,2022,2022-12-11,0.042061893601030374,0.24263991481738315,0.02985195776606512,0.04816793295692417,0.23479129249507766,0.14663893283822846,0.06808797576965973,0.7058988923071818,0.5126738717914475,21.629938324736816,9.939133433456266
3389,Vinh Phuc,VNM,2022,2022-12-11,0.06510026425734945,0.21752672338671028,0.04026555617543468,0.06424423761557148,0.2155230252328889,0.15984905056391788,0.09190053892164274,0.5474238926697158,0.4254005459036727,23.523229865503268,12.043168157121158
73933,Can Tho city,VNM,2022,2022-12-11,0.062107630688611866,0.32521096106479286,0.04089720466605309,0.08305501285258517,0.279398691047548,0.18764109045850497,0.08747084247111211,0.645260166505138,0.6486713189224498,29.987771847501854,20.114786257465777
73934,Dak Lak,VNM,2022,2022-12-11,0.12175954948172778,0.3586078408176807,0.10117365820674286,0.13109131729772755,0.3552100172789371,0.24623156880306404,0.12949549076912803,0.5813058377024735,0.6074968337247829,26.265502250999013,16.086586513365145
73935,Dak Nong,VNM,2022,2022-12-11,0.05538141458450956,0.3316696797409056,0.03707356235041732,0.06799239678224475,0.32554978643288934,0.19844697062600733,0.0852005498158502,0.7320159774051829,0.6833263924765187,26.71590059482541,15.629300152718443
73936,Dien Bien,VNM,2022,2022-12-11,0.04186766059389184,0.24806785148614777,0.0319798355324406,0.04997263534249792,0.2529297921357039,0.1541351441002133,0.06631029772921776,0.7464472373119447,0.5212384524133808,20.377950591142678,8.387468427620245
73937,Hau Giang,VNM,2022,2022-12-11,0.07694984988641679,0.24850712400524885,0.054108914110447034,0.08675980695169161,0.21240419565598162,0.14559548717271273,0.0738100328256796,0.5203879179541298,0.3865401665771699,31.16775414931343,20.468614559527737
73938,Lai Chau,VNM,2022,2022-12-11,0.11707517257812824,0.29804471639831015,0.115403566891805,0.12474932386216948,0.29344944040624094,0.2037976015959289,0.1165776848277526,0.5798709063037872,0.4588921095008464,19.590029804097245,8.231697278909847
73939,Lao Cai,VNM,2022,2022-12-11,0.1611079503555342,0.3025918145297265,0.16774363068904824,0.1673245691924868,0.29920300255916843,0.23415127045846826,0.1511258429384816,0.4566770805230689,0.35407352916545604,16.88913992440313,6.9152317305975055
3326,An Giang,VNM,2022,2022-12-11,0.07530572644242134,0.23052353663558237,0.044199129092683316,0.08189610495652842,0.20438721255875478,0.14942654697282137,0.07536815437838533,0.46925822746588675,0.37582205215785475,30.441232385318003,19.932309579513934
3332,Ben Tre,VNM,2022,2022-12-11,0.11650497425566908,0.263738027154064,0.10552282038263934,0.12525243663022856,0.23197161849761988,0.15866690737542175,0.08978771591663563,0.39888114978939965,0.3012595024787073,29.91645719458237,19.616074891343136
3343,Dong Thap,VNM,2022,2022-12-11,0.0657867067940054,0.3125544666557464,0.03950275734220891,0.08442753550158542,0.26681813504234425,0.17386059172426077,0.07936341085025263,0.611077438757739,0.5662637791369023,29.663138943834465,20.219784724381515
3351,Hai Phong City,VNM,2022,2022-12-11,0.08101991493991055,0.1985066787127103,0.05275241464144259,0.07917493658388723,0.19428688497101898,0.155365300218789,0.09944948730537503,0.42437937274719695,0.3285143563181393,24.32570793773897,12.662605677092476
3352,Ho Chi Minh City,VNM,2022,2022-12-11,0.09760556158984875,0.24458870014262493,0.08304578148323526,0.10574434551950154,0.2213447290275934,0.16302648098812286,0.10069341234028849,0.4436340748916711,0.3679383367323411,32.87440643544009,21.631555988460267
3356,Kien Giang,VNM,2022,2022-12-11,0.06354776026720876,0.2560027715141634,0.03625583428894699,0.07511774830086447,0.2223065709124483,0.1492338009870622,0.06970534299314511,0.5665310471481625,0.444351994741664,29.9583208650962,20.023073094474483
3359,Lam Dong,VNM,2022,2022-12-11,0.05164096696961109,0.3036803303947331,0.035539804005476364,0.06255753246868705,0.2958664371051434,0.17536631787836024,0.07643260671680631,0.7404439428857236,0.6150633386130079,25.822179635969515,14.786912037152048
3362,Long An,VNM,2022,2022-12-11,0.0761206717222073,0.24402049765724598,0.04958750911712853,0.08308029844718962,0.20780045385653115,0.14339633593040607,0.07259457342106312,0.49231683426662315,0.3936396678348757,31.920903709908714,22.61709899061492
3375,Quang Ninh,VNM,2022,2022-12-11,0.04683084084527631,0.2436265593156918,0.036869825642178486,0.056453915807075886,0.22919627636776974,0.1386018634750849,0.06392551762704678,0.6925125008686137,0.48081646126959016,21.212154554422487,10.019019549737171
3378,Son La,VNM,2022,2022-12-11,0.03560436265374285,0.22694739943895956,0.023165906754720727,0.04332409202618994,0.23670671056590123,0.14879217560860808,0.06355389794431845,0.7359823092573622,0.5020369120973411,20.276718952772864,8.92878577239761
3379,Tay Ninh,VNM,2022,2022-12-11,0.0649083723585437,0.2496158457110646,0.03888667461056906,0.07065743557546793,0.25895980652167344,0.18876207221909,0.10019981822897048,0.5621010617893621,0.5969640771732162,31.9147092543688,20.10530643454343
3380,Thai Binh,VNM,2022,2022-12-11,0.08805702954330238,0.20987001257535848,0.05125356727640932,0.08150514734147767,0.21563735432273512,0.18589803511490133,0.11978929570961182,0.40803325175442806,0.37498976239088555,24.321331267563817,12.276982214525349
3382,Thanh Hoa,VNM,2022,2022-12-11,0.04652938597330663,0.24427901484751924,0.030628704737060558,0.05273787935993745,0.23510723681765483,0.14835341496575816,0.06712341631583703,0.6870149565641012,0.4921040096867566,21.530815334922245,11.584081431104291
3384,Tien Giang,VNM,2022,2022-12-11,0.07372641699240985,0.2891771652029986,0.056311598611092174,0.08533150429369721,0.2524263675781047,0.16886400173854849,0.0853668304964666,0.5953725701990601,0.5200138316405798,31.334867574755805,21.14778764455971
3333,Binh Dinh,VNM,2022,2022-12-19,0.15757875431869825,0.33531550363856516,0.15452135647013876,0.16949062763864126,0.31681551994893037,0.2199455623730231,0.12785671020930364,0.3921098950314144,0.3651949412315113,21.59472895371487,11.93248888914668
3338,Cao Bang,VNM,2022,2022-12-19,0.042925491901076036,0.28513122433394744,0.026167812492031133,0.0538078753830025,0.30465285472131987,0.18847793397924267,0.08093851560665115,0.7376806075380353,0.6496603960787807,19.11185334029428,8.263724817775877
3355,Khanh Hoa,VNM,2022,2022-12-19,0.16934079775360178,0.35007681042485916,0.17339376217051455,0.18347731610032147,0.3281602813730713,0.22046547853770948,0.12499612425935122,0.37275108016200004,0.35154027590953046,24.79609410357039,13.447056743517196
3360,Lang Son,VNM,2022,2022-12-19,0.043600878484090465,0.2681214712166612,0.028899838836902326,0.0526770219513338,0.2743177437666633,0.1648556893173114,0.0698990621497639,0.7192792798675993,0.5604563018094595,20.825246638166124,8.69789850586144
3370,Phu Yen,VNM,2022,2022-12-19,0.2297335814888842,0.369594770442929,0.23653652507258213,0.24207033491957913,0.3464475287011079,0.2550006794421388,0.1591620954922299,0.26711627082693135,0.250479384747884,20.45288752719492,13.428550500318144
3371,Quang Binh,VNM,2022,2022-12-19,0.1795750366048087,0.301429178555456,0.18520485028866773,0.18771032651955552,0.2900725701868041,0.22559153573258903,0.14541443226811515,0.38136494868409515,0.2723164235405056,20.419870058311833,13.286116589944685
3374,Quang Ngai,VNM,2022,2022-12-19,0.16811746826318624,0.3509772953223491,0.1638322080207625,0.17987380886705415,0.3313758539538443,0.24234727038008194,0.1500707418853609,0.4203082409575801,0.3977168977024059,22.65173188474723,10.606742253945272
3376,Quang Tri,VNM,2022,2022-12-19,0.16512747606967507,0.3275190470906618,0.1609934745094897,0.17500220032777,0.3154083614714109,0.23398307742727736,0.14030557642120048,0.42830364617666716,0.37829688222439256,21.95340160958853,13.046945490330494
3383,Thua Thien - Hue,VNM,2022,2022-12-19,0.14421730303502917,0.29801876202340144,0.13450725300699345,0.15333567593322656,0.2892007328226765,0.21120797442650763,0.12494958607434523,0.43426696164419915,0.36286982575188403,22.03738439943984,12.455546385036866
3327,Ba Ria-Vung Tau,VNM,2022,2022-12-19,0.07640211713215073,0.3091248137365464,0.04851464842742777,0.0867361138491269,0.3024247565220187,0.20840111991600674,0.10493993432978689,0.5773508353061257,0.6249666981836541,26.37319795446411,21.238352524693546
3336,Binh Thuan,VNM,2022,2022-12-19,0.07515121131542384,0.3405928777784864,0.04211322520321871,0.08199566956375892,0.3437689482763737,0.23184114623346522,0.11254316160483618,0.6495643271156837,0.7481495830039959,28.486967342079854,18.571615873801154
3342,Dong Nai,VNM,2022,2022-12-19,0.059921636503375536,0.3192330848857856,0.03498003740933917,0.07218015192241745,0.310394328547223,0.20025954853958697,0.09340667106816022,0.6497952852379468,0.6759752348628283,29.87189418752086,19.782811852170997
3344,Gia Lai,VNM,2022,2022-12-19,0.08795524502332606,0.30677044644770224,0.068930553785111,0.09496800434328316,0.3098223532575358,0.2089399352733753,0.10921117952669224,0.593681968921357,0.5728234946249917,25.947313035118185,13.659712374290704
3345,Ha Giang,VNM,2022,2022-12-19,0.04336412673542856,0.2957767469648074,0.025380130433404844,0.05520780648743081,0.31572265089854046,0.19926767900540923,0.08533216530289195,0.7443368246584315,0.6970577015236602,17.619631434977794,7.647423875606872
3347,Ha Noi City,VNM,2022,2022-12-19,0.09176845767559193,0.2092744411623313,0.05466164911329093,0.08595809043031782,0.21951277981046802,0.18575129195259998,0.1289686756200794,0.38315140713302825,0.39100046824466583,25.18724029541201,11.496965842635504
3348,Ha Tay,VNM,2022,2022-12-19,0.08695521082602593,0.22242014323334194,0.05180841406349364,0.08502473156612732,0.22558019181757755,0.17955450309836699,0.11270641985391797,0.4313765628833781,0.3992582695463525,24.142450489574085,11.765211287086956
3349,Ha Tinh,VNM,2022,2022-12-19,0.10351414673598248,0.23713935078724377,0.09726209050811196,0.1113663417613179,0.23044527977468734,0.16638635585873202,0.09459242898497354,0.5093079596013296,0.3114180387493916,21.11787146409415,12.67705062613089
3353,Hoa Binh,VNM,2022,2022-12-19,0.048285150186932406,0.2710490015174933,0.03227946910155215,0.058388085028897044,0.27803330679389926,0.17770236881110726,0.08081704345214952,0.6924695515270018,0.5895383077056603,21.606737245096703,10.099435095491028
3357,Kon Tum,VNM,2022,2022-12-19,0.07350310493366127,0.30101068770076844,0.0579966270842162,0.08187249995072714,0.30356845388414605,0.19242840308999531,0.09358261143205433,0.6694208338307611,0.5812534128063682,23.53708117321381,12.409311814931021
3366,Nghe An,VNM,2022,2022-12-19,0.04544904962225931,0.2819534740641544,0.028384222267581187,0.056223818505938286,0.28103898173500513,0.16960507575697772,0.07241503843537951,0.7224499223289412,0.5895332743881209,21.829742002029462,11.183615111185585
3367,Ninh Binh,VNM,2022,2022-12-19,0.08528735848283245,0.22172805999272957,0.05167669909631929,0.08351092876384135,0.2247810575798249,0.1725910738607227,0.10468305395542506,0.43188616285626896,0.3720355986678961,23.543771054124242,12.04213297268748
3368,Ninh Thuan,VNM,2022,2022-12-19,0.07891095642205054,0.34394683877110155,0.05146963678286746,0.0881665801487524,0.34219018847183524,0.22621963978689374,0.11017380666077721,0.6269215618583679,0.6988624599937365,27.16662239272472,16.7564744547865
3377,Soc Trang,VNM,2022,2022-12-19,0.08256450671678157,0.31662814296257286,0.05225848975674166,0.09744075223234966,0.2678571819761985,0.17293427946906517,0.07981777536600987,0.5411227503933596,0.508157907091462,29.26270601470716,22.423935962327057
3386,Tra Vinh,VNM,2022,2022-12-19,0.07161409319924573,0.24318816945721486,0.0385760759868765,0.0764011795180758,0.2202497550527713,0.14666473251642842,0.0726400123232596,0.49592036332173794,0.39782739837472736,30.330117029860418,20.032709930124035
3387,Tuyen Quang,VNM,2022,2022-12-19,0.04695046188631347,0.2933875722128077,0.035710664695869386,0.05915208671589199,0.2955999590974408,0.17909753408071882,0.0753584075475081,0.7228792001805485,0.6158073461581359,20.07739205982103,9.922700993160216
3388,Vinh Long,VNM,2022,2022-12-19,0.05563000276769639,0.2951443574457616,0.03480786044535426,0.0695714759728202,0.26162592948462543,0.1633700747403483,0.07500271573124627,0.6570348169550565,0.5737334200216828,27.51145705387132,21.996529650201992
3390,Yen Bai,VNM,2022,2022-12-19,0.045628798339524386,0.2840303272744289,0.032828985900802195,0.05764537229124195,0.2958204210629662,0.1850512694198786,0.07910470506989083,0.7155451018103304,0.6257048217813475,19.351142551706566,8.373980615140265
3328,Bac Kan,VNM,2022,2022-12-19,0.04042288148857988,0.3111258643966296,0.030014040957333538,0.05432971825099169,0.315015697049495,0.18283871187137996,0.0725668375125399,0.7688828112006537,0.6719163696640764,19.39089220240585,8.790715263213635
3329,Bac Giang,VNM,2022,2022-12-19,0.0643212999086231,0.260524792254792,0.03892168196421698,0.06670788721085821,0.26145737175440037,0.17524002256996493,0.09224221605781831,0.6040696797404329,0.5165538455338934,23.67450923629729,10.26042312732878
3330,Bac Lieu,VNM,2022,2022-12-19,0.10272848093402788,0.24149918081097427,0.07575768366399223,0.11028654540721677,0.20662350700904938,0.14352351954369463,0.07432946466339142,0.3824227506708798,0.28244117646897815,28.263847583550376,22.87972047932993
3331,Bac Ninh,VNM,2022,2022-12-19,0.10702307589451374,0.2165515531348507,0.06169695858121339,0.09581657241741262,0.2273319503299928,0.201609851210606,0.14418128950807996,0.3386229460518066,0.36779830833304056,25.749152743174996,10.619292066459975
3334,Binh Duong,VNM,2022,2022-12-19,0.07522018703206976,0.28989977276444623,0.04410935387405564,0.08014276764747598,0.3071658110358085,0.2289225640117788,0.12188817800367009,0.5891332248237633,0.6933765505676591,32.75544172506011,19.20796005797282
3335,Binh Phuoc,VNM,2022,2022-12-19,0.04497515660087615,0.2717389657856589,0.024357523632848804,0.05298607994985755,0.2778359310865952,0.1773498055226096,0.07602935508941627,0.7106162267721102,0.5902438488399897,29.393233828440323,17.060700857509413
3339,Ca Mau,VNM,2022,2022-12-19,0.07916896655144894,0.24033511700147042,0.05733724824169519,0.0919639506193542,0.19949216407310186,0.12216121430414342,0.057195996382329,0.49484890930907616,0.3234540794389273,26.415049905942336,23.057185353471066
3340,Da Nang City,VNM,2022,2022-12-19,0.14460652466178867,0.3126033056931329,0.13792712772598897,0.15541479068524894,0.2981985776605103,0.2181572275075331,0.13745605769500638,0.41810401476427306,0.3987052036928222,22.372186679231156,11.656307405277039
3346,Ha Nam,VNM,2022,2022-12-19,0.0909700079798661,0.21338144892779784,0.05982507900490852,0.08922943607534509,0.21834733224818362,0.17800547118252275,0.11303256536822741,0.40127858609356837,0.3469285370778863,23.759813050033074,11.854926371446894
3350,Hai Duong,VNM,2022,2022-12-19,0.08943213653571155,0.2157561168977331,0.051014857773476086,0.08472793482239553,0.21841747365380126,0.177374722750061,0.11752510949655931,0.4139064113586389,0.3687491290183192,25.571579945756657,11.308811631995244
3354,Hung Yen,VNM,2022,2022-12-19,0.09430358360282314,0.22705486678792425,0.05361559563431108,0.08744803712034319,0.2326228970690691,0.19153470824821192,0.1283757450157857,0.4114733926609179,0.40597743331661185,25.300812000595773,11.190066918026874
3364,Nam Dinh,VNM,2022,2022-12-19,0.10430185371824774,0.21054903539067032,0.06202901868369357,0.09415675143822926,0.22333717314170268,0.1978768076677229,0.13757481192835588,0.3327844009477698,0.34606919497031535,24.799618810337478,12.222813917361947
3369,Phu Tho,VNM,2022,2022-12-19,0.06178457840694445,0.26772280449259245,0.03950937992537005,0.06817923913488169,0.27288929289274655,0.18366540616639185,0.09161404258582286,0.6220709468678001,0.5471858193842329,21.931465139216716,9.543562525885504
3372,Quang Nam,VNM,2022,2022-12-19,0.20372791236610469,0.36410515587578673,0.20159115956401238,0.21398655533399877,0.3460967125403143,0.257559145197861,0.16021156788972996,0.3775772765342769,0.3398399808460855,20.412726728947067,10.373704193468262
3381,Thai Nguyen,VNM,2022,2022-12-19,0.0568750228057379,0.2846032547514842,0.0396879846525044,0.06517832956692134,0.2868907837011905,0.1833511946138546,0.08871656789544284,0.662904970885726,0.5929701293403917,21.960986873730555,10.62235383794252
3389,Vinh Phuc,VNM,2022,2022-12-19,0.07800617625807119,0.24216146986893197,0.047100666834846205,0.07727056738266014,0.2477190789590678,0.1856008648961254,0.1095676532406116,0.5102638837603433,0.46971214967336933,23.243641528356243,11.728192774814167
73933,Can Tho city,VNM,2022,2022-12-19,0.06649127291562185,0.3375211931276549,0.04829783937436976,0.08773820806310308,0.2942117258831512,0.19471907493070903,0.09112010410180696,0.648507281239168,0.6559248079319792,27.395042281363274,21.30224638864381
73934,Dak Lak,VNM,2022,2022-12-19,0.12356121852569417,0.335874253887651,0.10668518145000788,0.13140984703746225,0.33695017842539,0.23186315809146749,0.1240603609084268,0.5101457627161587,0.5311900259867132,25.76581888999111,12.857388877989184
73935,Dak Nong,VNM,2022,2022-12-19,0.06387315621174643,0.3099552159443118,0.0451742456508952,0.07260503226619347,0.3077689488085052,0.18889844569909686,0.08654265005483364,0.675482200828691,0.5977113519145518,24.687639997585517,14.303344001208004
73936,Dien Bien,VNM,2022,2022-12-19,0.028482927108806254,0.22834230975867,0.017331562259857967,0.03465108790487322,0.23575677733255235,0.13812857715556287,0.05454580303546738,0.7807597141278161,0.5063137648652631,21.360092867896086,10.89991085176247
73937,Hau Giang,VNM,2022,2022-12-19,0.06171395479073992,0.24652064669172788,0.03800262840928993,0.07270010068839143,0.21050850905937055,0.13878148436400614,0.06683944647231645,0.5812556731892289,0.42777329628114125,27.161640099113832,22.623412299978096
73938,Lai Chau,VNM,2022,2022-12-19,0.05713597987483848,0.2912019004928306,0.04262127445082963,0.06611118422775597,0.2960216311131251,0.181789464850224,0.08234997772976681,0.7390340497285759,0.5933573638835475,20.00625173033135,9.676261811456984
73939,Lao Cai,VNM,2022,2022-12-19,0.0470983379150856,0.28625822920002447,0.030575837652933705,0.057894850091682507,0.305379394953649,0.1973452070999205,0.08654851627750074,0.7225790089599455,0.659279729354975,18.783228343611725,7.228738490584787
3326,An Giang,VNM,2022,2022-12-19,0.07969707321684302,0.2804384530217469,0.05261437513174171,0.0945843583285693,0.248073735144432,0.17954763248048164,0.08850482383562124,0.5267322349964635,0.48718568846766,28.801556616402276,21.838856705970382
3332,Ben Tre,VNM,2022,2022-12-19,0.06546234852292909,0.2580069290694459,0.03903610824503077,0.07427402986854661,0.2234041008255579,0.13574134701996918,0.06476894734079333,0.5521235021390131,0.4288190437002936,29.232496848226752,22.800710169605704
3343,Dong Thap,VNM,2022,2022-12-19,0.07089884753406142,0.3103792976147504,0.04588400021085817,0.0877156416982715,0.2721758177423749,0.17953366708857119,0.08425995002315466,0.5976390274957774,0.554856734697977,27.92496087324395,21.273489211131324
3351,Hai Phong City,VNM,2022,2022-12-19,0.08291282568248631,0.1980284664233315,0.050725357390542423,0.08037925981222672,0.199596692837971,0.15794888084477984,0.10229040927200321,0.407468359919281,0.32256828895335626,24.509782903722556,12.278641806267846
3352,Ho Chi Minh City,VNM,2022,2022-12-19,0.08588975924535314,0.2732146991205132,0.05757099297383496,0.094716402605466,0.24862845921939147,0.17267054198334655,0.09821684128538505,0.5101541803807705,0.44971248814572434,31.489698178722296,21.290758850274457
3356,Kien Giang,VNM,2022,2022-12-19,0.06305160927270691,0.2595325543169145,0.041506628754367635,0.0751607338163541,0.22281110160769604,0.1487019920793772,0.06990593500337748,0.5843774450121106,0.45970767667383755,27.045171470592063,21.74884511982906
3359,Lam Dong,VNM,2022,2022-12-19,0.05465487240068073,0.3170408404657619,0.037744858933701046,0.06521579571176292,0.30852826407237244,0.18104140736437613,0.07804598138065688,0.7255298699830766,0.6327544501023284,24.957110969346537,12.061035249146014
3362,Long An,VNM,2022,2022-12-19,0.07644379750799218,0.2469030524680311,0.04410886227649942,0.0815157368799982,0.22123278835899457,0.15498665915479481,0.08044211559299488,0.5002697064446783,0.4088816761357436,31.05857349181985,21.315929294272955
3375,Quang Ninh,VNM,2022,2022-12-19,0.05000716514280232,0.24892574997958633,0.03473636992083173,0.05822098282256632,0.24084436591803918,0.14623203353246852,0.06883050796404469,0.6575240393031437,0.48671142023220765,21.91560329609458,10.443685970577931
3378,Son La,VNM,2022,2022-12-19,0.05148248937030008,0.2994689119581857,0.03054375758632166,0.06075780200494508,0.32270551187402075,0.21194110615694167,0.09674268794155806,0.7065697021660796,0.7209445786876665,21.403410052130777,8.60808777968275
3379,Tay Ninh,VNM,2022,2022-12-19,0.08099942034833617,0.2820364275702467,0.04809590854226632,0.08552372289707073,0.2938168648725641,0.21803904362222895,0.1199107404563387,0.5379987815184849,0.6649535611899855,31.369529015125202,19.14621450260998
3380,Thai Binh,VNM,2022,2022-12-19,0.10182095502404939,0.20602095185970054,0.060841260243116,0.09178950777961144,0.21807621370374194,0.19276427426235535,0.1357386033617106,0.33593420006421054,0.33755878162321556,25.27400158464607,12.38743863256653
3382,Thanh Hoa,VNM,2022,2022-12-19,0.0565221859502362,0.28648141306140223,0.035069601965330516,0.06544909178656723,0.2875166752509276,0.18554012943420087,0.08712771327769506,0.661873204094562,0.5960297010913395,22.383098987390305,11.303735968873363
3384,Tien Giang,VNM,2022,2022-12-19,0.06303141628074731,0.298700230184623,0.0386446661498739,0.07623664840736363,0.2654563840951075,0.17191216572971194,0.08327669336602538,0.6291428599025558,0.576216310357049,30.39212987677771,21.03738979068268
3333,Binh Dinh,VNM,2022,2022-12-27,0.15076093446836564,0.3762142933504407,0.1326980131764644,0.1623796669193271,0.3555986880138006,0.24709963783511202,0.13768248253026263,0.49915082933423743,0.5167732996015284,22.351205514995172,16.791794024759024
3338,Cao Bang,VNM,2022,2022-12-27,0.1859929056138849,0.313280185867917,0.1920749706146434,0.1885628504400072,0.3104895170440455,0.24582176184641072,0.15606034105535,0.459419181618941,0.30488325374083636,,2.0223938223938567
3355,Khanh Hoa,VNM,2022,2022-12-27,0.055801690429855624,0.31628111416515303,0.04117802097633277,0.06795369234562897,0.2969420270277697,0.17786574923416798,0.07753809650137641,0.7085383138749097,0.616043009516293,25.031442378180284,15.976947554713515
3360,Lang Son,VNM,2022,2022-12-27,0.036176457244192106,0.21969713311982866,0.03206334781121866,0.03692889943561905,0.21498792046851375,0.12880565533786237,0.05490598058994607,0.7723971127799406,0.4611361954591975,22.678985924362408,8.367181721084199
3370,Phu Yen,VNM,2022,2022-12-27,0.15568168326091408,0.3674822094847989,0.14349082285962197,0.167507244921467,0.34648690123337517,0.2421051545679051,0.13750145877564515,0.45934892936804783,0.4640352703680474,24.881852375772024,16.938554539049278
3371,Quang Binh,VNM,2022,2022-12-27,0.6486788311711729,0.6871951477528578,0.6332964327681597,0.6510807545323533,0.6380586570488503,0.5479106673173102,0.3631605246168502,0.04271608110744934,0.05363126761012581,12.139185974923125,15.145115403320526
3374,Quang Ngai,VNM,2022,2022-12-27,0.3435002755997988,0.44350989678570657,0.3537098141806669,0.35604549490139337,0.4132090477001183,0.32869526266832877,0.2091624565921639,0.16069186214384296,0.15483699834782516,23.124879488827684,9.906428907624797
3376,Quang Tri,VNM,2022,2022-12-27,0.5164474570121963,0.5849026413761117,0.5156625444164143,0.5232990919464567,0.5449586888347339,0.4551152592939847,0.28988726232400036,0.09774203097372669,0.11372773232241301,24.62729161031351,11.348454058003181
3383,Thua Thien - Hue,VNM,2022,2022-12-27,0.5336235787602073,0.5776499667870068,0.549793638802478,0.5410392609435973,0.526758434816337,0.4387366660153523,0.2793156042104194,0.06494641428725756,0.06509443021703802,24.1251770627738,7.983238520584526
3327,Ba Ria-Vung Tau,VNM,2022,2022-12-27,0.07837746759546199,0.2979409583044259,0.04982764269332508,0.0869637822306077,0.2965156167443969,0.20889630173268559,0.10728769513024633,0.5566630039093736,0.5929698117432459,31.145635853169836,18.999633745952078
3336,Binh Thuan,VNM,2022,2022-12-27,0.06726134300429408,0.30091806467562515,0.037589454142272626,0.07006967913498188,0.30432430116001535,0.20754420844232135,0.10093973138421698,0.6574579250321103,0.7094016557440799,31.69259910792424,18.419456365051097
3342,Dong Nai,VNM,2022,2022-12-27,0.06429489084121266,0.3159984492790433,0.03806708015541628,0.07567773091181822,0.31157626037926983,0.20376859547905846,0.09614971654015862,0.6293186074350302,0.6593967324893776,31.998661618747917,18.711187325495892
3344,Gia Lai,VNM,2022,2022-12-27,0.0967756869271783,0.35882567578742336,0.06825475461145529,0.10463591520178402,0.36447091685198424,0.24786970011459553,0.12393887418800176,0.6111739679083532,0.7152204608418413,25.500460836770664,15.427489847445372
3345,Ha Giang,VNM,2022,2022-12-27,0.6387499587794683,0.6722641131826974,0.6336858732475269,0.6413245494738902,0.6320858075400645,0.5383653247719753,0.35643900545665097,0.030487110477053332,0.04335787763495013,15.330000000000041,2.9787457236571666
3347,Ha Noi City,VNM,2022,2022-12-27,0.0654583649659619,0.18433140965828856,0.04147749806385789,0.05350158748963378,0.18560523575895177,0.1553094296727595,0.10136608231565505,0.4821672939649513,0.3832567882970448,,5.382627062369139
3348,Ha Tay,VNM,2022,2022-12-27,0.10595235505106057,0.21930864858678908,0.10080443733551557,0.10318405443311629,0.2058557947260444,0.1662772552335496,0.1033326351287657,0.4066340480162096,0.30308223605598694,,6.686914865382937
3349,Ha Tinh,VNM,2022,2022-12-27,0.5162022035776448,0.5851169783833409,0.501307165397921,0.521912432600408,0.5506142182573593,0.4806413926429177,0.3291206635942167,0.09942662191957005,0.1218707928228077,19.650678593769562,14.84383845340912
3353,Hoa Binh,VNM,2022,2022-12-27,0.11422526773663404,0.2677705455010163,0.11926594377089728,0.11870296755564015,0.25584101583310453,0.18335371630481836,0.1017100437689597,0.5621165938151387,0.37896837869142563,21.03735346813415,6.953485596572486
3357,Kon Tum,VNM,2022,2022-12-27,0.18168401255637615,0.3711960594577818,0.17002210385627087,0.18880884052190097,0.36322050409129947,0.2521157481770085,0.13181343549854516,0.5149763575983068,0.46549911953516626,23.133156388841858,13.001293070955585
3366,Nghe An,VNM,2022,2022-12-27,0.3986723963833119,0.5038643207787445,0.39873326895488115,0.40654627942767335,0.4845243443282579,0.41917987153790387,0.29519382016316226,0.15472558277814882,0.19246888207321317,21.15413303763222,11.024883335172657
3367,Ninh Binh,VNM,2022,2022-12-27,0.16030915614141997,0.2517037703418869,0.1653018508352445,0.15958247132364525,0.23876776126543658,0.2066163708712335,0.14498873983955463,0.3010991932480615,0.22970894001606254,,10.274518884772384
3368,Ninh Thuan,VNM,2022,2022-12-27,0.06620645840082823,0.31427200102453057,0.03702817562379549,0.07222901655032408,0.31552791770861294,0.20829139310131287,0.0985068331712499,0.6595883246808415,0.658750364260388,27.826897253285377,17.364721379213282
3377,Soc Trang,VNM,2022,2022-12-27,0.0882889781054273,0.30754747679214606,0.06380497653144743,0.10162807477788853,0.2609787165838849,0.16906182755122112,0.07930737365380677,0.5284138432184131,0.46047448671477254,25.32989004879983,
3386,Tra Vinh,VNM,2022,2022-12-27,0.08807787641421368,0.24426130736013263,0.06424710662099374,0.09297234146631456,0.2158906093941553,0.1464628961711941,0.07466714645565137,0.46190659883354884,0.34934330760172283,26.839106367275708,
3387,Tuyen Quang,VNM,2022,2022-12-27,0.2739248939821325,0.3946321133764784,0.29279794954354804,0.28245083116436226,0.37449760854001385,0.305677632366984,0.20033236561406975,0.3116274159584951,0.251705782650936,,2.8121543266369504
3388,Vinh Long,VNM,2022,2022-12-27,0.07082386306368298,0.3196588794407884,0.05844485305792776,0.08669909030032331,0.2797957516177854,0.1749655972230151,0.08096896948191343,0.6248874860173701,0.5677296710152782,24.36230160239883,
3390,Yen Bai,VNM,2022,2022-12-27,0.44706772855346705,0.5221131293551775,0.4574631482744509,0.4547362809898474,0.4984568342508827,0.429088530541071,0.29382587693054285,0.13428932133640867,0.1420979128197872,14.508937814896983,4.9280369257252135
3328,Bac Kan,VNM,2022,2022-12-27,0.09915973218962341,0.26966751444691495,0.10540433605266908,0.1046923062169044,0.2596969717315204,0.17838781280456603,0.09869627023232252,0.629917061300697,0.40285654254385694,,4.629794025636097
3329,Bac Giang,VNM,2022,2022-12-27,0.04872542012928199,0.2416721926359338,0.03657011972351181,0.04630711971534284,0.23060590266440048,0.1508084765506928,0.07438398820853485,0.6809600811537866,0.5032930990563753,23.699417993634242,9.132894338095129
3330,Bac Lieu,VNM,2022,2022-12-27,0.10901616950834632,0.24940986184527678,0.07737164378385085,0.11501813522923318,0.21702705808532746,0.15208109357575347,0.07881572373344671,0.36611312728580264,0.2859672903955912,24.054392746287057,23.384711787913844
3331,Bac Ninh,VNM,2022,2022-12-27,0.07576676802872205,0.1860988461662754,0.04481284181836626,0.058558742672236305,0.1897715147368686,0.16909954994356177,0.11562235194881411,0.42403952698334957,0.3664528307480814,,10.300245672500635
3334,Binh Duong,VNM,2022,2022-12-27,0.08016653449989224,0.28768930385740005,0.048441771323334035,0.08392201729828458,0.3073918402745133,0.23234390588296971,0.1257005176926208,0.567914535205728,0.6476699500544917,35.175325132398,18.85529306573107
3335,Binh Phuoc,VNM,2022,2022-12-27,0.04919310993601463,0.2883520261315709,0.0265113161326821,0.056245831544305507,0.2958488958759029,0.1912763259345874,0.08340779720556969,0.7033548794626827,0.6285195183474427,30.97459955622692,18.747145233951514
3339,Ca Mau,VNM,2022,2022-12-27,0.11817784247484445,0.2262882062072302,0.11131478233898646,0.13046074385792358,0.1936981498837115,0.12453851660598413,0.0648602465679166,0.30444334750192503,0.18907750937407106,23.55793969564356,22.337338721153028
3340,Da Nang City,VNM,2022,2022-12-27,0.49769746814859517,0.5518108876966429,0.5006235913805932,0.5039456260761911,0.5169754833970039,0.4393531011259668,0.29213353294804106,0.07447768434106941,0.08326333300472132,22.308789710948798,8.335903677270053
3346,Ha Nam,VNM,2022,2022-12-27,0.09655029866289608,0.20975813226681098,0.09091691244795556,0.09133826102417461,0.20212367787164073,0.16784131782092498,0.10602858739435148,0.430989573824606,0.32446607380840475,,10.308922326050281
3350,Hai Duong,VNM,2022,2022-12-27,0.09527947767747506,0.21675786331656133,0.07641412099362958,0.08653617892161848,0.20924968640623168,0.17384717026968008,0.11404868508379269,0.4288338850681439,0.32971224589948,26.196785198669257,10.24453931223832
3354,Hung Yen,VNM,2022,2022-12-27,0.06752781962201605,0.20052182254832793,0.04546369534904977,0.05458513132539992,0.19720200832692028,0.1606469795993361,0.10142143017875206,0.5058648058927963,0.41221157208675885,,10.03110099239813
3364,Nam Dinh,VNM,2022,2022-12-27,0.17148471636539359,0.24588336740107206,0.16586362746986225,0.16450278022290968,0.24381513127501148,0.22844710965755427,0.16567953253547996,0.2378962938835185,0.2148329467723316,24.468144603036517,9.898876470971798
3369,Phu Tho,VNM,2022,2022-12-27,0.22766781439834113,0.3306793491672568,0.25312616477734295,0.23830544194492737,0.31003172393402223,0.2518345708287085,0.1618946047596472,0.25008781270074953,0.205857062685029,,4.864868946820363
3372,Quang Nam,VNM,2022,2022-12-27,0.5473877215506476,0.5981408892805583,0.5496715568774018,0.5541942789336658,0.5456703113524155,0.43698939847716445,0.2676564573805292,0.06394031491214258,0.067019818211009,22.43670939311572,7.794430474989908
3381,Thai Nguyen,VNM,2022,2022-12-27,0.042810132750893036,0.23160303103253757,0.03634112885763275,0.0444101669691549,0.22055120596844688,0.14019850773361017,0.06506877960787243,0.7245849492654238,0.48635535514977773,,4.199015522363111
3389,Vinh Phuc,VNM,2022,2022-12-27,0.12311242523302089,0.2516092955750075,0.12183400054142515,0.12141349701656594,0.2390140551054279,0.18731482982999256,0.10966254870021853,0.4320677508813752,0.34324021188345966,,4.135679363152856
73933,Can Tho city,VNM,2022,2022-12-27,0.06082921269995207,0.4080876101354963,0.04240713848832661,0.08663458957136011,0.34665040630975136,0.22290021090361978,0.09788209681729833,0.7196906040673718,0.8512295627689694,20.812146877048693,
73934,Dak Lak,VNM,2022,2022-12-27,0.07564569555313354,0.3322374527891841,0.04530587809457407,0.08256549818720108,0.3388014858294172,0.22600598347068643,0.10884050798379312,0.6423386291652964,0.695613461050317,27.06259647862441,15.440599633320174
73935,Dak Nong,VNM,2022,2022-12-27,0.05709800171568728,0.33403563254412916,0.031554951646495195,0.06675825670982238,0.3339090949129356,0.20460197245377781,0.08799726839570572,0.7146747199561493,0.6848705049769533,27.59982918886435,15.157491002029824
73936,Dien Bien,VNM,2022,2022-12-27,0.34246359121883496,0.45976495907890447,0.3455060068661472,0.35075170991655646,0.4483237081472674,0.37489102416798387,0.2588305719617975,0.22391039798386794,0.2572966507482837,20.570557352511646,11.518149751547444
73937,Hau Giang,VNM,2022,2022-12-27,0.07105505483870063,0.329191480486957,0.05553763436845758,0.0921033803844309,0.2824204732871352,0.1831884751136543,0.08370418508743428,0.6424368843115356,0.5821987547257643,23.407536590962334,
73938,Lai Chau,VNM,2022,2022-12-27,0.366764597826871,0.4686795343474913,0.37132161323917884,0.37383544433372945,0.4517418037524938,0.3759561201120862,0.2574162229664096,0.23395554201585647,0.20584263588956747,19.86876893142699,4.362718896469765
73939,Lao Cai,VNM,2022,2022-12-27,0.6550315204379219,0.6869735007184405,0.6481474356169343,0.6591866967314596,0.6454247412065798,0.5567096696603948,0.38575629793480865,0.03997326397461191,0.04135415228280985,11.637005757186401,0.041736152402296896
3326,An Giang,VNM,2022,2022-12-27,0.07611120151635994,0.3487852738379042,0.046260031922222056,0.09895918309860756,0.30638384418304526,0.21205238925010095,0.09816856234286,0.614724123349577,0.6640599994560796,24.18766825902781,19.458783633738708
3332,Ben Tre,VNM,2022,2022-12-27,0.08778364108527223,0.30606381763582186,0.06250915772512607,0.10000710825720971,0.26553001707890006,0.1638317863218469,0.0767559210700368,0.5219636101384328,0.4611782339787608,28.661534712025702,
3343,Dong Thap,VNM,2022,2022-12-27,0.08061130223776353,0.35700671768268544,0.05482972704038068,0.09911766817800763,0.3132135218343306,0.2034604896676549,0.09351007676493336,0.6125901840304072,0.6205158977300554,24.763318380316747,18.418630167849486
3351,Hai Phong City,VNM,2022,2022-12-27,0.11139155039820439,0.20739539822367883,0.09409498097181229,0.10688822526100895,0.2006144627639098,0.17289248725305953,0.12083635188665545,0.3374828916059808,0.2698515805336156,25.419966259943678,10.758441531062354
3352,Ho Chi Minh City,VNM,2022,2022-12-27,0.09753340113684468,0.2819613017599855,0.06855880418882178,0.10565911058105648,0.2607837038924477,0.1867683579813467,0.10910140659003902,0.4795278404356025,0.4609082487698627,33.108887625143346,19.392078761696855
3356,Kien Giang,VNM,2022,2022-12-27,0.08242385210040123,0.32231638674280016,0.06826594932380538,0.10046718165209483,0.27914297198485793,0.1823718047199257,0.08394788573167361,0.5630623177902169,0.5433739636176744,23.39937773312835,20.409070324201217
3359,Lam Dong,VNM,2022,2022-12-27,0.05047796064773962,0.30787844647293217,0.030873333503945964,0.06000989811805083,0.30220373619566276,0.17785021082509966,0.07537314805607344,0.7365046549770254,0.619283231566608,26.05769548943569,13.939093778423407
3362,Long An,VNM,2022,2022-12-27,0.08744759072531884,0.2981240043026428,0.053597980777991966,0.09678523805918142,0.2733384405721518,0.19357612619260603,0.09822937901287336,0.5266534458252438,0.5076617655303751,30.717457381832748,20.85550937079366
3375,Quang Ninh,VNM,2022,2022-12-27,0.05029801506570847,0.23658463846276478,0.04400048427448781,0.0572993985989584,0.22236392545648812,0.1387556432787772,0.06711817249088368,0.6735439929322568,0.4611204357761776,22.62370356899345,10.183433903334196
3378,Son La,VNM,2022,2022-12-27,0.33986315853195914,0.457593291268528,0.3454778322813562,0.3473424206816253,0.44934847405920825,0.38503084507356244,0.2673020284836948,0.23029301630488053,0.27993242450207956,20.3870540682979,6.938452309299467
3379,Tay Ninh,VNM,2022,2022-12-27,0.07323624539061757,0.2632298287036767,0.04390743957511176,0.07692085267186884,0.2747130531288015,0.20412107760140108,0.11072916663798413,0.5545235965244366,0.6594848454824483,34.01919566319318,19.56522628998983
3380,Thai Binh,VNM,2022,2022-12-27,0.1859886310790665,0.2645020738793529,0.18098644978763787,0.18148786442755743,0.26211738792343653,0.2465301772269979,0.18204392023027138,0.21660986081659397,0.30188453582560176,24.432233886180136,9.91064446757386
3382,Thanh Hoa,VNM,2022,2022-12-27,0.27302587370831805,0.38869115554994615,0.2854669404216953,0.27940520446399664,0.3701425642366743,0.3107111972779384,0.21760713906782347,0.28340284870202403,0.25110435199909314,21.646324542029387,9.824403163508773
3384,Tien Giang,VNM,2022,2022-12-27,0.07547565016601485,0.32585575698776187,0.05375631562272103,0.08974783308820511,0.2879467999713728,0.18621203915832416,0.09005122655232886,0.6106884813157728,0.5904709516679346,29.848415279813647,23.638302540415733
