ADM1_CODE,ADM1_NAME,country,year,date,sur_refl_b01,sur_refl_b02,sur_refl_b03,sur_refl_b04,sur_refl_b05,sur_refl_b06,sur_refl_b07,ndvi,evi,LST_Day_1km,LST_Night_1km
73615,Maluku,IDN,2023,2023-01-01,0.10869631836621467,0.34166823429492443,0.10647252046634928,0.1271281369303574,0.30623805997623205,0.17775271759014566,0.0854012570282656,0.5590291969147334,0.4567124442077786,25.78926953095083,22.98369673824197
73616,Maluku Utara,IDN,2023,2023-01-01,0.058068520832120295,0.3398282508753636,0.05218324499606605,0.077585036524806,0.3087340403278223,0.16689014455241924,0.06610024820054268,0.7126233361236125,0.6020850643195064,27.629319099678256,21.855328557615422
73609,Bangka Belitung,IDN,2023,2023-01-01,0.17399261155843604,0.355471773386863,0.17904399094183898,0.18891921631293906,0.33047235082249843,0.22189628541161635,0.12064386408044493,0.3728611851890137,0.3377693367845833,30.32420289937263,21.971408875846024
73610,Banten,IDN,2023,2023-01-01,0.14028563423175114,0.32309773799724406,0.13741891519022134,0.15224341254297383,0.29008504683036407,0.19196582199620704,0.10500433868277453,0.440095555944984,0.3754706396970698,28.60701929831887,
73611,Gorontalo,IDN,2023,2023-01-01,0.08754767759691992,0.30792284237981365,0.0876902436613923,0.10197737398523385,0.27932294991991563,0.15540414077861783,0.06930374034771435,0.5706969457581668,0.43722105888896734,29.629237593493492,20.438881213323143
73612,Papua Barat,IDN,2023,2023-01-01,0.06968429154488853,0.29959337755964677,0.06764954736862867,0.0844252881994889,0.27604874731088536,0.1466209956673506,0.06368895342527554,0.6450372169939815,0.47351831479770906,28.743665827449938,20.307604263653367
73613,Jawa Barat,IDN,2023,2023-01-01,0.09588914074165679,0.31951722500470237,0.08315246029285252,0.10780892523138363,0.29169200167289083,0.1923859138082666,0.09613731673216117,0.5647385493464376,0.5224100944733902,28.664884925598574,
73617,Papua,IDN,2023,2023-01-01,0.07048825837679709,0.3341478536040546,0.05907049340400635,0.08778656791365488,0.31421387179328175,0.17152014671935828,0.07129893831779721,0.667761920942711,0.5533231453324504,29.780659130372918,13.835421362438002
73621,Sulawesi Utara,IDN,2023,2023-01-01,0.07468716313997875,0.3201134713945153,0.07341177489143652,0.08991263306462716,0.2816655665356649,0.158257726087258,0.07067359664711298,0.6417139706943513,0.5147915050492461,27.26820404802533,20.319206309604184
73622,Sumatera Selatan,IDN,2023,2023-01-01,0.16235001067357407,0.3728415957080518,0.15961681111031917,0.17732473783436725,0.3480977930905356,0.2188728214732001,0.10905470439933354,0.46232470472695597,0.40776067012054446,29.296705174638678,18.460537472426928
73614,Kepulauan-riau,IDN,2023,2023-01-01,0.17921641515183526,0.32373642418637527,0.1805363094337266,0.19482039086807243,0.2984597393055193,0.19657864273036088,0.10574406305318679,0.340716052904295,0.27518495487121747,30.622142117787515,21.890000000000043
73618,Riau,IDN,2023,2023-01-01,0.12257117631301298,0.349251164211283,0.12258092907913036,0.13705597440657696,0.32280667439508226,0.19707516691051036,0.09328446650365026,0.5155152687460205,0.45182251091632664,29.80587912145247,18.808993288590635
73619,Sulawesi Barat,IDN,2023,2023-01-01,0.06226240627893383,0.2836497594443792,0.05893350485656771,0.07582239986112446,0.2583545329211623,0.14030204605770166,0.060376678693680956,0.6560804548770828,0.4663691105429411,31.074600403464885,14.726305077563032
73620,Sulawesi Selatan,IDN,2023,2023-01-01,0.11042098460089385,0.3030320206280939,0.10668373068462478,0.12338237159096428,0.27951812746301785,0.1707409771634391,0.08223979274167663,0.506546892930964,0.3979014016218669,28.285063763022006,17.440112088388716
1512,Nangroe Aceh Darussalam,IDN,2023,2023-01-01,0.08900040801182411,0.29782733802701344,0.08778914488455473,0.102327771101512,0.2757266126969503,0.1554815692155543,0.0699867727092739,0.5748574836922603,0.4215176958931473,26.07329682835747,16.94056429095668
1513,Bali,IDN,2023,2023-01-01,0.09323004059161585,0.38349622870610756,0.07729441456156948,0.11047807858395085,0.34967347967248597,0.22151452000908423,0.10954557873544025,0.6297735388557656,0.6839084689044143,28.32738297605809,19.53900822392206
1514,Bengkulu,IDN,2023,2023-01-01,0.13424618173741065,0.34612398704401126,0.13386808002047632,0.14884314622406045,0.3169006635878235,0.18869173708640827,0.0909602475003489,0.5021916051852844,0.4027409393377743,27.32765601316559,14.103879250945498
1515,Daerah Istimewa Yogyakarta,IDN,2023,2023-01-01,0.1218752244523291,0.3779900745807022,0.1156217931748649,0.13974584029679502,0.3449527745762741,0.22636335058734358,0.11438402601389544,0.5493523082218636,0.5517583769872912,26.624530803681896,18.409338497668273
1516,Dki Jakarta,IDN,2023,2023-01-01,0.10852953344480876,0.20344718439909548,0.07886718054612807,0.10142921090931524,0.21916704719734253,0.20374985303037452,0.15955521888917176,0.3059198590818281,0.40369535010444646,25.32666615752764,
1518,Jambi,IDN,2023,2023-01-01,0.1745720766561983,0.35691700129346954,0.18175718332330446,0.18921831252769578,0.3323411105916089,0.20640127729675192,0.10400330315437553,0.38464717268031245,0.30709235031966137,30.461545061156,18.51106008373305
1520,Jawa Tengah,IDN,2023,2023-01-01,0.0895877795156496,0.3258257711191845,0.07855275612933312,0.10392557450748434,0.29528250990388694,0.19311702571739509,0.09377774447161047,0.5910474451399557,0.5445117324183443,29.428099650830394,18.893522917416124
1521,Jawa Timur,IDN,2023,2023-01-01,0.10848121392421117,0.356268729079037,0.09680030249963852,0.12416265655465185,0.32593708315608216,0.2143598409210946,0.10755645747112387,0.5569284643793022,0.5665105092080741,30.224419626130096,19.360942010854043
1522,Kalimantan Barat,IDN,2023,2023-01-01,0.13356823435190415,0.38281647561344284,0.13012001980055454,0.15112190298111863,0.35533874463649845,0.21650341299804074,0.10404264739507083,0.5119973176827326,0.4802508985621995,25.924281881852,
1523,Kalimantan Selatan,IDN,2023,2023-01-01,0.12134798240202103,0.33918770387981834,0.11554731280584446,0.136596145988337,0.3207431742120365,0.19821461106438504,0.09526978745343756,0.49337392427517673,0.4224817007276832,28.566359945337787,
1524,Kalimantan Tengah,IDN,2023,2023-01-01,0.08044911264859946,0.3420038145751702,0.07173666897540583,0.09642559985860384,0.3214451403277867,0.17921847276419656,0.07560759389039938,0.6326543797133847,0.5329741250601485,28.189723027445027,
1525,Kalimantan Timur,IDN,2023,2023-01-01,0.11728244043693142,0.342869694803981,0.11461554253535054,0.13160127332516267,0.3195963795940639,0.18888298457782565,0.09166897452227277,0.5357437170458367,0.44719955455540106,25.98897050324744,16.346793268632158
1526,Lampung,IDN,2023,2023-01-01,0.08371575706094156,0.30488289511237715,0.07094251938769265,0.09380459491988971,0.28697157306965027,0.18424705152231016,0.08649127871877903,0.6152105697887024,0.5214008836709777,27.540850193341846,
1528,Nusatenggara Barat,IDN,2023,2023-01-01,0.09504127996424236,0.33733388433889994,0.08477123175838806,0.10971755562295273,0.30542971102970323,0.1958725237363286,0.09830993741797601,0.5773488733292925,0.5522921688336225,28.420702796878818,19.543891156789908
1529,Nusatenggara Timur,IDN,2023,2023-01-01,0.12684979597694404,0.37078498036059826,0.12093212765841896,0.14294143914124657,0.33942536568973486,0.21687187884755005,0.10783145821637037,0.5408539695053188,0.5284154420475153,28.151550907535576,19.128358677231
1532,Sulawesi Tengah,IDN,2023,2023-01-01,0.07934372633852424,0.3151199944543511,0.07508117252913946,0.09473784983587752,0.2906077622301175,0.16162467107141143,0.07130381753557773,0.6123299723027823,0.4867988289543801,28.24426180431845,20.242047445601433
1533,Sulawesi Tenggara,IDN,2023,2023-01-01,0.1521852801397975,0.34613901794353724,0.15818899884353715,0.16776557794180105,0.3177684199817253,0.19215611168931723,0.09834587146383272,0.42058966587427843,0.3503748397145455,27.424770153225822,22.036760821265812
1535,Sumatera Barat,IDN,2023,2023-01-01,0.11128104245059499,0.3115461598407527,0.11622727787482473,0.12539047067258177,0.28784919664544617,0.16853348206406893,0.0783689977272555,0.5026524013640649,0.3837511910913679,26.18107826105031,19.39048746005762
1537,Sumatera Utara,IDN,2023,2023-01-01,0.11794207458120945,0.3221696527414486,0.12047093747270346,0.13261331783848207,0.29799811069169835,0.18189959671655545,0.08769405008793497,0.49295513286089016,0.390651388725177,25.997084186365868,20.680544135262792
73615,Maluku,IDN,2023,2023-01-09,0.07092297815364278,0.341461719750845,0.0649027143211544,0.09007315859157508,0.3051093064440994,0.16877366935587032,0.07313905237241995,0.6847375667216656,0.5821735656223986,28.003948265714847,20.569064772079344
73616,Maluku Utara,IDN,2023,2023-01-09,0.08254238959821242,0.3587351372718382,0.07809925779444644,0.10221404608087388,0.3254256015283392,0.18720056790824835,0.08401033349456968,0.6520893712555684,0.5900144888064861,28.307907407925974,19.752722148395126
73609,Bangka Belitung,IDN,2023,2023-01-09,0.13729614797745812,0.34604077280784296,0.1401794114965576,0.1533198791557706,0.3208931193045818,0.20578097193414074,0.10231239905506984,0.4439406712279838,0.4063307420476291,27.67476846172503,
73610,Banten,IDN,2023,2023-01-09,0.05782355082415489,0.2873207310090045,0.044541316545628575,0.0697163961999985,0.2600933641826828,0.16105068793393026,0.07487111815253443,0.6601830495558927,0.5410579177214897,28.455353440933447,21.783803192749527
73611,Gorontalo,IDN,2023,2023-01-09,0.056527489860741825,0.28197303878110047,0.05161724926037812,0.06959102424831981,0.2561664332348334,0.13946425195186976,0.05821016894736908,0.6752349108800573,0.48349265551639176,26.848750872030667,19.442805454363032
73612,Papua Barat,IDN,2023,2023-01-09,0.08322571108841692,0.305873157474326,0.07834103813646029,0.09692846272519252,0.282412905207207,0.1573650931847999,0.07544353933968892,0.6234959074802917,0.4668237054243956,28.626219675314797,19.786995205042164
73613,Jawa Barat,IDN,2023,2023-01-09,0.059323633782237456,0.282612932011184,0.04191732780181052,0.0695820922331372,0.2562335025242177,0.16236640023684273,0.0766297500736801,0.655028206619999,0.5460971553864327,28.57928702089515,18.96856031958112
73617,Papua,IDN,2023,2023-01-09,0.09903315991875151,0.34153734385419937,0.08993180041889348,0.11483109256873007,0.3196868032218241,0.18298237258044364,0.08544954949050818,0.596380976871021,0.5031716575182258,28.43490853607072,8.283678854513168
73621,Sulawesi Utara,IDN,2023,2023-01-09,0.06515536866937172,0.29793670992285776,0.061819993656778975,0.07833076995211143,0.261038057256762,0.14347130131070657,0.06270036011177445,0.6893275553250394,0.4996427277145004,26.150621016705,16.725090250118498
73622,Sumatera Selatan,IDN,2023,2023-01-09,0.11306798334602927,0.36939551633184253,0.10903276179923357,0.1313298426644482,0.34310032609380586,0.21081751729231454,0.09526658725493932,0.5466505159463577,0.5136252684048374,30.03352407133586,22.843104265100823
73614,Kepulauan-riau,IDN,2023,2023-01-09,0.11321294581362061,0.2819075954773753,0.11512161452250505,0.1296585612699672,0.25888414469541926,0.16169694064082696,0.08208903681601548,0.4353669765432734,0.3359575767244364,26.127420861509552,20.6257792672531
73618,Riau,IDN,2023,2023-01-09,0.1361831420077313,0.36427006611239493,0.13287617175368882,0.1519775216746158,0.3384544754566261,0.21103454318745088,0.10167659212029047,0.4792387721642618,0.4242213908396002,27.84907762983416,11.706518443981764
73619,Sulawesi Barat,IDN,2023,2023-01-09,0.062384827026419586,0.2832367624382056,0.05888479921246435,0.07569392998662149,0.25598066794808305,0.13869173721806644,0.05847188476782528,0.6826174514404614,0.4675653275049785,27.45601969490432,20.57036361215142
73620,Sulawesi Selatan,IDN,2023,2023-01-09,0.09839610970560217,0.2878496035501131,0.09494073937705497,0.11074986615068835,0.2650405799195068,0.16319374378329735,0.07937855489301483,0.5138310708160742,0.39194780757559816,27.786373865597344,20.325051490343977
1512,Nangroe Aceh Darussalam,IDN,2023,2023-01-09,0.09686059650534938,0.33850000996700375,0.09065239360168283,0.11268387023904208,0.31704409559647145,0.1853580590883112,0.08490879435378752,0.5745493354809953,0.49731444409434805,27.455228477476755,17.635818487624267
1513,Bali,IDN,2023,2023-01-09,0.12000407474230532,0.3759865707755353,0.11319050585417856,0.13578705481675168,0.3402997351794234,0.22205552879222729,0.11615108378469735,0.5360857395850103,0.5688362862546872,29.708608218730735,17.612847324028763
1514,Bengkulu,IDN,2023,2023-01-09,0.08946052312813799,0.32165772316469415,0.08792081974476255,0.10409884484644893,0.29595131360126875,0.17338164721341526,0.07869872211812982,0.6006806677458304,0.47346485521772713,27.020554743890568,
1515,Daerah Istimewa Yogyakarta,IDN,2023,2023-01-09,0.10903502623230737,0.31791258429849406,0.10651095586404674,0.12234006650099857,0.2919328204885399,0.19338136521023158,0.10120809457987735,0.5371376544521714,0.45575989518372295,30.42935288207286,21.056251062578202
1516,Dki Jakarta,IDN,2023,2023-01-09,0.11294933062220926,0.2030746458205088,0.08457623757756737,0.10601537318846595,0.21825269820581103,0.20526757381969055,0.163532991332329,0.2963103693144242,0.39815863960149056,38.81879835323853,22.583496722756692
1518,Jambi,IDN,2023,2023-01-09,0.11973459359712964,0.34360236259294386,0.11983627609996236,0.13578724315319868,0.3236651489185519,0.19971894483166258,0.09186485639725121,0.5071262945339744,0.42555646250776247,27.194626243824523,19.102929869163592
1520,Jawa Tengah,IDN,2023,2023-01-09,0.08045384946797596,0.322387391705665,0.06559678952641226,0.09331252751485712,0.294224301380302,0.19547362522497716,0.0962047264329679,0.6243485826809021,0.5897736611982182,30.566984467945574,21.029966830099838
1521,Jawa Timur,IDN,2023,2023-01-09,0.0739494666878554,0.33528248590083226,0.05689843434888873,0.08863979086344764,0.30469117865090906,0.19793673586196323,0.09519762290297398,0.6516581182330795,0.637334926895798,31.425775126068363,20.949639022636273
1522,Kalimantan Barat,IDN,2023,2023-01-09,0.11462544899006463,0.34629544975946214,0.115162829667339,0.13132645760307024,0.3221986557095051,0.18939999318858883,0.08860182961856299,0.5262105146066585,0.44822601665616996,28.134202540733177,20.609258884970625
1523,Kalimantan Selatan,IDN,2023,2023-01-09,0.14602627970255813,0.3588031588925372,0.14763119327030608,0.16198651398498748,0.33235086384114115,0.2090352743815527,0.1047269737506758,0.4909944655155374,0.43342561092154325,29.413077517859467,21.070369188291806
1524,Kalimantan Tengah,IDN,2023,2023-01-09,0.1055045628748784,0.32147462889962597,0.10784128574906304,0.12022263581757078,0.2984366786628034,0.1708295653914011,0.0793942866250318,0.5419029606261007,0.41774019904640813,27.96819563650269,20.301478323759365
1525,Kalimantan Timur,IDN,2023,2023-01-09,0.08506214655827474,0.33252689287988935,0.08112805665418739,0.1004779092973875,0.3101791393123726,0.1743300463797759,0.07840919642830767,0.625495075459629,0.5162410559912619,26.99695727775101,19.785227830676536
1526,Lampung,IDN,2023,2023-01-09,0.09185375274474758,0.33176899922252684,0.08045504427999933,0.10468082495394121,0.31165454597257874,0.2029758349304691,0.09733799161872357,0.5863311965439194,0.5476918917293239,30.970774529050168,21.84847499344437
1528,Nusatenggara Barat,IDN,2023,2023-01-09,0.09387402623357302,0.39985336243346903,0.07606566461766245,0.11253584771281518,0.36580623593738376,0.23493733163236982,0.11513755269031963,0.6305347221465178,0.7680684416658621,29.64947596575087,19.0694780978944
1529,Nusatenggara Timur,IDN,2023,2023-01-09,0.06771608169771119,0.3309019511862117,0.05472393513371074,0.08251812434062894,0.30627332275804536,0.18733508415324454,0.08526874441591459,0.6838366513385917,0.6338474621652049,27.94659992174921,19.295528763673932
1532,Sulawesi Tengah,IDN,2023,2023-01-09,0.08826833918015149,0.29611331249305467,0.08819826404198655,0.10237880406393811,0.2710985574847349,0.15065724176209735,0.06851877998684679,0.5809019560260603,0.4180880960226908,25.440055294618606,19.20256024704024
1533,Sulawesi Tenggara,IDN,2023,2023-01-09,0.10689993014509457,0.3398318670158704,0.10610172513541745,0.12349611745559,0.31313526589131613,0.18690818545337737,0.0889381091475985,0.5400389408102022,0.4749105468681734,28.74533847054558,21.15248522423339
1535,Sumatera Barat,IDN,2023,2023-01-09,0.08110678553062282,0.33585642759149187,0.07282999740850783,0.09763003024595625,0.31511098243412744,0.18384478848382216,0.07998705617417515,0.6223194405175925,0.5370188911120662,27.686442575036104,13.522727272727318
1537,Sumatera Utara,IDN,2023,2023-01-09,0.11079471169419981,0.3672466294207092,0.1035687390884767,0.12806260839204534,0.3425056575687339,0.20894406746607017,0.09652039737925294,0.5576927077693388,0.5283869610001447,27.340980347206663,
73615,Maluku,IDN,2023,2023-01-17,0.09975889639327032,0.32078841185199225,0.10392643346687291,0.11764023005706609,0.28459593862619603,0.16264354696484218,0.07736174265351292,0.5532508438855794,0.4340076092378529,27.380871864427036,23.065719527760088
73616,Maluku Utara,IDN,2023,2023-01-17,0.09588173522894183,0.28659408981734863,0.09875514425944236,0.10974512655167239,0.2574324506906942,0.14566743899232856,0.06895386337510986,0.5558672463459627,0.38210306714903075,26.398801587851725,20.02900406863702
73609,Bangka Belitung,IDN,2023,2023-01-17,0.19992550338354967,0.3764785996743895,0.20349491201885947,0.21592874127813214,0.34812459155622655,0.22358501871008316,0.11581686681351018,0.3289641106015471,0.28972646239993693,29.490562553229527,
73610,Banten,IDN,2023,2023-01-17,0.26599283353818265,0.40595689411320884,0.2720955295369733,0.27950917549511695,0.3625487627533042,0.2448090800932597,0.13866855382735568,0.25564256159663845,0.2289611269997891,35.236255763500616,
73611,Gorontalo,IDN,2023,2023-01-17,0.08570325884153293,0.3555278648207691,0.07808797103237522,0.1031739804923166,0.3273973941081945,0.19326783926424215,0.0870884093377566,0.6255636753532183,0.5886714533250871,26.657548931769327,21.030378612636255
73612,Papua Barat,IDN,2023,2023-01-17,0.09731368442874203,0.29748043224456194,0.1002716390960099,0.11077595870740699,0.27184004021902025,0.15104901806422902,0.07280625148522943,0.5622515210577791,0.39879553959711456,28.854881114238104,12.531250000000034
73613,Jawa Barat,IDN,2023,2023-01-17,0.11422206473231089,0.3032039720517916,0.10894061554670585,0.12616259932914956,0.27420036901980566,0.18242291502052108,0.09479219410709154,0.5030043692672808,0.4114844689722116,28.965742330045227,
73617,Papua,IDN,2023,2023-01-17,0.11924426042544913,0.3368639583577684,0.11429335968769197,0.13485074310392448,0.31314825708914507,0.17939827962592114,0.08437627087100188,0.5237315796624039,0.4180523113689368,29.078976665774942,8.122524706138103
73621,Sulawesi Utara,IDN,2023,2023-01-17,0.08736784426841031,0.33179791128967595,0.08380524537541549,0.10308553305556302,0.29471093784240326,0.16917237330049287,0.07812970544845024,0.6225571266815428,0.5178285699800563,25.358175582955994,20.81607825541119
73622,Sumatera Selatan,IDN,2023,2023-01-17,0.16540262240006615,0.3669640812037986,0.17126579088735172,0.18139165940690088,0.33831867666610843,0.21463016723700507,0.10928570027318818,0.4164371421505274,0.3620105123835541,29.411467629504443,
73614,Kepulauan-riau,IDN,2023,2023-01-17,0.13848949369312655,0.2845174899268848,0.14268325624269065,0.1534259351719884,0.2606416699718128,0.1729873499674835,0.09480951164996781,0.373582950194887,0.299769090080886,28.07541059768007,20.15600658376856
73618,Riau,IDN,2023,2023-01-17,0.21731334955143405,0.386359521612555,0.2227983931448977,0.2305586412487533,0.3519190246125031,0.2292555402795531,0.12895054587273705,0.33597678983676604,0.29895736081493174,27.029116712023733,
73619,Sulawesi Barat,IDN,2023,2023-01-17,0.07675593956856673,0.3751004915141464,0.06572784849092313,0.0967202533705331,0.34637817632621304,0.19709910271508738,0.08252770065807953,0.6707134646851638,0.6377252302986632,25.65774077739506,12.517396946255454
73620,Sulawesi Selatan,IDN,2023,2023-01-17,0.10938963188319543,0.3525470317882024,0.09735061283849104,0.12552395931067425,0.33034219990021607,0.20954232162199848,0.10162651572543317,0.5377334084719796,0.5355812268505941,28.251742030197445,15.295634386572853
1512,Nangroe Aceh Darussalam,IDN,2023,2023-01-17,0.1120265388137172,0.36358187126392294,0.10614480664551094,0.12931203531215743,0.33899854948161945,0.19619976621091664,0.0886995183269629,0.5465358816404993,0.49536003365685327,24.078463448988444,16.418031441394245
1513,Bali,IDN,2023,2023-01-17,0.07283167564346207,0.28533445451222944,0.0684076043820942,0.08434557776059509,0.2510583911046193,0.1536595476383837,0.07471262506315869,0.662437526488746,0.5101270722032109,29.14199660300085,
1514,Bengkulu,IDN,2023,2023-01-17,0.10082138547423843,0.33853532342836185,0.09777234878023743,0.11607018233421372,0.3114061369628302,0.18891192797207276,0.08981030844952996,0.5823846170338527,0.4951016113290104,30.327368727329155,
1515,Daerah Istimewa Yogyakarta,IDN,2023,2023-01-17,0.07594835487157274,0.2899561339611776,0.06916659517630987,0.08842423575016753,0.26749992574004033,0.17084599526214808,0.08495171770829626,0.6040961679924574,0.49733789198487144,30.096782200830983,
1516,Dki Jakarta,IDN,2023,2023-01-17,0.24917961072991138,0.30397347382616174,0.23606537010308176,0.2497175529745354,0.3020946370008261,0.2533974525264783,0.17271285461593466,0.12958599333156132,0.13338205325448566,44.05706968540784,
1518,Jambi,IDN,2023,2023-01-17,0.25358450165334334,0.3933323122590993,0.2699553486281297,0.2677056717193395,0.35893906473455117,0.23469549556659688,0.12964998287436283,0.25786400639200485,0.20737303333653564,28.850213627765545,
1520,Jawa Tengah,IDN,2023,2023-01-17,0.10229422901834621,0.3052263355228649,0.0959691300248563,0.11486570012005931,0.2761877183325341,0.18333610059227168,0.09343236310232318,0.5480959424624434,0.4572065865595721,29.632712179306328,
1521,Jawa Timur,IDN,2023,2023-01-17,0.09049508727711042,0.3230900384696001,0.08246405766771991,0.10539012719180041,0.2904784300090461,0.19118975274136568,0.09485003218682518,0.5947724618118642,0.5433465281517987,29.40595778888908,21.771407156395412
1522,Kalimantan Barat,IDN,2023,2023-01-17,0.16396561375415217,0.35443821753749083,0.17081224917008017,0.17880348624516004,0.32492360321541364,0.19726401848922256,0.10072213231454653,0.413530804502682,0.33451303715626973,29.572711364113598,17.16914337009491
1523,Kalimantan Selatan,IDN,2023,2023-01-17,0.24092771524468443,0.4200479539989639,0.24326111956961782,0.25747125858980463,0.38588578235322063,0.24547032537099203,0.12705941363256196,0.31775217860394106,0.28808995148246846,30.525126442730933,
1524,Kalimantan Tengah,IDN,2023,2023-01-17,0.19087019275882494,0.3854032530395728,0.19235077539286605,0.2057540397753593,0.35647923798722086,0.22495168545606264,0.1191314110194046,0.39737956909080774,0.3363167364371978,29.001822015839302,17.31800231334655
1525,Kalimantan Timur,IDN,2023,2023-01-17,0.1795344297175592,0.39386120759908927,0.1794118676287488,0.1959849837101287,0.36413008760724364,0.22895490710443953,0.11732090337790607,0.42358636365508817,0.38780996040081445,26.62654462500472,16.965066285672172
1526,Lampung,IDN,2023,2023-01-17,0.13831561241531115,0.37877646603148546,0.1269291190180714,0.15503930980480135,0.354021008967833,0.23320933675378253,0.1158730672117434,0.4863730444152981,0.49103341841564097,28.448595120976417,
1528,Nusatenggara Barat,IDN,2023,2023-01-17,0.09249724175816282,0.39192569293342605,0.07974361899188846,0.11372348218891218,0.35169054148655066,0.2204683768713906,0.10233573415744715,0.6217870501366689,0.6663511903145325,28.7859833424932,19.985668600811014
1529,Nusatenggara Timur,IDN,2023,2023-01-17,0.09139950224650019,0.3612114349864596,0.08154637155046014,0.1097035600915733,0.33249410468285856,0.2068144805318899,0.09693176747596448,0.6132276320524466,0.611964534738071,29.243780998563302,19.698854316226964
1532,Sulawesi Tengah,IDN,2023,2023-01-17,0.09498531560017197,0.37398973225800275,0.0870948968535562,0.11453714737011249,0.34656059863626726,0.20092114546706583,0.08969991552757647,0.6095594483719528,0.586757016740245,26.88064788238047,16.207061115226843
1533,Sulawesi Tenggara,IDN,2023,2023-01-17,0.10964150227068262,0.325036308617967,0.10952957016944402,0.12523201066568565,0.2999440785313409,0.1800648047402637,0.08677394220097258,0.5318185457290588,0.4277815637509262,27.867708997704078,19.385138755440416
1535,Sumatera Barat,IDN,2023,2023-01-17,0.24473917235972334,0.38861321927813114,0.25192150207569713,0.2579772772705324,0.35406758868389654,0.22822646327173934,0.12737809745732806,0.27708267833280914,0.23125487643526832,26.850824068692233,
1537,Sumatera Utara,IDN,2023,2023-01-17,0.19263936861649134,0.3879348117865673,0.1996400748416106,0.20900836096124195,0.356562464469505,0.22337820883913556,0.11872403119771402,0.37635269302775765,0.3471426442537085,26.43282306832022,13.361525051338731
73615,Maluku,IDN,2023,2023-01-25,0.0819492390826456,0.3214776349145065,0.07871045086859504,0.0993137816903398,0.28473807001151574,0.1571725548919381,0.0691376574436133,0.625525645108009,0.48811235541272613,27.03373088113315,22.02894583571456
73616,Maluku Utara,IDN,2023,2023-01-25,0.12208984451587307,0.3517944735571757,0.12186554264234158,0.1409178808649878,0.3178917965917509,0.18816938282099505,0.09112972761606142,0.511307550723882,0.44471644677594435,24.472710945347274,21.02458248472506
73609,Bangka Belitung,IDN,2023,2023-01-25,0.26941435322995305,0.4142376162304306,0.2734342798865522,0.2844863937353083,0.38535963437327564,0.26344390842241044,0.15270724761280327,0.23698491758785628,0.22196928338299485,26.560581897639384,
73610,Banten,IDN,2023,2023-01-25,0.26766649532108094,0.4241199694322595,0.27136316119101894,0.28587455994090494,0.3848406338454065,0.25550359587731897,0.14000432358950043,0.24062198760830733,0.21617093991621367,,
73611,Gorontalo,IDN,2023,2023-01-25,0.10885115449240487,0.3393503783822712,0.1062437763350212,0.12378988645501485,0.3088058531373078,0.1919080917620524,0.0961668178191703,0.5676420439297769,0.4895361423324364,24.794819974747746,
73612,Papua Barat,IDN,2023,2023-01-25,0.07698592222468431,0.2702972139317383,0.07884611888713373,0.08924475726076225,0.24697752357203645,0.13458017237166545,0.06120439133110536,0.6057717359528078,0.39340178849878993,27.541426586357694,17.36140948369761
73613,Jawa Barat,IDN,2023,2023-01-25,0.22787883111182913,0.37455150827721645,0.2410882207640971,0.2431247110609417,0.33937328603025657,0.23494434360580466,0.13560730488122325,0.28961885928436176,0.24611806402305558,,
73617,Papua,IDN,2023,2023-01-25,0.11106740215524051,0.3227850893207525,0.10798790757308295,0.12557197179549462,0.3002812808125909,0.17494157848986888,0.08416981425129977,0.5349405497667207,0.4150680924015903,28.520465564949042,15.32929051548544
73621,Sulawesi Utara,IDN,2023,2023-01-25,0.16418111013539108,0.3635528500428788,0.17084833790083456,0.18064605353816596,0.32365145378427485,0.20823566657645587,0.11114852534375157,0.4181982820247099,0.36229202830257506,23.60821414142171,22.37352565330177
73622,Sumatera Selatan,IDN,2023,2023-01-25,0.2962956907227905,0.45790635423282355,0.29244381862560465,0.3117301824022313,0.42534898734499493,0.2864241462512722,0.1626168643925324,0.2378955709258349,0.2307757714933574,26.907303325526858,
73614,Kepulauan-riau,IDN,2023,2023-01-25,0.4857140443809118,0.5289239074410612,0.4951279045015823,0.4985284940861281,0.44961540799113114,0.2676090805691191,0.15838015067374936,0.07554275385084752,0.06698684987182431,25.195004556009543,
73618,Riau,IDN,2023,2023-01-25,0.19877686333942043,0.393240426907643,0.20241361980949776,0.21424461529141886,0.3606954130235603,0.23833039295524086,0.12850824953305606,0.3663854630972151,0.32799922282655886,28.369172512189397,
73619,Sulawesi Barat,IDN,2023,2023-01-25,0.19049941384129307,0.3746512848218172,0.19085798114980618,0.20516559041883634,0.3438523897735333,0.21973646905677457,0.11918118742578901,0.3796070750355613,0.32694435788739423,30.150869565217388,
73620,Sulawesi Selatan,IDN,2023,2023-01-25,0.14009397486653113,0.3112261745003651,0.1418224828768398,0.15299858645414877,0.2838031357001526,0.18014119362645,0.09350656086236436,0.4239265525994055,0.3313242770607117,28.675000349735733,18.764681306745643
1512,Nangroe Aceh Darussalam,IDN,2023,2023-01-25,0.06845860206285909,0.3046690545035026,0.062277778519554905,0.08239788325165168,0.28232321958464807,0.16005218168672378,0.07034556094318943,0.6573734608144631,0.5158479431446246,28.7950406308369,19.938728614359203
1513,Bali,IDN,2023,2023-01-25,0.10864505469946988,0.3288669695013969,0.10424892522223772,0.12502819915530167,0.29547688541681455,0.1825915577041229,0.08745947457620165,0.5312457759135095,0.4439826003511409,,
1514,Bengkulu,IDN,2023,2023-01-25,0.1721036041356878,0.3763096289389761,0.1711578444249918,0.1884267308197416,0.3444307872732337,0.20352014495489457,0.09977552182683118,0.39427403943003414,0.32381117815931676,30.261840277777733,
1515,Daerah Istimewa Yogyakarta,IDN,2023,2023-01-25,0.2947826005037225,0.4638161505482452,0.29631366697875605,0.3127390749426855,0.4276525337736151,0.3063500808734011,0.17855548822639022,0.23914242594865012,0.2615707742473292,,
1516,Dki Jakarta,IDN,2023,2023-01-25,0.419831334857462,0.4440541855113379,0.4527449823380597,0.4329671286213749,0.4068062743162117,0.30828149687774176,0.18828812352973923,0.030290937561971112,0.02534905764637677,,
1518,Jambi,IDN,2023,2023-01-25,0.2215418422254509,0.43912098705227715,0.2193176782515881,0.23827991946244279,0.41266071910469665,0.2828041395479333,0.15473843686540967,0.36624363005195154,0.39247204744232933,31.419767583437213,
1520,Jawa Tengah,IDN,2023,2023-01-25,0.276006577491739,0.43918435806347295,0.2827223480426962,0.29400725885954854,0.4039685332114654,0.2879545906294782,0.16712904351729257,0.2519113161282632,0.2604143641655018,,
1521,Jawa Timur,IDN,2023,2023-01-25,0.1741130259793223,0.3760399970663739,0.17137094115387774,0.1922740912903532,0.3452771267302395,0.23259186120964043,0.12494902667515624,0.3849586932519795,0.3681295938959597,,
1522,Kalimantan Barat,IDN,2023,2023-01-25,0.2025536818930845,0.4087892858696541,0.20348140680792368,0.21907903134824167,0.37800761773929226,0.24927161918478477,0.13601821851358825,0.3768022123889174,0.361504379677286,27.400946311816607,
1523,Kalimantan Selatan,IDN,2023,2023-01-25,0.27920071012328784,0.44531539801928566,0.27173401671693687,0.2935588464065614,0.4175184086029483,0.3000628514354781,0.17383896709652857,0.24765264874145396,0.25344540130105525,27.270184637986045,
1524,Kalimantan Tengah,IDN,2023,2023-01-25,0.1948181600646218,0.3997312990564404,0.19107656475221468,0.21001084121862718,0.3743711580374944,0.24431718602132085,0.1346033018032254,0.38233326829503106,0.36420039666234755,26.319615204642712,
1525,Kalimantan Timur,IDN,2023,2023-01-25,0.20380596072457768,0.38886180446675717,0.2052653961217402,0.21801309171379102,0.36065025767424935,0.23688285879002458,0.1319257106152588,0.3610634832123593,0.33101070683106903,27.356168026373165,17.504084672877358
1526,Lampung,IDN,2023,2023-01-25,0.23676933495350214,0.404769975698706,0.23076535750995933,0.2508652673831415,0.37632227111221406,0.2588133866728986,0.14332583705760876,0.2978872830602037,0.2698187248374656,27.709864775725613,
1528,Nusatenggara Barat,IDN,2023,2023-01-25,0.195717724038398,0.3690822470994903,0.19631648900488355,0.2122492048917617,0.32838419928167323,0.20444154492185115,0.10694975233023152,0.3301539508906275,0.2700385967915548,33.063145108338816,
1529,Nusatenggara Timur,IDN,2023,2023-01-25,0.1184441419033444,0.37680613897094883,0.1126281061883593,0.1377575301818711,0.3439852737876687,0.2198480700318511,0.10573668700791727,0.5389161502243077,0.528387404306126,27.96398802080311,20.827119191273052
1532,Sulawesi Tengah,IDN,2023,2023-01-25,0.1699455355254093,0.3686058968555947,0.17132807672765937,0.18590786161022307,0.3396761687851024,0.21699563806430622,0.11539758612655662,0.4071179124228863,0.3555102413644493,28.024967206403183,11.158181818181848
1533,Sulawesi Tenggara,IDN,2023,2023-01-25,0.15767716450626348,0.3441463809843762,0.16686517279251925,0.1732222139703538,0.31303289719436705,0.19340516320328566,0.09807630417149665,0.4183597747500359,0.33405550292414943,28.683463342155655,8.363539823008884
1535,Sumatera Barat,IDN,2023,2023-01-25,0.16193287549088073,0.3830448923514095,0.16266372763712927,0.17928352770590184,0.3560414680086412,0.22709018371675327,0.11670622898925066,0.4324138699603157,0.4114818800460991,27.846136240456527,
1537,Sumatera Utara,IDN,2023,2023-01-25,0.09802607686640788,0.3413209436352312,0.09355287270855232,0.11411072162093457,0.31598721416722675,0.1950346073753389,0.09056199567412547,0.5729803541067261,0.5046833470690577,28.75472306697047,
73615,Maluku,IDN,2023,2023-02-02,0.1743705301437042,0.3590897019230115,0.179205744561762,0.19166172777543974,0.32148886652195885,0.19580605222052316,0.10352911197181898,0.3856877348606116,0.3217238305805942,26.22314580608831,
73616,Maluku Utara,IDN,2023,2023-02-02,0.17624628050576555,0.3749946272978959,0.1768289295487301,0.1944826091754278,0.34031222825165314,0.20205777859138963,0.10119509407602517,0.39374249912503295,0.3441869199991481,25.446826973482455,21.79005968347637
73609,Bangka Belitung,IDN,2023,2023-02-02,0.17762650792588996,0.3793658391012566,0.1756145408817998,0.19439711616339508,0.3584856785885291,0.23857608428155844,0.1258483941743713,0.3727665115119656,0.36098729796329304,29.388070219414697,22.52563211026965
73610,Banten,IDN,2023,2023-02-02,0.24028058879223643,0.37887359093208495,0.25258807055410276,0.25414967472705685,0.33963141568731975,0.2289682124514858,0.13316106384403464,0.26903946134929263,0.22222772688825898,31.9073298077534,
73611,Gorontalo,IDN,2023,2023-02-02,0.09799680211240319,0.39275996551573106,0.08645215446662674,0.11843645930935169,0.36273574480770154,0.21831346693259165,0.10004175527756046,0.6173346747077881,0.6236958113450205,28.36537932426438,13.698352835283572
73612,Papua Barat,IDN,2023,2023-02-02,0.15985487906842133,0.33896178455360737,0.1628831941269338,0.17476550666755417,0.31135171161515435,0.18414052283651816,0.09403843320760294,0.40293825602905137,0.31131121293554753,26.45816974539589,
73613,Jawa Barat,IDN,2023,2023-02-02,0.1569367975896244,0.33649430601744784,0.15352964874060826,0.16783872339732891,0.3074068645754069,0.21808997985586664,0.12924360480587663,0.4145471566532314,0.3872948459856711,31.918627977796934,
73617,Papua,IDN,2023,2023-02-02,0.12952826741667128,0.33272076207157225,0.12798028257277927,0.14329648230047495,0.30927970985033454,0.18923579239208937,0.09659423939293409,0.49928118289319184,0.3950048113958469,28.786729613613225,4.971394389438968
73621,Sulawesi Utara,IDN,2023,2023-02-02,0.27269772620936883,0.4405693941102141,0.2751383668388785,0.2875932407728344,0.39834272228517725,0.27308475506525354,0.15612098166909832,0.27988472213959337,0.27571382439502945,25.270392034880828,20.720063556509444
73622,Sumatera Selatan,IDN,2023,2023-02-02,0.1703512539135423,0.37337094844297775,0.17254504910507024,0.18577866114683472,0.3485347086316948,0.22552407078691603,0.11808889871018224,0.4094381701478094,0.3691568470079892,27.559680611650062,22.343856022311602
73614,Kepulauan-riau,IDN,2023,2023-02-02,0.14312643870410607,0.3124631412826264,0.13953977301983964,0.1588985109529325,0.28945297117834345,0.1946900571942347,0.10880994270990005,0.40945130223670756,0.3536936461528674,26.872976664254576,16.975980229307652
73618,Riau,IDN,2023,2023-02-02,0.11712482111873135,0.3532074178026891,0.11444087614933372,0.1323299888381849,0.3258242308809943,0.2019430582437026,0.09817660101573901,0.530910527581828,0.47267145602845645,29.91314957285487,
73619,Sulawesi Barat,IDN,2023,2023-02-02,0.10563347262368,0.3314737930215821,0.10084713848818734,0.12132170518541154,0.30577392016946786,0.18003553486111834,0.08802458896449829,0.5446411042059915,0.44644597197642444,24.50858951677997,
73620,Sulawesi Selatan,IDN,2023,2023-02-02,0.14114983257967295,0.34193073912555405,0.13541269108198742,0.15587666240475942,0.3170979182546286,0.2030387095624824,0.10521718851836825,0.4439797926283342,0.3893565395104637,29.340379574014197,
1512,Nangroe Aceh Darussalam,IDN,2023,2023-02-02,0.10063061967829305,0.33217673778404083,0.09240941880807323,0.11530500784884634,0.30839175101858357,0.18331064627119878,0.08670858046114348,0.605296836597637,0.48859388917108426,28.467583303648098,13.685145075602756
1513,Bali,IDN,2023,2023-02-02,0.21796730249175073,0.41671218849702163,0.20944622853563932,0.2320034577879238,0.3843145439938005,0.28180139157374534,0.17776092195187843,0.3716201053974666,0.43264374988855664,24.079586776859557,
1514,Bengkulu,IDN,2023,2023-02-02,0.07415820270801551,0.34002378632837527,0.06738440997744537,0.09046925386488441,0.31108645216476566,0.17502031562891185,0.07330552469810304,0.6541810261859834,0.5537629801339126,26.830296286126657,19.1096266088032
1515,Daerah Istimewa Yogyakarta,IDN,2023,2023-02-02,0.2021195120103488,0.3430303936449868,0.23806951966239553,0.21814739129438576,0.31168393504468483,0.23002165006178335,0.13825465279421706,0.27880609023381026,0.2473089642432385,29.724975942839063,
1516,Dki Jakarta,IDN,2023,2023-02-02,0.23202303156272527,0.29528101089215747,0.22288537302290887,0.2338172543695812,0.29256777956211655,0.24510270806398987,0.17235005952533247,0.14444329799173508,0.16580876401360575,,
1518,Jambi,IDN,2023,2023-02-02,0.10870587489535531,0.34568777629015124,0.10387932093707337,0.12343707080452436,0.32928513391162156,0.20729233839818828,0.09872612995911706,0.5688297596352637,0.48958570383558697,28.781047801754635,19.238769782499638
1520,Jawa Tengah,IDN,2023,2023-02-02,0.1873017595557061,0.37548318116647317,0.19005029989941336,0.20296890729126782,0.34579102328184025,0.24959108737964786,0.14142370449334757,0.369006113181752,0.37128198986690153,29.931995603241816,
1521,Jawa Timur,IDN,2023,2023-02-02,0.23273076169308948,0.39685147197183457,0.23909395423996302,0.24738403151149987,0.36174527768346515,0.26158573589600337,0.153311260187287,0.30385076333987204,0.3029105543628776,30.855780357862418,
1522,Kalimantan Barat,IDN,2023,2023-02-02,0.11551171991341491,0.35169584141954285,0.11099302681226687,0.13112844428349513,0.3273325314618055,0.19655888507187463,0.09734217742329752,0.5337168503549783,0.46904332686827194,29.43740571346878,21.50345878556003
1523,Kalimantan Selatan,IDN,2023,2023-02-02,0.2281720972149974,0.41194150173838945,0.22479173598492433,0.243988725380436,0.3833431089320858,0.24814389791373337,0.13886851179787166,0.3057384407595009,0.2965019681573837,30.04514891339152,
1524,Kalimantan Tengah,IDN,2023,2023-02-02,0.13260254547111033,0.3797393616124047,0.12473300576003316,0.14959261188307452,0.3545608120164829,0.20607085741105505,0.09789000634835546,0.49854428881445656,0.4717500165349304,29.41696452866484,
1525,Kalimantan Timur,IDN,2023,2023-02-02,0.13716062799887002,0.3437468767975505,0.13629651592957648,0.15043205355581946,0.31853586278873985,0.196572732196571,0.10363483421189247,0.4908174251790988,0.40624921769064515,27.279444914407865,19.159494029982604
1526,Lampung,IDN,2023,2023-02-02,0.19972453515470404,0.4011459088206784,0.19630305376831989,0.2154013005972174,0.3744756987213389,0.25067246903726603,0.1389469003914923,0.35015008976597045,0.3725504122891274,29.16230736346446,
1528,Nusatenggara Barat,IDN,2023,2023-02-02,0.38673757895884137,0.4976991629595512,0.38792530950629206,0.39878393514308297,0.44142260042077264,0.28423073715253483,0.164266336361838,0.1441003219089148,0.13328140546366832,26.192011443214156,19.455052631578944
1529,Nusatenggara Timur,IDN,2023,2023-02-02,0.22931619015347002,0.4322627471506263,0.22696738735874747,0.24623875650362861,0.3947728297687841,0.27227400878758845,0.15471016642106747,0.37312315981945343,0.3928311667657482,27.038471410132566,21.73487416190383
1532,Sulawesi Tengah,IDN,2023,2023-02-02,0.11357101278184763,0.3509873064455057,0.11086688703558692,0.130578903898029,0.32305972203549754,0.19410154322705947,0.09416899832295418,0.5353980302565938,0.4773193252088121,27.930579014719573,16.869246215631772
1533,Sulawesi Tenggara,IDN,2023,2023-02-02,0.12624198605021653,0.31669986651168563,0.13493116339146635,0.14150918256654912,0.2898790563274622,0.176314062180978,0.09027460422947445,0.4544666467002023,0.35638973496803267,28.579395925565624,
1535,Sumatera Barat,IDN,2023,2023-02-02,0.0709655968150555,0.2866032353829476,0.06781857010043414,0.08309821824923787,0.26413616966731496,0.15146976465537035,0.06719736422820313,0.6588773098636631,0.45889051273879566,30.229873357447936,13.394231793960959
1537,Sumatera Utara,IDN,2023,2023-02-02,0.07700694798579627,0.315181010258433,0.07052778237752998,0.09140626093509037,0.2914862787258902,0.17394947152939946,0.07799563010834419,0.6316546618815087,0.5157972633817093,28.88311592421033,18.862968299579833
73615,Maluku,IDN,2023,2023-02-10,0.1587907584713179,0.3769269652720544,0.16464319337156585,0.17939345043620575,0.33712181543836756,0.207212634936039,0.10714135774253505,0.43858308016351566,0.4737122665269008,27.617381763783392,
73616,Maluku Utara,IDN,2023,2023-02-10,0.07286858701700644,0.3071605965303831,0.06932343693802118,0.08882564967923062,0.2777905724363863,0.15333773127847225,0.06673393646534737,0.648341281217749,0.4867641714690941,27.30085875346967,19.225602172021294
73609,Bangka Belitung,IDN,2023,2023-02-10,0.1537696712689245,0.35354854511621037,0.15515572160742602,0.16874530212972838,0.3341599450440176,0.2202224830675177,0.11364037195035014,0.41350043504799305,0.37739750772735425,28.410194627473217,22.030433955104918
73610,Banten,IDN,2023,2023-02-10,0.3078538639606595,0.4418229783305888,0.31549583797549646,0.319925685517981,0.3907135164650623,0.2678300524401178,0.15580969537342146,0.24819967430948203,0.22732275953502146,25.50753138960226,
73611,Gorontalo,IDN,2023,2023-02-10,0.05644318791096706,0.4064325022410252,0.03770491735743834,0.07983237781192952,0.3772886412266673,0.21495542365974396,0.08452480078090323,0.7472095582777728,0.7960080433294624,28.465205747726046,20.04700913948166
73612,Papua Barat,IDN,2023,2023-02-10,0.09038721704904679,0.29886218975743334,0.09309212540960583,0.104700664893187,0.27651637834171827,0.15559027567284897,0.07310754144938653,0.5747309475754874,0.4179462223134494,29.905076289306148,22.768352559172882
73613,Jawa Barat,IDN,2023,2023-02-10,0.20177639595915553,0.3994222995330716,0.19247907489477653,0.21543630424271565,0.3613209892731145,0.24883543403427444,0.1377161610498572,0.40169847683019966,0.404138260409318,27.891085999325604,15.567911025145037
73617,Papua,IDN,2023,2023-02-10,0.13343344037175975,0.3673784107038015,0.12627157694333244,0.150396448003351,0.3443022319678521,0.20754854128190522,0.10194755931370156,0.5140279759056777,0.458014114738303,29.375546956480857,6.259017901710055
73621,Sulawesi Utara,IDN,2023,2023-02-10,0.07649905500073233,0.33896573847558426,0.07150814765463469,0.09392047150215987,0.3023698346116909,0.17262404912406099,0.07723357093952352,0.6509928748027437,0.5634905798357426,26.61630821404421,18.562890204020107
73622,Sumatera Selatan,IDN,2023,2023-02-10,0.12855834139316613,0.3554348459175728,0.12632448184896578,0.14386866756111708,0.3338672790864456,0.21303648895103824,0.10819687997298275,0.5038275497616296,0.46366100514964026,30.511850085907675,12.768047417725413
73614,Kepulauan-riau,IDN,2023,2023-02-10,0.11689642573715245,0.2819777495987708,0.11669767799533451,0.13033813685398996,0.26026646519030827,0.17151533873677266,0.09351791692493938,0.4515424987904008,0.34305898406204727,28.060447832675475,21.385988425037468
73618,Riau,IDN,2023,2023-02-10,0.06189933211035293,0.3419053587009834,0.04878936004577669,0.07612550924127046,0.31876819855477195,0.19014563428600417,0.08038781084331947,0.710814958059523,0.6566844538309395,29.878136083076875,19.987249490544198
73619,Sulawesi Barat,IDN,2023,2023-02-10,0.1573383497267281,0.3699734037757929,0.16043488827005803,0.1747559817095328,0.3412983675670088,0.21191901562645127,0.11133301734706842,0.4255701293236654,0.38784095670312657,30.110848159936022,14.44540669856462
73620,Sulawesi Selatan,IDN,2023,2023-02-10,0.18861279256038685,0.3963420906110408,0.17983055701803413,0.20424518604128422,0.3702354950211466,0.24294713943401802,0.1300787094579406,0.3768427348112664,0.40581345605671115,28.313881533768733,14.933551801602139
1512,Nangroe Aceh Darussalam,IDN,2023,2023-02-10,0.09305775086607064,0.3790527882205603,0.08113675638934091,0.11197940955922171,0.3524032156343916,0.21320914321086276,0.09694222433094399,0.634979258962414,0.635389821766976,28.052007850862815,17.921847720859724
1513,Bali,IDN,2023,2023-02-10,0.10514530653045606,0.30910942843076833,0.10459653420012395,0.11830953318277704,0.27578326016887356,0.18053783772081486,0.09650320680927223,0.5384705056333795,0.4411330611320309,19.983319328331557,16.94779342723007
1514,Bengkulu,IDN,2023,2023-02-10,0.05368756186729148,0.2958770456930561,0.04617967063599511,0.06627212342970526,0.27171458930365744,0.1529825275979199,0.06470860434317746,0.7417287777146452,0.5595968330238297,31.554437725659433,15.109817403106987
1515,Daerah Istimewa Yogyakarta,IDN,2023,2023-02-10,0.1191999383559865,0.3471822467990486,0.10444530605886027,0.13293499424951177,0.32296519343176655,0.22235768547806964,0.12140578619791087,0.5356473650589316,0.5367819618562631,25.924382439862583,22.35683139271135
1516,Dki Jakarta,IDN,2023,2023-02-10,0.21051037215749563,0.28692941710326114,0.19388783350365674,0.20996049354101187,0.29402832848953153,0.2578554461540318,0.181578825236333,0.16586259919980068,0.1950820620298129,,
1518,Jambi,IDN,2023,2023-02-10,0.09084697357667046,0.31941787461945237,0.08649906039385079,0.10405904305849097,0.3043987815417141,0.1883691541703616,0.08822625632974297,0.6056831004685317,0.49381162654241784,31.172635578266515,19.06575599158178
1520,Jawa Tengah,IDN,2023,2023-02-10,0.1476252140446883,0.3549517660331302,0.13714269518731767,0.1606409989455594,0.32817437728120885,0.2331194467644114,0.12881183912347444,0.4594296706059778,0.45974826223444143,29.82261567725271,17.64400992079734
1521,Jawa Timur,IDN,2023,2023-02-10,0.1498064046593834,0.3610597917584432,0.14380510842573974,0.164264449182529,0.3288166038807829,0.23155138222122973,0.12961221660411368,0.4631057902582172,0.4542750714495238,28.20401847296499,14.717033639143754
1522,Kalimantan Barat,IDN,2023,2023-02-10,0.1177299122383716,0.34659448300515544,0.11437526757973286,0.1337807675341468,0.3231613892555827,0.18802329897724396,0.08866897849964085,0.5293765933347224,0.4468910219933299,30.17042996009745,19.903740613288534
1523,Kalimantan Selatan,IDN,2023,2023-02-10,0.19581229587301702,0.38523768578739753,0.1959484723046868,0.21198431483846467,0.35577223377707284,0.22684656562875735,0.12303885384853629,0.3585481833315971,0.32254247577979794,25.988153631716873,22.59702413883533
1524,Kalimantan Tengah,IDN,2023,2023-02-10,0.11007578111657595,0.33784367381272834,0.10637815858972129,0.12537856670656516,0.31476534608947926,0.1773414088345364,0.07912712678243874,0.5462865372457979,0.4298561716482331,29.008042880117063,21.805559975633244
1525,Kalimantan Timur,IDN,2023,2023-02-10,0.16788232243733978,0.41987279638315733,0.16224670744404704,0.1868635210176344,0.3934620705478023,0.24369465504678944,0.12208713389925664,0.4545927085413802,0.4640378891091523,25.621980266427038,16.495511292635157
1526,Lampung,IDN,2023,2023-02-10,0.09368616634489667,0.3164202185099014,0.08745362653434693,0.1052912694988699,0.2918062028775449,0.1871604370912848,0.08965093404986091,0.5987193609827502,0.5019593740015187,32.6358986897412,
1528,Nusatenggara Barat,IDN,2023,2023-02-10,0.2214031065881404,0.41086753811441035,0.23084099956282783,0.24031943913438947,0.3662989500518183,0.24639863892954966,0.1365589941988405,0.33504402004997774,0.32107132236503394,23.471277050042623,20.178062015503894
1529,Nusatenggara Timur,IDN,2023,2023-02-10,0.18693331684371345,0.409899080084897,0.18224484322641316,0.20475100682545325,0.3768569239017174,0.2580260810011092,0.1420702634773308,0.4310388500785136,0.4482808786062764,28.396019460447846,22.622170222189357
1532,Sulawesi Tengah,IDN,2023,2023-02-10,0.12980308196045534,0.3855530575821618,0.1235560527785649,0.14951728708878032,0.3579180711399524,0.2104549158792638,0.09969151970658319,0.503536715049091,0.4958417600203147,26.74769819469599,18.346272247786885
1533,Sulawesi Tenggara,IDN,2023,2023-02-10,0.11741776904042314,0.37409464017657895,0.10746120878623294,0.13606024701717,0.3495992072979843,0.21040158421744465,0.09915865824150583,0.5397612061831027,0.5253061153128287,29.468652474232275,
1535,Sumatera Barat,IDN,2023,2023-02-10,0.057468000715829574,0.3145765921095412,0.04778799781613798,0.07287768507126913,0.29307576836095417,0.16743448611765113,0.07017454056562498,0.7115178463595481,0.5845186554779719,30.381396801048382,18.143789661343536
1537,Sumatera Utara,IDN,2023,2023-02-10,0.052609786302155716,0.36194988873374684,0.03713428803751063,0.0713728798991613,0.3394118065453632,0.20020456137910947,0.08070287913883249,0.7438255640199792,0.7365461211584253,29.454579474655315,19.004514830807228
73615,Maluku,IDN,2023,2023-02-18,0.1064514483965617,0.41243863423678717,0.09832255107811595,0.131511455050776,0.3706515009806184,0.21535093914223166,0.09451950925641438,0.5976192805990302,0.6190734845468364,26.24942559520879,18.581072008484227
73616,Maluku Utara,IDN,2023,2023-02-18,0.11921585630617879,0.3779157418716213,0.115809381159508,0.1395499336512795,0.34570423836736425,0.21184527162595843,0.10590622374339345,0.5454627165390304,0.5531925799409678,26.371901145791504,20.581891708974645
73609,Bangka Belitung,IDN,2023,2023-02-18,0.11733393308335568,0.3605531572698801,0.10510939622380226,0.1311636843316514,0.34048491401967057,0.22293509767873446,0.1114897030886644,0.539226512421229,0.5373772359284719,29.708128481109213,19.504940015696896
73610,Banten,IDN,2023,2023-02-18,0.17881127472746972,0.4101803131880198,0.17091370017030164,0.19716406494331998,0.3708414791820998,0.24673222243056359,0.1287739839227735,0.4256636171949397,0.4406567388157297,29.374997005050336,18.511861989726928
73611,Gorontalo,IDN,2023,2023-02-18,0.05859848020823436,0.37814993729655844,0.04469996433107999,0.07941285346595035,0.3479143964982749,0.19698993237854343,0.07816323251466847,0.7337671395449273,0.7127752408283227,27.403938178384408,20.622864686621412
73612,Papua Barat,IDN,2023,2023-02-18,0.07545274942589109,0.40319624497797074,0.06047067689777759,0.09810261651834638,0.38030761762991694,0.21811255099572815,0.09439748775025408,0.6925778375561844,0.7367604474817124,28.413258640962674,16.5000516882398
73613,Jawa Barat,IDN,2023,2023-02-18,0.11313764067320294,0.32914278256802265,0.10367584056274126,0.12647360584986778,0.29823274555802115,0.19496368283980756,0.09774482893060776,0.5472967140709902,0.47611269850061066,30.152781260699257,17.621765512382137
73617,Papua,IDN,2023,2023-02-18,0.10348704884996653,0.3375542855156355,0.09430671784161761,0.11942177231933679,0.31542124765314755,0.18103825104386026,0.08491434259169618,0.572806839527995,0.4743330101441289,28.79736136468235,5.966575449256411
73621,Sulawesi Utara,IDN,2023,2023-02-18,0.08356484113343454,0.36761598414765645,0.07684427657347169,0.10221771573157332,0.3273199162280676,0.19239130390692494,0.08797642546555004,0.6430923243037058,0.61829602463171,26.222217476779765,19.988439030322215
73622,Sumatera Selatan,IDN,2023,2023-02-18,0.2715372806748657,0.46018463925237246,0.26740212132820734,0.28611151567497745,0.42736441211038634,0.30971200627270257,0.1830005831658383,0.3089803811121103,0.3443118200328926,28.668331074399656,23.476913411012134
73614,Kepulauan-riau,IDN,2023,2023-02-18,0.12315212897155968,0.32286269105092197,0.11485921003967502,0.13947291426267125,0.300660210218268,0.20004694541013057,0.10699350498558069,0.47691794570597307,0.42422752559547283,27.78731127970348,21.503226417443457
73618,Riau,IDN,2023,2023-02-18,0.24547578272849807,0.4422188423242547,0.249326910422622,0.2611152617765065,0.40960160646198746,0.30279122458764357,0.18166769388051246,0.3326576499532729,0.37630519793913547,28.453073907371152,20.986712082809234
73619,Sulawesi Barat,IDN,2023,2023-02-18,0.13108719460172366,0.3462119743743352,0.13387570097039508,0.14676213452035428,0.31524497887313646,0.1942504812090715,0.09980982343809165,0.502202019983107,0.4321776201464974,28.97686791067483,
73620,Sulawesi Selatan,IDN,2023,2023-02-18,0.14181594562749364,0.3870435167829722,0.12835774067710082,0.15870157687264308,0.3595228565885292,0.23966002429715624,0.12608814059882179,0.48922657387961477,0.5481204165424794,29.357790653902924,17.415073457236513
1512,Nangroe Aceh Darussalam,IDN,2023,2023-02-18,0.044388994955954664,0.28543606238462377,0.03572848121977509,0.05758406885669244,0.2652381686502071,0.14516425634429533,0.05748524144451746,0.7544836862703493,0.5466221332809421,27.19593425638103,18.3792222670035
1513,Bali,IDN,2023,2023-02-18,0.10253517299678909,0.3893337324308144,0.08774765537901993,0.1203069302530609,0.3501706798192232,0.23082279286070154,0.11742075865800713,0.6166108150847539,0.695070704025977,28.951996855100262,17.004563907666068
1514,Bengkulu,IDN,2023,2023-02-18,0.1350729587709713,0.3943528999062797,0.1294877197561093,0.15379237005212343,0.36206161936902626,0.22872076420470283,0.11279006484217068,0.5356031430814636,0.5492382479216071,31.362744374783805,14.539315068493197
1515,Daerah Istimewa Yogyakarta,IDN,2023,2023-02-18,0.09514410464208711,0.3169547049075441,0.08637552414975964,0.10756987746037627,0.2952084715614297,0.20225244723373115,0.1091903949279621,0.5800437638967381,0.5476170451304396,31.662609245718468,18.6536890703749
1516,Dki Jakarta,IDN,2023,2023-02-18,0.32702359024296235,0.365818658896516,0.3361464368331624,0.3350921351307825,0.34005174896112894,0.2531931212495654,0.15272572352251512,0.07737995409839558,0.060593200318249975,31.450785013380933,
1518,Jambi,IDN,2023,2023-02-18,0.2790630554640219,0.44059584869470586,0.2891032932062931,0.2935931802771953,0.4071113331569405,0.2947483587730683,0.17310962827539805,0.2878410896410444,0.2864817273097613,28.129634712286254,17.195461236506393
1520,Jawa Tengah,IDN,2023,2023-02-18,0.11242047933309196,0.34367716788881886,0.09743478022157642,0.12584762216686876,0.31761558880959295,0.22118489551528153,0.11571605617319407,0.5554596465236327,0.5529332340225581,29.74758797880615,15.475927775561926
1521,Jawa Timur,IDN,2023,2023-02-18,0.09321328186005318,0.37830454417810133,0.07326094284596961,0.11062472205691384,0.3459605758973106,0.23366817193314465,0.1154151686621456,0.6293707730093372,0.7141258897384566,30.068443173603516,16.767521319152138
1522,Kalimantan Barat,IDN,2023,2023-02-18,0.12556278095028423,0.38267342045257846,0.11817948149364985,0.14246966181510645,0.3589001780115677,0.2207004484445363,0.10761277628408077,0.551751264194427,0.5364468749866047,30.030808919169807,20.80441612865726
1523,Kalimantan Selatan,IDN,2023,2023-02-18,0.16063723117196296,0.36674988385108065,0.16142837072388402,0.17694653841728805,0.33514563952046983,0.20844568948143805,0.10493947929392677,0.4302321066700103,0.39390984495743403,29.673030586254878,20.79709143809583
1524,Kalimantan Tengah,IDN,2023,2023-02-18,0.11234725981649318,0.33718317450912955,0.10974871358707913,0.12688899717053007,0.3148444924055564,0.18946467886277651,0.09336964681792376,0.5493246799085759,0.4639986510153282,29.56149723831195,21.97061184238078
1525,Kalimantan Timur,IDN,2023,2023-02-18,0.13399981433950894,0.33320873918451094,0.13641594902313073,0.14725871390589276,0.30783621802225036,0.18970246250880313,0.10025863020742065,0.4945922114988144,0.4026514282905868,28.98569561072729,17.737442395198663
1526,Lampung,IDN,2023,2023-02-18,0.21826451801536198,0.4288834806931271,0.2135176178313995,0.23643009301834514,0.3979819619111391,0.2806931327971085,0.15622917010900553,0.35441730394858495,0.38980708319953083,30.417303872678467,13.395984101748908
1528,Nusatenggara Barat,IDN,2023,2023-02-18,0.10634078680223133,0.3921191787966835,0.09454561836374019,0.12660538944624702,0.348176354015541,0.2216378403362723,0.10730455904166085,0.6086903495351099,0.6265304989682279,28.591563649436054,20.756647410233526
1529,Nusatenggara Timur,IDN,2023,2023-02-18,0.10021104156874452,0.38865543550345233,0.08902419593669583,0.1203259424795604,0.35601602305065827,0.22502277685654076,0.10497197821002302,0.6162655134242894,0.648045337988879,28.00135084554218,19.912804642387698
1532,Sulawesi Tengah,IDN,2023,2023-02-18,0.10789849426746913,0.3293128876314763,0.1100215357093628,0.12381089357478452,0.30087188341548343,0.1764511612361757,0.08489112461894283,0.5539461759475881,0.4503738413389904,27.559400980790592,19.868979002588343
1533,Sulawesi Tenggara,IDN,2023,2023-02-18,0.12941193791821023,0.42717321020840776,0.11531528848878413,0.14993091690502336,0.3984990859640818,0.2494959757825209,0.12652667535145073,0.561412279003645,0.6790260604051884,29.307773708788353,
1535,Sumatera Barat,IDN,2023,2023-02-18,0.2139460880658155,0.3730879639528787,0.23041591204014783,0.22814854885467198,0.3349812685521704,0.22617997632450568,0.12420841760919209,0.3753206472784709,0.2933062518446622,27.19663059530152,18.504368310854865
1537,Sumatera Utara,IDN,2023,2023-02-18,0.10803337523027794,0.3218598236853691,0.10908474328632062,0.1214751773942658,0.2956971850261019,0.1882860269254118,0.0944354505973842,0.5618099218715656,0.45192506431924606,28.01745636392072,18.591065802823614
73615,Maluku,IDN,2023,2023-02-26,0.11430366365952323,0.3825649961386977,0.11048598499709518,0.13619305925212466,0.3419215516281886,0.20219286709511952,0.09521192764356468,0.5710976666724357,0.5420995521790648,28.605476429017937,23.290733796957007
73616,Maluku Utara,IDN,2023,2023-02-26,0.08447602315521804,0.35244871550896717,0.07855732003637902,0.10403500449729666,0.31881376725239824,0.18289699436811113,0.08122344098836047,0.6347196005146041,0.5590684057504766,27.577835296127965,21.462532187591655
73609,Bangka Belitung,IDN,2023,2023-02-26,0.23811406878485314,0.3958815473424456,0.23904234196176366,0.25457005630262597,0.36221163121441147,0.2292837953103238,0.11970133774945661,0.2798660602197438,0.237695909807638,28.267309773807145,21.340615711252717
73610,Banten,IDN,2023,2023-02-26,0.18383439537785318,0.35940953305632983,0.17977909439323497,0.19933956937291333,0.32235667556465913,0.2203125683292631,0.12104105072885661,0.36245444839920415,0.3198637941413121,28.616165518779194,
73611,Gorontalo,IDN,2023,2023-02-26,0.05407559141195222,0.3296233826419373,0.04206641039832304,0.07054048302861564,0.3018374978211981,0.16706540016948676,0.06722257400634306,0.7309944318510853,0.6086335603669671,27.13744512071034,18.12325823610793
73612,Papua Barat,IDN,2023,2023-02-26,0.08399064127223493,0.3322741242046663,0.07706778177339595,0.10113232545342901,0.3058508526973472,0.16752842162443388,0.07414337722950681,0.6338242579355597,0.517125006761989,28.519729276082987,16.907323584912596
73613,Jawa Barat,IDN,2023,2023-02-26,0.19881829652337782,0.3693868392469804,0.19598353899570312,0.21311984309421586,0.3339148108865272,0.2243313735422073,0.1223342077103922,0.36025311986706754,0.32067548520519656,28.462976858841188,21.220157728706617
73617,Papua,IDN,2023,2023-02-26,0.1104984204801098,0.33150918436380716,0.1047658038311993,0.12508679110418075,0.3077370442607949,0.1803950004376636,0.08896109945646594,0.562604741737033,0.44978312820677036,29.014802987921144,25.268672800287405
73621,Sulawesi Utara,IDN,2023,2023-02-26,0.05668124345054733,0.32166854494946745,0.05056891589982326,0.0741928756891908,0.2849837727818056,0.1506155660777433,0.059336459174855964,0.7161297200691384,0.563637305958916,26.494002961110393,19.812269999633973
73622,Sumatera Selatan,IDN,2023,2023-02-26,0.1731928147138692,0.4284718189745167,0.16210894473838364,0.19159267795536417,0.40566868249421423,0.274966454928355,0.14412045905512788,0.45275674670836974,0.53654288766361,30.949027882130665,18.163345855562685
73614,Kepulauan-riau,IDN,2023,2023-02-26,0.38881097843757184,0.46785169658495535,0.3874786158992707,0.40421934069321125,0.41473040740205314,0.2657411076042449,0.15024249870879128,0.1283574149349503,0.11018163923350933,27.436270272492287,
73618,Riau,IDN,2023,2023-02-26,0.21305265615015445,0.4597508134158524,0.20053303290094843,0.2305958381423632,0.4281159931308279,0.28663594351522426,0.1496550326868006,0.41556075969680684,0.46235984103528466,29.336724215654243,18.658743148080585
73619,Sulawesi Barat,IDN,2023,2023-02-26,0.10112965913116098,0.3831219696941813,0.08903403822399353,0.12051612966666347,0.35027362567754317,0.20899282321094803,0.09912978809723774,0.5965977877254897,0.5874872570193955,27.92875491979458,
73620,Sulawesi Selatan,IDN,2023,2023-02-26,0.14563769665359577,0.375494334157841,0.1346247742502671,0.16242702608723691,0.3490762580006022,0.22754961309354424,0.1176348642704723,0.46631097779256836,0.4702495224784929,28.157596529665256,21.66894908685498
1512,Nangroe Aceh Darussalam,IDN,2023,2023-02-26,0.07452556290471192,0.2867862870375703,0.07163699169669419,0.08721476716091127,0.26362224067324996,0.14965034387784715,0.06724418684525979,0.643057682707214,0.45483344030977446,26.441782843018967,17.907118197833153
1513,Bali,IDN,2023,2023-02-26,0.08316213551585709,0.3597649123219724,0.06922152896678546,0.10135778751485619,0.3241933772524657,0.20500996076530056,0.10121479755758035,0.6499141938844476,0.6503511364994399,29.96168418467468,20.479819489592906
1514,Bengkulu,IDN,2023,2023-02-26,0.09884346927462342,0.4442427280736824,0.08329029663821223,0.12276944999895618,0.4156242060954925,0.2570361140765992,0.11448710028360366,0.6508539775820061,0.781660115406158,30.402422040325273,14.727626776996589
1515,Daerah Istimewa Yogyakarta,IDN,2023,2023-02-26,0.1304126350371968,0.4012280741438787,0.11807894966909915,0.15145947440688998,0.3748856301328641,0.2566246866251121,0.13268988592191824,0.5199970932930765,0.620664021373658,29.886412384112848,19.462343250688733
1516,Dki Jakarta,IDN,2023,2023-02-26,0.34634780945271426,0.3949700711745362,0.33882363539492166,0.3554396678019886,0.3748980221936925,0.30102524205212644,0.191057042125273,0.07422647817217948,0.0699476005781807,,
1518,Jambi,IDN,2023,2023-02-26,0.2031379756628869,0.46129357756095707,0.19005101506777763,0.22185368146746742,0.44128198870911906,0.30350444335070914,0.16018868724565807,0.41493920212345653,0.49486061522341346,28.2659189086968,19.83671158711634
1520,Jawa Tengah,IDN,2023,2023-02-26,0.14842940587322787,0.378508190163819,0.13677608688811607,0.16594755110209453,0.3531794334581193,0.25303456436440086,0.13665793128757303,0.4608243524865006,0.5319239063692676,29.55893013262866,20.956767765647598
1521,Jawa Timur,IDN,2023,2023-02-26,0.14109757997257477,0.40631863292880127,0.12347134445777404,0.15884223824922664,0.3794457301499585,0.26797928979601043,0.14223678896262817,0.5212799262628739,0.639625753181175,30.53242474884179,20.831353407283377
1522,Kalimantan Barat,IDN,2023,2023-02-26,0.20793785233111536,0.44433360511409314,0.19934041629711097,0.22602726905600562,0.4110856654591148,0.26570692671600976,0.14506937108380397,0.3939437781281914,0.4382581233583294,29.35996440518358,
1523,Kalimantan Selatan,IDN,2023,2023-02-26,0.08309837926691795,0.34765135773318356,0.06859135413980195,0.09998733181458368,0.3253345176086762,0.20058838107669877,0.0923760684001308,0.629885337971821,0.595570311187359,28.992760099558286,
1524,Kalimantan Tengah,IDN,2023,2023-02-26,0.15262379477883686,0.4121922695209169,0.14271256485551875,0.17113488067060373,0.38623035911533954,0.24308880514788805,0.12371005482989936,0.4835432714549135,0.5063286693291816,29.302494065950885,18.679500108908748
1525,Kalimantan Timur,IDN,2023,2023-02-26,0.15116442204409883,0.3673992038651872,0.15104738149573751,0.1671796180487209,0.3410808334561398,0.2061358466529246,0.1050649818309592,0.44534826778630354,0.3998876925649755,26.50224365638145,20.537879285308563
1526,Lampung,IDN,2023,2023-02-26,0.09360257556497646,0.3656738031499392,0.07535103319418997,0.11037764182485979,0.3431967815540223,0.22562556095866237,0.10659790483417912,0.6099773624376108,0.6417865482082838,31.408304557934553,
1528,Nusatenggara Barat,IDN,2023,2023-02-26,0.09258443167928983,0.34128201890000154,0.08091514979803666,0.10825098331274291,0.30414364062497556,0.19158170203963037,0.09534866595662404,0.626527867064066,0.5614460979313981,27.377219216802654,20.354350512845972
1529,Nusatenggara Timur,IDN,2023,2023-02-26,0.1539903528854005,0.3639928677655223,0.1552625131962603,0.16903757217430698,0.328479278244291,0.21656147167109535,0.11536556846817488,0.4891171615756352,0.43258742275055223,28.3283931143029,19.583952418801196
1532,Sulawesi Tengah,IDN,2023,2023-02-26,0.08683939341019976,0.39248978172185667,0.07583419089480244,0.10820880800549873,0.3629786318595638,0.2090222998074205,0.08987269345001053,0.6420368958818454,0.6437152476843407,28.887414436400054,15.733051937918573
1533,Sulawesi Tenggara,IDN,2023,2023-02-26,0.14520415079393154,0.4414352836793348,0.1306691515205828,0.16793765971424754,0.40923649845027693,0.26067103342299996,0.12950748562208111,0.522342515746005,0.6076563789835315,28.93189803029732,
1535,Sumatera Barat,IDN,2023,2023-02-26,0.2014089542917032,0.44295025523216003,0.19768550678749267,0.21998387652580836,0.41224362886936494,0.27966953210876844,0.1495313884126966,0.45557687667482266,0.48899114488619916,27.30334264324254,17.45138200462114
1537,Sumatera Utara,IDN,2023,2023-02-26,0.1267005790192436,0.3852381761359916,0.12000651699386339,0.14372589719149684,0.3566070525333289,0.23416288248995756,0.11822210494012576,0.5679271604701317,0.5578150858671163,28.065883943211286,17.250401863864884
73615,Maluku,IDN,2023,2023-03-06,0.07139788761685947,0.33583791845745753,0.06590529008119102,0.09010317698458067,0.29698581427532916,0.16491156445301175,0.0720607180547266,0.6698974836297004,0.5664995079305017,27.810168127839052,21.611334169436624
73616,Maluku Utara,IDN,2023,2023-03-06,0.05602264641051144,0.35585802401998257,0.044971508712311814,0.07656086379010821,0.32368912039250236,0.1794275051075431,0.07259031875685609,0.7525306112447843,0.6706598672534775,28.085449910032768,20.95843302852572
73609,Bangka Belitung,IDN,2023,2023-03-06,0.14423111441010739,0.3497998948954719,0.1412785083266422,0.15714785749751373,0.3234609734841048,0.21536794344690394,0.11135226482816718,0.46608957125076317,0.41957095006023015,28.51347228343208,20.964150434115
73610,Banten,IDN,2023,2023-03-06,0.1134710063350535,0.36038436042120997,0.09822074713253573,0.1296116900552327,0.33120110692940696,0.22058301453384607,0.11026682241126393,0.5287907373153876,0.5401896232060668,30.154835245501957,21.405490660605945
73611,Gorontalo,IDN,2023,2023-03-06,0.0626321352568038,0.36606339515965103,0.047218190446337,0.0812716693741587,0.3364451132087326,0.1947366706199529,0.08194260994272595,0.7231033380608264,0.6979322238133945,30.496941316885135,20.04081012202686
73612,Papua Barat,IDN,2023,2023-03-06,0.07300647944215813,0.38701327540888275,0.0614235014025948,0.09490164587770833,0.36028863757862073,0.20082034735106227,0.08342676797526137,0.690669795893761,0.6841178248296,28.32949190440355,20.504469697094937
73613,Jawa Barat,IDN,2023,2023-03-06,0.09211451702770886,0.3361268080022588,0.07609818891846844,0.10667671676718078,0.3103407747643647,0.20341794503012076,0.09924184023551869,0.5879614130515078,0.5772813062452795,29.520478685443106,19.608314304961826
73617,Papua,IDN,2023,2023-03-06,0.10141318515294272,0.34172668403091233,0.09264907969018392,0.1177080572977626,0.3198414721621255,0.18552058776269736,0.08726993864584828,0.5999745230430793,0.5012842968766553,28.114734608970217,19.85875558289784
73621,Sulawesi Utara,IDN,2023,2023-03-06,0.06365011392977513,0.3720709441511172,0.051757908134653655,0.08344384971675788,0.3305749905661334,0.1871545412234401,0.07924351553470589,0.7174519123349417,0.6887740529479985,28.069903583347283,19.63577861036659
73622,Sumatera Selatan,IDN,2023,2023-03-06,0.1843165560906419,0.37707551549729595,0.18820282686451933,0.19905673645189287,0.34698307645050674,0.242251765970014,0.1368789484674666,0.4085401641615763,0.38592523068257684,28.996557506897698,19.23958949619238
73614,Kepulauan-riau,IDN,2023,2023-03-06,0.12939732810587365,0.31231565363125874,0.12479598345227165,0.1434601135419337,0.2889903228681232,0.20024360221041723,0.11380765378273558,0.475334308915554,0.421413784246563,28.542574599551138,20.883052051550088
73618,Riau,IDN,2023,2023-03-06,0.11743484178743002,0.34016586762140905,0.11374883776953706,0.12990531806904687,0.3137357936901666,0.20554066563797166,0.10726045424578877,0.5533945786587445,0.48995639199127355,30.727336234847595,20.754481503181513
73619,Sulawesi Barat,IDN,2023,2023-03-06,0.07815205709928034,0.3501115149377192,0.06971535130741686,0.09667560871367484,0.3211608252390555,0.18305277339784604,0.07840281772120798,0.6547269211582316,0.5717723181300315,29.066468515522114,17.483881118442937
73620,Sulawesi Selatan,IDN,2023,2023-03-06,0.11875096637270816,0.3377448160780107,0.10842008749936664,0.1331492477304932,0.31557879007084394,0.20196711484116925,0.10168256762767093,0.5067574650457817,0.4727362791560037,29.42870757945323,16.97009085966381
1512,Nangroe Aceh Darussalam,IDN,2023,2023-03-06,0.06888052686953547,0.3605986837936567,0.055493102365620856,0.08725029374224647,0.3374202686940874,0.19861642284141212,0.08493787454910319,0.7181510883615455,0.6654258808245269,28.300359857050665,18.140702758847336
1513,Bali,IDN,2023,2023-03-06,0.05956195083184537,0.3343515600463409,0.044076618533588005,0.07512946819732493,0.304000797206251,0.185003310794178,0.08595315285188292,0.7174449416318788,0.6729324817226768,31.18922978206585,20.254533741774758
1514,Bengkulu,IDN,2023,2023-03-06,0.09913454310423227,0.363114541425126,0.09224200709398742,0.11672143171684067,0.3329381060106508,0.2065004198534717,0.0998845722075251,0.6322977007073262,0.5997476700667916,29.113382560002616,19.532317339227493
1515,Daerah Istimewa Yogyakarta,IDN,2023,2023-03-06,0.07847423347440988,0.3170356193344723,0.062014598542598366,0.09121008997643278,0.3036510562723095,0.2037980257725746,0.10363988101911195,0.6341634140236811,0.6194954533007857,31.88780415928952,21.898737199774388
1516,Dki Jakarta,IDN,2023,2023-03-06,0.17652085072310833,0.2666607609911149,0.15488272516153131,0.17634604205453447,0.2762050613840888,0.2518258609349772,0.18296217530097547,0.21216183454532714,0.28398516863445067,41.16253333654739,23.089753048309948
1518,Jambi,IDN,2023,2023-03-06,0.21466006144296174,0.39310531760838874,0.22072866215520176,0.22806004593992052,0.36492010199757,0.26197458537383206,0.1521838178563608,0.3624499904293782,0.3432637442344298,28.98517445584155,18.921920621010845
1520,Jawa Tengah,IDN,2023,2023-03-06,0.0682349106244343,0.28170830760337634,0.04912422046216029,0.07801076120157845,0.264759158210235,0.17876749838178005,0.08816029794126956,0.6243412873025602,0.5415224215976404,32.13660429319501,20.00539576629651
1521,Jawa Timur,IDN,2023,2023-03-06,0.06854893049965625,0.3239225069615715,0.04923632427035076,0.08246494106720348,0.30129452548426966,0.19725613079196622,0.0947931781866807,0.663717163812755,0.6480213309573429,32.08897523391745,20.05681074592495
1522,Kalimantan Barat,IDN,2023,2023-03-06,0.14095500111673767,0.3668223169204184,0.13958210665261178,0.15659467275821579,0.3377332827782485,0.21241906259799434,0.10913573211216887,0.49321685390424547,0.44713834643129835,28.153329493446616,20.720544328393824
1523,Kalimantan Selatan,IDN,2023,2023-03-06,0.10189507771646,0.3462933985745953,0.09062469380139723,0.11846066626544792,0.3253159715518721,0.20441339515228762,0.09753666337570127,0.5887901324046939,0.5361349055655672,29.644180526266336,21.836044049622938
1524,Kalimantan Tengah,IDN,2023,2023-03-06,0.11411797666853571,0.363115446837796,0.10764028433330824,0.13095000409320376,0.3376950972810803,0.2046144737884922,0.09934479754496661,0.5516249563244378,0.5099917841034693,28.397937034364624,21.971415876715547
1525,Kalimantan Timur,IDN,2023,2023-03-06,0.11800882081316337,0.3930019745477722,0.10736066491539384,0.1358138263095499,0.3684141763402385,0.22574522735012553,0.11083379606681745,0.5795224554089223,0.5832171971089827,28.325132239169424,20.279048131539284
1526,Lampung,IDN,2023,2023-03-06,0.15273525600322183,0.40248253059582073,0.14571212315942358,0.16977940909908257,0.37554011106273133,0.2640399024789126,0.13981902379687222,0.4897553810711652,0.5600637407093167,30.446166831679232,19.624045847302455
1528,Nusatenggara Barat,IDN,2023,2023-03-06,0.0534453563781626,0.34230753077946546,0.035980084000758215,0.07087155595566207,0.31592571740124115,0.18816041585765303,0.07992654366606451,0.7337350304108291,0.6905451901027053,29.57708101261466,20.93492179843168
1529,Nusatenggara Timur,IDN,2023,2023-03-06,0.055785269851181075,0.35951100999132557,0.037974424170841514,0.0743241589132397,0.33584589667781395,0.20027079446508,0.08444240003170618,0.7401368342124105,0.735368871555881,29.487552973817547,20.966180688192928
1532,Sulawesi Tengah,IDN,2023,2023-03-06,0.10847283229095804,0.3790388439571108,0.09950360262759263,0.12774334979229304,0.34888544170177965,0.20797178728337226,0.09817922640781873,0.5883842765560324,0.567969643006718,29.043011817050598,18.86380820735504
1533,Sulawesi Tenggara,IDN,2023,2023-03-06,0.15610882102163806,0.38005189927647093,0.15424431646356546,0.174422643323303,0.34730158494288116,0.21551282252676923,0.11347018254777243,0.4425039620828583,0.43335977139206705,28.256205309618696,21.590907687436456
1535,Sumatera Barat,IDN,2023,2023-03-06,0.1506911175791916,0.3692010100899065,0.1461980280214257,0.16572549417295868,0.34172858366702535,0.2275808142031319,0.1244386976868056,0.5220666891146472,0.4783483057602454,28.220002795322866,19.402636967208785
1537,Sumatera Utara,IDN,2023,2023-03-06,0.10753833464470863,0.3537291293048185,0.09857870829225181,0.12294591089208108,0.3293640473991454,0.21341700185294213,0.10754472312271267,0.5982795238902633,0.5619898250565996,29.786959344956863,19.02542324851484
73615,Maluku,IDN,2023,2023-03-14,0.061769858067670776,0.36557564385504154,0.05174719246330473,0.08433534305804553,0.3244382772525797,0.17785907188879793,0.07217741038682442,0.7205835005782701,0.6373393076029412,27.7738456529715,19.92953408875348
73616,Maluku Utara,IDN,2023,2023-03-14,0.0727117606206128,0.3608263254758289,0.06619579131826016,0.09456343617040151,0.32673882590228676,0.18356835733111637,0.07559607192563493,0.6695341607513778,0.6183618864923429,28.083942435344817,20.082601780528417
73609,Bangka Belitung,IDN,2023,2023-03-14,0.1371462386621971,0.36061626680614295,0.13236656637077085,0.15233441115031846,0.3386379249150996,0.2282525248900523,0.11962084608307891,0.474685437241984,0.4682462250131363,28.946379487492237,21.57099555387996
73610,Banten,IDN,2023,2023-03-14,0.09608250721437925,0.32880531797357027,0.08890142556749113,0.11420963736991754,0.3009407124437573,0.19900958881387681,0.0956784427552805,0.5640298943364416,0.5179804824810801,29.455893956442175,20.541639677836944
73611,Gorontalo,IDN,2023,2023-03-14,0.06659525476490064,0.3201529399424748,0.05812422423128663,0.08207505227306844,0.2920029244150988,0.16968102895057527,0.07396547568771175,0.6861071847691661,0.5682415821271486,28.226449031402968,20.507343995494157
73612,Papua Barat,IDN,2023,2023-03-14,0.08135256780911077,0.40747792425177704,0.06813829595300801,0.1055794587316141,0.37646730105735915,0.21008681038512592,0.08625098133281692,0.6739486543773497,0.683812918475437,29.19596080882049,17.05722551681183
73613,Jawa Barat,IDN,2023,2023-03-14,0.0853094800614932,0.3371533017719086,0.07248004766436077,0.10267023525904061,0.3097399336916887,0.20559940777029873,0.09905321254510224,0.6043442177020412,0.6003599635577612,30.4385124642728,16.4070023829517
73617,Papua,IDN,2023,2023-03-14,0.07794574926148072,0.3336973220446576,0.06803933463276614,0.09562884843984973,0.30930488182914095,0.16897625006219902,0.07250410434406955,0.6504841441277401,0.5379384799228181,28.462026834625274,11.688042458996813
73621,Sulawesi Utara,IDN,2023,2023-03-14,0.07825437977591462,0.3483409039966607,0.07187196362582747,0.09623962059732537,0.3079186399783284,0.1772274306091538,0.07830254355373624,0.6658070342214998,0.5766334602928774,27.06299703447328,20.339198026768425
73622,Sumatera Selatan,IDN,2023,2023-03-14,0.1515028391945669,0.3564028292658383,0.1538146675503934,0.16666503237083094,0.33051431356240624,0.2252705691875388,0.1212739609181029,0.4624931969321368,0.41443145346038274,29.474577275440918,20.4150035089479
73614,Kepulauan-riau,IDN,2023,2023-03-14,0.12984794590225388,0.3389424120413583,0.12151267068944087,0.1458935635533234,0.31770794070003777,0.21651690515384867,0.11758667390646281,0.4508513865191112,0.4793366533069032,29.037266183793708,21.793255573859295
73618,Riau,IDN,2023,2023-03-14,0.1528261229014231,0.38754630121306194,0.15013379127770604,0.16822411740585974,0.3631139914416334,0.24958414300653417,0.13541333320618937,0.48747359721092554,0.5053993421376011,29.379668479551036,20.60737529694659
73619,Sulawesi Barat,IDN,2023,2023-03-14,0.07946141991341463,0.2875718426268587,0.07961498408724228,0.09182278338187205,0.25820648364960674,0.15007540212450365,0.0713429218501761,0.6228967219499971,0.4419869447599944,29.175801823515048,12.820266059353695
73620,Sulawesi Selatan,IDN,2023,2023-03-14,0.08230081103420621,0.3493173690633057,0.06714753665456177,0.10021691932944266,0.32457786234913166,0.2024852150738052,0.09243520920022963,0.6166125026288662,0.608650436838576,30.151616115787014,20.889575121017735
1512,Nangroe Aceh Darussalam,IDN,2023,2023-03-14,0.0871178871062631,0.3402330914307897,0.07910269746634664,0.10356862372435467,0.3173011239923759,0.19273655064986067,0.09039256923982726,0.6506829141167013,0.5618545925671666,28.921786151762394,18.886868195297353
1513,Bali,IDN,2023,2023-03-14,0.10601499927722062,0.34926288814497114,0.09694317204422101,0.12188558985693661,0.31629008766439143,0.2082352426496304,0.1104674844509639,0.5787936147204247,0.5685760478478319,30.00987756076789,19.078658023848725
1514,Bengkulu,IDN,2023,2023-03-14,0.05717350189007419,0.3291303962140416,0.04775336108976895,0.07470734994001989,0.30537370527309277,0.1763871982447096,0.07140192579505615,0.7363097795364828,0.6256884687366678,29.188539103096456,20.10274928609352
1515,Daerah Istimewa Yogyakarta,IDN,2023,2023-03-14,0.09174178810405006,0.33609605563845657,0.07694699821452289,0.10820479042410062,0.3202740630216868,0.21752020940025416,0.11110127442430236,0.5970151885563475,0.6065773972164555,31.61003545639707,
1516,Dki Jakarta,IDN,2023,2023-03-14,0.1809633354053065,0.26237681567314836,0.16566021043823037,0.18442382849479905,0.2733918702392904,0.25408199731195363,0.18545068969617232,0.1995231239740914,0.2512870275019772,41.17733178032147,
1518,Jambi,IDN,2023,2023-03-14,0.16211509592897813,0.3587630132288649,0.16627416575732584,0.17673718768107982,0.3361361220149245,0.2310244616060057,0.1256779764524627,0.43640207430827455,0.3837491337858795,30.07278448866265,18.992445555970555
1520,Jawa Tengah,IDN,2023,2023-03-14,0.09847881491470051,0.32356322026129664,0.08373448752400739,0.11349027908962715,0.3050480971630089,0.2117672451287955,0.1078912708742222,0.5483253814922497,0.5448918918655506,32.62450862339753,17.13496666897913
1521,Jawa Timur,IDN,2023,2023-03-14,0.09579395579163484,0.3495970104355166,0.08010874593935813,0.11335198365650835,0.3229279075990203,0.21978379703094397,0.1108665893708069,0.5919856230119062,0.6183717721768908,31.443153919619462,17.758588066172532
1522,Kalimantan Barat,IDN,2023,2023-03-14,0.08821284217596996,0.37686087432178533,0.07785885447010232,0.10740950648585491,0.35227610878962323,0.21081035096263495,0.0962068772119355,0.6444020039075944,0.6357766863516551,28.942650753910133,18.835927395207896
1523,Kalimantan Selatan,IDN,2023,2023-03-14,0.061574976897964644,0.30656952047457875,0.04983269452687038,0.07653811872264898,0.2832555438180087,0.16814616094306542,0.07087534243923448,0.6884647029184956,0.5511915106855768,29.063522429041054,22.40377847301813
1524,Kalimantan Tengah,IDN,2023,2023-03-14,0.11595766470665528,0.34484384454667766,0.11253128447783946,0.13134053295399087,0.3207578137199653,0.1975967575902113,0.10119897678893137,0.5521318148989207,0.4837289152815451,28.141549764935597,21.49212368855558
1525,Kalimantan Timur,IDN,2023,2023-03-14,0.09868490537720594,0.3502700185640316,0.09285658439070194,0.11485913212530068,0.32732176034617716,0.19555616692039154,0.09294955475051919,0.6056001569485023,0.5442120083370621,27.462300518485442,21.28261275148216
1526,Lampung,IDN,2023,2023-03-14,0.11910806445504293,0.343117183476567,0.11333894706086599,0.13359561103526543,0.319532386817767,0.21990003126148716,0.11506630842289313,0.5413290293567256,0.509324401483366,30.27421075693698,20.973332178686253
1528,Nusatenggara Barat,IDN,2023,2023-03-14,0.0645822959566459,0.3378984452174589,0.048713518169202136,0.08129707302884148,0.3080054134138195,0.1903744981597408,0.08714307475407151,0.6953544959702218,0.6569208700015203,28.76058890867783,20.73678643695182
1529,Nusatenggara Timur,IDN,2023,2023-03-14,0.053031563026263134,0.3612436009818864,0.03581955549088384,0.07278116096098777,0.33640011749426113,0.20084436250741494,0.08328499659518215,0.7508481048514034,0.7502655800245057,28.563358933429775,20.7918053358853
1532,Sulawesi Tengah,IDN,2023,2023-03-14,0.09198634697859401,0.3475134041745034,0.08845920371316096,0.11037468770325902,0.31891303271681337,0.18856760558684335,0.08680332043406445,0.6095008122538836,0.5393085654812425,28.36532272597694,19.18550414890947
1533,Sulawesi Tenggara,IDN,2023,2023-03-14,0.07773789453168865,0.367335225256117,0.06736198417217532,0.09787122642133685,0.34240319374696077,0.20220475055154552,0.08666864441232416,0.6640746296593317,0.6438660105001016,28.732501157386057,21.58427341905933
1535,Sumatera Barat,IDN,2023,2023-03-14,0.17315999637287177,0.3772809483956307,0.17321594482504551,0.18872625314452235,0.34993687017894615,0.24070455806515426,0.13399214824375846,0.4637378381777054,0.4258291117017141,28.42931979694593,19.274179598597023
1537,Sumatera Utara,IDN,2023,2023-03-14,0.11046842429578403,0.3601749617111021,0.10158566723754985,0.12669651445236016,0.33816809336954967,0.22046783252323762,0.11059163610869556,0.5923212092818794,0.567719338628032,29.917098486303548,19.2121247166814
73615,Maluku,IDN,2023,2023-03-22,0.06250678525805443,0.31288000544935624,0.05824967172583761,0.08029167480844375,0.27655731047595844,0.14884283114919022,0.06105996612086144,0.6853159680328736,0.5270172069163589,27.053798718663135,21.221904467149894
73616,Maluku Utara,IDN,2023,2023-03-22,0.07941950840603527,0.3334007643571294,0.07529241171124172,0.09722293655184831,0.3009496925113338,0.1732089733623055,0.0774292124531532,0.6451017606751276,0.5414633997232692,26.55523093570188,21.833024465168826
73609,Bangka Belitung,IDN,2023,2023-03-22,0.08377867737890887,0.3294646080813281,0.06878608570481423,0.09706116235588723,0.31228607075914255,0.19815139448230085,0.09318456058195657,0.6084148449632962,0.5654198622793222,31.37712275670654,21.55639997332016
73610,Banten,IDN,2023,2023-03-22,0.11019868297015149,0.3119058569219426,0.10534447367743198,0.12595607046344146,0.2858639784531931,0.18759153193128944,0.09441571689962529,0.49194086842218654,0.4161434565895377,26.59335439768101,18.93298380206075
73611,Gorontalo,IDN,2023,2023-03-22,0.08606404617274682,0.32627117459111943,0.07795718411571018,0.1011672441734769,0.2996501357382633,0.18054857142095385,0.08480753138143,0.6249503214593468,0.5306742180469142,28.465220123594015,19.660232965657073
73612,Papua Barat,IDN,2023,2023-03-22,0.07035141917917077,0.27612890742614504,0.06958870747056936,0.0833546107511254,0.25160273357674806,0.133929684707073,0.05888069322341419,0.6366487836337954,0.42485786001475395,28.665720011022653,20.089528651849413
73613,Jawa Barat,IDN,2023,2023-03-22,0.09983635148706889,0.31846477570494913,0.09053732891554116,0.11541697960674713,0.29353679612930245,0.19539198590293277,0.09706310861247443,0.5331477678846461,0.477681786497461,29.810034322691404,19.110749445644938
73617,Papua,IDN,2023,2023-03-22,0.07399417372708994,0.34651372284569554,0.061595750919700015,0.09283475016425602,0.3262446143875497,0.18240332801262035,0.07746929924800808,0.6671615022159464,0.5886983074480375,28.093717431190534,15.954252467206716
73621,Sulawesi Utara,IDN,2023,2023-03-22,0.08052028056841372,0.30402355750118815,0.08119271075747579,0.09403873565226196,0.26587077317350066,0.1544682575732734,0.07362346906787635,0.6356602962514096,0.47899090784609955,27.42939530304212,20.282866211412376
73622,Sumatera Selatan,IDN,2023,2023-03-22,0.12430368873393544,0.3719935074141751,0.11506627594434272,0.1413587161873923,0.3486900391336463,0.22391379290357602,0.10969306253737321,0.5293905437478817,0.5105350678509833,31.440209283187,22.45407064067889
73614,Kepulauan-riau,IDN,2023,2023-03-22,0.10096946769169118,0.32612338308319594,0.08656201909191832,0.11731998570053753,0.3049742771011174,0.197685912163205,0.10105181912160813,0.5391535225590267,0.50788807432406,29.364329364287197,22.79780565930086
73618,Riau,IDN,2023,2023-03-22,0.13443398587989083,0.41035154133087093,0.12758393492842213,0.15258485739458894,0.38419736233484375,0.25096787979574064,0.12255259462519785,0.5316780166460408,0.5588231760912883,30.735061911637583,21.544638611452875
73619,Sulawesi Barat,IDN,2023,2023-03-22,0.07826647345153484,0.3815894150519002,0.06497827017674201,0.09962614686252702,0.34972778412871314,0.201621381958927,0.08436697829878559,0.674337626812941,0.6487811703394484,29.614879851178713,14.220949759837884
73620,Sulawesi Selatan,IDN,2023,2023-03-22,0.08080431347077593,0.33472014260209354,0.06402217378579055,0.09707896074070149,0.3134699626619971,0.19458237192082412,0.08987620194737127,0.6147611846198697,0.5872040099649529,29.39791214825164,14.971992231314672
1512,Nangroe Aceh Darussalam,IDN,2023,2023-03-22,0.08807455604180885,0.3460452835280353,0.08186951260481795,0.10535813595686244,0.3216804924683471,0.1898959598812727,0.08424244670281325,0.6158262161376473,0.5338600633161158,29.226565108574288,17.973064660622008
1513,Bali,IDN,2023,2023-03-22,0.0842225061862498,0.36547646610194373,0.07161801862386734,0.10285071229660686,0.3283416488869551,0.20556397396899642,0.0967761872181951,0.6535850117329761,0.6471307635901885,28.35838623913888,18.00427939421135
1514,Bengkulu,IDN,2023,2023-03-22,0.05584528871642584,0.3484401731399031,0.0450142028692099,0.07538694230085038,0.32352887070229613,0.18391105291753432,0.07278709181719353,0.7335844625919447,0.6572040426495268,30.093442794165533,23.4036162361624
1515,Daerah Istimewa Yogyakarta,IDN,2023,2023-03-22,0.07527795166535055,0.3003833136559207,0.06707518351923768,0.09095102126535223,0.28030064326047405,0.18178190583250767,0.0862157306785884,0.6137763385288901,0.530449333810012,28.716500225759926,22.375087861359148
1516,Dki Jakarta,IDN,2023,2023-03-22,0.1928084733671173,0.2507391648091652,0.19527304322698072,0.19990334169647947,0.25183568840934195,0.22128701745725227,0.15414237059824856,0.14231187030426545,0.13142170495778563,,24.083454545454583
1518,Jambi,IDN,2023,2023-03-22,0.12546571225524344,0.39034859662734533,0.11828037757468454,0.14372189256604218,0.3741459878129369,0.2460346854038806,0.12119037292165871,0.5451301790158379,0.5710491225810268,29.578245722886532,19.893255563284242
1520,Jawa Tengah,IDN,2023,2023-03-22,0.09824380897692962,0.2919681384741259,0.09094929918579543,0.11161169259641043,0.2692958436373431,0.18585514462232516,0.09499307023773998,0.5275559314386987,0.443859530038833,33.24845566191551,19.980842012139234
1521,Jawa Timur,IDN,2023,2023-03-22,0.10949697256901095,0.33005394019003204,0.10423825219085495,0.1264702194578071,0.29996246850713315,0.20135986352744847,0.0997354015975141,0.5338918877953036,0.4893815903899317,29.151904681941787,18.293110738257788
1522,Kalimantan Barat,IDN,2023,2023-03-22,0.09797934032280085,0.326047175129663,0.0991360225478024,0.11291766842341958,0.29995970553354007,0.1760318124793589,0.08305917205920639,0.5754596586617888,0.47340882444397675,29.20299153909678,
1523,Kalimantan Selatan,IDN,2023,2023-03-22,0.10754423355217853,0.35004628431958085,0.10252670114597427,0.1255559589132097,0.32469760578896995,0.2027117201419595,0.094841941812827,0.5414686256734826,0.4926701983318558,30.32721322249975,21.08566577179175
1524,Kalimantan Tengah,IDN,2023,2023-03-22,0.1192862965269804,0.3250811775568083,0.12189525284680762,0.13355857685349906,0.2986506080339288,0.1748512644110886,0.08706984076620893,0.5121292179715801,0.3984506281327265,28.59647817827767,
1525,Kalimantan Timur,IDN,2023,2023-03-22,0.11965990513967989,0.35600147174237673,0.11867095394481915,0.135629269771221,0.3318694847261764,0.2006114938511397,0.09864153150678191,0.5388980063154475,0.4818132438550176,27.560468101491523,18.69860015513267
1526,Lampung,IDN,2023,2023-03-22,0.07220214193361027,0.32207840929928566,0.057002400701253966,0.0858707252999521,0.3006598129654452,0.1898451247816454,0.08513976028080084,0.6484374972853595,0.5820200015981644,29.574804282618103,18.29000000000002
1528,Nusatenggara Barat,IDN,2023,2023-03-22,0.07272773679265306,0.3374803777959571,0.0574793660085459,0.08925950911164811,0.3084510530232022,0.1911971670354577,0.08688106780876732,0.6645821922129527,0.615360877323958,28.73411084953732,20.220440255572584
1529,Nusatenggara Timur,IDN,2023,2023-03-22,0.06643716993493747,0.3638429027696393,0.051118084558714985,0.08618815793487261,0.3379677355318238,0.20271374830277678,0.08534070118461749,0.7052169762528369,0.6872303398098146,28.682863374411955,20.683386521344097
1532,Sulawesi Tengah,IDN,2023,2023-03-22,0.08184607619185988,0.34657061419734103,0.07333539408095696,0.09989406879114242,0.3200140856198744,0.1852424430531663,0.08373629239026587,0.6395882084850661,0.5782750379755859,28.358242495896754,18.295853129888396
1533,Sulawesi Tenggara,IDN,2023,2023-03-22,0.07157534273953192,0.3467622696379848,0.0597225450496505,0.09031978405899972,0.32098611380063014,0.18444457888533006,0.07808890492839791,0.6792205801531475,0.5985675555886278,29.783832648288083,19.670777337392703
1535,Sumatera Barat,IDN,2023,2023-03-22,0.07883786430848594,0.36376155348195915,0.07057028877739158,0.09810124827990874,0.339588325045986,0.20429344720157436,0.08940524181004258,0.6465647567015953,0.6357783054287269,28.39839389490624,11.539584905660375
1537,Sumatera Utara,IDN,2023,2023-03-22,0.0966307739881685,0.3511655205566507,0.090530092644801,0.11410547587914782,0.32465188485289753,0.20015377402972148,0.09064080236872438,0.5905684888330492,0.5339271579058027,28.905604771529557,20.062094416162235
73615,Maluku,IDN,2023,2023-03-30,0.08836350127835693,0.31785838856328563,0.08766772437122675,0.10600261542379508,0.28092927172429916,0.15639930267749588,0.07022517328057694,0.6003051442378647,0.46401434880144454,26.131577197369776,19.340148156983624
73616,Maluku Utara,IDN,2023,2023-03-30,0.08302240701975197,0.3156035188940333,0.0809484692185117,0.09952713338439786,0.283148419388303,0.16097948749671945,0.07294544377857477,0.626409508641749,0.48395177535465056,25.18261635275088,20.098248968016367
73609,Bangka Belitung,IDN,2023,2023-03-30,0.11253643812736928,0.35761509957051996,0.10142490746030927,0.12811426826476388,0.33890632450550756,0.21474262939482144,0.10283785691274892,0.5449936421612954,0.5302469002802128,30.014295456646355,22.917567332754157
73610,Banten,IDN,2023,2023-03-30,0.07123776274402968,0.32209657609328307,0.05115212601905329,0.08525122783014272,0.2967958371822024,0.1889106813660118,0.08952070106660331,0.6370960659104801,0.5970199601089595,24.255036475711208,22.63933024045296
73611,Gorontalo,IDN,2023,2023-03-30,0.13004420146103365,0.34938133591823806,0.12526773271808817,0.14643444957498367,0.32158426716166344,0.20042841936177686,0.10513372777531231,0.4847858450904864,0.4406935310264867,27.203299872539972,19.681173211978965
73612,Papua Barat,IDN,2023,2023-03-30,0.07803359517124228,0.33831591553545853,0.07157431873073991,0.09600733801397589,0.3117149781148152,0.17307329212940975,0.07669575702394137,0.6478581991539937,0.5538073188448406,27.7325614862038,16.43438544741723
73613,Jawa Barat,IDN,2023,2023-03-30,0.07894092451742137,0.3186039421452227,0.06426026882717703,0.09439412258246983,0.29251995461920455,0.1865318804935003,0.08694798435441155,0.6039014731834833,0.5464605699569066,28.312176943511655,20.038157009571886
73617,Papua,IDN,2023,2023-03-30,0.1082896161480864,0.3566972202224089,0.09913597156360941,0.1260981452115632,0.33367645950226865,0.19468316918632986,0.09092347746952184,0.5723138383006502,0.5015634482472608,28.102325567312477,12.955099963584804
73621,Sulawesi Utara,IDN,2023,2023-03-30,0.10346535862560607,0.3612466888557746,0.09750388264470083,0.12197299936010249,0.3210848361905238,0.19086836460766426,0.09291279855016817,0.5850550993113198,0.5362603411726227,26.71346378658814,19.61603509113735
73622,Sumatera Selatan,IDN,2023,2023-03-30,0.11589808932381909,0.37509142940340034,0.10519024914673808,0.13308382601237081,0.3500385410103421,0.21951474706805588,0.10669779802059587,0.5563088830416043,0.5578088333673741,31.03494806677184,18.27050612941558
73614,Kepulauan-riau,IDN,2023,2023-03-30,0.10946113014477075,0.29543100348635326,0.11118403391015633,0.12581480825297803,0.2713293074118073,0.16933932526021045,0.08443807531602812,0.487055735974071,0.39491481395208683,30.03698939594521,22.591992426828288
73618,Riau,IDN,2023,2023-03-30,0.06125811136762226,0.29253104901639054,0.06051723871079995,0.07311366503405253,0.2646173763218386,0.1505112718099655,0.06202393390196266,0.6822266455929554,0.5018103312602364,31.466547064844033,22.351209652712583
73619,Sulawesi Barat,IDN,2023,2023-03-30,0.09078773034547395,0.3795922425413885,0.07739862612058569,0.11135662931326634,0.352187674740581,0.20893166598234714,0.09661097355022365,0.6389068395434659,0.6251931278350914,29.90795318176924,15.744246909424048
73620,Sulawesi Selatan,IDN,2023,2023-03-30,0.08693008179180634,0.31847482449199244,0.07252066620452738,0.10188092771618439,0.29904024589521555,0.1854945129446122,0.08766964218318632,0.5856862010221883,0.5210691051376194,28.257499421043757,15.658897811195947
1512,Nangroe Aceh Darussalam,IDN,2023,2023-03-30,0.0652086762731416,0.3454326384200437,0.053808778397360646,0.08264042517741005,0.32265228558027104,0.18475282313410318,0.0779971746677585,0.6924978685675878,0.6337895615571528,26.38581709818521,18.538700639535822
1513,Bali,IDN,2023,2023-03-30,0.10529386816350392,0.3588303187256723,0.0979619095276762,0.12296273491213153,0.32252801740332254,0.20683750786705468,0.10541125758515572,0.5714283582879829,0.557255184580106,27.82137005027546,
1514,Bengkulu,IDN,2023,2023-03-30,0.10030993262703651,0.3268320955133541,0.10018474807760268,0.11544384498677467,0.29468063501902314,0.16758624365807498,0.07576965384407786,0.5699895399308468,0.44379758786702866,28.83198353730065,19.819333226452816
1515,Daerah Istimewa Yogyakarta,IDN,2023,2023-03-30,0.0806267771452832,0.29270073868956015,0.07124552095758951,0.09349830793597896,0.27767895864994213,0.1844050133872597,0.09440529597832335,0.5935168646519577,0.5144198879661682,30.031654608252268,21.832967907734798
1516,Dki Jakarta,IDN,2023,2023-03-30,0.11690889899958311,0.21647656417673705,0.08637817474711151,0.11289020398149985,0.2297605508840004,0.21405954866101876,0.1646471679114252,0.3007821989407837,0.39412004739565354,,
1518,Jambi,IDN,2023,2023-03-30,0.12781535652145365,0.34252083383514176,0.13229333227887566,0.14292513608157315,0.3154321438844996,0.18878952697973891,0.08840887340089898,0.494041484054811,0.4049962692919255,29.882023159624882,19.990418651307458
1520,Jawa Tengah,IDN,2023,2023-03-30,0.0863228951195056,0.28967218967574176,0.07501519243123597,0.09881744261207284,0.268308543003152,0.18116280512110164,0.09136134386462769,0.5671782713134934,0.47605215073945034,30.223439327081323,21.49081868675149
1521,Jawa Timur,IDN,2023,2023-03-30,0.07967061596504992,0.2928610944554228,0.07109978164028417,0.09308800247540505,0.2666196096671256,0.17397079184162983,0.0847013834909084,0.6099079912298166,0.4936771004160299,29.29843665315464,20.84377995115848
1522,Kalimantan Barat,IDN,2023,2023-03-30,0.09590262823546591,0.33344274966605475,0.09201578024138307,0.11139945502235686,0.3106322659641975,0.18156712087661908,0.08453232299624455,0.5847775370068653,0.48598364502767005,29.284503260469247,20.043216640579438
1523,Kalimantan Selatan,IDN,2023,2023-03-30,0.09143162227694995,0.3197633039747471,0.0871713664418076,0.10749917640497611,0.2959942411492215,0.1828596270834788,0.085163272728,0.5895006541335431,0.48289717125427345,28.956220918683712,22.273931639700482
1524,Kalimantan Tengah,IDN,2023,2023-03-30,0.13488212809728917,0.3700058947455699,0.1319580303094262,0.15277966872147156,0.3450130228191198,0.20656137965989446,0.1006656351684434,0.49182703800767325,0.4497060294970023,28.344827033826032,22.27833285016938
1525,Kalimantan Timur,IDN,2023,2023-03-30,0.15120517260143387,0.3934343198687385,0.14956532877309703,0.16895638929636522,0.36545952608773086,0.22462455384235336,0.11446410390638849,0.4795066513784614,0.46623874876438315,28.8820137580254,20.518639507580613
1526,Lampung,IDN,2023,2023-03-30,0.08906244802986463,0.3688393533449034,0.06959058481291407,0.1063289895708397,0.3464473258082929,0.2226782285124253,0.10175133839840753,0.6246915225016618,0.6587977046885863,28.671742313498797,20.93652368395351
1528,Nusatenggara Barat,IDN,2023,2023-03-30,0.09577179961857879,0.36650340630779793,0.08175838389148146,0.11441731821308809,0.3365652455751217,0.21357948613083663,0.09954803666950701,0.5992729136443158,0.6145899369676316,25.500178669759414,5.349508599508619
1529,Nusatenggara Timur,IDN,2023,2023-03-30,0.06930039629501906,0.34106675983446716,0.05672775331776172,0.08680262201398113,0.31750318953803996,0.19139431502035661,0.08223828227826371,0.6850419208978396,0.6277245230133534,27.09961150042117,20.30198899618585
1532,Sulawesi Tengah,IDN,2023,2023-03-30,0.1123371159797104,0.3591319615184195,0.10460824908240457,0.1305168201912057,0.3315382710018452,0.19444050491809403,0.09194436917428415,0.5735833523704882,0.5091324964672621,27.584606098737034,20.28085101777358
1533,Sulawesi Tenggara,IDN,2023,2023-03-30,0.06778923468036299,0.33212284906936085,0.057669809153967584,0.08584964480467899,0.3062242254884977,0.17286531366195337,0.07265985324804661,0.6784017268667548,0.5692960695254444,26.805503817334337,19.19337428786951
1535,Sumatera Barat,IDN,2023,2023-03-30,0.09360103732793017,0.2941096279334277,0.09630360555073507,0.10693461808025413,0.2673078909894539,0.15405613520044759,0.07022792662155898,0.5688862626939882,0.4022146589038136,29.30094445957033,21.292513210942634
1537,Sumatera Utara,IDN,2023,2023-03-30,0.06675603090411777,0.30046370049440924,0.06179455284476001,0.08057892455854115,0.27659351770269314,0.1598548447827554,0.06890505177342036,0.6657287935994015,0.5163747746549032,30.035061171717405,19.83889723035865
73615,Maluku,IDN,2023,2023-04-07,0.04732192700695686,0.359640306735663,0.037721235441508884,0.07109192348007755,0.31931139423975763,0.1677685544381196,0.06252510987112764,0.7722069453186601,0.676704828791592,27.941095932111992,21.66303731069365
73616,Maluku Utara,IDN,2023,2023-04-07,0.05872657256205568,0.3395636076921365,0.052749901428612224,0.07875454250703223,0.30636625066401624,0.16671357963282638,0.06723870408326023,0.726352292469649,0.6085472499862615,28.57788212850906,21.037398137679073
73609,Bangka Belitung,IDN,2023,2023-04-07,0.08946848818593679,0.36214218723636116,0.07484903750414305,0.10543534988692134,0.34100608583446773,0.2135894744646222,0.09772047849600739,0.6178705789489173,0.6147079614302403,31.529057320136125,22.535817262550548
73610,Banten,IDN,2023,2023-04-07,0.06519974737052431,0.34082431905636484,0.044294659463792393,0.08089033753300638,0.3123705820337532,0.19753600276608635,0.08889867068382933,0.6732470565089776,0.6555266730731742,29.624970785171925,22.255848741149762
73611,Gorontalo,IDN,2023,2023-04-07,0.03925838731550459,0.32714481677818985,0.026440394640158554,0.056629923185760246,0.3012150444782694,0.16629181504945792,0.0639760908131885,0.7925023309315038,0.6719981310743834,29.043557125656285,21.42545983709523
73612,Papua Barat,IDN,2023,2023-04-07,0.04364748926480285,0.3305728722943123,0.03388191210757916,0.06283182408173071,0.3048492145028307,0.15597798072095215,0.056768810267888416,0.7757379999737404,0.6214952691244452,28.516541401107776,20.392622212405943
73613,Jawa Barat,IDN,2023,2023-04-07,0.06801127867387395,0.3118606971672267,0.04957708246257556,0.08146865939774799,0.28641703593553924,0.1836291672834392,0.08571290186635509,0.6510945463787223,0.5867575031081117,29.945559417282986,19.191256295074766
73617,Papua,IDN,2023,2023-04-07,0.079921736882435,0.3045536505343701,0.07293483280955392,0.09463303169694093,0.2843079884398023,0.15761381749583125,0.07151918346962573,0.6300702620178942,0.47140594986953954,27.951609300323952,16.644123118988507
73621,Sulawesi Utara,IDN,2023,2023-04-07,0.04421838664103532,0.34923503204859585,0.0340222141956749,0.06410835077973512,0.3105220691271745,0.16868933621421614,0.06585425262945385,0.7793563870195279,0.6881751066670244,27.459040914489194,20.550139679738454
73622,Sumatera Selatan,IDN,2023,2023-04-07,0.06257458042624242,0.34051241184135445,0.0513966374725588,0.07932609648794862,0.31566686394742266,0.1873607200015279,0.07718067081640341,0.7092405838558162,0.6327913600233294,31.008836446901498,21.54720453877246
73614,Kepulauan-riau,IDN,2023,2023-04-07,0.08019804645552882,0.2978081382974407,0.06829800190989142,0.09506727847981364,0.2795404458109095,0.17552367916577452,0.08506056162878547,0.5826256320164477,0.5163154948524212,29.85459774648854,23.342921980057636
73618,Riau,IDN,2023,2023-04-07,0.04549833328785025,0.3113490023650158,0.03452838029655783,0.05994602738795648,0.29001652101484826,0.16536476474355907,0.06375049919000814,0.757905534189178,0.619925118118214,30.831116831446316,22.44325921888657
73619,Sulawesi Barat,IDN,2023,2023-04-07,0.060171072219392566,0.33430590060946885,0.05036211301833398,0.0787396902800284,0.3063326599026282,0.17094979091200502,0.07171669815773153,0.720777717996888,0.6055745025330806,28.04844409541539,19.307834701730627
73620,Sulawesi Selatan,IDN,2023,2023-04-07,0.06841015834206027,0.3219667406670452,0.051758541517334666,0.08388796012899982,0.3045265567329038,0.18796327663379886,0.08536735162243517,0.6503345398663802,0.6105695860855511,29.319132513769247,19.757998802634923
1512,Nangroe Aceh Darussalam,IDN,2023,2023-04-07,0.045987252462097915,0.3299796551102525,0.034222345371189136,0.06311831815354695,0.31070615785933425,0.17538249850541957,0.06965094161036572,0.7678201131991494,0.6704342306020069,28.831068057578406,19.5506602980525
1513,Bali,IDN,2023,2023-04-07,0.11905773681795288,0.3312901795972762,0.11932513257223248,0.1361559572782267,0.2963074340173154,0.18395737551302088,0.0913742100810936,0.4869964109770196,0.4185693594032169,27.64243653439732,19.568090673520484
1514,Bengkulu,IDN,2023,2023-04-07,0.029304788711987793,0.28395106783759533,0.020798544128007104,0.043626779710536176,0.26091502294499713,0.1369517191007775,0.04816973242949657,0.8122233015510556,0.5839465557379615,28.880966209389328,18.065950039540898
1515,Daerah Istimewa Yogyakarta,IDN,2023,2023-04-07,0.06689427538500824,0.3546700289433598,0.04699601965399305,0.08483966572327137,0.34294768103346857,0.22492022662880942,0.1045107449038776,0.683514888880998,0.7584738516825571,30.621261416267586,19.49102616804292
1516,Dki Jakarta,IDN,2023,2023-04-07,0.12590197750529428,0.23293101774020497,0.0931392855154023,0.12153104046669048,0.24555090747912092,0.2266423058804399,0.17154813228921995,0.3025654307181241,0.42764766429524864,36.2065048982668,23.92756482863665
1518,Jambi,IDN,2023,2023-04-07,0.05596533785266421,0.30007428481653686,0.04960627978367295,0.06940643001579201,0.28030332253416534,0.16187121524804204,0.06701894086706095,0.7159804794973248,0.5532910343393722,29.523696347620042,21.425049796795353
1520,Jawa Tengah,IDN,2023,2023-04-07,0.06916662021549426,0.31104298810844316,0.05077267359141479,0.08391796107960464,0.2903887424769127,0.19084412869060174,0.08889788332491864,0.6365241440874728,0.5943413353890588,29.518747372517335,18.743327579128067
1521,Jawa Timur,IDN,2023,2023-04-07,0.07075262388969507,0.330176523747329,0.05336087824946132,0.08768090791309935,0.30643656358776894,0.19678757577719322,0.08957957971681203,0.6489045689048331,0.6222320072034265,30.630495369819858,18.238313366534445
1522,Kalimantan Barat,IDN,2023,2023-04-07,0.060126229172256115,0.34297449123161267,0.05019334937064602,0.07741344472537047,0.3194119225125578,0.17808112250026836,0.07247136823130707,0.7228440321567368,0.6234639836718235,29.409853966389367,21.266850937606083
1523,Kalimantan Selatan,IDN,2023,2023-04-07,0.07603344913708739,0.3510852324937483,0.06262204179040688,0.0949554350319786,0.3297708250483488,0.20102964190448463,0.08859624521527312,0.6619683436304654,0.622749886783204,28.8322864309316,21.603482489388682
1524,Kalimantan Tengah,IDN,2023,2023-04-07,0.055379029218721204,0.3277907869009558,0.044637624083448825,0.07224314089218432,0.3068079884508472,0.16726806166817632,0.06588481084787448,0.7336434233472322,0.5945126789131407,29.50532436689801,21.13841298333951
1525,Kalimantan Timur,IDN,2023,2023-04-07,0.09890709686475875,0.34990171038958345,0.0945154090111406,0.11550940824893897,0.3246022266536533,0.18951767873326383,0.0893279081938037,0.6048861169194019,0.531737025415587,28.392882398852127,20.706665044655328
1526,Lampung,IDN,2023,2023-04-07,0.05413854108521959,0.3497825250790917,0.032342780593757954,0.07044086998824478,0.32622438321684244,0.2045659365594158,0.08467761265094534,0.7340464766250828,0.7300908975609589,31.21250181758397,20.537876985459928
1528,Nusatenggara Barat,IDN,2023,2023-04-07,0.05849094326086733,0.28876857366341613,0.04758306224691855,0.07182181448857185,0.26390845038468486,0.15974757166410625,0.06985149199699703,0.6967212494708749,0.5343042794940128,25.345022865294005,20.016499516429406
1529,Nusatenggara Timur,IDN,2023,2023-04-07,0.10776315814910721,0.34177939617431835,0.10201584767037487,0.12397698347618141,0.3154563932572495,0.19696447731159916,0.09340590177554396,0.5733896535278816,0.4985380731725078,26.950278694860764,20.295838081928586
1532,Sulawesi Tengah,IDN,2023,2023-04-07,0.06391501738721804,0.33333164609155613,0.0557390476649858,0.08166764012645794,0.3074716316439445,0.17343404901197193,0.07509574281593609,0.7125234395986316,0.6007855213476552,27.56933948632515,20.55006088118106
1533,Sulawesi Tenggara,IDN,2023,2023-04-07,0.0399394586391883,0.2976567599163032,0.02969074541033308,0.05572741983412906,0.2750332193661704,0.1491171233268517,0.05738086069344232,0.7850937678599977,0.5894992094083239,28.878573900725467,21.70137624379426
1535,Sumatera Barat,IDN,2023,2023-04-07,0.03958451152134187,0.30624429095513506,0.029143340687855644,0.056132175591641624,0.28511212819651083,0.15634501181716295,0.05899779360823437,0.7786569217243738,0.6141637633885589,28.46145803426216,19.79443929361981
1537,Sumatera Utara,IDN,2023,2023-04-07,0.05569668757285091,0.34839690860513084,0.04294997103503421,0.07364484890206256,0.32903501672703966,0.19698116331116056,0.08164565799684202,0.7337528374309377,0.7014283703716175,29.456683365419195,20.372492524449918
73615,Maluku,IDN,2023,2023-04-15,0.045780008723535735,0.3489512258068059,0.03652360012071369,0.06821588030480043,0.31090747874079083,0.16178213987053577,0.05966352280998982,0.7663700142731213,0.6598400255426642,26.14184910699035,21.410401827705922
73616,Maluku Utara,IDN,2023,2023-04-15,0.06005693874686382,0.3389996152795694,0.053049292481880096,0.0802363859086279,0.30528838738825936,0.16643424962336767,0.06711332097024557,0.7153611601845621,0.6009927069627671,25.561364185544445,21.170807512265345
73609,Bangka Belitung,IDN,2023,2023-04-15,0.0723830059538098,0.3293478400707197,0.05777263334634804,0.08632182571144457,0.31154336390732645,0.19264975563888387,0.08631014804323545,0.6464417945316536,0.596316253458485,28.65671538320442,23.393454716298297
73610,Banten,IDN,2023,2023-04-15,0.05099301595559978,0.2848448467131177,0.033290597302167366,0.06367805219491289,0.2579799247602857,0.15944530820672523,0.07176007191028366,0.6855564632598258,0.5626459265140844,27.944275947694926,22.823208057923853
73611,Gorontalo,IDN,2023,2023-04-15,0.07374436337724656,0.34512512219271746,0.06493287329799932,0.0913175566320883,0.3152173935522276,0.18546675517633726,0.0825706384825625,0.6625556757047187,0.6050770365194004,25.462938438608678,20.508484957258936
73612,Papua Barat,IDN,2023,2023-04-15,0.05557353167757449,0.31885483836080053,0.04811176952066975,0.07307517277548074,0.2936357536701606,0.1541646042199516,0.061643629486029965,0.7211407619843849,0.5663396786320981,26.418375719527482,20.369274333091166
73613,Jawa Barat,IDN,2023,2023-04-15,0.06132425206974557,0.2855950828461907,0.045683208709969426,0.07420934394165637,0.25904703777655186,0.1652861051242939,0.07684324298728097,0.6532162550395185,0.5384544385065975,28.57856486667553,19.121355188646774
73617,Papua,IDN,2023,2023-04-15,0.06674333007704487,0.30392052142306386,0.05828313874889253,0.08220539610718822,0.28370559650123917,0.15347742284966126,0.06579033975946026,0.6720581257664833,0.5042202106366078,24.061725211641978,19.757979063481095
73621,Sulawesi Utara,IDN,2023,2023-04-15,0.057301938909961214,0.3603289132690923,0.04618157643979828,0.07716474911757011,0.31934806460741366,0.1765226577831506,0.07134392827276897,0.7388385099021328,0.6660963739715939,25.45107479545662,20.687163432299197
73622,Sumatera Selatan,IDN,2023,2023-04-15,0.05969193607459777,0.33810762008875617,0.044446763973302675,0.07730247896156228,0.31609311625237585,0.18668889737344757,0.07579302223861623,0.7075602833249237,0.6372708227244344,29.634040347398127,21.213397770084313
73614,Kepulauan-riau,IDN,2023,2023-04-15,0.06975433814094181,0.2719959232300419,0.060400556096933754,0.08439117266812833,0.25429136084752063,0.15583356651258254,0.07287288913337019,0.6008246795484616,0.46104461801407387,29.38396205164325,23.397655769289738
73618,Riau,IDN,2023,2023-04-15,0.08183832427443256,0.35351096164649765,0.07679716778370335,0.09879309059016354,0.3219987916289709,0.18785972760233277,0.0772713017176308,0.6439905074325473,0.5727969361682899,29.96665018091355,22.82184967433143
73619,Sulawesi Barat,IDN,2023,2023-04-15,0.05404588931127191,0.3622108854124896,0.04124329149118379,0.07460672251360997,0.3322860247699606,0.1826959040755718,0.0704867097663596,0.751594487930733,0.6763968983697921,28.952389303586063,17.209981437977564
73620,Sulawesi Selatan,IDN,2023,2023-04-15,0.07745551324613734,0.344687214888975,0.06083213692655421,0.09501897896272123,0.3225140020533333,0.1991626622484749,0.08877884888323569,0.636582296758867,0.6223825891267931,27.409866440791326,17.92828654636331
1512,Nangroe Aceh Darussalam,IDN,2023,2023-04-15,0.05313313240496468,0.29149114124837483,0.04477812275178112,0.06650502201032239,0.2710314448150194,0.1527394652641136,0.06305339380534188,0.7249096590935177,0.5401035751864752,28.754164509220377,18.36884507951477
1513,Bali,IDN,2023,2023-04-15,0.04798056858690808,0.34922184793984623,0.032096570837852854,0.06638803218080637,0.31197590534302727,0.1825584346079525,0.0769247903315729,0.7578518843161794,0.7144574310911087,29.219064894863386,19.570138952097732
1514,Bengkulu,IDN,2023,2023-04-15,0.04890276814196959,0.3581680433727665,0.03512461180129073,0.06899287250805416,0.32925827165694177,0.18456972416832215,0.07006161376881291,0.7573695870450113,0.7001214513316146,28.625557083671662,20.4625788600099
1515,Daerah Istimewa Yogyakarta,IDN,2023,2023-04-15,0.05088631826700281,0.2903788191719594,0.03480384789385501,0.06412358509730008,0.28070936185616535,0.18212554371516684,0.08638706276050996,0.7055164879637581,0.6400987114675609,31.843928465897104,22.663665612328735
1516,Dki Jakarta,IDN,2023,2023-04-15,0.11932304586084502,0.20889314758820818,0.09347382796802656,0.11584936478719184,0.2212325127215643,0.20735377357496654,0.1616830972136725,0.28355285876027353,0.3556992285799381,32.43213207121934,26.042036959260844
1518,Jambi,IDN,2023,2023-04-15,0.07727186389157345,0.3727375379135309,0.0646498540259531,0.09634650057706487,0.3492908483030524,0.20848542539895962,0.08880931872687373,0.6726127498542095,0.6606649812682741,28.789937949144715,16.697651460707526
1520,Jawa Tengah,IDN,2023,2023-04-15,0.06125212533570508,0.2876294438151964,0.04582748876555361,0.07483920546336915,0.26796996893049324,0.176868220926025,0.08301146512023662,0.6550577559774494,0.5727012841544183,30.965836323622593,20.30728525717834
1521,Jawa Timur,IDN,2023,2023-04-15,0.06115014316111255,0.3015537464671915,0.04613952157731073,0.07626103422905733,0.27893653487775694,0.1794435921776639,0.08343494581832778,0.6691281544968242,0.5903449313358998,31.074312157615687,21.50552534055045
1522,Kalimantan Barat,IDN,2023,2023-04-15,0.06315239347613563,0.3384771361796243,0.05542885044757831,0.08056285756807975,0.31499801194988736,0.17609314527753755,0.07071430246808441,0.7059912909157886,0.595216598392046,29.983770640902858,20.193262210377544
1523,Kalimantan Selatan,IDN,2023,2023-04-15,0.05385138978034087,0.3213529133154846,0.04016976986836561,0.0714505772608686,0.30172233529647713,0.17595220061128974,0.07021524441827065,0.7156908235076491,0.6118716237890504,29.02651377673848,24.003115701616068
1524,Kalimantan Tengah,IDN,2023,2023-04-15,0.05869533381341827,0.31409482686503976,0.05150252660362174,0.07398047623739554,0.2904013988464455,0.15927898300221674,0.06480525623120058,0.7133016014659005,0.5564388974166281,29.38012174610117,22.53391429278672
1525,Kalimantan Timur,IDN,2023,2023-04-15,0.08793335812851469,0.31818664124568835,0.08783366437841897,0.10266791060797936,0.2939242076781377,0.16716406797625205,0.07544808882388702,0.6052071751130115,0.4772525793263922,28.725880101854692,20.508483900533115
1526,Lampung,IDN,2023,2023-04-15,0.06841786161104688,0.3268073952903052,0.0503095142346422,0.08284680228933164,0.30581599923514696,0.19616196302428557,0.08838165598771064,0.6602997120408383,0.6261016084188928,29.617534302567016,22.445700791467093
1528,Nusatenggara Barat,IDN,2023,2023-04-15,0.05827509128207962,0.33032191309428344,0.04092687924261582,0.07473232602455504,0.30760739639885887,0.1894194690913511,0.08285107079189806,0.7116933315109145,0.6588917101466742,29.151688844463205,20.41044815663298
1529,Nusatenggara Timur,IDN,2023,2023-04-15,0.045748088994981125,0.343452070495472,0.029510437865662258,0.0640559499515949,0.3237332883333358,0.18755528497783283,0.07293414788241984,0.7659555873952054,0.6997446051570118,26.740813501123597,20.068647853020064
1532,Sulawesi Tengah,IDN,2023,2023-04-15,0.07209049898918565,0.32459580234063856,0.06757909747801415,0.08944105228125013,0.2944567554482256,0.16472340855793965,0.07109751003302606,0.6637257277684803,0.5373936512158801,26.018354217661685,19.570400991605528
1533,Sulawesi Tenggara,IDN,2023,2023-04-15,0.08514056931949703,0.37140593687945894,0.07571324737069467,0.1064222932505302,0.34233338435297295,0.20004299929018102,0.08615229028535941,0.6519911635794268,0.6154906877346104,23.19718005794084,20.704942166758347
1535,Sumatera Barat,IDN,2023,2023-04-15,0.06418917382304669,0.34885334494961634,0.05250143149609037,0.08302056754156431,0.3197523986471958,0.17924262969072188,0.07078415059021033,0.6948743268103919,0.6121989567538286,28.116006141750145,17.270735607795714
1537,Sumatera Utara,IDN,2023,2023-04-15,0.08367850562367174,0.3170485100212081,0.08187767085674384,0.0987034138085754,0.29187702623404066,0.1782002671704462,0.08002842599976032,0.6174743063533843,0.5078273225364044,30.00644534542077,19.811769478616842
73615,Maluku,IDN,2023,2023-04-23,0.0597250326263474,0.32259480880060076,0.05328987582815126,0.07907474566859983,0.28626224593128624,0.15018674355610456,0.05896846673036064,0.7120647503135569,0.5546423077759419,27.150474129109984,20.73929821330061
73616,Maluku Utara,IDN,2023,2023-04-23,0.054835122167615845,0.30203273777697903,0.0507757705250753,0.07158053608745953,0.2710351887476356,0.14486643397711835,0.058594213589088534,0.7200422780618717,0.5347604875626706,27.25389418017757,20.786550507059374
73609,Bangka Belitung,IDN,2023,2023-04-23,0.07973529363438904,0.3438425349176761,0.06758855941949925,0.09515381088364241,0.3244628012405615,0.20087451607484808,0.08847749812031527,0.6256936493762878,0.5977859714454793,28.937944245987318,20.210106995630028
73610,Banten,IDN,2023,2023-04-23,0.08482554883369661,0.33376786972598466,0.07374748127764395,0.10357309043292533,0.30333642959064744,0.19268685843538916,0.08972965737885413,0.5986652643350346,0.5581378044595465,27.958809692879857,22.74016212072822
73611,Gorontalo,IDN,2023,2023-04-23,0.04327723545503537,0.29736666896971276,0.03330383549177203,0.058207082018071205,0.2726462792928177,0.14867389303315529,0.05932937591635852,0.7647326047083527,0.5854649021517266,29.11480462391585,21.39562032592574
73612,Papua Barat,IDN,2023,2023-04-23,0.06247183545238136,0.30729762623206874,0.05691695577920751,0.07868845809601534,0.28297500394063363,0.14791024701443986,0.06032398987002146,0.6920192162764565,0.5188610805611802,27.351757533211742,20.080785822183433
73613,Jawa Barat,IDN,2023,2023-04-23,0.07760866697624394,0.3207289036562837,0.06311934868024757,0.09391412825283707,0.2946780865361285,0.19034745166538466,0.08985123694099931,0.6213180136006665,0.5753804129211061,28.850360688980448,19.908412413581477
73617,Papua,IDN,2023,2023-04-23,0.07631425725049437,0.3101267478069711,0.06812465310973317,0.09184333464142387,0.28835146647341275,0.1574556222893876,0.0671252486188697,0.658560578002118,0.4847446281390119,27.435346662342212,16.10772338453694
73621,Sulawesi Utara,IDN,2023,2023-04-23,0.051699501050367594,0.32066253859323696,0.04431774277554352,0.06859607383939531,0.28226952007870365,0.15214431598798217,0.06189658322263651,0.7506164919882983,0.5937907932115163,27.569666378762186,20.10389907419451
73622,Sumatera Selatan,IDN,2023,2023-04-23,0.11093349004168016,0.35239282373434666,0.10803508112037791,0.12839475461503883,0.3235424762708658,0.19576841359279062,0.08991914802818843,0.5556919727038085,0.49149549762826217,29.96409944112109,22.94179757676256
73614,Kepulauan-riau,IDN,2023,2023-04-23,0.10178940795423044,0.2716616080878673,0.10504412257454537,0.11701936213396545,0.2465930816187257,0.15367889084256828,0.0745347311888647,0.4814368321452184,0.34082063078320446,28.176152868678496,22.40370362953655
73618,Riau,IDN,2023,2023-04-23,0.13530547396690307,0.3370370167360532,0.14505556087408178,0.15151366159583873,0.3046598490626875,0.18994955213952275,0.09172454296147779,0.4582156823079671,0.36816401914619395,29.867460484356286,18.97751146335217
73619,Sulawesi Barat,IDN,2023,2023-04-23,0.03177873200694909,0.31110263859163984,0.020175964057969488,0.05008342640901254,0.285180661883558,0.1460332964762945,0.05065466055728997,0.8123603002738564,0.6237065525757322,28.177966066909157,17.246670548378923
73620,Sulawesi Selatan,IDN,2023,2023-04-23,0.05935518490240985,0.2874136778033103,0.04546339706087062,0.07300626537533339,0.268989670645806,0.15999769430237026,0.07066928951546034,0.6691303724714291,0.5311359914780805,28.996076000518737,19.76371497503279
1512,Nangroe Aceh Darussalam,IDN,2023,2023-04-23,0.08764313561486511,0.32269327857117586,0.08433533097804011,0.10388336511212287,0.29943284742142073,0.17637755958021314,0.07998533031430743,0.5979818234856763,0.48916738967486306,28.557090883190313,19.042221038629346
1513,Bali,IDN,2023,2023-04-23,0.07590456720459238,0.3515688266718243,0.06262435517425502,0.09273684693217356,0.31657602363764314,0.19563334763551904,0.09303294186803478,0.6745422138841396,0.6376087080069085,30.08951119442988,19.370533400446014
1514,Bengkulu,IDN,2023,2023-04-23,0.04163439398994902,0.3314045840432567,0.03161438434228056,0.059528224102236044,0.30054476529564267,0.1634143058800167,0.05960164859206404,0.7767968864282084,0.6451752213490186,29.530335557706987,15.773167872978139
1515,Daerah Istimewa Yogyakarta,IDN,2023,2023-04-23,0.09440577834731086,0.319956149234718,0.08775328963063964,0.11145390069448849,0.3025406866067838,0.20292089133333463,0.1029612206003419,0.5816662236127865,0.5412872515821385,29.54884812278758,18.186966956302594
1516,Dki Jakarta,IDN,2023,2023-04-23,0.11930637681115794,0.22404203587172603,0.0898208228794007,0.11627500297250393,0.23921001350043633,0.21909298173001215,0.16893768066427514,0.3095206989405365,0.4402757216699817,28.84722692822117,
1518,Jambi,IDN,2023,2023-04-23,0.107362729095843,0.3387163797200831,0.10701876496184513,0.12381923676585165,0.31212001424349395,0.18550526078551544,0.0844686914968337,0.54887428262577,0.45313809703949226,29.809576542001153,16.398278686588778
1520,Jawa Tengah,IDN,2023,2023-04-23,0.11209269328003332,0.32538291313911616,0.10514954355886363,0.12885182226974484,0.3011190153160647,0.2079320800289034,0.10734157089319182,0.5277497834260046,0.486256352804043,30.12027645774844,15.81360641662908
1521,Jawa Timur,IDN,2023,2023-04-23,0.09600277490413993,0.3455003989600197,0.08374271395446835,0.11380164875254495,0.3192117517863182,0.21376341118742273,0.10612833917209372,0.593968727608338,0.5843115368778377,30.451101829097855,19.081862817761692
1522,Kalimantan Barat,IDN,2023,2023-04-23,0.1053690609163372,0.336431205600603,0.10361546103252249,0.12066929615790009,0.3103565558377734,0.18475983786158343,0.08704163001727006,0.5754377742964087,0.46944438658254356,28.669563658783506,17.989352213177195
1523,Kalimantan Selatan,IDN,2023,2023-04-23,0.0604057872590382,0.3324122754989008,0.0463922400019696,0.07797957268032407,0.31108090387236376,0.18253008089915546,0.07524355044882947,0.7021731546157324,0.6146110447329755,29.503593669201504,22.405645949244636
1524,Kalimantan Tengah,IDN,2023,2023-04-23,0.08052934207473322,0.34457912991667217,0.07186062206354733,0.0977590901744311,0.3209028092593748,0.18161666747225735,0.07728866555955716,0.6548959546996207,0.554643868770652,28.691075606129083,19.08951382035317
1525,Kalimantan Timur,IDN,2023,2023-04-23,0.09764335774975945,0.3385178648461108,0.09301200337378673,0.11287687474966909,0.31547510706587734,0.1847228804837403,0.08737748951265446,0.6026456479363747,0.5035539800307816,28.118773367731,20.648480429475587
1526,Lampung,IDN,2023,2023-04-23,0.0866588964556452,0.3429128618453813,0.07516110036171444,0.10296897466816737,0.3180092653158373,0.20291238834596212,0.09194586148938286,0.6237969705401292,0.582081246041893,29.750346364609612,
1528,Nusatenggara Barat,IDN,2023,2023-04-23,0.050241028096344856,0.3291942377837822,0.031858696642000243,0.06634143168527241,0.31137141791287176,0.1885605997119955,0.08211490634605356,0.7385945332931452,0.6966884162127287,29.41569247801697,21.44585288946497
1529,Nusatenggara Timur,IDN,2023,2023-04-23,0.04198894509555477,0.30919383329012634,0.02761129486570802,0.05683659098713132,0.2950051469500793,0.1714104826203172,0.06887435185288629,0.7668240757926562,0.6478757210364734,27.423518963964426,20.182486931121836
1532,Sulawesi Tengah,IDN,2023,2023-04-23,0.05748059361629104,0.30910370442736806,0.050345320813536605,0.07392670834127553,0.2831357819641111,0.15415110437313329,0.06454863358194238,0.7133833849821154,0.5528954289790624,27.58254442859455,19.190602267494498
1533,Sulawesi Tenggara,IDN,2023,2023-04-23,0.060181257184414784,0.3112424802878903,0.05075474884313019,0.07640387021199728,0.28775222509163595,0.16113447818105142,0.06862962749216532,0.7030339911744963,0.5602706296176699,27.87160955124757,21.722978099122944
1535,Sumatera Barat,IDN,2023,2023-04-23,0.09764899761712255,0.30369439795627096,0.09983854730819035,0.11242450547177654,0.2739082709538738,0.1617742130224781,0.07537656047236421,0.5669527079461013,0.41873147570222446,29.326892288199865,24.014082442304908
1537,Sumatera Utara,IDN,2023,2023-04-23,0.13637350413946214,0.3309597173777092,0.14373688710199028,0.15253499447675367,0.30178038313482125,0.1874521402778701,0.09217431815874047,0.45599865725826183,0.3656321837080602,29.402295149621608,20.575244801362157
73615,Maluku,IDN,2023,2023-05-01,0.0895654083014006,0.330470784209175,0.08568798575197373,0.10816260965065243,0.2916301426094785,0.16225662170472008,0.07150766823467623,0.6208725802681131,0.48420000137904673,26.25761289225247,20.251265095032537
73616,Maluku Utara,IDN,2023,2023-05-01,0.06620645360706937,0.3143055170824933,0.06121210582045444,0.08390512427627794,0.2813810291034212,0.15317703967026208,0.06403412730400694,0.6818741559246427,0.5225216521920913,27.219843154057898,21.522399195167925
73609,Bangka Belitung,IDN,2023,2023-05-01,0.07045110754429254,0.29202982958341306,0.06387442116910362,0.08257409129176041,0.27097318803933734,0.16077892227927487,0.0686863707059939,0.6381647677313385,0.4836653260057402,31.055941182286645,22.197411661714757
73610,Banten,IDN,2023,2023-05-01,0.07405079853208867,0.30737386497031055,0.06350420891152343,0.0907301218279647,0.2756357413579436,0.1711165822851323,0.07819275190056652,0.6113586239322689,0.5154768526918386,27.363695663466885,23.573137210841516
73611,Gorontalo,IDN,2023,2023-05-01,0.08226710535236623,0.36278921230110467,0.0715009657436952,0.101187992689083,0.3308675945192034,0.19460410216826457,0.08540222726415617,0.6504123158107948,0.6147417442884641,28.56058546240433,20.86736252418708
73612,Papua Barat,IDN,2023,2023-05-01,0.04972226984504751,0.3135614161300622,0.04116638123959469,0.06747297254297731,0.2867691338913172,0.14669669224571155,0.055521503606944266,0.7389279213728199,0.5632587511055411,27.712494774096104,18.013806238339942
73613,Jawa Barat,IDN,2023,2023-05-01,0.09920461953012191,0.32426378189039734,0.0901569647035398,0.11614408973165292,0.2910071690943492,0.189472489981286,0.09282174624119736,0.5679874247417082,0.49634309468799737,28.05286980871856,16.50055900601075
73617,Papua,IDN,2023,2023-05-01,0.10943406920421415,0.3281017998495086,0.1052753611855032,0.12515827785732003,0.30395448365300926,0.17257342945159382,0.07901056494751942,0.5666106869649294,0.43281967078668243,26.990965917151527,14.473760934890057
73621,Sulawesi Utara,IDN,2023,2023-05-01,0.0630279241898122,0.37018981123906475,0.05234037774220875,0.08436720333627595,0.3262574971127654,0.17873405524031066,0.07061480673852177,0.7283084125126476,0.6687645984617696,26.1201751218569,22.80501859438519
73622,Sumatera Selatan,IDN,2023,2023-05-01,0.08239347286254767,0.31709562385408563,0.07695050212094647,0.09782943062428615,0.2898284340506214,0.17300830736326914,0.07612790895014479,0.6238683883016652,0.4938867585248022,30.15406078395965,21.624409031750492
73614,Kepulauan-riau,IDN,2023,2023-05-01,0.09662576298271973,0.2841580156160552,0.09429095370232274,0.11362720533766237,0.2604137813638845,0.16049107256706147,0.07694336546284083,0.4933159612570273,0.38458762729529583,29.028979559359296,23.84917049969227
73618,Riau,IDN,2023,2023-05-01,0.1271062150385687,0.3455242229012104,0.12801240993981225,0.14291420219776738,0.3180028517541629,0.1976980728524678,0.09691002590352062,0.5007013260153186,0.4274857877167374,30.155508266613154,21.91713350491711
73619,Sulawesi Barat,IDN,2023,2023-05-01,0.041707061292663106,0.27874646400261077,0.03518565560499062,0.0558088810009156,0.24779602334071124,0.12762925520738036,0.04755563863889793,0.7590033125396823,0.511063334843436,27.49661410721912,18.224658837211717
73620,Sulawesi Selatan,IDN,2023,2023-05-01,0.0986001112004073,0.28590794370724,0.09674515597172167,0.1108942421357105,0.26032469307051775,0.16291458766484582,0.07976438757398947,0.5314373739976769,0.39315266729610976,27.668131163660252,20.040993043612737
1512,Nangroe Aceh Darussalam,IDN,2023,2023-05-01,0.08765889298288593,0.3062306164589966,0.08723108888061773,0.1022521603676538,0.28098859462774045,0.16241175452137827,0.07221023009298697,0.5936291492003843,0.4444016904357422,27.224083119856537,17.435869927968007
1513,Bali,IDN,2023,2023-05-01,0.07736401465948527,0.319900235261587,0.06941709736873855,0.09195588859704985,0.2886950299987921,0.18000694619173183,0.0859571540548806,0.6488053040652361,0.5501980646523532,28.435436828725567,20.37456042560273
1514,Bengkulu,IDN,2023,2023-05-01,0.0840572900606705,0.3236693961811817,0.08151596784558378,0.10090976376645731,0.29489294069898436,0.16999249920901932,0.07295636177548834,0.6143241672790927,0.49347972624091074,28.888365146191834,18.924458005640908
1515,Daerah Istimewa Yogyakarta,IDN,2023,2023-05-01,0.07647454810936456,0.313024038874218,0.06576858101162804,0.0924950992398357,0.29673413648742136,0.19636237042309182,0.09556610327663272,0.632198948005975,0.5832941801380365,30.325634259444413,
1516,Dki Jakarta,IDN,2023,2023-05-01,0.15741711530154684,0.24101663684128935,0.1439529265242176,0.16115212628099876,0.24708492330939766,0.22355236242574417,0.16200331490631725,0.2290538372405513,0.26794337690207837,34.78477450854431,25.259081283333884
1518,Jambi,IDN,2023,2023-05-01,0.156458503073677,0.3705337382388642,0.15667672559397436,0.1742338741655258,0.3434284851710994,0.21681492572919667,0.10684322148358387,0.4381189402486024,0.3816211228528078,28.97584343136996,21.264148699260037
1520,Jawa Tengah,IDN,2023,2023-05-01,0.09450437520526717,0.3086286378229723,0.08539229366411706,0.10966489398350827,0.28169600760164243,0.19112505787083492,0.09733809228461862,0.5702560591352359,0.5012367756462646,29.708852224569153,21.81015022121618
1521,Jawa Timur,IDN,2023,2023-05-01,0.07542566720210966,0.29890718200559235,0.06347715156712516,0.08984682119695538,0.2766882725111128,0.1810659157164272,0.08744719207744184,0.6212619083961136,0.5295547787605057,29.731155801225224,21.190299586762798
1522,Kalimantan Barat,IDN,2023,2023-05-01,0.0719982815519251,0.351680123319054,0.06353242955968796,0.09053900831689446,0.3252198070391581,0.18492575015457155,0.07666843005616446,0.6850514447408295,0.6014424577900758,28.801179840375585,20.00890348540998
1523,Kalimantan Selatan,IDN,2023,2023-05-01,0.061917697113763145,0.305928080503785,0.05122903502555274,0.07709881899267323,0.28455890976641873,0.16751348119661066,0.07025376330045147,0.6822986647234498,0.546940645955594,29.302874156544544,22.536406542274424
1524,Kalimantan Tengah,IDN,2023,2023-05-01,0.07156331831749657,0.32448261133068246,0.06327629689798323,0.0875044332604174,0.301403165918288,0.1713207321310911,0.07440174709104706,0.6682866394972434,0.5488427501364117,28.780386319770916,22.70214151786039
1525,Kalimantan Timur,IDN,2023,2023-05-01,0.07431655789965659,0.31709674933401755,0.06776972919876122,0.0890101980557139,0.292772865414938,0.16251089139391567,0.07056506858974568,0.6608529952152233,0.5185876275299182,28.691806924575523,20.385446168994292
1526,Lampung,IDN,2023,2023-05-01,0.12311638274898581,0.34183128011900915,0.1212109046156822,0.14123514404870718,0.3137876139887018,0.20237236309235138,0.09662275009665894,0.4919784708354931,0.43070760575825695,28.751283790424544,20.083588028605206
1528,Nusatenggara Barat,IDN,2023,2023-05-01,0.05330671023725436,0.32597309930125756,0.036405148510151246,0.0686534235613104,0.3071997738652436,0.18984052236938673,0.08044628417593902,0.7247587475463564,0.6664219741971402,28.70834872409223,20.697775958574347
1529,Nusatenggara Timur,IDN,2023,2023-05-01,0.06244318820071746,0.3392570181439954,0.048350385147538456,0.07862510816437909,0.32460205919161117,0.19746042263156363,0.0827571616042738,0.717688546729961,0.6519698034345964,27.379802701231057,19.91593776697529
1532,Sulawesi Tengah,IDN,2023,2023-05-01,0.10186635588215265,0.34163295302246055,0.0993857017135784,0.11957926995955352,0.31055968034675824,0.18163906722783507,0.08512432012445026,0.5869512868073014,0.4865192324970434,26.562889876850047,18.368849901345058
1533,Sulawesi Tenggara,IDN,2023,2023-05-01,0.16037030254485202,0.3615983503422908,0.16366172643472757,0.17718433266371253,0.32868406736177896,0.20795836707532275,0.10844041586637192,0.4490187535526274,0.3877070640913202,25.595975009966597,21.07464949038312
1535,Sumatera Barat,IDN,2023,2023-05-01,0.15689782127322244,0.36352774563880197,0.15961809853934525,0.17473788782223018,0.33044652313856643,0.20577945481613633,0.1015629936855164,0.45263355291255214,0.3818595266450723,27.548935239056206,17.244871490888627
1537,Sumatera Utara,IDN,2023,2023-05-01,0.1227392771064257,0.3610241126300345,0.12204309059465189,0.14076082606611862,0.3305120747662412,0.20511331012185743,0.09698981933274241,0.5241110240945674,0.47693650497996604,28.071707793788715,
73615,Maluku,IDN,2023,2023-05-09,0.11678026363998245,0.3331011560475756,0.11651192703861005,0.13533579189571426,0.2951150539635207,0.170603657698517,0.08046562645520575,0.542802953644009,0.42607936857410567,26.11518465935168,20.50605927474704
73616,Maluku Utara,IDN,2023,2023-05-09,0.08292309121776119,0.3299280222423655,0.07826411856139492,0.10163588816551582,0.2958255085514617,0.1662574699679158,0.07390076069460677,0.6356483086844485,0.5134512877048022,26.490120093001224,21.286812569460235
73609,Bangka Belitung,IDN,2023,2023-05-09,0.08528494935061968,0.3416904772684074,0.07179721402924659,0.09950852806659546,0.3178144463692952,0.19830755373383874,0.09343066325871775,0.6183099983871945,0.5750014320874305,30.074995202413355,23.588610626404225
73610,Banten,IDN,2023,2023-05-09,0.0514831656623369,0.2826814982830743,0.037993170896046,0.06445614255056757,0.25531528802397935,0.1553545046469763,0.06905421863172687,0.6944643829112296,0.5434937887774258,29.788099744478444,21.534202657001966
73611,Gorontalo,IDN,2023,2023-05-09,0.05194537346870719,0.34322330412829205,0.040024140456999584,0.06987680779970995,0.3100679710226744,0.17445096156223852,0.07034957316917612,0.7402294358069379,0.6632102038054296,28.90596012353445,20.901435326675
73612,Papua Barat,IDN,2023,2023-05-09,0.10436634152785128,0.2968035478895173,0.10705123437920135,0.11854619665986565,0.2680103342846081,0.14934899716584346,0.07121120663877437,0.5344745897423169,0.3758437676251991,26.815247642330934,18.82036003201829
73613,Jawa Barat,IDN,2023,2023-05-09,0.04922804821367261,0.28428578059597903,0.033316351419424996,0.061772748642801315,0.25871510656747393,0.16079234207080959,0.07185793466627009,0.7078627393341533,0.5752422745937187,29.898245372787432,20.088870352941157
73617,Papua,IDN,2023,2023-05-09,0.1510188117079758,0.3347101404004408,0.15272046300499184,0.16595446051358145,0.30682237298553466,0.18410464420732944,0.09016717248050277,0.4659840320234356,0.33983219343262927,25.941233652162406,15.489249659584445
73621,Sulawesi Utara,IDN,2023,2023-05-09,0.054510189378136814,0.3641309483029442,0.04454589261493232,0.07517762517973349,0.3182552851881206,0.17398760224524462,0.0683156627531789,0.7490592991122503,0.6702268808624806,27.16882957199634,20.640128478755585
73622,Sumatera Selatan,IDN,2023,2023-05-09,0.0634430078849893,0.32634313405330706,0.052381567042204584,0.07972665728988332,0.30099102327245647,0.17671611472069224,0.07428826904328434,0.7014065751473538,0.5868662829179907,29.710856268389268,21.943527376945696
73614,Kepulauan-riau,IDN,2023,2023-05-09,0.06701666490405507,0.28052975103522687,0.05232835993068031,0.08135917938590934,0.25759004090263754,0.15537366269932354,0.07279295481708041,0.6108730673014421,0.4886193913271559,29.147126786237965,24.35060793117955
73618,Riau,IDN,2023,2023-05-09,0.05504567768719553,0.3332401377937141,0.04357475457259353,0.07114183599493264,0.31067132832306793,0.17977468146116216,0.07139815532321761,0.7274961255634298,0.6508511802697362,30.92561469242787,23.013233729851144
73619,Sulawesi Barat,IDN,2023,2023-05-09,0.04299497321712616,0.2809675941917241,0.03542432050285764,0.05727282904416902,0.252492610895062,0.13229038133659135,0.052231713183679515,0.7590332749808709,0.5253954449101454,28.307940357067455,19.51386055141928
73620,Sulawesi Selatan,IDN,2023,2023-05-09,0.08869222161582621,0.2885241168803738,0.08104920369762597,0.10120549259350754,0.264665027290826,0.16311752851234704,0.0790546513215486,0.5605593663515762,0.43344158527965665,28.259044293233387,19.522059973244065
1512,Nangroe Aceh Darussalam,IDN,2023,2023-05-09,0.04540836428509778,0.33037849956974946,0.03178220682710654,0.06294035164257894,0.30765381115687646,0.17046952982164068,0.06458706739275329,0.765245406558567,0.6449693604740908,27.990100552422614,19.603315246148675
1513,Bali,IDN,2023,2023-05-09,0.05365732261709226,0.29968589465204043,0.040523924796070185,0.06716096024776365,0.2741680585643003,0.16296758441017317,0.07553539753790241,0.7204863715836439,0.5940810141561421,27.818304471932812,19.424362911886472
1514,Bengkulu,IDN,2023,2023-05-09,0.03565802810009299,0.32598873635455666,0.024556867012098797,0.054004129614575236,0.3003042753706442,0.16172848603330753,0.05778996684615414,0.7990955619819268,0.6597902628711129,28.22114727553561,20.536028088303457
1515,Daerah Istimewa Yogyakarta,IDN,2023,2023-05-09,0.04932801613496915,0.28957678171207285,0.0346485579791273,0.061869205057985585,0.2768686503535044,0.17707884663378817,0.0826366846945368,0.720708362648807,0.6270657152929636,30.14450519291005,20.50960056271053
1516,Dki Jakarta,IDN,2023,2023-05-09,0.09121442198719801,0.18282996901070656,0.06553011620609162,0.08651833831760794,0.19012035811523667,0.17573313852771433,0.13349580884466683,0.35066912916934107,0.34534344312152543,38.83020285487374,24.28134032899681
1518,Jambi,IDN,2023,2023-05-09,0.0719309634589013,0.3386201361645936,0.0629422162824581,0.08894752896125048,0.3176190657001598,0.18728012464833038,0.0795922752866691,0.6828290410507851,0.5898558603430085,29.45667602563465,21.67846472454395
1520,Jawa Tengah,IDN,2023,2023-05-09,0.04857335952086865,0.29501001826296624,0.03092193658689029,0.06268216346840044,0.27374934970056725,0.1745841476593211,0.07820325023896767,0.7126320359773588,0.6276874678317121,30.3652319458811,20.292026560639012
1521,Jawa Timur,IDN,2023,2023-05-09,0.05941171088112432,0.3024943100501032,0.042731525635908554,0.07359642865072781,0.2840040655149872,0.18219907569733926,0.08560955341507545,0.6858584246401608,0.6155226479673929,30.52064748306142,20.591531824690705
1522,Kalimantan Barat,IDN,2023,2023-05-09,0.05260178812291269,0.3063435722331433,0.04616645612814768,0.06711827282903789,0.2812253867519934,0.153060397759684,0.06142264182049208,0.7391082421212991,0.5572385728335243,29.67393314341919,22.4127432478297
1523,Kalimantan Selatan,IDN,2023,2023-05-09,0.0663573083563664,0.3330788760704063,0.05521068690495669,0.08352362671851149,0.31075761280790626,0.18498421941491283,0.0774089287832297,0.6898240504087777,0.6010847952465739,29.403817605927056,22.950416474223474
1524,Kalimantan Tengah,IDN,2023,2023-05-09,0.07454906904583193,0.31788915660271994,0.06932400672346425,0.08909538383180217,0.2936986964238838,0.1673249976196375,0.0738263091085727,0.6650959816229595,0.5206928751596178,28.844275497235646,22.50458091137389
1525,Kalimantan Timur,IDN,2023,2023-05-09,0.10506650971913711,0.33088999500969135,0.1043514068784739,0.120304857677852,0.302873244121978,0.1773868626160937,0.08619939022756984,0.5691275146414114,0.461733952563436,27.54266611893415,21.710802274240887
1526,Lampung,IDN,2023,2023-05-09,0.07200832884894563,0.319768456697649,0.05694461868623102,0.08519227163044664,0.29901883344095,0.19111572079000963,0.08766695503906852,0.6695544595520592,0.5954963875595386,30.351577990712627,21.725009199095563
1528,Nusatenggara Barat,IDN,2023,2023-05-09,0.058250247816902155,0.3187839454667398,0.04042717194863863,0.071523735694864,0.3035315742861641,0.1890179116190242,0.08593419654381212,0.703444867757548,0.6518298699025076,28.76056420858207,19.781074245399434
1529,Nusatenggara Timur,IDN,2023,2023-05-09,0.047582241753076446,0.3253619617204964,0.030003103039478358,0.06205363810936954,0.31725624585565837,0.188873951891945,0.07867974519242808,0.7497565239204889,0.6886457568229772,28.1482837377077,19.528407099816857
1532,Sulawesi Tengah,IDN,2023,2023-05-09,0.07881959814615365,0.31555586019735504,0.07590427951876544,0.09475720090169032,0.28516491692833257,0.16073441789777335,0.0719525372035248,0.6451978846634935,0.5006828268592481,27.264802790762637,18.988194675482728
1533,Sulawesi Tenggara,IDN,2023,2023-05-09,0.08025543189642974,0.32139409788483864,0.07421316890494174,0.09698061890318523,0.29624941421040457,0.172244253946623,0.0774620187468421,0.6346136517357059,0.5195876875449158,27.504911241650287,20.369134407936258
1535,Sumatera Barat,IDN,2023,2023-05-09,0.0568005159840555,0.3335848179162121,0.04900010073531717,0.07443616345074562,0.30600551394488,0.17295447492973018,0.06931475454379969,0.7306892794128802,0.6158457482526529,28.547695275329204,21.051838622203203
1537,Sumatera Utara,IDN,2023,2023-05-09,0.06488890616010365,0.34445087997183316,0.05538382196521349,0.08237092734142948,0.3181086735763086,0.18717927878953333,0.07776800478181797,0.6953439229694209,0.6256598024505429,29.354197089705433,20.56512535396012
73615,Maluku,IDN,2023,2023-05-17,0.07956441368231572,0.30700683630101455,0.07777664968728579,0.09565061286318992,0.27354036191156267,0.14687327026913183,0.06379168067629482,0.659202235773645,0.4805630150771557,25.332332372152642,20.3556406704667
73616,Maluku Utara,IDN,2023,2023-05-17,0.048283029045889,0.3077419517009844,0.04250623830259999,0.06570661848622042,0.2782122052375281,0.14540532808814488,0.0568483897977341,0.7470379989532528,0.5622540072787683,26.324521997731257,20.520885897959065
73609,Bangka Belitung,IDN,2023,2023-05-17,0.08336327767505362,0.32618125125787417,0.0760988941795282,0.09757069862462708,0.3013460849917149,0.1835718992404877,0.0824426462050642,0.6206433329893003,0.5263088208176325,28.913227174715512,22.923416666417097
73610,Banten,IDN,2023,2023-05-17,0.10725462542407989,0.3103434154895134,0.1053831244726371,0.12444744821667633,0.28204686355576586,0.1795663771505334,0.08898559959400401,0.5243610569907895,0.4282079212240485,28.78002345452828,22.032166327646866
73611,Gorontalo,IDN,2023,2023-05-17,0.07363406474013992,0.3213348401229988,0.06570323361308497,0.09002934156579068,0.2914403419287044,0.16641639812753556,0.07483866270961284,0.6586811991803401,0.5405884012290554,27.407268022354646,20.102110336669096
73612,Papua Barat,IDN,2023,2023-05-17,0.06275033653289461,0.3039499466503455,0.05700012155020693,0.07835517371479582,0.27899419555020644,0.14414503591593072,0.05876606368609231,0.7101204740249608,0.5077426048206588,26.295634767611777,20.271574578468698
73613,Jawa Barat,IDN,2023,2023-05-17,0.07592898880361276,0.2971487030298232,0.06493722077788638,0.08929634424415671,0.2716201372912489,0.1730763915204944,0.08242047622734305,0.6186152995813008,0.5177770866068706,28.21806400682499,20.628690782171958
73617,Papua,IDN,2023,2023-05-17,0.1017557004378667,0.3102930734992293,0.0985529219881546,0.115646913323354,0.2897571238200851,0.16650643768375933,0.07811146211808062,0.5889577765271035,0.42525626876574785,25.953079924939104,17.485944885088365
73621,Sulawesi Utara,IDN,2023,2023-05-17,0.048955834695044775,0.3061675029104628,0.04287140522591661,0.06503625578989936,0.2669592644431623,0.1405959240589394,0.05768881525456446,0.7403489930893472,0.5615002965029892,26.693943834853922,18.157214101427762
73622,Sumatera Selatan,IDN,2023,2023-05-17,0.11363493867012955,0.3425914339615307,0.11504738788812713,0.13156836788529783,0.3133336430618339,0.19454423751705713,0.09352930516543911,0.5498640330065439,0.4717122214169283,28.96004022767483,21.33254644027912
73614,Kepulauan-riau,IDN,2023,2023-05-17,0.09825413075498278,0.26661124527786934,0.1028460395710055,0.11482290671118613,0.24060499064557575,0.14979645911512995,0.07567585470490219,0.5042404430113585,0.35560787791287307,27.966313451064575,23.663012028059676
73618,Riau,IDN,2023,2023-05-17,0.049712365387487516,0.28381629094781147,0.04474014449203299,0.06155920891330908,0.257856756559781,0.1431480531924271,0.05671086124857011,0.7304670172468691,0.5219652672687608,28.203078173243807,22.25969234512451
73619,Sulawesi Barat,IDN,2023,2023-05-17,0.043012528679905425,0.3062596394692137,0.03336237074910858,0.06000341134091311,0.27734817958402636,0.14500568512322723,0.05473018546289588,0.772251538095741,0.5780727947784772,27.376312559547504,18.282621225551797
73620,Sulawesi Selatan,IDN,2023,2023-05-17,0.10626559713711431,0.31874380192083385,0.09599718560452719,0.12119940059650566,0.2948430005831314,0.1854207579779193,0.0913543262667133,0.5410154481644464,0.4597864287277823,27.986479159713543,18.702671612381646
1512,Nangroe Aceh Darussalam,IDN,2023,2023-05-17,0.07606597757202233,0.3133718194776873,0.06893844462143535,0.09118428471848757,0.28888635259162876,0.1647808794838823,0.07499460063031277,0.636280761953075,0.5121933950553997,28.67584339392516,19.22711564632685
1513,Bali,IDN,2023,2023-05-17,0.04313710600800932,0.3259665552323504,0.027461031912115286,0.0591072229620491,0.2978489368821828,0.17135611680130097,0.07328147450861339,0.7625400662233289,0.6868465625296724,27.856451523662624,19.576643303802364
1514,Bengkulu,IDN,2023,2023-05-17,0.04226134421138699,0.2886498087761168,0.03680571094463444,0.05558695711057468,0.2626476755188374,0.14016252895080317,0.05299836550936718,0.7685317298107481,0.5483293761572084,27.725428581158447,19.84076015521037
1515,Daerah Istimewa Yogyakarta,IDN,2023,2023-05-17,0.04486214055629297,0.29600796524353007,0.027329660087333976,0.05911426808425494,0.28656272363901336,0.1825054525321237,0.08409450940621052,0.7344732632529826,0.6723933450255635,30.489031609654106,21.008250408997295
1516,Dki Jakarta,IDN,2023,2023-05-17,0.11480524304546955,0.19348016113229086,0.10144690129631294,0.11374471548998173,0.20081390951246442,0.18329528794156724,0.13721215039214463,0.276332544354343,0.26691893457732585,31.492057482907075,24.836713740005642
1518,Jambi,IDN,2023,2023-05-17,0.13597554361330677,0.3216523601223055,0.1501861004326079,0.1503363180173531,0.2890766091940709,0.17464186613937802,0.08566461872803727,0.49170405793373123,0.35627196014587365,27.71319787372231,19.766451885493986
1520,Jawa Tengah,IDN,2023,2023-05-17,0.04890997290975227,0.2878187509561261,0.030299571522948807,0.06237994599722224,0.2685334307095937,0.1729520727580178,0.07963838979549404,0.7037645592218279,0.6183056738990277,29.930000927288454,20.631948353650323
1521,Jawa Timur,IDN,2023,2023-05-17,0.0480448992831262,0.29576993241833954,0.029550971700438876,0.06201946592716902,0.27909529777945963,0.17648882696179677,0.08019258238254187,0.7143895560642529,0.6384602160579326,30.450887020560916,20.701424897521065
1522,Kalimantan Barat,IDN,2023,2023-05-17,0.05958983899408063,0.34362923165160647,0.050340664689971816,0.07823752095484332,0.31884227716793617,0.1759894460253983,0.07022572171323413,0.7208264977556563,0.6195706272209939,29.16976840132061,21.49469056121863
1523,Kalimantan Selatan,IDN,2023,2023-05-17,0.07368257177736169,0.33754288868284354,0.06406744139518232,0.09215274125284763,0.31825654813162046,0.18801291499307946,0.07995307181866049,0.653413102170315,0.5867303429661013,29.1856660967713,21.293845552804612
1524,Kalimantan Tengah,IDN,2023,2023-05-17,0.10787146050059158,0.3272540601824728,0.11020388162437954,0.1246783857101626,0.30143553104824233,0.17613006496910658,0.08368948025697952,0.5447104002090098,0.4378495770637815,28.175504466243943,21.348980236546463
1525,Kalimantan Timur,IDN,2023,2023-05-17,0.08718219800117218,0.31487443338316307,0.08576639265335588,0.10186776318014004,0.288104021034304,0.16199453462016683,0.07388707527626284,0.6179559678862976,0.4749410050948537,26.454659803832687,20.81292450644372
1526,Lampung,IDN,2023,2023-05-17,0.07329946505270517,0.3361775901624215,0.057059535229356306,0.08898464592863083,0.3180517212812667,0.20332891430230432,0.09225198840625425,0.6584152936412923,0.6412189903858061,30.945929618693654,21.309999555244943
1528,Nusatenggara Barat,IDN,2023,2023-05-17,0.05095901227137411,0.3183500692102147,0.0312801283017691,0.06456937162599041,0.3072332181807917,0.18715679811343414,0.08264767168552462,0.7160818367401912,0.6737702842112778,28.12153850668315,19.61916190781097
1529,Nusatenggara Timur,IDN,2023,2023-05-17,0.04471161227660689,0.29852522210788096,0.028178632192648684,0.05696637223600749,0.294943880149596,0.17643549505998385,0.07356633008994232,0.7441964722077692,0.6317092687181841,27.868778815604774,19.274144634575734
1532,Sulawesi Tengah,IDN,2023,2023-05-17,0.10042121003514082,0.31989989646233136,0.09897878507454375,0.1157543325332764,0.2895982600755755,0.16832382214350808,0.08189233295478027,0.5903493321293154,0.45693863009386654,25.956206867215183,18.812514219805223
1533,Sulawesi Tenggara,IDN,2023,2023-05-17,0.11444038348382213,0.33934041104769724,0.10999914278272027,0.13117523315284826,0.31449663793302185,0.1924494088734635,0.09692875290152483,0.5541495680636505,0.46983534940684746,27.3593097860582,20.164144680231903
1535,Sumatera Barat,IDN,2023,2023-05-17,0.055992614364068084,0.279187370694697,0.05227530123896689,0.0691359813494812,0.2533271140462173,0.14008920608932926,0.05911335546882773,0.7018094527373262,0.4897835607360829,27.912772431660883,20.1134357056235
1537,Sumatera Utara,IDN,2023,2023-05-17,0.07613214918849436,0.30388585248244965,0.07255380909123575,0.09039432609301429,0.27869469661916907,0.16300713384074636,0.07338573106240008,0.6339531257659912,0.4962941880555156,27.54979655128892,19.624608497604562
73615,Maluku,IDN,2023,2023-05-25,0.08543351307682119,0.3290847652742441,0.08004512560994782,0.10305410509007144,0.29438928698166766,0.16472252207230673,0.07494185370230329,0.6484621368571243,0.5121260194907354,25.872325076732075,20.050860298622087
73616,Maluku Utara,IDN,2023,2023-05-25,0.06341836916826211,0.3219523955586159,0.05729789738302074,0.08123097643259032,0.28890703954208324,0.1550388733737362,0.06405311989245575,0.7096479315609663,0.5510665465480655,26.730771933659458,20.848461411230005
73609,Bangka Belitung,IDN,2023,2023-05-25,0.10216061072157272,0.3277704686109961,0.10262494855501125,0.11832853757854751,0.3032372301182387,0.18930775789900403,0.08921323957642864,0.556803528677116,0.4729211823723651,28.995878152187622,23.312593383541575
73610,Banten,IDN,2023,2023-05-25,0.05638450191679484,0.3306165250646213,0.039906687113846824,0.07394889860307383,0.3023451522360177,0.1857539010602385,0.08030961190272978,0.7010859201650245,0.6473365484230995,30.728514520358377,21.80961149910617
73611,Gorontalo,IDN,2023,2023-05-25,0.07398177259988523,0.31391694163007705,0.0666014806642383,0.08855991210932222,0.284111637732739,0.16434163797758947,0.07700677397827993,0.6605601743767737,0.5260803350157658,26.91481854049761,21.010685718471986
73612,Papua Barat,IDN,2023,2023-05-25,0.05522324664247292,0.3093398249209112,0.046997588466943546,0.07154818504524423,0.28440244978257506,0.1463942881142539,0.05904774172751596,0.7263552480602777,0.5442116026030639,27.034551457126636,19.719591481132195
73613,Jawa Barat,IDN,2023,2023-05-25,0.05414774789952591,0.29977289759359355,0.03464730419326844,0.06764869597987445,0.2793035427076086,0.17523843620830074,0.0798796879187204,0.6894603539444097,0.6074458494282028,30.37281252007421,20.111363653802737
73617,Papua,IDN,2023,2023-05-25,0.09866454312286291,0.3066527553842395,0.09147600888066852,0.11208849073357427,0.28738097679179403,0.16557215780815196,0.07852945949859456,0.6045868758871631,0.4329148547190015,26.064400140848626,17.07220568315014
73621,Sulawesi Utara,IDN,2023,2023-05-25,0.06469177015160595,0.33308925033717196,0.057631416531958406,0.08167838519824608,0.2908130281455024,0.15953873713884983,0.06908063856052943,0.7090431037462276,0.5769965343441994,25.931591490829824,20.482050117142247
73622,Sumatera Selatan,IDN,2023,2023-05-25,0.06012221997489606,0.3387558321834343,0.05165868108248024,0.07885519617181672,0.31002452613325926,0.17855440774856746,0.07100400071493775,0.7214981092130177,0.6197345862450496,29.667963219038484,20.899879199225456
73614,Kepulauan-riau,IDN,2023,2023-05-25,0.0844238792834932,0.27473030371948726,0.08177516356412858,0.10040937294960701,0.25002656468360895,0.15323587858069962,0.07510638047639778,0.5360066000206613,0.4072303923751066,29.03927918032718,23.982322873364662
73618,Riau,IDN,2023,2023-05-25,0.03875320966982354,0.2937277152011364,0.028456584169150353,0.05170707178556872,0.2727381761207034,0.14962144646845427,0.05577719720706394,0.7748793091124668,0.584337635477595,29.2953862634519,21.237304032052666
73619,Sulawesi Barat,IDN,2023,2023-05-25,0.03356650159921611,0.30218148911573284,0.02324919319387742,0.05045859253900069,0.2777578354516202,0.14216318745754786,0.050388822240570584,0.8019219439903609,0.5993302207752774,26.699599767397356,20.154683969635926
73620,Sulawesi Selatan,IDN,2023,2023-05-25,0.0939392641805209,0.30356684921212923,0.08295567821204683,0.10777233316574598,0.28496941465143055,0.17711023872244253,0.08599332583907082,0.5632508262012984,0.45942770059525,27.828246660383652,19.76048589297705
1512,Nangroe Aceh Darussalam,IDN,2023,2023-05-25,0.03784658616723065,0.2904281726593815,0.027290496800303512,0.05239152217030635,0.2695407208128037,0.14341142108105107,0.054386411602160525,0.7826820281035813,0.5749974663502501,27.652874430572357,17.947193570402597
1513,Bali,IDN,2023,2023-05-25,0.04285489463771985,0.30199499420071235,0.028596484031668593,0.05673323964463731,0.2796522365619121,0.16021672987585214,0.06915527363509774,0.7539340494677854,0.624936233194366,27.52475419771783,18.76872022436337
1514,Bengkulu,IDN,2023,2023-05-25,0.03689208346696264,0.3033201761383071,0.02703593901771765,0.0523138459774479,0.28011465342634984,0.14966276529228453,0.05549734882589296,0.7860369931465089,0.606024427244048,28.091890644213127,19.481358220388188
1515,Daerah Istimewa Yogyakarta,IDN,2023,2023-05-25,0.04310725114437012,0.26192761117228924,0.026038408222052948,0.0530615722583612,0.2607468781644875,0.1675670112275806,0.08043474202224764,0.7153850398688907,0.595992871915303,31.467008529360093,20.248404737567864
1516,Dki Jakarta,IDN,2023,2023-05-25,0.12416526384547191,0.22518632527772195,0.09929064632019075,0.1254370610288929,0.23247008893430862,0.21374646272028575,0.15893083999199384,0.30823587877791364,0.3762815171853122,36.68885361480343,24.491491668542594
1518,Jambi,IDN,2023,2023-05-25,0.07460352652644406,0.3117734265348195,0.07315301226881346,0.08910928012630336,0.28837464983706085,0.17143964939536235,0.07769727768568707,0.6563493612591765,0.5224642039875155,28.431830399542616,15.70632123317869
1520,Jawa Tengah,IDN,2023,2023-05-25,0.04897409279005696,0.2767629119800198,0.029189303037716788,0.06028930839452941,0.26632401145027684,0.1728337068867912,0.08129182597398618,0.6909403178089126,0.602104384589348,31.081630438254738,19.91446977687218
1521,Jawa Timur,IDN,2023,2023-05-25,0.0505932345663235,0.28484125948241007,0.03058401696052479,0.06243084265288816,0.2749099735356783,0.1770207462702989,0.08307687083652109,0.6917701020247602,0.6151827080015664,31.19002695206512,19.930839402798203
1522,Kalimantan Barat,IDN,2023,2023-05-25,0.06664719646821214,0.337654830619935,0.05904139219300404,0.08448363590158924,0.31439078515212443,0.17499541659303827,0.07299970006013284,0.703241170438005,0.5841540004616518,29.087064903206173,21.621341990656518
1523,Kalimantan Selatan,IDN,2023,2023-05-25,0.060283963615673924,0.30263506726844147,0.05037300254330004,0.07562608170589655,0.28743863787914153,0.16743955258925924,0.0693394596031528,0.6913437079387454,0.5468072883172109,29.488108111137603,21.966138506411667
1524,Kalimantan Tengah,IDN,2023,2023-05-25,0.08030951933741018,0.3073935413843869,0.07489378176165518,0.09493761525041977,0.2874572026574575,0.16379567943974968,0.0757054544039064,0.6406134032303318,0.4843968982803791,28.615106033802842,21.05766617414655
1525,Kalimantan Timur,IDN,2023,2023-05-25,0.07361170197005411,0.31694198795454476,0.06793261805861121,0.08871975396582889,0.2918095713385376,0.16191005733871278,0.07194981493820173,0.6702931475157144,0.5204453988034592,28.011102904396044,20.843122031511072
1526,Lampung,IDN,2023,2023-05-25,0.06589068038152138,0.3377307083675604,0.04854048408497534,0.08205896344331633,0.316484528298855,0.1993237455845237,0.08704628500612271,0.6857596360901608,0.665116447605913,29.684951302633596,21.20182336892876
1528,Nusatenggara Barat,IDN,2023,2023-05-25,0.05392102405908195,0.3101932853537349,0.03416776237081162,0.06533403770289117,0.30400889176164386,0.18642167035948032,0.08368870683241819,0.7030736496817155,0.6483028089898553,28.571486822473034,19.408318873456256
1529,Nusatenggara Timur,IDN,2023,2023-05-25,0.05828011829740649,0.30901172517551395,0.041445684565979475,0.06980120893447422,0.308697933325301,0.18918152681700434,0.08357067328481761,0.7083162682099222,0.6225530345166727,26.86717613461141,19.14054093940486
1532,Sulawesi Tengah,IDN,2023,2023-05-25,0.11085520371010181,0.32784992646369304,0.10774922965125636,0.12630299469941036,0.29834984139133924,0.1771428469214415,0.08694658491710748,0.5929965157760907,0.4487146432415946,25.995576872579615,19.86484189840019
1533,Sulawesi Tenggara,IDN,2023,2023-05-25,0.10694192158349361,0.33009531795497066,0.10358259921948997,0.12327623205398378,0.3058006777999669,0.18074227007325464,0.08630227837013602,0.5697897348592438,0.4613023079829814,25.50340280392045,20.12725731092759
1535,Sumatera Barat,IDN,2023,2023-05-25,0.054806361988562646,0.3012875849845686,0.04696551738192873,0.06999751657927503,0.27699191844003274,0.15312595833402673,0.06283772727028386,0.7204283069652918,0.546223913861222,26.904700372277652,20.283808632936406
1537,Sumatera Utara,IDN,2023,2023-05-25,0.05260240683557165,0.321254946219407,0.04142722038066619,0.06876874056042917,0.2981747782142455,0.16797467321286783,0.066930772371325,0.7285358623061944,0.6070217388651268,28.634366332316894,19.077409828187925
73615,Maluku,IDN,2023,2023-06-02,0.08865724524401969,0.32728692444287383,0.08433482482436641,0.10632965924762951,0.2940839750838525,0.1654588780341088,0.07448158582715488,0.6173567342074684,0.48945123794696876,25.064465596987173,20.998947837177397
73616,Maluku Utara,IDN,2023,2023-06-02,0.05308915772299222,0.32295803821588354,0.04439093286573418,0.07217242304193783,0.2917925906393233,0.15318594990074638,0.060123238856142625,0.7343409154733808,0.579475359733145,26.04784562820935,21.046111994411724
73609,Bangka Belitung,IDN,2023,2023-06-02,0.09627269114295223,0.3037931935319905,0.09095853486463656,0.10970561522266017,0.28426803108770116,0.17476129425024925,0.08351759746800423,0.5534990245576624,0.4338741546309072,27.941906975003423,21.04466677469162
73610,Banten,IDN,2023,2023-06-02,0.048644078202736626,0.2838162564558521,0.03356811088869022,0.06264744857726565,0.2624105725553824,0.15959748225638723,0.07035764598391057,0.6935002485805302,0.5621402717849461,28.35592299046983,21.726311267886093
73611,Gorontalo,IDN,2023,2023-06-02,0.048354654006220535,0.29709315931684455,0.03897018236644586,0.0616018041815046,0.26849366396660757,0.14655591222129635,0.06009683057692073,0.755310846064403,0.5597881852960327,28.70648709215149,20.635002841423937
73612,Papua Barat,IDN,2023,2023-06-02,0.07298984325538982,0.2873765268600684,0.07077626226852837,0.0871732889432014,0.261663112545795,0.13838937162557116,0.06011711098105278,0.6369187765004806,0.43804408638780756,25.81693539205696,19.563914730982322
73613,Jawa Barat,IDN,2023,2023-06-02,0.06446317869643713,0.2719537455148641,0.04990438341324008,0.07504138970648364,0.2534754366209161,0.16344141241104476,0.07936600492780871,0.641305192158065,0.5053317331518506,29.62524049276104,20.563247233921615
73617,Papua,IDN,2023,2023-06-02,0.14166618692952637,0.34521649375606767,0.13915776452443163,0.15741822327904134,0.32254180563677226,0.19560838035918965,0.0966613461040481,0.5110208548177806,0.3991887260883637,25.689028015069468,18.735649411904895
73621,Sulawesi Utara,IDN,2023,2023-06-02,0.045135363816720155,0.3499001199093105,0.03453661288975981,0.0644990602369744,0.3066232999032282,0.16012714969357725,0.06061653634665187,0.7765705593558105,0.6630439165394126,27.476462429683313,20.165673361480998
73622,Sumatera Selatan,IDN,2023,2023-06-02,0.10334321613568137,0.3322349890867373,0.10201024254967822,0.12066458949540042,0.30758475647231726,0.19096734511338265,0.09200353242437712,0.5730648505946713,0.485478173562783,28.86836684996891,20.13163329659127
73614,Kepulauan-riau,IDN,2023,2023-06-02,0.0844050172569128,0.26126376370360155,0.08026346189304,0.09862231838940128,0.2379123453278168,0.14509767894799008,0.07227936477166849,0.5371073106174001,0.38524825080426395,28.59327290076202,23.78279925208759
73618,Riau,IDN,2023,2023-06-02,0.055872023619588436,0.3253420286825276,0.04573166956925823,0.07162606423135283,0.3013530453306381,0.1699896690689919,0.06709280851963437,0.725015668834636,0.598077023354574,29.694087819292697,22.32829705039879
73619,Sulawesi Barat,IDN,2023,2023-06-02,0.03497264671142774,0.27942109491820566,0.02711919653799674,0.049565888886638376,0.2531790897218181,0.12797040885595773,0.04672477498812121,0.7943717748965896,0.5389150955829402,26.757532762842665,19.340733958930205
73620,Sulawesi Selatan,IDN,2023,2023-06-02,0.05517513422295352,0.2692185542726574,0.04219428292861429,0.0668277477780157,0.2516044488943564,0.14755894121249222,0.06503693399888844,0.6790230186373278,0.49826220826055845,27.79632234962698,19.454026635104753
1512,Nangroe Aceh Darussalam,IDN,2023,2023-06-02,0.04742324504013025,0.3013159857158965,0.03758152835015517,0.06213992418348387,0.2764883806035855,0.14676283724861816,0.055754639355801744,0.7501972358877024,0.5543444618575705,27.55895563310224,16.038097873408418
1513,Bali,IDN,2023,2023-06-02,0.06220013928958465,0.3065508139346182,0.047827539618518926,0.07562718507871166,0.28698367950883386,0.17414420912632458,0.08192809407676215,0.6864905707554324,0.5830192703084235,27.73882436947833,18.78754027923609
1514,Bengkulu,IDN,2023,2023-06-02,0.050610853007868196,0.32835983220925163,0.04139892354378851,0.0688480665348486,0.30588285708186286,0.16956426858705306,0.06664349035094674,0.745868527594394,0.6280745543512458,28.435504543297093,19.699824003687233
1515,Daerah Istimewa Yogyakarta,IDN,2023,2023-06-02,0.05483165523951223,0.28922187815684913,0.037921415674013435,0.06564468769426056,0.28770546679761155,0.1906051274500649,0.09069468366919901,0.6984838565001724,0.6358614817497404,30.676960961483378,20.153832919754603
1516,Dki Jakarta,IDN,2023,2023-06-02,0.08691631310174397,0.1684898704590298,0.05929607388666567,0.08054559489963471,0.18218164422363442,0.17304019893953076,0.13911942106158262,0.32263005485395324,0.32961900638193065,36.77198849152992,22.798535155123513
1518,Jambi,IDN,2023,2023-06-02,0.08820979153595326,0.314501729288013,0.08751235595638814,0.10218603715533983,0.2904087388386497,0.17427366433746336,0.08063540124473195,0.6326869796252892,0.48318493578927074,28.46966305643577,20.21935352974575
1520,Jawa Tengah,IDN,2023,2023-06-02,0.05670707572053273,0.28381216598805425,0.037839729273564666,0.06702586786156856,0.27288887873461953,0.18185990311839068,0.08638983747703087,0.6749736603796834,0.5951417554063597,31.929738676233026,20.860269035739844
1521,Jawa Timur,IDN,2023,2023-06-02,0.06448488744287433,0.29595328355488953,0.04440256745971739,0.07577056618602661,0.2889559048615671,0.19271720724419647,0.09363368183851138,0.6533356558882748,0.6070793522223894,31.05515943527301,20.952939654196385
1522,Kalimantan Barat,IDN,2023,2023-06-02,0.08860302462863805,0.32378362265490435,0.08725951417215781,0.10435790884612384,0.29704537317967156,0.16916897404572528,0.07660863257229493,0.6096239389123571,0.48301976010057723,28.46603519281407,21.459768539308754
1523,Kalimantan Selatan,IDN,2023,2023-06-02,0.07054509784081983,0.3165812503079771,0.05850136686433582,0.08647062526430557,0.3024931221904846,0.18085978586170018,0.07992548256765515,0.6703440350195864,0.5615613264933699,28.708178457040365,22.30015659304188
1524,Kalimantan Tengah,IDN,2023,2023-06-02,0.10520358194666302,0.33018511990914945,0.10035476931017805,0.1208523865962432,0.3093205232220096,0.18282760053110061,0.0879751706345885,0.5743510614155749,0.46093230603211305,28.162141632243543,21.824344693023917
1525,Kalimantan Timur,IDN,2023,2023-06-02,0.0981603623321832,0.324669117914938,0.09622624541997335,0.11339248116971813,0.29794533047379285,0.16915230805337453,0.07810804522628682,0.5865648681377384,0.4609709813543125,26.668155776791554,21.04167429735865
1526,Lampung,IDN,2023,2023-06-02,0.08015484704381788,0.30962459642964846,0.06806509454279933,0.09326300407275571,0.29301133345377467,0.18880258496705812,0.0892968946118305,0.6216596295634566,0.5436822149389413,29.979918177279902,20.78872568420462
1528,Nusatenggara Barat,IDN,2023,2023-06-02,0.04939908532856294,0.2843232890310185,0.030095782831178402,0.05911870985236194,0.2803938407330988,0.1735669888711432,0.0781186653590378,0.7074086833616281,0.5979920472080636,28.978661118667034,19.707425685592558
1529,Nusatenggara Timur,IDN,2023,2023-06-02,0.04494932726340807,0.2796962221316226,0.027181163225305154,0.05460064421058023,0.28517866298818745,0.17533880411057212,0.07487672914802769,0.7280426493644818,0.6001058775561723,28.030508402230442,19.514057550041926
1532,Sulawesi Tengah,IDN,2023,2023-06-02,0.052053172847026964,0.2990077697535571,0.0453951019727721,0.06718609752478055,0.27210512882298205,0.14462383195007728,0.05883474431781491,0.742912544752554,0.539229419021229,26.754050171310016,19.163739091480686
1533,Sulawesi Tenggara,IDN,2023,2023-06-02,0.061467771390680215,0.3271828427583419,0.04940600279436383,0.07843116730989866,0.3069686649067252,0.1721381303442423,0.07271990719483545,0.7160111533278398,0.5953294248396214,27.09329990088078,20.359996849346008
1535,Sumatera Barat,IDN,2023,2023-06-02,0.05887723544979452,0.31192574835074266,0.0520816411759705,0.07474084959405118,0.28682647200829053,0.1605590475915867,0.06714399747128076,0.7096643520094812,0.5597623537318387,28.636901552265964,17.041341542757277
1537,Sumatera Utara,IDN,2023,2023-06-02,0.04181125364281058,0.30758941907220955,0.030937393863696462,0.05646017341165069,0.28260400456032986,0.15599021291956128,0.05900563246984121,0.7666772730849206,0.6028801273597542,28.52276038030224,19.883577452788963
73615,Maluku,IDN,2023,2023-06-10,0.1681371498735402,0.3437741192546638,0.1754809031272881,0.18357131038442756,0.3072940770914235,0.18126195103974968,0.09075131180027048,0.4392800892180112,0.332939087906704,24.655727555392584,21.083705327614474
73616,Maluku Utara,IDN,2023,2023-06-10,0.09183204569797809,0.2849091659995969,0.09510160336802637,0.1055280117062674,0.2539963908208032,0.14335965887718471,0.06785196179970276,0.5817814683709697,0.39655168504492905,25.363450858431587,18.652462103802634
73609,Bangka Belitung,IDN,2023,2023-06-10,0.09362156633688183,0.35195900160447713,0.07861980617775959,0.10838488888430459,0.3340058299252248,0.20799009934215104,0.09729988304287938,0.6137330341188753,0.5838004510303079,29.802428441794138,23.34016118530752
73610,Banten,IDN,2023,2023-06-10,0.07276350064030523,0.3108818970030834,0.0647803611053007,0.0907504691793271,0.2878033980472489,0.18017812884608156,0.0836511825812274,0.6243368908139854,0.5498490320435884,30.209617305571935,22.529754599083308
73611,Gorontalo,IDN,2023,2023-06-10,0.06007083424141817,0.31869921552617747,0.04962430988033138,0.0757241123194421,0.2901831091500439,0.16248928349349104,0.06961272708912501,0.7055214410427999,0.5744170121594288,27.72006182732668,19.9383167223117
73612,Papua Barat,IDN,2023,2023-06-10,0.1516949312941249,0.34481558739030577,0.14925195337672084,0.16695545996290573,0.3157289810815898,0.18990062684375136,0.09729330795105562,0.46428930682852343,0.3630744314415927,25.56138245663326,16.584990997539304
73613,Jawa Barat,IDN,2023,2023-06-10,0.06509795015621221,0.29536064111895416,0.04709235685761049,0.07784980181230444,0.28123092233767655,0.1805280493541453,0.08719977568902286,0.6546682030902549,0.5776196623019064,30.13207076565772,20.442481819458646
73617,Papua,IDN,2023,2023-06-10,0.12976347570311392,0.3434244250994866,0.12402818130834439,0.14518762665028936,0.32188447952920113,0.19295216846695953,0.0944349355114551,0.5271385715172866,0.4206988971269181,25.72056593776481,16.671566398264652
73621,Sulawesi Utara,IDN,2023,2023-06-10,0.05974151856636454,0.32366186089457594,0.050302443228568174,0.07586600641994024,0.2845624621836235,0.15552855335429397,0.06726415797821939,0.7126773352230772,0.5783978693575054,27.343827241180765,20.538139043145005
73622,Sumatera Selatan,IDN,2023,2023-06-10,0.043940886009130986,0.300491863962644,0.03497505835700887,0.05631726803199854,0.2767433064339506,0.1568487144218373,0.06014170286835207,0.7753976471242551,0.5886044250441839,29.204683727924046,21.89899223103318
73614,Kepulauan-riau,IDN,2023,2023-06-10,0.07532666726880839,0.28398377751347453,0.06596990312710596,0.09088750438190879,0.2583482766180379,0.15331971713640732,0.07157150980465045,0.5887439320477916,0.4533552363651906,28.184661875875964,24.123009016412464
73618,Riau,IDN,2023,2023-06-10,0.051016653076532074,0.315459158900667,0.04128495660212601,0.06494158840452384,0.2925769264055388,0.1645053180527548,0.0648780695694925,0.735734904304594,0.6101342114207304,30.555992710071486,22.06398504538375
73619,Sulawesi Barat,IDN,2023,2023-06-10,0.04976218307107088,0.30595435171041035,0.039819693057971305,0.06659669686538723,0.27825607993296525,0.1480191685053972,0.059181070096677856,0.7375611176566365,0.5612110674476458,26.821736663712066,17.831693871289392
73620,Sulawesi Selatan,IDN,2023,2023-06-10,0.10236479074175334,0.3005896549498486,0.0935352877677814,0.11538790053624531,0.28036791441960507,0.17657966356146637,0.08951616043700301,0.5369068984079387,0.43879780160043313,28.486968572852167,18.636756606614565
1512,Nangroe Aceh Darussalam,IDN,2023,2023-06-10,0.04911924301325593,0.30151373055838676,0.03859352576515736,0.06365339900522674,0.27807568123181226,0.14925355105156066,0.059044974156774906,0.7299697043455922,0.5544133928227456,28.210953460501457,18.78028460319713
1513,Bali,IDN,2023,2023-06-10,0.05148725947950225,0.3107158180816451,0.035583406412561164,0.06533407425136045,0.29041015857527547,0.17168180942600852,0.07656819254682559,0.7196766608707301,0.6255381629131079,28.76213183985442,18.317932506287608
1514,Bengkulu,IDN,2023,2023-06-10,0.044679202932775684,0.2994665789229385,0.03900314641595836,0.05960257137943126,0.27426360565168095,0.14933355983845095,0.05720874894819069,0.7654232054437974,0.5712254776129331,27.19967412461387,19.502998055955874
1515,Daerah Istimewa Yogyakarta,IDN,2023,2023-06-10,0.06089854828042864,0.2717179503823728,0.04562873591588533,0.07012399638322554,0.27046884988705194,0.18140896737113246,0.08901339816442641,0.6560151955799595,0.5533143110236491,31.568197216462604,20.68192418393563
1516,Dki Jakarta,IDN,2023,2023-06-10,0.10581537604808992,0.20281667356488287,0.07292422492899847,0.10158519994039922,0.2192839746667405,0.201634541850598,0.15841249956729384,0.31618010047782386,0.4004928191930586,38.19588234867426,24.368610257672692
1518,Jambi,IDN,2023,2023-06-10,0.055897619618085446,0.32006685150423664,0.048082038918230895,0.07025287057468199,0.29986739834684706,0.17258990114995099,0.07053293297318348,0.7281100393206983,0.5971284353582719,29.015629134261204,20.407658080281976
1520,Jawa Tengah,IDN,2023,2023-06-10,0.06297192765603993,0.27716899417745755,0.044555503936224414,0.07337629910615785,0.27070830231731013,0.1836649730622803,0.0914676492746678,0.6437961434513214,0.5717347145368346,31.569038822112365,20.502606012042623
1521,Jawa Timur,IDN,2023,2023-06-10,0.06364272295336627,0.30081973747616414,0.04295549169020876,0.07476500289574713,0.29354449122521403,0.19627971019863213,0.09453929955806235,0.6588099455898396,0.6263134404156978,31.43387840323223,20.09430995175193
1522,Kalimantan Barat,IDN,2023,2023-06-10,0.05349374120921235,0.33849138452256017,0.04184227558287889,0.07147679006952647,0.3140273352425074,0.1694146683426957,0.06557929794552875,0.7450154877982851,0.6212708829959326,28.85431518285844,21.625131028481615
1523,Kalimantan Selatan,IDN,2023,2023-06-10,0.07602511222160958,0.321510971388234,0.06805503925981173,0.09127078430269721,0.3022701731699337,0.1819731486224794,0.07986697791323451,0.6521148808583096,0.547269103069739,28.623249503251028,21.406053545086458
1524,Kalimantan Tengah,IDN,2023,2023-06-10,0.09186496819000241,0.32130192098647103,0.08692427033249028,0.1068513502669894,0.29931931300673825,0.17405695032168028,0.081480810085954,0.6090453215786741,0.4779091425743899,27.86929741810981,21.342888317864897
1525,Kalimantan Timur,IDN,2023,2023-06-10,0.09637598780590323,0.3175122246504724,0.09699258319480321,0.11083329026684938,0.2892986022914363,0.1637348305945499,0.07535527650394723,0.5911859071529895,0.44456747285599657,27.028315091912443,19.83326791961743
1526,Lampung,IDN,2023,2023-06-10,0.1002719713754776,0.3232617475575234,0.09277739591806818,0.11386847670373433,0.3048301624732694,0.20295749878237182,0.09922106537255009,0.583646875435786,0.5101281850095885,29.92700107986246,21.998166344049263
1528,Nusatenggara Barat,IDN,2023,2023-06-10,0.06051134674287837,0.2980745985714418,0.03996745638829691,0.06991931922789132,0.2954990807528024,0.18814100254957555,0.08830991696720851,0.6747099222233203,0.6118654981921108,29.63169358623282,18.53619194675698
1529,Nusatenggara Timur,IDN,2023,2023-06-10,0.04532243483631341,0.2789878551836503,0.026275967062825475,0.05479001057327276,0.28870566609154386,0.1804036613769991,0.07787525855876995,0.7163014258518486,0.6109655362968845,28.198157986454444,18.227070901730325
1532,Sulawesi Tengah,IDN,2023,2023-06-10,0.09763479467816379,0.3309842611624024,0.09379222784588376,0.11476714384239649,0.30142870676998323,0.17134593430847686,0.0803664361045071,0.6104563146943166,0.48679738066865064,26.058293152875944,17.625208042696514
1533,Sulawesi Tenggara,IDN,2023,2023-06-10,0.12458427763844462,0.3236573102282932,0.12452712787444202,0.13974830603540883,0.2987576385919184,0.17944101979369761,0.08814487026157762,0.5112254633531568,0.4023868634424872,27.403030244862517,20.089873772420095
1535,Sumatera Barat,IDN,2023,2023-06-10,0.04206353930787375,0.2912684974790257,0.03440333192362173,0.05631378471369539,0.26670905270352124,0.1422286671206594,0.05410514627045192,0.763562457357852,0.5552754996819107,28.31795841693354,18.747514426287303
1537,Sumatera Utara,IDN,2023,2023-06-10,0.03681391864340397,0.3082577215691358,0.024721034513699995,0.05179452044299256,0.28671659898029783,0.15664563578010435,0.057748360881878104,0.7815009855864512,0.6225705923213571,29.840253391390384,19.74457974425556
73615,Maluku,IDN,2023,2023-06-18,0.11527161194366985,0.32211415528932286,0.1153147574504612,0.12940197130542005,0.2904873998709318,0.17120738831686538,0.0842511268172283,0.5612261214621944,0.41789069216722874,25.325217513851143,20.552018642072724
73616,Maluku Utara,IDN,2023,2023-06-18,0.09959037497315976,0.3037823956225593,0.10033537755646589,0.11408789214846328,0.2758064725301148,0.15504826500428534,0.07262696943544175,0.5862545833702997,0.4191350321276961,24.875227557554556,20.324880549617458
73609,Bangka Belitung,IDN,2023,2023-06-18,0.052176210064459244,0.3276516758981894,0.0334820808899037,0.06551053445799071,0.31248097716158885,0.1844710577096783,0.0762237171341061,0.7269335697937644,0.6578845258495314,29.88397919643602,22.5776770227493
73610,Banten,IDN,2023,2023-06-18,0.06046512753044156,0.2905684390566547,0.04743176161692755,0.07563149822126086,0.2649723235091406,0.16324906634962355,0.07240002241840549,0.6649548747641482,0.5311579057314403,29.476875868741917,22.129051786968112
73611,Gorontalo,IDN,2023,2023-06-18,0.10684813728477562,0.34752313624841036,0.10223513524411763,0.12380737651696941,0.31979569265059427,0.1937739221080948,0.09593330752769579,0.5758425737084341,0.5094233018701833,28.111311127049042,19.981756420297863
73612,Papua Barat,IDN,2023,2023-06-18,0.12005443544257373,0.3550407127071469,0.11663148503705997,0.1362078082747801,0.32872733776965923,0.19153836956016643,0.09233533343775087,0.5586305903405453,0.4714311298847551,26.347450198806257,19.361941229901575
73613,Jawa Barat,IDN,2023,2023-06-18,0.058221648738194846,0.30137356918961045,0.03996198464658023,0.0722919366057387,0.28160980507484207,0.17770075644183822,0.07995120990690364,0.6762199377088667,0.5930090492266503,30.15145252961136,20.274593211240028
73617,Papua,IDN,2023,2023-06-18,0.11236747704087763,0.3129725422740213,0.10728393624446915,0.125394160117636,0.2953066947448644,0.1729896145299874,0.08320483545469441,0.5747642578366083,0.4109541700770162,25.525971274050747,16.631938837043407
73621,Sulawesi Utara,IDN,2023,2023-06-18,0.055084492589420435,0.3183822175843031,0.04754049399477832,0.07152765078357284,0.28206994337158614,0.1505563548750226,0.06229949080079276,0.7271576217496897,0.5765787662811509,25.405628043673296,20.928870349757624
73622,Sumatera Selatan,IDN,2023,2023-06-18,0.09543921471751432,0.3395488408977775,0.08964828491879212,0.11207781022932731,0.3174363901653073,0.1958340484276311,0.09203539858413694,0.607409244929356,0.5282442787466635,29.055800501792,21.665040699752613
73614,Kepulauan-riau,IDN,2023,2023-06-18,0.08293101642557173,0.27935927140750116,0.07506708653804087,0.09695456141178037,0.2543922478290647,0.15346645545876517,0.07401761582447845,0.5530787629848554,0.42683607413710684,29.74398610456627,23.537789755737776
73618,Riau,IDN,2023,2023-06-18,0.05988948430469695,0.31930453486135474,0.0509035584350155,0.07463786375158431,0.29721130867247963,0.17038864318169006,0.06991749897142137,0.7075541144703023,0.5809113680248448,30.71069669147028,22.95469665850973
73619,Sulawesi Barat,IDN,2023,2023-06-18,0.03731724824916956,0.31000055412720184,0.027098966320831527,0.055024841050774924,0.28460936631245437,0.14739311897445834,0.05321790778604158,0.7954120923757989,0.6045928295098859,27.185965285673497,16.341078081357495
73620,Sulawesi Selatan,IDN,2023,2023-06-18,0.1019853466323932,0.299195067069437,0.09429001426454235,0.1145882633502765,0.2822728933155288,0.18037709916492872,0.09069799724336694,0.5717574334574733,0.4398982016243231,28.819021008280707,17.2750191917511
1512,Nangroe Aceh Darussalam,IDN,2023,2023-06-18,0.02863906434839885,0.267733380529724,0.019257820464310973,0.040615848442453355,0.24411118877779633,0.12480845518533257,0.04454701776535449,0.8181915403196518,0.5436144716418061,28.650690231430758,19.4022378228444
1513,Bali,IDN,2023,2023-06-18,0.03562071503771811,0.26985519544389286,0.02097124851437954,0.04700339953932978,0.2543836439584099,0.14748836301505716,0.06264768408997709,0.7635658533827623,0.5768756160340109,28.26224588544518,18.733489404078387
1514,Bengkulu,IDN,2023,2023-06-18,0.058412418290462974,0.3202762026710772,0.0513155460587401,0.074666385955183,0.2961406274678353,0.1665805794453836,0.0678047816416604,0.724719650749451,0.5860015096490921,28.083381139494275,19.859223072240166
1515,Daerah Istimewa Yogyakarta,IDN,2023,2023-06-18,0.05675367000291741,0.31474503418982164,0.03478500532282901,0.06891604427494226,0.3158032832921207,0.21033170371773327,0.09879242979134849,0.6896381740091884,0.7063283408725449,31.662460590764432,20.703713111237498
1516,Dki Jakarta,IDN,2023,2023-06-18,0.11858772122578551,0.21660928926301418,0.08982245572474146,0.11603896794662451,0.22400099454714806,0.2043492183443379,0.14895772768251528,0.31243050000936695,0.33123514246893176,34.90029559065442,23.745487488658053
1518,Jambi,IDN,2023,2023-06-18,0.11955049292754745,0.3531829279339446,0.11953419326280781,0.13671878753519429,0.33316046088753243,0.21146574799405307,0.1047952612019644,0.5515294235854395,0.49066289982697636,28.311915970983488,19.392083798415616
1520,Jawa Tengah,IDN,2023,2023-06-18,0.06004685315447096,0.2887537148373955,0.03912472323279029,0.07128828259756043,0.28261597579637643,0.19210557555564006,0.09349412901715051,0.6577229882689565,0.6190797885475815,31.79012613506308,20.45279848782558
1521,Jawa Timur,IDN,2023,2023-06-18,0.05392192650419547,0.2762910019500017,0.032979984265056585,0.06361408048116621,0.2744076011393925,0.18422017857180606,0.08894695678008303,0.6737572582412158,0.6072897344317915,31.8622057500242,20.725647644788634
1522,Kalimantan Barat,IDN,2023,2023-06-18,0.0411518310442537,0.3011484269663557,0.03285829188023085,0.05560117509990392,0.27770667397482773,0.1446109553299071,0.05391876872165748,0.7807870694827351,0.574696608334256,29.387487838222324,20.404645082273007
1523,Kalimantan Selatan,IDN,2023,2023-06-18,0.05852446718053726,0.319683273606342,0.046099374565550084,0.07433396571526737,0.30569901442923586,0.1800517043870171,0.07524032647621565,0.707462696842632,0.6074004538486671,29.425580704641412,21.493233131631506
1524,Kalimantan Tengah,IDN,2023,2023-06-18,0.05289794951052191,0.29676274163396227,0.04491765366532776,0.0660224011807792,0.27574373374395966,0.14807797210869653,0.06014884178621702,0.7382584592123683,0.5340926827169966,28.797730811677418,21.32374855603786
1525,Kalimantan Timur,IDN,2023,2023-06-18,0.0737889733681506,0.3134393233707266,0.06840231091257747,0.08812606514335376,0.2901321609455414,0.16191644122259524,0.07264807018354814,0.6715333526068354,0.5154820287986246,27.011675476696052,20.399072550886743
1526,Lampung,IDN,2023,2023-06-18,0.09035798656649473,0.3525663479999063,0.07593352334837779,0.10753123497922439,0.3294090335265696,0.2174530238759241,0.0998975704948748,0.6251513898792537,0.6305491451540555,28.989284356074688,21.349463639854708
1528,Nusatenggara Barat,IDN,2023,2023-06-18,0.04857577043690098,0.2802038520986769,0.02793790298936923,0.0565427833933152,0.28250003347869396,0.17830873027939736,0.08169162464123146,0.7044960502195472,0.6129324015173107,29.479772118058943,19.532276628425137
1529,Nusatenggara Timur,IDN,2023,2023-06-18,0.04851734013255623,0.27920206760596517,0.02729076334971311,0.05651281633139733,0.29355149908887324,0.18693214000481054,0.08190080249278016,0.7011843483760775,0.6168230067669356,27.967921411023088,18.554968861031163
1532,Sulawesi Tengah,IDN,2023,2023-06-18,0.09487673237390581,0.32279024636224657,0.09271067121044174,0.11150301771096527,0.29511937262939186,0.16953831483785423,0.08044321077556334,0.5941195187009826,0.4718804756657264,25.835240580815924,17.833208626731327
1533,Sulawesi Tenggara,IDN,2023,2023-06-18,0.11356021331540994,0.3464460640524511,0.10800509961571514,0.12916388887862532,0.3234790396181646,0.2006867399544017,0.10084950371654922,0.5642746163805081,0.4893854588086139,26.213734609510496,20.170030779195134
1535,Sumatera Barat,IDN,2023,2023-06-18,0.06262389009319783,0.31653012547776915,0.05471061447898808,0.07885256008578911,0.2923774926589576,0.16196619208380436,0.06635931275691714,0.7058153865460148,0.5575968857478899,28.331125170385317,18.858845510047722
1537,Sumatera Utara,IDN,2023,2023-06-18,0.0427074787848588,0.3362530123566504,0.028725351033245368,0.05945749092811208,0.31352382123265277,0.17614607457783352,0.06678226320254273,0.7709448205762705,0.6820183536221793,29.567273610446158,19.820965399268612
73615,Maluku,IDN,2023,2023-06-26,0.07206950536168977,0.32123808729046915,0.0658310780079356,0.08982961649130289,0.2901608525912787,0.15987107434251352,0.06987595094329359,0.6706364179863784,0.5278903269708799,25.728347573163862,19.541805806581976
73616,Maluku Utara,IDN,2023,2023-06-26,0.0726828168253908,0.3176793886578894,0.06648515451316203,0.09012591060717709,0.2882462235767976,0.15843513526934394,0.06776288986169253,0.6617563352849797,0.5148105578993619,25.837306431881668,20.327300401994826
73609,Bangka Belitung,IDN,2023,2023-06-26,0.07532473298022083,0.3073176570363548,0.06520103114516164,0.08892982588235283,0.2924248262845809,0.17727796021658312,0.07899842316433986,0.6336249734612067,0.5220423982782222,28.71451578408801,22.358851953924535
73610,Banten,IDN,2023,2023-06-26,0.05333895598842417,0.28066493304870826,0.0385478691284327,0.06685099762937724,0.26066005637569545,0.16054834409780874,0.07187002458323911,0.6822464810483682,0.5409827663870054,29.36120498661045,21.397951654460673
73611,Gorontalo,IDN,2023,2023-06-26,0.060887010428108075,0.33491170303418094,0.05133123891962465,0.07785077123332826,0.30456845587433834,0.1702965616179004,0.07003336659201333,0.7172186219408867,0.6042492665221422,27.620172496418903,20.22496168954361
73612,Papua Barat,IDN,2023,2023-06-26,0.06438006548280589,0.2947523093643384,0.05954048325915327,0.0787588227114625,0.2722773601287699,0.1442050452952297,0.061699125513748225,0.6888237077406135,0.4886953723126342,25.48403118492065,19.055897439140733
73613,Jawa Barat,IDN,2023,2023-06-26,0.05941035300706499,0.26484361795407024,0.04404649597141007,0.06955647476755485,0.24781048512345508,0.1585594276653602,0.07504202578541296,0.6517205694685491,0.5040661458054682,29.31203927109061,19.752043079288008
73617,Papua,IDN,2023,2023-06-26,0.08324657840802666,0.30953201023764937,0.07485914507327854,0.09734966814670855,0.2941523132725608,0.16628378625627743,0.07610541338907008,0.6506666579864443,0.48145855280673444,26.190569082055315,18.117106413261904
73621,Sulawesi Utara,IDN,2023,2023-06-26,0.06557634943437232,0.33319997076596347,0.05931541566681549,0.08234962447705474,0.29306621269077016,0.16134101209625118,0.06870820406986612,0.7017689973288904,0.5745766271461858,26.97566740718717,19.293913254184442
73622,Sumatera Selatan,IDN,2023,2023-06-26,0.09987926089174799,0.34850133205417927,0.09548226860410029,0.1179749572905063,0.32662895088942756,0.2038915399568943,0.0958640787138993,0.5937033908331091,0.5379026700147312,28.96123480549098,19.95665520130548
73614,Kepulauan-riau,IDN,2023,2023-06-26,0.14399729337619405,0.2969302664574371,0.14711508066390191,0.1599455135585031,0.26732974369134566,0.16576347728021737,0.08622289111483038,0.39042544050120437,0.28803056320493864,27.3407386560937,24.185380376467357
73618,Riau,IDN,2023,2023-06-26,0.09653308045275534,0.32441667855144385,0.09371638365792372,0.11073292490892474,0.2989472257125953,0.1787628377274273,0.08401118046591347,0.5825585397314819,0.47325277456380327,29.11949252960652,17.899092955642082
73619,Sulawesi Barat,IDN,2023,2023-06-26,0.06833703911054265,0.33945876822032384,0.0587228281523256,0.08674048362796964,0.3125287336410333,0.17479235141512994,0.0732064648055828,0.7012287548653853,0.5895202981030311,27.088620852928603,16.30921166854167
73620,Sulawesi Selatan,IDN,2023,2023-06-26,0.11480228396233733,0.3138232105224339,0.10945200943619494,0.12931988666428004,0.2925070712392022,0.1869935548514485,0.0937671524198988,0.5081122732831445,0.42244272465007476,26.905361223420055,17.34116195063206
1512,Nangroe Aceh Darussalam,IDN,2023,2023-06-26,0.12770119425913706,0.3496060968874317,0.12242931970675378,0.14281922679552625,0.32127276272580485,0.1934284953078154,0.0953068714268565,0.5246103846354666,0.44425820304492825,24.7997260150764,18.52208680803078
1513,Bali,IDN,2023,2023-06-26,0.0854900400870332,0.30746618320503805,0.07547933357948786,0.09731116448434811,0.29056282253219795,0.18561102192274406,0.09312182676780749,0.6043714054169672,0.5171673419496554,28.8827035713593,18.839505717355678
1514,Bengkulu,IDN,2023,2023-06-26,0.0747950884829332,0.33900905041950286,0.06813645770821575,0.09227060073885474,0.31564035767854165,0.18533087520566116,0.08107801545671747,0.6661749893024506,0.5867151977952618,26.705483512811945,17.52573946215123
1515,Daerah Istimewa Yogyakarta,IDN,2023,2023-06-26,0.13075387182749482,0.29604876224747106,0.12058625851690861,0.13876657568727052,0.2974508791908688,0.2189655874585889,0.12448200642405141,0.46851122963016867,0.40706488981927846,29.937633654289513,19.881418708846866
1516,Dki Jakarta,IDN,2023,2023-06-26,0.1010871062561052,0.18700592800068613,0.07450583844930118,0.09761731562573847,0.19989957873222303,0.18434933182626176,0.14313804970628688,0.303988615990925,0.32032414203142023,36.66317922634987,23.451376612170964
1518,Jambi,IDN,2023,2023-06-26,0.1211759445911103,0.35712861097292614,0.12068274153600693,0.13870800897039337,0.33830842595171773,0.21429695663176299,0.10418534275828277,0.5386594262650843,0.4874420406645783,27.702187603835817,13.605793076477337
1520,Jawa Tengah,IDN,2023,2023-06-26,0.06656331816390544,0.27271718863749317,0.047090324414536415,0.07434431927482889,0.2701746919267188,0.18831075021063987,0.09556479373983302,0.6287867824468696,0.561836267496111,30.964825045328823,20.221824247573615
1521,Jawa Timur,IDN,2023,2023-06-26,0.09469859315503655,0.2887258882227006,0.07797213177065697,0.10291784789291693,0.2869094881789387,0.20582224355280504,0.10988743392917966,0.5535649630080305,0.5155299993137133,30.711666155384155,19.070315579476727
1522,Kalimantan Barat,IDN,2023,2023-06-26,0.08026584460637486,0.3164393057489445,0.07915474149978635,0.09518496010621612,0.29112115272643546,0.16651311785698086,0.07554575513348255,0.6493947965616296,0.5019285528388121,28.88979650798394,21.971128274494
1523,Kalimantan Selatan,IDN,2023,2023-06-26,0.08266203658486639,0.3505652241380263,0.07004277985260128,0.10034695023691516,0.33413596663357825,0.2024298047101763,0.0879531150376569,0.6430492496453684,0.5882709124629278,29.012806709711846,20.83924318279472
1524,Kalimantan Tengah,IDN,2023,2023-06-26,0.11842611433599864,0.33742761595390586,0.11888992552424651,0.1333898374561344,0.3139234713880364,0.18978530176054711,0.09312419665333121,0.5424439494578648,0.4411793786263877,28.373684480065176,21.434833566375335
1525,Kalimantan Timur,IDN,2023,2023-06-26,0.09757345074580032,0.3298429692195485,0.09410585767736328,0.1119517010445274,0.30505585023545867,0.17807527917592705,0.08394037782942282,0.6054819629205234,0.4843074617036106,26.98287653501186,19.669959675190157
1526,Lampung,IDN,2023,2023-06-26,0.0796148405251938,0.3237019671765299,0.06462634581627423,0.093712965911028,0.30749063091826695,0.20134371335400553,0.09459502440715166,0.6320995267360593,0.6019571041583114,29.52179484029457,20.196740305657396
1528,Nusatenggara Barat,IDN,2023,2023-06-26,0.08715038062184649,0.2954577579049107,0.07037577384542706,0.09555612598181475,0.29615337484147963,0.20017623053377104,0.10027813352439,0.5873919165472972,0.5288214803549915,28.116176288194715,18.457836872845377
1529,Nusatenggara Timur,IDN,2023,2023-06-26,0.0704992420294018,0.2892292368704685,0.0508479571934092,0.07874543539732418,0.30174976003352305,0.20094064961408256,0.0940979496140547,0.6372702050690233,0.566156634983947,27.790567818935852,18.811067647147176
1532,Sulawesi Tengah,IDN,2023,2023-06-26,0.09315752866106403,0.3299149023628833,0.08815539908532383,0.10918404694911932,0.3028056602782922,0.17557177476767388,0.08083626657246808,0.6202533077098132,0.5002317136386293,26.288544138163513,18.250586826821582
1533,Sulawesi Tenggara,IDN,2023,2023-06-26,0.10957042429404859,0.3316420199811984,0.10486516316498966,0.12494987904770001,0.3089087041266587,0.18780854823072554,0.08990293125292606,0.5658306781766723,0.4630005229633049,26.20432447417251,20.451801292644017
1535,Sumatera Barat,IDN,2023,2023-06-26,0.07256032325317058,0.3025792116984027,0.068222705347764,0.08638968542283564,0.27678650315143033,0.15920039470734276,0.07073227531651771,0.6508364925647964,0.4939457811564013,27.450825001851946,14.600700684159849
1537,Sumatera Utara,IDN,2023,2023-06-26,0.07716825334483594,0.31002433967267007,0.07140822933009396,0.09108978708943868,0.28679621777017433,0.16912673678256068,0.07614167315601834,0.636487146717206,0.5067799954424245,27.447624268855055,16.7656619408706
73615,Maluku,IDN,2023,2023-07-04,0.21122946707765228,0.37159784555324554,0.21447770175499725,0.22619636512316388,0.3359425909950915,0.2188814862478462,0.11967434904672113,0.3590075409432031,0.2917326834744373,24.346196850247203,19.949217776578827
73616,Maluku Utara,IDN,2023,2023-07-04,0.20362177289047523,0.35977027441597687,0.21423534044522727,0.21858246642616946,0.3249868871404802,0.2067615769123805,0.11305329518241773,0.33882607316888796,0.273948209561722,24.333158629434198,20.517953963315257
73609,Bangka Belitung,IDN,2023,2023-07-04,0.12250721930678739,0.35982946962614104,0.11083794261888125,0.1371208587277627,0.3407171650432813,0.21808470126781693,0.10754899714271196,0.534734844263736,0.501839592004525,29.704447183472656,22.136701394554887
73610,Banten,IDN,2023,2023-07-04,0.08049999016104067,0.31986430185106357,0.06765783793223105,0.0969832608684466,0.2974310067574631,0.19111818620052487,0.09156612591570763,0.6137562757903969,0.556565166667822,29.0806413320293,20.694599882023503
73611,Gorontalo,IDN,2023,2023-07-04,0.1090819293928329,0.318310454912876,0.1093465911574859,0.12168307735994113,0.2875632874177314,0.17164646563747424,0.08445672334831897,0.5903176543530021,0.44088382889388406,27.74179173858979,19.868487682234083
73612,Papua Barat,IDN,2023,2023-07-04,0.13284577788582025,0.32754902975701106,0.12732576126539297,0.14663959817072267,0.30265943542101764,0.17688604198330063,0.08785402665363572,0.5278110714045419,0.3850928118936615,25.492269498045317,18.049979726796796
73613,Jawa Barat,IDN,2023,2023-07-04,0.076805961615772,0.2855842871606073,0.05934861733978892,0.08803123271103923,0.2709546476722336,0.18054518103946515,0.09123120879967361,0.6102575497614828,0.517674444962188,29.440277058999197,19.705696508515963
73617,Papua,IDN,2023,2023-07-04,0.1997818061658155,0.3725868211381351,0.19973714830217257,0.21438771280353747,0.3483408348913596,0.22381989216248588,0.12006222100701065,0.38518943031970776,0.31057690092721013,26.691669636051447,12.469122508810049
73621,Sulawesi Utara,IDN,2023,2023-07-04,0.12822202671957514,0.34795532733025836,0.12736154445690331,0.1440379397697923,0.3098221854394726,0.19081049239006018,0.09934853047670134,0.5321135475029645,0.4454519815009552,24.839308859823895,20.60140816334884
73622,Sumatera Selatan,IDN,2023,2023-07-04,0.09566097172178031,0.33667284304570344,0.0885811999083325,0.1114946921196685,0.31534343472977217,0.1945780601409718,0.09157106554951279,0.5997367914265548,0.5194354180363734,29.152550791962923,21.209316039827904
73614,Kepulauan-riau,IDN,2023,2023-07-04,0.12023397932546992,0.3106628417391406,0.1125082769749819,0.13552305205388107,0.2840163000494759,0.17796093774382055,0.0896768128584229,0.4831291643921741,0.3895033074160898,28.206648755834845,23.79015873530716
73618,Riau,IDN,2023,2023-07-04,0.06052804848405604,0.3392697287972434,0.048803962502113295,0.07659069904174316,0.3171278077049082,0.18109259855651352,0.07236365234052033,0.7143182527380587,0.6313088733383708,28.953989334293073,22.91752044717696
73619,Sulawesi Barat,IDN,2023,2023-07-04,0.06947102716699792,0.2916613593832516,0.06426842080824648,0.08445172954017023,0.2660825963344465,0.1429099128273545,0.06229771279226781,0.6478744420601732,0.46411658853935706,26.836273028773594,17.48298055984473
73620,Sulawesi Selatan,IDN,2023,2023-07-04,0.11922105626484288,0.3002685800807364,0.11148179429106685,0.13169170121296533,0.28078433912131967,0.17943258072473459,0.09419053766008786,0.5055828662941424,0.3903264284734592,27.320038265181527,17.309554184186844
1512,Nangroe Aceh Darussalam,IDN,2023,2023-07-04,0.03827323090170664,0.3117772359190245,0.026103784370130004,0.054329490177351364,0.2887003062582152,0.15237211820428548,0.05591677405159312,0.788872388421921,0.6159665508606069,27.654869592438796,15.231278326926995
1513,Bali,IDN,2023,2023-07-04,0.07265313730985234,0.3263970988211168,0.057639010483042936,0.08694101918163602,0.3065983658516314,0.19023298055175375,0.08932202273290345,0.6624040202135518,0.5982338406925988,27.117658933181346,18.788782485623024
1514,Bengkulu,IDN,2023,2023-07-04,0.05699626887106198,0.3040372402391716,0.0490655393159276,0.07182339746641965,0.2828920322398132,0.15983889677882643,0.06638531011692327,0.7215601408320304,0.5539875506616969,28.516817948225736,16.575030836440174
1515,Daerah Istimewa Yogyakarta,IDN,2023,2023-07-04,0.10066253519405778,0.2955939429411038,0.08708772780105255,0.11069423991984355,0.29709452318294444,0.21650492000482774,0.11919862874144573,0.5451406474080315,0.5149031670339367,31.39390756730897,20.15395346594986
1516,Dki Jakarta,IDN,2023,2023-07-04,0.11669698866535312,0.20242134844820242,0.09337199780862498,0.1160666674693682,0.21408941848792118,0.1942266109090145,0.1447001959595017,0.2777184222487033,0.28898825313289567,38.35172927795645,23.71047999516348
1518,Jambi,IDN,2023,2023-07-04,0.0742921155246168,0.3358781207046912,0.0655747229015368,0.09030268803562325,0.32045947670865704,0.1910372314435003,0.0821942087402233,0.6781479046233924,0.5889407673000473,28.288196574755936,19.632882374915408
1520,Jawa Tengah,IDN,2023,2023-07-04,0.08096532249168972,0.2763211532500444,0.06324526344337755,0.08952110231363798,0.2722297139875505,0.1936351806270046,0.10220493486144258,0.5922390844874174,0.5169953593066878,31.342977968574548,19.84324201265496
1521,Jawa Timur,IDN,2023,2023-07-04,0.0867891435780216,0.3082069562895655,0.06785513990876109,0.09668040878324183,0.30266945112060156,0.2122544168165832,0.10735479805416456,0.5992568472438672,0.5868292049737756,30.43036969503618,19.826425363706313
1522,Kalimantan Barat,IDN,2023,2023-07-04,0.08369717672840483,0.33749453058125156,0.07566816309319971,0.09955008621253927,0.3141327363171011,0.18137464559163632,0.08234899505939615,0.6504923334468601,0.5431358371930894,27.63965158974242,20.181887961633354
1523,Kalimantan Selatan,IDN,2023,2023-07-04,0.08710044230666494,0.3434287622708485,0.07769250782118314,0.10425476522246256,0.3241752512319031,0.19521364158529916,0.086156118831233,0.6340253217662475,0.5622223984937973,28.957984971522873,21.64428456976191
1524,Kalimantan Tengah,IDN,2023,2023-07-04,0.10692670384633542,0.32811891748489525,0.10478833118134766,0.12136692987859889,0.3060487797527971,0.18311910610719304,0.08918365658443213,0.5768370598229572,0.4562808353072943,27.452881865924557,20.556763857607788
1525,Kalimantan Timur,IDN,2023,2023-07-04,0.08945292854615686,0.3289204987289677,0.08525844530751951,0.10484953784540693,0.30586671182632386,0.17377867390020366,0.07930894018222602,0.6184148336622627,0.500830115971619,26.841454576102084,20.055409494420257
1526,Lampung,IDN,2023,2023-07-04,0.14544372600732794,0.34251111856635374,0.1439912086188125,0.16074855067292237,0.3203156603134692,0.2154237334010173,0.11213962278927717,0.45527604509217706,0.4159072802459239,29.403028280631816,20.650909626634665
1528,Nusatenggara Barat,IDN,2023,2023-07-04,0.06896914416214926,0.2892545166677856,0.049191880502131385,0.0788732125721664,0.2910087725535417,0.19191210520812818,0.09323790266073659,0.631762181879581,0.5712315558531225,28.388766491218316,19.135231568129054
1529,Nusatenggara Timur,IDN,2023,2023-07-04,0.0786550273655996,0.2697238306561398,0.06533736972230678,0.08626897534732386,0.28144154878754346,0.19151801672929558,0.0943954564571207,0.594061199789385,0.4923563926885391,27.484599794399355,18.793882585462093
1532,Sulawesi Tengah,IDN,2023,2023-07-04,0.1490233152437364,0.3393774347154185,0.15047696985202355,0.16402381562005122,0.3114039843897228,0.18479985236037585,0.09438958079161977,0.47436227580461476,0.37010905859068444,26.40619018914897,18.102069821449902
1533,Sulawesi Tenggara,IDN,2023,2023-07-04,0.0816443241790778,0.2830135290583109,0.07833575149657618,0.09495206911749293,0.26494129183221393,0.1527312198163668,0.0705702537871905,0.6053584166264174,0.43310685479514277,26.544583918599685,19.439223258712214
1535,Sumatera Barat,IDN,2023,2023-07-04,0.04444247723065877,0.3047232211604648,0.03444950421578484,0.06050935878196937,0.28235078269892483,0.15346240246920773,0.059099489562474065,0.7504751858591537,0.5853476626135804,28.078686016538956,17.99439443190416
1537,Sumatera Utara,IDN,2023,2023-07-04,0.05692802976485725,0.31563166399430886,0.04725567297102625,0.07220263039157655,0.2923323896402769,0.16561542964967157,0.067691708372698,0.7029867264862661,0.5788214444582624,28.05939811347616,16.942491610605003
73615,Maluku,IDN,2023,2023-07-12,0.1293444277789308,0.3356326276031246,0.128084110957134,0.14511977198942583,0.3059419285366371,0.18621223358176536,0.09463575406337732,0.5137454529592711,0.41288494534174985,24.690881335724434,19.022905717538883
73616,Maluku Utara,IDN,2023,2023-07-12,0.1592947857922659,0.3243017186795904,0.16263650048051972,0.1722343435977166,0.2960233644093129,0.185183598298555,0.09928917879007523,0.42230148960866204,0.3167963310268513,25.545289541125797,17.537835496640316
73609,Bangka Belitung,IDN,2023,2023-07-12,0.10838751962871605,0.33157362499392007,0.10423889127997422,0.12134754111016965,0.3123200918958349,0.1996269580699103,0.09826351730973618,0.5504237282988226,0.47467780210200805,29.454256103277505,21.79959490429506
73610,Banten,IDN,2023,2023-07-12,0.052962672096811964,0.32641231496830286,0.03667169927603756,0.07010514007897936,0.30415105251120184,0.1866660940151302,0.0800067878833457,0.7137048114013382,0.6607627367889198,30.531688273463082,20.998281857102658
73611,Gorontalo,IDN,2023,2023-07-12,0.0921583613921028,0.2942075248896605,0.09398360086235805,0.10378129624121259,0.26692109890981647,0.16169649386795895,0.08261187986297285,0.5713695536908046,0.43704920926764973,27.84307358600178,18.93633047969109
73612,Papua Barat,IDN,2023,2023-07-12,0.1467278843750652,0.3640700816839238,0.14285365239197506,0.16186286152850363,0.3391708029489664,0.20994531536539232,0.11017700498835649,0.49453353781816894,0.43569047193417404,25.299305921330834,17.751066284216463
73613,Jawa Barat,IDN,2023,2023-07-12,0.06432050654701227,0.2992258152180617,0.04375601930788828,0.0758144393026202,0.28777296337650543,0.1861485267024714,0.08916820390172404,0.6572882804725159,0.5961839364943889,30.10276618627716,19.452647568722057
73617,Papua,IDN,2023,2023-07-12,0.11080915609144303,0.31607673193251973,0.10464418111920762,0.12364858894709013,0.30062798841488375,0.17727193400466912,0.08593620019382701,0.5643749097236718,0.422048751967904,25.347759126576893,18.24907976204693
73621,Sulawesi Utara,IDN,2023,2023-07-12,0.12583292265212245,0.3269082278706978,0.1327988560832091,0.1386183173155616,0.2867802563356869,0.1757857780175213,0.08905254917747202,0.518615864067567,0.40687661087982646,27.282865128057914,18.043546623178024
73622,Sumatera Selatan,IDN,2023,2023-07-12,0.08631206859116683,0.33909452438053056,0.08199846885308498,0.10257129221827153,0.31525672826979984,0.1926387111699557,0.08674471740492663,0.6327076315948795,0.5569115740522435,29.48002222412216,19.772235152198267
73614,Kepulauan-riau,IDN,2023,2023-07-12,0.08657262612692065,0.2865405814978357,0.07720639339634434,0.10127793662050569,0.2623748986412002,0.15966260622850284,0.07764811590816834,0.5429780419760268,0.43047560357847553,27.246728102306996,22.994533491680137
73618,Riau,IDN,2023,2023-07-12,0.06855311009305794,0.2971193631971832,0.06303774118027484,0.08041728237153763,0.27525104032703024,0.1583603545755096,0.06751727258580538,0.6675430949492608,0.49091044516080157,29.744827282208195,21.590325170720245
73619,Sulawesi Barat,IDN,2023,2023-07-12,0.04593568425324997,0.28555701398476874,0.03955340523035909,0.06014616619650345,0.2620961512883591,0.1380453497067081,0.054196370829189024,0.7443221339398712,0.5261399410936466,27.364610684883665,19.500476730577876
73620,Sulawesi Selatan,IDN,2023,2023-07-12,0.10298885765784264,0.29455902762847697,0.09583615561398705,0.11417415348407664,0.2770494086230687,0.17925665258368026,0.09291429578540983,0.5477323996914336,0.432085682848333,27.53877110078582,18.58778613226511
1512,Nangroe Aceh Darussalam,IDN,2023,2023-07-12,0.06413720539977184,0.3112713888590739,0.055154867703656484,0.07887128107504993,0.28806913544527357,0.15644376770494495,0.06360924803711283,0.6801023271410139,0.5237729253005865,27.72325969402993,15.868826348462287
1513,Bali,IDN,2023,2023-07-12,0.06920002483705046,0.30546784565094326,0.056539600111552984,0.08090511223892094,0.2881972946877718,0.17934838519964091,0.08512842148542915,0.6621499945841759,0.5630037522870263,26.781612205971186,18.413667152878276
1514,Bengkulu,IDN,2023,2023-07-12,0.049688743646679634,0.29961317034802604,0.0416471183815905,0.0645550942110881,0.2783589025933319,0.15290758898726658,0.060369326516887485,0.7376070416174769,0.5591581435058863,27.40406398544615,18.284346557700008
1515,Daerah Istimewa Yogyakarta,IDN,2023,2023-07-12,0.057779086611671006,0.27037018164822857,0.03447273009972079,0.06522371327286022,0.28600821331638937,0.19921897102150896,0.10157789936874492,0.6481623940595268,0.6290710685378066,31.26732642176178,19.304795728557497
1516,Dki Jakarta,IDN,2023,2023-07-12,0.1014689884305631,0.2010150524590515,0.06721993368682308,0.09635219852413285,0.21690775063476142,0.20002132918336643,0.15470115724470704,0.32660169536114614,0.3999627907955687,40.57473622036952,24.171081136932038
1518,Jambi,IDN,2023,2023-07-12,0.1117551171748572,0.3229222232935817,0.1120231650804045,0.12550595092102393,0.30476011859328817,0.19000790065566617,0.09336884671340079,0.5508227144176704,0.4419127421118619,29.10593787992356,19.644476665703014
1520,Jawa Tengah,IDN,2023,2023-07-12,0.0553189796803916,0.2686958754612793,0.03233866896718197,0.06349962946877216,0.2711109903531589,0.18549995558345408,0.09258072536006834,0.6527756431355913,0.5995425199368385,31.741660228717276,19.05212107223541
1521,Jawa Timur,IDN,2023,2023-07-12,0.06304868835164809,0.2629812834545608,0.04153450403763223,0.0699275912818107,0.26788160253771376,0.18705227002318048,0.09689011934231159,0.625267891589503,0.56553656499116,30.872941761955307,19.730872417050747
1522,Kalimantan Barat,IDN,2023,2023-07-12,0.04767920800136376,0.3221290758283252,0.03592083400014074,0.06355032753439391,0.3036453802158385,0.1628875246203352,0.06286474790491976,0.7618211683439181,0.6115744632172649,28.992742254360294,21.838572780106343
1523,Kalimantan Selatan,IDN,2023,2023-07-12,0.1034123282645262,0.3207511456342426,0.09702626845268593,0.11722816571036804,0.3050346291141306,0.18823770258935804,0.09041918090419764,0.5715155299889303,0.48083859711006416,29.872140230166444,22.110081977830585
1524,Kalimantan Tengah,IDN,2023,2023-07-12,0.09769126888859232,0.31342979434344354,0.09113908258436415,0.11068429746757699,0.29581383665248107,0.1760996564357954,0.08759388525235992,0.6037237310802269,0.46174360922277696,27.11590376136686,21.478041581753565
1525,Kalimantan Timur,IDN,2023,2023-07-12,0.10898518024441109,0.31323919986641,0.10904962437004775,0.12179875289071722,0.29167012769015555,0.17258306838735676,0.08688477269698831,0.549445737780432,0.41563522221454247,27.454299655397556,19.247270734788273
1526,Lampung,IDN,2023,2023-07-12,0.07677509132441199,0.32830599166794633,0.06432575972823264,0.09074906345528505,0.3090243272395788,0.20092857143474532,0.09222169784980433,0.6614924707503732,0.6135333496546543,30.0586447587916,20.61720487149742
1528,Nusatenggara Barat,IDN,2023,2023-07-12,0.06739931086989888,0.28928499437029254,0.048183848095743435,0.07512308223901643,0.29094073301130363,0.1926969474529092,0.09303660745649461,0.6581369120698087,0.5870710012791266,28.356066779612075,18.663546333356205
1529,Nusatenggara Timur,IDN,2023,2023-07-12,0.06752038905594378,0.2703309218768851,0.04908467671380219,0.07382287444011836,0.288063097460168,0.1968123547737939,0.09504002074018766,0.6414205263599081,0.5618028420850447,28.727510255694146,18.11786667835819
1532,Sulawesi Tengah,IDN,2023,2023-07-12,0.13709465864586382,0.3301568791094563,0.139837625880192,0.1498814822102795,0.30324004898788676,0.1901158809131657,0.09951270497647377,0.5092717451760134,0.38735241544920934,27.25713303315182,18.433072912109562
1533,Sulawesi Tenggara,IDN,2023,2023-07-12,0.1340177236831445,0.33345083584658536,0.12834553380724395,0.1465079259818974,0.3138314785489246,0.20018584751976704,0.10468086410253706,0.5028624955624962,0.4092697399469022,26.877963157703785,19.11072641268983
1535,Sumatera Barat,IDN,2023,2023-07-12,0.05725884482098372,0.3066949644222164,0.048362389138207,0.07244583971163113,0.2852562849029251,0.15790678574710373,0.06448623808272325,0.7079982251356463,0.5514976619023811,27.064687879590437,18.23496999639887
1537,Sumatera Utara,IDN,2023,2023-07-12,0.06928831110832259,0.3388042103882957,0.0578120902601077,0.08540596155141866,0.3132694017644287,0.17731030256216565,0.07186995967616981,0.6694387958455722,0.5745243241121333,28.804727571844,19.269615112110948
73615,Maluku,IDN,2023,2023-07-20,0.11253880275068803,0.3293982047634795,0.1099174056108686,0.12729220666291838,0.3033376792166017,0.18332877383100826,0.0922976945586784,0.5744190833409496,0.4610792324178563,25.190300673972445,19.76578064496521
73616,Maluku Utara,IDN,2023,2023-07-20,0.06571995351927394,0.3236633619382781,0.05743789643229334,0.08236287904158822,0.2981928637345001,0.16442362921149908,0.07112171111181029,0.7013777043667476,0.5660431614676232,26.054490378702845,20.31034461168644
73609,Bangka Belitung,IDN,2023,2023-07-20,0.06875902458285664,0.30389400280820883,0.05745126307709326,0.08042855439832144,0.29050142370473847,0.17716258985008754,0.07970185784198289,0.6555419034322563,0.546029181059987,29.886403641928073,22.227498624861056
73610,Banten,IDN,2023,2023-07-20,0.05345520469673903,0.2873000346166572,0.04016076042285877,0.06772827220643138,0.2674579085976056,0.16340803695740014,0.07199496658359417,0.6876720432082396,0.5553543892701932,29.507311762585967,20.37798658519304
73611,Gorontalo,IDN,2023,2023-07-20,0.07961104216520441,0.3305163198886416,0.07048890450919383,0.09346204895563336,0.3052730374962413,0.1802298552014773,0.08516561665608874,0.6659098248818524,0.5631621317452145,27.740367145905264,19.62853434609201
73612,Papua Barat,IDN,2023,2023-07-20,0.1343968936302355,0.33630820043792303,0.13330992250076398,0.14768955929890867,0.31368911195120897,0.19274150343122362,0.1014875925470309,0.5253772610437147,0.4162482411930278,25.823443917001462,18.66217123684506
73613,Jawa Barat,IDN,2023,2023-07-20,0.0467643277409342,0.2562428394552499,0.02833801137618793,0.05560138268118765,0.24629684162335647,0.15524900567943964,0.07107912055528502,0.6854052233760463,0.5294805817743177,29.21929355037668,19.473640766787845
73617,Papua,IDN,2023,2023-07-20,0.14906967564065982,0.34883464907366374,0.1426594350563492,0.16175127384737487,0.33283810008569475,0.20957225310535418,0.10806833240768036,0.5298819653793727,0.4152345637673201,26.174499635853653,15.264609940555864
73621,Sulawesi Utara,IDN,2023,2023-07-20,0.10769442640702137,0.3843004722972195,0.10058106356667648,0.12485764342893783,0.34257335900176344,0.2056631797709247,0.09939692682665616,0.6356505541573394,0.5914906775356835,26.526535677360503,19.998250632961835
73622,Sumatera Selatan,IDN,2023,2023-07-20,0.0488247066531603,0.3130139175405024,0.036643182872045266,0.06387567787146321,0.2989332309416617,0.17277619727386048,0.06845325968790335,0.7439116046581752,0.6153630650394931,29.842754201416444,20.7059597337042
73614,Kepulauan-riau,IDN,2023,2023-07-20,0.08227543570975578,0.2822364867359758,0.07063152444360457,0.09533933069878141,0.26037890410737413,0.1577238406708431,0.0775112280656045,0.5644066708263105,0.44268823328108414,28.203883792396677,23.50751896850413
73618,Riau,IDN,2023,2023-07-20,0.038598072544047596,0.31113671077531113,0.023498044942783753,0.05233546074173047,0.29837869497500713,0.16646249051247178,0.061574862597417096,0.7764303340975393,0.6390033446652656,31.007925009036686,21.969678717639304
73619,Sulawesi Barat,IDN,2023,2023-07-20,0.028051944347460563,0.2682093335617266,0.019944460166432598,0.04112420959801118,0.2471707317832425,0.12152405488360492,0.0417748024991036,0.8196785206556501,0.5352307079153876,26.594009508982992,19.78920056582087
73620,Sulawesi Selatan,IDN,2023,2023-07-20,0.09723687686681597,0.29776857842673965,0.09028891437629805,0.1086042444047471,0.2814137067822535,0.17998485726216182,0.09069344148264728,0.5765402622002732,0.45680338613542043,27.82694519454168,18.982296244809838
1512,Nangroe Aceh Darussalam,IDN,2023,2023-07-20,0.05623754409686067,0.3251874271869487,0.04420983306891717,0.07061205849620018,0.30004357973573087,0.16494519518615627,0.06754195689028061,0.7296727215050591,0.594340493079904,27.231626953227323,18.371647103986913
1513,Bali,IDN,2023,2023-07-20,0.07742375806223946,0.29985802864051453,0.06337927713784396,0.08771450661037088,0.28789207877078105,0.18363085983925487,0.09319229881388583,0.6330567084335325,0.5429823080568301,27.78524213153195,18.948593474637843
1514,Bengkulu,IDN,2023,2023-07-20,0.03475855687962461,0.299707127395995,0.023285893593079615,0.05026495494836404,0.28243798076366994,0.1522836316010785,0.05480609907340745,0.7937684881700043,0.6102267023792668,27.046914251452375,18.775669212487536
1515,Daerah Istimewa Yogyakarta,IDN,2023,2023-07-20,0.05355246250727419,0.2608173515373584,0.0317947246715042,0.0608730296138697,0.2737930020604012,0.19085958880571618,0.09615157771101558,0.6580101967126181,0.6017918671784778,32.21027721967573,19.151910857637986
1516,Dki Jakarta,IDN,2023,2023-07-20,0.09497149075212628,0.17512211317187973,0.06872248672908678,0.08933725172066581,0.18767588734887328,0.1770225740228741,0.13928480922544859,0.30876975154594094,0.3038992092522014,36.261641085956086,23.443209982343696
1518,Jambi,IDN,2023,2023-07-20,0.05484216569003807,0.32082385310673345,0.043569531208420206,0.06987249299801035,0.3105497097698309,0.18078463595343483,0.07307727983695819,0.7291712169342713,0.6154124734717117,29.130748553706134,20.806833171151602
1520,Jawa Tengah,IDN,2023,2023-07-20,0.05509533926504788,0.2603634405018394,0.031813333860809485,0.06137686166764566,0.2631541136524816,0.18186168714055315,0.09074353426844935,0.651217468222078,0.5736240044152899,32.001058701149944,19.22873471141925
1521,Jawa Timur,IDN,2023,2023-07-20,0.06730063615568747,0.28414483247101135,0.04273755504077514,0.07383972743482557,0.28871909524156203,0.20171408748757536,0.1033844597527085,0.6287910045750772,0.6147879639265981,32.11058956674408,19.426963889491297
1522,Kalimantan Barat,IDN,2023,2023-07-20,0.04018902092931205,0.29966942883299824,0.03186099616764235,0.05385411642328607,0.27938706629966886,0.14507592007131806,0.05303198476479456,0.7832145708499593,0.5737962406669133,29.34696945405643,21.11959183169343
1523,Kalimantan Selatan,IDN,2023,2023-07-20,0.07249989347747385,0.3261319800638994,0.06127356798712492,0.08778040509000049,0.3178019469714843,0.1907467134250798,0.08366142447179271,0.6691373928548485,0.5797692082949634,29.40560765388206,21.430200521579195
1524,Kalimantan Tengah,IDN,2023,2023-07-20,0.08859236277093413,0.32625719262047603,0.08479672411563745,0.10286934256860718,0.310389539820258,0.18096681065009,0.08391336075700133,0.6251220547027502,0.5090566308656111,28.04752206457435,20.711543257602848
1525,Kalimantan Timur,IDN,2023,2023-07-20,0.10096859915525813,0.33595647146912755,0.09793962970004508,0.11558524701934424,0.3158179711929971,0.18526277605667277,0.08955079859012743,0.6009145496173915,0.49207599529881463,27.103291091377496,20.225516329528254
1526,Lampung,IDN,2023,2023-07-20,0.06690912383785999,0.31104355462543076,0.0504058737067021,0.07934434277463392,0.30057430613533925,0.19424556969435627,0.08959926733442955,0.6665418113965451,0.6181195482996484,30.35210129312515,21.00649822472114
1528,Nusatenggara Barat,IDN,2023,2023-07-20,0.06229278346687906,0.2801967474092968,0.04157796959733511,0.06914765370900919,0.28572999483964384,0.18829735724584085,0.09239671072345348,0.6513590710112314,0.5866608306031929,29.381317579114345,18.758042964465982
1529,Nusatenggara Timur,IDN,2023,2023-07-20,0.06680179323032266,0.2832721618287451,0.0459678135423284,0.0724744527646127,0.30367381378948327,0.20622249857078068,0.0990896277461477,0.6443997780240852,0.6154800239287177,28.415898731398997,18.34313925464812
1532,Sulawesi Tengah,IDN,2023,2023-07-20,0.14579852964180243,0.3462086029117714,0.14420629742489602,0.1584614550481666,0.3196006086274829,0.20362892807077307,0.10861440827487072,0.5605183538639797,0.41920476586274885,26.27856953375116,18.930763314528033
1533,Sulawesi Tenggara,IDN,2023,2023-07-20,0.1314874364134429,0.35438691544519907,0.12479824843605918,0.14528625657129654,0.33724335068168376,0.22035190964562182,0.11778067192858857,0.5513122104675022,0.4909681874944612,26.86164627799492,19.589827114112897
1535,Sumatera Barat,IDN,2023,2023-07-20,0.04358238018872726,0.3266637551558786,0.03141089523086253,0.060375306683312965,0.30722215259206875,0.16772319286721035,0.06310146865459751,0.7653139195781204,0.6417825726195456,27.478737141410836,19.169095147223214
1537,Sumatera Utara,IDN,2023,2023-07-20,0.0582129180362781,0.34081135911822463,0.04452879936464598,0.07401055110901371,0.32041266703034954,0.18464152521914326,0.07595129354704006,0.7134798180386568,0.6444591571670243,28.77737821072518,19.283232167259936
73615,Maluku,IDN,2023,2023-07-28,0.17769461225640065,0.37877432933663746,0.17434329846962615,0.1921074564908971,0.34766236035894893,0.2281920548494156,0.12279337810972352,0.48093544934119187,0.4067780740464371,26.0967809513294,20.025277827202167
73616,Maluku Utara,IDN,2023,2023-07-28,0.07386315367875337,0.3296962958388816,0.06770578440004993,0.09014866762860792,0.30149463007105837,0.16856772015883492,0.07277984295022623,0.6776686198629884,0.5489363174535838,27.109444606989925,20.3611266611193
73609,Bangka Belitung,IDN,2023,2023-07-28,0.09450267090795257,0.34196366772404185,0.08147865215514347,0.10723217575306646,0.32765273296254177,0.20755750174518486,0.10039185426992654,0.5941890457433452,0.5617608634493558,29.952788195880075,21.516924751227535
73610,Banten,IDN,2023,2023-07-28,0.05036081433702974,0.3004574338492843,0.035216783523274835,0.06423080810895851,0.2821574285639247,0.17511425116589388,0.07834109597989333,0.7064545905608308,0.6164191043130978,30.8065444495796,20.540899233575246
73611,Gorontalo,IDN,2023,2023-07-28,0.059523400597610195,0.32537729005741045,0.04641410874689407,0.07381480761207533,0.3065879383372127,0.1732927985952875,0.07480910542145945,0.7126154075907578,0.615272085704213,28.72080468573013,20.09523529587928
73612,Papua Barat,IDN,2023,2023-07-28,0.12333878523577123,0.324627005722222,0.12111407304663852,0.13609746648649082,0.30261185003933716,0.1838623925515044,0.09588025906159642,0.5362866781828242,0.41206047192491096,26.942405413473125,18.461659775613974
73613,Jawa Barat,IDN,2023,2023-07-28,0.06277816018516756,0.28090361363237554,0.043516817103700374,0.07229760992322537,0.2699279981309754,0.17524267247927863,0.0845015685082474,0.649219843306718,0.5497300199787739,30.408266232232148,18.97097964915776
73617,Papua,IDN,2023,2023-07-28,0.13937304001011663,0.3334751103366435,0.13466247196490463,0.151141964396734,0.3172054935714434,0.1984138467648621,0.10341746769297257,0.5095221993194835,0.3927070956616213,26.490097527958415,16.995856202156986
73621,Sulawesi Utara,IDN,2023,2023-07-28,0.08988692612198089,0.3275065246647006,0.08340831381411884,0.10354118288267043,0.2921073781856623,0.1655486480735995,0.07624867872781904,0.6572459288794077,0.5095182109498556,28.102969948486972,20.249954168776803
73622,Sumatera Selatan,IDN,2023,2023-07-28,0.11393428694114212,0.34438375715026576,0.1105843003777569,0.12919116307798306,0.32975835806836507,0.21258338422548945,0.10667828573365522,0.5547282942194035,0.5003855177280424,29.43402336484496,19.924495667986747
73614,Kepulauan-riau,IDN,2023,2023-07-28,0.08533098802682214,0.2782849405959663,0.07803012710459761,0.09996662938451564,0.25711175680445497,0.1584936370885953,0.07992264136375858,0.5376453652543917,0.4282919318895776,28.02330400936987,23.214132164769385
73618,Riau,IDN,2023,2023-07-28,0.06253347487308854,0.2998821623658089,0.05630408113890565,0.0740813780808205,0.28009279605066123,0.1624601167176513,0.0701344532614382,0.6955651017356602,0.5373909582712321,30.97210474090185,21.283128280444426
73619,Sulawesi Barat,IDN,2023,2023-07-28,0.02863199111334422,0.3090021602307198,0.017111889476749808,0.04560877971645746,0.2897580898566859,0.14662826220194997,0.0500147272951577,0.8245687685238045,0.6341852661294525,27.28074938667579,18.64196835514333
73620,Sulawesi Selatan,IDN,2023,2023-07-28,0.06957778240244768,0.2944774837583705,0.05557293257774798,0.08164607657997484,0.28305429502064083,0.17300785987855818,0.08162935867568348,0.6461838956206005,0.5373412708644637,28.215355755494983,18.839505228985914
1512,Nangroe Aceh Darussalam,IDN,2023,2023-07-28,0.05729050475716963,0.301192890749535,0.048428283913750855,0.07127385832082163,0.2785849357557493,0.14919819656022587,0.06076831871512182,0.7043104759128241,0.5286673468864675,27.904691912847678,17.97330734385302
1513,Bali,IDN,2023,2023-07-28,0.08044651251671363,0.31498653242045,0.0652910804474964,0.09138476472818291,0.3014974547392935,0.1925123936882168,0.09568299219332807,0.645002682537813,0.5655845281095266,28.004355180474843,18.57073989832136
1514,Bengkulu,IDN,2023,2023-07-28,0.03784455550323706,0.31512886184620764,0.02751005346036357,0.054542207363459494,0.29876736687980976,0.1637842724969751,0.05996802768870575,0.786912928672234,0.6425174089253257,26.722143336511287,18.92702959624777
1515,Daerah Istimewa Yogyakarta,IDN,2023,2023-07-28,0.0580453118322598,0.25622931930407794,0.0354979009266458,0.06342822083097226,0.27210177576302824,0.19043711586661277,0.09829626247275491,0.6308928491919756,0.5749737367673782,31.995997123021315,19.062629274321086
1516,Dki Jakarta,IDN,2023,2023-07-28,0.09838205962165687,0.17793373332952103,0.0697813046809037,0.09079758873488722,0.19295887424125927,0.18358528678266692,0.14617089459576232,0.3041387149025403,0.31265758125376786,39.368454663421076,23.376311491215212
1518,Jambi,IDN,2023,2023-07-28,0.10190227247829604,0.3092853126116659,0.10427017025499778,0.11419030322404443,0.29440400914246206,0.1852182866535479,0.0914767753917499,0.5724325610398776,0.439523579181172,28.274023220226425,18.31360193239682
1520,Jawa Tengah,IDN,2023,2023-07-28,0.07096077166901306,0.2709925499930896,0.04688425995994452,0.07635925239447511,0.2760283579557109,0.1951574407364844,0.10304322020347371,0.5971455072207964,0.5579076228036493,32.075870448553395,19.252291242795593
1521,Jawa Timur,IDN,2023,2023-07-28,0.06368167267822523,0.28075241137704854,0.037264355579006946,0.06925101601810195,0.28849451011300054,0.20132629620182407,0.10305076620172421,0.6279788962504363,0.6218923577174108,32.27052598447443,19.722027295801826
1522,Kalimantan Barat,IDN,2023,2023-07-28,0.04727117781740146,0.322404849701997,0.03719401477091561,0.06306195450351162,0.3031940597768587,0.16042657890488124,0.06069713560519342,0.7626208509630465,0.6082237870027886,29.40547348589581,21.440582662081887
1523,Kalimantan Selatan,IDN,2023,2023-07-28,0.07338536244482302,0.3300754618105221,0.060383824069431775,0.08773438321186926,0.3215823865031524,0.19671807005578018,0.08805444785379977,0.6681678070256868,0.602704512717808,29.910509033120682,20.87153801030798
1524,Kalimantan Tengah,IDN,2023,2023-07-28,0.05548122254592259,0.2899905658813627,0.047230866857270314,0.06747178599087532,0.2745798676892027,0.14853210894036045,0.06228764729096135,0.733085069165069,0.5168492535603657,29.129942676153895,20.776991481378904
1525,Kalimantan Timur,IDN,2023,2023-07-28,0.05813099022705964,0.3088411137107629,0.05048639728217441,0.07158265404577097,0.28975953791802295,0.15715681177738192,0.06596094861586894,0.7247623834903711,0.5552143780126305,28.357246530832256,20.74595173653291
1526,Lampung,IDN,2023,2023-07-28,0.12487047058483165,0.3403542782092496,0.11799476312433504,0.1375513325965764,0.3272889319056974,0.22628418716356055,0.11934815330491914,0.5315451444813938,0.5104757239375814,29.673770961881452,20.457199820683826
1528,Nusatenggara Barat,IDN,2023,2023-07-28,0.05279537289601975,0.27591856089739186,0.029581982382194442,0.05935227582035849,0.28495395314303973,0.18622794735314266,0.08865539540233132,0.6737971874737481,0.6105827425112472,30.206369875779526,19.10580334957814
1529,Nusatenggara Timur,IDN,2023,2023-07-28,0.045241712439673364,0.24885044468696718,0.024313864243711722,0.050067004366064004,0.27396133025566494,0.18423609702323657,0.08480815838343361,0.6878262921226834,0.6029200676714473,29.981085585588367,18.521679068695196
1532,Sulawesi Tengah,IDN,2023,2023-07-28,0.09381310474231203,0.3350306918845235,0.08722532636714454,0.10911069105365151,0.3125683994903118,0.18155095132243848,0.08436588236123482,0.645580295709622,0.5232407627730373,26.928960446721113,18.46657369185075
1533,Sulawesi Tenggara,IDN,2023,2023-07-28,0.11858694463253819,0.32297291214319984,0.11276308786780567,0.13088308742984242,0.3078629180348728,0.19557557666973036,0.10255124905335793,0.5548271491895592,0.47641862658454653,27.221558986501915,18.59080246976294
1535,Sumatera Barat,IDN,2023,2023-07-28,0.04590180964648802,0.2724014702759409,0.04006195570127522,0.05812174942462456,0.2526113328030314,0.13778571734422415,0.055835896413152813,0.7464426476687906,0.5151646710363452,28.801136264378258,18.818492680178196
1537,Sumatera Utara,IDN,2023,2023-07-28,0.042332668517653056,0.30237718252069284,0.030368574718888073,0.05657706739477697,0.284868835736229,0.15914700972005763,0.06180234344365152,0.7562187350514805,0.6039463195806608,29.814647290551573,20.304983032154613
73615,Maluku,IDN,2023,2023-08-05,0.09691666937958457,0.3248026130628572,0.09074739502660059,0.11141932809675625,0.2986237479647266,0.17372945595530023,0.08368824039182429,0.6111654195251686,0.48538420190812087,25.795402909663363,19.41640020735861
73616,Maluku Utara,IDN,2023,2023-08-05,0.06983317778479683,0.31652281993923304,0.06315338705914722,0.08574920489713225,0.2922400178783515,0.16178749803397002,0.07040369226763221,0.6864063048920399,0.5352044993708281,26.290412194962872,19.268332350046915
73609,Bangka Belitung,IDN,2023,2023-08-05,0.07935194776676777,0.32231517973258234,0.06553546766068716,0.09039890056797786,0.30966231102140074,0.19331277926700935,0.09051470617234814,0.6410381621218072,0.5673229819943741,30.071145391720123,22.09159034418108
73610,Banten,IDN,2023,2023-08-05,0.057798855095294054,0.32403953302542543,0.04004129763009823,0.0722098049722291,0.3085190907873367,0.19582206862339804,0.0874474782280803,0.6912306934791778,0.6604651676914737,31.269762406822867,21.313710135616905
73611,Gorontalo,IDN,2023,2023-08-05,0.09131949007504794,0.341045864566869,0.08040489342192936,0.1041436752838516,0.32046484515979284,0.1919262335131226,0.09181667851789845,0.6269034705688178,0.5548618468199206,28.85131407052792,19.920787198811116
73612,Papua Barat,IDN,2023,2023-08-05,0.07035818430078664,0.298898328982646,0.06560874038105646,0.08323006586140534,0.2789505672234673,0.15201862857270038,0.06945865184195932,0.6810267793278023,0.49212214250617536,26.4149449604331,19.286749531824373
73613,Jawa Barat,IDN,2023,2023-08-05,0.06876376274096309,0.3028718372515462,0.04579368127513223,0.07835962696206406,0.2970940614060152,0.1973731186064497,0.09689320238634966,0.6370489719852485,0.6046324569166155,30.969639156912816,19.69507750202265
73617,Papua,IDN,2023,2023-08-05,0.10860188316478063,0.32130655537629466,0.1016611996304088,0.12131209511584068,0.30751495273418034,0.1823661521344098,0.08893366930103308,0.5894422129877117,0.4515543287048911,25.763392817316653,16.98635907363213
73621,Sulawesi Utara,IDN,2023,2023-08-05,0.07529266668945625,0.35984384675253756,0.06440659657887299,0.0922304686883382,0.32249312126885554,0.18097559891310275,0.07944211796921456,0.6987854259671027,0.6177343119619805,26.326998208027053,20.024542111928504
73622,Sumatera Selatan,IDN,2023,2023-08-05,0.09426206292872362,0.32441929446097684,0.08818973952543413,0.10751662812709795,0.30999441833220576,0.19540034376289342,0.09438240985824871,0.6104033725831699,0.5107720756491992,30.09462033211346,20.769712733678908
73614,Kepulauan-riau,IDN,2023,2023-08-05,0.06794250982711231,0.28599300307900105,0.05625178491861228,0.08237457408811391,0.2634436120723739,0.156157435087757,0.07221295123782415,0.6185362690003084,0.4911082845999163,29.225718418517637,23.277327850477565
73618,Riau,IDN,2023,2023-08-05,0.060864345708398805,0.3167679530353179,0.050682866800849456,0.07461276290069145,0.30166923307343557,0.17634209345906818,0.07378044770954928,0.7006319428749983,0.5953201559180206,31.628929019945762,21.87738697957295
73619,Sulawesi Barat,IDN,2023,2023-08-05,0.042488155109586104,0.32239585111167657,0.03101580859210749,0.05903288549832986,0.30242728362709387,0.16038165891090422,0.06041237007933788,0.7745969865842369,0.6272142838948088,26.204514922926844,19.309184177061613
73620,Sulawesi Selatan,IDN,2023,2023-08-05,0.11316198133803408,0.3172769073194763,0.10305580455778907,0.12410784669335968,0.30414916982047224,0.2000398581351888,0.1041622473929451,0.546204674550496,0.4721413070710068,28.010826699140964,18.191455808183008
1512,Nangroe Aceh Darussalam,IDN,2023,2023-08-05,0.07988516074226738,0.36365960402167163,0.06930155605658343,0.09722163829460656,0.3360280894700758,0.19328659922543917,0.08313328837134665,0.6619093093188689,0.6156751613559172,28.73599340634689,11.925115555949299
1513,Bali,IDN,2023,2023-08-05,0.04310309193152108,0.2782762504440655,0.025699219158588287,0.05310129875443137,0.27000071995057734,0.1616741644898038,0.07198758505599488,0.7233375485163186,0.5889178288745067,29.313127634141612,18.52534234432751
1514,Bengkulu,IDN,2023,2023-08-05,0.0434426448127436,0.3012087398532732,0.03443356616433561,0.05908341987396006,0.2837394357364377,0.1569731334436128,0.05993334813222383,0.7706237730004747,0.590208875020914,27.859341194904093,19.90212150779381
1515,Daerah Istimewa Yogyakarta,IDN,2023,2023-08-05,0.05649761974074704,0.24463177315125306,0.033320812277483756,0.060361714760503254,0.2668351248077438,0.19094695053052615,0.10110437929091061,0.624954280989039,0.5726942738180487,34.447818830849656,19.474837256473297
1516,Dki Jakarta,IDN,2023,2023-08-05,0.09766803346663223,0.18062937797156337,0.06692058342351193,0.0890415376951128,0.19531602337667428,0.18626195962511896,0.14542583926203667,0.31804441594737703,0.3293206459304896,38.55094161905836,24.834919118339815
1518,Jambi,IDN,2023,2023-08-05,0.08691190503758676,0.31842843072377575,0.08074001546252974,0.10021471734379749,0.3070812231080077,0.1909044901914981,0.09018235881203428,0.629955239763707,0.5167622087178646,29.788380571251324,20.352012166329853
1520,Jawa Tengah,IDN,2023,2023-08-05,0.06829087730093227,0.27482208626351895,0.04060192160422675,0.07274752003654383,0.28541843125942695,0.20399450099329058,0.10771863090892048,0.6041394389170494,0.602167145796067,33.70625968866507,19.682915039659818
1521,Jawa Timur,IDN,2023,2023-08-05,0.061944482422292044,0.25655305488531316,0.03571889880651167,0.06535124893082395,0.2670263375050339,0.19035409745461807,0.10123085864119004,0.6113944941531659,0.5709368640841378,33.44223095042105,19.803681724451774
1522,Kalimantan Barat,IDN,2023,2023-08-05,0.06195587342153617,0.34208429373817895,0.052102039037858504,0.07876474021187493,0.3245915560162243,0.1793098052743676,0.07304083883689685,0.718451229635225,0.6157406083167437,29.479608447527543,21.55248561299147
1523,Kalimantan Selatan,IDN,2023,2023-08-05,0.0591907067285493,0.3079033549300979,0.04485809522280999,0.07255708378566354,0.303651423683452,0.18033016596002704,0.07729068636905749,0.6947301645688363,0.5968259908992278,30.09692953529092,19.412546015815863
1524,Kalimantan Tengah,IDN,2023,2023-08-05,0.08943957381100208,0.3194346943390442,0.08464942279016209,0.10269960584045035,0.30536656685093644,0.17813335776461506,0.08383164893059185,0.6220294405103084,0.49642157488221306,28.43300019945077,20.24505315204527
1525,Kalimantan Timur,IDN,2023,2023-08-05,0.09710399675413,0.3237389462051351,0.09490673703122929,0.11118792461244496,0.3043833336189521,0.17536616743275865,0.08346645639208175,0.5969244241458298,0.47362446364913247,28.42861525723522,19.70388599256569
1526,Lampung,IDN,2023,2023-08-05,0.10785258996209292,0.35040242588107856,0.09587179948917608,0.12086571731106305,0.33754401560123304,0.22983780161239747,0.11489381497545859,0.5884850793984049,0.5945180539525389,31.46739611605145,21.46517416380152
1528,Nusatenggara Barat,IDN,2023,2023-08-05,0.05205201096083457,0.26994218623452715,0.0279398554118596,0.056774555717213473,0.2839607774849504,0.1869425303974217,0.09016632692722004,0.6710793872197889,0.6188971244194836,31.093213719577165,18.910376586562542
1529,Nusatenggara Timur,IDN,2023,2023-08-05,0.050326041056562736,0.25916056293162415,0.027033237398728403,0.05400956090168135,0.2873236165051643,0.19614878489911636,0.09296597615917253,0.6679959928868465,0.6320792000881791,30.36401146553396,18.59022480907794
1532,Sulawesi Tengah,IDN,2023,2023-08-05,0.1703819193295028,0.377107991612929,0.16527289659619857,0.18354896205230697,0.3515803115327757,0.227781556702349,0.1190486853593374,0.5216759093327061,0.4324134065995756,26.76896740074391,18.911871071277453
1533,Sulawesi Tenggara,IDN,2023,2023-08-05,0.15360589160817106,0.37081267402421236,0.14409090846841993,0.16632526786736762,0.35364699444509634,0.23586175598995066,0.12702863925778582,0.5244403845123108,0.4859547779946507,27.64481742342426,18.963984650996267
1535,Sumatera Barat,IDN,2023,2023-08-05,0.07317969439365629,0.31529065422537933,0.0661140291212378,0.0884905353530285,0.2957723401798047,0.17097820738123004,0.0743410420922453,0.6713959846112144,0.5379073984257234,28.25447502396309,19.026123112693522
1537,Sumatera Utara,IDN,2023,2023-08-05,0.083440616182691,0.34091872818015967,0.0758352172126117,0.0997558036150409,0.31762398793038354,0.18917215201360935,0.08436236872125735,0.6303661001039688,0.5618966995945943,28.772427644998636,18.98294521396335
73615,Maluku,IDN,2023,2023-08-13,0.10814186776713144,0.33408230010729045,0.10299096696809304,0.12280936437010284,0.30973900506750623,0.18850378432421228,0.095487360272811,0.5857777421373187,0.48609015359522956,27.012734723369928,19.155907282184398
73616,Maluku Utara,IDN,2023,2023-08-13,0.06671973160595253,0.33801869307425436,0.056234735449833345,0.08471668434969824,0.3122682307967931,0.17214476682585175,0.07373328348241058,0.6939219244247442,0.5906726948699991,27.05322104779385,19.235412221558708
73609,Bangka Belitung,IDN,2023,2023-08-13,0.07985358916792534,0.3202561224354492,0.06510667864598994,0.09131971123503553,0.31318186555084887,0.19894616175917992,0.0946331912078527,0.6239232217924351,0.5796359220076682,31.05169308409004,22.063838253081396
73610,Banten,IDN,2023,2023-08-13,0.05519659958315737,0.3017172511696026,0.035971287904466555,0.06799190129925847,0.29367865202121385,0.18804352035943617,0.0873751375183983,0.6820740053030849,0.6340886259749138,31.089960546068212,20.293225628083505
73611,Gorontalo,IDN,2023,2023-08-13,0.10280001247684939,0.3148911206610767,0.09658053963828235,0.11329208385929561,0.2958025836613543,0.18430144010639687,0.09439447537132607,0.5648858047826142,0.4593203148855243,28.068534915606563,19.190942198842
73612,Papua Barat,IDN,2023,2023-08-13,0.20285185004113007,0.3647357203699384,0.20652770359671574,0.2146459135247499,0.3375890339930557,0.2223725057050611,0.1260589258257064,0.3974927372871783,0.30879639359078465,27.29156143381023,19.213918778693024
73613,Jawa Barat,IDN,2023,2023-08-13,0.06113440256843422,0.2671121349266145,0.040895954832196074,0.06831856717688038,0.26327366812746866,0.17559843418009582,0.0875052480517129,0.6354156675642799,0.5415751614636748,31.078174835853403,19.079556198822768
73617,Papua,IDN,2023,2023-08-13,0.13683784741126928,0.3334189813649357,0.13163006881841105,0.1489104139636568,0.3181939005555869,0.19791894505785398,0.10398130275867966,0.5113380732910049,0.40168276576582074,27.872182652420975,16.2445401295428
73621,Sulawesi Utara,IDN,2023,2023-08-13,0.08729601164158401,0.3232211203251616,0.08417656973488641,0.10068267129916017,0.2858433805519971,0.16242396489287894,0.07535556292849795,0.6278135525563157,0.4810436417608546,26.546762418658563,19.18051270406302
73622,Sumatera Selatan,IDN,2023,2023-08-13,0.11024289647846656,0.3445273189982879,0.10402393060727234,0.12499281332333295,0.33163911041467914,0.21472853330512737,0.1061685957497585,0.5747852660871872,0.5199855933665148,30.63701089791709,20.527924163530553
73614,Kepulauan-riau,IDN,2023,2023-08-13,0.10106041930782074,0.2994253025129941,0.09714938468775651,0.1180218254691312,0.27625613582391756,0.16962798005069357,0.08281729020947991,0.5034273334588363,0.41508585288136035,29.203757353282068,22.907391733919837
73618,Riau,IDN,2023,2023-08-13,0.09764994237735714,0.388827152557074,0.08694544444041212,0.11506474485274581,0.3642519848896388,0.22337418644324342,0.09890107186007828,0.6216399897114263,0.6292385453869767,29.736232293934407,22.261988999353445
73619,Sulawesi Barat,IDN,2023,2023-08-13,0.03069539745188749,0.27620171827419926,0.02121494441466522,0.044481005012496674,0.2595020920940027,0.1315397108154032,0.046757667647514864,0.8059835658251596,0.55601165865616,27.06200977853716,18.478992043603977
73620,Sulawesi Selatan,IDN,2023,2023-08-13,0.09270748141321918,0.3036421107204968,0.08095414150514582,0.1029915536777948,0.2933212371711964,0.1901167830852399,0.09625962914024028,0.5834450035854885,0.5071143292312871,28.454848941467883,18.64351728823412
1512,Nangroe Aceh Darussalam,IDN,2023,2023-08-13,0.05906638145597616,0.33812078351987795,0.04753604883456183,0.07488571365137132,0.3112377361239278,0.16992777364145817,0.06763876461075558,0.7128223367158583,0.6072635198901805,27.83723134659378,19.671730685531934
1513,Bali,IDN,2023,2023-08-13,0.08976329053246422,0.31491767475771276,0.07366911066994289,0.09965397183134105,0.305588787068915,0.20069027369509215,0.10362785055943004,0.5914193645802869,0.5458294791994571,28.647664586746103,18.24068775435735
1514,Bengkulu,IDN,2023,2023-08-13,0.09166708085115312,0.359260612672506,0.08550595301907023,0.11015365609924652,0.3401761627179289,0.20818841119311915,0.09459746120483592,0.6352074558639091,0.5492568537978799,27.70882992634506,17.899852904395424
1515,Daerah Istimewa Yogyakarta,IDN,2023,2023-08-13,0.06205659891832796,0.2599356485985748,0.03633669663844623,0.06502507338173043,0.2798909324344342,0.20472042109153837,0.10754832624895533,0.6146793421906458,0.6074103083548081,33.91199742385123,18.954061079945177
1516,Dki Jakarta,IDN,2023,2023-08-13,0.10440725802688954,0.19125660972001346,0.06946976444223033,0.09691150351508011,0.20912575723597784,0.1992566446375279,0.1581654775647443,0.2942213137133345,0.36417053842847985,38.98698707707438,24.09697645725247
1518,Jambi,IDN,2023,2023-08-13,0.1939272934588393,0.3862525143404105,0.19857222518032036,0.21060846958305832,0.37187988239297126,0.2527165585929123,0.1359719422448797,0.3821583352019953,0.3547055840379899,29.378619797874098,20.890707370425595
1520,Jawa Tengah,IDN,2023,2023-08-13,0.07621290639965603,0.27622036878410783,0.04772398430116884,0.07836605877178542,0.2860240572307945,0.20905602988858332,0.11218314723457556,0.5748610001232785,0.5805265863357353,33.83283924647644,19.33444990846726
1521,Jawa Timur,IDN,2023,2023-08-13,0.07648298868762887,0.2782632582243024,0.04802160746346548,0.07923606434274172,0.28866332979122367,0.21035790910928032,0.11427929863879369,0.5756313203339241,0.5883282418274415,33.60801648458893,19.708502132214626
1522,Kalimantan Barat,IDN,2023,2023-08-13,0.05358401999865868,0.3003979394920523,0.049137643124822224,0.06691470834585593,0.2805172461562765,0.15122194044387585,0.059761411738909156,0.7270923161216598,0.5424270306198986,30.45881268484914,21.35328094986825
1523,Kalimantan Selatan,IDN,2023,2023-08-13,0.07591932760072018,0.3291263181742964,0.061651370576997766,0.08958740515728203,0.3255090121964278,0.20113683180680073,0.09079691072564496,0.6507116222824644,0.6073167113481442,31.019838934312098,19.7085375172432
1524,Kalimantan Tengah,IDN,2023,2023-08-13,0.10286863556760643,0.3344677077750114,0.09845127462160655,0.11690417537034112,0.31891339388054224,0.18877655667157797,0.0898266201999388,0.5951401205655013,0.4855563870861129,28.958141547706617,20.35535724629378
1525,Kalimantan Timur,IDN,2023,2023-08-13,0.16987104318508622,0.36147320030085356,0.17388618164539266,0.18409501753870686,0.33923069260200234,0.21146678370482563,0.11306441539868832,0.42670043410773084,0.366209140578141,28.68969046757627,19.08066168060867
1526,Lampung,IDN,2023,2023-08-13,0.11750560183898072,0.33445271202485477,0.10958222310280002,0.12867895702095786,0.3244628961448186,0.22441974237317705,0.11570543055964969,0.5382710864622835,0.5236349060080835,31.826938726051132,20.377338266485708
1528,Nusatenggara Barat,IDN,2023,2023-08-13,0.07139594378891576,0.2817800123974671,0.04694559651458387,0.07525242903211146,0.2934887916434425,0.20199883488892542,0.10344651778252158,0.6097024737144827,0.5827155066327463,30.68735814004637,18.93636182439089
1529,Nusatenggara Timur,IDN,2023,2023-08-13,0.053364366086950915,0.2592280806970751,0.028588964069111128,0.055339131552435396,0.28895391520459335,0.20313135436302432,0.09841403969335938,0.6577184877019467,0.6429681614761538,30.69634851640429,19.02988274289381
1532,Sulawesi Tengah,IDN,2023,2023-08-13,0.12164580085123837,0.33686456244303903,0.11932201120878995,0.1349381224525744,0.31226842707359204,0.19419573077956706,0.10026001005695835,0.5813795455271744,0.4616426205553204,26.170266687720826,17.81899842321453
1533,Sulawesi Tenggara,IDN,2023,2023-08-13,0.09380792447979054,0.32297655054737945,0.08438983615582611,0.1064467796748585,0.3118144110186277,0.19308854376052664,0.09451754177689403,0.6230933582487801,0.5446003509176259,27.950721938553805,19.41359981132067
1535,Sumatera Barat,IDN,2023,2023-08-13,0.11786352529832383,0.38198619487970004,0.1088729400499445,0.13504207341665445,0.35543582631916887,0.21313003955138346,0.0978937651652362,0.587593938583913,0.5568052057973346,26.312756812439723,15.962094498520496
1537,Sumatera Utara,IDN,2023,2023-08-13,0.1147882853565957,0.37676884341244704,0.10624762452653408,0.13178943515592473,0.34729019449381227,0.2060503631246477,0.09230569123253128,0.5537747498559155,0.5212063133211319,28.661787532381386,15.43501833113356
73615,Maluku,IDN,2023,2023-08-21,0.22443353349244838,0.39849651410354137,0.221723034616385,0.23645875666465657,0.36750410746139006,0.25269201067911806,0.1429452425253801,0.3888910934901417,0.3563302651912279,26.259499475973413,19.680720881174818
73616,Maluku Utara,IDN,2023,2023-08-21,0.12258429262065747,0.31979555837010604,0.12409029275403785,0.13587535786821142,0.29231909573953524,0.17863109762538187,0.0922066926847522,0.5287007352518094,0.408996976190658,25.546349490826508,19.275585964049718
73609,Bangka Belitung,IDN,2023,2023-08-21,0.11005640570776079,0.34867464341523285,0.09750070696084545,0.12208458521492561,0.3395340720380117,0.2225710106037059,0.11066812814466453,0.5433283514524871,0.5452132270950824,31.38362850404449,21.978609825874628
73610,Banten,IDN,2023,2023-08-21,0.062005607192847624,0.30689639222788506,0.04146828877143149,0.07343055008008785,0.30414114787267943,0.2027577698915475,0.0979809110417991,0.66410584486027,0.6595441836892367,31.921520208007937,20.970963273204273
73611,Gorontalo,IDN,2023,2023-08-21,0.10255746514381388,0.33449984017673395,0.08983538241341381,0.11283273501830457,0.3188423088506657,0.2000695559946695,0.10127066911721158,0.5963995612780426,0.5336164550809974,29.800935227095778,20.50341965885914
73612,Papua Barat,IDN,2023,2023-08-21,0.2432932029741979,0.3953823774892831,0.251970622293,0.2559531659714772,0.36437164101859065,0.2425030874340481,0.13397331592489659,0.33243525386359474,0.27281475902570684,25.25509271051295,14.952992492607951
73613,Jawa Barat,IDN,2023,2023-08-21,0.09681772907789975,0.3010638129400764,0.07567626650953076,0.1028782891320891,0.29902265126115657,0.21233506231569402,0.11421146555068587,0.5750124611014251,0.5461454307971637,32.0025050913441,19.569866131072622
73617,Papua,IDN,2023,2023-08-21,0.17033006672325318,0.3536590129657562,0.1675766505862778,0.18161797805469002,0.33446669089782594,0.2148721321665865,0.1138439149706934,0.45031078364483246,0.36770558273669546,25.70609253583607,11.850520083806742
73621,Sulawesi Utara,IDN,2023,2023-08-21,0.1032800281509496,0.34449146730559943,0.09423810687830571,0.11629896650887496,0.30939172423326516,0.1854511735224719,0.09042972964415154,0.6382563585116264,0.523448079981432,27.828842149941327,19.235041433166547
73622,Sumatera Selatan,IDN,2023,2023-08-21,0.11794165173865817,0.348793267639715,0.11299074958417393,0.13182859051105786,0.33560108951665346,0.22051902028364143,0.1102765329693641,0.5488404321087148,0.5325501302670357,30.706632268545853,20.363160113976555
73614,Kepulauan-riau,IDN,2023,2023-08-21,0.10108609817959721,0.2948278273245157,0.09563330026376447,0.11604193566592244,0.27084971839415245,0.17034139791060027,0.0855108929634547,0.4977092380687134,0.4091202195301434,28.70079438211164,22.762515602308575
73618,Riau,IDN,2023,2023-08-21,0.0760754489558113,0.34193837775242675,0.06669351855207768,0.09055982609854504,0.3195925880279293,0.19242111256435876,0.08373753300545381,0.6657147164495449,0.5957987468301488,30.167010706830922,21.841994714103272
73619,Sulawesi Barat,IDN,2023,2023-08-21,0.04047321117824073,0.3185004914796285,0.027909358366431675,0.05702048431152601,0.3017635247521221,0.16302201822188153,0.061475568211966466,0.7853143150262774,0.635724333955754,29.027198532905384,19.52728832546536
73620,Sulawesi Selatan,IDN,2023,2023-08-21,0.08981207137133249,0.3086750521120361,0.07093669016297774,0.09899360635493282,0.30451891306437306,0.2008589316052856,0.10327958936217724,0.5949071777888081,0.5502182139263456,29.7416643943605,18.589220854583505
1512,Nangroe Aceh Darussalam,IDN,2023,2023-08-21,0.08462338320848263,0.391499517539648,0.06998764368406975,0.1034485359153266,0.3614811334471028,0.2095488026309112,0.0892498414412759,0.6653114524820402,0.6628908371451719,28.919494731281233,16.043931672058374
1513,Bali,IDN,2023,2023-08-21,0.07520198486729811,0.31227521243604667,0.055676035093030304,0.08374718100328658,0.3061846316956897,0.20033362508770597,0.10104910193040734,0.6359673853665216,0.6035476317317349,30.069724125079098,18.573707238083603
1514,Bengkulu,IDN,2023,2023-08-21,0.06488311236367104,0.3110688445034325,0.060762552597422186,0.0801793640118948,0.2945679195506325,0.1735813305722414,0.0750459313489957,0.7063973834524517,0.5668935280889527,27.552333043118253,20.164214793922742
1515,Daerah Istimewa Yogyakarta,IDN,2023,2023-08-21,0.06878146571013549,0.26276566058830547,0.041302910342783904,0.07138696067215738,0.29177138999918945,0.21917109033230697,0.12011837520065599,0.585948615794603,0.6336198595302817,33.504133669006244,19.784340800302505
1516,Dki Jakarta,IDN,2023,2023-08-21,0.11705913762768619,0.2091476727927836,0.07942611649506427,0.10835447583843401,0.23300792115865993,0.2196177591684816,0.17298544075084712,0.287231895585594,0.4190409400942543,38.64171751351932,23.851767423061442
1518,Jambi,IDN,2023,2023-08-21,0.14497538785801062,0.3361222978098557,0.14914910997339403,0.15864950696719307,0.32212261865684194,0.2160823574057959,0.11474209032632422,0.46809364932530134,0.3939603065272441,28.620443799267942,19.947532705119215
1520,Jawa Tengah,IDN,2023,2023-08-21,0.10045948988547082,0.28398271374854483,0.07374852316115317,0.10214098940630187,0.2978856929170778,0.2274783325101433,0.13040821627646254,0.51761652459248,0.5507109234121503,34.59335238657611,19.872719371051797
1521,Jawa Timur,IDN,2023,2023-08-21,0.08565133550129825,0.27998350987025894,0.05616304994642157,0.08674774117189586,0.29516592385260126,0.2219708315810463,0.12446574102434149,0.5501026476343397,0.6060516833792217,34.016721524269755,19.9699711502565
1522,Kalimantan Barat,IDN,2023,2023-08-21,0.13067930474137493,0.3875768350126806,0.1219755245538243,0.14656084285999402,0.3666939225788926,0.22880476663108162,0.11415163497739775,0.560679920179762,0.5422411998299999,29.44262580608281,21.446193705363832
1523,Kalimantan Selatan,IDN,2023,2023-08-21,0.08281284231903123,0.34332400293089965,0.06832795638318216,0.09566898564267923,0.3375765853691031,0.21412150871206476,0.09738590711283651,0.6462039799985201,0.618568790633963,30.950113836264535,21.674442827322963
1524,Kalimantan Tengah,IDN,2023,2023-08-21,0.16348066173802922,0.3805877640522065,0.1596204241004058,0.17732722048211194,0.3630511062898718,0.23959458102215023,0.13033899362953702,0.48218687195791543,0.44383648397957504,29.07987485952731,21.549162805068566
1525,Kalimantan Timur,IDN,2023,2023-08-21,0.10620468318713253,0.3624406786091798,0.09920990806444793,0.1217754431707281,0.3427647880048902,0.20294944998638148,0.09536043889880227,0.5910923037230398,0.5428835335321481,28.566077119734476,20.68148369043047
1526,Lampung,IDN,2023,2023-08-21,0.11038392517926536,0.3444136048663246,0.09515227068620677,0.12036453867572909,0.3412275480634589,0.24286524072181473,0.12733703794808562,0.5604510242286697,0.6460979793550133,32.68033295588492,21.097267106970335
1528,Nusatenggara Barat,IDN,2023,2023-08-21,0.07197558761737499,0.2979974770689658,0.043129708655995275,0.07498070379803776,0.3139442438308383,0.2183155343237444,0.11185286716321145,0.6146464906243375,0.6625577217141918,32.01446498034859,19.279228741814567
1529,Nusatenggara Timur,IDN,2023,2023-08-21,0.05210671357151877,0.2495310881994876,0.026295779791332567,0.053404615146345896,0.28204775129906007,0.2007063606300288,0.09924120795349112,0.6416102073506197,0.6394126992788783,32.01493544476572,18.555052290517335
1532,Sulawesi Tengah,IDN,2023,2023-08-21,0.0930043202469575,0.33673318074703285,0.084004484849837,0.10772889357739653,0.3164535608114256,0.18716897334122967,0.08808827341713692,0.6603880648498196,0.5432625760013701,27.593037182894587,18.613658777313027
1533,Sulawesi Tenggara,IDN,2023,2023-08-21,0.05400918236968784,0.31139940592721826,0.03964775049704248,0.06771468240450948,0.30352783123995786,0.17352680066773477,0.07282762063850072,0.7285600974475764,0.6068805562575873,28.763272028590634,19.272056420947678
1535,Sumatera Barat,IDN,2023,2023-08-21,0.0963874394219019,0.34472103888561206,0.09054422743481307,0.11222976368530246,0.3225217852732538,0.1961281574239917,0.09089561922378049,0.6213017138559268,0.5414610280667278,28.695884113859464,19.608564051505866
1537,Sumatera Utara,IDN,2023,2023-08-21,0.11303440971919475,0.3664512552222333,0.10467927394004406,0.12919620698844533,0.34063486237964596,0.21003867514333535,0.10083771304039871,0.5701527545691166,0.5418466065234401,28.984240426471825,18.252597672983104
73615,Maluku,IDN,2023,2023-08-29,0.08286324027276742,0.3288622720520783,0.07247202877895552,0.09718215508602084,0.30853055382002176,0.1813791952143405,0.08639044506920765,0.6688745914162316,0.6080372226361455,27.66910577227782,19.30724103729834
73616,Maluku Utara,IDN,2023,2023-08-29,0.10631045474726908,0.3168938279931218,0.10306996382165749,0.12038978676612544,0.29383974807916907,0.1781800116607811,0.08910844051569289,0.5733557756384645,0.444747851890672,26.62197611735151,19.538502593771156
73609,Bangka Belitung,IDN,2023,2023-08-29,0.07252309811484688,0.34402177476886797,0.05134124436848507,0.08320856893145302,0.3398057587447005,0.21729994790820997,0.09912447908483404,0.6669133214797575,0.689462416918767,31.904342596026535,21.57467430565429
73610,Banten,IDN,2023,2023-08-29,0.05890918669401613,0.2869876415754308,0.03830431372993435,0.0677933938850083,0.2874883612309934,0.19094324811385618,0.09276996022175318,0.656042056818341,0.6144874081827938,32.80667188276454,20.328155950499394
73611,Gorontalo,IDN,2023,2023-08-29,0.06240063664255159,0.30600709523028086,0.04667494553297705,0.0716048562903712,0.2962024535675743,0.17674342379130034,0.08202769685848084,0.6957821718368581,0.589285714984134,30.73830070754972,20.012280937192347
73612,Papua Barat,IDN,2023,2023-08-29,0.24751181283583779,0.4131347702656367,0.24665202639169406,0.2588736549658141,0.3863004691709281,0.2710634451860938,0.1589755757237913,0.3461714485888786,0.3199016583421749,26.525966503167535,16.71776356998034
73613,Jawa Barat,IDN,2023,2023-08-29,0.06648252919881734,0.2752973171500735,0.04100861006017299,0.07075637297197286,0.27841962708633183,0.19237626930654148,0.09995361896187821,0.6204374589631856,0.582202109067631,32.70344036937003,18.696342420226422
73617,Papua,IDN,2023,2023-08-29,0.1221795396458012,0.33539747408125226,0.11289453704448445,0.13454922967499067,0.3216332255995298,0.19554321920496234,0.09630079863215098,0.5616929609684551,0.4467269854120438,27.61855336161637,16.255036647951187
73621,Sulawesi Utara,IDN,2023,2023-08-29,0.04688673568532663,0.3337005930400666,0.0338790603569932,0.062318010261210144,0.30312293550618713,0.1645869293058694,0.06647368408883499,0.7623505086950998,0.6487632003072226,27.792042076260596,20.16455208931342
73622,Sumatera Selatan,IDN,2023,2023-08-29,0.05493271390226682,0.3486590062838105,0.03789357570947744,0.07003189938554953,0.34801225135353325,0.21417971361701346,0.0895636652217081,0.7332992792175913,0.7548848353166635,32.82210462640979,20.224155841579833
73614,Kepulauan-riau,IDN,2023,2023-08-29,0.10094285313240575,0.2989644486018222,0.09932107861219674,0.11792310256868152,0.2768741548719436,0.1727088087731993,0.08452735068658547,0.5162965960885502,0.4157919360732156,28.809617936474858,23.36695997866691
73618,Riau,IDN,2023,2023-08-29,0.10666170872741158,0.3511622542184265,0.10527921078184584,0.1232954990451122,0.3315899088197106,0.19917236277222367,0.08638300381362,0.5509359610429816,0.48223526642021397,29.538047147911506,21.78833640699382
73619,Sulawesi Barat,IDN,2023,2023-08-29,0.03333141666365546,0.3088141995886691,0.02122437796623719,0.048454710397677715,0.29405578161476137,0.15687555867847364,0.05624146353714805,0.8096881853872099,0.6358811021786135,28.529727113798643,19.38769106962536
73620,Sulawesi Selatan,IDN,2023,2023-08-29,0.0728982063581661,0.29329795636779576,0.05325966176793645,0.08031448367256626,0.29306762848486906,0.19063139244199548,0.09388245754668094,0.6295766874451072,0.5700305066927098,30.199298239509467,18.778382366550794
1512,Nangroe Aceh Darussalam,IDN,2023,2023-08-29,0.07786956830629498,0.36816144002877904,0.0649518763712431,0.09541609231125853,0.33711579757419186,0.18620645021908225,0.07529635022379624,0.659023765464189,0.6016940525508346,28.914791831721203,
1513,Bali,IDN,2023,2023-08-29,0.05951868855941075,0.2741986551683245,0.040777469010793294,0.06586710863661048,0.2724005793663928,0.17629065583109918,0.08732913023874074,0.6640932817343304,0.5628817862957198,30.471816944504138,18.541459135120135
1514,Bengkulu,IDN,2023,2023-08-29,0.04957697259433777,0.3158583804006993,0.03940372172593946,0.06467105491806725,0.3052309087973919,0.17728075330010334,0.07175202002550729,0.7477062272268946,0.6330537241594509,28.820465799488368,18.749242846924854
1515,Daerah Istimewa Yogyakarta,IDN,2023,2023-08-29,0.06574535484255249,0.25013508317207034,0.03710122658757031,0.06645236808624054,0.2817375855585619,0.2135011240410112,0.11862966787684072,0.581006998017444,0.6158824418230842,35.23331441788659,19.44060571622744
1516,Dki Jakarta,IDN,2023,2023-08-29,0.1290538987963997,0.23048172986185028,0.08731221601299152,0.11864728298087274,0.2502916038427327,0.2365764157772991,0.18180228890330452,0.29032322367194374,0.4635461503157213,40.55508735462428,23.806241244024694
1518,Jambi,IDN,2023,2023-08-29,0.07868181990552099,0.33095100500649133,0.07474522010860907,0.09413563386181742,0.32378692577185814,0.19818936579459975,0.08507361020194398,0.6466472314405672,0.5575718074133589,30.43596450610814,19.389184766463664
1520,Jawa Tengah,IDN,2023,2023-08-29,0.07269391005173885,0.26614807991536454,0.040089839533904624,0.0722711192245266,0.28440878519443735,0.21314036728884458,0.11833339449866406,0.5696937533229658,0.599667062459053,35.8971211468692,19.424095385013608
1521,Jawa Timur,IDN,2023,2023-08-29,0.07307697093652321,0.26000408420780713,0.04247640632318689,0.07290736153709275,0.2773952093239411,0.20856543746547032,0.11682218647361407,0.5645821592843968,0.590647668044137,34.71772656911624,19.51216225019372
1522,Kalimantan Barat,IDN,2023,2023-08-29,0.07035323336526025,0.34591412613483435,0.06150453268119813,0.08637574408564767,0.3318114239118688,0.1920980764573321,0.08198916449228386,0.6947878044275992,0.6199171469708334,30.5562149500616,21.13021089213765
1523,Kalimantan Selatan,IDN,2023,2023-08-29,0.061106574471506046,0.3029039495835219,0.045148232932764536,0.07200241499623217,0.30489069499996274,0.19052852822986208,0.08492260928664312,0.6844606385486712,0.6067315677131621,32.4246434537253,21.08763821904029
1524,Kalimantan Tengah,IDN,2023,2023-08-29,0.09243752255140164,0.3468672281389251,0.08577951996846045,0.10784425226325649,0.3356383850218781,0.20064451398053373,0.09205322323242075,0.6326039329046722,0.5582749924885305,30.23875544424522,20.93667423495333
1525,Kalimantan Timur,IDN,2023,2023-08-29,0.10610462832241335,0.3649482380241611,0.09910915074487008,0.1217700398622144,0.3483171401217577,0.21204311390267636,0.1023300822278951,0.6032754052848912,-1.535645709517398E10,28.833467497128982,20.685232807697076
1526,Lampung,IDN,2023,2023-08-29,0.07114332521694969,0.3269925689864051,0.044694265370312944,0.07850977597394292,0.33541377765190344,0.23422420656320583,0.1172948995176659,0.6573180550459357,0.7996167621309,33.7322836599524,20.536077806415346
1528,Nusatenggara Barat,IDN,2023,2023-08-29,0.0663265131127178,0.27416367115555573,0.038202679762397336,0.06668763134222218,0.293545822894828,0.20618993193446256,0.10739845502843265,0.6136496168572698,0.6311258082206282,32.572851005871115,19.01772952401187
1529,Nusatenggara Timur,IDN,2023,2023-08-29,0.05698334408327499,0.25196007484838207,0.02900791750823547,0.05622022377494331,0.28970156126505775,0.20959891968955022,0.10672360975577692,0.6220391371818845,0.6438423220447249,32.9539818426563,18.675317377381848
1532,Sulawesi Tengah,IDN,2023,2023-08-29,0.0657584725366472,0.31112378505208915,0.05766627201244685,0.07933355863316141,0.2934318800454443,0.16752304756918962,0.07440942456666418,0.712549116419497,0.5524561631320974,27.927607395154812,18.46438364913573
1533,Sulawesi Tenggara,IDN,2023,2023-08-29,0.05275366929924972,0.29682529367598476,0.039106487857268744,0.06461896501411939,0.29184179620734113,0.16746383149096433,0.07167761951333726,0.7286904317361047,0.5815098523204176,29.11966371529091,19.110434631807944
1535,Sumatera Barat,IDN,2023,2023-08-29,0.09213494247026957,0.33067258902533486,0.09046593813670094,0.10846599791031035,0.31285986705871455,0.18623623605502124,0.0829081912283094,0.5912004246791688,0.4964332626519278,26.643307110672993,19.40702388152977
1537,Sumatera Utara,IDN,2023,2023-08-29,0.09108040920168277,0.3481049436471856,0.08403268514139899,0.10747500840008152,0.32280106603282893,0.1885109989240049,0.08192560948795219,0.5924626849870059,0.5275600489170292,28.615537027803505,
73615,Maluku,IDN,2023,2023-09-06,0.15193693980713416,0.3645988823604785,0.14528132300844016,0.165001384077865,0.3416745599276369,0.22573570424524092,0.12229861502069349,0.5056751632556338,0.4740435774163293,28.20746252024726,19.49813942538334
73616,Maluku Utara,IDN,2023,2023-09-06,0.10022947067221792,0.3350906779611619,0.09446256989528888,0.11599951897778832,0.3116395326614611,0.18802306283078063,0.09183563305519558,0.5849955695249586,0.5048415669851213,26.72939782390249,16.603948762749482
73609,Bangka Belitung,IDN,2023,2023-09-06,0.08906702731739624,0.3214697399093875,0.07206083045121327,0.09783980472798191,0.3206029407197277,0.21491668233820654,0.10773264088019349,0.596565416496369,0.5846467222702441,32.14134521004754,21.81461594378047
73610,Banten,IDN,2023,2023-09-06,0.06214245797836656,0.2784720861480837,0.039560586144477175,0.06861912865960379,0.28324776303250343,0.1940901831695065,0.09778767893257106,0.6332685766223402,0.5973677786239622,33.53675472056864,20.667525384988824
73611,Gorontalo,IDN,2023,2023-09-06,0.09599830463536786,0.3383799404989982,0.07814815986270357,0.1041377104286514,0.32551557752418747,0.21099147295428555,0.1089661822343638,0.5990350252531568,0.5797842723056444,32.25970920896978,17.93357297866515
73612,Papua Barat,IDN,2023,2023-09-06,0.1802391538709343,0.3458203709011081,0.18458373209537604,0.19162919941283124,0.32155150122324316,0.20989884500165856,0.116804204632414,0.3984903808347682,0.3163375773613363,26.39966894119701,16.958200434875764
73613,Jawa Barat,IDN,2023,2023-09-06,0.06662422114855204,0.2592184562916082,0.04246646550325937,0.06963994113490232,0.26311321844776325,0.1843214775337908,0.09713275887889924,0.6019911718297067,0.53150910524977,33.37839921755029,19.234856940152813
73617,Papua,IDN,2023,2023-09-06,0.18784200109271795,0.37882027020728865,0.1847397825514843,0.20005443641432508,0.3585694173004932,0.23368206726369134,0.12611194242381316,0.422413010599571,0.38020846302298206,27.083094667652848,14.737299389062676
73621,Sulawesi Utara,IDN,2023,2023-09-06,0.10120803174053056,0.36925669491229884,0.09010632341774327,0.1161483304081598,0.33415858852254626,0.20681661142839414,0.10571130628913862,0.5951568961114704,0.5932078968002273,28.003120818112688,19.368779583415655
73622,Sumatera Selatan,IDN,2023,2023-09-06,0.057056499788681755,0.337936211811203,0.04021142859950291,0.07106109228624997,0.3330811707915389,0.2058604200575151,0.08755687757738824,0.723399081449531,0.7076609532248798,32.51496058918841,20.570805021772696
73614,Kepulauan-riau,IDN,2023,2023-09-06,0.12716891213740833,0.32139031814918584,0.12292174491556848,0.1435402852343749,0.29989116452835907,0.1989529831407908,0.10836124976850203,0.4554877271707353,0.41944234612738834,29.9912852111526,22.723549110346138
73618,Riau,IDN,2023,2023-09-06,0.1179281587457782,0.39112861503874163,0.10770134440631839,0.13264381380342852,0.3737148237649476,0.24639653570098816,0.1232135505517221,0.5715928427785015,0.5289218334459115,32.08548628309882,21.351361793077878
73619,Sulawesi Barat,IDN,2023,2023-09-06,0.07301542402992461,0.3023606768826101,0.06451329039911073,0.08557491777793991,0.28685109733366304,0.1703088911333871,0.08079071128601246,0.6652635042093386,0.5269081179282032,28.977611792609444,17.782882200955314
73620,Sulawesi Selatan,IDN,2023,2023-09-06,0.07242491832437878,0.3110245775501673,0.04953535674452413,0.08015631900583817,0.3111103471591109,0.20349560444594855,0.09959060185173808,0.6296124509571769,0.6188581258909206,30.986895592632084,18.86089418895749
1512,Nangroe Aceh Darussalam,IDN,2023,2023-09-06,0.05519031116912992,0.3654388562231548,0.03966816267358844,0.07301766836503601,0.33932952356919704,0.18876520242913938,0.07397560387697662,0.7398403839844494,0.6915897646549592,28.219888500950667,17.877369533571052
1513,Bali,IDN,2023,2023-09-06,0.06617696197357233,0.3270399573593685,0.042265610350486885,0.07469457555066114,0.32446281769093377,0.2110842993872044,0.10124927313697256,0.6617751196512339,0.6831900113202077,30.324925740447267,19.115926494748983
1514,Bengkulu,IDN,2023,2023-09-06,0.04220805745327984,0.3123633147871974,0.029480217434742002,0.057301060000964486,0.30613130937951133,0.17770033685761857,0.07021242561973691,0.7694409859766281,0.6574166324167046,29.27225106648491,20.231537382113945
1515,Daerah Istimewa Yogyakarta,IDN,2023,2023-09-06,0.11148741912277936,0.26955841610319997,0.08741660536376215,0.10994908146448835,0.2938492014534284,0.23146942970123444,0.1369370905736289,0.46048690821237626,0.4773786540195154,35.1100941823396,19.80883077738226
1516,Dki Jakarta,IDN,2023,2023-09-06,0.11027598277001249,0.18870095029822886,0.07502764699596501,0.10038891037787694,0.20863192920774834,0.2033642435617067,0.16455374783835022,0.27192732989037144,0.35825088876694766,40.85440012642023,23.628376801171285
1518,Jambi,IDN,2023,2023-09-06,0.08398499442399172,0.36016604961616167,0.07258363112370352,0.09908659265709652,0.35495226110224637,0.22464747066696256,0.10208684359752986,0.6586971998651372,0.6648349809457129,31.787261436932972,20.454525842489875
1520,Jawa Tengah,IDN,2023,2023-09-06,0.09204011691659839,0.27843558112582334,0.057056055993484615,0.08865149425061176,0.2984398594670194,0.23292805972022648,0.13622716603266719,0.5149030675657621,0.6244299147166834,36.2742013788434,19.966308953149213
1521,Jawa Timur,IDN,2023,2023-09-06,0.08007722742539167,0.2658226036219556,0.04910233026469669,0.07847015369956185,0.2812035542343894,0.21448685111319396,0.12269454235903052,0.5453784858744057,0.5914293176921726,35.83502798940449,20.291239701869728
1522,Kalimantan Barat,IDN,2023,2023-09-06,0.06883413008748873,0.3154095533195955,0.06177245794153874,0.08217925053037309,0.29850611685047646,0.17232598835477683,0.0771992752496102,0.677291079300566,0.5534248188483334,31.12108934200392,19.239300499239064
1523,Kalimantan Selatan,IDN,2023,2023-09-06,0.0882491991622853,0.31772446917085784,0.07697206028087916,0.09832571151650984,0.3188651525749215,0.21117413020480075,0.10628660110876115,0.59783340091661,0.5749566097057222,31.25299578488127,20.169411822007433
1524,Kalimantan Tengah,IDN,2023,2023-09-06,0.13596318535589394,0.33101861231431917,0.13981136746388276,0.14847282674582463,0.3164180880114728,0.20736607307325375,0.11351259040822602,0.48502689882277195,0.41311798954550794,30.373086392018052,19.81667012508599
1525,Kalimantan Timur,IDN,2023,2023-09-06,0.10640363191904545,0.3047822233276364,0.10600034223063791,0.11680536244904392,0.28708639155892135,0.17736301929947035,0.09350362689285698,0.5606028092909956,0.4309160757500902,27.62548528428706,20.154745262586573
1526,Lampung,IDN,2023,2023-09-06,0.07474991524868314,0.3175789113047047,0.049151228115877264,0.08022170552024332,0.32356912599498155,0.22813681599354482,0.11470554655955936,0.6390495297840759,0.724513954607073,34.379180790231466,20.974150189135855
1528,Nusatenggara Barat,IDN,2023,2023-09-06,0.09096059935657101,0.30220347016172405,0.05938891848811255,0.09021372557914763,0.32168538009129233,0.2352831610600995,0.12871613893899855,0.5515758295981205,0.6672351983431299,33.02817568957246,19.849029534225483
1529,Nusatenggara Timur,IDN,2023,2023-09-06,0.06487908053984266,0.2646067479574384,0.03297378418448258,0.062209170667774684,0.30307194581169355,0.22606966135246126,0.1184471605178562,0.6008992538889508,0.697580769677237,33.305937925282066,19.454912940614335
1532,Sulawesi Tengah,IDN,2023,2023-09-06,0.10328624758096652,0.3500090636956582,0.09630129841347473,0.11838923854494053,0.33042242955366746,0.20580014587791443,0.10346495750254539,0.5876249779888914,0.5475420113670365,27.45457674130121,18.300374240524988
1533,Sulawesi Tenggara,IDN,2023,2023-09-06,0.04557093359599026,0.2940568609946211,0.031395966923571196,0.05723053093799964,0.28757812285849954,0.16384085132803902,0.06678639081509676,0.756161191098681,0.619509940873434,29.370293357778582,18.743251794138377
1535,Sumatera Barat,IDN,2023,2023-09-06,0.12336213998667639,0.38423455587347777,0.11640593565464709,0.1392908527914362,0.36773642132283424,0.2433568793194229,0.12575466098387353,0.5629479010226375,0.598072973861463,29.258005893161304,19.559284244392074
1537,Sumatera Utara,IDN,2023,2023-09-06,0.08724790191579486,0.358389619164548,0.07790584277457675,0.10301122229955496,0.33665036874714327,0.2063954495548007,0.09562567554262993,0.6209241913348933,0.6127313110392063,30.739104871999594,20.951219200545847
73615,Maluku,IDN,2023,2023-09-14,0.1309353305165361,0.34953648324322956,0.12504835173835965,0.14366140272356723,0.32931624425766615,0.215843686571518,0.11699847676342269,0.5279538905129608,0.49794594297523387,26.918580429005207,19.572502108384008
73616,Maluku Utara,IDN,2023,2023-09-14,0.10085578338330087,0.320029602856468,0.0973601854685052,0.11464994659431434,0.29538873530584636,0.17732292915513942,0.08581901288037093,0.5893686829907165,0.4728336341257043,26.288912505824115,19.767540929905127
73609,Bangka Belitung,IDN,2023,2023-09-14,0.11104769745626039,0.369427960991566,0.09019358159490157,0.12061531194519143,0.3693923713610067,0.25384873325131696,0.12761264882638917,0.564787103656438,0.6659033639489155,32.399802711721726,22.492165289665518
73610,Banten,IDN,2023,2023-09-14,0.07381296147969037,0.29357601995029486,0.04957619854754236,0.07929324276519921,0.30267480242448247,0.21677888201957796,0.1122637834875129,0.5997324799200348,0.6311117617769905,32.93905041986439,20.783523706624628
73611,Gorontalo,IDN,2023,2023-09-14,0.06961561949617417,0.3232781016667669,0.05255746465896049,0.08083986432557898,0.31204113220458146,0.19276046855741005,0.09123342786210213,0.672275857872813,0.6251253432126918,30.68309955433035,18.824653965582364
73612,Papua Barat,IDN,2023,2023-09-14,0.1707806213559866,0.35075142603613146,0.17211475670605486,0.1826144949497178,0.3282443919441887,0.20892854138046743,0.11315668581954326,0.44065307114485663,0.3509731870727611,26.185209929934196,18.887807788491255
73613,Jawa Barat,IDN,2023,2023-09-14,0.09979584734212361,0.29155048066801825,0.07337680267743774,0.10169557617999471,0.2988740901778778,0.22280366287920259,0.12428890528021506,0.5337930602316416,0.5499552352510881,33.310727153357846,19.979472137980494
73617,Papua,IDN,2023,2023-09-14,0.11579528658669908,0.32219866650397994,0.10882927031196554,0.12708880325249372,0.3084102195907733,0.18625603293683354,0.09292225239287027,0.5507135442767125,0.4361779785317965,26.86457944330051,16.515364923089948
73621,Sulawesi Utara,IDN,2023,2023-09-14,0.07607806799736543,0.32989768348985343,0.06677384338415696,0.09037482574060407,0.30043253276103166,0.17711252744382294,0.08122978692989555,0.6741543040547159,0.5707769690410565,27.875504050204036,18.46658921384925
73622,Sumatera Selatan,IDN,2023,2023-09-14,0.10807724533803817,0.34842905906751964,0.09818268008985152,0.11961410405527824,0.3432452650104858,0.23174142928621178,0.1162325110481708,0.5811920127191763,0.5581540516081674,32.76424462529542,20.257085599250097
73614,Kepulauan-riau,IDN,2023,2023-09-14,0.10506687984821146,0.3091851637823951,0.09818819959050325,0.11900547383160852,0.2852229408706699,0.18432895482114814,0.09405219519655304,0.5137605628419248,0.44710180878191613,29.91306257053563,23.317333424640008
73618,Riau,IDN,2023,2023-09-14,0.07222520006167898,0.3028768709173919,0.06751682079202517,0.08338988955333469,0.2847695433368275,0.1727574566748014,0.07737139078065591,0.654439040161846,0.522958201036895,31.271521669070086,21.579214606113194
73619,Sulawesi Barat,IDN,2023,2023-09-14,0.05033504521695383,0.3529039703876291,0.03457601581931745,0.06827544935017496,0.33897854874208927,0.1945318909854048,0.07681337811295064,0.7586202483343959,0.7138811941424646,30.309019355904077,18.764150979735085
73620,Sulawesi Selatan,IDN,2023,2023-09-14,0.08019348845775391,0.3197057420769195,0.05423308418583072,0.08714351714438145,0.32384286877580554,0.21921520163753128,0.11049939813460703,0.6074595726597368,0.6569731930259296,32.66286616104376,19.12093490793791
1512,Nangroe Aceh Darussalam,IDN,2023,2023-09-14,0.1259085062926949,0.4000135675681591,0.11470284948022785,0.1422233761977669,0.3707717708489328,0.2300894972266564,0.11493945384334579,0.5488949300302267,0.5931790992388848,29.10156268781217,15.175149094448795
1513,Bali,IDN,2023,2023-09-14,0.10122588741741735,0.34350826906725035,0.07873675597094991,0.10849355206643624,0.3398293519046961,0.23680384427084183,0.12472963739558167,0.5743430027754659,0.6351378767187723,30.783106223990483,18.811073424033285
1514,Bengkulu,IDN,2023,2023-09-14,0.0618269207075365,0.2870088164719436,0.05446057240272804,0.07384426122776776,0.2781159358705941,0.16910212263572755,0.07565659273239375,0.7063034119739561,0.530513276396833,28.9633183602801,18.5837712398072
1515,Daerah Istimewa Yogyakarta,IDN,2023,2023-09-14,0.09343539618802955,0.25901029885738736,0.06506030562356521,0.09086136423272576,0.28679265058566417,0.22856229323061378,0.1334586130402437,0.4966628265200387,0.5438212962758566,35.81962375381036,20.45305559900947
1516,Dki Jakarta,IDN,2023,2023-09-14,0.11724843179721388,0.20199675507921921,0.08289631108495647,0.10638158808469905,0.22352523859047643,0.2170823975088163,0.1731935142221151,0.2716625333046944,0.3931860024111914,40.46954806495386,24.580969121226797
1518,Jambi,IDN,2023,2023-09-14,0.09281179847851659,0.33148883274702917,0.08988609499681367,0.10612772065834201,0.31932377192729,0.20272520028036656,0.09324078888928718,0.6150099414883782,0.5521127127697423,31.449503486978898,20.142540273637877
1520,Jawa Tengah,IDN,2023,2023-09-14,0.08105221995857223,0.25247291213792444,0.048886641548222615,0.07758446768427289,0.2707824186116791,0.21220053661786942,0.12203231221548849,0.5264023734127011,0.538789257479275,36.121415860490025,20.369442655281052
1521,Jawa Timur,IDN,2023,2023-09-14,0.08442278199577344,0.2697054049975018,0.05254005708664707,0.08189237701190936,0.28564729896099167,0.22186027256728622,0.1267416210839066,0.5392558034349856,0.6215131839496953,35.709019370485315,20.458060416683452
1522,Kalimantan Barat,IDN,2023,2023-09-14,0.11454779922782322,0.3407205960509309,0.11140642061731884,0.12826470248205182,0.3208902818507494,0.19847593692114998,0.09865061355322709,0.5505158578210448,0.4761317116668562,29.419830807728335,20.049435061267967
1523,Kalimantan Selatan,IDN,2023,2023-09-14,0.09334462817959345,0.3759200788885444,0.07381868640499811,0.10578990245395092,0.3735017221900437,0.25018823203567464,0.11850009063156826,0.6308602403174755,0.750719804285471,32.78668296519667,20.9454694835113
1524,Kalimantan Tengah,IDN,2023,2023-09-14,0.151249167230741,0.33772831100463246,0.15739788986491765,0.16281752141938668,0.3184643978954909,0.20756149995682288,0.11180428916469543,0.45393834234417724,0.3800462992868151,29.844597020971246,20.578717110802046
1525,Kalimantan Timur,IDN,2023,2023-09-14,0.1509055181016623,0.3857667046709121,0.1474769687882483,0.16513797940118996,0.36251045756701683,0.23078106694394698,0.11801473077314234,0.4867601789473852,0.48390145921441885,28.56305522872211,17.640592224463834
1526,Lampung,IDN,2023,2023-09-14,0.12312816952892092,0.33429036644078597,0.1028240383460797,0.12662765816465138,0.3422229069027305,0.25683456742615096,0.14126980223287297,0.5197069643930644,0.5927314761030462,34.22778432950426,20.689078810757888
1528,Nusatenggara Barat,IDN,2023,2023-09-14,0.08904275667930987,0.3098512369216907,0.05495819649128883,0.0879788308113375,0.330644838419756,0.24443314062337276,0.13355924619284765,0.5581313507067621,0.6911678804442225,33.75377912881072,19.372742101333966
1529,Nusatenggara Timur,IDN,2023,2023-09-14,0.06329871457707523,0.2539359658272496,0.03208051708192273,0.06035821262729137,0.29329345128574136,0.2220317143101354,0.11759642868936239,0.5911314079480491,0.6008384877467272,33.595968782131266,19.098287129846646
1532,Sulawesi Tengah,IDN,2023,2023-09-14,0.1063871979490228,0.36594457658417073,0.09529747857787287,0.12195729251623309,0.34621525375984047,0.21662469812732657,0.107231857571305,0.6135788289933204,0.5836824051090806,28.32670824289121,17.95059796590152
1533,Sulawesi Tenggara,IDN,2023,2023-09-14,0.08039540587026682,0.32627312352285576,0.06405782342439666,0.09190564671853267,0.3196705579091194,0.19911292526900473,0.0944044051681284,0.6540966220783258,0.5701017059364186,30.02191852272827,19.443398637852525
1535,Sumatera Barat,IDN,2023,2023-09-14,0.11197519152721266,0.3227971460824951,0.10967473397567212,0.12476305014346407,0.30809636951446606,0.20037045969295475,0.10334945048934407,0.5739077938430889,0.4690335291496619,28.635394736237377,19.249084769327215
1537,Sumatera Utara,IDN,2023,2023-09-14,0.09936221908068348,0.3286757210786093,0.09360318977314086,0.11200231672877073,0.3057505936252556,0.19226458191142867,0.09615783162454761,0.5948890053004718,0.5114702429066844,29.248527029060803,18.738713437949112
73615,Maluku,IDN,2023,2023-09-22,0.09202128630804902,0.32530902274755963,0.0843697014337024,0.10515870216071445,0.3076075994547756,0.19044941558741096,0.09422233057980764,0.6223199251643163,0.5351666800145606,28.68993023114262,19.89919691461383
73616,Maluku Utara,IDN,2023,2023-09-22,0.0720168712503234,0.3484763023522457,0.06159848459499471,0.0893468248722398,0.3281862152031799,0.19152561702424528,0.08281099665003386,0.6882601346719283,0.6212547760718179,27.896418067409996,19.22833753739722
73609,Bangka Belitung,IDN,2023,2023-09-22,0.08003790937419461,0.3684397460061106,0.050716804755976515,0.08873923292055035,0.37888043409628624,0.2584014336410144,0.12356141071987797,0.647104005633859,0.8307435639053194,33.04446452623804,21.503962081610652
73610,Banten,IDN,2023,2023-09-22,0.06697580761381026,0.2849266364045676,0.04047437631808572,0.07101251788784876,0.2963141297877369,0.21078999173733284,0.11020871960486522,0.6100338092954364,0.6371056253600267,34.746370246703506,20.972185156965544
73611,Gorontalo,IDN,2023,2023-09-22,0.05369244731217832,0.3238232026488433,0.0349257639019696,0.06481351298542064,0.31571009137918554,0.18899216680125255,0.08313664637112293,0.7217809173680366,0.7092604013784181,31.019572790046904,20.17225224610411
73612,Papua Barat,IDN,2023,2023-09-22,0.2217228761419207,0.38631880131283003,0.22629663889117257,0.2332128613464803,0.362550031687056,0.24869207275646388,0.14410410356571585,0.34923061933513094,0.3124729432365356,27.780458911463327,17.478293477425495
73613,Jawa Barat,IDN,2023,2023-09-22,0.08726256465882404,0.298226603490847,0.05503659737005492,0.08741647860425998,0.3112260024991796,0.23051745126635326,0.12729389636921593,0.5561086295534071,0.6306114547363452,34.85357534343461,19.912872716746598
73617,Papua,IDN,2023,2023-09-22,0.19463683085103456,0.3769128291089878,0.1919835733283959,0.2066468147961692,0.3537628147334714,0.21972421702076944,0.11391899797726325,0.4125949627596433,0.34187506523101197,27.703005420375536,16.01486540589145
73621,Sulawesi Utara,IDN,2023,2023-09-22,0.05780711397769185,0.37190280863075803,0.04073873003109749,0.07496709261195687,0.34332059365462797,0.1981411643534065,0.08298342395249123,0.7368316774932719,0.7290161120625328,28.814123582624788,19.147951167725964
73622,Sumatera Selatan,IDN,2023,2023-09-22,0.04912381657631268,0.3325050781720635,0.029076701356674717,0.061575545950543036,0.3325363813826017,0.20957145273312072,0.08900238373639242,0.7459063654626472,0.7778442420211935,33.92716994890492,19.468006417502085
73614,Kepulauan-riau,IDN,2023,2023-09-22,0.11260575020991642,0.2988196487382333,0.10985887776828988,0.12697317457850182,0.2797740851478742,0.1830352641789036,0.09627426895088873,0.4691200572925144,0.40473102019842166,29.850058933896065,23.47874317357999
73618,Riau,IDN,2023,2023-09-22,0.06964670644256664,0.33813256286273974,0.06120582468197361,0.08411360203200702,0.32126456531418807,0.19370492762882988,0.08115103244423079,0.6816291643763456,0.6262413647295171,32.03090266572121,21.202875167084525
73619,Sulawesi Barat,IDN,2023,2023-09-22,0.036673055899953885,0.3231771697820455,0.02314396379030219,0.05299450017848264,0.31296014534489847,0.17284931489863797,0.06393192955422762,0.7965195943867891,0.6787574811058791,28.592779591894196,19.13140542043311
73620,Sulawesi Selatan,IDN,2023,2023-09-22,0.060766545681938705,0.28901879449098505,0.035662991380342075,0.0657245943935357,0.29706624411303695,0.19560310444412385,0.09458451127861914,0.6536807769274722,0.6322485989839569,32.292713331950864,18.958184562049343
1512,Nangroe Aceh Darussalam,IDN,2023,2023-09-22,0.09629397819811798,0.3766279610193879,0.08417684500959426,0.11217810718815611,0.3518730976331702,0.21041295938454455,0.09788309053909997,0.6212518438038873,0.6084695648922683,27.082509131393806,15.62804332933831
1513,Bali,IDN,2023,2023-09-22,0.055987470892749816,0.2776441725494843,0.03301022596090586,0.061201027848180954,0.2822407558100285,0.18718660803963552,0.09277366596639754,0.6616589002931778,0.6087813450273676,31.861302473905493,19.723799518196856
1514,Bengkulu,IDN,2023,2023-09-22,0.03452438852325675,0.29931416406744604,0.021497640792509713,0.04913300086378072,0.2968660396561872,0.17322544471984377,0.06599475748299984,0.7919317061995235,0.6629542835929458,28.598711689653044,18.24004404389166
1515,Daerah Istimewa Yogyakarta,IDN,2023,2023-09-22,0.08927019127055985,0.2788854304771321,0.050632075811750527,0.08394606304612501,0.31867347071374774,0.256976751012253,0.15116277288090998,0.5133056809080553,0.7225234272476441,36.902898797903845,20.60169575854036
1516,Dki Jakarta,IDN,2023,2023-09-22,0.1101231549780789,0.19333026806718062,0.07275447854755175,0.09737830809589679,0.21588334600096595,0.21058701444712194,0.17395486580085287,0.27564202412231964,0.41344838851774235,42.55095733009985,24.30495610236404
1518,Jambi,IDN,2023,2023-09-22,0.042913853876522697,0.2978793658712551,0.03309713739331689,0.05535838190330178,0.2917138093772814,0.1710771863099136,0.06619226831638814,0.7639085612061458,0.6171136375448426,31.55178827631008,19.44151164769336
1520,Jawa Tengah,IDN,2023,2023-09-22,0.09292799112303096,0.27413477610138415,0.053777533544309676,0.08706861324388444,0.29792499047346904,0.23865306952123388,0.14298519333907372,0.5032139115377395,0.6378676868922724,37.728929833959505,21.016848609916366
1521,Jawa Timur,IDN,2023,2023-09-22,0.07810059614180889,0.26081783157609334,0.04188737886411723,0.073714331403811,0.28174467406412373,0.22026505119159645,0.1294401056130593,0.5388919460491375,0.6293438591872862,36.801436396568484,20.883217404924057
1522,Kalimantan Barat,IDN,2023,2023-09-22,0.06411310746138342,0.3316369976021848,0.05741211917816761,0.07898044445354205,0.31495876576576065,0.18077525154461538,0.07510974103821827,0.7032293766725244,0.6058179305579585,30.865297476087424,21.105764901960484
1523,Kalimantan Selatan,IDN,2023,2023-09-22,0.05741767268354386,0.2944098241721373,0.03901261624453494,0.06677267717646233,0.30275959999950275,0.1954351327331078,0.08902198048846312,0.6837827072082062,0.6321616816711305,33.24153275130355,20.395429911864763
1524,Kalimantan Tengah,IDN,2023,2023-09-22,0.08160574690265075,0.3370032590194596,0.07430191264427224,0.09620643622302337,0.3286943741929067,0.19574391835413274,0.08638149246596015,0.6602310317574205,0.584728010856773,31.123912051783037,20.597597001260656
1525,Kalimantan Timur,IDN,2023,2023-09-22,0.10666613900146181,0.337226280128009,0.10248638015483756,0.11988431019120761,0.3212954521004238,0.19460995471570255,0.09381299321357617,0.5800284052793322,0.4709119859896635,29.510556927971336,20.923666087055476
1526,Lampung,IDN,2023,2023-09-22,0.08153912537470666,0.33640096206176784,0.04490880710993302,0.08270179023755116,0.35507487282835526,0.2635302121699812,0.13829494472274959,0.6170435589419657,0.8688593159292082,36.724494148812695,20.603662652389573
1528,Nusatenggara Barat,IDN,2023,2023-09-22,0.06756616314993613,0.2690238643360135,0.035221169178855365,0.06513165687545619,0.29313557105341725,0.21447468389245183,0.11640026227284887,0.5933535490549188,0.6552705864509144,35.30254428829613,19.88042386333836
1529,Nusatenggara Timur,IDN,2023,2023-09-22,0.06592096496541325,0.2529857758321127,0.033504802527927965,0.0617902449488066,0.29640833940504785,0.22651516379672162,0.12189482790817055,0.5765212826243286,0.7469072096549892,34.1335357798455,19.71698565419267
1532,Sulawesi Tengah,IDN,2023,2023-09-22,0.04510166379466909,0.3201821160778022,0.0333166407311548,0.06087123140459046,0.3080435460658702,0.17038966079004134,0.06706977751248946,0.7616280636645908,0.6433545115329962,28.30614267896995,18.754348415499287
1533,Sulawesi Tenggara,IDN,2023,2023-09-22,0.0508306371405292,0.2955265323887123,0.03405919093423195,0.0615463262061354,0.2948511407566063,0.17332188938109386,0.07537743416152166,0.7321037843906508,0.6113817907689917,30.430010855165676,19.58028011513553
1535,Sumatera Barat,IDN,2023,2023-09-22,0.05980041139451389,0.32846797257336463,0.04895153224854249,0.07490622849347502,0.315604953151748,0.18712930653357843,0.07967961680642606,0.7151529594003466,0.6341315559922649,28.50977418498465,18.93934396662393
1537,Sumatera Utara,IDN,2023,2023-09-22,0.09534293010358134,0.40283195028060936,0.08128983429824499,0.11269999891455537,0.3840342539326446,0.240486181168683,0.10739854372946744,0.6295083161719267,0.7235454522201393,29.75660105066093,17.83321480468782
73615,Maluku,IDN,2023,2023-09-30,0.1006121580525039,0.34959260671997816,0.08581312271880945,0.11457338639355484,0.3339814455229629,0.21137812331475056,0.10736369205020106,0.5962735957626775,0.6079674208405321,29.276889496345827,20.42684768061646
73616,Maluku Utara,IDN,2023,2023-09-30,0.061598306372851026,0.375397671181054,0.045937570384387665,0.0817516005008924,0.35345673806715844,0.20357099679739263,0.08393903320247793,0.7322591998512915,0.7217683240054016,28.935290737655947,20.270592613838414
73609,Bangka Belitung,IDN,2023,2023-09-30,0.10024951461048233,0.32657523276732237,0.08098660712364979,0.10765274662344868,0.3359096665618607,0.2345614454852512,0.12137701223856767,0.5624116102995614,0.48287876468501983,34.08164504042065,22.243737917113723
73610,Banten,IDN,2023,2023-09-30,0.08657871485662455,0.2777770748822179,0.06390664759316372,0.08984677908494684,0.2903638873887186,0.21368914260929267,0.11730359120077802,0.5452890308730725,0.5522604403857726,33.994785597515175,21.626328255504593
73611,Gorontalo,IDN,2023,2023-09-30,0.06658685446749471,0.33115201158892205,0.04786498946781015,0.07664481591354168,0.32277343964837213,0.19981572919386137,0.0937908827027835,0.6840730817163442,0.670314139502955,32.29385200871831,20.59297872319421
73612,Papua Barat,IDN,2023,2023-09-30,0.10473497888744149,0.31646203058878497,0.1013164152272962,0.1168077372204637,0.29891484994276574,0.17969222358932452,0.09087982553289495,0.5819071738548464,0.44784221228023724,28.814155284919764,20.598806956268536
73613,Jawa Barat,IDN,2023,2023-09-30,0.07784264911976808,0.25188492332598084,0.05111041215950895,0.0764559195939939,0.2624395103985566,0.19322457752092584,0.1076075363472803,0.5541905526639778,0.49736898731651974,34.77589398580985,20.205683980533017
73617,Papua,IDN,2023,2023-09-30,0.14739758470623748,0.3688550013284736,0.13717981599926374,0.15997353907223338,0.35452035730725373,0.22611732405960328,0.11924992703305702,0.5196578681980999,0.4652656100308373,28.910153080155684,16.86317677196972
73621,Sulawesi Utara,IDN,2023,2023-09-30,0.051253238334558644,0.35928479260825646,0.03350963284309976,0.06685272648345954,0.3318663197981607,0.18971610132934283,0.07842690755848367,0.7559345595118174,0.7296231787380845,29.78762323821156,19.85947527228088
73622,Sumatera Selatan,IDN,2023,2023-09-30,0.08139055817432939,0.3552936017973064,0.06431448847171901,0.09435056873273216,0.3663714593353837,0.2485067281931665,0.11779075748334415,0.6521528473498857,0.7629596198615304,34.729226507972804,20.609735851864066
73614,Kepulauan-riau,IDN,2023,2023-09-30,0.09916936794033228,0.28966838258214944,0.09855125695513046,0.1158222144294815,0.2744281299189064,0.17789906395072558,0.08970755761565731,0.5118342366978336,0.3242125227987671,29.366222363771012,23.574475534009924
73618,Riau,IDN,2023,2023-09-30,0.14506056664134243,0.3788244833040168,0.14807172167913737,0.16278413033315028,0.3670281213685155,0.24777217847816285,0.12366025814760158,0.4989182542319547,0.5275022880150924,30.57407450448677,22.002036380964224
73619,Sulawesi Barat,IDN,2023,2023-09-30,0.03941965441533043,0.28656131105118166,0.027818233164731376,0.05257296407477051,0.2751284531769231,0.15229465339115078,0.059515135220448476,0.777163443407146,0.580787248305152,29.017575549289447,19.715622144154807
73620,Sulawesi Selatan,IDN,2023,2023-09-30,0.07593782409845275,0.2672065019843133,0.05447590443449308,0.07820360230774485,0.273786088732268,0.18630382071176058,0.09683256648648964,0.5999428500884795,0.5167475827203691,32.59402298336796,19.453408971017183
1512,Nangroe Aceh Darussalam,IDN,2023,2023-09-30,0.0729605401531855,0.3241670513441532,0.06411368761966571,0.08704150388864271,0.3013569409770141,0.1731399947312884,0.07635490576340735,0.670566534641588,0.553395329427424,29.37504835648688,17.627332285410112
1513,Bali,IDN,2023,2023-09-30,0.07585168143593256,0.3039318965517223,0.048792568096476335,0.0800737007341673,0.315328684798907,0.21927348986641454,0.1134652716354263,0.6101828890721755,0.6466912714808009,31.843977570779618,19.466108764752732
1514,Bengkulu,IDN,2023,2023-09-30,0.10445795696353087,0.34732580131416596,0.09496805410466236,0.1180957969412901,0.34879938535094274,0.23202820792524145,0.11475757194912976,0.6011314307122554,0.5904416614563548,29.569379883873964,19.143270344251786
1515,Daerah Istimewa Yogyakarta,IDN,2023,2023-09-30,0.06677121734707785,0.22401971835589649,0.03941471058929914,0.06175368475715869,0.2539915677832138,0.2010674386729113,0.11403905139088504,0.560346324053142,0.5690534607703867,36.661312077719884,21.20098591506106
1516,Dki Jakarta,IDN,2023,2023-09-30,0.13881247759334028,0.21232012558264782,0.10590984914730546,0.1272563893784533,0.232018485964514,0.22639269140291624,0.18174844955698424,0.23696617995653255,0.3775764868298356,41.42969023917268,24.885540492492424
1518,Jambi,IDN,2023,2023-09-30,0.09952175911001296,0.36491977763617656,0.09251444843378201,0.11500635248271898,0.37116226114876,0.24653383739198162,0.11505615828217336,0.6162041417650932,0.659885315716823,32.629023161164284,20.743791080666146
1520,Jawa Tengah,IDN,2023,2023-09-30,0.09308095274963483,0.2624694357762891,0.055388125687958055,0.08564276143011405,0.28595456495187144,0.23184275491308348,0.13916151496490115,0.5010712929795696,0.656415323235348,37.48886995448311,21.20707362261493
1521,Jawa Timur,IDN,2023,2023-09-30,0.08349571984354125,0.2663233851757284,0.0459530800523639,0.07762867743236726,0.28905537031774575,0.22945609464113004,0.13525824966994243,0.5305068763353574,0.6969617599002199,36.974317920226326,21.534939268365658
1522,Kalimantan Barat,IDN,2023,2023-09-30,0.05520080833015926,0.34023493326088183,0.0474752272268892,0.07194699919311998,0.33176681031398125,0.19077563514403423,0.07553477568388703,0.7404931491713053,0.6783074825944654,30.065846139538543,20.632761039913
1523,Kalimantan Selatan,IDN,2023,2023-09-30,0.09241208619460439,0.3470992229342729,0.07203765203779273,0.10159059410236808,0.35979948106465304,0.2493688934999085,0.12470123930799117,0.6052269811932576,0.7578158952238248,33.86284048164632,21.87538827778127
1524,Kalimantan Tengah,IDN,2023,2023-09-30,0.09415201881165021,0.3146745151335721,0.09786460610916428,0.10937634337796302,0.3042221945219111,0.18180503175704524,0.08294562276489588,0.6071563525465652,0.4896405633869333,30.918073109144494,21.385473038192774
1525,Kalimantan Timur,IDN,2023,2023-09-30,0.10625184949053973,0.34102125973983666,0.10635901691777327,0.12118391622237765,0.3266732199809961,0.19892743564793652,0.09571965384649901,0.5754108466803941,0.5345605128441535,29.365909265218647,21.03266270108138
1526,Lampung,IDN,2023,2023-09-30,0.11189959168680634,0.3041721704995655,0.08637448755342654,0.11212461640113738,0.3227816777820844,0.24607787556255908,0.13842638949473388,0.515841103300691,0.5815778015488534,37.30578818241907,21.278412431462282
1528,Nusatenggara Barat,IDN,2023,2023-09-30,0.07458533893442147,0.27216409700123656,0.040571264363868244,0.07132526290119981,0.2964032488402595,0.22019416369958394,0.12166332215478015,0.5666156565766329,0.6377983128812514,34.58078335598113,20.572597757372908
1529,Nusatenggara Timur,IDN,2023,2023-09-30,0.08026401760320585,0.28207540879619225,0.04113562904039016,0.07402772648373455,0.32752724722006477,0.2580791370476792,0.1426901144159465,0.5504047896511356,0.7926281528382251,35.09488270439785,20.25657837923221
1532,Sulawesi Tengah,IDN,2023,2023-09-30,0.0804131386957469,0.3122198063041686,0.07277005405724635,0.09229700927337259,0.2971699518102271,0.1789601972502719,0.08453817088740594,0.6590144495120595,0.5287808028263297,28.978782804357422,19.12339458942861
1533,Sulawesi Tenggara,IDN,2023,2023-09-30,0.07562097572386692,0.3028712462157687,0.05924047464875272,0.08391527613479759,0.3010842778568849,0.18868132279187289,0.09032867655693443,0.6608263896937111,0.5657938144298175,31.921049943588987,19.877926786624013
1535,Sumatera Barat,IDN,2023,2023-09-30,0.15243560549288337,0.3765493002685802,0.152886505150506,0.16813322142525836,0.36704823532365516,0.2513731790484343,0.13364980476249552,0.48740183891749594,0.49985983020102354,28.736895181291427,18.018077045187574
1537,Sumatera Utara,IDN,2023,2023-09-30,0.07577045858380195,0.32385691777838577,0.06833872398704723,0.09001653043022612,0.30377486758280414,0.1839232682462815,0.0824353264398099,0.6478883548477591,0.5553172666309821,29.106645297096566,18.646194992366166
73615,Maluku,IDN,2023,2023-10-08,0.14324521342905658,0.3468128934561582,0.13506643223762874,0.1546186681938207,0.3308511983472813,0.21797458468375785,0.1169260047682326,0.5191572615797684,0.46149943990097325,27.64413408386502,20.777177313407158
73616,Maluku Utara,IDN,2023,2023-10-08,0.06508412104832792,0.2947347883543723,0.0572474590858388,0.07747365690940637,0.27675956207048685,0.15833823415591025,0.07015717268800556,0.6884135638580576,0.5150405958494496,28.277930896520555,20.243774160477372
73609,Bangka Belitung,IDN,2023,2023-10-08,0.11020071730376806,0.32619640090463575,0.09630298374746901,0.11785858152860197,0.3294483052900646,0.23178654466536666,0.11938449239203215,0.5267193886032455,0.5709506713062319,34.19953694101993,22.3753946731347
73610,Banten,IDN,2023,2023-10-08,0.09185476595122084,0.3021506209980923,0.06660960991355122,0.09551203711812277,0.3261466741738097,0.2499205156954581,0.1371318913572706,0.5462049902199837,0.7273921414352754,34.4575559187628,21.530172484088926
73611,Gorontalo,IDN,2023,2023-10-08,0.062299377337338015,0.3133017830742993,0.04338729557744993,0.07114725177595298,0.3063172510866493,0.18716420572126913,0.086305326436572,0.683014000558417,0.6204566991840107,32.64032457686494,20.586956231535623
73612,Papua Barat,IDN,2023,2023-10-08,0.14783069081418723,0.3750604760607565,0.14602857239206643,0.16161755787094212,0.35546996009006565,0.22334004665159626,0.11575889316226756,0.5028137119125807,0.4706013130069548,28.51661688448696,19.96886087182729
73613,Jawa Barat,IDN,2023,2023-10-08,0.09463327538952489,0.29162735074997514,0.06168126605213104,0.09308445336791113,0.3112307575149742,0.24102841475289033,0.13750341749650133,0.5318172564944652,0.6348707773825174,33.92794825391763,20.83431293978774
73617,Papua,IDN,2023,2023-10-08,0.0950116904339462,0.3418143764442681,0.08196277884226724,0.10809024492754192,0.32925235993432095,0.19826583750482227,0.09686080003515542,0.623251218181979,0.5378701047023665,28.680586453346567,20.088734227170175
73621,Sulawesi Utara,IDN,2023,2023-10-08,0.06215732761509781,0.3063912961620654,0.05108103769073469,0.07347526758929897,0.2821966345222846,0.16161597555331236,0.07070890819208127,0.6975169613802829,0.5513952141487344,28.807159996813873,20.17190991233267
73622,Sumatera Selatan,IDN,2023,2023-10-08,0.09386345004891998,0.32782360990772136,0.08218218352203785,0.10442559166930794,0.33314319667844045,0.22620822747592087,0.10955470770782146,0.5946413456674018,-5.315624568092228E9,33.977529792634144,20.76342868053541
73614,Kepulauan-riau,IDN,2023,2023-10-08,0.08723287939552068,0.289496685232976,0.07932460964382876,0.10153104453490532,0.27587249649356854,0.17668509437127286,0.08680892923784353,0.5477409988644957,0.4420601605664359,29.09703034502977,23.42708811126255
73618,Riau,IDN,2023,2023-10-08,0.12011308358841101,0.33599033023316344,0.12101742307436084,0.13254082944024856,0.319610597610781,0.2063707558226463,0.09950259106608865,0.5281959528414277,0.4358742581081408,31.07760444904611,22.035670712644304
73619,Sulawesi Barat,IDN,2023,2023-10-08,0.04540517607719008,0.31367454100642533,0.032207887391335906,0.059736177976871564,0.3035947454349778,0.17318341765745676,0.0685524363652449,0.7589318929391797,0.6378066890948454,29.453854941469487,19.417628557204214
73620,Sulawesi Selatan,IDN,2023,2023-10-08,0.08344839168123364,0.3288216535615119,0.0517725641405552,0.08714373605437385,0.34277441907586936,0.23882076586735523,0.12220756600142371,0.6031262464146405,0.8738424567157071,33.30065075568607,20.23484685565025
1512,Nangroe Aceh Darussalam,IDN,2023,2023-10-08,0.12332212258235792,0.3614678365240617,0.1183234655575249,0.13867226998419396,0.33748242855194965,0.20806898877183647,0.09971310263347878,0.5538714394606039,0.4951558892065201,26.668738294803127,16.416591361301812
1513,Bali,IDN,2023,2023-10-08,0.06397076051832931,0.2921306871390789,0.037662545318667626,0.06785119284324723,0.3008008056784622,0.20651966253999832,0.1035749293197023,0.642094735101772,0.6468084472375758,32.5516461312494,20.453301505257915
1514,Bengkulu,IDN,2023,2023-10-08,0.11057455250243299,0.3268981609750133,0.10538864800955146,0.12264151252505807,0.32897331222296106,0.22430148795633723,0.11325890431279577,0.5561643639174185,0.5281158685233767,28.402938316408544,18.989294230958155
1515,Daerah Istimewa Yogyakarta,IDN,2023,2023-10-08,0.07403778677219701,0.23317094233169036,0.040331092714978985,0.06835712344228975,0.2710441424593744,0.22065830020756794,0.12946855128931584,0.5158139625905088,0.5759615357111538,37.50286276787962,21.080963485649978
1516,Dki Jakarta,IDN,2023,2023-10-08,0.1449844304005131,0.2199602728984402,0.1120599148434055,0.13235904160451997,0.2470856106727189,0.24584648432324352,0.19731955881156651,0.22921098006560037,0.37340482166375943,41.016869182309584,25.158719994165292
1518,Jambi,IDN,2023,2023-10-08,0.11286837122515113,0.3249730805505081,0.11395045628508425,0.12476984966420786,0.3200210299904998,0.2115012654043358,0.10333259993440429,0.545891483200122,0.508306793537967,31.94320823944137,20.48340973930209
1520,Jawa Tengah,IDN,2023,2023-10-08,0.09462532035206263,0.2595721203473507,0.05768588067597708,0.08815570537560262,0.2842256710825269,0.2324021384387791,0.1398457905041178,0.48039531571538974,0.5677364479881908,37.304967421151446,21.247756459427546
1521,Jawa Timur,IDN,2023,2023-10-08,0.08229307209313472,0.25769805416452696,0.0450301716751375,0.07601400415416214,0.28240192734872843,0.22670213471190656,0.13442411015261635,0.5192542822693836,0.6570950669735404,37.12338837206082,21.62717118214619
1522,Kalimantan Barat,IDN,2023,2023-10-08,0.12483032636011404,0.37619872862016873,0.11913986079033853,0.13917365517522648,0.36213817471828047,0.23187429565540704,0.11266278180331697,0.5444251358172361,0.5376740460364638,30.00629735702287,21.277453114801858
1523,Kalimantan Selatan,IDN,2023,2023-10-08,0.11004323721806522,0.35117188977407304,0.09103198214788377,0.1183499040274757,0.3661286065210445,0.2613601266307547,0.13426297207571689,0.5551593148544731,0.5861531417001454,32.938904244655674,21.126528180581264
1524,Kalimantan Tengah,IDN,2023,2023-10-08,0.18597924115321798,0.3824055448539527,0.18475198201020546,0.1986976595271722,0.3736416189894692,0.25223353591989334,0.13443667295213121,0.40943334259295655,0.3984422739953693,30.615726352452697,21.149348498424338
1525,Kalimantan Timur,IDN,2023,2023-10-08,0.10590667113043128,0.36774973954057405,0.09835058047680631,0.12112485893547055,0.35255934426164753,0.21459234420968099,0.09952249939434808,0.5945334977216327,0.5680467077457483,28.472684543562863,19.579869829188087
1526,Lampung,IDN,2023,2023-10-08,0.12472364720854728,0.3421680634589181,0.08957495654203429,0.12157083253902014,0.37814724118955617,0.3052593424780522,0.17851148184197269,0.49995832169879406,0.6021889783107869,37.03776817227716,21.450396780452216
1528,Nusatenggara Barat,IDN,2023,2023-10-08,0.07671632011862255,0.2825402763867165,0.03909991165790983,0.07200793926784006,0.3113060032847386,0.23505235147979786,0.13147488575224797,0.5677674650478501,2.45941780752451E10,35.47669709518922,21.486830262169832
1529,Nusatenggara Timur,IDN,2023,2023-10-08,0.07171918822123263,0.2566490519967334,0.0362872643825852,0.06637263385535522,0.3025184049073844,0.23910927543307733,0.13339257407919783,0.5546284379782039,0.6182995537649391,34.81164021782111,21.04769574236752
1532,Sulawesi Tengah,IDN,2023,2023-10-08,0.057289375921353455,0.3353073564184623,0.0435350916524542,0.07256742420872961,0.3242309331345228,0.1872057986456173,0.07786604177705142,0.7236746433160389,0.6613428554329357,28.80076711602729,19.33479112680906
1533,Sulawesi Tenggara,IDN,2023,2023-10-08,0.08373719175407698,0.3486767202832165,0.06208219947188007,0.09406425202812524,0.3534901475728417,0.22671606646364026,0.10800993825153926,0.6356585640863294,0.6734275059610182,31.561146716861135,20.507111445176267
1535,Sumatera Barat,IDN,2023,2023-10-08,0.1302901036416363,0.3282106542744189,0.12974982658158946,0.1431552011986424,0.31584503236920713,0.210012799044264,0.10902397971115278,0.5178424249194391,0.4311298003460761,28.5362252426286,19.370804456112122
1537,Sumatera Utara,IDN,2023,2023-10-08,0.12953173402036197,0.3370094500429557,0.13238209550202298,0.14394930115888285,0.3113634765370942,0.193851166971189,0.09447514542563339,0.5070419878432227,0.42362366006924274,28.46515355025275,20.228650058978
73615,Maluku,IDN,2023,2023-10-16,0.0910941685614886,0.3555464021430352,0.0764885245897815,0.1063090125545479,0.3372999849074873,0.20893297905669303,0.09959792733235452,0.6292890651783419,0.6835361343120979,30.31388246819464,20.910640741426157
73616,Maluku Utara,IDN,2023,2023-10-16,0.07798720288787593,0.34314354128908026,0.06845530284274641,0.09530079084284356,0.3194421455923307,0.18708582029569273,0.08208225823900853,0.6628790486875785,0.5910690201766207,27.797702959155785,20.40503541384283
73609,Bangka Belitung,IDN,2023,2023-10-16,0.11835440753766277,0.34671984342406464,0.102670748252975,0.1276129276157504,0.34827663668790454,0.24751452839957294,0.12902228960073298,0.5149574179392237,0.5902944402033731,33.1125299948908,21.906161332417714
73610,Banten,IDN,2023,2023-10-16,0.07914531236896435,0.28712159285042743,0.05257731161481548,0.08217862116499436,0.3035707595574391,0.22641293570883259,0.12020736238591077,0.5817309138943391,0.6782570763290021,33.98530206237487,21.46041693417568
73611,Gorontalo,IDN,2023,2023-10-16,0.0768051772880481,0.304278283959874,0.06258091409997149,0.08438495320761785,0.2944398019210835,0.1875429228381466,0.09190585154737235,0.6411834046816887,0.5767990666093616,31.84858954309968,20.062279080045847
73612,Papua Barat,IDN,2023,2023-10-16,0.08737073712880875,0.33640415492521897,0.08118085787339577,0.10216931595938124,0.31560284476185285,0.1827374574943025,0.08342773601061097,0.6297716991914519,0.5354387222093425,27.524150567681247,20.31554902650821
73613,Jawa Barat,IDN,2023,2023-10-16,0.09191509231027092,0.29092093166751914,0.05640533969186682,0.08851335678299502,0.3118224482321733,0.24334222404120623,0.13900541991072352,0.541202604975339,0.7820699295694692,34.717813429993754,20.748460880514585
73617,Papua,IDN,2023,2023-10-16,0.08350771913230683,0.32058184205980306,0.07344570125789543,0.09726627121352803,0.3085180740993401,0.17913449213212956,0.08179618892043218,0.6363221687651432,0.5241160177631589,28.92795317719215,18.012932953961016
73621,Sulawesi Utara,IDN,2023,2023-10-16,0.07995070476253999,0.36146295909213144,0.06504746818003232,0.09447213160372239,0.33551607573214365,0.20473194754279578,0.09350677043398846,0.6646878329893249,0.6575643863067243,28.937630449453938,19.39609716103939
73622,Sumatera Selatan,IDN,2023,2023-10-16,0.1123931132955145,0.3426200412751144,0.10358373726014598,0.12543806799493046,0.34063818097792464,0.2314207818374687,0.11224245107087347,0.55795707340187,0.5279594958084916,34.66660879665428,20.952480838986006
73614,Kepulauan-riau,IDN,2023,2023-10-16,0.12079871953601094,0.3166411374741801,0.11411314126453873,0.1360965373303647,0.29642435264420136,0.19521700161312075,0.10147072272553523,0.4685077370948875,0.41902959382829486,28.6208663537002,22.59841618692465
73618,Riau,IDN,2023,2023-10-16,0.1471822521361698,0.36077630427365665,0.15065208985068218,0.16372471888674656,0.34120374966415157,0.21491066781938295,0.10430884218557011,0.46488275654268807,0.4252083374909614,29.731259921841417,19.996089512420454
73619,Sulawesi Barat,IDN,2023,2023-10-16,0.06183213773213727,0.3275964210446109,0.049340370381323384,0.07683480997210468,0.31353141428733,0.1850465275128626,0.07797615864025433,0.7094541799555901,0.6198380863467126,27.990263499911915,19.839311238637606
73620,Sulawesi Selatan,IDN,2023,2023-10-16,0.08099619003921675,0.31083669156610855,0.052687754348935044,0.08441854567741006,0.32240076161841147,0.22511156147496414,0.11547163262343384,0.5872572215266558,1.5132957878573929E10,32.93879666852498,20.192567988340805
1512,Nangroe Aceh Darussalam,IDN,2023,2023-10-16,0.08726417092625562,0.2865656115322823,0.08737746746570196,0.09866667267487673,0.2636916506876088,0.15301957116950254,0.07112164525575586,0.5955646695719766,0.420025454529882,26.76632545628788,16.77925008279166
1513,Bali,IDN,2023,2023-10-16,0.05936574868450571,0.27724922113600564,0.033012024030400336,0.062451826026092824,0.28901669097526983,0.19965716229282088,0.10038940085768792,0.6443372982874742,0.6291471626072929,32.41233277102176,20.444245078038144
1514,Bengkulu,IDN,2023,2023-10-16,0.11242601743440774,0.32172826365719454,0.11008401425034059,0.12633700729907565,0.3213149372289887,0.21795190237769008,0.11194964071191232,0.5567055424975792,0.4908503138642719,28.968189147794277,17.306807654716362
1515,Daerah Istimewa Yogyakarta,IDN,2023,2023-10-16,0.07998671974731429,0.24521131442570626,0.043851281526498656,0.0738944020943082,0.2833135066065708,0.23298654990553366,0.13749620079819494,0.5036475429069578,0.028853928017662258,37.100902117316714,21.28269746362885
1516,Dki Jakarta,IDN,2023,2023-10-16,0.14221945688213677,0.222082681966157,0.10837907011045708,0.13050692661151134,0.24332945713799803,0.236660765656819,0.1854197663235619,0.2370699983461798,0.3632938554373867,42.07160149055111,24.43003127079781
1518,Jambi,IDN,2023,2023-10-16,0.12295087211251285,0.3598846008819307,0.12216371680391147,0.1401164687880891,0.3519887248295086,0.22236808223824314,0.10023735587204051,0.5401327128532548,0.49582821723655557,32.713413448392096,19.673777051088617
1520,Jawa Tengah,IDN,2023,2023-10-16,0.09536311159130964,0.2724135941506632,0.05401988833777386,0.08768280645846682,0.2986796261690382,0.2469862032210112,0.14888473331353994,0.49029121391164093,0.7033544129371654,38.009935156932755,21.23360759327104
1521,Jawa Timur,IDN,2023,2023-10-16,0.0863635915917458,0.2630578746630222,0.046663612737342416,0.07911545964652694,0.28726946100040096,0.2323469253245206,0.13985759424984637,0.5117210641085906,0.718615660865549,37.898575914316325,21.60278765239395
1522,Kalimantan Barat,IDN,2023,2023-10-16,0.09765118245767428,0.39521615401227245,0.0857547198333654,0.11594552466547094,0.37849165567475873,0.23420831725280147,0.10668656729651918,0.6369199011631903,0.6742151747304538,30.32897125956489,20.198126057363808
1523,Kalimantan Selatan,IDN,2023,2023-10-16,0.10995475648585863,0.3220312317940828,0.09810595660547476,0.12026106099692684,0.3281521342204028,0.22677286561177254,0.11399700242392462,0.5267875988340038,0.6052435409529004,30.649498566299354,22.180330522711806
1524,Kalimantan Tengah,IDN,2023,2023-10-16,0.09337794940577139,0.35799037129057465,0.08178002308139996,0.10861038685676698,0.3506407321566837,0.216494268149045,0.09884077394800907,0.6258427348304596,0.6018490325124305,30.85301396233629,21.538529373964618
1525,Kalimantan Timur,IDN,2023,2023-10-16,0.08437153170256545,0.3322714734958748,0.07802086342543191,0.09905310180461871,0.315407313986384,0.1829387367760216,0.08124244834141586,0.6386363626702622,0.5412926901117818,28.507770704873508,21.116465838425253
1526,Lampung,IDN,2023,2023-10-16,0.12646017832364248,0.3100332904234903,0.10187944963871118,0.12515032081503652,0.32860526799235357,0.256493713443355,0.1455143066466574,0.47799719815673547,0.5497111591837032,37.61227142453753,21.16138497568607
1528,Nusatenggara Barat,IDN,2023,2023-10-16,0.07135355651828978,0.2579080328529811,0.03664144613839673,0.06593997208148651,0.284341324182885,0.2159340306308476,0.12217085846957934,0.5675424603380171,0.6572002824038076,35.831556652516646,21.543793548815575
1529,Nusatenggara Timur,IDN,2023,2023-10-16,0.07163300765996541,0.25132700886752435,0.036480246014777465,0.06552885931603503,0.2950730673889693,0.23433589101129615,0.13247407224855304,0.5560671718493612,0.7415076019128759,36.26180866485994,21.008220916938185
1532,Sulawesi Tengah,IDN,2023,2023-10-16,0.06331901773275785,0.31805126430074787,0.05375039308887543,0.07787589050391974,0.303868454363778,0.1767269318668668,0.0757392038209071,0.696449690970828,0.5883021708332469,28.331496676758757,19.384443686546817
1533,Sulawesi Tenggara,IDN,2023,2023-10-16,0.07465020662116433,0.33042174360408183,0.05447084350319621,0.08494515617163896,0.3331738500708274,0.2118032025323302,0.09904040855083159,0.6621626738705852,0.6480295119165097,32.33582361079949,20.39086392281896
1535,Sumatera Barat,IDN,2023,2023-10-16,0.19662264007039762,0.35679034084666555,0.20964302572088153,0.2119760830708549,0.3357198384054002,0.21474507934414083,0.11313949594553599,0.353169666383643,0.2947759736312127,28.309098260215233,15.567904891687125
1537,Sumatera Utara,IDN,2023,2023-10-16,0.18728391397759725,0.35207548253106474,0.20337572317005703,0.20282113854948283,0.32214970354270767,0.20049198588441342,0.10392030245852317,0.3577664048965372,0.29281511015272615,28.426797352324858,16.633704971308738
73615,Maluku,IDN,2023,2023-10-24,0.06138569008480214,0.32149077056658365,0.04715407469105035,0.07617972410337684,0.30932758363025964,0.18099454704262413,0.0789161029695419,0.6929411846552336,0.6232546168128685,29.94070339668628,21.414707723406416
73616,Maluku Utara,IDN,2023,2023-10-24,0.04686336644858603,0.32288730513406066,0.036813881567940736,0.06383132906769008,0.3034131346786074,0.16663053832274324,0.06470375908062931,0.754364830600351,0.625363439744672,28.80204608449796,20.78689415315721
73609,Bangka Belitung,IDN,2023,2023-10-24,0.10470810021731795,0.3100944032177971,0.09072717319680285,0.11236059426129849,0.3155720399160185,0.22014168471177653,0.11304982928394593,0.5361175690127312,0.5000205973581491,31.79333491059775,22.11660661202787
73610,Banten,IDN,2023,2023-10-24,0.07042298212193947,0.2647573996400228,0.04570974732931447,0.07264198617188246,0.28026241371849797,0.2096419902207954,0.11185360195584221,0.5843302871579992,0.5980687331839913,34.539914138178176,22.16684074228477
73611,Gorontalo,IDN,2023,2023-10-24,0.05847746940404277,0.3330599959401747,0.03811312032830275,0.06891102652065746,0.3300816346676676,0.2047183981810294,0.09309161577493466,0.7033864060216811,0.7627524184656068,31.522873307044236,20.71612916709019
73612,Papua Barat,IDN,2023,2023-10-24,0.08998001167333225,0.3320508618126812,0.08797731818156317,0.10561729331852435,0.31499230663125033,0.18088330844926986,0.08168089713589931,0.6040267645550764,0.5102496336535992,28.246147538576416,20.28796394967516
73613,Jawa Barat,IDN,2023,2023-10-24,0.08602564797253177,0.2719725560263745,0.0552567293889159,0.0845959727729911,0.28956036593502843,0.22363337106876702,0.12549863901751224,0.5390915698582578,0.5862112934580335,34.925401130494315,21.069399368125598
73617,Papua,IDN,2023,2023-10-24,0.07245073257880737,0.33318270145289397,0.060336680168050216,0.08673513102021606,0.3228126153000875,0.18544798690001368,0.08026907779725871,0.6745842001425749,0.58317020074667,28.414070228691887,19.205248065273715
73621,Sulawesi Utara,IDN,2023,2023-10-24,0.049455028353362615,0.3324907464361331,0.03539993362115631,0.06414699963910431,0.31057097175255827,0.17737680624186858,0.07250149211556349,0.7362547657592231,0.6638613230763338,27.930774449730347,19.773334721287025
73622,Sumatera Selatan,IDN,2023,2023-10-24,0.10452978435082892,0.315444222190705,0.09626520217885767,0.11514919393019052,0.3179644931582943,0.21924662676406223,0.1105123297952645,0.5665210766495485,2.5008850748561606E9,32.989761037321614,20.401584347909363
73614,Kepulauan-riau,IDN,2023,2023-10-24,0.08601802319629036,0.29408403446486564,0.07593360083225781,0.10081388727734861,0.2761119309231508,0.1708959058389647,0.0807940244241496,0.5546564677336466,0.47027132753186146,27.54871256650298,22.823628343866414
73618,Riau,IDN,2023,2023-10-24,0.09514096684386876,0.33854076068359795,0.08870345431125078,0.10728530060909541,0.31961388569650145,0.20142411422285308,0.09456156939900615,0.6073513775325713,0.5447862156008442,29.453145049127187,21.639806513382947
73619,Sulawesi Barat,IDN,2023,2023-10-24,0.03715776872863312,0.30326100483372964,0.024772159366233372,0.052399775164091646,0.2926322088084944,0.163012057162233,0.06110140249333694,0.7868553320314425,0.6284627688087633,28.716627528155435,20.405361820426087
73620,Sulawesi Selatan,IDN,2023,2023-10-24,0.0623458121340658,0.28979994966366623,0.03514511462394996,0.06579403824774617,0.30438840591919664,0.20800150879093016,0.10240151702377737,0.6401253752859266,0.637462112642274,33.434108502375004,20.310914496966582
1512,Nangroe Aceh Darussalam,IDN,2023,2023-10-24,0.10175440007596599,0.3250157507996314,0.09641435908760365,0.11508007604536723,0.30140144477146485,0.17836883582205018,0.08351599849354133,0.5847644883574243,0.46981471909522154,26.054506160094643,17.175688418366768
1513,Bali,IDN,2023,2023-10-24,0.06274933611603721,0.2720920993120642,0.035282271817908335,0.0635188632540522,0.2839811659299083,0.1971874160364491,0.10036301789259044,0.6326030881426966,0.6229714774302784,33.07083846836515,20.908463668156138
1514,Bengkulu,IDN,2023,2023-10-24,0.09029659131235016,0.29773308410910126,0.08482944237101489,0.10192120984445804,0.3000647510424253,0.19758240543570357,0.09446031842582334,0.6042029518884919,0.4973323726561792,28.901688137591513,19.667932058754467
1515,Daerah Istimewa Yogyakarta,IDN,2023,2023-10-24,0.09855524268893814,0.2533109902906103,0.06533592816547977,0.09042794599886637,0.2854984076722043,0.2375212718888943,0.14215536897057912,0.47921422115497897,0.5630152635292062,36.65434592469703,22.5348946213776
1516,Dki Jakarta,IDN,2023,2023-10-24,0.11337610633587367,0.19239513683301243,0.07890354066611198,0.1001205707809633,0.2137813820412601,0.2113700032960922,0.17200715974612565,0.2656996778293977,0.3877672941366581,41.07471079830177,25.50177119135965
1518,Jambi,IDN,2023,2023-10-24,0.11451810589199762,0.32583911270340793,0.11641863880054412,0.12771131047436632,0.32035057225004804,0.21143084908078968,0.10366617352644728,0.5401844563582009,0.4692893562746587,30.8520673174415,19.876703204501688
1520,Jawa Tengah,IDN,2023,2023-10-24,0.1048802632829274,0.2715108350565468,0.06419176637609643,0.0964845683034856,0.2991659559028823,0.2519201793827378,0.1556441345348984,0.46179972816807013,0.7904436564439913,37.4372027247967,22.162892701292716
1521,Jawa Timur,IDN,2023,2023-10-24,0.08494051858676589,0.25207532442410396,0.04661737911597982,0.07778590962079966,0.2770508817631334,0.22550870048999583,0.13638247841199425,0.5028771452007692,0.6142221257500984,37.6761904735751,22.46729740550894
1522,Kalimantan Barat,IDN,2023,2023-10-24,0.10777666566278421,0.3707587490948537,0.10061024518084088,0.12407649091611479,0.34995150342623205,0.2157313405622599,0.10031156655893028,0.5887844911015215,0.5674005935677495,29.125585230770987,19.19216646422033
1523,Kalimantan Selatan,IDN,2023,2023-10-24,0.08717400380247538,0.32194599367801263,0.06979864397967299,0.09629869870180749,0.3341276382231457,0.2332406320459626,0.11565130194164652,0.6048846503249949,0.7174687104888788,32.455868314658886,21.674769525015694
1524,Kalimantan Tengah,IDN,2023,2023-10-24,0.08339822634852002,0.3431945407304313,0.07374985236543992,0.0980327663308542,0.3344268559914566,0.20419185245071075,0.09135385866928898,0.6439123872436029,0.602012300073086,30.144431709326774,21.28016745973406
1525,Kalimantan Timur,IDN,2023,2023-10-24,0.09750970155579683,0.3586054414564044,0.09053542517610405,0.11250088442685732,0.3429642826200713,0.20805776754116653,0.0956162078373078,0.6149736707477813,0.5741563473599679,28.527223100156064,20.321885156459363
1526,Lampung,IDN,2023,2023-10-24,0.08337977652676769,0.2705832427069126,0.05176837884080929,0.07979843073153646,0.29778840172285487,0.23264056498841595,0.13050483507838329,0.5595205566614493,0.6504826485400568,37.21849332617807,21.680854208516955
1528,Nusatenggara Barat,IDN,2023,2023-10-24,0.0763661832724906,0.2724848082260695,0.03920384181424918,0.07055325260541215,0.30267821816041574,0.23031707175170263,0.13013526695348487,0.5518276748758313,0.7124616483721063,36.72890818814385,21.968122069678746
1529,Nusatenggara Timur,IDN,2023,2023-10-24,0.07544608569821092,0.25858785433604553,0.03767910636681399,0.06804213542277043,0.3059497871227318,0.24488331648753592,0.139002841186011,0.5497679327533562,0.7827206077769878,35.96852507009242,21.626438190571236
1532,Sulawesi Tengah,IDN,2023,2023-10-24,0.0409574647644655,0.3106698937349515,0.02871417672651158,0.0555041865544886,0.30010391518554924,0.16648769673340302,0.06385717700728223,0.7727960810056834,0.6346429874501904,29.104994214805856,19.667548914781538
1533,Sulawesi Tenggara,IDN,2023,2023-10-24,0.04975346469190681,0.3057635436250187,0.028531694421427625,0.059701966862029485,0.31584485150365604,0.19358527042057408,0.08343026175656718,0.7229881314653958,0.696300014560201,33.06884627109169,20.8560659229355
1535,Sumatera Barat,IDN,2023,2023-10-24,0.15418336312570574,0.34109140543746286,0.1559958475445954,0.16603294349384412,0.32827979430548154,0.22753102606385844,0.12484775501328964,0.469861007223362,0.4097086449756865,26.893570791877544,19.003599707669206
1537,Sumatera Utara,IDN,2023,2023-10-24,0.10138544734593671,0.3208163003898267,0.09872915488174139,0.11482039149625778,0.30043906836958423,0.1859749599927099,0.08827097282835497,0.5715311019143565,0.47960789368566675,27.696462362720535,18.214575907395844
73615,Maluku,IDN,2023,2023-11-01,0.06879129512809837,0.2971220304601482,0.05779246464080238,0.08087683033795941,0.2833556716425026,0.1687498064549688,0.07758878728905254,0.6652370043094656,0.545439211737346,29.769329822219845,21.2537730137709
73616,Maluku Utara,IDN,2023,2023-11-01,0.05442326716065524,0.3128429584509242,0.04562210007559669,0.07082349818373354,0.2930571832599071,0.16374033419729667,0.06660437328034485,0.7193137226880151,0.5839190178646656,27.886541054812337,20.37653861746739
73609,Bangka Belitung,IDN,2023,2023-11-01,0.11663026766952501,0.3126063595594692,0.11018922643486091,0.1260594560388959,0.30996496292902465,0.21473863470477755,0.10987543820624321,0.4982449920436166,0.46141693890670876,32.36700810380944,22.494539799351568
73610,Banten,IDN,2023,2023-11-01,0.10692519484153674,0.3094955626688568,0.08439000435940587,0.1120705734540312,0.3239797600338218,0.24969632607490286,0.13767791318846764,0.5208696690416634,0.6718306348924361,32.75732621157205,21.583886665821872
73611,Gorontalo,IDN,2023,2023-11-01,0.06562582690036142,0.2963682963500662,0.050301423330528866,0.07450850058897383,0.2905379220906386,0.18222352181053042,0.08712018222466415,0.6590505952231854,0.5933732037609418,30.537001428021952,21.12153741268881
73612,Papua Barat,IDN,2023,2023-11-01,0.1012598077597293,0.3185088569017524,0.10015356632428378,0.115201747359942,0.2959471744471511,0.171975307113162,0.0828051256453565,0.5680895961638883,0.44902422310331674,28.060155330225122,20.08459936539755
73613,Jawa Barat,IDN,2023,2023-11-01,0.11822284847205529,0.30594532779845557,0.08944205991559126,0.11808420495491044,0.3231141476985332,0.2544153978150031,0.1455035935571367,0.4779221461872666,0.6007612268374816,34.334460579803775,20.837009851540632
73617,Papua,IDN,2023,2023-11-01,0.15820664676948804,0.36443536939326354,0.14970180759954807,0.170265022920956,0.3456929881321647,0.2211405562893385,0.11668378225129662,0.47157027051493416,0.4287243171990274,28.9297867520616,18.096021799515032
73621,Sulawesi Utara,IDN,2023,2023-11-01,0.040696657172851106,0.2800685928322234,0.030231794716158913,0.05200481958055128,0.2568258914057502,0.14149559391013652,0.057073656254206455,0.7613436680977551,0.5545741318346006,28.507276297894933,20.269044616064875
73622,Sumatera Selatan,IDN,2023,2023-11-01,0.12777342969768776,0.3246323291624196,0.12666841783652927,0.13961709649874593,0.3215599341903134,0.2238756550549046,0.11671862265943941,0.4817052869102755,0.45830181170557843,32.588692949345884,21.429173419285817
73614,Kepulauan-riau,IDN,2023,2023-11-01,0.10804559065115592,0.2712321916875731,0.11148857790283122,0.12319107729415765,0.2498142972322735,0.1560673005476308,0.07696145069746668,0.4520809950334569,0.3287036216858783,27.192344064579864,23.005875508019233
73618,Riau,IDN,2023,2023-11-01,0.11290815052534238,0.33432546978979205,0.11182527464569882,0.12690130956807993,0.3169826895841206,0.20147449902520784,0.09737460845039675,0.5323381458479987,0.4745064456386988,29.04122143652852,21.022148315227415
73619,Sulawesi Barat,IDN,2023,2023-11-01,0.05275857860901004,0.3619862209693985,0.03671527726728627,0.07184091670059434,0.3500121385883017,0.20445082925176639,0.08110758777836831,0.7511939175202761,0.7371420595653888,27.564276033737578,18.82033071066643
73620,Sulawesi Selatan,IDN,2023,2023-11-01,0.0804277450589159,0.30852343991127035,0.0520010012416278,0.08485814384821042,0.323007418197834,0.22920531744213124,0.11883142394549229,0.583340896335067,0.6588405401914486,31.772838837170998,20.59137586394785
1512,Nangroe Aceh Darussalam,IDN,2023,2023-11-01,0.12568888371183098,0.3564716071391827,0.12022998478050952,0.14062800636788395,0.3294447338928785,0.20064318392989694,0.09618118276321179,0.5236242407504688,0.4687270882725427,26.207892276629185,16.63896482034659
1513,Bali,IDN,2023,2023-11-01,0.08834863564984433,0.3241372442908894,0.05395122074870438,0.08962344469264438,0.34423361388801743,0.2504617541980916,0.13205268597017417,0.5771527173892435,0.8049308281344674,32.44236034874198,20.721120049354518
1514,Bengkulu,IDN,2023,2023-11-01,0.15661264569909977,0.34667211181508534,0.15811831617246336,0.16962225031021524,0.34432689695537017,0.24289382155843467,0.13179651003878,0.43961836235667734,0.4317830450031917,26.99648402001774,20.108031071936296
1515,Daerah Istimewa Yogyakarta,IDN,2023,2023-11-01,0.09316595338209657,0.24766910587160684,0.05849090848552158,0.08659787905493405,0.2852927841986027,0.2365944084481028,0.14200987553591066,0.4648421081531071,0.5476227494465433,37.56661017619491,23.551268768203258
1516,Dki Jakarta,IDN,2023,2023-11-01,0.19867698408995482,0.26306560293668396,0.18173291231640049,0.1945972999128567,0.27944524993866887,0.26543963845321433,0.19951399364561467,0.1684235987123039,0.23614451082262186,38.72864976160636,24.89207776065834
1518,Jambi,IDN,2023,2023-11-01,0.12207478202599217,0.33880937911855247,0.12203053361200424,0.13587198841637657,0.33347890141361375,0.22364736113081837,0.11211407106647749,0.5131247795302581,0.49401322962896044,29.378590710416802,20.439016533434646
1520,Jawa Tengah,IDN,2023,2023-11-01,0.09260143339858126,0.25489759083815067,0.05652638448123395,0.08754716489659581,0.28018235714842654,0.23128131180037065,0.13852665910482106,0.4780133273423169,0.564823358349197,37.3656698885704,22.212731317280205
1521,Jawa Timur,IDN,2023,2023-11-01,0.08898198185329495,0.24740230213252684,0.054937112385335066,0.08266782312775789,0.2689880008691755,0.21774421506563346,0.13040140917442514,0.4886649780235267,0.5377192480935308,36.81579368277868,22.192732696746287
1522,Kalimantan Barat,IDN,2023,2023-11-01,0.11932280809955113,0.3377954095150146,0.11891322563050089,0.1338210273968688,0.3149834412653966,0.1892733470560616,0.08955286567338593,0.5286140455742546,0.4302158239779578,28.85622919295964,22.12728879774788
1523,Kalimantan Selatan,IDN,2023,2023-11-01,0.11472373892581228,0.3522368043949969,0.10250745676930595,0.12769402628035767,0.35344054431051297,0.24811439575323452,0.12429916207385018,0.5371678235869574,0.6060062250741269,32.508827239866584,21.001524376869455
1524,Kalimantan Tengah,IDN,2023,2023-11-01,0.10741969097207678,0.3009519319943564,0.1103832890459369,0.11901050132707942,0.28606266857888646,0.1760144714629047,0.08628888397593598,0.5401922071063937,0.404341700909146,30.34571516439125,22.07495448675603
1525,Kalimantan Timur,IDN,2023,2023-11-01,0.11178403625633433,0.3589086034651179,0.1072143293906939,0.1272922528289947,0.3403535319737065,0.20891410730056698,0.09800849179768904,0.5723673800579764,0.5259493580403574,28.920649514676615,19.999174904275964
1526,Lampung,IDN,2023,2023-11-01,0.14701939760617697,0.30896901007728744,0.12989546649051817,0.14708439099445475,0.32493535673692775,0.2594455384588043,0.1488896859244581,0.418233340940787,0.4259520253408135,36.867090751672755,22.107015977781543
1528,Nusatenggara Barat,IDN,2023,2023-11-01,0.08393046364663827,0.27462273545719834,0.04471057509705398,0.07740731134404988,0.31163405590784327,0.24309973819588926,0.14143363532617184,0.5297375579493641,0.7362611507961787,35.80837715765502,21.626986520448106
1529,Nusatenggara Timur,IDN,2023,2023-11-01,0.07194589019136127,0.2497433585248636,0.03690892047121688,0.06582212952679008,0.2940077193617683,0.23294947788216203,0.13180960273111123,0.5509941789544276,0.7643728313669723,35.45817444299932,21.635249999620633
1532,Sulawesi Tengah,IDN,2023,2023-11-01,0.07193176949473619,0.3263565558533166,0.06176841331859253,0.08676850121840331,0.31332532865938234,0.18629558209808406,0.08257915934690559,0.669475635836473,0.5847731753461205,28.195112271516123,19.562997924491366
1533,Sulawesi Tenggara,IDN,2023,2023-11-01,0.08317450488518995,0.31079809783122203,0.06560884263639725,0.09214139166461101,0.3134840221366499,0.20388410878174837,0.09998206273079835,0.62461797712991,0.5800670507138495,31.187129683286738,21.075936495436103
1535,Sumatera Barat,IDN,2023,2023-11-01,0.1253155525668615,0.3339094353387087,0.12198662591774154,0.13952653370558432,0.3187084695047076,0.20516827720333905,0.10240418946007095,0.5237392757219439,0.44692738523103964,27.55340928554439,20.386738985157066
1537,Sumatera Utara,IDN,2023,2023-11-01,0.12167473196698743,0.3525803283871466,0.11737396127097446,0.13707801640418135,0.3288167124659185,0.20785987900406488,0.10097451745214486,0.5363323210821648,0.48790751129638676,27.152366833719306,16.78464620899522
73615,Maluku,IDN,2023,2023-11-09,0.05940367336822514,0.3029527293299936,0.04507276709390892,0.07266067935353994,0.2888229342938583,0.16760506600149538,0.07285130411984589,0.6967866609762642,0.573399828812408,29.517682285954216,21.577639280388443
73616,Maluku Utara,IDN,2023,2023-11-09,0.060235167603479474,0.2991908918902432,0.05194303665580072,0.07496668287867654,0.2808336846141617,0.15743873148290313,0.0664875153262339,0.6898167521486359,0.5329754634496481,27.010968966389264,21.393311174303417
73609,Bangka Belitung,IDN,2023,2023-11-09,0.10519178339975713,0.30312351256841863,0.09761805618475845,0.11446717693322063,0.2990962443228131,0.20410982797451074,0.10121220826778751,0.5201261261970103,0.46246484273630706,30.75655277304441,21.788967712360083
73610,Banten,IDN,2023,2023-11-09,0.10887085746282697,0.29002031704117903,0.08735129993787615,0.11335660264302098,0.2989588154921904,0.22998604982737975,0.12795064169889042,0.4689998383665101,0.5028297753659988,26.70726266499137,22.434122052593978
73611,Gorontalo,IDN,2023,2023-11-09,0.07343706751535105,0.30589690445650886,0.059081139811905346,0.0832763083055321,0.29489948276485756,0.1852960247578192,0.08749595986073648,0.6448463984153063,0.577068652095249,28.519417717572622,20.77398867592285
73612,Papua Barat,IDN,2023,2023-11-09,0.07989962510675466,0.31112977876083125,0.07635330619765288,0.09374224332482352,0.2904100287588018,0.16218838634970537,0.07174899312254222,0.6301546035742469,0.48441496211649765,27.73152571044338,20.622668791475892
73613,Jawa Barat,IDN,2023,2023-11-09,0.12597682487336723,0.28766995801177736,0.10177466084874062,0.12612094074934468,0.2990025547631996,0.23716648371409507,0.13746800956244637,0.4283504742709011,0.45420791945292655,32.187940855835045,20.565485764637156
73617,Papua,IDN,2023,2023-11-09,0.07337008452434804,0.3328015608217113,0.0600787919641721,0.08825188558192909,0.3194584640119026,0.1830879745029098,0.07908367420840814,0.6729515527473027,0.5856168815980985,28.35141321760559,19.18831652728946
73621,Sulawesi Utara,IDN,2023,2023-11-09,0.06869225917721213,0.3163790942591822,0.05796743170145324,0.08225811597648476,0.28971274801790686,0.16980519457617785,0.07471479347350773,0.6765704015620423,0.5571166809355595,27.3402437002014,20.409930956766697
73622,Sumatera Selatan,IDN,2023,2023-11-09,0.08219024220756947,0.2966472999754013,0.0727498600017844,0.09337646588680314,0.2931210673971793,0.1940626278042312,0.09141567840229779,0.6032372937987663,-5.998259056878727E9,31.23624877987802,20.304861375166027
73614,Kepulauan-riau,IDN,2023,2023-11-09,0.0908755574565772,0.27102611037598595,0.08720374469151407,0.104743309140333,0.25126625939283814,0.15685139868357686,0.07627216893992775,0.5296647642061617,0.39234062397621317,28.30775214878397,22.935494554495868
73618,Riau,IDN,2023,2023-11-09,0.05883355166599418,0.3369062461953324,0.046327954740089605,0.07415963015083059,0.31974315612634197,0.18925770014282842,0.07436323775907235,0.7108998394360715,0.6373580335957038,29.59170103413374,20.48616988621187
73619,Sulawesi Barat,IDN,2023,2023-11-09,0.07031426954359066,0.29402247757794325,0.06253746328776454,0.08265880672487749,0.2771426245776449,0.16421833031219235,0.07191552438817411,0.6631315735837754,0.5038288820031609,27.521255106152143,19.670708606458422
73620,Sulawesi Selatan,IDN,2023,2023-11-09,0.08210494450641402,0.2838494917842013,0.0586739089435232,0.08533512142212434,0.29366209825726636,0.2078194936166378,0.10874105140161035,0.5667507815405206,9.275092705105124E9,32.43056289828054,20.14575940217282
1512,Nangroe Aceh Darussalam,IDN,2023,2023-11-09,0.12499259128684534,0.342103440066178,0.11984658532526081,0.13886434839561598,0.3157707298259709,0.18929582543261536,0.08976775613696607,0.5059864220402159,0.42698989956643063,26.237936013066342,12.076532004976917
1513,Bali,IDN,2023,2023-11-09,0.09786527321778306,0.30624102997220126,0.07148455529235469,0.100742508586426,0.31720065865062314,0.23033851721956028,0.12385629542611849,0.5414256863242497,0.6039613307775099,30.821312409732347,20.463232397086895
1514,Bengkulu,IDN,2023,2023-11-09,0.1137550348762488,0.30104582802155877,0.1093276526494048,0.1246608732459019,0.29713628360882277,0.20026157019518276,0.10245897756305423,0.5394195264124519,0.43118684454752565,28.678442672399793,18.832768624748695
1515,Daerah Istimewa Yogyakarta,IDN,2023,2023-11-09,0.13743452211379767,0.2705813884260153,0.10962741860347927,0.13055414601811133,0.2995928240320016,0.2519523586471915,0.15307568464413412,0.3885412927205288,0.41366497795567886,31.289878630418933,20.245974593590116
1516,Dki Jakarta,IDN,2023,2023-11-09,0.13595257975717293,0.21534696195044498,0.10864058860093626,0.12880411740713382,0.23514905715184437,0.2277503722779013,0.17839185564015717,0.2405001473274248,0.34210600727413165,39.66781415325328,24.285920695554946
1518,Jambi,IDN,2023,2023-11-09,0.07192046977586335,0.3037444840736924,0.06418585247136337,0.08492352795003748,0.2978906512976702,0.18607686064082118,0.08151628165457947,0.6542244436555689,0.5447479462540051,30.792420763583895,20.581095215037486
1520,Jawa Tengah,IDN,2023,2023-11-09,0.13427503877817382,0.2821405476320175,0.1023864261325061,0.12892618978814355,0.3029079642184258,0.2558096694561091,0.1550251396492347,0.39785141909380767,0.6348798961296878,35.47245350876632,20.546143202930576
1521,Jawa Timur,IDN,2023,2023-11-09,0.11272043454143241,0.2791499750388608,0.0762031759391135,0.10759161033548233,0.301188430208063,0.24729272408176312,0.1479340437939851,0.4470950908188253,0.5400912434492029,35.5686263138233,21.637704404158487
1522,Kalimantan Barat,IDN,2023,2023-11-09,0.07068717661887139,0.3385558032773645,0.061616037964439443,0.08657800734411909,0.31923580522387124,0.18641543698290117,0.07896046169920193,0.6773937183412225,0.5979246503249608,28.601863293187336,20.950085671994437
1523,Kalimantan Selatan,IDN,2023,2023-11-09,0.08814892483614875,0.299628676661008,0.07681063740968716,0.09843658165071424,0.3054159927585606,0.20764457925670657,0.0992320330519747,0.5772521287483605,0.5219881450598464,31.249511590230444,22.258117115233798
1524,Kalimantan Tengah,IDN,2023,2023-11-09,0.10053904377463548,0.306784343611252,0.09745982776582099,0.1118145309153525,0.2934309256890518,0.1784473286079911,0.08357504859055198,0.5684803380928679,0.44296266620620806,30.01978991232525,21.550491054033778
1525,Kalimantan Timur,IDN,2023,2023-11-09,0.10193950503400868,0.3009767197950685,0.1015623115909649,0.11328812828524724,0.27974649987072303,0.1603743911360555,0.07358130129478442,0.5729235185669583,0.40459031246694016,27.79659049782615,20.74922902398306
1526,Lampung,IDN,2023,2023-11-09,0.11334081391874642,0.27834304874330684,0.09047503812858079,0.11318294541437601,0.2976027316360649,0.23529181629820406,0.1328710852134679,0.45960441834889104,0.5431650446216918,32.93101817755636,22.656942455653972
1528,Nusatenggara Barat,IDN,2023,2023-11-09,0.1177531514335367,0.27611809034934487,0.08841835361985909,0.11267181125170371,0.2959069313842908,0.23467243714509173,0.13998495633956304,0.4281151574727352,0.4949459531450933,33.46260241116419,20.97848240027278
1529,Nusatenggara Timur,IDN,2023,2023-11-09,0.0986408108580264,0.27902092503621034,0.06301304567032823,0.09215861689746083,0.3191585151241437,0.2584044313968473,0.14849886270310317,0.5014321374396375,0.7129605335162097,35.36832110949332,21.187636156500556
1532,Sulawesi Tengah,IDN,2023,2023-11-09,0.09640401804953318,0.32579099520551763,0.0901833211382777,0.11019919483792756,0.3092845591672554,0.18895991693555708,0.08791328597579971,0.5907232702561726,0.5069826338518392,27.72171507378243,19.322858407034108
1533,Sulawesi Tenggara,IDN,2023,2023-11-09,0.08322442547090983,0.30426257616503566,0.06704532392637669,0.09151699524069226,0.30730135135259246,0.19909427278349912,0.09580367944646635,0.6183516123196939,0.5595189466283872,31.722303514026216,21.022771543512555
1535,Sumatera Barat,IDN,2023,2023-11-09,0.09353769248134394,0.33967895492980765,0.08590348537065991,0.10959731207461462,0.32739825979352605,0.20590216418033264,0.09317676112045047,0.6158659917450103,0.5625953404819214,27.924210731048763,19.335048719813656
1537,Sumatera Utara,IDN,2023,2023-11-09,0.10718835149201474,0.3453927047052747,0.099869291546624,0.12169816861759129,0.3214684168282924,0.19600900851843195,0.08932509699690276,0.5650693282664192,0.49724782321529976,28.170895150543135,16.51308861122044
73615,Maluku,IDN,2023,2023-11-17,0.058791261470461986,0.32917709704871717,0.0445801701442419,0.0754346259218227,0.3100235290798274,0.17846410062971613,0.07471660336913119,0.7052157781955525,0.5918040714133549,29.426272830513682,22.138644253375805
73616,Maluku Utara,IDN,2023,2023-11-17,0.05344733903026181,0.28490470282287694,0.04675715728709382,0.06674231013057101,0.26455023923414916,0.14679711831197806,0.06028080626115171,0.7115205670309614,0.5146006749746075,28.90286691078756,21.209542704379196
73609,Bangka Belitung,IDN,2023,2023-11-17,0.10728806770341479,0.3377124490773139,0.09455962226232904,0.11966846386386153,0.33055231368816457,0.22292667338318123,0.10795246868343517,0.547788008169837,0.550414212161298,29.903308908302208,22.890404017734983
73610,Banten,IDN,2023,2023-11-17,0.09054469060848003,0.3112327044159921,0.06764150814264128,0.09850723204801784,0.3142975348407418,0.23090027124623108,0.1219817750184279,0.5598443471672906,0.6551476376367027,31.260655374110225,22.556740765107538
73611,Gorontalo,IDN,2023,2023-11-17,0.08042864738751035,0.2778800262935052,0.0745197732122543,0.09008911659946965,0.2609605619560001,0.1577877120407827,0.07403261616179864,0.6053729201665998,0.4444181566815175,28.533128676998775,21.345649774996858
73612,Papua Barat,IDN,2023,2023-11-17,0.06782303682120278,0.3128097115251673,0.061759111550045674,0.08283984643006617,0.2943611372331994,0.16009441025159088,0.06736903869588726,0.6805461878438535,0.5276789217647226,28.029934180787002,21.34328270227606
73613,Jawa Barat,IDN,2023,2023-11-17,0.10219640466029617,0.29534769101491554,0.0785441832870038,0.10621328229317813,0.29834427359660304,0.22266014005879217,0.12162811379856667,0.5190902143659522,0.539947284876534,32.7822618864476,20.468799086067264
73617,Papua,IDN,2023,2023-11-17,0.1091676381033318,0.32935327407574877,0.10285288392772556,0.12243470794943338,0.3138625251043006,0.1910923298830624,0.09442582914499503,0.5691645000328892,0.4609955534946573,28.022817331048586,19.09997297750101
73621,Sulawesi Utara,IDN,2023,2023-11-17,0.04737356811967824,0.2934313349222094,0.0388520436281948,0.06062629192860652,0.26401788952973315,0.1467555974845855,0.05937367385135268,0.7487366551799504,0.5522770672003899,28.10838471320864,20.42676049392687
73622,Sumatera Selatan,IDN,2023,2023-11-17,0.150831923254593,0.36894957195962397,0.1475287274487255,0.16562042860222895,0.35737617628281837,0.24940509492390106,0.13053120628758252,0.46707937898648333,0.496328349163347,30.200809955860134,19.816125637625465
73614,Kepulauan-riau,IDN,2023,2023-11-17,0.0974607152095132,0.26685241711936736,0.09594394656259947,0.11122494380846433,0.24516063311241068,0.15450932671572165,0.0779905010317507,0.4861722661225885,0.3640930517313869,28.689559588203352,23.995988187794076
73618,Riau,IDN,2023,2023-11-17,0.10827984240084475,0.32354656628164113,0.10644181116508446,0.1204288676626635,0.3016914680144104,0.1895665147883802,0.09159804468517523,0.548882666657431,0.45412540155741365,29.746128550782434,21.66824763033751
73619,Sulawesi Barat,IDN,2023,2023-11-17,0.07576176230011211,0.2937033852818733,0.07020112351353298,0.08902146415796874,0.2738681457930077,0.15987402494648215,0.07165853844233167,0.6377131849901665,0.4770456149394073,28.12974116980174,17.69640509712701
73620,Sulawesi Selatan,IDN,2023,2023-11-17,0.10082609089816293,0.2926480084844083,0.0806278159169788,0.10602110634567773,0.2945777622085853,0.20907510595518103,0.1109806658220841,0.5305989521021718,0.5360675213423461,30.59763938969403,19.542030950193805
1512,Nangroe Aceh Darussalam,IDN,2023,2023-11-17,0.19806444691114744,0.38800956593921937,0.19549616401356637,0.21124129634236055,0.35563761537390925,0.2140039230218046,0.10827686162295636,0.4086638017003651,0.3568451999354868,26.69937356436264,16.059329527100946
1513,Bali,IDN,2023,2023-11-17,0.10047483260134762,0.3264007981097266,0.07716346959106334,0.10710722872383728,0.3251117560391395,0.2300488217316856,0.12149077691055754,0.5482736626215333,0.5947898417543129,32.092942124350664,19.5682244324611
1514,Bengkulu,IDN,2023,2023-11-17,0.16181420997902643,0.361298502337435,0.16403927921220293,0.1758030823268488,0.35096592087617207,0.24916249350245623,0.13658545392614682,0.44154194759481824,0.4435469098891563,26.612892402524334,18.423578302240525
1515,Daerah Istimewa Yogyakarta,IDN,2023,2023-11-17,0.13611191623378924,0.26059383908102274,0.12184378945728519,0.13442538187672107,0.2784950294702969,0.22772940731022193,0.1373497169049077,0.3718489426671548,0.39175527746474775,33.64996261301211,20.917108858494846
1516,Dki Jakarta,IDN,2023,2023-11-17,0.15984879075528693,0.24911495026511765,0.12961165281755754,0.1526421433333887,0.26486592953585353,0.24853365205599476,0.18757949860254702,0.23708103409239908,0.37865962622974725,36.86752791908729,24.271651733260345
1518,Jambi,IDN,2023,2023-11-17,0.16449133789802545,0.36329073609766976,0.16632566541524801,0.17749557141948077,0.3463296177132366,0.23437552589583757,0.12408709352337764,0.43973690618943545,0.39726512382999907,29.785537924643506,19.73664561096641
1520,Jawa Tengah,IDN,2023,2023-11-17,0.10920136351100326,0.2715182748082552,0.08320508980060279,0.1090599231618663,0.2803322947173667,0.22398998574686074,0.130557419209403,0.4618261033718402,0.49778637311260265,34.337667144387495,21.478730209052816
1521,Jawa Timur,IDN,2023,2023-11-17,0.10124990171822376,0.2720230283300707,0.07061575412716636,0.09870037574551617,0.2848500583925211,0.2284091749754777,0.1352930069876231,0.4808042819006327,0.4283385029754775,36.41202884578545,21.76221932336852
1522,Kalimantan Barat,IDN,2023,2023-11-17,0.08022632956983014,0.2973339824635104,0.07800678344789677,0.09250987169223175,0.2764823085371638,0.16041983613969343,0.07190808082792693,0.6235027493160255,0.4628079919665707,28.236117771886953,18.933356320236452
1523,Kalimantan Selatan,IDN,2023,2023-11-17,0.13967740402344705,0.33112690927115673,0.13671043624152077,0.15226877754091203,0.3185267247228212,0.21043029000779598,0.1055828205493386,0.4546410133051579,0.40162652054827913,29.81960668586904,22.178387609271674
1524,Kalimantan Tengah,IDN,2023,2023-11-17,0.08420259479726735,0.2895417014861229,0.08250053304784052,0.09563441615205823,0.27235806121839246,0.16060683425663994,0.0732536549078993,0.5977600999271881,0.43561904971057686,28.8887253658304,21.27931727818459
1525,Kalimantan Timur,IDN,2023,2023-11-17,0.1272099465634823,0.35800419035426356,0.12469575360005115,0.14203143934672757,0.335027625161089,0.2060974101420995,0.09941886058491023,0.5189193069816392,0.46908774893110594,27.69193809770287,19.612979006508
1526,Lampung,IDN,2023,2023-11-17,0.1019606551233028,0.2886245834650288,0.07999162679525015,0.10329707720077404,0.3000727239224416,0.23111844908548176,0.12619676839341934,0.5178607276615843,0.5934898620746257,36.04156646640371,21.990051706484063
1528,Nusatenggara Barat,IDN,2023,2023-11-17,0.08856497455573248,0.27399950908418363,0.060106540095480304,0.08893473781874307,0.2867512349060011,0.21656554181269036,0.12334023500150637,0.5269689569176205,0.5751310371641923,33.26129424137157,21.401382275146705
1529,Nusatenggara Timur,IDN,2023,2023-11-17,0.08323249395019806,0.29146035824449507,0.04930632882951898,0.08249635128732856,0.3249673352440196,0.25681765635059134,0.14250908018315625,0.5559161196683907,-2.0578354364382932E9,35.1516930900797,21.621957272112784
1532,Sulawesi Tengah,IDN,2023,2023-11-17,0.09339196210908189,0.30636564727402466,0.08820430700806753,0.10618723307486225,0.28662291265459033,0.17079861529079798,0.07969702915817085,0.605105146414077,0.4657115387739813,28.1074456732003,19.21567793709819
1533,Sulawesi Tenggara,IDN,2023,2023-11-17,0.07917570119931752,0.3211460969694369,0.06352080211003622,0.09026402018524712,0.3174289320419259,0.20051207875258423,0.09283906404649134,0.6399253140289604,0.7384613693676081,30.7146006356934,21.42311599817101
1535,Sumatera Barat,IDN,2023,2023-11-17,0.12747756124030485,0.3330378176465495,0.12616981349915926,0.14174621115883285,0.3162195480614157,0.20132507680633518,0.09990785240989349,0.5008255475149173,0.42972479106870964,28.13968716371379,16.60546513846558
1537,Sumatera Utara,IDN,2023,2023-11-17,0.12859262330089957,0.3522994249064156,0.12248665030516823,0.14251942427400066,0.3282121477213944,0.20856942329628733,0.10383805381919514,0.5131246577300651,0.4676994066086562,28.37807944256154,16.171865646230895
73615,Maluku,IDN,2023,2023-11-25,0.08283018814704342,0.3191159785198216,0.07520981925281195,0.09914607517143659,0.29368865003950506,0.17412161448074526,0.07860464285817131,0.6094966159148565,0.5043679031613805,27.85266382445381,22.160050836294307
73616,Maluku Utara,IDN,2023,2023-11-25,0.06951805546828439,0.28693470552327544,0.06515342273682163,0.08377881369506132,0.26373339054739864,0.14908612439598787,0.0637851513958442,0.6452351111187591,0.4683982327717359,26.69853497184737,21.446542227562478
73609,Bangka Belitung,IDN,2023,2023-11-25,0.13840479197318462,0.3300049866205011,0.13363552862204892,0.15016577439758153,0.31311600192124756,0.20408598673689762,0.10247706176140965,0.4884208511662305,0.4344824950251929,30.586285125925254,21.618971160416464
73610,Banten,IDN,2023,2023-11-25,0.10565564173202659,0.2782082390836454,0.09462469695486664,0.11274756645934382,0.26813704151217077,0.19820878397660818,0.10966330597312367,0.49296759410026364,0.43157910648780745,29.693832559706976,
73611,Gorontalo,IDN,2023,2023-11-25,0.07801530752645904,0.3317157003775162,0.06586797723686068,0.09322142268567525,0.30982419486543933,0.18683675941636507,0.08185775872957202,0.6406000047019373,0.5706477041180918,25.93488246121585,20.462163839273714
73612,Papua Barat,IDN,2023,2023-11-25,0.09509377268034747,0.2969130144077444,0.09510127651845825,0.10731060995615416,0.2696537195179382,0.15043572852829773,0.06834674213775327,0.5814377744716573,0.4117716566820503,27.49992442370784,20.394007019136453
73613,Jawa Barat,IDN,2023,2023-11-25,0.14207225335839888,0.29936325115176077,0.12920666284307272,0.14708696641345906,0.2918971186844647,0.22377657764017025,0.13414670409899646,0.41636792089939706,0.394473973956541,30.462708477721783,17.14811886382373
73617,Papua,IDN,2023,2023-11-25,0.13792185197697635,0.33337490882387955,0.13820425824498925,0.15149238517494512,0.31181336563684675,0.19134457740709981,0.09608254026112296,0.4780251884555049,0.38552209050179076,28.119110904359662,16.259042285880213
73621,Sulawesi Utara,IDN,2023,2023-11-25,0.0907216385539899,0.3383582282091637,0.08591217774372199,0.10842265921664541,0.30236849741180905,0.1753820806588552,0.07785940374556442,0.59680718810704,0.5140076765415291,25.86361692930818,19.918039230474346
73622,Sumatera Selatan,IDN,2023,2023-11-25,0.15741294202098643,0.329947754949871,0.1612916036918129,0.1691335523094327,0.3086251610856102,0.20671775783868424,0.109696696806058,0.45044090170454987,0.35729212438570884,30.201122618153644,20.949610995591605
73614,Kepulauan-riau,IDN,2023,2023-11-25,0.1740386420381779,0.3032328428690631,0.1816263846078052,0.18850600724572106,0.2724564920081317,0.17836090863453333,0.09696880784729264,0.3421570927685111,0.24196140352713993,27.551317388553773,22.164185269404005
73618,Riau,IDN,2023,2023-11-25,0.16378106932910524,0.35320105020130527,0.1645726211887706,0.1763720580777296,0.32612818988082426,0.21227155723135704,0.10961274542648375,0.4267144709970542,0.3621009444485119,29.043021311436643,21.022369309209637
73619,Sulawesi Barat,IDN,2023,2023-11-25,0.08900645640528096,0.3042229195920059,0.08476966350061789,0.10276259769695138,0.2809713053123142,0.17004078730873318,0.07985404098523491,0.6122121599192518,0.46495034895136866,27.12448570680811,14.565855693828263
73620,Sulawesi Selatan,IDN,2023,2023-11-25,0.13358829962125765,0.3279159543141587,0.11974691408874279,0.1435562378175921,0.32078640663340147,0.22727192600657833,0.12004143126094122,0.4481758177393555,0.4606290831599825,27.321050406991013,15.533267962501165
1512,Nangroe Aceh Darussalam,IDN,2023,2023-11-25,0.13985150384167694,0.3566906602072472,0.13540817500425417,0.15408968179111668,0.3274998130281695,0.1937131192716076,0.09061431723604593,0.4822471000805309,0.4115477590033351,25.38236723507474,14.535045018386672
1513,Bali,IDN,2023,2023-11-25,0.13366380254732288,0.29809578811694387,0.12420790878512263,0.1392090102750723,0.28700254892574983,0.209383875572005,0.12109365190863734,0.4451400269020679,0.3841334970365957,31.639453272599376,
1514,Bengkulu,IDN,2023,2023-11-25,0.08745951887352071,0.3360350187904026,0.07710479952543572,0.10277645084306672,0.3273865048311476,0.21190905935714746,0.09803930578404761,0.6411894316472766,0.6035625275144547,29.317540238629373,13.395338967973942
1515,Daerah Istimewa Yogyakarta,IDN,2023,2023-11-25,0.19421384271612444,0.3328959935667821,0.17366232154775973,0.19446585532595945,0.3430730171201132,0.2803098397652769,0.17214837930923996,0.314191951961907,0.3587922715501279,33.71992328944512,17.689888092323873
1516,Dki Jakarta,IDN,2023,2023-11-25,0.1931048490193752,0.2576274918237329,0.1842063086317003,0.1934404984475254,0.26196191733278396,0.24345602349707954,0.179903765372361,0.15365011955445576,0.17496372212521547,40.11256277006561,
1518,Jambi,IDN,2023,2023-11-25,0.1108874576635542,0.3168433632015438,0.10583250861505167,0.12232455942053272,0.3010533248300293,0.18779879252452297,0.08902288617334318,0.5928189549221902,0.4573321794709214,30.24548590400995,15.560011152109798
1520,Jawa Tengah,IDN,2023,2023-11-25,0.13087391645388188,0.297423038018759,0.1084879230884057,0.13463873886324781,0.29775645170427595,0.2342325485674355,0.13634917600288216,0.4327025680319964,0.4657984561982189,31.162283747280227,18.46620224748476
1521,Jawa Timur,IDN,2023,2023-11-25,0.11408114901655958,0.2724382459942659,0.09153599825517675,0.11565944328848789,0.27633574980955145,0.21713321596846363,0.12578375263953948,0.4491573251485748,0.4317234532303202,33.84305063204754,20.297032952548932
1522,Kalimantan Barat,IDN,2023,2023-11-25,0.1027908383193414,0.3118236397461029,0.10196678613980842,0.11530975970785236,0.28782107725488937,0.17091782511230735,0.08122526383173145,0.5592264413305799,0.4246270140706385,29.022143505792325,17.9461557526681
1523,Kalimantan Selatan,IDN,2023,2023-11-25,0.09340885770065131,0.3128208492756341,0.08759968869811544,0.10648859975602899,0.29564435313538673,0.19070826156945278,0.08673764264286866,0.579192549322223,0.48451968561621844,29.35125742942665,16.035170059701823
1524,Kalimantan Tengah,IDN,2023,2023-11-25,0.13904002173760388,0.33159377594961126,0.13993867655624032,0.1515865961223625,0.3074745436992085,0.1858601513453561,0.09225773122209999,0.46826901643002994,0.36487487337663804,27.934321233118435,20.591333860915686
1525,Kalimantan Timur,IDN,2023,2023-11-25,0.11049279359325677,0.3406274001299097,0.10670272274969259,0.12474962136438425,0.3173940231322118,0.19007030029499683,0.08816411357713924,0.5564886770938153,0.47086450251998324,26.11984793754749,19.8898990300358
1526,Lampung,IDN,2023,2023-11-25,0.18766685577570966,0.32032058712509875,0.19203612583696736,0.1948713474110515,0.3062780234363773,0.2200295435989978,0.12037376024469648,0.3344124706566579,0.2719850975605452,28.33976247177147,18.873756166761005
1528,Nusatenggara Barat,IDN,2023,2023-11-25,0.12519426158950026,0.29475981663903816,0.1068640059266153,0.12895244082237522,0.29381685957280984,0.22098954862503487,0.12592350178189476,0.4396387069572154,0.4637191491604645,31.78773780139899,21.209798226809063
1529,Nusatenggara Timur,IDN,2023,2023-11-25,0.0942365794007527,0.266577690520504,0.07327353307886132,0.09678842149214942,0.28502234075667066,0.2165130610097173,0.11774287651700047,0.5100117307684885,0.5229420483831949,33.423692358722896,21.453572641296894
1532,Sulawesi Tengah,IDN,2023,2023-11-25,0.0975750742642791,0.32666130404736826,0.09141221415237245,0.1129882549593838,0.3045826267317789,0.1840037491570188,0.08482936813301187,0.6003407430179677,0.4889709846037895,26.192146280570192,19.07114283714035
1533,Sulawesi Tenggara,IDN,2023,2023-11-25,0.11636196112811763,0.3388712291019443,0.10610950474644103,0.12996215251917642,0.3270507866490725,0.21148867214112868,0.10247698322838998,0.5418082544059877,0.48525507636961035,26.85400538871503,20.85533819043521
1535,Sumatera Barat,IDN,2023,2023-11-25,0.10265581676197558,0.31604563153323245,0.09841854243774537,0.11575071795160106,0.29688403153555387,0.1828884889019456,0.0860910595478056,0.5807263483636427,0.46728808438654423,28.587650501014455,20.10436703563182
1537,Sumatera Utara,IDN,2023,2023-11-25,0.10478224396567114,0.3546647128246336,0.09658774448685649,0.12030911684752035,0.32709042331946253,0.19782176339444077,0.08819041925499628,0.569257424692932,0.5202520414265738,26.837053337720885,14.669656163507677
73615,Maluku,IDN,2023,2023-12-03,0.08308128507517205,0.32296881180371684,0.07575353862320829,0.1000459834451029,0.2959618798967342,0.17198446045456015,0.07572664207530692,0.61419680196845,0.5229449802743693,28.016536076507357,21.562400583609193
73616,Maluku Utara,IDN,2023,2023-12-03,0.07009346581698984,0.3183977417967375,0.06274892486061648,0.08663718897922225,0.29393781447097117,0.16820159248257296,0.07208479636443149,0.671627289645479,0.5444539830121741,25.627600354945724,21.427512928557846
73609,Bangka Belitung,IDN,2023,2023-12-03,0.12670817981951485,0.3667298053556301,0.11391516763343006,0.14110409920365466,0.35145775378835487,0.23863291087259217,0.11704599219050768,0.5117372719431136,0.5300951502645702,28.059597372773744,23.32765230860208
73610,Banten,IDN,2023,2023-12-03,0.1298445186584815,0.31876787942070883,0.12533133304005256,0.14337208598324286,0.3032420632145497,0.21659206152492483,0.11152670180532206,0.44870516014716355,0.41855818732192895,28.04520602368703,22.283218251260482
73611,Gorontalo,IDN,2023,2023-12-03,0.05141305787940834,0.30834718046235016,0.03792286802038859,0.06637655964455043,0.28693707079618175,0.16594718468864242,0.06856065429847445,0.7233063666383487,0.6010581175604647,27.48845993419518,19.997605723892544
73612,Papua Barat,IDN,2023,2023-12-03,0.08890105129969991,0.33622477226371417,0.08379053417779123,0.10588831098193027,0.30862829969812317,0.17165654401515543,0.07349596963110397,0.6112702689528112,0.4995083412282232,26.72117439376489,20.62686834770714
73613,Jawa Barat,IDN,2023,2023-12-03,0.1594090755166619,0.3162423615033915,0.15588146431323754,0.16994128014521157,0.2987481251752925,0.21598902625931057,0.11681669248850995,0.38042064829396643,0.32207744283830164,29.821617105144462,18.50896589806833
73617,Papua,IDN,2023,2023-12-03,0.08457535994966232,0.2992794032208782,0.07759422614226326,0.09763059588874194,0.28226796048637703,0.1598460316215523,0.07172477874232866,0.6136812630776942,0.45865282345104375,27.876060021822976,17.97565424173675
73621,Sulawesi Utara,IDN,2023,2023-12-03,0.04881247482919794,0.311297354522353,0.04008275386456699,0.06509326794953094,0.27699182025097363,0.15110178004406083,0.060266350223206214,0.7431642688796682,0.5821337348253777,26.67392449358897,20.524256144371357
73622,Sumatera Selatan,IDN,2023,2023-12-03,0.10366795112473634,0.3412011223768819,0.09689487972974634,0.11748691236117252,0.31867872539897374,0.2057048544654345,0.09677946307400408,0.5818533932934578,0.5198107591565501,27.372560746303225,18.272016626952947
73614,Kepulauan-riau,IDN,2023,2023-12-03,0.1015127369652462,0.2776807881080735,0.10114713076773546,0.1167839331217316,0.25316364216178144,0.15741486365164026,0.07706427966025997,0.48899453549839744,0.36003102322154784,25.86732825625603,23.082178168130486
73618,Riau,IDN,2023,2023-12-03,0.09198430435167329,0.306325945184052,0.09038752946576101,0.10415660527625233,0.2841871885929239,0.1723357501619199,0.07890131578238473,0.5859917527644601,0.4560392717837407,29.30324629324495,17.202226987344662
73619,Sulawesi Barat,IDN,2023,2023-12-03,0.06073651814834699,0.2980225797484942,0.05201896673625884,0.07551430540138396,0.27714501176770723,0.15850777749916162,0.0664395385176346,0.6969596715083523,0.5270600247692441,27.001775952896654,16.792415068102493
73620,Sulawesi Selatan,IDN,2023,2023-12-03,0.08428987124065937,0.2730325039669885,0.07277367995435569,0.09360644372627874,0.2616230250176264,0.17111798910135737,0.08288621698619239,0.5529219093095035,0.4411619994071519,29.84086616228759,19.978051255653934
1512,Nangroe Aceh Darussalam,IDN,2023,2023-12-03,0.11735741067119584,0.3015910775558762,0.11586459798741494,0.12794822808076417,0.2777317148395222,0.1623526103020301,0.07611396274201902,0.5225509569535313,0.361483294774977,25.51137389069678,15.412126694531405
1513,Bali,IDN,2023,2023-12-03,0.10719777312061748,0.3336385445283806,0.09026480025692782,0.11821809172014137,0.3160313079801067,0.217080098737929,0.11479808522557482,0.5453515329339441,0.5407647441302615,29.580460011797385,18.66847609381511
1514,Bengkulu,IDN,2023,2023-12-03,0.11958922048903886,0.30797723434310564,0.12257008107447619,0.1322967181760673,0.29238979291095346,0.19229601696665544,0.09947712245702313,0.5063454714892128,0.4053332704371821,26.454644957183863,19.511036805839623
1515,Daerah Istimewa Yogyakarta,IDN,2023,2023-12-03,0.11506515335399362,0.2686277423414642,0.10391339895864986,0.11975632417786321,0.2689575656113157,0.20219969532339557,0.11216774509070342,0.4450155440157437,0.40572208710017954,35.323884400045834,16.56507748583843
1516,Dki Jakarta,IDN,2023,2023-12-03,0.24183122062300677,0.30577254956556355,0.23402125829479073,0.24433177328298455,0.30456436486997024,0.26985907275937143,0.18936360872516436,0.1382743070888449,0.1565193914438369,,
1518,Jambi,IDN,2023,2023-12-03,0.14376718484143627,0.3378492488771302,0.14719513566212464,0.15726197886073598,0.3190352757328618,0.20461536061071486,0.10304524421716577,0.46275935266329843,0.3778272052473103,28.33563770218405,17.751507371885694
1520,Jawa Tengah,IDN,2023,2023-12-03,0.11649812988398803,0.30640575271812653,0.10073481859366758,0.12558626065426565,0.29304903836309903,0.21715276978312414,0.11535379140613468,0.48315716157085487,0.46695723473528605,32.52273692747246,20.45095155308081
1521,Jawa Timur,IDN,2023,2023-12-03,0.10075526544281578,0.2943248206003295,0.07909362593566631,0.10773470596334307,0.288297973853292,0.21458675814403957,0.11516799823340913,0.5178245342378187,0.5284165873033564,31.830697961820974,19.254549387483085
1522,Kalimantan Barat,IDN,2023,2023-12-03,0.08114708692044213,0.3293630905984489,0.07325596427560338,0.09625328781622418,0.3065658958750572,0.17826620572619986,0.07802727887438043,0.6393371284619417,0.5261506452722918,28.347352930575283,21.30323854230987
1523,Kalimantan Selatan,IDN,2023,2023-12-03,0.05365839650544369,0.2905595457040475,0.039944847057714845,0.06680706126251011,0.2795546012954165,0.17086406009136937,0.07154219999005437,0.6962710035460072,0.5626228901525844,29.713411848943863,19.970708145613095
1524,Kalimantan Tengah,IDN,2023,2023-12-03,0.06727526575189594,0.3158681596890567,0.057526368524896725,0.08246478304846805,0.29771817134925815,0.16868757744957397,0.06998680055584451,0.6692182776851029,0.5361016241890214,28.427248823788744,21.37261212993677
1525,Kalimantan Timur,IDN,2023,2023-12-03,0.08618831673485644,0.3269227617871128,0.0791967964998114,0.1005386213109976,0.306166550746824,0.1769956440787889,0.0773510468133584,0.6170271061594222,0.5087763239005093,27.2239908827864,20.059243410147026
1526,Lampung,IDN,2023,2023-12-03,0.17201634061543788,0.40114264040993913,0.14661533495303644,0.1806281157940941,0.3903346259542525,0.29594867742520237,0.16361689358991635,0.44282021263533194,0.578200728397145,26.669301092664586,21.91078261430644
1528,Nusatenggara Barat,IDN,2023,2023-12-03,0.07833769326947301,0.27556171993953316,0.06055115610777747,0.08633471071238727,0.2656965472283743,0.18238497845076684,0.09509889322551843,0.5854999976489366,0.5039056126940397,31.419188838034373,20.09636905405468
1529,Nusatenggara Timur,IDN,2023,2023-12-03,0.10215647888219283,0.31793220004774314,0.07815638976486569,0.108922066280215,0.3248356389983776,0.24107790006569776,0.12726536438610178,0.5375540926352236,0.6838428443568075,31.957250435920844,21.49846335197321
1532,Sulawesi Tengah,IDN,2023,2023-12-03,0.0604781716188713,0.27923366467628236,0.054885837278825206,0.07359500662597769,0.2594464457674,0.14599200713342353,0.06194678988803815,0.678099714192707,0.48308600707389215,27.154585938410637,19.04198912236855
1533,Sulawesi Tenggara,IDN,2023,2023-12-03,0.08127029938151621,0.32034366512719153,0.070933811597034,0.09487761757208048,0.30450481066835267,0.1872957170337794,0.0838946390835265,0.6269154682703162,0.5453364027103931,29.602287355272633,22.441363752427655
1535,Sumatera Barat,IDN,2023,2023-12-03,0.0986216105400249,0.28612509045262385,0.09905123707935211,0.11122550707215757,0.2691618931083839,0.16529093449323493,0.07826229419600418,0.5459223631038806,0.3947634745200144,28.50674554143505,17.46774707057525
1537,Sumatera Utara,IDN,2023,2023-12-03,0.11218133599580292,0.3313074144297747,0.10775738844373156,0.12603896319986682,0.30554327612505705,0.18288117453779182,0.08300370478087606,0.5429575922055324,0.43804949630547924,27.918803754550982,16.90432008462447
73615,Maluku,IDN,2023,2023-12-11,0.09774985477636701,0.3294503858836448,0.09180221085501271,0.11449679617337058,0.29685043112544596,0.17500269649996372,0.08111017649855774,0.591804353604216,0.47794067126411527,26.95016384774243,22.90304430201646
73616,Maluku Utara,IDN,2023,2023-12-11,0.06913779739348684,0.3256416940087943,0.06179842351793091,0.08655561863184469,0.2961903078654936,0.1646991847501343,0.06675067178799449,0.6681326573655584,0.5412858096956147,26.03071225405885,21.18638481344798
73609,Bangka Belitung,IDN,2023,2023-12-11,0.12145807357029716,0.33029843521897595,0.11809843416995207,0.13444933726030392,0.3121454676872048,0.20360257837562937,0.09782227598540959,0.5121446996765717,0.4460663838227202,27.612080498573334,22.682462488765
73610,Banten,IDN,2023,2023-12-11,0.062128481956582784,0.27955976659513165,0.0405978331209285,0.06978111703623674,0.269687506405628,0.1833424684251809,0.09146865076429614,0.6296001334901912,0.572983631699865,33.26833760311715,21.38382067279943
73611,Gorontalo,IDN,2023,2023-12-11,0.057966821560609554,0.2784379470605015,0.049827075458029293,0.07009860635047377,0.25499939308693603,0.14369149213016982,0.06090559728916195,0.6786455655458393,0.4903422055311986,26.501274861330113,20.365626571277495
73612,Papua Barat,IDN,2023,2023-12-11,0.05899654055102041,0.2981952201698232,0.05249272916713864,0.07370033117692555,0.2742393359059122,0.1440937175991894,0.058003741228977196,0.7013443956911753,0.5051432142691124,27.56718358724223,17.91887752500357
73613,Jawa Barat,IDN,2023,2023-12-11,0.06946658182608864,0.2813442007296621,0.04592696161194337,0.07596297245203354,0.270616442337271,0.18757454568211895,0.09469252434679895,0.6091711469577278,0.5609669635755116,32.500789570192644,20.427853674993415
73617,Papua,IDN,2023,2023-12-11,0.08462414619375717,0.2948456053654134,0.07990552310740398,0.09714509203438836,0.2759779395116915,0.15734555955399745,0.07159652923591946,0.60734945140477,0.4314037782662541,27.62786286993137,16.046013702545114
73621,Sulawesi Utara,IDN,2023,2023-12-11,0.09364537713363731,0.3102305244990511,0.09263758781990111,0.10701308943411024,0.2724965347150957,0.1606096329625584,0.07484777040545283,0.5782465560465446,0.43859003390662393,24.472108829637875,19.834956291428746
73622,Sumatera Selatan,IDN,2023,2023-12-11,0.1068120616486152,0.33269003732616914,0.10265932735523021,0.1210099778277774,0.31028070436482846,0.20036530950390738,0.09525197406055688,0.5716038130935893,0.5114548649629785,30.087965498921157,20.877035026773324
73614,Kepulauan-riau,IDN,2023,2023-12-11,0.102769809561973,0.2808001980194692,0.09841789578177919,0.11727161634943076,0.2560608382225193,0.16063474863610605,0.07879523259726763,0.5023499847624344,0.3703086443491388,26.228811679947654,23.312952932288294
73618,Riau,IDN,2023,2023-12-11,0.17196684541499613,0.36629705625247133,0.17838642618283465,0.18619515242636006,0.33259393662179,0.2187193782423562,0.11339889550760317,0.4123455993251661,0.36199778981968384,27.73601734628399,20.03665359311743
73619,Sulawesi Barat,IDN,2023,2023-12-11,0.056589009868027534,0.3195552714179564,0.045611057923457224,0.07324264105657773,0.29652549383294424,0.16801584862717414,0.06800988099147869,0.7125653353379365,0.5848988323946941,28.012605198380115,19.426592327359934
73620,Sulawesi Selatan,IDN,2023,2023-12-11,0.10879543388451515,0.2852947967473796,0.10063181681453705,0.11892708864358142,0.27009452693767744,0.1760203953594829,0.08797039042007226,0.48176541588368776,0.3804914321766315,29.353434517825438,20.903573671248306
1512,Nangroe Aceh Darussalam,IDN,2023,2023-12-11,0.16945229530475545,0.339172961603036,0.1699611813785386,0.1802244473739751,0.3110218548463832,0.1921621395839911,0.09860527075986417,0.4362844414827863,0.32102855255696605,24.551919921308997,16.940607790102533
1513,Bali,IDN,2023,2023-12-11,0.05962417756462643,0.2870817232208195,0.04227143952271919,0.06868399914357368,0.26473397781814606,0.16911938778119326,0.08089423916681131,0.6864758129344328,0.5606896283783708,29.211306839179183,20.37312328975597
1514,Bengkulu,IDN,2023,2023-12-11,0.07155278938746863,0.29667557656571436,0.06339007480900728,0.08416547659888737,0.2874418156901993,0.17796325878658625,0.07952042163368549,0.6708704724510381,0.5219007705376403,30.219227507819195,18.912808625499665
1515,Daerah Istimewa Yogyakarta,IDN,2023,2023-12-11,0.08873113966584581,0.3240673358208832,0.05430625622587724,0.09326930467202428,0.32769514261669336,0.24626049910878833,0.13594443299268208,0.568252069735047,0.7418989675708202,35.77722177715193,20.179842357872626
1516,Dki Jakarta,IDN,2023,2023-12-11,0.11302149534257534,0.19711257482055897,0.08431836977347286,0.10438719911863392,0.20834800074651272,0.19735102622877276,0.15776447353568468,0.2832603774454,0.34133308464780787,40.48857850464028,24.331890404754393
1518,Jambi,IDN,2023,2023-12-11,0.1632823725553221,0.3721832670286792,0.16440123282133706,0.17752798461318325,0.35059439844551576,0.23904935606974934,0.12840218857413332,0.46028156635627476,0.43283994689805816,29.295890634358642,19.84461560911466
1520,Jawa Tengah,IDN,2023,2023-12-11,0.07356911696815444,0.2946295043446208,0.046314936854982655,0.08047912617293015,0.2831858247518225,0.20102582630594698,0.10274332349199947,0.5988993529359452,0.5963755399484744,33.77333783872196,20.249497994823457
1521,Jawa Timur,IDN,2023,2023-12-11,0.08184099985180164,0.3035244096047471,0.05556323560986555,0.08880151507421975,0.2912544914242309,0.21080953099746688,0.1098105020328634,0.5865499872239824,0.6017395552371734,34.06391450402459,21.321884068561932
1522,Kalimantan Barat,IDN,2023,2023-12-11,0.07604550444740388,0.2948179386560905,0.07459615012835667,0.0888494286344182,0.2713826804544772,0.15250959724030563,0.06570450640173593,0.6342600603622587,0.457459372726755,28.604475150909106,22.765099116375996
1523,Kalimantan Selatan,IDN,2023,2023-12-11,0.16584547882737688,0.35269747581706706,0.1722714790185506,0.18200494437740522,0.32415701441060224,0.20770532462767707,0.09888342531306585,0.3909357781287863,0.3242656259035086,24.58472351050505,20.183127284171913
1524,Kalimantan Tengah,IDN,2023,2023-12-11,0.11434534667062081,0.32225270368984305,0.117417960062028,0.12853644979436427,0.2961624969589104,0.17721403500968827,0.08309118692674171,0.5236633208852319,0.403721599694776,28.307077167924707,20.780617769292057
1525,Kalimantan Timur,IDN,2023,2023-12-11,0.1148854102830683,0.3428937914567866,0.1111721574306826,0.1290523535617431,0.31785269569619096,0.191766321299133,0.08924569051482703,0.5390837324122256,0.4601636928411837,26.290417853211405,19.833467741112607
1526,Lampung,IDN,2023,2023-12-11,0.09031690388138702,0.301168166184291,0.07035505804012954,0.09547770612333659,0.29361482738476086,0.20789483353617857,0.10650525295801379,0.5864276969789906,0.5450461473353376,32.87130754318587,20.068316633319753
1528,Nusatenggara Barat,IDN,2023,2023-12-11,0.09325728280072239,0.29687898151716285,0.07438081842255138,0.10087290974805661,0.2788186026236121,0.1920362394086835,0.10094328865549886,0.5617556266845233,0.5059197504430658,30.68646993675117,20.143736917236613
1529,Nusatenggara Timur,IDN,2023,2023-12-11,0.07931216095638106,0.3027341805491417,0.0563110239900602,0.08866218926137868,0.303387126734653,0.21590445714667153,0.11051129094534919,0.6030098459430964,0.613991675157465,31.336019966137577,20.75831652270151
1532,Sulawesi Tengah,IDN,2023,2023-12-11,0.0861291521029818,0.29976578585151276,0.08096464297233384,0.0999540987252807,0.2776787935441842,0.16018952628656813,0.07180870058859129,0.5945912375752251,0.44347593800692775,26.97468596879057,19.60705832041002
1533,Sulawesi Tenggara,IDN,2023,2023-12-11,0.141872124076959,0.3104319997571832,0.14587133083558498,0.1535914401892686,0.2882389293001116,0.17980073644432115,0.09212383022519542,0.4308146672513954,0.3251968758807755,30.360344619393175,19.09716354422895
1535,Sumatera Barat,IDN,2023,2023-12-11,0.11421825295964695,0.33951299868716533,0.11161058868862782,0.12912508317369104,0.31595403074118156,0.20239276646315335,0.09855073202976779,0.5557655432489383,0.4836400725703594,26.80858439178851,18.43267087777672
1537,Sumatera Utara,IDN,2023,2023-12-11,0.11387731690317128,0.3550707661823939,0.10810666157494253,0.12913588260154504,0.32504678302742046,0.20512108738540255,0.09716410645508049,0.5489149762062995,0.5033382928398027,26.745783603775408,17.650790679012776
73615,Maluku,IDN,2023,2023-12-19,0.07167224343491882,0.31396785652408254,0.06467656077072638,0.088484946757734,0.28300054658828666,0.16138168824814805,0.07170000453640941,0.6536639352563218,0.5238892265000401,27.931114009505638,22.66639497119093
73616,Maluku Utara,IDN,2023,2023-12-19,0.0683748265435586,0.28291938807097333,0.0636326551241725,0.08217696755114123,0.25842638112221133,0.14407110263297915,0.06243692749959162,0.6615864413543706,0.46578635799930673,27.32582700890241,21.23135887395281
73609,Bangka Belitung,IDN,2023,2023-12-19,0.1596960342112047,0.33328115066926894,0.1651397842601937,0.1724305715216022,0.30579350437364117,0.20036566459169763,0.1000657304640896,0.41293419282555593,0.3316939482832519,25.933268494538233,11.965255026235827
73610,Banten,IDN,2023,2023-12-19,0.062182035510920754,0.2774493588603724,0.039256405915327114,0.06756000588277082,0.2666282828180883,0.18308352383140541,0.09441988076503618,0.6479179861559473,0.5956579156954919,33.64068792275336,21.245124899252612
73611,Gorontalo,IDN,2023,2023-12-19,0.05846375877692628,0.34627265207958074,0.04430661160691221,0.07539494891239312,0.31513220791990737,0.18126639368710498,0.07494512600876573,0.7251990800388219,0.6562960457820296,28.206695077355636,20.6587383860597
73612,Papua Barat,IDN,2023,2023-12-19,0.06142165846046331,0.29472922093802817,0.05575155709266321,0.0753879302909382,0.2697321206957881,0.14191686746903848,0.05850942340675734,0.7066827308039065,0.49344449952927016,28.00710527705211,20.11139189797211
73613,Jawa Barat,IDN,2023,2023-12-19,0.061668306596228344,0.2694772933212998,0.03865566961841531,0.06679935461384472,0.25711721711055047,0.17633528697115755,0.08880098576463788,0.637444059987143,0.5623225908318522,33.60965150330327,20.18354310347289
73617,Papua,IDN,2023,2023-12-19,0.10393660871568713,0.31563154823842754,0.09857206364701424,0.11690634022370687,0.29641867549191503,0.17367668071600487,0.08232440478672035,0.5701494733163924,0.43516611858768856,26.95071191822556,12.919337502498394
73621,Sulawesi Utara,IDN,2023,2023-12-19,0.06535906833755666,0.35696665401517025,0.0544465118919812,0.08407952692497617,0.31617708014584683,0.17739488482056276,0.07324306620087791,0.7147772111641411,0.634108154899821,26.64317736173933,19.632712536399442
73622,Sumatera Selatan,IDN,2023,2023-12-19,0.17246101617170145,0.3677263287643149,0.17778749319972048,0.18807095160268175,0.3395905796071205,0.22895040656928836,0.11948115642141499,0.40255262566661026,0.35807323027391147,27.55943703641266,16.427597313293667
73614,Kepulauan-riau,IDN,2023,2023-12-19,0.15431567673614455,0.29498816958791935,0.16073563271145105,0.16940869083699614,0.26644034445571446,0.17594837462085308,0.09408938831480793,0.34948928992237693,0.26165179097444036,25.17016712083871,22.388387004797842
73618,Riau,IDN,2023,2023-12-19,0.1806573215669435,0.35359813479677166,0.18427525101640005,0.1930586718538435,0.32430192520363044,0.21726100755464822,0.1202452679513148,0.37656670308441337,0.3169887650522131,28.28573561992202,7.977967479674822
73619,Sulawesi Barat,IDN,2023,2023-12-19,0.08425465765818188,0.31411051182857896,0.07738769304922861,0.09823580105575963,0.28983437537472073,0.17176959187132734,0.07947293838397372,0.6165126919643593,0.5009909698485582,28.94767975445901,19.246464522629793
73620,Sulawesi Selatan,IDN,2023,2023-12-19,0.09257206995927134,0.2969799626562542,0.07880090125139669,0.10314942941281664,0.28018476352437743,0.1828955184402821,0.08971177166694606,0.5548640827059749,0.48245015153434556,29.816700095950484,20.31068065206907
1512,Nangroe Aceh Darussalam,IDN,2023,2023-12-19,0.1034747351729063,0.3271883264289323,0.09508574385808234,0.11579413695458626,0.30436655135274004,0.18316424428005343,0.08609292503211653,0.6193006923290445,0.4815938852183984,26.43593755760979,19.02474088692263
1513,Bali,IDN,2023,2023-12-19,0.04645374935478232,0.312730290189485,0.025194896079871503,0.05826498291238177,0.2856423436254455,0.17556193702401315,0.07718012687346908,0.7413232892669508,0.65658498470105,30.973953610558684,18.957481652970024
1514,Bengkulu,IDN,2023,2023-12-19,0.10114237517819462,0.3110159463242299,0.09893060906242752,0.11506483240234881,0.2949179500935873,0.18257515849209588,0.08501519566345807,0.56452398190662,0.45135295014377025,29.112428346535566,17.669319686140888
1515,Daerah Istimewa Yogyakarta,IDN,2023,2023-12-19,0.0669809419193041,0.26005583267529664,0.04453076650267921,0.07045242615624528,0.25969126933821285,0.18995456555174905,0.10333410707058133,0.6011127861913423,0.5472533921280509,37.00915890299448,20.800415127186277
1516,Dki Jakarta,IDN,2023,2023-12-19,0.1130686649920313,0.2083188106070978,0.07504859223717406,0.1012230153080191,0.2191350449939276,0.20780283178035683,0.16845635792258815,0.3011859252218584,0.3742210518699933,42.72136047723687,25.072099853826494
1518,Jambi,IDN,2023,2023-12-19,0.19314911176678606,0.36566972087339095,0.20162029736760448,0.20721655094069408,0.34059571156648544,0.23297589667984628,0.12511587358924575,0.3622962619889875,0.3084529836041433,25.63195871553733,15.781745823737548
1520,Jawa Tengah,IDN,2023,2023-12-19,0.06250324902961703,0.2818364555171541,0.037524039918067686,0.06848873908963249,0.2684393609863736,0.18909870301194312,0.09626108158090424,0.6369664396936088,0.6002756121609867,34.881109893815726,20.2418204964646
1521,Jawa Timur,IDN,2023,2023-12-19,0.06482204237665964,0.2926233262191367,0.038823274203711525,0.07239249771921051,0.2824016388161706,0.19913154728256424,0.10266036362834743,0.6358412772509627,0.6430788870485841,35.85427078122763,20.44708630044253
1522,Kalimantan Barat,IDN,2023,2023-12-19,0.12937790874656926,0.35583647709908944,0.1305042060468155,0.14492516893425753,0.32733982912295934,0.2068714627094149,0.10383176699804471,0.5061723080400795,0.4510146073305184,28.204055984745636,21.48477333722676
1523,Kalimantan Selatan,IDN,2023,2023-12-19,0.07292823591537864,0.3560075879405972,0.06041411463398686,0.0917676943533304,0.33560309470532274,0.21020765542680736,0.08817914527787026,0.662496800585653,0.6559736393960294,29.623118560098796,22.538340518742288
1524,Kalimantan Tengah,IDN,2023,2023-12-19,0.1531017243443269,0.35821948543355875,0.1565065896341693,0.1685016512537932,0.33461690645367487,0.21688210786244388,0.11205590822479532,0.4516222426625393,0.3985908738502441,29.097603671095637,21.38804995090522
1525,Kalimantan Timur,IDN,2023,2023-12-19,0.08651020350765214,0.32242684750525996,0.07900361679745392,0.09986142850431065,0.30080003595508853,0.1767194186206539,0.08049076944473157,0.6280763552604155,0.5035637319486389,26.711219468206547,20.00534218438503
1526,Lampung,IDN,2023,2023-12-19,0.11045693311546319,0.3050760479732159,0.10522888700399136,0.11776398311418367,0.2849562577278195,0.19637425720820484,0.09914713469106691,0.528970929819107,0.44768441928292213,27.70095101820866,20.677538363707868
1528,Nusatenggara Barat,IDN,2023,2023-12-19,0.06146639089332423,0.3019972381093227,0.0382234477407477,0.0713089746697084,0.28351183301069843,0.1858074598545498,0.09259120067730707,0.6561529148808725,0.6390643510172208,32.419227293267696,20.614909097896003
1529,Nusatenggara Timur,IDN,2023,2023-12-19,0.07280950128510427,0.32304031897382096,0.050690014684906685,0.08570970595138451,0.31428532380279794,0.21460844400562998,0.10557866790586865,0.6462553988117824,0.7119862919161195,30.262760215777387,21.424708283152153
1532,Sulawesi Tengah,IDN,2023,2023-12-19,0.0717988873149263,0.3061177291747817,0.06644940070075389,0.08674899875674427,0.2827015919533894,0.16152960818292653,0.06958836308977269,0.6542412822497138,0.5079428516423492,27.550783991365492,19.33533426940461
1533,Sulawesi Tenggara,IDN,2023,2023-12-19,0.08870760832721743,0.3321820734671359,0.08067204107791061,0.10461094661122423,0.3093066774336808,0.1854131822486495,0.08218389843497924,0.6097011723401724,0.5210769353347765,28.132483743812834,21.94983554441902
1535,Sumatera Barat,IDN,2023,2023-12-19,0.1597368797836689,0.33831680239119954,0.16038813803726523,0.1727174908969353,0.31644543464563474,0.21357337893807884,0.11594733476255427,0.44079758903580035,0.3585473703921488,27.11729398246643,18.608930027262762
1537,Sumatera Utara,IDN,2023,2023-12-19,0.13084061434982214,0.34750314184654824,0.126267500479221,0.14425623592674597,0.3210415004222434,0.20351076928357886,0.1021099793530021,0.5143305142364096,0.44424567983587565,27.77279045309789,18.46085758902704
73615,Maluku,IDN,2023,2023-12-27,0.07126037167339243,0.3338155838643841,0.06230844425807181,0.08995849379366405,0.2979348897838887,0.16787499971591022,0.07176211084170865,0.6674958017610781,0.5693711323064009,28.518919239548964,21.607671148315735
73616,Maluku Utara,IDN,2023,2023-12-27,0.06775805374415209,0.30978961245195247,0.06106803237706034,0.08349888018882579,0.2821649163458707,0.1592778497537312,0.06798017083724175,0.6721818004954704,0.5248356104109919,27.975857602367093,21.033300689211814
73609,Bangka Belitung,IDN,2023,2023-12-27,0.14380436956941375,0.3481016263906624,0.14022086266455683,0.15712073857305967,0.3251412462131201,0.21253022675752245,0.10285497883407509,0.4554606700211663,0.40557269207341334,25.78805301839919,23.252857142857174
73610,Banten,IDN,2023,2023-12-27,0.0954340431945818,0.27362416995747996,0.08856509549973128,0.10596160550198748,0.25803063669921833,0.17390124347975822,0.0877739338842467,0.5087249012567512,0.4090334875170487,29.6993728828512,23.24601108033243
73611,Gorontalo,IDN,2023,2023-12-27,0.0465656435326976,0.2830859222351254,0.03762589150684553,0.05923542640561844,0.25457743220784024,0.1380005291509374,0.05464071906959879,0.742352510111968,0.5271379510404924,27.27182292280261,20.25052862561923
73612,Papua Barat,IDN,2023,2023-12-27,0.061487345069954,0.2938511253280978,0.05630300918594368,0.07555270089465416,0.26723903271585786,0.1413640086801643,0.05754695016189437,0.6931599160370098,0.4913930985134562,28.251754888676377,20.709907603100525
73613,Jawa Barat,IDN,2023,2023-12-27,0.0863138759989409,0.28826039157597044,0.07237873643435612,0.09650607383814953,0.2670685158530505,0.1803306730830897,0.08742449187022307,0.5635289476269543,0.4558914572657416,31.593138616096883,17.498451160637305
73617,Papua,IDN,2023,2023-12-27,0.07829364594185059,0.31283404280464605,0.06871117292002477,0.092443470637766,0.29357867649435393,0.16641930119137577,0.07352584748778984,0.6454666129885266,0.5004825628914277,28.512263122421952,15.371749183996222
73621,Sulawesi Utara,IDN,2023,2023-12-27,0.06068108164464999,0.3460677928616505,0.05130862612385194,0.07852568182328104,0.3027046522530371,0.1669683651585015,0.06673565745972657,0.7181412356181055,0.614442587173035,26.953285155355108,20.542205170342534
73622,Sumatera Selatan,IDN,2023,2023-12-27,0.17671861268328729,0.37146462916744216,0.1815278418950732,0.19181920750608877,0.3400663711759877,0.22483900190642686,0.11397034963605053,0.3992775989704973,0.3492766333894764,27.365446474955093,13.401673247518344
73614,Kepulauan-riau,IDN,2023,2023-12-27,0.10683890770816751,0.2886574146840715,0.10206406410326985,0.12213940993792162,0.26317362023987906,0.1640137122904116,0.08001717708909195,0.488415210474169,0.370070537931286,25.807379485920116,22.4291639683819
73618,Riau,IDN,2023,2023-12-27,0.1714573105084087,0.3790371543590386,0.17119814666001232,0.18525552961088873,0.3468690643262558,0.23024477415617736,0.11980842094448794,0.42065951822844316,0.39147659440637844,27.30497153980555,
73619,Sulawesi Barat,IDN,2023,2023-12-27,0.050811505558992894,0.29337948084911336,0.04143768281893683,0.06570959185636799,0.26969900191970364,0.14874510183797804,0.059265324950525215,0.727879949013271,0.5391506480689984,28.070688541885932,16.900479298206676
73620,Sulawesi Selatan,IDN,2023,2023-12-27,0.08170010200563424,0.27065229773110866,0.07085908790366094,0.09158872816993648,0.2517285268207859,0.15961975021598096,0.07589257868019436,0.5691893360690551,0.4369323931304725,30.70721838861107,18.69302503722646
1512,Nangroe Aceh Darussalam,IDN,2023,2023-12-27,0.11212171307275273,0.29245027187154043,0.11128988251112674,0.1217169451697825,0.2701172046551548,0.1674933957415315,0.08463976939942897,0.5366451673951999,0.3752052687765467,25.72588409625808,18.50281527826578
1513,Bali,IDN,2023,2023-12-27,0.12871291905064894,0.3434392982996276,0.11377932282301746,0.13886509985278442,0.31777181891420725,0.21902368680700818,0.11711664026939662,0.5131703492765568,0.48821380848692314,30.903947178934875,19.413904002699272
1514,Bengkulu,IDN,2023,2023-12-27,0.08189268970129451,0.3421198060535621,0.07290858281702782,0.0989656193277687,0.32699379771032416,0.20279767742102606,0.08584951372640152,0.6496265262404937,0.5935710044492163,25.81660868132397,18.07695932406991
1515,Daerah Istimewa Yogyakarta,IDN,2023,2023-12-27,0.1520878320582473,0.3512970303653262,0.1329169522258898,0.15890682018612398,0.3482925699413641,0.2699212013251305,0.15625279867792213,0.43846740290750613,0.5491340248667242,35.55473379845666,
1516,Dki Jakarta,IDN,2023,2023-12-27,0.1385972636407834,0.20124329591239357,0.130189876479291,0.13879051387444444,0.20474764058438708,0.18558617898537538,0.13764475999789272,0.2051952797905518,0.18561173626350866,,
1518,Jambi,IDN,2023,2023-12-27,0.15435670397829612,0.36140573774926393,0.15461631925505387,0.1679787126959847,0.3391146898549958,0.22745596918863448,0.11852885863665458,0.4579352958797616,0.412656753211179,27.955812074594224,
1520,Jawa Tengah,IDN,2023,2023-12-27,0.10651388467578635,0.34107399329427995,0.08569446654896086,0.11831190380987891,0.3198317203329831,0.22765338230189303,0.1152068785670584,0.5424264920442913,0.589022932677115,31.589921727528814,20.488957824374292
1521,Jawa Timur,IDN,2023,2023-12-27,0.12466028936698205,0.34168460544094403,0.1061732813630339,0.1355086798982554,0.3215602095911366,0.23340922010100723,0.1232554712178401,0.5071214264551944,0.5319538957087974,31.512979026491035,18.170938382239832
1522,Kalimantan Barat,IDN,2023,2023-12-27,0.0979356794282759,0.36959458801221406,0.0880039678067544,0.11483467184121367,0.3401197367039394,0.20316525295166146,0.09192043004035924,0.6114016371177935,0.5623820533767533,28.50321280751809,19.246784849454073
1523,Kalimantan Selatan,IDN,2023,2023-12-27,0.06472765544918047,0.35238154544793276,0.048723777910095654,0.08333236172950727,0.32918331725812383,0.2014572825229101,0.08120562806878558,0.6955425716983709,0.6613268590579513,30.491851222990196,19.744179459034182
1524,Kalimantan Tengah,IDN,2023,2023-12-27,0.08980763715560205,0.36691168726751133,0.0788109592628047,0.10721333877273541,0.3390865262326757,0.19769957195484394,0.08397308987357027,0.6307904582914693,0.5755205292233073,28.152907862623543,20.395813929023735
1525,Kalimantan Timur,IDN,2023,2023-12-27,0.0914949047779427,0.34707046135071384,0.08335442043436263,0.10651361920041791,0.3235422890904224,0.18896704446022286,0.08268719343880877,0.6183584070651743,0.5435089673260797,27.799229374689606,20.064158451969238
1526,Lampung,IDN,2023,2023-12-27,0.11237568305889534,0.3200265929797537,0.1071988938431243,0.12465721387509845,0.3012507567464831,0.20242380832367524,0.09756424534635917,0.5102803373498882,0.452406125424499,28.922302991881324,17.20142645990349
1528,Nusatenggara Barat,IDN,2023,2023-12-27,0.09422476993930509,0.3168893234809509,0.07528341095124227,0.10430703866208606,0.2945554771851023,0.20146630656299336,0.10588395386187403,0.5608359174880893,0.5593243387710178,32.5353208700798,21.224144690305412
1529,Nusatenggara Timur,IDN,2023,2023-12-27,0.07417013515905996,0.3272586456726289,0.0552373714466067,0.08754541069625749,0.31240253119945716,0.20779189212445157,0.10015323183847832,0.6489106435772228,0.6748468256537873,31.396501264852905,20.96038901425822
1532,Sulawesi Tengah,IDN,2023,2023-12-27,0.06878326535424972,0.2752227946387237,0.06500666729513549,0.08089324876031329,0.2522474542242531,0.1422991752473058,0.06231062147800593,0.6538669765258227,0.4496563248128725,27.126103173113403,19.679984919283683
1533,Sulawesi Tenggara,IDN,2023,2023-12-27,0.09325101960033746,0.3068337604982948,0.08945129003965269,0.10665401791104238,0.2804675346180653,0.16961393805321606,0.07819862539259319,0.5830927003497742,0.46211108615158963,27.903311364168108,21.183428131595978
1535,Sumatera Barat,IDN,2023,2023-12-27,0.15128416391800845,0.3815408259500862,0.14469089658840653,0.16645259622476602,0.35688582462737894,0.238462559288404,0.12123066086477319,0.5120738957378431,0.4891369699514069,27.197628912654963,18.499836207418202
1537,Sumatera Utara,IDN,2023,2023-12-27,0.1613582530240501,0.37114356494920864,0.15909770148947328,0.1746823446266118,0.34172403678351354,0.2288428087626108,0.12018099737101692,0.4605501223384799,0.4205418136202343,26.959650855403584,9.52319436198655
