ADM1_CODE,ADM1_NAME,country,year,date,sur_refl_b01,sur_refl_b02,sur_refl_b03,sur_refl_b04,sur_refl_b05,sur_refl_b06,sur_refl_b07,ndvi,evi,LST_Day_1km,LST_Night_1km
3333,Binh Dinh,VNM,2018,2018-01-01,0.06909146328741705,0.2585809873413791,0.056040698735291904,0.07711942082309321,0.25569903860058585,0.16740209905883452,0.0834206836209094,0.6179092587242313,0.5633541654198676,28.57215019089548,18.811531098048782
3338,Cao Bang,VNM,2018,2018-01-01,0.7915153743864918,0.787536945681043,0.8051445987714403,0.7969341310617762,0.689266947331828,0.48888474632229956,0.28951975432794813,-0.0027144543285911615,-0.0019397216011483775,,7.823779916376273
3355,Khanh Hoa,VNM,2018,2018-01-01,0.08952733050317711,0.2979474730965398,0.07602524738456506,0.09807538833334106,0.29740387065848256,0.20092789470484956,0.10374190647053971,0.5747015505247378,0.5301881459103434,27.89441047125242,18.482693007384277
3360,Lang Son,VNM,2018,2018-01-01,0.6775207554836978,0.6992121177203041,0.6865942177177732,0.6826766353970157,0.6630765969036464,0.5466198100305089,0.3440860747447828,0.01818827317789621,0.02378852671075698,22.880408997955005,2.1291005969489563
3370,Phu Yen,VNM,2018,2018-01-01,0.16137641989185,0.32526977239724525,0.15596729411933172,0.17070302377181018,0.3206716957628784,0.23868586620961038,0.1428629080457704,0.4023256039080829,0.3774944314678167,28.299636969224547,17.30336545569818
3371,Quang Binh,VNM,2018,2018-01-01,0.05220936599306009,0.2277664671510293,0.04222169437596215,0.060175114477458116,0.24009050291742495,0.16635888750759475,0.07788294076429488,0.674192821471641,0.4800861232607297,27.55345735528239,17.111008627143082
3374,Quang Ngai,VNM,2018,2018-01-01,0.0460586152932224,0.24079946469301064,0.03394488011308231,0.05520327890144411,0.23815141203110807,0.1489612172242298,0.06425211799829714,0.6981234846768085,0.4781314349500961,27.745563388928158,15.186052912427849
3376,Quang Tri,VNM,2018,2018-01-01,0.05485974486208079,0.2210054019951891,0.042547179075853266,0.06167364146151665,0.23008844960181965,0.16039273335249987,0.07453586092826374,0.6265649887654198,0.4368583883292674,29.988415171462343,14.003361771148711
3383,Thua Thien - Hue,VNM,2018,2018-01-01,0.042728589248030295,0.20009367011494114,0.0323430194053055,0.05019197809113568,0.20597345294857933,0.13529960272156458,0.058854501932262326,0.6522337915097015,0.39954029865137064,28.317879835698808,18.045749255236753
3327,Ba Ria-Vung Tau,VNM,2018,2018-01-01,0.07424219800118892,0.26634447913859033,0.051198772320233885,0.07968392977208584,0.2700226409467257,0.19197832561877723,0.09816581960556914,0.5405104136382562,0.523798700542397,31.215881864983288,21.137226575500858
3336,Binh Thuan,VNM,2018,2018-01-01,0.06292045985248455,0.2894141715413242,0.032070687735024486,0.06365061889424083,0.3087031148540755,0.21776184373565696,0.11000148483785631,0.6577456448830156,0.7379662101890933,31.238485733002722,19.321281366253025
3342,Dong Nai,VNM,2018,2018-01-01,0.0540375990673828,0.29241927790126676,0.03290830045917374,0.06425221771981805,0.2932599772981453,0.18997525503213572,0.08624330112852814,0.6582691763399803,0.6304052778599554,30.945743340766057,20.886680972265566
3344,Gia Lai,VNM,2018,2018-01-01,0.05895403996924814,0.2770362574316964,0.036968935758787264,0.06283518665320438,0.2964485577353537,0.20005496511253257,0.09496058649599723,0.6619716771975879,0.6367163711974237,29.916879934418425,18.506755393036133
3345,Ha Giang,VNM,2018,2018-01-01,0.706175818801445,0.7105262747832956,0.7214045664983079,0.7108763150836479,0.6183466800065829,0.41994524091771007,0.24651001669610398,0.003540239281076561,0.0037586996794563943,19.983081640127498,12.451040036791182
3347,Ha Noi City,VNM,2018,2018-01-01,0.5849417339216982,0.6021703644450889,0.5951879564620131,0.5931226881582531,0.5853850777540937,0.5303809586424357,0.37895602827991054,0.015456980633133586,0.023775308784227005,8.91166191077901,8.444166666666701
3348,Ha Tay,VNM,2018,2018-01-01,0.5340730720163962,0.5616331068099885,0.5401249201068848,0.5400133147646774,0.5496701454768957,0.50016436707321,0.3515988083647916,0.027088193456019486,0.03754987898006749,3.9334166920809803,2.6548589002860967
3349,Ha Tinh,VNM,2018,2018-01-01,0.215195144311696,0.3305543421947994,0.20713469263563072,0.21975557764815734,0.3338879909703694,0.2793377716361032,0.17364357713145934,0.39929493961044943,0.30457686953789,28.07936673864835,16.59899668479405
3353,Hoa Binh,VNM,2018,2018-01-01,0.47697041652798944,0.53768005322391,0.48523617810978936,0.4839265232831616,0.5351076599588964,0.46974695266925115,0.31892304689169454,0.09111014058474441,0.10691073867878134,,13.391821933605561
3357,Kon Tum,VNM,2018,2018-01-01,0.04558363851324144,0.2878223568512966,0.029287905707760423,0.05302903429449126,0.30205432235209756,0.18644376799353798,0.07947605557541834,0.7323572829352978,0.6429115566864554,28.314840212563254,16.31929017117062
3366,Nghe An,VNM,2018,2018-01-01,0.19798072561428193,0.37293138143164867,0.1940298396945037,0.20647980911609648,0.3813861885518125,0.29677994243722583,0.17563477376379547,0.47854414793639266,0.4429141850316846,27.14295768509136,15.035094267732804
3367,Ninh Binh,VNM,2018,2018-01-01,0.5955729092684208,0.6143094182618858,0.5996225213959786,0.5992026733465605,0.5948820421610107,0.5189806485751357,0.3368301832961866,0.016096544938460387,0.02196997211298914,9.483950413599299,
3368,Ninh Thuan,VNM,2018,2018-01-01,0.0682908208699721,0.29956649051661427,0.044016835289879916,0.07350481279733082,0.30896047564825857,0.20916030857257487,0.10283028698094569,0.6388987136302903,0.6774616653122145,28.381337440052597,18.680432511165463
3377,Soc Trang,VNM,2018,2018-01-01,0.11344705616148079,0.2775418491214361,0.09196750422157428,0.11945141047526431,0.24057189388077807,0.16559050127122665,0.08594581330685863,0.40724368720969534,0.3402124787795175,27.812880834393383,20.317857529075
3386,Tra Vinh,VNM,2018,2018-01-01,0.09319111801722947,0.2656752420502787,0.06750461296969623,0.10058449146458223,0.23663695673646443,0.16644939694278885,0.08501830534496312,0.47032962863309313,0.39911284158359117,28.38624388531795,21.876996731683196
3387,Tuyen Quang,VNM,2018,2018-01-01,0.7432272779576912,0.7493865562092151,0.7540300345993174,0.7489397645885137,0.6884463543667863,0.541834447086236,0.3334701644156646,0.0036544759664058476,0.005280998401797673,,8.64577400854958
3388,Vinh Long,VNM,2018,2018-01-01,0.06295546036326484,0.3449148474032918,0.041355230726071654,0.07994257720836699,0.3050474950467025,0.19313217500123994,0.08392508524969448,0.6637619038668334,0.6769749108734056,27.995583359937793,22.167304517686922
3390,Yen Bai,VNM,2018,2018-01-01,0.621697678521342,0.6482617398808209,0.6361528895304018,0.6281277315189758,0.6040677262247349,0.4678541918813999,0.28639202579072853,0.041888066308978913,0.04371315633632083,18.376796913270773,8.984374303895674
3328,Bac Kan,VNM,2018,2018-01-01,0.8013145519538443,0.7974163982516057,0.8168132751402722,0.808149150099958,0.7076153939162766,0.5242482992065539,0.31365048332163836,-0.003079326639112241,-0.0023264933108959195,,6.818059780935468
3329,Bac Giang,VNM,2018,2018-01-01,0.5984733029521906,0.6322769189780246,0.6076497291954251,0.6043351551364176,0.6120014423771492,0.5281932046666342,0.3471172226806001,0.02928319741476161,0.03792363629910538,21.117365043529446,4.379898654423819
3330,Bac Lieu,VNM,2018,2018-01-01,0.11097593865640447,0.2319269564770471,0.08193124310409594,0.11237107876342592,0.205790838394027,0.15154407658483768,0.08322063627859601,0.33597243400445614,0.2591406971517326,29.04866432414004,22.203683047380142
3331,Bac Ninh,VNM,2018,2018-01-01,0.6211045976178986,0.6366156668445786,0.6239709437813874,0.6245705650386708,0.6192626982437893,0.551444633475329,0.3693083009171606,0.01274961517644593,0.016397945893052122,7.923805294821513,
3334,Binh Duong,VNM,2018,2018-01-01,0.07267819840697377,0.28030051027775255,0.04230242803231742,0.07540468218774839,0.3113905626820674,0.24127205265195031,0.12808223411793082,0.5850191768040811,0.638348627791203,34.40504785685507,21.730994933409885
3335,Binh Phuoc,VNM,2018,2018-01-01,0.050731586673849305,0.2863711954966303,0.027317690277018226,0.05674561963560646,0.3050574059170703,0.20416094381421956,0.08912864416389955,0.6913631509070347,0.6619923775304659,32.74073674100774,20.953159695163578
3339,Ca Mau,VNM,2018,2018-01-01,0.11299662029081176,0.230025817221939,0.10161535595029517,0.12069787334240599,0.20477364232417322,0.1438256181569069,0.08188728415628663,0.3562256880474552,0.2369625547701569,28.20691862545035,22.81290051499519
3340,Da Nang City,VNM,2018,2018-01-01,0.0644072256201139,0.23209658222322313,0.051512015018046635,0.07194077027983141,0.23150909532626715,0.1560990172839165,0.07789525117161791,0.6309864960515409,0.42510026305449183,25.86033664276338,20.851273163956794
3346,Ha Nam,VNM,2018,2018-01-01,0.6392650990921558,0.6557955061923347,0.6434862607659407,0.6424513451472041,0.632135078814407,0.5381382158331547,0.3342760450555516,0.013286142705890652,0.016186711184956466,7.822636004586596,
3350,Hai Duong,VNM,2018,2018-01-01,0.644415586565066,0.6634634896751798,0.6437125372944876,0.6462119888952319,0.6467816776213395,0.5759806453307273,0.3949205907698431,0.014885974618611759,0.019891061139355418,11.422408163977947,
3354,Hung Yen,VNM,2018,2018-01-01,0.6354326054892434,0.6529952533402505,0.6382721188644984,0.6381146296956852,0.63327904856519,0.552876752716763,0.3603530553827749,0.013891546842421281,0.017394203792098495,5.81157552994321,
3364,Nam Dinh,VNM,2018,2018-01-01,0.5895116031963012,0.6046492698673026,0.5959914876534973,0.5935265571221467,0.5838495117285589,0.5068667918114539,0.3246652425760882,0.0151810012647408,0.018244550783158668,9.41357586225665,
3369,Phu Tho,VNM,2018,2018-01-01,0.6021747226352979,0.6290976076964997,0.6103597390102125,0.6070034954835454,0.6050342220754935,0.5166488058682552,0.3314753537775009,0.026365877223193043,0.03235950128131635,,5.039835368322193
3372,Quang Nam,VNM,2018,2018-01-01,0.061343842006010285,0.253455305888383,0.053100834675687866,0.07073595109688742,0.254192304625269,0.163349316942411,0.0779529286274731,0.6571609326235366,0.43703565694405727,27.019665198542835,16.550485758814823
3381,Thai Nguyen,VNM,2018,2018-01-01,0.7211441008771842,0.7334356621491147,0.7285568817713965,0.7259258598142946,0.6843169497032763,0.5581308097472364,0.3483991553573469,0.00825397154683443,0.011001023024409112,,5.73739101079248
3389,Vinh Phuc,VNM,2018,2018-01-01,0.5489631990683816,0.5890021000950462,0.5491367160952632,0.5521351771848174,0.5721781129443292,0.5016150516032956,0.33591549877257276,0.04879195093130254,0.05950336064548829,3.249534616122255,2.8317489328194605
73933,Can Tho city,VNM,2018,2018-01-01,0.05387112149481208,0.3980585440762401,0.03629520838269584,0.07768589397788228,0.34194678953995067,0.21488623712675103,0.08954124265972811,0.7345569612638008,0.8406402867066766,29.10762154827639,21.696815976335596
73934,Dak Lak,VNM,2018,2018-01-01,0.061793743364714285,0.28664759008182883,0.039778900146171525,0.06797756482485058,0.302325950388982,0.2032291717119571,0.09528064046613359,0.6583139983232056,0.6307459633298936,28.924070746344714,18.966201549367607
73935,Dak Nong,VNM,2018,2018-01-01,0.048973829563877705,0.2831214969843609,0.028046792053923207,0.05429812188702112,0.29384268621465387,0.184658076335611,0.08028652874057908,0.7092104724753441,0.6063276008473101,29.73915891583952,18.06285933769446
73936,Dien Bien,VNM,2018,2018-01-01,0.5479134358419908,0.5948290730363632,0.5594231748178083,0.5544672403718438,0.5727052324491901,0.4682893968372416,0.30090874730321565,0.05026374111695065,0.05987913579889833,23.041107223337594,14.608097401762048
73937,Hau Giang,VNM,2018,2018-01-01,0.08756343546724209,0.28040735283728097,0.06657127933992528,0.09823342291709133,0.24552063704218452,0.16944267998839818,0.0827569722259718,0.519167266647344,0.4336603762794186,30.037602744217164,21.71310684802502
73938,Lai Chau,VNM,2018,2018-01-01,0.5221635581410415,0.5693878941440447,0.5368261684254991,0.5286906029671943,0.5446742021874356,0.4364286163787235,0.2774689852271666,0.05881701931295592,0.1262572601172769,19.47059232214006,12.182625799843903
73939,Lao Cai,VNM,2018,2018-01-01,0.5942879919172211,0.6172988929258684,0.6119938487993449,0.6008609318008559,0.5709869332348945,0.4288377781288872,0.26025164804207995,0.036498620289749074,0.03274102708029678,20.927395684620716,7.836274270698848
3326,An Giang,VNM,2018,2018-01-01,0.07260969417468302,0.2548133010163402,0.04268788278416532,0.07834315310171427,0.23113398331308688,0.16572019770481614,0.07785873804326825,0.500850438206287,0.4443876384245936,31.054292714148666,22.54370888948578
3332,Ben Tre,VNM,2018,2018-01-01,0.06789690181963519,0.25880075341168557,0.04179867375018968,0.07360848002835399,0.22480164821666684,0.13695716198834207,0.06115086495728828,0.5426875030300775,0.42011400525227205,28.628207731112994,22.0759962707468
3343,Dong Thap,VNM,2018,2018-01-01,0.0554645947749061,0.339743359972159,0.033580702997420435,0.07270320833548187,0.2903038055976117,0.18270547939964432,0.0775014447923441,0.6739581330599289,0.6669388003409616,28.919778795211027,22.392778812484526
3351,Hai Phong City,VNM,2018,2018-01-01,0.5536344688540051,0.5808459628987251,0.5585865831492235,0.5591843141200267,0.5686933037145536,0.5140691625987768,0.36525789800569614,0.04022976324195379,0.040252422395093086,15.48551761322793,2.404830261418155
3352,Ho Chi Minh City,VNM,2018,2018-01-01,0.08408343535971656,0.24310641742654787,0.0639405968507254,0.09001243130739976,0.22708939071729295,0.16284452935242652,0.09308295154069697,0.4795459983092842,0.4066326984244281,31.033599681597725,22.894138226768302
3356,Kien Giang,VNM,2018,2018-01-01,0.06997864795929319,0.2947948081558487,0.0488279250500971,0.08499789427250265,0.2632273477788664,0.178007107545867,0.08253505227439853,0.5951088184019905,0.5378699423573262,29.966219254500253,22.760929863259648
3359,Lam Dong,VNM,2018,2018-01-01,0.03789512978244107,0.278281604263405,0.020912162069103124,0.04603111474107327,0.2828530795643896,0.1659104052274589,0.06695691729043313,0.7615458933931458,0.6034839571741252,27.13827481679885,17.159195338243062
3362,Long An,VNM,2018,2018-01-01,0.06707306816339459,0.25550184149949906,0.039702123472760975,0.07322848066826568,0.23153475958373193,0.1628883124938767,0.07788672877153632,0.5366330684055818,0.466488140533425,31.75428571908203,22.571481019396842
3375,Quang Ninh,VNM,2018,2018-01-01,0.5234533293367681,0.57020635165121,0.5322576744709696,0.5292372219391943,0.5534319023771456,0.4856851929616455,0.34581585045039387,0.052546531823037035,0.07004332025483788,8.967055897368802,7.275766100835643
3378,Son La,VNM,2018,2018-01-01,0.4099163776360541,0.4914416616278917,0.4169792358819586,0.4172749528938456,0.4931898578454179,0.41396552960938915,0.273646131746877,0.14542660057194928,0.16798885519105322,22.207446280051176,12.29738975922795
3379,Tay Ninh,VNM,2018,2018-01-01,0.0802229130700522,0.2901368235706005,0.04676564880277705,0.08325413533513314,0.3133704270599041,0.23768077310421568,0.1303424647724334,0.5408745270765208,0.9173508440710022,34.32517341175755,22.03367851342366
3380,Thai Binh,VNM,2018,2018-01-01,0.6009886818844535,0.6188492099674665,0.6036835809534256,0.6034322444846565,0.6073160087945488,0.5603026852433515,0.41351949116091724,0.015456114669070844,0.024296312570525443,12.508367558319094,
3382,Thanh Hoa,VNM,2018,2018-01-01,0.3647801883862169,0.47589105407516535,0.3605870358781919,0.36934531235529405,0.4779208758844944,0.4136750797666631,0.27640649375929727,0.24767924975021746,0.2646056015820902,23.548634565255636,15.605877465679725
3384,Tien Giang,VNM,2018,2018-01-01,0.058496212508051454,0.29915498151688036,0.036117967990466036,0.07054359994274553,0.2644606378667172,0.17067749662865014,0.07847177930485014,0.642019725799192,0.593279978233997,29.065889630603003,22.352098903545407
3333,Binh Dinh,VNM,2018,2018-01-09,0.46171141396338705,0.5372422632514301,0.4721958793257764,0.46760793074988494,0.511991746878776,0.41459284600382584,0.26043969725410804,0.12220165112409141,0.12277412168200251,20.949920457616518,14.389301919885591
3338,Cao Bang,VNM,2018,2018-01-09,0.3017805919079186,0.3898894222110089,0.312162357592748,0.3081510644223105,0.4031263373994597,0.3536665648189041,0.26780224096395255,0.164250816487922,0.21780146221736696,11.648870243615265,4.661129767651675
3355,Khanh Hoa,VNM,2018,2018-01-09,0.45300274003930807,0.541567369794414,0.45866581412325624,0.4602741680037847,0.5261042315532076,0.44242107323949253,0.30287141942643164,0.12363770136372866,0.16079144513457208,23.54405197737181,14.567337922596497
3360,Lang Son,VNM,2018,2018-01-09,0.3410022702058064,0.43927265811538424,0.34182455414479657,0.3453253984210207,0.44639120835015844,0.38588623785485215,0.2909482330033119,0.19730259651979254,0.2496045144368385,17.78402666475743,7.32876191260549
3370,Phu Yen,VNM,2018,2018-01-09,0.47907370679481565,0.5555537754435319,0.48855948027103596,0.4872725300432293,0.5258622682442073,0.4242659721927922,0.2746231423040397,0.11463713623414776,0.12881782757949686,21.839931872194366,14.492897051924054
3371,Quang Binh,VNM,2018,2018-01-09,0.7000725748614866,0.7175816535417828,0.7023247743208648,0.6991602181390151,0.6730922582578894,0.5438386365035209,0.34360853042419165,0.016412960676628646,0.01942795223922392,22.764181788756655,8.234898503385468
3374,Quang Ngai,VNM,2018,2018-01-09,0.5311360292255995,0.5827287652244825,0.5454207468358169,0.5366078872106853,0.550134961680538,0.4489245905825886,0.2840123879068555,0.05885705621830216,0.066400239596976,22.739326898568706,9.78650337326776
3376,Quang Tri,VNM,2018,2018-01-09,0.5528341141653179,0.6059200111198346,0.5536960990037463,0.5535061723585746,0.5808490552205063,0.4738736449686602,0.2987898003086679,0.11956070648083088,0.11864920551176188,21.243668508663923,10.678414934626547
3383,Thua Thien - Hue,VNM,2018,2018-01-09,0.5018086484253054,0.552528429049011,0.5046329203334016,0.503414208114079,0.5348112220881907,0.4553601679942621,0.30080102646951373,0.09203855019243488,0.09485990083215812,20.924271191566483,9.387588151710833
3327,Ba Ria-Vung Tau,VNM,2018,2018-01-09,0.07781218221854139,0.28398823355982444,0.05142387962180008,0.08414699638322491,0.28906049578911175,0.20862103645869445,0.10778240239886532,0.5388191764867838,0.5853838358562201,30.528060372528735,19.57209456906324
3336,Binh Thuan,VNM,2018,2018-01-09,0.08205468739224041,0.3129184010321046,0.0494249512815096,0.08257816145424075,0.332182988385191,0.2405669164526191,0.12476729844833968,0.608363454580727,0.6783194951117053,31.105823609956,18.000243348876165
3342,Dong Nai,VNM,2018,2018-01-09,0.04923350339646779,0.2629384203241036,0.029461734852004814,0.056857603052426604,0.2624061502591627,0.17102680342252125,0.07915793085609264,0.6527306211320808,0.573583311852588,29.661653535368863,19.184565423951366
3344,Gia Lai,VNM,2018,2018-01-09,0.17449097808643957,0.34286038976442296,0.15925496038546436,0.1757385023795345,0.35844704426978097,0.2728083687049061,0.15835583983520662,0.45611880256453524,0.46209343500720507,28.71080693319847,15.539185771419634
3345,Ha Giang,VNM,2018,2018-01-09,0.3433581323266981,0.42036957077598963,0.3541521058594514,0.34836211037740655,0.4279241916840296,0.3685289385256916,0.26519384741168306,0.14505475664960696,0.17508119205784656,16.178697715761935,4.123561688578078
3347,Ha Noi City,VNM,2018,2018-01-09,0.45754690065510595,0.4961143079675044,0.45242317603668014,0.4583470524133974,0.4969101540003974,0.48642196471178917,0.4079142316967264,0.043358988413721045,0.09134029964379695,10.448194864389189,0.46658335365528886
3348,Ha Tay,VNM,2018,2018-01-09,0.48802728551121893,0.5258145844919885,0.48425134932197345,0.4898889818099345,0.5216014683537659,0.49683235034165696,0.4036164417419347,0.04457517033964283,0.08276365786680616,9.664296010492713,5.3882943141941
3349,Ha Tinh,VNM,2018,2018-01-09,0.7120653949714973,0.7258630832858896,0.7145731491510037,0.7112681925485645,0.6836490596629942,0.5616785915214205,0.3610134896131136,0.011718021154548454,0.013771453491501193,11.74910986141069,11.032632890050522
3353,Hoa Binh,VNM,2018,2018-01-09,0.39720272344772833,0.4657159843248827,0.4089216219945645,0.4031170014869149,0.46894688457619765,0.426235477186474,0.3275133712294506,0.09720544542423502,0.15029494460613468,18.75864395860002,6.654007518741329
3357,Kon Tum,VNM,2018,2018-01-09,0.1658397245516507,0.3468842819435344,0.1536848407787121,0.1693546943657299,0.35330552806187193,0.24443962488161772,0.12478085292479538,0.5497281769458094,0.4853800047237562,25.057193540272557,13.530051457829911
3366,Nghe An,VNM,2018,2018-01-09,0.37012965145260873,0.4596244041036184,0.36976978210732353,0.37274457539715133,0.4538481369189741,0.3899709967000364,0.27498109508526813,0.2116718579969497,0.19776185081387732,20.50206356914372,11.916634358608158
3367,Ninh Binh,VNM,2018,2018-01-09,0.26118021242441614,0.31708030051463226,0.2579491167124813,0.26412507480277064,0.31561356011468444,0.2887267522125025,0.2160730405638334,0.11896204421487828,0.12452172884741981,7.706026021311043,9.35273241017294
3368,Ninh Thuan,VNM,2018,2018-01-09,0.1633127907474807,0.3332328749004997,0.14972622533427266,0.1663927337313208,0.3440514788871473,0.2650419400499535,0.16085163285434664,0.41266184523540606,0.44897453944535387,26.69257102050672,17.860478715967602
3377,Soc Trang,VNM,2018,2018-01-09,0.1403473112419175,0.2967831595636863,0.12634037604992074,0.14857353996336997,0.2650491220681603,0.19669112855881138,0.11439451561532753,0.36782590794315656,0.3285832210730205,27.606782425051374,23.292564532230532
3386,Tra Vinh,VNM,2018,2018-01-09,0.10590523712867198,0.29899880384851746,0.08848831154670617,0.11911099592203625,0.2694222571661551,0.19119489461304306,0.10002029227582422,0.4662334622597579,0.44692214144975845,28.68375925448854,23.952813756304412
3387,Tuyen Quang,VNM,2018,2018-01-09,0.45810272533330004,0.5130199168211937,0.4693871540395649,0.46168023825741217,0.5152845833998744,0.4500097845362099,0.32213349352989357,0.06794159947147764,0.08240396650469224,18.57763636363642,5.900538304854763
3388,Vinh Long,VNM,2018,2018-01-09,0.06925357694917024,0.3405785295186416,0.05664903773919984,0.0860858362992452,0.29827954760405984,0.18605792166729607,0.08420591021860095,0.6453918127572477,0.6320331467898341,26.4819730984939,19.65044740437163
3390,Yen Bai,VNM,2018,2018-01-09,0.3872326156904169,0.45929999623719453,0.3935742160606969,0.3899974618049144,0.4715652910857367,0.4159600420802437,0.30728321437085454,0.14659283043596102,0.16402742012423627,17.41239441878331,5.78444355328003
3328,Bac Kan,VNM,2018,2018-01-09,0.46407607748668867,0.5256363283226492,0.4733936871385243,0.46822568858084535,0.5260788724358048,0.4656562535846955,0.3451179126179433,0.07043106854150372,0.10150943423535749,10.15747262470968,7.7574836425503815
3329,Bac Giang,VNM,2018,2018-01-09,0.3015645114489493,0.41152710995914343,0.29742975272233974,0.3055930854215999,0.4175083921992428,0.3660064581142736,0.2813844656554908,0.23439721929161728,0.31166914147095554,11.146329142937779,1.7862160875671615
3330,Bac Lieu,VNM,2018,2018-01-09,0.1078490940667862,0.19900361201166653,0.08811907732434478,0.10946638185781907,0.1776074588168478,0.13390049217897304,0.07836354083659236,0.3176824390662499,0.1949778695418401,26.3817117365511,
3331,Bac Ninh,VNM,2018,2018-01-09,0.42285044732646193,0.46663999384919147,0.4131692714746225,0.4230241964113589,0.4695239605189412,0.4566572835266422,0.375472225199818,0.05373097507430641,0.10866858691300729,10.00055994988552,4.351219971505248
3334,Binh Duong,VNM,2018,2018-01-09,0.0761458878169457,0.25134686913396226,0.043897803212233924,0.07336026723327152,0.28537767262540636,0.23414145762828484,0.13230286277077238,0.5336793454748749,0.6723027637315379,32.81995768313175,18.639546563468283
3335,Binh Phuoc,VNM,2018,2018-01-09,0.055907562220347165,0.2596699744030927,0.030244631565336914,0.05626744736930114,0.2837923284472462,0.20258796580549415,0.09694995726690138,0.6416014717272575,0.6083668639782284,31.093798246970902,18.361637757003333
3339,Ca Mau,VNM,2018,2018-01-09,0.06939072928105784,0.17950703741271268,0.05411975902065851,0.0750091556688174,0.15419625826294087,0.09899414322958137,0.0519488682899492,0.43187877171251393,0.23704207486213874,25.77450484780045,14.954778638851709
3340,Da Nang City,VNM,2018,2018-01-09,0.5150673477506323,0.5630443376950451,0.5235747811804016,0.5190597765876814,0.5444192153757843,0.4516685259839504,0.28392775686560723,0.05985146283973324,0.06415972890294284,23.270612715867795,12.088334908845438
3346,Ha Nam,VNM,2018,2018-01-09,0.40132476647778564,0.45821559153668395,0.39392207607754615,0.4057957156373652,0.447115498614635,0.42480987947650345,0.33474951115381973,0.08263830029951545,0.14699847388017165,7.131035895418363,2.9348240200732683
3350,Hai Duong,VNM,2018,2018-01-09,0.3573457408642538,0.41316793388131495,0.3539428033198325,0.3599457384021185,0.41493838521231824,0.40105915785177443,0.3325310043371857,0.08072468400190824,0.12697222408661013,9.36403938527524,8.602794715477433
3354,Hung Yen,VNM,2018,2018-01-09,0.385174254836819,0.44838456610881794,0.36902380974841315,0.3863338859720722,0.4462633502446309,0.44707171833897974,0.38110907107755704,0.08213845000264561,0.09236465576630136,8.727850203793952,4.491216852221737
3364,Nam Dinh,VNM,2018,2018-01-09,0.33400102415895083,0.3675759538277788,0.33003723198240015,0.3336325095438894,0.36921901145266806,0.35255029184040254,0.27726828321043384,0.05477238433085715,0.06949590415548458,12.377042004986881,12.534390359805963
3369,Phu Tho,VNM,2018,2018-01-09,0.3697244073987255,0.43598012737096387,0.379893653684682,0.37464057127285405,0.44199697547353395,0.3979835255340188,0.30200003710633205,0.1240604196012755,0.16772293166219077,18.26560205505517,4.0655802377241725
3372,Quang Nam,VNM,2018,2018-01-09,0.5302212841457801,0.5884764521559873,0.5348008343741072,0.5325926151882384,0.5633911863253588,0.4441282898369006,0.2580065834436193,0.06455460718737198,0.06710734386562454,23.0577687968735,8.057401331197637
3381,Thai Nguyen,VNM,2018,2018-01-09,0.4481891757260935,0.5108790785580761,0.4485368874924643,0.4516953381801881,0.5143776520247383,0.46628531065882345,0.3724297486463947,0.0731877832447127,0.13152090887627838,,8.322660093401124
3389,Vinh Phuc,VNM,2018,2018-01-09,0.4761646199456344,0.5158254264047882,0.48295860453413636,0.4787580637023547,0.5198724652009566,0.4832819662801826,0.3775579498846339,0.04608095960441705,0.06830070115252024,7.929941001706747,6.050136153191917
73933,Can Tho city,VNM,2018,2018-01-09,0.056183662063797164,0.4387880800882745,0.044853931885431464,0.0803657496514784,0.37031965729194743,0.22610829577200878,0.09738660279864046,0.7531888405878124,0.9488220834908385,23.820971648830266,19.53951048951053
73934,Dak Lak,VNM,2018,2018-01-09,0.22478202513111353,0.37302494289146226,0.21657199658743168,0.22847422852554636,0.38127971085011714,0.2946827236037357,0.17651022670245464,0.380541707688031,0.3894611586656608,27.781715699829697,15.665870658296534
73935,Dak Nong,VNM,2018,2018-01-09,0.10070588489367761,0.2940181230005335,0.08837658066988009,0.10531406389944431,0.30355541643498934,0.20952541346806736,0.11330590366220743,0.5672388452053537,0.4925069308742313,25.79978786526367,15.961316871659003
73936,Dien Bien,VNM,2018,2018-01-09,0.15515645476182874,0.3057281451758103,0.1500035432149348,0.16052831785300475,0.3230312484110015,0.241031008510153,0.1404209637645896,0.47359590763177595,0.4003785608386868,20.566697105264968,11.469047062034692
73937,Hau Giang,VNM,2018,2018-01-09,0.07736708242031196,0.2916209358908444,0.06568253880638592,0.09074816753445566,0.2552909297162885,0.17132752865426257,0.08432543826446089,0.5807238649273032,0.502325828341152,24.576829434864283,
73938,Lai Chau,VNM,2018,2018-01-09,0.19761116480042604,0.3169771624107932,0.19817024279583428,0.2027178841077582,0.32091261488986117,0.2433813410195595,0.1490732750327531,0.41221881746798716,0.28597166467876606,19.610736633252785,10.458172459630662
73939,Lao Cai,VNM,2018,2018-01-09,0.42234362907362544,0.48247098736286853,0.4302134538853744,0.42459384361299035,0.4867215418493438,0.42740525988453987,0.30959441609583666,0.10909676654965263,0.11943479851095366,15.989393241683242,2.362378275852608
3326,An Giang,VNM,2018,2018-01-09,0.06049960542699537,0.2785396936748816,0.04071468242930473,0.07348951526681881,0.24629299531054155,0.16539333914264157,0.07712652632877104,0.6053938725798028,0.5483182307187392,26.31557712079715,17.982566986905155
3332,Ben Tre,VNM,2018,2018-01-09,0.08792920286011727,0.27329860026094965,0.0708643779597792,0.09795426176699246,0.24241958500836303,0.154480679132961,0.07465415625838773,0.4916918075480147,0.40346237474459634,27.49613477630667,19.863861311928048
3343,Dong Thap,VNM,2018,2018-01-09,0.07988556237696451,0.3762464322699543,0.06616750810699606,0.09961204466344009,0.3227200296505471,0.20157403689568812,0.09142714957967128,0.6367504238480434,0.6600927661691317,25.332136852771285,19.695291309458014
3351,Hai Phong City,VNM,2018,2018-01-09,0.2259195004379775,0.28932406552618345,0.2216505821807091,0.22820777600261863,0.29103969909037614,0.2689940742320651,0.20844041715796655,0.17642803538359728,0.16672391614393178,14.516638240423989,9.671444193242843
3352,Ho Chi Minh City,VNM,2018,2018-01-09,0.08163149650522113,0.24316330961414775,0.061737679308818266,0.08880367636964924,0.2283246821319038,0.16460543794437354,0.094129741184541,0.48428196925570616,0.41696456034013474,30.257304421468522,19.163305642610403
3356,Kien Giang,VNM,2018,2018-01-09,0.04600293000928758,0.2881309967636694,0.02741238230340345,0.058511143577144153,0.2530481532677708,0.15870649940214326,0.06944751769760323,0.661893354706572,0.6010812931399413,26.35554482771647,20.32865684851868
3359,Lam Dong,VNM,2018,2018-01-09,0.08164210659827312,0.2985647559352852,0.06753703463486142,0.08824018849865078,0.30049101247329524,0.19053019406927404,0.0896601494881541,0.6672345657141057,0.5403994355915928,24.642367445968727,14.847260619134477
3362,Long An,VNM,2018,2018-01-09,0.056052693408246604,0.29804211330435815,0.03319997677137558,0.06951126194744854,0.2672255422899999,0.17990446483686628,0.08336787592406514,0.6526671390166504,0.6132038281768853,27.551541294226777,19.142192516116037
3375,Quang Ninh,VNM,2018,2018-01-09,0.17594503071431236,0.29877829298034586,0.17825593619179705,0.1836016562003868,0.30298328150526416,0.24574293944483191,0.17448717837913377,0.3217771054964752,0.31867105411550584,18.984409145197866,10.326247475210248
3378,Son La,VNM,2018,2018-01-09,0.15786078895425162,0.3051212926132568,0.14860303331847552,0.16134442580051453,0.3317825953551255,0.2646449911516239,0.16542541763467514,0.4523073491679782,0.43421512844093185,20.76943416899648,8.40356805467978
3379,Tay Ninh,VNM,2018,2018-01-09,0.06842066557873201,0.24454642950479125,0.039978763006260784,0.0696030088716136,0.26529779843930673,0.2061047746728766,0.11188233273718969,0.555351678916328,0.6279961027162914,30.113993753245698,18.943824638552023
3380,Thai Binh,VNM,2018,2018-01-09,0.3498833380603261,0.38867500152357615,0.34629648188820206,0.34977168229698946,0.39077838931106357,0.3761329937322429,0.2998925651855971,0.06517813856255701,0.09080993527686514,10.145447318563246,9.60696907346371
3382,Thanh Hoa,VNM,2018,2018-01-09,0.3095998113494353,0.4134258489726035,0.3045458260375685,0.3128373011605439,0.4151715902976609,0.3576108258732094,0.2503584592791961,0.2244820664483156,0.2468677961609041,21.77301847789774,11.088327230390677
3384,Tien Giang,VNM,2018,2018-01-09,0.058152327900306146,0.32417678054338717,0.0394771474315415,0.0735121266083775,0.2854733968495451,0.1813223397693889,0.08211246567651859,0.6670584278700732,0.6634014602086786,27.21562610987705,19.75828262494303
3333,Binh Dinh,VNM,2018,2018-01-17,0.19210991899238739,0.35592801577583133,0.18187240746715205,0.19769631165952406,0.3568050195841281,0.2775716992918105,0.18988614718527105,0.33161305609910396,0.4044999848771203,24.590165549750164,14.60314587068876
3338,Cao Bang,VNM,2018,2018-01-17,0.2605075834218001,0.38887425797108705,0.26032649352636467,0.2684622862599454,0.40838217065115057,0.333813505037585,0.22061694565420176,0.29176598209823895,0.32583027989496327,22.51635513163101,13.042288502576831
3355,Khanh Hoa,VNM,2018,2018-01-17,0.32043560800892495,0.4420271994849516,0.3209621353063528,0.3263327611831499,0.4412883750142029,0.3514105857236275,0.22549168454064247,0.18118363874626825,0.21278608598075335,26.124109328004586,21.076804196076942
3360,Lang Son,VNM,2018,2018-01-17,0.049295800416193615,0.3060263737204379,0.03228392489192725,0.059839365215136615,0.3375429925214784,0.22266003233486073,0.09713400550066754,0.7241792337678541,0.7467889535007998,25.67803199506552,13.596642912508338
3370,Phu Yen,VNM,2018,2018-01-17,0.2582542036032084,0.39363288565875826,0.2522813231584661,0.26292957485231677,0.3979124412316439,0.3156394092262846,0.20931900919742755,0.24364815254017258,0.2873413310998773,25.178901905225093,
3371,Quang Binh,VNM,2018,2018-01-17,0.2836841756364001,0.3760963064815701,0.28887545906392875,0.28990677032744006,0.3823624738228916,0.32268255452134914,0.2172478047956519,0.21394472793719874,0.20971952065802235,24.686046017384612,16.11201026770357
3374,Quang Ngai,VNM,2018,2018-01-17,0.5071188248345613,0.5694880978955594,0.5087208666514905,0.5097119727626233,0.5577472995713363,0.45429648634459274,0.280701415666315,0.0636162109849041,0.07184753113883575,19.340859594010563,15.03440163470093
3376,Quang Tri,VNM,2018,2018-01-17,0.20189073122800236,0.31444615871439374,0.20340173718638616,0.20875008923407354,0.31954364401162927,0.2588106076694722,0.16272712536663356,0.3184160721248452,0.2775071991215201,25.26120422708072,15.26291511616128
3383,Thua Thien - Hue,VNM,2018,2018-01-17,0.19783890590459896,0.29880690534409726,0.20072628763788292,0.20441994659621976,0.3010705876491205,0.25585914427794754,0.1831526667913145,0.282364177152261,0.24996278041880107,23.388390237428606,16.53267460878248
3327,Ba Ria-Vung Tau,VNM,2018,2018-01-17,0.08300479920911626,0.23859076077807836,0.061956223296238004,0.08586560647886447,0.2466579708692418,0.18784090084663838,0.10568689785213092,0.49383143608107954,0.462692451852375,28.035984325157933,20.66279652488504
3336,Binh Thuan,VNM,2018,2018-01-17,0.08908316974279303,0.2939414154654897,0.060026478161321575,0.08865647744999829,0.31535409167320877,0.2344923749408279,0.12623125230058538,0.5657780349998834,0.6449595203287278,30.539096571254785,19.300332865209132
3342,Dong Nai,VNM,2018,2018-01-17,0.07952896035094445,0.2508837577029368,0.07059165429467083,0.08807795932038973,0.25020228282558443,0.17234427347660383,0.08854151077443483,0.5515911089443654,0.4265460993641245,28.106250350403233,19.968276243171697
3344,Gia Lai,VNM,2018,2018-01-17,0.15997704216641895,0.34907137962211227,0.1373216772441414,0.15962761574780418,0.37240369596821427,0.28503287905645386,0.17148422921033898,0.4389778731059102,0.5463218146209675,32.06392154841034,16.9440038935595
3345,Ha Giang,VNM,2018,2018-01-17,0.293639617931094,0.38848331792699514,0.2978097444031935,0.2995708811650301,0.4006787925412959,0.3261932558400295,0.21459140189895023,0.2118460316170724,0.21690955311740787,22.508940755504263,12.839765069427365
3347,Ha Noi City,VNM,2018,2018-01-17,0.10860369879014345,0.24580635661631936,0.07328537657106571,0.10809307933238108,0.2665190598622796,0.22996390120633284,0.15215945370931525,0.38478783731278077,0.4968338118019582,29.10393002771729,17.087773642346736
3348,Ha Tay,VNM,2018,2018-01-17,0.1008598957756581,0.24587265212213455,0.06761845945735678,0.10298294163099361,0.25240928530291923,0.2058032906125229,0.12446172013388793,0.4162333451345955,0.4532199846705539,27.8271364727388,18.14839304908344
3349,Ha Tinh,VNM,2018,2018-01-17,0.20864327393441925,0.3090821035403463,0.20142904741806797,0.2121285411029444,0.3180323840683791,0.27084080066578187,0.18557466152593272,0.2647533469882184,0.24947727266375005,26.762260850733053,17.197993521337768
3353,Hoa Binh,VNM,2018,2018-01-17,0.09146953200432391,0.29557643178679455,0.07935247436122016,0.10182371537574068,0.31853152727975215,0.2323649320382706,0.12275902985627553,0.5628341860240104,0.5903363939591098,25.877927563090296,16.248083072968196
3357,Kon Tum,VNM,2018,2018-01-17,0.17280780418776184,0.38200420636799365,0.1565711234505285,0.17729874958263403,0.3953119285560544,0.28115600191163553,0.14873018808009175,0.5284960207518696,0.6881683559559009,27.19166327719994,15.307099881406145
3366,Nghe An,VNM,2018,2018-01-17,0.1464163178133965,0.3076161606964056,0.13832268150912463,0.15274815435668945,0.3201848632520724,0.24027989230448096,0.14624974532695356,0.44347025420780434,0.4146544713276353,25.659193158106806,15.878156293471507
3367,Ninh Binh,VNM,2018,2018-01-17,0.09125352686751623,0.22409348105522708,0.06075880173116382,0.0916275794945329,0.2275132594925442,0.17910773151230958,0.10436202317222813,0.4121579420752256,0.38884774725735455,26.085788867498806,17.43656911440204
3368,Ninh Thuan,VNM,2018,2018-01-17,0.18302045998706898,0.35806596646470346,0.16811037217459687,0.1868480294584439,0.37003770546327525,0.2833174526822523,0.16664082076935832,0.3630645021903296,0.4428008942491342,27.841373046005756,18.88879162527956
3377,Soc Trang,VNM,2018,2018-01-17,0.09447720361554603,0.276426703738548,0.06862088456306809,0.10294672586760456,0.24477546169414888,0.17132361566651788,0.08974507337139205,0.47007583490091037,0.4173113217137205,29.93189369370879,21.752982522796405
3386,Tra Vinh,VNM,2018,2018-01-17,0.06901477931659376,0.2661727685899696,0.04496618543811505,0.07838782139569256,0.23573064502128788,0.15746845844235183,0.0766497934090354,0.5426371144022276,0.4791999501946681,27.74572928576531,21.47220268780362
3387,Tuyen Quang,VNM,2018,2018-01-17,0.19519842873183038,0.35226916866315366,0.19857628861930995,0.20752251447259246,0.3662764950263242,0.28587053758993125,0.1748966968718319,0.3716134227693673,0.3949997873840694,24.54100109300489,15.425436327668859
3388,Vinh Long,VNM,2018,2018-01-17,0.1300049586948022,0.3422790581423312,0.13149542947301554,0.14668841559123,0.2997953657720721,0.20707899299791788,0.11365138732321857,0.4759252482933071,0.44753678180158646,26.5660575875232,21.37854707736148
3390,Yen Bai,VNM,2018,2018-01-17,0.16942142094244925,0.30457507211162665,0.168220216463819,0.1773077884636128,0.32416098376784325,0.2505982624137013,0.15193695767609228,0.40349191632626186,0.3461895542538031,23.430727768609596,14.392931400738929
3328,Bac Kan,VNM,2018,2018-01-17,0.14332490911666845,0.34342408299232857,0.14408485941886387,0.15621232099293064,0.3602138092347727,0.2585370847074071,0.14170744382723985,0.4948047209881193,0.4913583173964874,23.25328005296567,13.446690634300907
3329,Bac Giang,VNM,2018,2018-01-17,0.07346904311050065,0.3058944330142286,0.044106924941444754,0.07813610431198373,0.32797333439141935,0.23484727161330995,0.12247387917483114,0.6121834281381789,0.7169355539272572,28.64680532690452,15.311633399055117
3330,Bac Lieu,VNM,2018,2018-01-17,0.10441330861407541,0.21364682914131516,0.08155455159245519,0.10792560347479561,0.18732035545149783,0.14288687149288726,0.08320716992776526,0.33334802094736277,0.2469203142643328,30.09892687963668,22.40575182350832
3331,Bac Ninh,VNM,2018,2018-01-17,0.1200527348254982,0.2425811502234686,0.07267065195226884,0.1132451467112675,0.2619576915748409,0.23513368124772316,0.1626110563010697,0.33673409159952555,0.4591913540999816,29.489370631973053,15.887830908750248
3334,Binh Duong,VNM,2018,2018-01-17,0.08959441685254065,0.27801681787912813,0.06655560264253128,0.09290557725813749,0.29986657011964085,0.23920706828526123,0.13234895961672485,0.526323579195063,0.6350746639944315,30.912372847321247,
3335,Binh Phuoc,VNM,2018,2018-01-17,0.05866306941185639,0.2870229624267523,0.031798441184341414,0.06121397346084579,0.30636607741943445,0.21662727856650504,0.10294842885737161,0.6571177170111253,0.7070805686208476,29.588221544514067,18.521200760092455
3339,Ca Mau,VNM,2018,2018-01-17,0.07606955031533569,0.19268708426359857,0.06170136854880535,0.08254511255855215,0.16211245503293142,0.10644082608448657,0.05368431481005734,0.42630975321779124,0.24631106045555143,29.023997646826555,23.153749504074288
3340,Da Nang City,VNM,2018,2018-01-17,0.3082813965350857,0.4062452747259134,0.31354330958411963,0.3156082855751822,0.40244235503413256,0.34816512233861774,0.26346827781256793,0.16679722117446344,0.21949727754630757,24.911614927687108,15.614099838204826
3346,Ha Nam,VNM,2018,2018-01-17,0.09345262224329501,0.21951052813167402,0.062034751893895304,0.09531626908447469,0.21858914642948504,0.17628773069115825,0.10662106081420097,0.39367776097910656,0.35229440619246544,27.057438538156166,18.056178401206235
3350,Hai Duong,VNM,2018,2018-01-17,0.10201538915665373,0.24404786218397792,0.05905206816499345,0.09881917952949207,0.25126269916610494,0.2060314231734943,0.13193980329192773,0.40205954350189976,0.4391502574176611,28.50486097126738,16.455937830200007
3354,Hung Yen,VNM,2018,2018-01-17,0.1046714897760848,0.25818944542545014,0.06046145541303946,0.10004767668668312,0.27421919623686847,0.23175996602018484,0.15333025716764812,0.4222751299410057,0.5491209317059761,28.954964335718774,16.594230365678246
3364,Nam Dinh,VNM,2018,2018-01-17,0.10101913781838068,0.17668205299679987,0.06897074376767164,0.09726770744594716,0.17296471879936717,0.14925038890392087,0.09907450661839706,0.2653016423884838,0.21103285549153591,25.10833073966036,17.696712514166787
3369,Phu Tho,VNM,2018,2018-01-17,0.15140555748406725,0.2911161597311883,0.14676246717491856,0.16041378170925344,0.3036592027696462,0.23963102184719018,0.14265045957043793,0.37056763298728723,0.3529649258244936,26.513748388854573,16.901163474284306
3372,Quang Nam,VNM,2018,2018-01-17,0.3541841495885983,0.4458429526456172,0.3634136408390507,0.36228097884283056,0.4346555546172879,0.35323618276842284,0.23145333579333333,0.16368737516980691,0.15589720994087264,21.63993940375279,14.57837348568624
3381,Thai Nguyen,VNM,2018,2018-01-17,0.06831977200184078,0.30150834106827384,0.053557899204689396,0.07983833637452727,0.32201581952222624,0.2229469941612685,0.10656275721949941,0.6422878430288719,0.6617684385878745,27.01807256743056,15.024287524877385
3389,Vinh Phuc,VNM,2018,2018-01-17,0.10135438662589041,0.2816297595139558,0.07311056113849342,0.10578798900288974,0.29642761779113225,0.23116400079830626,0.1324784661217724,0.48897704514338175,0.550688734372207,27.166610208284105,17.42027104485764
73933,Can Tho city,VNM,2018,2018-01-17,0.12453332910883257,0.4236918890269498,0.1292183826406075,0.14759574748871762,0.3583693478931679,0.24319426344906578,0.1279597659672363,0.5447163672664898,0.639632542238488,27.279750053173043,21.299448342016664
73934,Dak Lak,VNM,2018,2018-01-17,0.19232967877151017,0.3495442414153935,0.1790215586129601,0.19440934463565293,0.370182407986447,0.29338358571084583,0.18351617426654684,0.36257274999930755,0.4322466290760367,30.277833731554306,17.890868102973126
73935,Dak Nong,VNM,2018,2018-01-17,0.12585349263873613,0.33157165707362013,0.11139784810970381,0.13090324604721756,0.345555260484776,0.2460771715635509,0.13783066217695408,0.5065550614268132,0.5234265571090796,27.386631106516806,17.15865613368871
73936,Dien Bien,VNM,2018,2018-01-17,0.0419477213621816,0.2564817105069139,0.02476711386519107,0.04786063362502146,0.2905486991608716,0.19028099046814315,0.08392395067852092,0.7201884859023939,0.6236176239440705,24.576126648465046,13.302267137467314
73937,Hau Giang,VNM,2018,2018-01-17,0.13107742334213113,0.350081409809794,0.13336905293751147,0.1491004949986066,0.3090893465593363,0.21645461394646046,0.11815101656217804,0.4728985018685883,0.4527285004594638,29.58041368582822,21.743809172928206
73938,Lai Chau,VNM,2018,2018-01-17,0.04826621669808482,0.2704435616023161,0.030863660963502012,0.05519568711262969,0.2983779119711868,0.191408466313295,0.0857828257357595,0.728738293661835,0.6235882787388978,22.59577253652154,12.913386923642298
73939,Lao Cai,VNM,2018,2018-01-17,0.18641854821750944,0.32121147035984204,0.18436354772154728,0.19311864932308076,0.3427708876459898,0.26591788840268776,0.1612969276376019,0.37257251107682454,0.3508196359664199,22.808958506067427,13.136715648760699
3326,An Giang,VNM,2018,2018-01-17,0.08103962142070215,0.3356110286224338,0.07224368205119291,0.1015260149810618,0.28642102800311153,0.1971282116982232,0.09392008533055524,0.6047576695347453,0.588121567290479,27.725904467245744,21.92432098765434
3332,Ben Tre,VNM,2018,2018-01-17,0.07948372935634761,0.24328143216670187,0.061661331809796556,0.0872427035893407,0.21499448028619664,0.1385447711146132,0.06941888529758372,0.48976431563888495,0.36682423912640155,25.862195768729176,
3343,Dong Thap,VNM,2018,2018-01-17,0.12449634662289344,0.39443440415776543,0.12264898266483107,0.14621317743225465,0.3384952919907229,0.23427578988299058,0.12416413389290738,0.522300765416575,0.5908923832571552,27.606274398119993,
3351,Hai Phong City,VNM,2018,2018-01-17,0.09612479861779075,0.2092298514500192,0.06041610755855676,0.09380328844907854,0.21311991185462145,0.17334945276354755,0.10988196182727399,0.36795774667773923,0.3245949382329609,27.7425771738839,17.198356560454943
3352,Ho Chi Minh City,VNM,2018,2018-01-17,0.13439166917538017,0.2666493343519112,0.13257255841128815,0.14653076050878194,0.24883623404879507,0.18783138079587272,0.11161103875071271,0.35637955986235115,0.30032756210996814,,22.696829065167652
3356,Kien Giang,VNM,2018,2018-01-17,0.08135919897742651,0.31368032085964453,0.07279502758473373,0.0963300931654392,0.27021981176809784,0.17919433068067692,0.085575855235959,0.574004419318974,0.5251464948255614,27.415064684200882,23.093282157965263
3359,Lam Dong,VNM,2018,2018-01-17,0.08526000268812113,0.30791094842919237,0.07030939054955349,0.09337959367170053,0.31490729879651064,0.2042841424966079,0.10060364181837822,0.6040137563112651,0.547835369119844,24.653284763019503,16.06374824602262
3362,Long An,VNM,2018,2018-01-17,0.10228691206018979,0.3527316041055201,0.09568966850228398,0.12320600515564384,0.3108877926731849,0.21978356623986828,0.10960619776096107,0.5583824318494313,0.5926007688865237,28.185862718655265,22.408603279706217
3375,Quang Ninh,VNM,2018,2018-01-17,0.054469638758323925,0.28143784046145937,0.03901641493531026,0.06575060316470394,0.28848461810413917,0.1861735834524296,0.0854228791310767,0.66024022553377,0.6004732854574278,25.952880558904827,14.146459742106073
3378,Son La,VNM,2018,2018-01-17,0.057894921900394365,0.22980519635256666,0.040713153775321545,0.06085775528176641,0.2661005729849025,0.19208173641844953,0.09745116846889093,0.6277350043944736,0.5422349623352162,25.7399483745799,14.173300568512774
3379,Tay Ninh,VNM,2018,2018-01-17,0.0731348810016907,0.28166888970121273,0.04824002387917993,0.08039158441681712,0.2920908942468043,0.2192069278105799,0.11054378341697538,0.5791802079943791,0.6423497630744616,30.824393857381455,20.64690084226648
3380,Thai Binh,VNM,2018,2018-01-17,0.10866059383116008,0.21484048843488926,0.06685203848551928,0.10146115058083419,0.22297582607095678,0.19736331353075837,0.13601125705532605,0.32043007361365927,0.3648170577169942,25.11557638982932,17.32579299388251
3382,Thanh Hoa,VNM,2018,2018-01-17,0.12395473673847889,0.2918469542675154,0.11044956747266071,0.13049231924413474,0.3044653910581219,0.2309229829516705,0.13463552770400875,0.4625240257095424,0.46111989274242576,26.003270922144353,16.530258622226096
3384,Tien Giang,VNM,2018,2018-01-17,0.12230038534312898,0.3342371410627654,0.12202763586521698,0.13852809916956643,0.29184295618973566,0.20429260091416987,0.11134961254267679,0.4849520733236894,0.464053927615252,28.541728067248513,22.220353054618084
3333,Binh Dinh,VNM,2018,2018-01-25,0.1896395106828968,0.35246001095258156,0.19180755899525054,0.2015247739276208,0.34024548613845207,0.2442011235438202,0.14075536739558778,0.3581735573222685,0.3335139191673687,22.48567345404204,13.903320535327422
3338,Cao Bang,VNM,2018,2018-01-25,0.18720007231253685,0.2906347684938521,0.18066301315664268,0.18996113839905898,0.292655906141331,0.22858307755077,0.13798027590964426,0.40106558971891304,0.2545981702070247,16.496051878888515,8.761849932130875
3355,Khanh Hoa,VNM,2018,2018-01-25,0.13343954766288524,0.3235824766327116,0.1287701783006567,0.14444872353284555,0.3193938841221553,0.21858629787221837,0.11746129377980516,0.4630431912841899,0.4251125509512638,25.51806604461883,15.105406521949547
3360,Lang Son,VNM,2018,2018-01-25,0.48874105500754517,0.5407077691120284,0.49653897787767565,0.4934809374738965,0.5215867014285306,0.4374941345747274,0.29339607042447924,0.09452680005966989,0.0842020744210005,16.594977734116686,7.44563198280637
3370,Phu Yen,VNM,2018,2018-01-25,0.2195716270651942,0.3568310498840863,0.2237753196928782,0.23157314348133826,0.3466486169199024,0.25416637567631156,0.1479428588220209,0.28941271586565215,0.2634200750775272,25.762179699577008,11.573810170706444
3371,Quang Binh,VNM,2018,2018-01-25,0.3927341873639249,0.4581493994013681,0.38892299266924535,0.3960523050420888,0.4472738990229463,0.3695074362201991,0.2306134005540609,0.14688916816897987,0.11511081478628961,21.165019254038132,10.33186174069914
3374,Quang Ngai,VNM,2018,2018-01-25,0.21043932694243395,0.37782514275035706,0.2064771431003607,0.22335654779237044,0.36864345142213245,0.2697674390171276,0.15452107014998573,0.32710304922634587,0.31171437456808376,25.718147992561406,15.38955825127577
3376,Quang Tri,VNM,2018,2018-01-25,0.41701287025403144,0.49569565044575115,0.4063504651129155,0.41968921384256347,0.49376796404641055,0.42060484937205356,0.2713416205074095,0.13754397835469617,0.15065015017499098,23.534616333556283,8.792591981855937
3383,Thua Thien - Hue,VNM,2018,2018-01-25,0.17287001477891015,0.32303859175261773,0.16928010941282856,0.18519786282139872,0.3312088754817815,0.2543153495192506,0.14616256518550957,0.33257080608242556,0.30795625622026085,26.25579340626678,14.422056125994398
3327,Ba Ria-Vung Tau,VNM,2018,2018-01-25,0.08563636425999187,0.25133908535570865,0.0717630301709329,0.09287690411020214,0.249580758355218,0.18330281518831648,0.09918447199650483,0.4589305426291063,0.41131616225126066,30.739254402515815,19.641572401621595
3336,Binh Thuan,VNM,2018,2018-01-25,0.07073705492735237,0.2669110717081045,0.043197612297460664,0.06923430432907615,0.2877310256537713,0.2128472877783276,0.11264624770052167,0.607582738442086,0.6992488612064743,32.33535944604337,18.74933343726481
3342,Dong Nai,VNM,2018,2018-01-25,0.07213056525677138,0.3077489308564308,0.058744104404852955,0.08631252382370877,0.3033383633113504,0.20057286857535805,0.09248460763656574,0.6092344372895688,0.5989184255303432,29.876508582964775,19.131082429993327
3344,Gia Lai,VNM,2018,2018-01-25,0.1226226966111926,0.30965596267033313,0.10100968835067402,0.12287158144468534,0.33299305237737353,0.24643841542348024,0.1378193792262182,0.49170445574683147,0.5461680350498337,30.382340127097077,16.266945398961994
3345,Ha Giang,VNM,2018,2018-01-25,0.33564216879842973,0.4104413313009157,0.34198665943096745,0.3413975011510744,0.4046042409146407,0.3374854895109454,0.2262364713683469,0.16848320251408966,0.15834801245865376,21.480425259522004,5.891013976264615
3347,Ha Noi City,VNM,2018,2018-01-25,0.3215479035326385,0.3763368742295821,0.31586881934986916,0.3227317959076159,0.36992360037244426,0.3417034708589807,0.25116645818667377,0.13652369455115015,0.14282660606482891,19.474449285592016,7.675193435145711
3348,Ha Tay,VNM,2018,2018-01-25,0.2674958183471576,0.32244784534553406,0.2645003814039515,0.27127314730919594,0.30443890847252003,0.2753251828701248,0.19898494646142392,0.12454796042491355,0.11764874224385317,22.89474678332219,8.335156304769052
3349,Ha Tinh,VNM,2018,2018-01-25,0.20914294422290167,0.3040208992457913,0.20355836086846987,0.21439635001722712,0.30516866925479325,0.2590682638229366,0.17015605617600146,0.2535986124719994,0.2099171741434601,24.960171929990373,11.08069382544955
3353,Hoa Binh,VNM,2018,2018-01-25,0.14410345753553522,0.260039177007048,0.14316469622148242,0.15061299252309268,0.2610228071155492,0.20884224989719147,0.13277026460247207,0.388204284096313,0.2873067642074539,23.402260180742374,9.74404140255131
3357,Kon Tum,VNM,2018,2018-01-25,0.0824316853806944,0.3026628152436686,0.06760844027086824,0.08855461662017952,0.31703051461153964,0.2099789509970822,0.10272424551405361,0.6241821696935493,0.58248027681367,26.195649539313308,15.23142725853027
3366,Nghe An,VNM,2018,2018-01-25,0.2731138879400041,0.38076471840640375,0.2752742860703142,0.27984334506444186,0.3789372259794354,0.31726292717064725,0.21828937357320105,0.23358435384346335,0.22466222133999422,23.29159559402755,10.108575911026835
3367,Ninh Binh,VNM,2018,2018-01-25,0.33319447632012544,0.37548868117993994,0.33561229433017487,0.3371980673235021,0.35634536195940475,0.3094406930435597,0.2075102622078199,0.10837486198312528,0.07822189231820097,20.238642432097706,8.041430760616532
3368,Ninh Thuan,VNM,2018,2018-01-25,0.075996929021293,0.26518154627223084,0.052395011819196105,0.07687756192537229,0.2812778029662528,0.20153886326441944,0.1058070094135019,0.5812530128376108,0.5776111531621796,28.138416920453288,17.924855142607335
3377,Soc Trang,VNM,2018,2018-01-25,0.11167403960991529,0.28604042775736055,0.09488041506527299,0.12153058879651055,0.24896276058965475,0.17781700273142195,0.09665766474350748,0.4567396544614922,0.38968673922372854,26.731777023447172,21.3620919255788
3386,Tra Vinh,VNM,2018,2018-01-25,0.10006981194843043,0.3035211331925409,0.08344870133285284,0.11173820484062104,0.2640253065955956,0.18738403081755478,0.10142637186055112,0.4919653714795189,0.49161988178451665,28.03007313285364,21.16912678203095
3387,Tuyen Quang,VNM,2018,2018-01-25,0.3007661925860686,0.3835855050934907,0.31500240707564675,0.31082166086264335,0.37059998056512355,0.31159618703743036,0.2153374342205662,0.18375226897117833,0.2262750956973237,21.061533764495177,6.632111288933964
3388,Vinh Long,VNM,2018,2018-01-25,0.06896163383191607,0.320676336699964,0.057541549771774995,0.0838691337236558,0.2699471081968361,0.16680977680821185,0.07738488919487634,0.6368246113168956,0.5622117289783078,28.758991481071117,20.529982044523344
3390,Yen Bai,VNM,2018,2018-01-25,0.25471297811943244,0.3428576948671617,0.25986835317883455,0.2617054259361859,0.3422309449925546,0.28648488122697613,0.19592767868184782,0.2694358174294522,0.19586186052893576,20.622512037272774,8.89303623490563
3328,Bac Kan,VNM,2018,2018-01-25,0.11846498651720024,0.24809577884310102,0.12129999209023878,0.12767152532673795,0.24284279874803016,0.1730937657719414,0.09837760830200148,0.45499669232495354,0.28725010986141336,15.830962797103757,6.948422265298213
3329,Bac Giang,VNM,2018,2018-01-25,0.48303331688627893,0.5398067290005379,0.4847653684774354,0.4863541531419976,0.5297967903502291,0.4625571568612572,0.3234973355070823,0.08259902283541218,0.10416829510205025,19.380213772890308,7.934846175895403
3330,Bac Lieu,VNM,2018,2018-01-25,0.07516569208254101,0.18947126970416792,0.04782628326672858,0.0778827026323493,0.15991188957383723,0.1152111919228065,0.059943337928137885,0.39429334057039506,0.2620103014590602,30.53677092898446,21.398131839826128
3331,Bac Ninh,VNM,2018,2018-01-25,0.34185855458229736,0.39580418310689325,0.33187266879345206,0.3431450877660196,0.3972683767102764,0.37466904349357055,0.28023696914455953,0.0993553111550807,0.12927432684596052,20.087102597250986,8.125033656050455
3334,Binh Duong,VNM,2018,2018-01-25,0.12522760168746835,0.33098757995374345,0.11397540321450571,0.13889909833073166,0.33229842510326785,0.24855807892471027,0.1342678727888447,0.47088362665861344,0.5483310986767096,31.04248550390856,18.053413287749596
3335,Binh Phuoc,VNM,2018,2018-01-25,0.05530651727114875,0.28453228123496227,0.039981448728568375,0.06537093124544158,0.2791409449366166,0.18083379192549362,0.08014685465847375,0.6933694200194956,0.5538966737395383,30.907351202628032,19.442457851403276
3339,Ca Mau,VNM,2018,2018-01-25,0.07055820208099899,0.1803504963678924,0.051125715491249626,0.0750345991268781,0.15314975882505835,0.09984766214031902,0.050816249127649135,0.4224734352888934,0.23121164652047946,28.055010251927218,21.12291661715711
3340,Da Nang City,VNM,2018,2018-01-25,0.4431418725324451,0.5196827697048934,0.4320833551919016,0.4473799419642916,0.5108422153651354,0.4292796000995016,0.27456259135833166,0.09546714312831199,0.1067334011954994,24.18280857363274,17.434120340091578
3346,Ha Nam,VNM,2018,2018-01-25,0.33716473682316805,0.369658074481574,0.33889159616373704,0.3406948251520286,0.34888654842212385,0.3021620009144015,0.2008679682456354,0.06901915054591547,0.05388788408455607,19.636186154132346,8.564394812265782
3350,Hai Duong,VNM,2018,2018-01-25,0.5428120311892162,0.5725727219107469,0.53778168785287,0.5424509296196312,0.558403263968643,0.5031514001060341,0.3547382046011264,0.029681867761682725,0.03693330037923189,20.1294781688717,8.108321752585312
3354,Hung Yen,VNM,2018,2018-01-25,0.4357262961314317,0.4724469375421908,0.437703376265031,0.4385120995850277,0.46403334257018014,0.41955946123618576,0.2954395873683127,0.049074588189407915,0.055098855219305104,20.327899635941623,6.929259186153426
3364,Nam Dinh,VNM,2018,2018-01-25,0.3810954728109897,0.4011858444407953,0.38210909874484894,0.3830105655087176,0.37539772482640055,0.3305330388147717,0.21985005186960846,0.03749256504581532,0.03434244444923563,19.93519181210099,8.009445196506586
3369,Phu Tho,VNM,2018,2018-01-25,0.25876957941952017,0.3383669100794163,0.2648447146762229,0.26604167898183584,0.330383278321435,0.28504357305174316,0.1994479981750472,0.210611986284818,0.175957145544441,22.642075020654953,9.813503211514911
3372,Quang Nam,VNM,2018,2018-01-25,0.34639215329988315,0.47209253350269675,0.3413419724012997,0.3550531460423012,0.46672337274653153,0.3761586640523253,0.23975487090329958,0.1913919433964345,0.21199042563825915,25.09935839356714,12.397980086692908
3381,Thai Nguyen,VNM,2018,2018-01-25,0.12822079960534205,0.25418099465201266,0.12123594127641589,0.13379729297243392,0.24725701207886552,0.18309760969089933,0.10264427724671017,0.4661483279571056,0.28366712713628606,16.156120935344312,7.873983870678828
3389,Vinh Phuc,VNM,2018,2018-01-25,0.33588407730910563,0.3949257978931885,0.34042665956184026,0.34058385586513534,0.38286544024997754,0.34951790238154473,0.2603747991229179,0.13348145527132352,0.16491466088256804,11.303506662718446,7.60996641377976
73933,Can Tho city,VNM,2018,2018-01-25,0.10984210103261528,0.41191800043806265,0.1078709689306316,0.13024464468732236,0.3404728053487691,0.223106117858067,0.11711571293964654,0.5867716711518974,0.663933046964202,29.212200829922264,20.10506298226079
73934,Dak Lak,VNM,2018,2018-01-25,0.1027125051158595,0.2732676430443824,0.08524064560351383,0.10454568408397226,0.2948203114530531,0.2165072591684292,0.11897922791207814,0.5126053482520824,0.4851483695864151,29.51136287054764,17.167979522547647
73935,Dak Nong,VNM,2018,2018-01-25,0.06617992337282663,0.2601200705028594,0.05020111461036955,0.070023402261161,0.27503930918332004,0.1826173119539125,0.08854600044788934,0.6368091169132717,0.4981924609387685,30.176115663414105,17.24421149982613
73936,Dien Bien,VNM,2018,2018-01-25,0.03897351445155417,0.2246997546801195,0.02464891349932775,0.043904011338034475,0.2508802051933502,0.16347780422686087,0.07044396079020519,0.7098358659606657,0.5071672258097195,25.317745117990704,14.658990299997113
73937,Hau Giang,VNM,2018,2018-01-25,0.05801013512232794,0.3379459045441873,0.0461430426504078,0.07513584656077049,0.28639093040553915,0.17950708598145285,0.08125830558610879,0.7016198948047546,0.6571642835017204,28.40637671808634,20.357847661843973
73938,Lai Chau,VNM,2018,2018-01-25,0.037940573308400775,0.22412284265763888,0.02498803799193295,0.04377160455115367,0.24343415001145666,0.15166482096733827,0.06310776575095645,0.743617695636997,0.4868669840461079,23.524347827790244,13.615019860695051
73939,Lao Cai,VNM,2018,2018-01-25,0.22914338143228347,0.3266439849340656,0.2289694741376627,0.23430771779146342,0.3316764698780484,0.26995917389591717,0.17573723852129502,0.30200625209455995,0.22012504902749766,21.3387015982056,8.48428473440549
3326,An Giang,VNM,2018,2018-01-25,0.09419717605681333,0.3769341208676599,0.08598031934716915,0.1150098120087532,0.3219639737136014,0.22021436358736954,0.10937722301116191,0.6067507904289291,0.6654074669763251,28.30971221080736,19.339701109638238
3332,Ben Tre,VNM,2018,2018-01-25,0.11778683438171021,0.25745642936361096,0.11163038620485158,0.12745389033137813,0.22504064198519974,0.15561832023755068,0.0879141211628465,0.3839321340950698,0.2891852401047321,29.25798331453555,19.849253452352645
3343,Dong Thap,VNM,2018,2018-01-25,0.09931796850954233,0.38082574107947165,0.0865981539402468,0.11752022101022785,0.3233705194145599,0.21356954739694642,0.10494408391938133,0.5872137261156033,0.62903157920979,28.3239614818659,19.426712473462377
3351,Hai Phong City,VNM,2018,2018-01-25,0.5706631591620331,0.5916658823324266,0.5677664124656423,0.5696441997899332,0.5763777061006895,0.5102312217209733,0.3498605916646218,0.0193820502976605,0.02636080024013697,20.052513146662122,7.248394093185131
3352,Ho Chi Minh City,VNM,2018,2018-01-25,0.13927911475234492,0.2705151581067744,0.1404937641641981,0.15291833546313138,0.2530843382077039,0.1857148899112127,0.10657169024376044,0.3385311766711047,0.2709408218720261,25.407569553046947,19.784163897782243
3356,Kien Giang,VNM,2018,2018-01-25,0.08972250444031253,0.3242869030833307,0.07948075915108509,0.10259687616900584,0.27762718181434154,0.18342877610233277,0.09351930118688388,0.5443088583361322,0.5293907837078025,28.210065340580393,19.84054791486103
3359,Lam Dong,VNM,2018,2018-01-25,0.038551651509679714,0.24092784556742644,0.024741064296795585,0.04477768144257611,0.24895110804421383,0.14929698139208575,0.06220773700251688,0.7371272288728825,0.5071102398967009,26.743345355021027,16.01317104577297
3362,Long An,VNM,2018,2018-01-25,0.11664289204079521,0.3783741271191833,0.11333635857296684,0.13676926408037526,0.3332190619528402,0.23196953326292033,0.11864556962106583,0.5348813929609615,0.5956186770731922,28.586892665205273,19.020748923337262
3375,Quang Ninh,VNM,2018,2018-01-25,0.6370738236810515,0.6626619085185558,0.6375243493895402,0.6375246838090395,0.6346996456245341,0.5324469532358702,0.3561049786677333,0.02276223556622594,0.030258069625000807,17.526441208452773,7.043820504535611
3378,Son La,VNM,2018,2018-01-25,0.0600162958592282,0.1989373028232272,0.0463291014796036,0.06220255334867869,0.22221951724187755,0.16214015528650258,0.08280830310018926,0.6124401241734768,0.38685607320968285,25.30400620118465,13.363027564912556
3379,Tay Ninh,VNM,2018,2018-01-25,0.11223661910215717,0.3037902671928293,0.10264847383318954,0.12430827361362443,0.2972332331483823,0.2193585366287881,0.11766324553605056,0.48320763140587786,0.49138121504593146,27.900205585647715,19.209614228225888
3380,Thai Binh,VNM,2018,2018-01-25,0.5725897143998976,0.5885450600405983,0.5712013852817908,0.5726710994707357,0.5595328543836778,0.48516060144903966,0.3183850255374694,0.01562300181335895,0.019411679973370018,19.56027845242759,7.6593809357769445
3382,Thanh Hoa,VNM,2018,2018-01-25,0.2447246448018006,0.3394295862879342,0.24587253320717462,0.25062988243843204,0.3312182806603686,0.27810000097843257,0.18746296776521382,0.24128119544062346,0.21027146013085607,23.381825728870027,9.258616125953518
3384,Tien Giang,VNM,2018,2018-01-25,0.11236288342324963,0.3333422723504252,0.10947359868828933,0.1276685407782612,0.2885936654398217,0.19657482323027348,0.10275933311192686,0.5141007080414741,0.48290437969085004,29.18305652758255,20.41473161960582
3333,Binh Dinh,VNM,2018,2018-02-02,0.044893584632458086,0.31435440748554966,0.027419466947425256,0.057838902926992536,0.3084976843184012,0.1846434413554389,0.08008684862641313,0.7486519534057436,0.6888463255390704,24.941818231908385,14.754499859668837
3338,Cao Bang,VNM,2018,2018-02-02,0.11179683323960934,0.26334430982996815,0.10516810061481735,0.11933848871089629,0.2906381847244461,0.20342726291405552,0.10647955346873342,0.46005102594251374,0.3961590410240725,21.489012672937562,2.5953556656161196
3355,Khanh Hoa,VNM,2018,2018-02-02,0.05158340471742843,0.28709861529288544,0.03244649042936769,0.06013211170274263,0.28912099190451634,0.18270801300952869,0.08538172365211724,0.7076915998132507,0.6440725001505802,27.08312645663694,15.576523040616602
3360,Lang Son,VNM,2018,2018-02-02,0.04889715208914879,0.20238145463808524,0.03968731283022329,0.05486471907347928,0.21725393263193407,0.13881699266200587,0.061234460492471235,0.6401888354968959,0.3785188214752677,16.350385708549183,5.386045932547862
3370,Phu Yen,VNM,2018,2018-02-02,0.05247866417946048,0.31326089907505744,0.03213133411204506,0.06508013777963796,0.31075143785741116,0.1955138163155401,0.08867273637154807,0.6954334537860084,0.7315965315772603,26.11445639767427,15.12151057505724
3371,Quang Binh,VNM,2018,2018-02-02,0.060687152609875714,0.21284447367647794,0.053477438463120044,0.06909253265405445,0.22938290718652285,0.16375806707026627,0.08020761965725738,0.5775217058472245,0.5758424861325815,21.12519962526098,11.764982690118696
3374,Quang Ngai,VNM,2018,2018-02-02,0.08046412062163104,0.2768033470021977,0.07114450327552169,0.09141032939354873,0.27227920546808065,0.18375759021979715,0.10058792285763007,0.6072046196423624,0.5025738914048155,25.91835072496289,16.25090946420448
3376,Quang Tri,VNM,2018,2018-02-02,0.05408033200583587,0.21427668160208882,0.04133885144741104,0.06121697767652193,0.22866758507651902,0.16159416553609188,0.07890234001916864,0.6228342451865174,0.44426209218652096,25.64548283115356,14.303991149010564
3383,Thua Thien - Hue,VNM,2018,2018-02-02,0.042687329812940926,0.19098426844399902,0.03318936292484734,0.0507657653031978,0.20189764303828617,0.13396256409655863,0.06220521934381886,0.651502378699196,0.38658015203596,26.460007948921277,14.790297900071954
3327,Ba Ria-Vung Tau,VNM,2018,2018-02-02,0.062325044394776395,0.24691525477493217,0.0344902453608067,0.06509798557181937,0.25513641120898645,0.18500396264124827,0.10347386359212732,0.5588632776454928,0.5956674956352217,33.68557348228304,18.401821386653726
3336,Binh Thuan,VNM,2018,2018-02-02,0.06824306430551966,0.28477453273758546,0.033480485992147015,0.06494371047922638,0.3148887622079096,0.23213006546229484,0.12573084652078328,0.6301880243546045,0.5321955061542091,33.43724406531859,17.91355604912402
3342,Dong Nai,VNM,2018,2018-02-02,0.04994404199636315,0.26791361450958007,0.02846686986805974,0.058151914258536413,0.2743757670759124,0.18105320461907415,0.08841129025242835,0.6498472622938049,0.6314832108153227,31.909033866576834,18.542938850157853
3344,Gia Lai,VNM,2018,2018-02-02,0.05706073027817339,0.26001699518767435,0.029648048777716766,0.05562995730126712,0.2870015037509939,0.20020908243101565,0.10321726680880393,0.6453178570565082,0.6781303364644192,30.059741478069746,14.582039241392476
3345,Ha Giang,VNM,2018,2018-02-02,0.06564044630635772,0.2712754282828138,0.0469264117306455,0.07258425324728796,0.3099664199190865,0.220870945815995,0.10661322028711065,0.620228483197402,0.6343004639127445,21.442302951118123,1.150000000000034
3347,Ha Noi City,VNM,2018,2018-02-02,0.09585314418702072,0.18434325571467922,0.06607625932456782,0.09194585068354882,0.18920718864338817,0.16384909713607504,0.11574745873398293,0.32583433217621316,0.2745863079690194,20.816054399008298,1.979074658192507
3348,Ha Tay,VNM,2018,2018-02-02,0.13578171397543962,0.20816109144514883,0.11645854783274809,0.13601657787824142,0.19739956936138559,0.16376966823825134,0.10692459810561811,0.23043220248082505,0.1765649801655222,21.868180304971368,6.365308108368847
3349,Ha Tinh,VNM,2018,2018-02-02,0.06951423883537924,0.2030272853185592,0.054596187585136936,0.07534517092573556,0.21756788755228648,0.16276562991294555,0.08472104972935202,0.5039162875641672,0.3589549560063071,20.305130193719688,10.080446302277494
3353,Hoa Binh,VNM,2018,2018-02-02,0.0771584444598637,0.23772326212768008,0.06796965813523788,0.08522523525816708,0.25787558497499613,0.1860457011212815,0.09367569679735284,0.5282836614869465,0.42609810833489015,22.229192259666092,8.758322200953517
3357,Kon Tum,VNM,2018,2018-02-02,0.04854576558974887,0.26851079765490865,0.03230013817203104,0.054012869981689686,0.2823476847866791,0.1772575194427292,0.08211749728636973,0.7159879576286333,0.6093712284259335,25.661834106137988,13.626605079597962
3366,Nghe An,VNM,2018,2018-02-02,0.06692504871658599,0.265486447620913,0.051718269012311524,0.07507291857163305,0.28384550724142443,0.19305064428839477,0.09089447556719842,0.6029809960481571,0.5253160181449179,20.377802071925267,10.03855117388429
3367,Ninh Binh,VNM,2018,2018-02-02,0.13603015514225839,0.20125155004512083,0.11907055865054669,0.13619375150764676,0.19067690134769186,0.15808967194289633,0.10825422977503142,0.2430218879033938,0.16197461888419912,19.298659475688087,8.18701443930005
3368,Ninh Thuan,VNM,2018,2018-02-02,0.06334326118971514,0.2739464838358887,0.03310942212568445,0.06301041063764973,0.29804702941906275,0.21015985986570135,0.10834714766528461,0.6326231900648974,0.8675095013599801,30.296677116014713,17.037613495627927
3377,Soc Trang,VNM,2018,2018-02-02,0.07967604073105981,0.32568805805866924,0.04223403406756908,0.08951267601414266,0.2959065028371423,0.199887776706821,0.09652061155993764,0.5622798575578123,0.6208926736684848,30.24517563157738,21.193707083243705
3386,Tra Vinh,VNM,2018,2018-02-02,0.0702112688552926,0.35265227294009727,0.03674022398229427,0.08396862879580519,0.3159397746237491,0.20340055553013747,0.09434011077414371,0.5979769191429072,0.7224052577820638,29.70295407893559,20.69331669039344
3387,Tuyen Quang,VNM,2018,2018-02-02,0.08342033433223216,0.273083603586428,0.08000533781495649,0.09546040638295542,0.2955677083678238,0.20544989460968505,0.09834914183933126,0.5455747204230766,0.4937660635858727,22.012686908188726,1.438569990009056
3388,Vinh Long,VNM,2018,2018-02-02,0.05054610416955612,0.3267029291137182,0.03236703975127147,0.06600409939104393,0.27804401973662324,0.16312312708244078,0.06942750223894686,0.701558194733994,0.633210930281594,29.398489613622225,20.434829536924635
3390,Yen Bai,VNM,2018,2018-02-02,0.18893684567348287,0.32822904689505733,0.18623824154197716,0.19804890701086394,0.3482137205626417,0.2745424520005713,0.1624994905664397,0.3982360995862073,0.37070193686699665,21.463378290063222,0.015621026139690493
3328,Bac Kan,VNM,2018,2018-02-02,0.0682014876848189,0.2656721280838996,0.06385711392895858,0.07922442439318081,0.2855334773739088,0.18718449456723782,0.08466854234441963,0.6216646643870951,0.504622172991436,18.525106847680046,
3329,Bac Giang,VNM,2018,2018-02-02,0.08213409810582675,0.22559543118086262,0.0619302480478856,0.0833132947364372,0.2319666140967757,0.171623521474728,0.10399235335649554,0.5001007813317451,0.4006330877449661,18.586638921834616,1.5417400836277722
3330,Bac Lieu,VNM,2018,2018-02-02,0.07358334215811876,0.22089950475207376,0.040264742666307946,0.07787060950917427,0.19656881309844584,0.13831789152465684,0.06970648283158766,0.4375979647721438,0.3616960078102877,29.97869240669337,22.448049101546015
3331,Bac Ninh,VNM,2018,2018-02-02,0.12559342097492557,0.19006683477390746,0.08987258466554439,0.11903062556619186,0.18509761945884087,0.16809128568611018,0.1281614426765821,0.2181839218273652,0.1830888641504348,19.774011306069678,0.4407764158193059
3334,Binh Duong,VNM,2018,2018-02-02,0.07105887536670802,0.31937664359069823,0.040957515323765695,0.08131524858789284,0.33052846067689606,0.2399174031570299,0.13027761511704267,0.6245481617970023,0.8638923697182993,33.324695599045874,18.707597057610048
3335,Binh Phuoc,VNM,2018,2018-02-02,0.046658046877395276,0.32536915846788944,0.02543700167293409,0.06060476680123791,0.32041921936303064,0.20014978426931085,0.08719481103284887,0.7382612641936465,0.8309011894842451,31.80526216365058,17.77090849803156
3339,Ca Mau,VNM,2018,2018-02-02,0.06778396995582275,0.22609471836843398,0.03919984366893662,0.0751820456605182,0.19545406264233492,0.11914929895987372,0.053815525861339905,0.49244667314017854,0.3334476994591669,28.72480692196351,22.900914189737353
3340,Da Nang City,VNM,2018,2018-02-02,0.06456030932375258,0.24521990317057266,0.051627506177666885,0.07348489871336131,0.24873987506255124,0.16818856146742422,0.09087273043165199,0.6246982202837513,0.48861253688034334,25.643891702653228,17.083859745327555
3346,Ha Nam,VNM,2018,2018-02-02,0.10083405815353924,0.15740196956644206,0.06823292837805488,0.0951306496711746,0.1355429167575072,0.10639769832719126,0.06614240663874056,0.22593092951646146,0.12407056758189847,19.42931047929947,5.797006898245152
3350,Hai Duong,VNM,2018,2018-02-02,0.11285046356507195,0.20960411088793776,0.07353712016799427,0.10828074726306405,0.1956766034919616,0.15660815480583895,0.10183760094064392,0.30123846070983934,0.23666387138046796,20.270820585255535,5.473529404678023
3354,Hung Yen,VNM,2018,2018-02-02,0.11671562491708937,0.19483128570066915,0.08425194224414144,0.11132777668049257,0.1834080084468044,0.15601075297028516,0.11085607455513274,0.2648513651852677,0.20045159736663856,19.71446400759852,4.668039967842
3364,Nam Dinh,VNM,2018,2018-02-02,0.15905563263791683,0.19019405336780343,0.13100921601270368,0.15189065389973258,0.16977019919584352,0.1529562651163286,0.11397570015111903,0.09733129620664813,0.07061277064682052,20.895489036595897,9.58859867330019
3369,Phu Tho,VNM,2018,2018-02-02,0.14550226819542006,0.2600724939650745,0.14942527427679275,0.15679910368389827,0.273778793112631,0.20579089500116712,0.11115438054166565,0.31355993636826085,0.2697789817326807,22.676077268150877,3.5983295390215986
3372,Quang Nam,VNM,2018,2018-02-02,0.10459110167717375,0.2939331386711737,0.09710252985704705,0.11475472093505792,0.2967049099587339,0.20647296750318345,0.11875703867933639,0.5766873476926028,0.4183799868798228,26.37786008858168,16.197428783912684
3381,Thai Nguyen,VNM,2018,2018-02-02,0.08415012859526821,0.2266482635583725,0.07744475316119893,0.09126378121836949,0.23549912935249817,0.16857422922012952,0.08984846248259774,0.5050416691507577,0.35349653118120206,20.676750136213105,1.5164989638946789
3389,Vinh Phuc,VNM,2018,2018-02-02,0.14116533025252692,0.24630611197213562,0.12626573381802422,0.1437267220035085,0.25085040755043536,0.2032068961156421,0.1267155483043599,0.3025576762208934,0.2799193706107959,22.10314033955943,4.45804428538671
73933,Can Tho city,VNM,2018,2018-02-02,0.052006396192989704,0.42244410654558856,0.03444207127743393,0.07464690394586757,0.345009200412164,0.19773287603109896,0.08252000519338143,0.751369058378316,0.8257846668133167,28.511431503857736,19.946234635891898
73934,Dak Lak,VNM,2018,2018-02-02,0.056273966246062436,0.25218944992707426,0.029474312146023925,0.055836722011633595,0.2795682739431331,0.1993924970808742,0.10352265326466766,0.6344638757873389,0.9105922529818624,30.687522477354882,14.991356533793462
73935,Dak Nong,VNM,2018,2018-02-02,0.0476430957964205,0.2647293513575683,0.02626956478549169,0.05035851623126184,0.2876784111362879,0.18836833561529925,0.08735594879664857,0.6902026303180052,0.614421806297885,31.276087048762086,14.595015654360125
73936,Dien Bien,VNM,2018,2018-02-02,0.27201465230544464,0.42094817294142495,0.25563665192551965,0.27549993433876097,0.44951738540506475,0.3647376583718893,0.23281380511724425,0.34470060231966687,0.4002531042370604,22.666781771082764,12.69678037038959
73937,Hau Giang,VNM,2018,2018-02-02,0.04655710094398946,0.3818632352966515,0.028793088744209577,0.06768713876675354,0.3338716410829312,0.20593810656427608,0.08753305916376339,0.7616599345856734,0.842917695958039,29.046595580841803,20.604380847318794
73938,Lai Chau,VNM,2018,2018-02-02,0.3786005704724735,0.48894671457546496,0.35949054118011764,0.37872453465767913,0.5051920775125563,0.4204573528464284,0.2823165109907836,0.25038426692837495,0.2859007882391971,22.714952760939966,0.19632338651600018
73939,Lao Cai,VNM,2018,2018-02-02,0.16238029397844383,0.32353871986317134,0.1519098863678227,0.16916658499811582,0.35423900628880883,0.27651412136636366,0.15895354898270972,0.45862581431250116,0.49429495178619354,21.202570770466835,-0.9560390183566543
3326,An Giang,VNM,2018,2018-02-02,0.05119678357537551,0.3935793679008901,0.03143204785182363,0.07332971814351358,0.33921956398677766,0.21376790314571925,0.09166488308404679,0.7452807562653948,0.8582974234597451,28.224184684383,20.16413386780883
3332,Ben Tre,VNM,2018,2018-02-02,0.0670798939319299,0.2758737085735908,0.039172182727005005,0.07444828364830845,0.24450738025138344,0.14753336529065403,0.06691652102726758,0.5654312341727115,0.4708806028685649,29.57600590440327,21.385522605211357
3343,Dong Thap,VNM,2018,2018-02-02,0.05659080385236051,0.3219834857049902,0.034035791373736975,0.06962699577206191,0.27686784805950737,0.1700519591127394,0.07844683188065887,0.6505008117273496,0.6246520413905691,28.87836095590592,20.773176012646214
3351,Hai Phong City,VNM,2018,2018-02-02,0.1292364931392552,0.2133950151112126,0.0949318089991189,0.1265557368274915,0.20763908357512714,0.1725580289292833,0.11669867728274544,0.25118201554111974,0.21417311938261607,20.239802916061723,4.074823201265069
3352,Ho Chi Minh City,VNM,2018,2018-02-02,0.07341671150240098,0.2357825979710967,0.047068480229969886,0.07883205640198847,0.2242895062224933,0.15892785178149188,0.09588065879428237,0.5168730770979356,0.46015506694100444,32.06606304389325,20.723294419678883
3356,Kien Giang,VNM,2018,2018-02-02,0.05592950455235376,0.33699458981369995,0.03529745140452248,0.07018480709054065,0.29172796839709575,0.17949573636636004,0.07897863014294142,0.6574819149548436,0.6448345463056455,28.33937673927245,21.06591910907025
3359,Lam Dong,VNM,2018,2018-02-02,0.03803792770262442,0.26123098118481086,0.020654416660569823,0.044636009612769235,0.2768432902312487,0.16795238078958144,0.07141805017114757,0.7450820090133777,0.5899035221721742,28.395016677947176,14.185818089982234
3362,Long An,VNM,2018,2018-02-02,0.05527264636921228,0.34489964641583776,0.03263185688258174,0.07096132175153261,0.3060277462287711,0.19399008912006405,0.09188151992441454,0.6982433447687455,0.7367078731306002,29.801043047107733,20.456988381765047
3375,Quang Ninh,VNM,2018,2018-02-02,0.1313020932989021,0.25262828103736873,0.13393033917575686,0.14234282462150968,0.25265401260721204,0.19050989629177836,0.12328778398397423,0.38063622003906467,0.28208386134086344,16.61064636948623,4.207222020206351
3378,Son La,VNM,2018,2018-02-02,0.22337874188684276,0.3640219826152952,0.20663863664479803,0.22580813885080933,0.4006497085320659,0.3297136095821688,0.2081978988021892,0.3665729714232663,0.4860328891344119,24.825261896886712,5.269398026246635
3379,Tay Ninh,VNM,2018,2018-02-02,0.06512540120464008,0.337216195187372,0.03821354815891742,0.07961960414206432,0.3354445860131169,0.2304832875886427,0.11502306096131555,0.6539634631943592,0.8549635480120428,31.731403678010942,19.236225606029194
3380,Thai Binh,VNM,2018,2018-02-02,0.12416509781355169,0.18145028004491068,0.08133606496760738,0.11532776224251638,0.1642160720229326,0.14199457952830163,0.09751938872975947,0.18594422334991328,0.13780538994096134,20.63730768730751,5.18509385550307
3382,Thanh Hoa,VNM,2018,2018-02-02,0.10289026213760052,0.25688882326935397,0.08917385245654708,0.10906053586373357,0.2676014551327064,0.19649340119546865,0.1065814816553636,0.4679155253517646,0.3982729526617721,21.14944769047189,8.795466527242331
3384,Tien Giang,VNM,2018,2018-02-02,0.053009310274396426,0.3071914222152891,0.032150702897391276,0.06498252554948787,0.26527010941107404,0.1596900788618543,0.0749001837665258,0.6814955124066567,0.6132981032660276,30.08041799711564,20.774628496277916
3333,Binh Dinh,VNM,2018,2018-02-10,0.03504657280463878,0.25379619273110027,0.020135177209902055,0.04449198995930393,0.24573368004028154,0.14378619441671023,0.061310605222235214,0.7633753368173871,0.5551024175412739,28.20519196382884,15.926213221818818
3338,Cao Bang,VNM,2018,2018-02-10,0.37879063026524,0.4518291708081766,0.3707943523478073,0.37921392090178624,0.45719614417681503,0.39507587313900844,0.2774660285411734,0.17538426196822177,0.16691554270532857,26.54181838923421,11.89001871948532
3355,Khanh Hoa,VNM,2018,2018-02-10,0.05055976785075008,0.2812063204451693,0.030531990381290456,0.05858354583899723,0.2823836148954608,0.17781033505090194,0.08184374070905572,0.7103456350584866,0.6200611043875136,28.89143790446553,16.53265241380332
3360,Lang Son,VNM,2018,2018-02-10,0.42859972888226855,0.49772738532696964,0.4200197458241331,0.42885078632407736,0.5033143616366347,0.43795245813696576,0.3082439328516419,0.11952478705814117,0.1329692064943236,26.043489741331097,13.538349482216834
3370,Phu Yen,VNM,2018,2018-02-10,0.042258899488129636,0.26374137083834504,0.02326039000400472,0.05150489829463191,0.26226915774777043,0.1629368913981133,0.07251093478710127,0.7237187699408825,0.6122442000648045,29.241470889030712,16.24918456206794
3371,Quang Binh,VNM,2018,2018-02-10,0.032422457259806046,0.16254222107019387,0.023057979393591114,0.03889266036286713,0.17663473392967224,0.12068573486134691,0.0552223924038114,0.6940012558326972,0.3509048518649618,27.453977196406896,14.91217924745749
3374,Quang Ngai,VNM,2018,2018-02-10,0.03245093337123197,0.23817316454040535,0.01978324416421482,0.04311819610824677,0.23438221982148327,0.14116151127407212,0.059164275930804464,0.7656074672098198,0.5282733947443533,27.802517981460955,16.60904709882094
3376,Quang Tri,VNM,2018,2018-02-10,0.039588941414616156,0.17928777573447388,0.028497178828173462,0.04681538753267146,0.19014374609532736,0.1316350342461886,0.06057572664237052,0.6407654539074092,0.3721423419436864,28.86193704690744,16.424207828890534
3383,Thua Thien - Hue,VNM,2018,2018-02-10,0.044125628452923726,0.18518006677938326,0.03528394461473859,0.05296606846294148,0.19281079187051176,0.13001744749563016,0.060989942986786866,0.650809837773657,0.3611813755571545,27.91347950408312,17.383816494376603
3327,Ba Ria-Vung Tau,VNM,2018,2018-02-10,0.06307218799837706,0.25971439845442895,0.03387412789198538,0.06645952977052891,0.2664736584020211,0.19523927816283046,0.1066614700545262,0.5524182814777362,0.6268647202591762,33.580708187527115,20.18231379111586
3336,Binh Thuan,VNM,2018,2018-02-10,0.07853379138122929,0.31837507270613036,0.03839358125531764,0.07526726066857008,0.3503145972165455,0.26013073497369665,0.14278753697988492,0.6112682481190046,1.1293111024283695,33.762419671135135,19.136469545456258
3342,Dong Nai,VNM,2018,2018-02-10,0.05538349868087946,0.2902065819435903,0.031550365813083285,0.06396015497546949,0.2965769996777908,0.197653609635344,0.09471044764819188,0.6499704190108425,0.6649252737912095,33.37549762879686,19.733608542873124
3344,Gia Lai,VNM,2018,2018-02-10,0.05821509579212725,0.25203669720775573,0.029673984761497893,0.05564997309113757,0.2818459035135912,0.20015591436752547,0.10405399153143455,0.6349461050704333,0.6424269978862183,33.63919142229028,16.29786750139911
3345,Ha Giang,VNM,2018,2018-02-10,0.19225704225760268,0.31804890187083407,0.18215351429847385,0.19604937344457468,0.3443743491195204,0.2818073069675689,0.18133132077340658,0.3894056762874134,0.42731909014576086,25.27574552714409,8.491004507944444
3347,Ha Noi City,VNM,2018,2018-02-10,0.5306530124020776,0.5590604795953619,0.5107019479890055,0.5260897507345585,0.5529091278206247,0.5003590158621661,0.3600235815739978,0.027722016405338626,0.03718481293743123,14.401121574962529,7.135882816874013
3348,Ha Tay,VNM,2018,2018-02-10,0.2305436307186402,0.2727952803473437,0.21762373032414548,0.23232862357426376,0.25438819092674414,0.21961106573691566,0.15413697889372624,0.11158929911159633,0.08462176560848397,21.437487427637738,12.352965245979885
3349,Ha Tinh,VNM,2018,2018-02-10,0.05885022637371033,0.16988955585737409,0.04299233401422445,0.06327142944253777,0.18021319424976104,0.1360061520266803,0.0735628152444306,0.5618561047687435,0.2971878433945214,26.440325919459195,13.899696680677856
3353,Hoa Binh,VNM,2018,2018-02-10,0.07356459837446933,0.20901817721913005,0.06312602612938657,0.08030663076198659,0.22635392767945173,0.16570183296542665,0.08834787484598741,0.5281805256270793,0.3610182989767683,25.355789491215262,12.940296824136011
3357,Kon Tum,VNM,2018,2018-02-10,0.04073051202587504,0.2543436806176073,0.024269636293668264,0.046111637537128686,0.2689894205751331,0.16590086191402537,0.07217421225111084,0.7324483966475915,0.5837598510120601,29.442423481420295,15.662312811096974
3366,Nghe An,VNM,2018,2018-02-10,0.04148728863149109,0.20754498521400144,0.026569857317535073,0.048148876937269276,0.22156928246099172,0.1464564146579103,0.06694778932735146,0.6833283541300129,0.44486570964779193,26.755637994311687,13.317491125295678
3367,Ninh Binh,VNM,2018,2018-02-10,0.2046974802569741,0.2688027498795566,0.18795003060647872,0.20491235030206664,0.26752876417691274,0.23473376576603192,0.1663753895018772,0.22615489350917692,0.15522867879136848,21.903015677609158,11.19155293215253
3368,Ninh Thuan,VNM,2018,2018-02-10,0.07805157955800905,0.30706542691832794,0.04065662089141682,0.07624502893784196,0.3362417895323576,0.2445395562605515,0.13024499467941347,0.6042795422335463,0.11385512316684132,31.417420905928044,17.564234916502134
3377,Soc Trang,VNM,2018,2018-02-10,0.06340117253462095,0.27595369404290027,0.03372418021382409,0.07007389681672274,0.24533558457061472,0.16444860291969865,0.07893215048068614,0.5700891122573517,0.5263213837620726,30.272790781252787,20.90948333874166
3386,Tra Vinh,VNM,2018,2018-02-10,0.05721674594972272,0.2882006732467686,0.03133406183950078,0.06786428294408738,0.2500053965784781,0.15788815868184802,0.07358273884739971,0.5962309471498226,0.5627401925743774,29.62106294892682,20.71410803380938
3387,Tuyen Quang,VNM,2018,2018-02-10,0.4202151833970079,0.47669456682786737,0.4225279783062368,0.4240976199822538,0.4723365356424359,0.41568319962743855,0.2983045621139093,0.07999940994617372,0.09868969251798186,25.137358648574196,7.807947442572005
3388,Vinh Long,VNM,2018,2018-02-10,0.052477382650624446,0.30520131983333515,0.033518249724014716,0.06687463622995854,0.2598375643520743,0.1550061392019374,0.06838277354623908,0.6781470467837744,0.5765238268819353,29.859334647107634,20.559401414991083
3390,Yen Bai,VNM,2018,2018-02-10,0.27753969658910993,0.3692791175857663,0.2712922944364734,0.28128918078244197,0.37871318962581724,0.3218722522851757,0.22104493275370235,0.2943593186894507,0.22757763844739456,23.831390346886366,9.735970302979764
3328,Bac Kan,VNM,2018,2018-02-10,0.4978278860831156,0.5530324621208826,0.49175669168514907,0.49745270977065287,0.5483446427062839,0.48938208426271185,0.35580205553505556,0.06566895271664829,0.0879823574020332,25.778672020506377,6.5277269162889615
3329,Bac Giang,VNM,2018,2018-02-10,0.4746308202093363,0.5280018372698494,0.4627730886192062,0.4727698768221411,0.5282554190439629,0.4731362580538218,0.3417657185336292,0.07018589755020413,0.0926870983369943,14.75108951674282,14.399000759242078
3330,Bac Lieu,VNM,2018,2018-02-10,0.06419255704558056,0.1928327724787988,0.03594038071306216,0.06750321023744146,0.16772313207893222,0.1173748364579983,0.05944346179558234,0.4146968219458016,0.3163331688046766,30.119830966522766,23.019093794992962
3331,Bac Ninh,VNM,2018,2018-02-10,0.4649961490590486,0.4941720669724984,0.44689807207811627,0.46065448780591023,0.4877560676276931,0.44097325724307995,0.3122973740950686,0.03802519620458859,0.04283018481246282,11.695073132317136,6.785877514260014
3334,Binh Duong,VNM,2018,2018-02-10,0.07000793876950791,0.30143445934080126,0.040168194862738114,0.0777503661490329,0.3126010611421519,0.2317501036485049,0.12390366269751885,0.6181815447664418,0.914257619384577,34.583804881111966,19.91334379338281
3335,Binh Phuoc,VNM,2018,2018-02-10,0.052285191112514735,0.35686480874181586,0.028353158604957105,0.06758798582410602,0.3507971560395742,0.2207685082029827,0.09509404858120396,0.7365015752895911,0.8254056588935009,32.88277211123375,19.325882695112256
3339,Ca Mau,VNM,2018,2018-02-10,0.054441709805806544,0.16158052284842328,0.03145916976133986,0.058230463320787136,0.13540335182220148,0.08263647565849713,0.0378710164592841,0.4487890298295408,0.2311483996818267,29.929324378042512,23.16713913076109
3340,Da Nang City,VNM,2018,2018-02-10,0.04892316356565349,0.21623289325823628,0.03569774032407475,0.05717128606784826,0.220046062311923,0.14630260657383115,0.07482861880121448,0.6737622731823566,0.4560838225307902,27.854442695099873,16.69939219425836
3346,Ha Nam,VNM,2018,2018-02-10,0.19925170318284494,0.24099999089829502,0.18667388911584373,0.20034035007694043,0.226677191341104,0.19825401448652585,0.14112178270633932,0.13045406038904397,0.09005206816142532,20.646598431801092,13.308425274208998
3350,Hai Duong,VNM,2018,2018-02-10,0.4281378580968374,0.4642619646842511,0.4177291268781296,0.4277458223882389,0.46010507757636526,0.43895978766558447,0.3463316003376953,0.04604167352452605,0.07653564057870768,12.636726860911269,13.928019732633139
3354,Hung Yen,VNM,2018,2018-02-10,0.46538586929071785,0.4932385574595909,0.4484311874363112,0.4618623066771597,0.48465531320289773,0.4554034815061554,0.34864367575513733,0.032404809116328114,0.04529318707107912,20.124217939538898,13.302516370372512
3364,Nam Dinh,VNM,2018,2018-02-10,0.46427515587467566,0.48764080791348036,0.4435506015811381,0.4586608452383324,0.4790220616574896,0.43747078943419526,0.30912615203112737,0.036285165375897016,0.036934636054777835,17.963482497017452,12.571459186861755
3369,Phu Tho,VNM,2018,2018-02-10,0.36636230150877525,0.422300849277004,0.36570377311201063,0.37073723502230543,0.4196671801939669,0.38143166063195594,0.28659576992940483,0.09238818532366937,0.10815999192065157,25.364137241954765,10.06157990816263
3372,Quang Nam,VNM,2018,2018-02-10,0.031700043153457605,0.22782515386226013,0.02364971130203663,0.042632403137562544,0.2285906406847063,0.134560466908881,0.05370988563506615,0.7610488398923746,0.49627521305312966,27.634121390994043,16.477899625116194
3381,Thai Nguyen,VNM,2018,2018-02-10,0.44883312428181077,0.5077441482266086,0.4422283248165298,0.44899656172122326,0.5093415215051094,0.4584620926539889,0.3387089435568585,0.07304466685997396,0.10208353410617152,24.766863096504206,11.001403180641322
3389,Vinh Phuc,VNM,2018,2018-02-10,0.35300208902943286,0.39767894892495415,0.35451647478588466,0.3578450554828462,0.38902836208526237,0.35532120428107317,0.27040362642494514,0.07261138945053168,0.09284792200353256,24.84289834730722,11.46267815004591
73933,Can Tho city,VNM,2018,2018-02-10,0.05287207359172599,0.37420805401116336,0.03499684360897262,0.07269431848237597,0.30067742339418313,0.17093782806464633,0.07501970178696393,0.7262177564923336,0.7084917032153495,28.8364134353775,20.034856163307776
73934,Dak Lak,VNM,2018,2018-02-10,0.055609895009360095,0.23649083571708238,0.02912208950880593,0.05403055953881567,0.26369024717611206,0.19011945756636822,0.1000021335629038,0.617775022640954,0.6582701417749027,33.647396563281674,16.58691697568675
73935,Dak Nong,VNM,2018,2018-02-10,0.0525303575177776,0.27560259547811783,0.028584266346091968,0.0551692751845899,0.2970281649257061,0.19524096402259133,0.09173119473184614,0.6749686695205848,0.6145958512380442,32.65720297190413,16.372089223040156
73936,Dien Bien,VNM,2018,2018-02-10,0.055497239656896326,0.2849900484063772,0.03148762643620334,0.059834877499762205,0.33276284358059616,0.2329512774225882,0.11281305002555764,0.6737436004131685,0.7277620545304418,27.948778333096392,14.033445085004216
73937,Hau Giang,VNM,2018,2018-02-10,0.04738733922453262,0.37050333851230366,0.029841168915833653,0.0670863794970174,0.3139414562769411,0.1891871647286199,0.08041716372345922,0.7550336690897774,0.7706898723908029,29.322010611461604,20.81078330045802
73938,Lai Chau,VNM,2018,2018-02-10,0.04261897553341312,0.2706867664925434,0.02194084073043958,0.049338266136111336,0.3079561806644172,0.20356281836899326,0.09110095668432305,0.7243699106109661,0.6861214510926988,25.83606207206457,13.674769395270639
73939,Lao Cai,VNM,2018,2018-02-10,0.10635603175862803,0.26088498554622525,0.09447528366241661,0.11206285133300706,0.2950358715767925,0.22756882609841558,0.1304472491632393,0.5136674686036333,0.4800110633928154,24.84989795918377,9.156901150183549
3326,An Giang,VNM,2018,2018-02-10,0.04540008656919766,0.3799435291765631,0.027775362411746652,0.06735661277845005,0.32118613322801254,0.19351382803722783,0.08154983596128479,0.7605690111672907,0.8056521038185751,28.458131891168,21.012756532973864
3332,Ben Tre,VNM,2018,2018-02-10,0.06120217838904055,0.23226308576698318,0.038047070403951534,0.06748621379657563,0.20553724014729824,0.12690086200778466,0.06066419377187651,0.5467831754012247,0.39384808294618967,28.78736367305131,21.33156759891611
3343,Dong Thap,VNM,2018,2018-02-10,0.057994263829223416,0.31560963050463803,0.035166763612413124,0.07180450369767462,0.2688496180741926,0.16671723464290322,0.07489024666292299,0.6417482892452372,0.5910308954624252,29.7346063168875,21.376863507089162
3351,Hai Phong City,VNM,2018,2018-02-10,0.5941347308353208,0.6147164695435,0.577601760962503,0.5903791209071303,0.5982457886469391,0.5227913071969087,0.3377433057937727,0.017433380373472033,0.02104462680280781,18.822251647842897,13.91748406362365
3352,Ho Chi Minh City,VNM,2018,2018-02-10,0.07236293983373639,0.22314310376634544,0.050436492032886866,0.07765984238694104,0.20777968567942634,0.15144033486874678,0.08868576751243402,0.49873612543143464,0.404795511393396,32.82890725454654,21.109585353194962
3356,Kien Giang,VNM,2018,2018-02-10,0.051766593436970335,0.30535334601398856,0.03198284462855355,0.06458331758841261,0.25957019191149905,0.15532705532436503,0.06840130996105495,0.6413284135539495,0.5873333222901654,28.965431589422906,21.80484662553828
3359,Lam Dong,VNM,2018,2018-02-10,0.04688089238010406,0.28835927847774917,0.0251161757019419,0.053262004869680114,0.3071961367730194,0.19276697623366537,0.08604277716510822,0.7210767671009667,0.6665332529019335,29.711905032149737,15.61013651397752
3362,Long An,VNM,2018,2018-02-10,0.05885784239870034,0.3717322114934208,0.0349133600954471,0.0764355087817472,0.3293570037726218,0.21087024269849114,0.09650733856332813,0.701394610818084,0.7855311488068745,30.032563197025368,20.569257732846296
3375,Quang Ninh,VNM,2018,2018-02-10,0.6256468408768509,0.6599522538566631,0.604865492877776,0.6201214726376925,0.6452438535215872,0.5461332517968042,0.35584461584278354,0.028542113004682353,0.03556539295789843,22.680473673874463,14.229456378339647
3378,Son La,VNM,2018,2018-02-10,0.059673151679568937,0.2351207289485333,0.03740025132938046,0.061109652517033236,0.28066770322522977,0.21014193366377074,0.11001075903857133,0.6001591872704405,0.6266025684498608,28.42916527389673,14.174942540748374
3379,Tay Ninh,VNM,2018,2018-02-10,0.0665673456962286,0.3433281395246714,0.039389904091623594,0.08102589314897754,0.3387379766311617,0.2321668256950422,0.11354142048949666,0.657448098582792,0.840382105028411,32.39403996320823,19.97722292021461
3380,Thai Binh,VNM,2018,2018-02-10,0.5146037944063678,0.5372527610705332,0.4970098878882793,0.5099769557436482,0.5236521290796675,0.47199794885708435,0.3270036513074627,0.027226796922185922,0.0324204975075969,14.506843028513758,13.469858079703044
3382,Thanh Hoa,VNM,2018,2018-02-10,0.07047653882171918,0.2144573732974996,0.05238577963536853,0.07491739977895769,0.2240760404426287,0.16101353430483467,0.08464550529001671,0.5549280282496648,0.3854782527875006,25.551816435630666,11.679769576192024
3384,Tien Giang,VNM,2018,2018-02-10,0.053551959564703676,0.3062868030029733,0.033300243653940916,0.06618642562081505,0.26425178534811455,0.16166911163612357,0.07469898865646496,0.67574661206857,0.605306539925842,30.180334446354955,20.23331024052467
3333,Binh Dinh,VNM,2018,2018-02-18,0.15985916892623447,0.3560149150777413,0.155529642180905,0.1712909239539506,0.34654030839370703,0.24803467637575385,0.1491703280985943,0.4525732483162181,0.5549325563653323,26.39741931126285,18.301564756167878
3338,Cao Bang,VNM,2018,2018-02-18,0.3462833240683447,0.4238955773528071,0.34012355037384173,0.3485983031919235,0.4333681452263409,0.3591877208532025,0.2417903818616551,0.18450745688191625,0.17925367353119348,25.28932538284267,14.992624414708828
3355,Khanh Hoa,VNM,2018,2018-02-18,0.12652339820819083,0.3400734416403756,0.11287495301538053,0.13602296254464433,0.3425933812520569,0.2373831311749597,0.13149822297004563,0.5111764044209062,0.5444659659712512,28.143790566590535,17.852038182680126
3360,Lang Son,VNM,2018,2018-02-18,0.6050384958893953,0.652254332760622,0.5778799538318964,0.5965195396632834,0.6456521707691414,0.5403366865706707,0.3597012193880408,0.039670161035818295,0.0537642667846191,23.74949346531049,12.517256180157787
3370,Phu Yen,VNM,2018,2018-02-18,0.23467192073036938,0.387984388917425,0.2344493407791322,0.2455108565698939,0.3817664492338815,0.2854852024961708,0.1765586068855538,0.2934733866950158,0.3164802908239541,27.36328574568061,16.719369135780727
3371,Quang Binh,VNM,2018,2018-02-18,0.39447329264215236,0.47823232810778266,0.3673017321535258,0.38834121648969133,0.4931829329264662,0.433547716652671,0.3051299898532403,0.15940414431354302,0.1923503805735589,23.46048355211814,15.353333247730223
3374,Quang Ngai,VNM,2018,2018-02-18,0.06745619886735006,0.32045607267636256,0.05249263735508976,0.08149488362041683,0.3155205151142378,0.2027227233469032,0.095535595734056,0.6890996090200232,0.6524611681689304,26.915046136539846,19.09997198994687
3376,Quang Tri,VNM,2018,2018-02-18,0.34396959924816284,0.4508498300025007,0.3214058588554141,0.3431514890607756,0.463400098715256,0.3980310317408584,0.27181452340762086,0.24056919256188364,0.26925581886062466,28.750826835568414,17.72720929528139
3383,Thua Thien - Hue,VNM,2018,2018-02-18,0.11032154377858858,0.26831007236179605,0.10197404288945049,0.12031314073700608,0.2794168694888551,0.21121547082423944,0.12297483049823503,0.5065393737145399,0.42117965183242556,26.88258663412,19.443849849872258
3327,Ba Ria-Vung Tau,VNM,2018,2018-02-18,0.07517033718623227,0.27058652159994423,0.041043100297651736,0.07597286853989094,0.28327277104166393,0.2100437202190119,0.11751454464774068,0.530929531751992,0.626825762013703,36.00014631018015,22.54056389076418
3336,Binh Thuan,VNM,2018,2018-02-18,0.07449639026402921,0.2807213664840138,0.036593239470625503,0.0688848301132566,0.3088696958288352,0.2316216408433492,0.1294589047923216,0.593736929886068,0.5817532893817563,35.90327525865191,21.07255580130523
3342,Dong Nai,VNM,2018,2018-02-18,0.05505374167338296,0.2662719708357287,0.03184887884935626,0.061818966866454966,0.2742517153639786,0.1845619778388128,0.09172794090481216,0.6398397581306293,0.6195103842228139,35.4948188554111,21.63499843573701
3344,Gia Lai,VNM,2018,2018-02-18,0.07826676141770053,0.27009210790441623,0.050938794382826766,0.07563647397902036,0.29809829196518006,0.21923300183805722,0.12026649623254952,0.579414929648473,0.6570468873822962,33.55903434365175,18.12815096132017
3345,Ha Giang,VNM,2018,2018-02-18,0.21751433655285424,0.32559475295686463,0.20912566894321574,0.22115609520220775,0.3487708818125639,0.28934682297484593,0.18826350791062643,0.28441143117966344,0.26457064189602836,26.529331537587467,13.42545074946383
3347,Ha Noi City,VNM,2018,2018-02-18,0.5627804753657134,0.6031569170939567,0.5271410001948386,0.5515917790085964,0.6163628115818002,0.5667083567905965,0.4105884103661689,0.03508997633988687,0.06228780916389546,12.144220546342009,11.367682668043162
3348,Ha Tay,VNM,2018,2018-02-18,0.4898784087901167,0.5280354280430909,0.4644010317460657,0.48234768772052156,0.537005366660313,0.49428807800812014,0.36258567644651724,0.04126939094891362,0.06202211135372205,12.678643570841142,12.957176365930069
3349,Ha Tinh,VNM,2018,2018-02-18,0.4213018430994303,0.4840690016524147,0.39408714223876645,0.41528606663945283,0.48908426773723895,0.432829480467395,0.29925634588927214,0.09571324998347011,0.13237563930182414,21.92992637383976,14.158166682426105
3353,Hoa Binh,VNM,2018,2018-02-18,0.48743778441198254,0.5439322282226731,0.4622886138574989,0.4806093818271955,0.5564869084342474,0.4917706483462282,0.3426187261189205,0.0736018981387987,0.09436137080301849,24.258479278873452,13.294821605511384
3357,Kon Tum,VNM,2018,2018-02-18,0.043606951826054244,0.2721217237148707,0.025965840548636765,0.04986640245733687,0.2862170468340839,0.18071640831166963,0.0794441770074266,0.7275497888537924,0.633699126132028,30.020735924683013,18.000330697674247
3366,Nghe An,VNM,2018,2018-02-18,0.4645485016019386,0.5304765628269008,0.43443942540088465,0.45626183242272056,0.548622913486782,0.4922198580970369,0.3451575731592027,0.07819160490186564,0.1185450657781417,23.153888633059317,13.372778458499397
3367,Ninh Binh,VNM,2018,2018-02-18,0.5638583608097318,0.6106775913541237,0.5162597400162745,0.5471597976679946,0.6285596981549463,0.5758585201246844,0.4050324069862041,0.03985488427191132,0.06886278723583873,13.185865948982002,8.53000000000003
3368,Ninh Thuan,VNM,2018,2018-02-18,0.08773597850668421,0.28654751696269476,0.05510549101766933,0.08580552117293372,0.31265116669824033,0.23418289552623867,0.12952378902469147,0.5579463148894442,0.640367816470863,32.21051258419791,19.844960069798578
3377,Soc Trang,VNM,2018,2018-02-18,0.08084056674811238,0.3114814668723821,0.04431616242070336,0.08682487741447817,0.2869983707691373,0.1976688781415518,0.10109334538207883,0.5459037968596103,0.5873086266793065,27.571970838686944,22.31938518102485
3386,Tra Vinh,VNM,2018,2018-02-18,0.06820141691826988,0.28784040673597394,0.03699877366038014,0.07732140398782732,0.2562170397068055,0.16369599930216683,0.07943712403951733,0.5575978918448246,0.5271705657721291,27.94498241961191,22.803033106753354
3387,Tuyen Quang,VNM,2018,2018-02-18,0.33394289326479776,0.41462288610685066,0.3317541465971783,0.3386614852957894,0.41438726844661433,0.34187064286474406,0.2262279181382085,0.1821465516401351,0.15968818522861555,26.331097112842766,15.912759763620391
3388,Vinh Long,VNM,2018,2018-02-18,0.07774429970697565,0.33049065428713637,0.050709158124569,0.09172505486753617,0.3038339694850512,0.19302762418075323,0.09139494260884853,0.6068157355432401,0.5780852461552711,29.15756677671432,21.58996058384342
3390,Yen Bai,VNM,2018,2018-02-18,0.2904098754248915,0.3789903927340521,0.27902150069809306,0.2919214588204583,0.38978786986647346,0.32187836715646045,0.21120589299744785,0.2719183974273911,0.21230256553544102,24.8987705172073,13.412702373789768
3328,Bac Kan,VNM,2018,2018-02-18,0.4249339732936077,0.4918731529734712,0.4210944709475062,0.4277056844625768,0.4830429425348457,0.39038926489545667,0.2563087318184592,0.12891396128351817,0.12024517701855997,25.5601502813728,14.46928214677214
3329,Bac Giang,VNM,2018,2018-02-18,0.5763026414328091,0.6289294186541757,0.5445942729005205,0.5657866201652254,0.6293875969055546,0.547281474656638,0.3665520796227322,0.04626763424297052,0.0657445026729369,12.392760067806826,12.90037940053297
3330,Bac Lieu,VNM,2018,2018-02-18,0.09724109589041136,0.23905275984062155,0.06773075070327117,0.09971611888908283,0.2157729733067505,0.15768032655895517,0.08806557734800896,0.37293215236919186,0.3464060869671893,29.61649364759443,23.449962081784324
3331,Bac Ninh,VNM,2018,2018-02-18,0.614959117849266,0.650676988956403,0.5766027771123068,0.6023888953393126,0.6559505101716756,0.5841427194819034,0.39684918273361164,0.028371043466173834,0.04282600882614593,11.679982556270557,13.607655608955593
3334,Binh Duong,VNM,2018,2018-02-18,0.07103078781024048,0.2815793305048026,0.04130848122565962,0.07530097578247312,0.3092785924593299,0.2404164829328535,0.13502366300113583,0.5954791401562587,0.9251878339741425,37.08852790915414,20.763031840296083
3335,Binh Phuoc,VNM,2018,2018-02-18,0.04075333461056609,0.296822608917258,0.02224417962754826,0.05138140917690162,0.2975515906408902,0.18842757836009055,0.08059563946775082,0.7539185233629861,0.6994866723305311,34.693671876268716,20.632385110976198
3339,Ca Mau,VNM,2018,2018-02-18,0.12850059535086494,0.2281286230217609,0.11311164228650988,0.13390856838412876,0.2095478263518059,0.1552049155612927,0.09617258556340717,0.2995548203285255,0.20412751529479697,28.946087025703207,23.23865115572352
3340,Da Nang City,VNM,2018,2018-02-18,0.13993988900041301,0.31100565277106923,0.12985021627884302,0.14918292398928765,0.3172706478299025,0.24165379511535975,0.15035139716337445,0.44938017112863754,0.44726153494520227,28.805460464159026,17.63165352862495
3346,Ha Nam,VNM,2018,2018-02-18,0.5296592429922166,0.563282764335712,0.501464007416831,0.5204001292230322,0.5646576454314727,0.4999350225108419,0.3463723414028046,0.030972880409772245,0.041231532212015566,13.62245534954161,13.045504198187725
3350,Hai Duong,VNM,2018,2018-02-18,0.5583151076526905,0.5973556317479567,0.5275241649126257,0.5483816271749544,0.5968319456929868,0.5332638052112967,0.36096690055113473,0.03385014900104439,0.04534089095803761,12.120124283414393,14.54688706745774
3354,Hung Yen,VNM,2018,2018-02-18,0.5316649140236003,0.5687439927559494,0.5023467988911846,0.5223494150814165,0.5784017107824492,0.5283964933381675,0.37458280246014586,0.03391574623722783,0.053316198555220864,12.03721714952826,11.825593014057104
3364,Nam Dinh,VNM,2018,2018-02-18,0.53942891104539,0.5746009235508088,0.502150271872376,0.5263145790822505,0.5841508931852304,0.5445669133328523,0.3943516566964393,0.030701853594777343,0.05282764047131468,12.740454263488967,8.53000000000003
3369,Phu Tho,VNM,2018,2018-02-18,0.5383445222482374,0.5844124776609317,0.5153751602172794,0.5331041834946779,0.5806151726049219,0.5039774060511129,0.3497499414022428,0.05943117371919781,0.07112648610861261,12.116393477936693,14.803931239227412
3372,Quang Nam,VNM,2018,2018-02-18,0.09983782683089558,0.325608001804196,0.09012166307128375,0.11271940325819522,0.3306190257874081,0.2256070408081806,0.12074436380813719,0.5886596596061189,0.585748764985861,28.063001355021388,17.100675404564324
3381,Thai Nguyen,VNM,2018,2018-02-18,0.695531742626145,0.7270309187358783,0.6661319836215773,0.6865875196034069,0.6998383510505307,0.566651378681844,0.35714169496517945,0.022335965947044054,0.02631351421014073,12.241556258651396,12.734681780847444
3389,Vinh Phuc,VNM,2018,2018-02-18,0.6133326356508978,0.6532110600790269,0.5786668831925843,0.6024924638572747,0.6567626390693843,0.5916954945834507,0.4188746694971809,0.03293537800800147,0.057564634199983325,12.441438582347581,13.263667378116908
73933,Can Tho city,VNM,2018,2018-02-18,0.08890178372667083,0.4163479382827963,0.06847045723794778,0.1128920110782949,0.3575493328502706,0.21833887273323416,0.10209457332294264,0.6364021684871246,0.6940709766355169,28.36472298391326,20.637581417577042
73934,Dak Lak,VNM,2018,2018-02-18,0.07730913778192693,0.26386652089905643,0.04774183652729823,0.07436113408755811,0.2940219587559891,0.22120835445503073,0.12526958231527965,0.5626727319227524,0.7697694155367747,33.709790350280365,18.077604687513517
73935,Dak Nong,VNM,2018,2018-02-18,0.050978342347648684,0.25653813338842346,0.02756862392687161,0.05240596171132057,0.2782296898943698,0.18588016038961133,0.08895300427668791,0.6678713153997585,0.5824875759118515,33.85242587859341,18.303580453770422
73936,Dien Bien,VNM,2018,2018-02-18,0.04362625999615731,0.22602584956396754,0.02584631631055813,0.04674388443186843,0.26246529419844383,0.1821552847853472,0.08512307654192719,0.6758064459092443,0.5500913596270381,28.356468243149465,16.203316734092766
73937,Hau Giang,VNM,2018,2018-02-18,0.08873241264434813,0.40319442991588106,0.07439999839174279,0.11045580491839536,0.3488053232740666,0.21934691786113242,0.10763430849245952,0.6485463904203075,0.7159868958471669,28.604962419778058,21.280652117316126
73938,Lai Chau,VNM,2018,2018-02-18,0.03511013406650737,0.2203561611474704,0.0184703918017658,0.03996332061180058,0.24949111130406781,0.16397388547513667,0.07073775171967998,0.7259001159198237,0.52181195286222,26.506687278622834,15.209317735241484
73939,Lao Cai,VNM,2018,2018-02-18,0.15368310542186556,0.27174022604570164,0.14393399029046447,0.15751056497255103,0.29572516706863206,0.23893825452247494,0.14785331773648194,0.393463565780981,0.3193405181606213,26.576041930157594,11.8118050114532
3326,An Giang,VNM,2018,2018-02-18,0.059232022834493296,0.42157881969268407,0.039224777017086335,0.08385426679936885,0.3598507274040008,0.21867574734180753,0.09487331669034094,0.7415849743255305,0.858221500119454,28.944210763931427,21.359852897249326
3332,Ben Tre,VNM,2018,2018-02-18,0.06564557080352303,0.27737262219265824,0.03658745887227185,0.07428888099404522,0.2486878139302839,0.1511904410656203,0.06841407138705308,0.5609489773771891,0.4804145322982823,29.119599882367638,23.198749596167644
3343,Dong Thap,VNM,2018,2018-02-18,0.07686249596846677,0.3526705280302819,0.05148283062684457,0.09591637630178143,0.3077898506816331,0.1961668074278848,0.09038177510268064,0.6063625874741261,0.2076444482150412,30.985686788520212,22.12869438726597
3351,Hai Phong City,VNM,2018,2018-02-18,0.4686745120882982,0.49969193418138524,0.45090896994257346,0.46488699932794514,0.49727077278452675,0.4549211261172419,0.32200767874892855,0.027491342466080954,0.04220368654496906,14.185968033509758,12.427351540078618
3352,Ho Chi Minh City,VNM,2018,2018-02-18,0.08006382389647514,0.2526399912431834,0.05252402498534502,0.08569277923912046,0.2409511042595797,0.17236152776098623,0.10245915736537642,0.5030522777001883,0.4994643736115006,35.4935965653243,22.69086447233308
3356,Kien Giang,VNM,2018,2018-02-18,0.0741839603546373,0.35472718994190616,0.05148552213237838,0.09110144532859624,0.31300227065120545,0.19610253866179045,0.09163090424719178,0.602626798287799,0.6385185300336375,29.297724001175148,22.036570826440567
3359,Lam Dong,VNM,2018,2018-02-18,0.040369523687751006,0.24767038383774828,0.021675370254042148,0.04524249342597073,0.26236796998876577,0.16316534772246347,0.07241149815713412,0.7188659295072182,0.5498346050478198,31.067474359551753,16.988987455401237
3362,Long An,VNM,2018,2018-02-18,0.06508208178957088,0.3651641282442553,0.0379870114342155,0.08169595036945496,0.32710565858712515,0.21168401810720247,0.10006707811253585,0.6751096142500759,0.7413867082007228,32.153678981109806,21.745930946987993
3375,Quang Ninh,VNM,2018,2018-02-18,0.5647093598160893,0.6104039704162082,0.5362113596327976,0.5558621434642425,0.6104358435439192,0.5379056299345326,0.37475172187468536,0.04032187679102386,0.05834218058553679,10.88097545225354,12.921294936575329
3378,Son La,VNM,2018,2018-02-18,0.077924528227198,0.22612090248533487,0.05888306088765997,0.07859407443371225,0.2633768806514032,0.20433861730929348,0.11316031160884778,0.5535900107731292,0.4783163748288868,27.985100338314286,16.539279072478315
3379,Tay Ninh,VNM,2018,2018-02-18,0.06061438416758087,0.31615434993917296,0.035881964620360036,0.07184045149689915,0.31951913275376154,0.22242057801382623,0.11096910051009695,0.6636478048414993,0.8646617452960269,33.48724397398998,21.420143320179243
3380,Thai Binh,VNM,2018,2018-02-18,0.47193617361026724,0.49884796743298687,0.4537765779555007,0.46668771986367336,0.4937262785729015,0.45775349437917795,0.325780915692359,0.02766235105133246,0.045000026796990104,12.950327570197361,14.204734157790199
3382,Thanh Hoa,VNM,2018,2018-02-18,0.48583772601912384,0.5475493433063566,0.4538677455854096,0.4767275692889591,0.563171034087474,0.5040416991304976,0.35266801300058237,0.07268859287501918,0.1197296336442027,22.369099651920678,12.874361595920425
3384,Tien Giang,VNM,2018,2018-02-18,0.06676764959185931,0.3435174227846179,0.040991829591811565,0.08187360821733027,0.30409768086480177,0.19064594191547274,0.08909624857694852,0.6518484515053417,0.6579150053871302,31.51712701421677,22.477975105268193
3333,Binh Dinh,VNM,2018,2018-02-26,0.034310024214494646,0.2695026088938897,0.020641473009703187,0.044945863646931476,0.25386304117149955,0.14788627386345485,0.0623251061723694,0.7801675295378725,0.6050770945354021,29.687328299207635,20.261279864269945
3338,Cao Bang,VNM,2018,2018-02-26,0.067820482982798,0.21675694895577513,0.052999260044638605,0.07282346305658742,0.237298064847758,0.1739941349672985,0.08898455209307751,0.5780042043167165,0.4172892547776598,29.5684957139925,18.389020753552824
3355,Khanh Hoa,VNM,2018,2018-02-26,0.08098592591869784,0.2962103841039632,0.06395552542170259,0.08842782816914171,0.2972874011086853,0.2028591982823098,0.10723013761945559,0.6221821943359768,0.5968579531179989,30.07881816239387,19.668071351638503
3360,Lang Son,VNM,2018,2018-02-26,0.3145082735828688,0.4218441161927482,0.295576847855593,0.3139042925487089,0.43354985600066137,0.3663769486409954,0.2464276876505349,0.257301085403485,0.24541219440063014,30.254132753341956,18.821432550940695
3370,Phu Yen,VNM,2018,2018-02-26,0.05628366155455691,0.2805495180896044,0.04038254135093909,0.06613284649712381,0.27346039918497034,0.17715917063227665,0.0848444256920317,0.6926035701527185,0.6050508310865581,30.1450217994729,19.95923335703595
3371,Quang Binh,VNM,2018,2018-02-26,0.0655246500510368,0.22231547097565066,0.05966372831864551,0.07535491075654399,0.23596360395555796,0.17145859210445985,0.08678557940941717,0.6152144408726226,0.43534559804797507,30.8830129164044,21.54997165443061
3374,Quang Ngai,VNM,2018,2018-02-26,0.03155240369351594,0.2644298758805345,0.019641086510241948,0.04411049157125299,0.2504405525550388,0.14883831765201475,0.06070391701718695,0.7897868986239367,0.5956406772133988,29.956484951911314,20.469471135734253
3376,Quang Tri,VNM,2018,2018-02-26,0.06846281626974816,0.24646976368772602,0.06065828662257719,0.08007119077902101,0.2524550737402172,0.1804453942160647,0.08937931188215088,0.6278140502755712,0.4830161392627684,30.701495302595752,21.25870364304529
3383,Thua Thien - Hue,VNM,2018,2018-02-26,0.04530256830031866,0.2233360579083404,0.03848994775297086,0.05740508165999629,0.22535708159999904,0.15015911995119913,0.06844010205588077,0.6888422397772476,0.462408885979682,29.988081776058536,20.638368508332167
3327,Ba Ria-Vung Tau,VNM,2018,2018-02-26,0.08078153245416259,0.2787537122303826,0.045483578603323215,0.08081943956034292,0.29076009763445115,0.2189169752002272,0.12403433027523784,0.5150247018355508,0.6472794263541631,35.280554496592956,21.70307314552125
3336,Binh Thuan,VNM,2018,2018-02-26,0.08534365021525626,0.3135271981153652,0.042118976085422574,0.07931699251376265,0.3461590729290322,0.26480941999148583,0.1490017670902892,0.5815474103993205,1.2307053303637632,35.30470634404979,20.9451280647349
3342,Dong Nai,VNM,2018,2018-02-26,0.060526162240295715,0.2681046825870065,0.036389827529912676,0.06621525833945587,0.27698419110064365,0.1906197677754109,0.09717258485911417,0.6072921871211966,0.6120642174927159,34.005151661615876,20.800075413415648
3344,Gia Lai,VNM,2018,2018-02-26,0.07420355870003985,0.2869746260608722,0.04108950176953586,0.0710131544026341,0.3176407182687358,0.23470648921312703,0.1260198143725797,0.5977507784856372,0.7460501182793285,35.07236831950221,19.76244158629727
3345,Ha Giang,VNM,2018,2018-02-26,0.11465544280798032,0.2644828970765983,0.10114596381340965,0.1193549821400433,0.2942736314040771,0.23104550302051008,0.1336193689561546,0.4765297790755235,0.47576965486560413,28.930943479729144,17.671296285844893
3347,Ha Noi City,VNM,2018,2018-02-26,0.2670603995061502,0.33106031931902685,0.24174831357375,0.2633787730293201,0.32946732800645506,0.30375514602574427,0.22719996827762048,0.13598723573408394,0.1518695052508118,30.647303927706684,19.3668316948273
3348,Ha Tay,VNM,2018,2018-02-26,0.12885008346427576,0.22985786270527986,0.09662271541501825,0.12691000468058522,0.2246382431871125,0.1894270811626806,0.12463540009130664,0.3186039335182268,0.28057507588102876,32.061461050012994,20.7230481869455
3349,Ha Tinh,VNM,2018,2018-02-26,0.04575460402816751,0.21262876793977772,0.03034734137476639,0.054956039302946506,0.22277583774018925,0.16047120458169026,0.07739025765440213,0.658432559319182,0.4792421419487544,31.413809976891848,22.240813207203097
3353,Hoa Binh,VNM,2018,2018-02-26,0.05543001739371797,0.22179624635572712,0.03763887068631285,0.06097482871872541,0.24854285712885685,0.18503281254103998,0.09591437910726758,0.6054196375713806,0.5839230245940688,31.960730108850772,20.385791649369175
3357,Kon Tum,VNM,2018,2018-02-26,0.06085098999709036,0.3219533212415332,0.03818910739755509,0.06811331455978557,0.33780278270137737,0.22021844706384405,0.10256026401951145,0.6906209552300586,0.7722175689156804,30.265343763147186,18.53720058644822
3366,Nghe An,VNM,2018,2018-02-26,0.04150147373948047,0.23719007040498685,0.026467365538311857,0.05048854468524432,0.25336334786735265,0.17198704469209272,0.07798068083107898,0.7118752385931627,0.5579014318179325,31.63710349669006,20.499884225591565
3367,Ninh Binh,VNM,2018,2018-02-26,0.10801807966016422,0.2218393720262838,0.08025902763452583,0.10823042465397185,0.22815758694625332,0.18915297474142467,0.12074365417837324,0.39148343008440123,0.3298326760957094,32.48297143714486,22.25821940414145
3368,Ninh Thuan,VNM,2018,2018-02-26,0.08457069727651115,0.28904317658824624,0.04738017678056195,0.08040612870519499,0.32007799346712656,0.2459504323643871,0.13775580704702928,0.5691449615463623,0.9116580829924404,33.3358655673838,20.518222693773485
3377,Soc Trang,VNM,2018,2018-02-26,0.10000620336608267,0.32243934970764543,0.06489026805482653,0.10444277763726628,0.2995596293368704,0.21316737243241637,0.11432360627027092,0.49614653549791454,0.5576828851366383,34.01198861970427,21.3307985096239
3386,Tra Vinh,VNM,2018,2018-02-26,0.09828767353368434,0.3175875647110091,0.06592711548929364,0.10607086083653622,0.2884569445329327,0.1958078191123402,0.10406290334238769,0.4924873971468011,0.5141418566167192,32.72263866090107,22.050121920810096
3387,Tuyen Quang,VNM,2018,2018-02-26,0.15411076239385338,0.28343618388965763,0.15398962331606067,0.16335895983987483,0.29567525897126923,0.23273491963709367,0.1407655734266415,0.3581867351087018,0.3100032204352234,30.22562293321575,19.661512733407335
3388,Vinh Long,VNM,2018,2018-02-26,0.08828613290087815,0.3517850727038019,0.05562298035061234,0.09980818114665455,0.3329638788037783,0.22102732230731828,0.1074016868190027,0.5813362198396198,0.6256147200441023,33.07535451732175,20.94756290120328
3390,Yen Bai,VNM,2018,2018-02-26,0.12381737213967679,0.2635867346707852,0.11632197724530162,0.1311365113365638,0.2860726358411479,0.22285083815787973,0.12886486825714827,0.4410951467050157,0.31263060117061414,28.63995861705694,17.976618685131452
3328,Bac Kan,VNM,2018,2018-02-26,0.09810485826396279,0.2464185167305362,0.09423036081690375,0.10693977881636187,0.25408703194781823,0.1835844251618759,0.09764831870244348,0.5094054293614312,0.3574566419056428,29.076409271427668,19.175403647112105
3329,Bac Giang,VNM,2018,2018-02-26,0.3631303324926986,0.44843419153661246,0.3413026792205781,0.35938469233543274,0.45909097560833406,0.4059215869696377,0.28686644390010047,0.1596556832521948,0.1885063635789601,30.588670725576893,20.182505926892354
3330,Bac Lieu,VNM,2018,2018-02-26,0.08603769134747045,0.2364167765327759,0.05236248809393539,0.08784714975463194,0.21363555284074406,0.1544339606079346,0.0832738302106413,0.3977847990351433,0.36458958100729716,34.09909484015501,22.95750639886643
3331,Bac Ninh,VNM,2018,2018-02-26,0.5212949616855882,0.5667761545858618,0.4770341538125526,0.50712730769531,0.5698802104423337,0.5225779600487173,0.3720392080611238,0.051609776329712406,0.07402707258790238,25.23916130982773,18.910171868164273
3334,Binh Duong,VNM,2018,2018-02-26,0.06874880711089423,0.2816356835391019,0.040170566946503956,0.07296428704977312,0.3050834816602643,0.23587303659432698,0.1315490563265981,0.6109668454694622,0.986488757195372,36.005939703077594,21.11559477673681
3335,Binh Phuoc,VNM,2018,2018-02-26,0.053279718013682364,0.32000976106271045,0.03410615413385666,0.06458503989779599,0.3194808485587362,0.2057853110576934,0.09013061915045434,0.7165014813771748,0.718893762969218,33.874129383221074,21.07494288311786
3339,Ca Mau,VNM,2018,2018-02-26,0.07749953862590014,0.2049980418751893,0.049525481274083405,0.08144760446676105,0.18367502084072576,0.12126645556757083,0.06157689598043189,0.4188865909714557,0.27209373963316147,32.60360144842802,23.02420680864508
3340,Da Nang City,VNM,2018,2018-02-26,0.05042103813844355,0.22865899025995018,0.040253741493306405,0.060810288852516985,0.2269614529059947,0.15216767267704656,0.07667569017989195,0.6756225204699796,0.5040645071359175,29.520900055130436,20.1743098297817
3346,Ha Nam,VNM,2018,2018-02-26,0.17249739691261717,0.25834262687881404,0.1444242654607262,0.17049255671102517,0.257822431467343,0.2297866744701432,0.16438915320284755,0.25574892712181746,0.21997242100398318,32.33504285209317,21.578445090265593
3350,Hai Duong,VNM,2018,2018-02-26,0.4345510054533487,0.4908870926741701,0.4013368945271151,0.4276545465488266,0.5021355640994621,0.49022123251132466,0.38352438415195605,0.06575381957614772,0.12422445812259768,27.359416929202837,19.792742160627526
3354,Hung Yen,VNM,2018,2018-02-26,0.44088986658648416,0.4972895784753902,0.40018879658590234,0.4296144122366613,0.5092858552389149,0.48894182131019737,0.373153692921919,0.06320908533539853,0.11905916300463994,30.512688884435896,20.7155068084601
3364,Nam Dinh,VNM,2018,2018-02-26,0.31873512712780544,0.37737119724275586,0.28439134775915015,0.3094391593696728,0.3856746179785489,0.3692729683713527,0.28174662073626416,0.10989875647491353,0.13421445116206973,30.05587478355697,21.774864785913987
3369,Phu Tho,VNM,2018,2018-02-26,0.14148611757355406,0.26923133444617864,0.12835090307089614,0.14765617139832563,0.28331264095968023,0.22977999049954154,0.14160080910849862,0.37999723121561035,0.35373522217338677,31.309267332607543,20.107309576298405
3372,Quang Nam,VNM,2018,2018-02-26,0.035354160429419065,0.24662654714578275,0.029530330829027673,0.04834685526914433,0.23777713289022212,0.14008797445344115,0.05540840298158995,0.7685757975863566,0.6973871621581826,28.997862863207413,20.110984124865386
3381,Thai Nguyen,VNM,2018,2018-02-26,0.3130323479211956,0.39090871746915473,0.30567036909635137,0.3160748697118426,0.39108793398167147,0.3440656005794206,0.24688530865052677,0.14264248373746066,0.15747522856383553,30.12529261124652,17.109113374263526
3389,Vinh Phuc,VNM,2018,2018-02-26,0.12880300708001544,0.2481800947427145,0.10631201521258184,0.1305295772606944,0.25200121925917107,0.20944077295933294,0.13420345997969993,0.3587496975650816,0.3349886201845717,31.67627185169589,19.526742184816023
73933,Can Tho city,VNM,2018,2018-02-26,0.0946760030664369,0.334752965737459,0.06130097372452186,0.10279968791498834,0.31011847748524557,0.20835537714691904,0.10966068142755321,0.5484320346355722,0.5659138541481485,33.83501314228676,20.73532515466092
73934,Dak Lak,VNM,2018,2018-02-26,0.07986763640818353,0.2979309861317327,0.04860262730658959,0.07975317327806698,0.32565210852965565,0.2421130236737788,0.1308256927909963,0.5753809825147517,0.6027079610310699,34.81704607821615,19.897223464369727
73935,Dak Nong,VNM,2018,2018-02-26,0.07270574886945573,0.3027005307200973,0.044005153375222227,0.0745535871993053,0.32506644230874565,0.22511832379889146,0.11273624808321239,0.6180884536623464,0.6625236627281804,32.73658149045861,19.074059332581665
73936,Dien Bien,VNM,2018,2018-02-26,0.04959498157282612,0.2562538689846677,0.029287341502026686,0.054043648931506705,0.2950259513883293,0.20714696991676998,0.09962832683090272,0.6744649805366696,0.6785422507479202,29.66780670102628,16.514158170568898
73937,Hau Giang,VNM,2018,2018-02-26,0.07189624477675376,0.3993980379261524,0.047604249704913205,0.09211297335175195,0.3539054462483091,0.21936748505900214,0.09871592008110212,0.688185715510638,0.751014106351973,33.278892435860364,20.838174395341625
73938,Lai Chau,VNM,2018,2018-02-26,0.03907489625397071,0.24964116025078642,0.020483104047347274,0.0456116416413239,0.28043574635852203,0.18605320616181975,0.08290120685898637,0.7287008783704592,0.621776592352205,27.839468725731646,16.176084746864895
73939,Lao Cai,VNM,2018,2018-02-26,0.07349074273981204,0.24329717206226978,0.05927952170758601,0.07981680557405521,0.2741329957999048,0.2061055125847033,0.10858703380199455,0.575672324956039,0.5378205295317887,28.76498463081934,17.116343781617722
3326,An Giang,VNM,2018,2018-02-26,0.05686009944999901,0.3898569016865076,0.03589737809687939,0.07755316242413336,0.3257728061893029,0.19575026698733664,0.0833517985588064,0.7282199605691372,0.7589695429870967,30.23952475790268,21.1368912070726
3332,Ben Tre,VNM,2018,2018-02-26,0.07716636128738032,0.28449481485120964,0.047939650720341793,0.08456599556292943,0.25956517277740254,0.16608428405313017,0.07969600513179442,0.5359744681789312,0.4778173267321802,31.90544651703935,22.241749650463493
3343,Dong Thap,VNM,2018,2018-02-26,0.07503355936372876,0.31852315072352116,0.04424381076704272,0.08791401225019323,0.2876414227104708,0.18904710327584545,0.08992659596241369,0.5886036380164293,0.5619910301564663,32.48738724643647,21.729543660144785
3351,Hai Phong City,VNM,2018,2018-02-26,0.41380487455615256,0.45805853565454235,0.38974543430814995,0.4095457649706965,0.46177799242896694,0.4369226634633325,0.3332495211094163,0.05662116642533347,0.0880368567176656,23.89120071379256,18.243339628028814
3352,Ho Chi Minh City,VNM,2018,2018-02-26,0.08451097978562724,0.2525267786139092,0.05660350065531598,0.08867996451996255,0.24171407708792006,0.1787686480448649,0.11163716278755519,0.4925307242386802,0.49561161119457303,34.747471680096595,22.41693611829525
3356,Kien Giang,VNM,2018,2018-02-26,0.06443273759268614,0.29923560394371934,0.041187715120205214,0.07587796911648621,0.2596188162870826,0.16276267354871793,0.0760065712017182,0.5950975178770306,0.5298782714998074,32.177823755618526,21.88038493135764
3359,Lam Dong,VNM,2018,2018-02-26,0.05739059788527292,0.2905105541681358,0.035192217107216636,0.06364058715525246,0.3075283100888644,0.19927858184601854,0.09272859550796805,0.6800065290819362,0.6329420852549578,29.84329607173487,17.560344313827
3362,Long An,VNM,2018,2018-02-26,0.07937712350484455,0.3654832988326252,0.05069841147006402,0.0930796652639667,0.328998231416135,0.2176781837653735,0.10732271641047866,0.6323513766966354,0.7219943901206431,32.50887206867852,21.670262847169017
3375,Quang Ninh,VNM,2018,2018-02-26,0.5425066623780366,0.5922763089963371,0.5160800196789345,0.5365632175914028,0.5916218062840817,0.5285820043716305,0.3751117467528102,0.05368502916060859,0.07586061368975686,25.523416280471725,18.72646731987461
3378,Son La,VNM,2018,2018-02-26,0.055967881576598266,0.23469487875595624,0.032006183074790605,0.057371631653998494,0.27859239387968204,0.21291959408827804,0.11277606289504492,0.6152632466940029,0.6876034776581614,31.15571946551115,17.478963847368995
3379,Tay Ninh,VNM,2018,2018-02-26,0.06390067761326854,0.32986762973029043,0.038151791947304434,0.07562914377948643,0.32988557894549414,0.22997182090615045,0.11400476854307304,0.6658652704571154,2.2318149919204364,34.672602044445554,21.629800589748665
3380,Thai Binh,VNM,2018,2018-02-26,0.3635748155301569,0.41746046602660764,0.3313373416067395,0.3553304297889499,0.4242505936670836,0.4129854374302682,0.32628035525094573,0.07637037020560873,0.12516882475108007,27.45133031675465,20.982264758280856
3382,Thanh Hoa,VNM,2018,2018-02-26,0.07181058636938596,0.23949841650251158,0.05286608058537711,0.07760498107872711,0.25813132922004334,0.19310315854947172,0.10311254814641069,0.5862118457323403,0.49838277328092595,32.241000723173016,21.340468888597997
3384,Tien Giang,VNM,2018,2018-02-26,0.08037245512304537,0.35279991403760325,0.050908996298550876,0.09321474733568803,0.3188272977652192,0.20802474144939445,0.10250733752991495,0.6136141380596338,0.693937429294026,32.33925585179702,22.207329411357282
3333,Binh Dinh,VNM,2018,2018-03-06,0.09489696611670312,0.32600682050695895,0.08075910394986699,0.10506287164353198,0.3152196174830224,0.20615748641725568,0.11130384478585381,0.6082797792887599,0.5679766321388912,29.420345874478137,19.0876585461246
3338,Cao Bang,VNM,2018,2018-03-06,0.03825390974890591,0.20033854879687174,0.02323014218244826,0.04455989574539742,0.22358901528521782,0.1519592390675603,0.07179103449340295,0.6830978300365647,0.4598617374103038,24.293703966855375,11.04230227124189
3355,Khanh Hoa,VNM,2018,2018-03-06,0.07130178817006057,0.31699297358107403,0.0483121393009338,0.07932462516489083,0.32311252247587535,0.21614679176111787,0.10950307913684855,0.6525111797966533,0.6921697926480327,30.157955731549052,19.39389382706074
3360,Lang Son,VNM,2018,2018-03-06,0.033435057242974194,0.19819875919534177,0.021917780334817033,0.041039419458260916,0.2139144185989866,0.13806286457209538,0.060817096460306135,0.7150344618286277,0.43989000811570533,24.493602855057667,10.725078690055366
3370,Phu Yen,VNM,2018,2018-03-06,0.11811102706146193,0.32006295891305925,0.10372439246250571,0.1262180421367145,0.3189143271121153,0.22603259807785941,0.13095388138295894,0.5234240141046435,0.5379017611524702,30.15501921836044,19.20850326830792
3371,Quang Binh,VNM,2018,2018-03-06,0.278425868909556,0.39053474607687694,0.27269742066665775,0.28509975024795614,0.4006380600127704,0.3407096506012763,0.23133478501319865,0.24332404429813362,0.26550322318137515,25.30774569519489,15.701037512677114
3374,Quang Ngai,VNM,2018,2018-03-06,0.056753767937186464,0.30256864369532716,0.04177998261677147,0.06917113364736154,0.2936658951686823,0.1848734607457984,0.08843427888281143,0.7079519717436004,0.6473044014309495,29.944791497377263,19.93743458290528
3376,Quang Tri,VNM,2018,2018-03-06,0.21685279564099408,0.35187584123448445,0.20959846896245357,0.22455009987439678,0.35436030743203756,0.28446434334441906,0.18740187537189104,0.3359196239852752,0.3388803983071061,28.59175907091261,18.401035707981908
3383,Thua Thien - Hue,VNM,2018,2018-03-06,0.10993232586909071,0.2697224934257186,0.10787207608025438,0.12127329379415176,0.2676022082891322,0.19243854474282285,0.10898068004606885,0.5064199837396814,0.38818506642492573,26.993059208227542,19.789020923177752
3327,Ba Ria-Vung Tau,VNM,2018,2018-03-06,0.07707523656942493,0.26821986253917696,0.04125467952566434,0.07621988652451953,0.28380757080541147,0.21587332270453588,0.12442266267851426,0.5081411144396651,0.6384637177976823,37.27595765311945,23.020047413564022
3336,Binh Thuan,VNM,2018,2018-03-06,0.08302397553959201,0.2973197091225346,0.040451967521728006,0.07582171488847504,0.33180449655633354,0.2562733607736791,0.14689676766540924,0.5781378804177418,1.04339865365812,37.06329042034227,21.711053616398846
3342,Dong Nai,VNM,2018,2018-03-06,0.05734954884675208,0.26939473714405254,0.032132062670475595,0.06282882770039759,0.2806185199144032,0.19302529177187774,0.09874904081521489,0.6212293601530329,0.6640025827741179,36.63703483011993,21.66924486577506
3344,Gia Lai,VNM,2018,2018-03-06,0.06739586254567254,0.26592111400245305,0.03399667245600072,0.06253560436961886,0.300036658762164,0.2252342056584589,0.12571193286140225,0.6009237939390655,0.4981523105339535,36.33381190151532,18.46899224308114
3345,Ha Giang,VNM,2018,2018-03-06,0.09464168099094658,0.23999993191825203,0.07994123653403105,0.09927536700583356,0.2638732079408332,0.1978785075476668,0.11072366567215557,0.5423166012046846,0.4144839191352815,23.49102857230134,11.723018067377536
3347,Ha Noi City,VNM,2018,2018-03-06,0.08294000495417402,0.1822343659098004,0.049984494708531,0.08007246291957466,0.18156518282957743,0.154466754653839,0.10883933075572716,0.37170740965432975,0.31430284698533195,29.036316190865545,14.534767186392651
3348,Ha Tay,VNM,2018,2018-03-06,0.08135542435460812,0.18562941548660608,0.04800300216163217,0.07961676390786515,0.173254268945567,0.1387666005401818,0.08857712691880346,0.3922638208069298,0.2871379833832883,28.43900576424741,14.95878325828847
3349,Ha Tinh,VNM,2018,2018-03-06,0.39576678882778277,0.47151775897436554,0.38565231965128705,0.39897558838022384,0.4710461477721414,0.41683055717819534,0.290302967758724,0.1204791559623904,0.13819409426167698,24.6085890143433,14.523677970985954
3353,Hoa Binh,VNM,2018,2018-03-06,0.05818882952470873,0.21017370534014995,0.04248877762188642,0.06420952083580739,0.2295017008758792,0.1676137371169079,0.08854233855144902,0.5776568355628133,0.4435528663216269,25.929875058918974,12.864985194434228
3357,Kon Tum,VNM,2018,2018-03-06,0.046991097070901294,0.2827793786854234,0.02829980630937152,0.05374968108517513,0.29592314803521347,0.1898018288840732,0.08668248295559691,0.7181542146624156,0.682469867660094,30.46789460535948,17.168343873410915
3366,Nghe An,VNM,2018,2018-03-06,0.19782830489251035,0.3540439930783969,0.1834800197168826,0.20312194271696268,0.3723157298466636,0.29908919306537174,0.1935546095255535,0.40894884680187316,0.41965681425393514,26.36695242576488,13.120286576069041
3367,Ninh Binh,VNM,2018,2018-03-06,0.20516962150771925,0.28022592096607724,0.19286943706253082,0.20803650644012606,0.2797004157240031,0.245435376520162,0.17750554618957753,0.2195551158451741,0.17935723100695852,27.219617391697984,15.367143524798632
3368,Ninh Thuan,VNM,2018,2018-03-06,0.08269915088066858,0.29573055823458516,0.043317452653504916,0.07798156952829234,0.32962720441732757,0.2522230054190379,0.1413409642967943,0.5734038699977614,0.6926886652192763,33.76658664350592,20.972389429147952
3377,Soc Trang,VNM,2018,2018-03-06,0.08280808367329681,0.29894023590691443,0.04347738181177118,0.08373873253109514,0.27519639061903356,0.19205003845650684,0.1043641997188873,0.5338062155422448,0.5579221394379448,30.417518199901217,22.847387819037795
3386,Tra Vinh,VNM,2018,2018-03-06,0.07936932089946974,0.269621410786571,0.04203204504959448,0.0811198443814363,0.24750278859709518,0.16606169540169563,0.0892493067204526,0.505358893482708,0.4631166411636408,30.65701893381326,23.390566028520475
3387,Tuyen Quang,VNM,2018,2018-03-06,0.059896414634924414,0.22122659679762083,0.050590033696872344,0.06868227469981018,0.23322497706546053,0.16084986019055114,0.07901858810397676,0.6186313602357026,0.42085826327134357,24.586521936254506,13.182199343629927
3388,Vinh Long,VNM,2018,2018-03-06,0.09392947088051022,0.3198183693437166,0.05449714820604998,0.09535772228020481,0.31638673206630186,0.2261740460391505,0.12214670841850318,0.5400476634288375,0.6041014849718388,34.0864151054319,22.863276393221366
3390,Yen Bai,VNM,2018,2018-03-06,0.07012041495827535,0.23043318739971388,0.058322551796436126,0.07768340414245155,0.251733030480288,0.18155077675576708,0.09390674043076962,0.5823346929423899,0.4565748690520253,24.856592029085903,12.917667276341575
3328,Bac Kan,VNM,2018,2018-03-06,0.032842086498243196,0.20695316486038823,0.024784525649254874,0.04241184709430512,0.21845514218908466,0.13663847615680735,0.05658883305225232,0.7301992935160802,0.4461700430675018,23.353984591271324,11.353204989001945
3329,Bac Giang,VNM,2018,2018-03-06,0.05920237687173778,0.20375864899969573,0.03525841753501901,0.0599380751577504,0.21310739102172832,0.15404135571502256,0.08450504071112852,0.5613692044439121,0.4034234000536246,27.321207290671595,13.035034487508385
3330,Bac Lieu,VNM,2018,2018-03-06,0.08538043108828783,0.22223157540162622,0.04793656134359543,0.08301548705418856,0.19704573171272818,0.14348475853613007,0.08303744686641205,0.3764908010365289,0.3343671511140067,30.47479707793173,23.860176130999566
3331,Bac Ninh,VNM,2018,2018-03-06,0.09842332103543122,0.17619817046876593,0.05737421563263638,0.09184753471808274,0.15374181658333713,0.1295921710905317,0.08891958675927064,0.2838467788586576,0.2296279804328535,28.228629987104874,15.034403505400888
3334,Binh Duong,VNM,2018,2018-03-06,0.06254923078724235,0.27837443967188574,0.03601920241561514,0.06893597665700107,0.292390466217825,0.21478827989601995,0.11695271070569681,0.63223645171404,0.9278895568902362,37.3219530008567,21.664252206987772
3335,Binh Phuoc,VNM,2018,2018-03-06,0.040066859296646815,0.2803288625753668,0.021744594066861394,0.048373289543030454,0.2842940090809313,0.18027465527552833,0.07744185510857883,0.7445092101508992,0.6502962957189447,34.674952159963325,21.07110766993904
3339,Ca Mau,VNM,2018,2018-03-06,0.088770015824981,0.18680758058491836,0.06030263303834948,0.08864988672890455,0.16947086793359656,0.12238443311826566,0.07250091804771161,0.354990545075998,0.21815947386768605,30.239822846069305,23.963608547826183
3340,Da Nang City,VNM,2018,2018-03-06,0.15881349330256658,0.3286317668079474,0.15123112314972426,0.16843294310545195,0.327510916056321,0.24617351544828206,0.15224195344947533,0.43529257816772876,0.42095655440217455,27.032024414832208,19.91141688631352
3346,Ha Nam,VNM,2018,2018-03-06,0.09540955128598622,0.1824262915424004,0.07127617269107756,0.09688635876800994,0.1635337046687507,0.13309855727406084,0.08753979444965392,0.32755410571385457,0.21000574185286633,27.734801976680263,16.02275552481659
3350,Hai Duong,VNM,2018,2018-03-06,0.07837493865183413,0.17587074191749907,0.04576279907401876,0.07719593457946491,0.16304920793157207,0.12906616087144177,0.081141977574886,0.38556331934394344,0.26672122538160525,27.88985049420874,15.924544064651256
3354,Hung Yen,VNM,2018,2018-03-06,0.08348586536014374,0.17786564285033427,0.04866876893431324,0.07860976737878837,0.16038447658999036,0.12888751482563454,0.08466426429967465,0.3620310826267939,0.2969319489643897,28.25523700807958,15.289875714924698
3364,Nam Dinh,VNM,2018,2018-03-06,0.1703977714381589,0.22730000531692904,0.15466258842350628,0.17149865623445612,0.20853318414420532,0.1866342653124639,0.13698551987173266,0.17465318594381266,0.12861028955968226,28.13348735336038,16.084464678504155
3369,Phu Tho,VNM,2018,2018-03-06,0.059537248145905684,0.20467871280134964,0.041731331461204745,0.06569541554076029,0.2145571706960855,0.15685051198763594,0.08410714420442618,0.5676425968952831,0.4004497458510066,26.29133960769551,13.427885961872803
3372,Quang Nam,VNM,2018,2018-03-06,0.11260583227186825,0.3279543843824397,0.10855382777823228,0.12600942695046508,0.3242777138956775,0.21772425579134336,0.11602043040806401,0.5638078282471838,0.4770412508271724,27.195782301721458,19.720511061377806
3381,Thai Nguyen,VNM,2018,2018-03-06,0.04776693074033219,0.19865012795158246,0.03428502009968879,0.054461548174241065,0.20955328723179917,0.14555063538085863,0.07310765044642023,0.6198684760897438,0.4075636377541305,26.231389131848648,12.672081744863435
3389,Vinh Phuc,VNM,2018,2018-03-06,0.07068059401258192,0.20053630205695264,0.043860617289886696,0.07221169160930217,0.20384458598474353,0.15906912555978536,0.09683130935828002,0.4903668951374902,0.3902541864371842,27.41728934646643,13.876791866604517
73933,Can Tho city,VNM,2018,2018-03-06,0.12435360995090419,0.3533110288404846,0.07548856636507406,0.12402890798485727,0.34906011579724555,0.2548779170409014,0.1413316170838824,0.4693493835949411,0.5586367508529688,34.46428701161081,22.067976108367585
73934,Dak Lak,VNM,2018,2018-03-06,0.0680789108633757,0.260947603887161,0.03566166961925182,0.06437283493125255,0.2917010060593084,0.22131120543581043,0.12646490063855786,0.584867800372316,0.7804581496485191,36.409297111870174,19.063182362850238
73935,Dak Nong,VNM,2018,2018-03-06,0.05491962262215903,0.28101022687064325,0.029881855447159062,0.05830491593354392,0.3015650966447381,0.20500925413043297,0.1002567421242374,0.6683803676837692,0.680322087705916,33.9534271422828,18.31039903507893
73936,Dien Bien,VNM,2018,2018-03-06,0.052605022175006864,0.23908180587393152,0.0314939306963423,0.05637755304295867,0.27202520056591256,0.18888882848186542,0.09136029045604954,0.6443487506849156,0.5809739790427899,28.10829318139536,15.093811178054713
73937,Hau Giang,VNM,2018,2018-03-06,0.06154289302504555,0.33255145268708375,0.03819423795889186,0.07403356128465267,0.2918221146285374,0.1788078258372276,0.08352649224733835,0.68467869369181,0.6270798090721085,30.687918423528263,22.366579921272866
73938,Lai Chau,VNM,2018,2018-03-06,0.04738119454286157,0.2459670601290372,0.02539736643660227,0.052572879117491575,0.2740021324458006,0.18192157650549737,0.08169089260469967,0.685720129648449,0.5715462689174534,26.84670996596258,14.846364348533275
73939,Lao Cai,VNM,2018,2018-03-06,0.13814507425272646,0.2943181637329269,0.12250294365295046,0.1430919101371983,0.32214365613902907,0.2507503813812689,0.14828644835326235,0.4486973247449155,0.43905945250998846,25.876654115554533,12.087120437456969
3326,An Giang,VNM,2018,2018-03-06,0.07429395164620001,0.3601119297895852,0.04557822968027796,0.08728052516292556,0.3188757266434305,0.19952103036631227,0.0953674117901431,0.6481447666805737,0.6666351892903242,31.266231243589463,22.05373342285093
3332,Ben Tre,VNM,2018,2018-03-06,0.06709943505671924,0.24259557074053173,0.037515008602440246,0.0713663402064669,0.2199063163791549,0.14000796014447667,0.07263421125464548,0.5376733840968582,0.41973781628610063,31.512521002458033,24.28179329298431
3343,Dong Thap,VNM,2018,2018-03-06,0.08031076304672248,0.28071746460328056,0.04616560261577793,0.08597514350558982,0.26737291506656957,0.18773445670232197,0.09846326398623347,0.5414097875497379,0.499207604484338,33.4368528775908,23.2051258192755
3351,Hai Phong City,VNM,2018,2018-03-06,0.08219631670094048,0.16506797395747397,0.0546324212278648,0.08214809255331837,0.15335588083002347,0.12346004389159645,0.07873056126781258,0.34448894272379116,0.2082961020113149,26.95638079720949,16.035921864513544
3352,Ho Chi Minh City,VNM,2018,2018-03-06,0.0740509645743914,0.2282779137487306,0.04686404175720109,0.07771594959195058,0.22040881586939462,0.16278258197955148,0.1023247944323154,0.5002702666716041,0.48956417339805397,36.264617056258466,23.367120303373646
3356,Kien Giang,VNM,2018,2018-03-06,0.09017979999155135,0.3074217278371616,0.058938093625848835,0.09748066697748314,0.2875481297269202,0.19442663370131336,0.10071700401852865,0.5130669155657718,0.5051312501280146,31.060056313053067,22.3829144264018
3359,Lam Dong,VNM,2018,2018-03-06,0.04865146761951707,0.28674195631939525,0.02582146129872027,0.05541862286917357,0.30490878352447515,0.19707587587873296,0.09031451289899357,0.7056581624586538,0.668833276837316,31.604446649924032,17.11835347780124
3362,Long An,VNM,2018,2018-03-06,0.07514458080032313,0.3181832884802697,0.04312129979342405,0.08219544973483821,0.2989868467804819,0.20243389717291096,0.10474042213268234,0.6020805651758658,0.6538794849448963,34.016518968783316,22.610620446373908
3375,Quang Ninh,VNM,2018,2018-03-06,0.0469407846673733,0.18878567077742495,0.033889939808355106,0.05306889347781251,0.19695673111257805,0.13340091393179426,0.06623374652441603,0.618175038874364,0.3746671642507878,24.54425880101114,12.21365066467924
3378,Son La,VNM,2018,2018-03-06,0.06663943508400309,0.24942269239052625,0.04143799084279783,0.06823304782138864,0.293273391609754,0.22232160297257147,0.12019425147201576,0.5840844159910714,0.7891151185889247,28.925050558080226,14.509786508589627
3379,Tay Ninh,VNM,2018,2018-03-06,0.06332906511586493,0.3195652200456923,0.03706137737293383,0.07374618860042179,0.3223317083464386,0.22253843968786188,0.11153216488517217,0.6585922619775418,0.7745895529659487,34.57650761304548,21.598523685131877
3380,Thai Binh,VNM,2018,2018-03-06,0.10742774905772665,0.1798080192228365,0.07727238700929162,0.1048183765481873,0.1512935958844707,0.12626016676120658,0.08380762696072407,0.27413046927299367,0.16098624743601278,27.890897210782327,16.62873264113024
3382,Thanh Hoa,VNM,2018,2018-03-06,0.09618142039971635,0.2591120576549761,0.0769168684246405,0.10170157975537131,0.2766793061916265,0.21084495354157692,0.12102630817966761,0.5423580149887779,0.4903233041940287,26.606231680880388,13.942659035339874
3384,Tien Giang,VNM,2018,2018-03-06,0.07012194135900983,0.27193022334140315,0.04139227214938973,0.07511936739234808,0.25028757039226623,0.16552321869268097,0.08643561259405547,0.5730529454690412,0.4969149512326385,34.42191065478305,23.337054855793344
3333,Binh Dinh,VNM,2018,2018-03-14,0.038431975560652844,0.29689425087800836,0.023073741439593773,0.05147851469983086,0.2837609693500846,0.16506970782153382,0.06871995132518081,0.7699781123754962,0.4636089230071322,29.880861108729373,21.205803797196545
3338,Cao Bang,VNM,2018,2018-03-14,0.08698301682058339,0.2764382629153983,0.07001858548998174,0.09557800336599559,0.29996364052293834,0.21906017083635893,0.11771069035121458,0.5958048610743261,0.546491329100576,27.044761653385006,15.095559970771502
3355,Khanh Hoa,VNM,2018,2018-03-14,0.07063900775396145,0.29787484866836017,0.050009606370026626,0.07893725580957456,0.30236613960545616,0.20388275446452964,0.10276875002924014,0.6486254589742886,0.6400531218716411,30.637545805576476,19.753749758498518
3360,Lang Son,VNM,2018,2018-03-14,0.05433424077899544,0.2585213147632673,0.03913700944071833,0.0645884231555377,0.2793140349488004,0.19056454188869956,0.08987136431844459,0.674307710805805,0.5697628661788534,26.297225523484023,15.783050196575267
3370,Phu Yen,VNM,2018,2018-03-14,0.054196178491163795,0.31112959594949174,0.033795626460908855,0.06611712666990212,0.31190374350579037,0.20080683966728957,0.09331760601925727,0.7059408033699656,0.9758987458668332,31.381885976306467,21.131492773167693
3371,Quang Binh,VNM,2018,2018-03-14,0.16082866481746322,0.2895381236281955,0.16110220976467218,0.17117223475153504,0.29525987063814096,0.23685439290342644,0.1510246011626896,0.39070854531092647,0.28673707586543656,28.978794393889487,20.075061479492216
3374,Quang Ngai,VNM,2018,2018-03-14,0.039718494012504595,0.30318976619959276,0.025620529837738267,0.05498719201672118,0.2892731573430628,0.1716344060054329,0.07025854582833378,0.7822026334867783,0.6675309415619021,29.11322520248234,21.26085239805409
3376,Quang Tri,VNM,2018,2018-03-14,0.13422695227646353,0.2877655572527666,0.12937872268166334,0.14500272935197717,0.2845572554820938,0.22005394089250577,0.13375534008515025,0.47633180695897875,0.3722461068665899,30.001717554220903,20.60221514973497
3383,Thua Thien - Hue,VNM,2018,2018-03-14,0.056843620629327615,0.24581896382855203,0.050337378682168206,0.069619682700335,0.24236385522216275,0.16060381498441342,0.07588985242654067,0.6624798664398627,0.48550247932979707,29.509851692133527,20.636575151570465
3327,Ba Ria-Vung Tau,VNM,2018,2018-03-14,0.07625387784114439,0.26701260441894586,0.04208223445112492,0.07609836495863123,0.2775224603512085,0.206244121207225,0.11720446163137786,0.5239560118063422,0.6123391993987102,37.33493580314596,23.443297781714552
3336,Binh Thuan,VNM,2018,2018-03-14,0.07632163058872421,0.2739881384330939,0.03728925586213667,0.06897206659680111,0.30344739990517905,0.2353095293982138,0.13563731140593366,0.5864390095124834,0.6185760787937284,36.82830930197169,21.712289341511422
3342,Dong Nai,VNM,2018,2018-03-14,0.05482755820769984,0.25735392267425977,0.03182307627048838,0.060530814565686084,0.2648936676364327,0.17943162321840253,0.09112447760273719,0.6302622758779968,0.6194382808337355,34.66607887100795,22.44712749650398
3344,Gia Lai,VNM,2018,2018-03-14,0.058436919575360416,0.24905113019662997,0.031410048304033246,0.0572451693401674,0.27491459104026467,0.20441867114072917,0.10946431331017278,0.6271226806871544,1.784691939963955E11,35.19378843425938,20.039305681457652
3345,Ha Giang,VNM,2018,2018-03-14,0.11387383277518662,0.30070995773660536,0.09310907338957936,0.12011216203796818,0.33289759523634654,0.2552550337608437,0.1437471103313963,0.5445905038888482,0.606844980924205,27.62124510402921,14.882448849932521
3347,Ha Noi City,VNM,2018,2018-03-14,0.09045635363010772,0.2202356433229772,0.05504957365711036,0.08974780895295585,0.22223877443920387,0.1858360651131182,0.12303939547329491,0.4132353574094252,0.4246161402005324,31.335851942814188,18.43898847334178
3348,Ha Tay,VNM,2018,2018-03-14,0.0939451612743873,0.237837752816482,0.05765470703524613,0.09650044805187534,0.22946844350549117,0.18384257151478392,0.11144209188850715,0.4369601188348584,0.40880001150603207,30.778392383358543,16.507938776298506
3349,Ha Tinh,VNM,2018,2018-03-14,0.24023686326990662,0.3641818209900158,0.22574545123764536,0.24573453202514914,0.3702283658578294,0.31832522936856117,0.2185027503433342,0.27910099606315686,0.31836296858553226,28.052952101433707,19.22477254153852
3353,Hoa Binh,VNM,2018,2018-03-14,0.08542738767684212,0.2706595179544985,0.06733521236055585,0.09369123430321863,0.2944630709653512,0.22264156208679142,0.12181807192546294,0.5641800346069139,0.5683897335258161,29.33827920086414,15.084615646730324
3357,Kon Tum,VNM,2018,2018-03-14,0.04371357264808524,0.2761946228628513,0.027820353644683833,0.05211486657290632,0.2829134630939878,0.17757449172187648,0.07718849121672713,0.736257531236307,0.6402923073199881,30.309414078728217,18.983067212238584
3366,Nghe An,VNM,2018,2018-03-14,0.16298139939367026,0.3406597261207697,0.146920588805608,0.17007524378543323,0.36269297785987126,0.2853578890021379,0.17156081856624614,0.46822110865007965,0.48911098364088323,27.840614339888766,17.005917589943888
3367,Ninh Binh,VNM,2018,2018-03-14,0.21025173314644796,0.32793284300253955,0.188789080844779,0.21370967614918793,0.3266172156906748,0.2756658357786047,0.18432012132394676,0.3196274896005402,0.28915337619027554,29.227230149328538,16.788375377160655
3368,Ninh Thuan,VNM,2018,2018-03-14,0.07495770633717595,0.26366906713872684,0.0401593250625311,0.07009472386373744,0.2928447600701753,0.22908661319018053,0.12975085079640214,0.5808788493976337,0.9044952412646619,35.6245692323438,20.70817390411301
3377,Soc Trang,VNM,2018,2018-03-14,0.09881465728769633,0.3085507929242328,0.06188914570090765,0.09946849717726323,0.29005959116842767,0.2080918780430328,0.11615221107614652,0.504168717483457,0.5458576127146274,30.060235280251412,23.20597634807893
3386,Tra Vinh,VNM,2018,2018-03-14,0.1142032082806146,0.2901648542952038,0.07846993954248307,0.1134359282018346,0.27826881561162703,0.2022036810713106,0.11857611420791428,0.43396104861481855,0.43690269152968136,30.75747241303034,23.62127975429428
3387,Tuyen Quang,VNM,2018,2018-03-14,0.07238990763197689,0.280835747513543,0.060146307027001286,0.08423992325533881,0.30146850262594,0.21435431981706105,0.10511874570819585,0.6143705364100401,0.5775288232431254,27.962424800769913,16.198168823349366
3388,Vinh Long,VNM,2018,2018-03-14,0.12314326875584845,0.294145355448126,0.09400120366540833,0.12313786063990886,0.28779248241006783,0.2168360763231441,0.13014726522122996,0.4368709459180244,0.4379351591310398,31.14270535303536,23.334430388654066
3390,Yen Bai,VNM,2018,2018-03-14,0.08640087735155542,0.2745700622020389,0.07371619402698357,0.09632653790774437,0.3007451167232137,0.22286864028336376,0.11667579047898775,0.5588752593192307,0.5464991163868735,27.07665244694956,13.787888274084242
3328,Bac Kan,VNM,2018,2018-03-14,0.10944102228268643,0.30389225081144927,0.09965732108669709,0.12054664099769877,0.3205746769949064,0.23532179419360474,0.1314286142266882,0.5549174547095697,0.522443140461816,26.98548463280029,16.679949332909363
3329,Bac Giang,VNM,2018,2018-03-14,0.06741129973357246,0.23947669248481013,0.03990103509081106,0.0690795024571382,0.25567606089922684,0.18978539569210195,0.10392421442167052,0.5652183976453801,0.5272952979983788,30.702905312317945,16.753043706842302
3330,Bac Lieu,VNM,2018,2018-03-14,0.11472058314574494,0.24521594488305237,0.08103714984337218,0.11307031167267617,0.22781903313637186,0.17416175214441812,0.10677714514484879,0.32301325272003784,0.31602183379680815,30.237258393253065,24.830360983423763
3331,Bac Ninh,VNM,2018,2018-03-14,0.09544990456218345,0.1974981127492221,0.05596827776248744,0.09243770256161114,0.17533276018644087,0.14460612094584321,0.0939337327273155,0.346559137973669,0.28245412082409144,31.797925306818104,18.67605461765146
3334,Binh Duong,VNM,2018,2018-03-14,0.09603703552857247,0.34385020188663956,0.07067794193767873,0.10728866036036286,0.3541150614777721,0.26086677546537074,0.14389380068050267,0.5837232479889912,0.9729229262124058,35.52187393496736,22.194955189716016
3335,Binh Phuoc,VNM,2018,2018-03-14,0.047714013151241255,0.3140067597973595,0.027275902491755013,0.059019719564673806,0.31849819685465114,0.20513980948055002,0.08975336323766529,0.7376346411838826,0.7747516160828872,34.410502497814406,21.804090390012984
3339,Ca Mau,VNM,2018,2018-03-14,0.12226938178255076,0.21920070775573083,0.10070649096187771,0.12357306657203411,0.2091715003739693,0.1588979219630055,0.09919650156563142,0.305545162879754,0.21506103019279016,30.649168681114006,24.50032590791213
3340,Da Nang City,VNM,2018,2018-03-14,0.061008841541024296,0.23763663131547189,0.04886293148088811,0.07078447893204991,0.2295211484798528,0.153516571827901,0.07838229707585569,0.6467516918489024,0.45188605544403365,29.94148171256653,20.769962380123406
3346,Ha Nam,VNM,2018,2018-03-14,0.07668435004307424,0.20999077362368546,0.048778146173368335,0.08177431255675316,0.1912649086972074,0.1470926958824318,0.0863661997633557,0.46484721676474733,0.3594933603301177,30.07317335357967,16.320931371177625
3350,Hai Duong,VNM,2018,2018-03-14,0.07582088409204403,0.20333758671498325,0.044576931502891756,0.07836579899249496,0.19008663531914413,0.14746715732432797,0.08744307245840746,0.4551395346639283,0.3402455960721089,30.79027220151944,16.69866346713107
3354,Hung Yen,VNM,2018,2018-03-14,0.083086246724112,0.20563963777792865,0.04868319139047012,0.08198531026479264,0.18885738569644395,0.14946848475379368,0.09318496574995838,0.41909381005393775,0.3392255345283317,31.42789536490447,18.6371989670107
3364,Nam Dinh,VNM,2018,2018-03-14,0.22812887548103397,0.3132467654158489,0.20150080982757912,0.22758185881068466,0.30258753315696896,0.26930119010625553,0.18851140906926614,0.21926333835457254,0.18485505902271376,28.408178398100585,14.803742531598797
3369,Phu Tho,VNM,2018,2018-03-14,0.12346819979470565,0.29001621369233993,0.10389045348211617,0.13100364571016504,0.30315883361051676,0.23802118372807493,0.13860979836232992,0.4493910827367215,0.4588225241902419,28.966933980816588,13.26336089460635
3372,Quang Nam,VNM,2018,2018-03-14,0.041757251297708096,0.26716026545807386,0.03407929133418216,0.05559950347356524,0.2548407460447856,0.15041431033412525,0.060056999065082925,0.7461413308387549,0.5515739104037699,29.107684066172283,20.205505940930372
3381,Thai Nguyen,VNM,2018,2018-03-14,0.06537496927694438,0.2503874782531241,0.05039873843009488,0.07447576232185717,0.2644680051525659,0.19061057045627883,0.096512834371511,0.6031747470124194,0.5147964092858426,27.873427092198803,17.160496862982228
3389,Vinh Phuc,VNM,2018,2018-03-14,0.12911481013583762,0.2791586506408486,0.10311071105118741,0.13433088688902844,0.2856537205155788,0.2340072666819042,0.14345394782168863,0.4056368400781524,0.42973429576194194,29.22139606179351,17.08321079821939
73933,Can Tho city,VNM,2018,2018-03-14,0.10454301497126417,0.22540771120668268,0.06860794015626988,0.10063117661077454,0.22387929893487432,0.17726428834148034,0.10685914744518721,0.37004110722664535,0.3086284226621927,35.30011268059026,23.23962294750496
73934,Dak Lak,VNM,2018,2018-03-14,0.06519847961708905,0.2690243382819884,0.03677554693879992,0.0658860839802471,0.29404193454585925,0.22006344717856285,0.1203515367711337,0.6127529693657042,0.7589562959555979,34.76412368116496,20.56328146364224
73935,Dak Nong,VNM,2018,2018-03-14,0.059556375051188735,0.3110562999770724,0.034000606526788935,0.06644093959859479,0.33058072732451704,0.22342974165800272,0.10623897456387446,0.6719765518073927,0.733847272079254,33.515610332992466,19.945768949137946
73936,Dien Bien,VNM,2018,2018-03-14,0.059471245094320176,0.2973546352631865,0.035802673767178134,0.06659389218958567,0.33575778942539475,0.23779624554178597,0.1164676172976647,0.6637190566494277,0.8026066432436701,28.825645554367636,16.48097893026925
73937,Hau Giang,VNM,2018,2018-03-14,0.09337594587065558,0.3169382788775504,0.06674298613165257,0.1004420874030374,0.29644010591522696,0.19942847959380045,0.10688198671464602,0.5650347785264386,0.5253514977072848,31.44364630954009,22.963817114825385
73938,Lai Chau,VNM,2018,2018-03-14,0.05419558495733153,0.2975187757137058,0.0314866378101266,0.06315572119957857,0.32703738999436094,0.22054488274047362,0.10221002369724451,0.697759314947356,0.7386481575963766,27.55199000784298,15.944068078586138
73939,Lao Cai,VNM,2018,2018-03-14,0.15688342782606884,0.3253853461395649,0.14094598785882886,0.1634901135613253,0.35254580793767243,0.27808303235945064,0.16514265629206754,0.4465109657438739,0.4965817978789961,27.1817056008293,14.075153969537505
3326,An Giang,VNM,2018,2018-03-14,0.1010078754066339,0.3458734644900581,0.07304499653397242,0.10977998078473425,0.31901258735693133,0.21628457272790436,0.11668390421377721,0.5566769630565824,0.6149824683968935,32.089807728091095,22.523607115311425
3332,Ben Tre,VNM,2018,2018-03-14,0.1035888492046991,0.2650277460934173,0.08005974553405883,0.10742883377615843,0.24146702684792817,0.16475242730759374,0.09518706487217198,0.45304226137251125,0.36672059970049165,30.483865302256376,23.450169454739907
3343,Dong Thap,VNM,2018,2018-03-14,0.09969744107442595,0.2799021782184387,0.06900488205249165,0.10397037172864823,0.2710142680293864,0.2026822380410118,0.11430747558265242,0.49814457568895815,0.45844220846070566,32.27507616240329,23.28838510199079
3351,Hai Phong City,VNM,2018,2018-03-14,0.07939139774344617,0.19040471646860432,0.05229997310432445,0.08176486297961164,0.18179226068549714,0.1424244897534854,0.08740220725633273,0.4096439231186883,0.2260654311656012,28.457634938761174,16.953794045573616
3352,Ho Chi Minh City,VNM,2018,2018-03-14,0.11644835433989868,0.2678381828498387,0.09268230790757834,0.12006632190114423,0.2609117366866769,0.20164775745063962,0.13049651426492812,0.4262821870027859,0.441245548677845,35.294331397101836,23.65455003359335
3356,Kien Giang,VNM,2018,2018-03-14,0.12674619175476395,0.29813626729670817,0.09808508997870023,0.12933582098484667,0.2934149672968902,0.21687175228107622,0.12689514459782017,0.40317881593168614,0.41345502614435464,32.196094688060825,23.247302559878854
3359,Lam Dong,VNM,2018,2018-03-14,0.04619492850544671,0.26792011716966263,0.027118268089899398,0.05289374953175255,0.28097118934620907,0.1803620998428069,0.0818444560587491,0.7169884682670977,0.6135900119494646,30.690845167245072,18.016071096476963
3362,Long An,VNM,2018,2018-03-14,0.10858842767448935,0.3291557735752365,0.07568760222413011,0.11327951714405235,0.32025394052445266,0.23212700100913966,0.1300659157789098,0.5177182255319095,0.5233251712204695,33.78164837027431,22.823920012052
3375,Quang Ninh,VNM,2018,2018-03-14,0.05496775928947081,0.2201677876369287,0.04092313520015284,0.06299610924660319,0.23275975567387938,0.159787390018698,0.07893206167240056,0.602788456320202,0.44739813256452815,27.240912875950638,15.82341547640742
3378,Son La,VNM,2018,2018-03-14,0.0697228924911175,0.25525054638249106,0.045567974083214356,0.07323948037182393,0.2947622688734572,0.22574654176385447,0.12060183143199084,0.585490518919945,0.5368931701408436,29.689275556904626,16.468835539861136
3379,Tay Ninh,VNM,2018,2018-03-14,0.09973232687891267,0.37154162689374776,0.07316512436281591,0.1124218587306769,0.3780203310328425,0.2708023687861614,0.14346049441979386,0.5871757316170969,0.8347690824884996,34.92036180766036,21.74202949054987
3380,Thai Binh,VNM,2018,2018-03-14,0.15914136220548156,0.25615901523106677,0.13402170661559917,0.16098736785911796,0.23648940657903456,0.2052570067482674,0.1408441208148553,0.28522082359195644,0.2251326383357604,24.8451363234313,15.956033602621348
3382,Thanh Hoa,VNM,2018,2018-03-14,0.2196345340137918,0.35961868892834775,0.19704940176399027,0.2219129530499568,0.3755231303531622,0.3174286331219433,0.21262248711310114,0.3382100329006227,0.3899704325919361,28.99852784650608,16.377595945767794
3384,Tien Giang,VNM,2018,2018-03-14,0.10139024230298799,0.27685117918857904,0.07355444708648572,0.10326852196142272,0.25968132806676336,0.18495084490823577,0.10617036349839643,0.47897668386504577,0.43222674002489925,33.04381565366321,23.229466363526065
3333,Binh Dinh,VNM,2018,2018-03-22,0.0869251785836523,0.3228658702396873,0.069728283431057,0.09681242748243046,0.310411216570578,0.20173321756510357,0.10558251111279945,0.6204352713548799,0.6070439157358486,28.836676626972935,17.629953868335246
3338,Cao Bang,VNM,2018,2018-03-22,0.13136850782245066,0.3370821756169326,0.10991824719936488,0.1405618098534554,0.36695860229311705,0.27741341561322586,0.1627064628861397,0.5389167022619727,0.6267071533248394,26.041466450544224,16.168243611796683
3355,Khanh Hoa,VNM,2018,2018-03-22,0.07986275100052538,0.3509628780953205,0.05329245322832354,0.0893801403816054,0.3597260369294552,0.2442010777036667,0.1246116946817145,0.6421212168207894,0.8828803934309349,29.914440548165928,18.703996285996595
3360,Lang Son,VNM,2018,2018-03-22,0.050909232566931736,0.25118523655962455,0.03619422294957254,0.06140788366758817,0.26789531516483933,0.17869268777235772,0.07989039852108852,0.6674760896269579,0.5455949321481635,26.118382037823512,15.847811147526599
3370,Phu Yen,VNM,2018,2018-03-22,0.11859970995148171,0.3402573320697622,0.09768031646519722,0.12597316610429407,0.3398472412897376,0.24329288962955034,0.14079701876160658,0.5296582347252727,0.6352237905724183,30.394140599222865,18.298006264127277
3371,Quang Binh,VNM,2018,2018-03-22,0.2782828193466421,0.3979486148460724,0.2674321850109604,0.2826067707820854,0.4205129268365448,0.36138036930753903,0.2504908731738944,0.2217010008399795,0.3098457905551299,26.093299937411327,16.806541871744415
3374,Quang Ngai,VNM,2018,2018-03-22,0.11050322338690899,0.32195793658738553,0.10413160928946831,0.12316378963516768,0.309773799879509,0.2103154132024116,0.11575868892898726,0.5483251681261376,0.5129899790033531,27.027041458784264,18.071766508140016
3376,Quang Tri,VNM,2018,2018-03-22,0.14463467439718095,0.3172834688207776,0.1390980284689101,0.15640344540414391,0.3191889446047308,0.2403478188426445,0.1408581511516412,0.4285739641795212,0.4335142786141836,27.357589390237855,17.851684998873505
3383,Thua Thien - Hue,VNM,2018,2018-03-22,0.09604564059164154,0.30077518774639045,0.08885897171009144,0.10973901927874073,0.30126761925190787,0.20979990363814283,0.11203628052683087,0.5451128494852512,0.5313610806731122,27.57048621066404,18.13333659237302
3327,Ba Ria-Vung Tau,VNM,2018,2018-03-22,0.09216703830162351,0.3081718310887012,0.04872872052551733,0.0908172326656039,0.32844126953005137,0.25012327196069684,0.14728777355696326,0.5123624342720813,0.7783729299363434,36.35814633193275,21.74669574925871
3336,Binh Thuan,VNM,2018,2018-03-22,0.10027422497850813,0.336254089278058,0.05060002750213118,0.09289164115748724,0.37481660264547395,0.2940763859599765,0.17380025410327093,0.5480413736548537,0.8052817953607945,36.494084838184286,20.001453161367927
3342,Dong Nai,VNM,2018,2018-03-22,0.07634829716647519,0.32623354209298094,0.04389737747823851,0.08304198435269593,0.341625780654635,0.23983427194726797,0.12561747439342127,0.5961494228846592,0.6977079971011672,36.27347266575391,21.336061391358758
3344,Gia Lai,VNM,2018,2018-03-22,0.07778045980563607,0.28757341497886707,0.04122237630657008,0.07360814835272073,0.3217203020461725,0.24685475870946993,0.1440774524683069,0.5828569506350763,0.9054056704003299,34.893429057227046,17.78573159200776
3345,Ha Giang,VNM,2018,2018-03-22,0.4066800731779385,0.49428494290300995,0.38735331282512103,0.40525571965633544,0.5081187931070309,0.4406212697467458,0.31128551459429304,0.1361294218745052,0.18277730907246215,27.402073073196444,14.731591548292972
3347,Ha Noi City,VNM,2018,2018-03-22,0.14303837928019547,0.2484206530306132,0.11926424006790944,0.1455194125289694,0.2480819698422004,0.2122331046515384,0.1424081987661556,0.299252178510161,0.279299196434042,30.109306663938515,18.181885859570304
3348,Ha Tay,VNM,2018,2018-03-22,0.09389867087000034,0.24503907379559076,0.058940966530722394,0.09751430077519874,0.23798104449109078,0.18723508619976373,0.11096697206427013,0.44976006383608796,0.42681720451385624,29.630183227545075,18.702124421139413
3349,Ha Tinh,VNM,2018,2018-03-22,0.1499621425938257,0.3095345838947387,0.1340227106368466,0.15831335025990184,0.31266647476976595,0.24548220849907776,0.1494430485332632,0.43912846799585165,0.3940143389502492,26.163136442262445,16.209577626769946
3353,Hoa Binh,VNM,2018,2018-03-22,0.065097356150975,0.22426097531048417,0.04683072321722232,0.07167199123375396,0.23304984007736998,0.16678357571637778,0.08302984202568425,0.5713162803591453,0.4280252986835678,27.400273529181426,17.001821733176197
3357,Kon Tum,VNM,2018,2018-03-22,0.06606117634248122,0.33654096609970097,0.04448786093186555,0.07569710979353998,0.3509371440882224,0.2308266418332325,0.11239011979451304,0.6755415920228676,0.9279041193178422,29.00248406608215,17.217164486107652
3366,Nghe An,VNM,2018,2018-03-22,0.08147922622033234,0.2493122621378704,0.06684154465212233,0.0893573356889099,0.2476875116711505,0.1725210069390827,0.08877525919808721,0.5847406813105883,0.41380105873378714,26.233760963608415,15.138541383688546
3367,Ninh Binh,VNM,2018,2018-03-22,0.11666746118083983,0.2687949240952613,0.08386040852089752,0.12177825078767165,0.2703855410425816,0.2167450116815292,0.12983121887697402,0.42719131647901726,0.4185496246339856,28.106967206958302,17.661530296745898
3368,Ninh Thuan,VNM,2018,2018-03-22,0.0955053448120728,0.3276613960018526,0.05006999499520369,0.09046754954417795,0.3654014986504876,0.2853342891507453,0.1664001807728638,0.5524202910752518,1.008699255777918,33.12001177721349,19.77917246514709
3377,Soc Trang,VNM,2018,2018-03-22,0.11063679423665192,0.34403470254826873,0.05867575315703438,0.1107634308563506,0.3317822638871172,0.24435750575983567,0.137389031137014,0.4789693161257631,0.6552672077010732,31.58474098153265,22.06971257689416
3386,Tra Vinh,VNM,2018,2018-03-22,0.10796160975461644,0.3015630140588636,0.05547942699837149,0.10308045386538534,0.3011243080353033,0.22417999830672847,0.12891878830974993,0.4396831925078844,0.5292358743037268,31.29119282246839,21.482659037370695
3387,Tuyen Quang,VNM,2018,2018-03-22,0.2795601719478348,0.39941438254766426,0.2639289620621035,0.2836307563231464,0.41560088145325813,0.35117007578831877,0.24313353685026315,0.22134895143667546,0.27521281767493694,26.307872751151738,17.368874799870273
3388,Vinh Long,VNM,2018,2018-03-22,0.08768413080847529,0.294876682191287,0.051646071471830715,0.09135298468729754,0.2786435885157562,0.19181928186757394,0.09879329502072,0.5228085835876842,0.5012086816430132,30.254679332798165,22.29053213294868
3390,Yen Bai,VNM,2018,2018-03-22,0.30215226160272346,0.4117718503362052,0.2811961779916515,0.302147050567339,0.4346701201307807,0.37386012726958634,0.2607083932750528,0.20399973957577444,0.2719921967789059,25.29463056866033,13.873195109318031
3328,Bac Kan,VNM,2018,2018-03-22,0.11443239002322939,0.33339238180525055,0.10456398739934339,0.12810726520776872,0.35588441136621496,0.25579184928898596,0.13858759112703198,0.5555730163512639,0.5926724165070982,25.392353352800217,15.812832233837709
3329,Bac Giang,VNM,2018,2018-03-22,0.06869070770961437,0.21176176995674054,0.04350451058536011,0.07089967643492606,0.211231306408864,0.1532552658622847,0.07860514653555739,0.5302066901297829,0.3527948979803515,28.789107188109437,16.36867678802717
3330,Bac Lieu,VNM,2018,2018-03-22,0.1048521557372443,0.24081864075630988,0.05976446176452312,0.10065090785593286,0.22261191993060456,0.16835405671428186,0.10158850831797701,0.3445962569329898,0.33876949746663093,31.04485725334314,23.227174010686273
3331,Bac Ninh,VNM,2018,2018-03-22,0.13458011539451528,0.2396469596397782,0.09339225443844343,0.13251172464435068,0.2169424767923995,0.18488768679459422,0.11922435753579905,0.2980179378702524,0.24498660647347037,29.355795959602798,16.77780040430883
3334,Binh Duong,VNM,2018,2018-03-22,0.08004087384045115,0.35765867058862644,0.046500953573345306,0.09071834033961536,0.37292964932639866,0.2726519127344498,0.14664295851824694,0.624304895446809,0.4938521779804016,36.23164310050556,21.604055184358696
3335,Binh Phuoc,VNM,2018,2018-03-22,0.05753537002449797,0.3651466184712494,0.03125342489546441,0.07061346005219296,0.3735739164182154,0.2450057889156264,0.10991725640181123,0.7219951888059092,0.8826174558002188,34.59771878441855,20.63687856611835
3339,Ca Mau,VNM,2018,2018-03-22,0.12104139511316418,0.22672294961247944,0.08401481808723564,0.11693824790731153,0.2199663676779189,0.17359960945177078,0.11444490000642712,0.32840348658569085,0.3087006061139895,30.717826588742902,23.19953070123891
3340,Da Nang City,VNM,2018,2018-03-22,0.12775270457442536,0.3028613269812822,0.12442622670126582,0.14023784352233054,0.29954739153874926,0.21867748038294207,0.13015798770177264,0.447680493251496,0.43146884240394856,27.692667491797103,17.657037951422247
3346,Ha Nam,VNM,2018,2018-03-22,0.10333952235103348,0.252213597099308,0.07395475341790132,0.11204486515719451,0.2429167711598749,0.1928696356566667,0.11431548538541464,0.43320973842058924,0.38358510812875524,28.75106448294196,17.935820949639698
3350,Hai Duong,VNM,2018,2018-03-22,0.09782531751950393,0.2302746241005689,0.06281474281918707,0.10064382242434823,0.22047166122352657,0.17648443723556126,0.10513531460324366,0.41644535338673966,0.3421266053450159,28.880160449197707,16.809350240692
3354,Hung Yen,VNM,2018,2018-03-22,0.0992852568089831,0.23550337321883424,0.06220586775779404,0.10159848378097663,0.2277411106623715,0.1845653866751569,0.11474936201866442,0.41077415849102134,0.38352448170596104,29.46810530060555,16.954007353988477
3364,Nam Dinh,VNM,2018,2018-03-22,0.11352893455803892,0.2446269567780817,0.07585221408797543,0.11781846623099312,0.23205137743943813,0.19516591676286427,0.1227044284122583,0.3828007482899088,0.35191684211313595,28.20809946407736,17.996117814416117
3369,Phu Tho,VNM,2018,2018-03-22,0.09839982730887196,0.26594747878930336,0.07832976874931322,0.10630356725162769,0.2711676350167479,0.20119417667298323,0.10821296740277969,0.512044716341246,0.4446018900062271,27.635727282412283,16.90613379062834
3372,Quang Nam,VNM,2018,2018-03-22,0.1309331300582237,0.35657343383550166,0.12342016081648342,0.14470957251022673,0.35354528804157026,0.2451712218327204,0.13971039901647253,0.520358173024087,0.5790011767107024,26.879064814975216,17.449134005129952
3381,Thai Nguyen,VNM,2018,2018-03-22,0.07385817786853426,0.2677476915289324,0.06011879887978292,0.08542862170951815,0.2847288620097731,0.2028098131744688,0.10085980942822524,0.572641649965234,0.5283400965808849,27.248673430898023,16.788915028030807
3389,Vinh Phuc,VNM,2018,2018-03-22,0.08758745877565591,0.2634139546586561,0.05700708712917831,0.0929737638954116,0.2628424588184711,0.20012586876579513,0.11234991150803911,0.5115452169274946,0.5036793677588208,28.427918402804007,18.632678180859777
73933,Can Tho city,VNM,2018,2018-03-22,0.10150240996302608,0.24967857103498398,0.06575242470286138,0.10383590754679564,0.24091957091926972,0.18551445261487387,0.1046048454108141,0.42169262336566765,0.36244723304608206,34.34879742302224,21.203057897350785
73934,Dak Lak,VNM,2018,2018-03-22,0.07625523413514336,0.2949507159209323,0.040806302205305824,0.07470648574108106,0.3236546932156445,0.24464564644234954,0.14083703178848384,0.5949431361865828,0.5503330004815262,35.04535827091027,18.170273232330423
73935,Dak Nong,VNM,2018,2018-03-22,0.06620681568673922,0.3274698384455976,0.03702541648627089,0.0721628656658244,0.3469267843179499,0.23531330186198057,0.11633859775230566,0.6617775796941191,0.7836393502804689,33.15895149558488,17.85557666197086
73936,Dien Bien,VNM,2018,2018-03-22,0.2860760034377238,0.42357252090009806,0.260906355197041,0.2857998416614822,0.4466717740232859,0.3797108871970555,0.25872648678453775,0.27930129694739375,0.34842165656438673,28.60879414460338,15.963344600013585
73937,Hau Giang,VNM,2018,2018-03-22,0.10157692116380417,0.3559312537226827,0.06282983501003743,0.10933953303101923,0.34079410269296856,0.23465620175587262,0.12121414513947312,0.549247262495985,0.6104396232507914,30.768710373648656,20.49170460434534
73938,Lai Chau,VNM,2018,2018-03-22,0.22591649850391615,0.3849019717994042,0.2042483101159623,0.2289656522300659,0.41015245174210263,0.33221291144791315,0.21543231784786168,0.3494482008424108,0.41766942140339103,27.95145535681896,14.892998338212687
73939,Lao Cai,VNM,2018,2018-03-22,0.41663908477847333,0.5076319376702212,0.38550212192750966,0.4097681979543641,0.5288730932070106,0.46175118297061923,0.32803306067184795,0.1288982326054839,0.18002504695290283,26.506700272366363,12.883476228666533
3326,An Giang,VNM,2018,2018-03-22,0.10110482410725335,0.3537556393027926,0.06068551567209434,0.1071950106316859,0.3355088650172453,0.233519843170407,0.12371912171515019,0.5453934113372441,0.6221142083189131,32.61782179463502,21.264721135197284
3332,Ben Tre,VNM,2018,2018-03-22,0.08319087515605968,0.29893671098277774,0.0466203285514935,0.0892898282913411,0.277037995574689,0.17844523182915561,0.08944572639074219,0.5193599339361458,0.4920599574912491,30.57887331366005,23.145887179334366
3343,Dong Thap,VNM,2018,2018-03-22,0.08795224127757513,0.289740062758717,0.05141619355782211,0.09205041406471026,0.27910678068514205,0.20730676152650312,0.11232384632956176,0.5224253178770972,0.5292950166716043,32.33108413698713,22.244276109545112
3351,Hai Phong City,VNM,2018,2018-03-22,0.10105125490795808,0.21115764447538637,0.072639165670655,0.1038993293519689,0.20584868325211098,0.17087078707075873,0.10711681858363768,0.3810169977830773,0.26865856328590326,28.74074839380521,16.934875827508154
3352,Ho Chi Minh City,VNM,2018,2018-03-22,0.09003160627851217,0.25152719526110867,0.057866931458405,0.09262945955800729,0.2480701735516211,0.18680242165948915,0.11757761113134603,0.47063446409244797,0.44861321932373216,34.7394238409249,22.47988341196735
3356,Kien Giang,VNM,2018,2018-03-22,0.10446603408923255,0.2709011810680151,0.06408207018356996,0.1016871014050416,0.27661238876259653,0.2094796688485077,0.12227853177035104,0.42766731610020164,0.4799139257590617,31.362198216617973,22.286806124240687
3359,Lam Dong,VNM,2018,2018-03-22,0.0675737508562767,0.3404429057576105,0.03658048396538504,0.07457391284684683,0.36343070557422935,0.24245633180052364,0.11922685822375793,0.6703808943038911,0.8303941705018466,30.708969718879942,16.575519421518806
3362,Long An,VNM,2018,2018-03-22,0.10016573728639208,0.3050016848880882,0.055933819188042,0.09917387438490156,0.31877190953413104,0.24391002208216692,0.13966625714986095,0.49903076127986234,0.5823303167276567,34.62596046497553,22.41068184492823
3375,Quang Ninh,VNM,2018,2018-03-22,0.07437385191576527,0.20904870960265412,0.06448238757775611,0.08212375315868753,0.21377569243907102,0.15341278468863495,0.07983390498027783,0.50548104324656,0.340924214770334,25.918791964556394,15.867353613160539
3378,Son La,VNM,2018,2018-03-22,0.15960740381197755,0.30689965570056793,0.1357305293847532,0.16078968854389458,0.33680830041555954,0.2772188723152497,0.17337308249270525,0.40662437705514215,0.46450580083298837,29.259293645679236,15.710589495896226
3379,Tay Ninh,VNM,2018,2018-03-22,0.07772363364685608,0.3446455640862852,0.04609181684716515,0.08746770777675668,0.3564293277393713,0.25386960168531,0.13147241757707082,0.6237824080940462,0.8718372802341913,34.89444326014808,22.092511796836583
3380,Thai Binh,VNM,2018,2018-03-22,0.11824358252388477,0.2485128089342478,0.08388498445952926,0.12280820750161703,0.2316072768313386,0.1912069909851208,0.1202398410324682,0.37296269089608297,0.33359346148069896,28.977690741687766,17.400527831783354
3382,Thanh Hoa,VNM,2018,2018-03-22,0.06745580948043828,0.24809315881639243,0.04428513101386913,0.07404338201713846,0.25139509031324425,0.1789481247678885,0.08879589559710367,0.5936870314364879,0.48899996839121673,27.57570784874008,16.87674249760008
3384,Tien Giang,VNM,2018,2018-03-22,0.08711751481826127,0.2902399803548972,0.05027402158468354,0.08940393682045339,0.27790639808711654,0.19573301044495284,0.10587184734070634,0.5257168519089233,0.5205626009271968,33.92698588792428,22.707978884474883
3333,Binh Dinh,VNM,2018,2018-03-30,0.06556677200312276,0.329760838227871,0.04413453452549674,0.0764884302617415,0.3208470685866328,0.20100747370109973,0.09721400641798855,0.6893123110662722,0.6999371419800305,30.350993909751427,18.466875572215137
3338,Cao Bang,VNM,2018,2018-03-30,0.15024206396733764,0.34158894595214684,0.14039133527222522,0.1650427911190326,0.35429833160425556,0.2642872420711875,0.1483839064607514,0.46251420252124015,0.5066812615582961,28.621575329669124,16.255815762166705
3355,Khanh Hoa,VNM,2018,2018-03-30,0.07972301137408927,0.33606239508632035,0.05368455082704139,0.08767707502272215,0.3427981267748192,0.2322395873241043,0.1188358136130065,0.6345535371195155,0.7790389808569727,31.448077878064204,19.189005625913044
3360,Lang Son,VNM,2018,2018-03-30,0.06937200458744253,0.2785616664157729,0.056365624445276985,0.08271846749415211,0.28904463069210296,0.19425611626845488,0.08921496202002323,0.6202497991841662,0.5286686122975056,29.35788564414875,17.026251957675314
3370,Phu Yen,VNM,2018,2018-03-30,0.07891115029158373,0.3348072449026256,0.05533991248815384,0.08884801783540332,0.33248674795861244,0.22281942354975934,0.1139083325560177,0.6329289025951249,1.3107359745594913,31.75971092991434,19.207565497233045
3371,Quang Binh,VNM,2018,2018-03-30,0.06754398565511156,0.26902708107662143,0.05797383517437632,0.08042011477356126,0.27280896763015716,0.18438272612095505,0.08848951503048036,0.6446172822120068,0.5611564837633168,28.948877765466744,17.326086352929302
3374,Quang Ngai,VNM,2018,2018-03-30,0.0518798815982193,0.3048119588611533,0.034981266410947724,0.06391704867998146,0.29349939065536285,0.18066829791229588,0.08287515614987163,0.7283839363526557,0.6559814811169477,29.880645813324954,18.20958948261115
3376,Quang Tri,VNM,2018,2018-03-30,0.07205485667365315,0.2920914243351109,0.0600170498603181,0.08519236516163779,0.2893766928368446,0.1928113938843693,0.09475088492024426,0.6263560546296435,-0.10032969303659843,29.779333491134143,18.258372436141368
3383,Thua Thien - Hue,VNM,2018,2018-03-30,0.052654855620557044,0.28660782489099007,0.039673850227374775,0.06678970329382876,0.28404376050811364,0.18055920299909337,0.08197142815463371,0.6940037592077085,0.6048732069294281,29.443652449620483,18.81534642910488
3327,Ba Ria-Vung Tau,VNM,2018,2018-03-30,0.08502476858766674,0.29063784862670505,0.049172376037621326,0.08505584960168816,0.3050743993204331,0.2290545717132543,0.13062956984015905,0.5079740281055662,0.6982360767275843,35.01430549779682,21.710979437368234
3336,Binh Thuan,VNM,2018,2018-03-30,0.09806502779640909,0.33693965393291936,0.04936527787924736,0.09089003059175765,0.37916492410675834,0.29810458996729505,0.17657944540732196,0.5595165112190303,1.2397026796431871,36.26264031143936,20.326884497600034
3342,Dong Nai,VNM,2018,2018-03-30,0.07774075402782561,0.3254604126858897,0.04783387690477955,0.08523530917962123,0.33913190960891704,0.2368965149322871,0.12442591237616368,0.6073204244233724,0.7398446181173629,35.31936048683258,20.862332972085024
3344,Gia Lai,VNM,2018,2018-03-30,0.0785198827907148,0.30353890332524275,0.04002306400937865,0.07531881929825902,0.3381148185990924,0.25702389781765883,0.1484410356125551,0.5920855699070973,0.8694572437368826,36.742972736527314,18.750331936477618
3345,Ha Giang,VNM,2018,2018-03-30,0.33035660889961166,0.44222150134704463,0.31384551852719955,0.3324768056743799,0.4572690374935829,0.37003074195927116,0.24325169918659925,0.22931709280542237,0.355018881920455,29.879477205606207,14.572252507543798
3347,Ha Noi City,VNM,2018,2018-03-30,0.16789418070594014,0.3011486380427684,0.1413589573128398,0.17466668210358605,0.30193031455087965,0.25579186996566194,0.1662345953095912,0.2929644108587257,0.3323421071965794,31.565038502631765,19.08773065680394
3348,Ha Tay,VNM,2018,2018-03-30,0.1294087676391615,0.3139194425862542,0.09834200305205479,0.1386284724123296,0.30713825191432786,0.24375574816718212,0.14102316861265662,0.43246247410310984,0.47413087124164216,31.02682776296415,18.961222987908158
3349,Ha Tinh,VNM,2018,2018-03-30,0.08407828263492577,0.29467590924612647,0.06758035666209322,0.09679938681190961,0.2928348537555456,0.2092182733169243,0.10890519141905716,0.5913534916787874,0.4889166505686168,29.05340411303833,18.390058997017253
3353,Hoa Binh,VNM,2018,2018-03-30,0.16329152135640337,0.32952430629956997,0.15509393795417334,0.17574653940674745,0.3439401993044875,0.2647615023554236,0.15485167029941413,0.3824816389427514,0.4216098981972666,30.941872959811892,17.53541623807475
3357,Kon Tum,VNM,2018,2018-03-30,0.06308934841071526,0.34686590843938875,0.03922207901437936,0.07278318898823354,0.36165050141392036,0.2359391772690307,0.11261287094066455,0.6944753419639342,0.99677937809317,29.651099511492074,17.68973504223411
3366,Nghe An,VNM,2018,2018-03-30,0.15618927264749094,0.3344521916180317,0.1490000564243023,0.16829988291264236,0.33613474064156534,0.2471991971604288,0.14521919386041654,0.4210588861708957,0.4276362010665725,29.458780661572487,17.739310037553782
3367,Ninh Binh,VNM,2018,2018-03-30,0.1572951397180711,0.3223989929763009,0.13869048061242498,0.16916864794620765,0.3099594574690894,0.22910001585758255,0.1332135751659504,0.3650181597024706,0.3737593647836388,30.692369151752306,18.825587253432527
3368,Ninh Thuan,VNM,2018,2018-03-30,0.092879190683317,0.3181077910105111,0.047864671915618516,0.08669218090398488,0.3551734426991041,0.2787919930444536,0.1642794527173206,0.5664368475127913,1.689738076183702,34.49136473790751,20.166500242803266
3377,Soc Trang,VNM,2018,2018-03-30,0.1160505518725011,0.3117345871211325,0.06880396384339196,0.11289474470927735,0.30982721882531067,0.23557271866485777,0.13577748076166438,0.43331211551420207,0.5747786888558069,33.46485932919214,21.945973299298213
3386,Tra Vinh,VNM,2018,2018-03-30,0.12833699821308403,0.30577791077951527,0.07596611321748663,0.12084511082595359,0.31275874801289333,0.24049682086250496,0.14129543311758136,0.39849099850159087,0.5225269617952762,33.45619292372408,21.34445486440904
3387,Tuyen Quang,VNM,2018,2018-03-30,0.32599876192754135,0.43130220508845873,0.3228112170652394,0.33407324119374626,0.4353588521318487,0.3568246248352778,0.23482407328211113,0.1880732223342305,0.2081722892335044,30.132591731646112,17.42617166046306
3388,Vinh Long,VNM,2018,2018-03-30,0.12587132622853361,0.28311699854962696,0.10522490788467044,0.13152840453299658,0.2624480488369697,0.19399429653761963,0.1151911586856395,0.40271611872081114,0.35615667317328,31.64670627880574,21.932696832896053
3390,Yen Bai,VNM,2018,2018-03-30,0.4002463486334753,0.502852209848002,0.3815896963654467,0.4014724596077567,0.504609146033089,0.40528117672072045,0.2632808575665752,0.19969959904361606,0.23607256720713174,25.938032907568836,15.66059743446041
3328,Bac Kan,VNM,2018,2018-03-30,0.13124789463901987,0.3297229823658741,0.12968715516183357,0.14868735580237472,0.3405236873186332,0.24578919786673992,0.12784262967225885,0.49119832377795736,0.47592913933748443,28.776190717200084,16.08675841691005
3329,Bac Giang,VNM,2018,2018-03-30,0.11230559574088145,0.28072142141765954,0.08948563868683326,0.1181546334131185,0.28978050039036474,0.2171168241935094,0.12165921632973156,0.45820103055306677,0.43713302881044763,31.68253548820931,18.840629220930627
3330,Bac Lieu,VNM,2018,2018-03-30,0.1160875979846956,0.221562690607963,0.07423456082889955,0.1099073209727179,0.21020482347225078,0.169098581884146,0.10928146536296482,0.2835398189952169,0.26260160296664325,32.52643588694678,23.49413504666377
3331,Bac Ninh,VNM,2018,2018-03-30,0.12971267166828448,0.3050813247192308,0.09329130306882986,0.13802822563661435,0.28953086123575583,0.23083629712416331,0.13729804410976565,0.4125717539065934,0.42012391219083073,30.0258995590256,19.950316191686163
3334,Binh Duong,VNM,2018,2018-03-30,0.07946443403445827,0.3740413833731672,0.049155458531551156,0.0929433382730306,0.3889552950141935,0.279468370939251,0.14348728044982956,0.6436993103366708,1.6256646737721374,34.78234677232112,20.627420815255114
3335,Binh Phuoc,VNM,2018,2018-03-30,0.058655653162267514,0.36979402599200545,0.03585278726877504,0.07378368863474355,0.37825530635338844,0.2437071677441491,0.10530540174555382,0.7287026635098395,0.8628332697279942,34.14537446290609,20.28670055405059
3339,Ca Mau,VNM,2018,2018-03-30,0.09833604392247128,0.19402746007661958,0.06591573606651913,0.09689565523710028,0.18261768755955385,0.1397938787037117,0.08751001960658325,0.3256885304619795,0.23117986727880188,31.47599993680991,23.731634097413757
3340,Da Nang City,VNM,2018,2018-03-30,0.05120775303269485,0.2332284758270039,0.03816151872367901,0.06017328102118075,0.2261184352426581,0.14637560661157942,0.07529229313647387,0.6658088906778845,0.4514347578228451,29.338370221328113,18.547997934076562
3346,Ha Nam,VNM,2018,2018-03-30,0.17792607923985979,0.3450543339986747,0.16548360709001556,0.1911462303069817,0.3301657111288458,0.26175994509344125,0.1618330728411496,0.3417607600315098,0.38685245686783537,29.9811115864107,18.790513508667672
3350,Hai Duong,VNM,2018,2018-03-30,0.17312253213494916,0.334653626586231,0.15634079875995932,0.1843243740845655,0.32555258909778056,0.25960799974612564,0.1599488715493887,0.3438652299255371,0.39047731262589763,30.0393115214676,19.42838839716589
3354,Hung Yen,VNM,2018,2018-03-30,0.1297048313636245,0.3220455503442692,0.09631982768362399,0.1390610749334502,0.30999015322361073,0.2470862084992779,0.14752055061449493,0.4385952753315413,0.5111986836764872,28.721444065902702,19.304821194824385
3364,Nam Dinh,VNM,2018,2018-03-30,0.1501926453264776,0.3413978489471899,0.12829204563580435,0.16294521429001838,0.32070363418101155,0.2602915759145413,0.1631000636259342,0.40913046017168186,0.4979419601787504,30.06152632150745,19.874112299952994
3369,Phu Tho,VNM,2018,2018-03-30,0.3571645135043137,0.4592501087328815,0.33362081868615034,0.3578865494429013,0.46635283720638426,0.41162448279508745,0.28855435722797607,0.16297243566416714,0.20923326465692366,30.76507969104176,17.82331294702068
3372,Quang Nam,VNM,2018,2018-03-30,0.04159977736718683,0.26475448590172707,0.03317123927150952,0.05456026018031351,0.25208684601001213,0.14687938878205012,0.06100455114234715,0.7484794010598343,0.55718939717477,28.73598338302465,18.172224802155057
3381,Thai Nguyen,VNM,2018,2018-03-30,0.16252060771015406,0.33913655596925685,0.15078002624172626,0.17543888525708196,0.349569180005305,0.2736659375095768,0.15948244031565048,0.39189271789017,0.42706258915140216,30.181898583350073,17.587588424021135
3389,Vinh Phuc,VNM,2018,2018-03-30,0.14416613422191846,0.33765806106768587,0.11887729224478384,0.15498521759405973,0.33987355674452363,0.26703458899485366,0.15407420078947867,0.4206710367388108,0.5029931001999187,30.84149154734033,19.48453649506472
73933,Can Tho city,VNM,2018,2018-03-30,0.08525743018552884,0.26482197654299916,0.05896706363200544,0.0995876000793472,0.24325352543792508,0.18152331146235606,0.09676936800546629,0.5060060669623309,0.42758316797896334,33.76380214140044,22.818653354648426
73934,Dak Lak,VNM,2018,2018-03-30,0.07323375847830835,0.289476783133283,0.0382124850977562,0.07159938306719567,0.3180648150165248,0.24001301821297025,0.1378294582425168,0.5973049011780938,0.5812291831704206,37.61746161396958,19.350301404951455
73935,Dak Nong,VNM,2018,2018-03-30,0.0637504349507818,0.3275485284286069,0.03534934738702072,0.06947348884400739,0.3507168797209721,0.23971592706792727,0.11979117060972,0.6666785294219382,0.83851412267625,34.69801271978216,18.696932370427728
73936,Dien Bien,VNM,2018,2018-03-30,0.0699183924546545,0.2959808855288228,0.05036219003371195,0.07906726191941835,0.3254495782204787,0.23498923535410648,0.11764568829151348,0.6347306654656809,0.7445562486938955,30.110848528961068,17.31283007425572
73937,Hau Giang,VNM,2018,2018-03-30,0.10127621456449239,0.2967898132985636,0.07086561241574589,0.10658252065605472,0.2848810716162685,0.20426186339577757,0.11130860768000225,0.4945607516465776,0.47101415268006486,35.20081538938417,21.938703079296957
73938,Lai Chau,VNM,2018,2018-03-30,0.08017187455221825,0.2792682966671931,0.06438814523557966,0.08967296403613695,0.2979865131605479,0.20852723134246962,0.10363729246935449,0.6153748747774374,0.5680925080346453,27.730513672274242,15.591106841019416
73939,Lao Cai,VNM,2018,2018-03-30,0.3124101482787249,0.434388460786341,0.2988431448438275,0.31671907667302396,0.44695289639477676,0.35860064557360205,0.23349249918520396,0.24609539366032815,0.30934203056513854,28.212294690017497,11.901630033115248
3326,An Giang,VNM,2018,2018-03-30,0.1122310728550286,0.2915989294973073,0.07705290790471615,0.11274997514564968,0.288866265393401,0.21796863451554818,0.12684551209198147,0.44707606981477865,0.4658608875618787,30.65692953953482,22.419019320466784
3332,Ben Tre,VNM,2018,2018-03-30,0.16098046706401073,0.31777072308360754,0.11383897495528712,0.15562600553227063,0.3001129312784198,0.21421455414531893,0.13304485587404902,0.4073222403709621,0.3769592281178622,30.690263796344517,21.545287792100225
3343,Dong Thap,VNM,2018,2018-03-30,0.10013430255461814,0.2916729568698191,0.07219369870599833,0.10778479520943278,0.27487924433332317,0.2047854551906029,0.11574485902244414,0.4822568178982171,0.48064335535982594,30.302543962723682,22.133685141496276
3351,Hai Phong City,VNM,2018,2018-03-30,0.14473674123677227,0.26710624945504363,0.13031758635121596,0.15390685444006738,0.25635921327801425,0.210534576772063,0.13528569337856594,0.3251688856978003,0.3028716610291971,31.42815100484571,19.36500274873282
3352,Ho Chi Minh City,VNM,2018,2018-03-30,0.13858965558931047,0.30580614354697244,0.10497058740511678,0.13846364167955566,0.3099525761147913,0.25044146255153343,0.1749592325804545,0.40591252006539974,0.7215659579290495,30.984250429885126,21.8876678537057
3356,Kien Giang,VNM,2018,2018-03-30,0.10348573421431399,0.2332692120427499,0.07181021821357629,0.1017569768926204,0.24054237737176337,0.18898833746803398,0.11226671700347274,0.38417449815849386,0.35168116949042577,31.683661263819367,22.785706337042935
3359,Lam Dong,VNM,2018,2018-03-30,0.05542877356514003,0.31239845460371685,0.03029671041147884,0.06303364175097954,0.33383530935324573,0.219836483569984,0.10456825372714613,0.6955186831011108,0.7864227342679898,30.87926297454345,17.15195350386302
3362,Long An,VNM,2018,2018-03-30,0.1492003112550174,0.3297337433002488,0.10722486074589048,0.14655034879298762,0.34393385794969117,0.277904228916173,0.17130866760363567,0.40373646476743297,0.7316925532927232,35.288473867312895,21.72918357653017
3375,Quang Ninh,VNM,2018,2018-03-30,0.09174033634262094,0.24096326204537538,0.08146963402300784,0.10186991796470352,0.24685716687425127,0.18189220375574894,0.10096564013961781,0.4866871169919095,0.3935209926253494,30.138800462552762,18.198450440422892
3378,Son La,VNM,2018,2018-03-30,0.11420410196556553,0.31348509612333336,0.08944861631419711,0.11893479103558628,0.3513181159455736,0.27890843179915703,0.16252341660187367,0.5162765410539266,0.7987200348611584,31.178378696903035,17.609819647672715
3379,Tay Ninh,VNM,2018,2018-03-30,0.09650171533691237,0.36991376874462095,0.07047983851882608,0.11062693901433109,0.37505146390529026,0.26560432908642845,0.1331081274901348,0.5865376805935127,0.8003596619951826,32.33640390865512,20.89402611243232
3380,Thai Binh,VNM,2018,2018-03-30,0.14064305056161375,0.3229536343723362,0.11980101827587523,0.15179426227298695,0.2994824298920846,0.24682949343456156,0.15549638689912507,0.4309023233356267,0.48831024311546256,29.89762238388657,19.703142826179956
3382,Thanh Hoa,VNM,2018,2018-03-30,0.15792462386828005,0.33834894787829284,0.14611590471035002,0.1694435359415805,0.342308505677245,0.2560911648623129,0.1482705938141316,0.410611609991465,0.45119366160557234,30.716508661665042,18.45646334398742
3384,Tien Giang,VNM,2018,2018-03-30,0.11967516888917142,0.3168813028297716,0.08696894895892264,0.1231321187760693,0.3009911518545173,0.22316062010511595,0.13261745473708503,0.4795890407510493,0.4300782055866688,33.736237859238635,21.82673281949454
3333,Binh Dinh,VNM,2018,2018-04-07,0.041953992584867046,0.26845331529941696,0.023886676975771685,0.0510490857231161,0.26055709255163956,0.15798785495503392,0.06975744593960434,0.7370615877313506,0.5803013231234005,32.97360325269396,20.97830356177998
3338,Cao Bang,VNM,2018,2018-04-07,0.0425879618413122,0.22198909424116783,0.025868292924832687,0.051992639085544405,0.22416330530573772,0.14592161970422826,0.06614656373179979,0.6789021107946852,0.4616879087127379,25.51038441871487,14.853232308155453
3355,Khanh Hoa,VNM,2018,2018-04-07,0.05428867685417155,0.278948042705639,0.032558042984141784,0.061324586398133735,0.28299171340734064,0.18649741974396808,0.09048000941788167,0.6939767377826408,0.6483092701645637,33.53508599655827,21.161865356481382
3360,Lang Son,VNM,2018,2018-04-07,0.0555580278735905,0.27940353774590704,0.035973444298065774,0.0667625161086946,0.2884275221910597,0.1899092174371594,0.08750425044421158,0.6696988062182053,0.5991420391624491,26.371958393228784,14.884100537716103
3370,Phu Yen,VNM,2018,2018-04-07,0.045622363215413186,0.26024103574333,0.025263080881116173,0.05322200232181975,0.2588944481835436,0.16843368697477232,0.0795190351826917,0.7043012228143493,0.5555217521880423,34.78622066510281,21.57635713186804
3371,Quang Binh,VNM,2018,2018-04-07,0.04148418936903134,0.2677827396204383,0.02866370494519284,0.05465792192171069,0.27424440349783336,0.17978552722814822,0.07820955821268682,0.7451691228659365,0.7941348546150393,31.590923462045343,21.41878332472554
3374,Quang Ngai,VNM,2018,2018-04-07,0.0434098033846514,0.2820244219747685,0.026388752397135517,0.05435578746792671,0.27647567613927115,0.17118586171382277,0.07642889153565036,0.7404737107621908,0.6270567513361511,32.69344413345607,21.11344230851425
3376,Quang Tri,VNM,2018,2018-04-07,0.04483618956340757,0.2696483589430929,0.0314299188462324,0.057419498363232714,0.26572076909923237,0.1730143805657369,0.07727958111998366,0.7182927431221339,0.5899352732991308,33.16016949321366,22.411648838371356
3383,Thua Thien - Hue,VNM,2018,2018-04-07,0.04195863316972401,0.246656965842495,0.033366259892243115,0.0551855319349151,0.23857952904323684,0.14877228955566865,0.06392893069767179,0.7230264973169908,0.5404210274778554,31.98911426139966,22.116706930636802
3327,Ba Ria-Vung Tau,VNM,2018,2018-04-07,0.09229332696643333,0.2980620357765952,0.04874103994216265,0.08861396321533965,0.31835691079496026,0.245304194904987,0.14675063327782475,0.488293703445774,0.7921161853939206,37.471409465042285,23.20231743517864
3336,Binh Thuan,VNM,2018,2018-04-07,0.09840815632572443,0.3199730964402891,0.04745843467497581,0.08814141670519166,0.3606237529709236,0.28681027503695794,0.17380288190953078,0.5490427265738006,1.0211434960763448,38.31459616176662,22.992334494390214
3342,Dong Nai,VNM,2018,2018-04-07,0.06657029453394303,0.2859903545403524,0.037345500697300894,0.07112281849417035,0.303015364964709,0.21251825547310127,0.1136845671315492,0.5926807715881666,0.7197321607001422,38.124095245171716,23.40167637440325
3344,Gia Lai,VNM,2018,2018-04-07,0.06718937656942792,0.2539920605543459,0.03358597721553474,0.06238303584973758,0.2826398334093504,0.21635854377129926,0.1264050652038059,0.5884948536544855,0.7354878005314631,39.75909434901865,20.008736268655525
3345,Ha Giang,VNM,2018,2018-04-07,0.04659284345299103,0.21241006526100698,0.02926737965247545,0.054018751755862696,0.22399075007273284,0.15611169133896327,0.07506926284609906,0.6503785486315845,0.45279575314534526,25.235022841749824,15.155746502927151
3347,Ha Noi City,VNM,2018,2018-04-07,0.10120185409468341,0.2687668918237522,0.06401277129242242,0.10421367675092369,0.2618284512527881,0.2091584164658721,0.1332972265437979,0.45177539067755645,0.48668733053580737,28.11632029223751,16.327566345298035
3348,Ha Tay,VNM,2018,2018-04-07,0.09809804670953168,0.3221985279824534,0.06437893863904022,0.10881536207852656,0.30532462655139614,0.22694775926720906,0.12918355142449056,0.5296456873664228,0.6111983736314948,26.928956407212365,17.814973137058722
3349,Ha Tinh,VNM,2018,2018-04-07,0.049565022745432695,0.2918823637991001,0.031204174174377836,0.06406372687017636,0.2923279603333453,0.19693977127054527,0.08992433824784904,0.716277856352106,0.6861985193246293,31.01834344148444,21.126280456601673
3353,Hoa Binh,VNM,2018,2018-04-07,0.0708952198833281,0.30331097556529457,0.050338805788184296,0.08380532235220058,0.31631703155448676,0.22221414451878402,0.11052705144534106,0.6244946217207844,0.6610155777647203,28.85153711840754,17.807045870883297
3357,Kon Tum,VNM,2018,2018-04-07,0.056265975637385585,0.2963398768814114,0.038031763116488114,0.064333470132849,0.30307687828977115,0.19533807131710254,0.09240683390322318,0.6923590968859512,0.7146968144871754,32.62026480606507,18.71414399201933
3366,Nghe An,VNM,2018,2018-04-07,0.042343356565682104,0.26972380294903603,0.0270707607277327,0.05467413590511197,0.2717471280391613,0.1764706685846879,0.07715915249590867,0.7365628600252933,0.6192496005350131,30.92200100033579,20.25802702572184
3367,Ninh Binh,VNM,2018,2018-04-07,0.07594993465466371,0.32514595850016886,0.04396904270594869,0.09021143533297883,0.3108135850433449,0.2215921126667827,0.11501470501872382,0.6119094740781885,0.6890161864169412,27.2129934017635,17.98028513903899
3368,Ninh Thuan,VNM,2018,2018-04-07,0.09747365766675271,0.3187904615652618,0.05052356040237242,0.09060334818290848,0.3542695576432706,0.28120627890657907,0.16908369275900723,0.5534541750525107,1.1308725640151498,36.15097744606911,22.073541929744547
3377,Soc Trang,VNM,2018,2018-04-07,0.1386888345632708,0.32873068601802147,0.08559724233707194,0.13171891201784625,0.3376341729142895,0.2665698684758611,0.1595871491229712,0.38910569450825977,0.6014269310127972,33.51097866241369,23.496990242044888
3386,Tra Vinh,VNM,2018,2018-04-07,0.11805124889520356,0.28683218217899475,0.06620103045880414,0.10989165015797434,0.2927261700789362,0.22845647704440042,0.1371307307971978,0.38741241993940556,0.5083222939150523,33.370854687371974,23.7456228675701
3387,Tuyen Quang,VNM,2018,2018-04-07,0.05191931295402254,0.23206180278343536,0.04126871871959016,0.06289437030769765,0.22981296674310805,0.15178860115244933,0.06938201428478874,0.643016719632782,0.44382743675706826,24.511341190982826,14.93611190003688
3388,Vinh Long,VNM,2018,2018-04-07,0.08301706683201748,0.31797111435229536,0.05204368096057254,0.09544177696134602,0.29485141588682845,0.2016012387479973,0.10150724684224499,0.5690991736397666,0.5718749372388743,33.60873592226798,23.283287439106296
3390,Yen Bai,VNM,2018,2018-04-07,0.04944543914020789,0.22222861752761133,0.03732974660545126,0.05958675068243604,0.2268053173411563,0.15226817686649427,0.07023299754917749,0.6467995034447732,0.44337574216380454,26.222280361573066,14.857416222677445
3328,Bac Kan,VNM,2018,2018-04-07,0.04098949437135181,0.22320796152662503,0.031215954543757928,0.052165066171829956,0.21899284227956492,0.13590472079009885,0.05667057112369318,0.692872115841001,0.43805948752812374,23.640191254664206,13.787685640019163
3329,Bac Giang,VNM,2018,2018-04-07,0.07905589436696131,0.2950601101890404,0.04757818485664983,0.08449580070277314,0.30660114292249474,0.22445891237041968,0.12214420221475127,0.5784890626538951,0.651060177337233,28.84632121238294,14.84332700884923
3330,Bac Lieu,VNM,2018,2018-04-07,0.12917663194434134,0.2333818859946233,0.0889295078875832,0.12330814197353807,0.22650303419776838,0.18085301948157545,0.11370730577584658,0.27038672930476365,0.26021926545660334,32.71929280842498,24.77162880159735
3331,Bac Ninh,VNM,2018,2018-04-07,0.08775516305770953,0.2987425194692033,0.05040408538480989,0.09663156501304306,0.27157363197439843,0.205064961785873,0.11749666842350949,0.5378086384878005,0.5704164690463432,26.764886159901096,15.527326348527893
3334,Binh Duong,VNM,2018,2018-04-07,0.07000619670119954,0.32237450725717093,0.04069360905763396,0.07640889393935682,0.33754124696088117,0.24748669268847778,0.13512022248253144,0.6410363096690163,-0.35155333403422384,38.583657433231934,23.57420326530925
3335,Binh Phuoc,VNM,2018,2018-04-07,0.04623773625739145,0.32315655996502896,0.024734419979875837,0.057932891434906555,0.3281509840263175,0.21018123564485658,0.09081912021069154,0.7427029983639222,0.7719219324897943,36.764675369318475,22.398667846881306
3339,Ca Mau,VNM,2018,2018-04-07,0.0898424877540352,0.2110853774197358,0.05709175649834854,0.09119891583513326,0.1953129887790736,0.13731451909848844,0.07628977606023396,0.3952237111862847,0.2765589104092136,31.57261260530482,24.802946310190542
3340,Da Nang City,VNM,2018,2018-04-07,0.052292553213112825,0.24767050264383764,0.041157570727391755,0.06408460688936925,0.24290447560244965,0.15840122982276655,0.07850491677450777,0.6685352614941731,0.5603533698309945,31.77043079538693,21.067313039499897
3346,Ha Nam,VNM,2018,2018-04-07,0.08582357478954958,0.33743567137768177,0.054227755435093165,0.10108955611200618,0.3163017268896074,0.22767637081189268,0.12179081532218951,0.5866176028673831,0.6789576660818298,28.47479491618443,16.81882647364199
3350,Hai Duong,VNM,2018,2018-04-07,0.08641204027175384,0.3275186703602342,0.05155337911443079,0.09948017353118732,0.31172815455415415,0.22866333182504753,0.12619851177693286,0.574039912291779,0.6818439612748296,26.920754403252513,15.706614591317695
3354,Hung Yen,VNM,2018,2018-04-07,0.08908695521012369,0.3405294116028589,0.05305706564943381,0.10184672538944607,0.32108674728274467,0.23658334635335915,0.13270092309536696,0.5763664730181985,0.7258045839577626,27.259653686927678,17.443281947461532
3364,Nam Dinh,VNM,2018,2018-04-07,0.07644640120611586,0.35714926661806534,0.04358850715954229,0.09524796456088618,0.3254641018582076,0.23367400103739316,0.12230504688941815,0.6318048534744759,0.804199329032341,26.681169725941565,16.284529159652717
3369,Phu Tho,VNM,2018,2018-04-07,0.0856123571811434,0.2786065397983451,0.07220906398115007,0.09708117532897108,0.2718299522995763,0.19078002153299517,0.10098060136449452,0.5422470487650067,0.48300879547152004,27.25470272861217,16.67877099550725
3372,Quang Nam,VNM,2018,2018-04-07,0.042053173859204915,0.2728355952338662,0.033714278516763126,0.0561264307433572,0.2655755277228813,0.15846816546800926,0.06544769831717658,0.7433589958123544,0.6015927651225044,31.82711392496448,20.927488109351366
3381,Thai Nguyen,VNM,2018,2018-04-07,0.05663765123686534,0.23858558417319103,0.04123076389115955,0.0659981014915194,0.23213127023904553,0.15648384663730278,0.07637103358461861,0.6219150970537743,0.4581508616678954,25.625851907275308,14.89648819391628
3389,Vinh Phuc,VNM,2018,2018-04-07,0.07780624884321555,0.29576573019535535,0.04898068339374426,0.08599641065802822,0.28143281052708496,0.20116027669299016,0.108966971915082,0.5837825985752491,0.5914916411407104,25.349900159199873,16.559450414151904
73933,Can Tho city,VNM,2018,2018-04-07,0.07623666306665694,0.3302181417751719,0.051030789862299364,0.09985061142764265,0.29989573020040794,0.21163752328067414,0.10500774162748017,0.6072316504402204,0.6529371336018116,34.04211594600066,23.66203147502041
73934,Dak Lak,VNM,2018,2018-04-07,0.06742318335720372,0.25809430629536373,0.034328637122030804,0.06401049069026885,0.2847015934467964,0.2166965710421398,0.12638474781832515,0.5902860872315049,1.6236232783754122E10,39.734530551642855,20.76769883954897
73935,Dak Nong,VNM,2018,2018-04-07,0.056175359470085715,0.2754645558444325,0.029856435737565763,0.05854513321480319,0.29224157390456595,0.19801602363574503,0.09960048335629614,0.6577965930208327,0.6484949492075383,37.813164602048694,20.360017902627888
73936,Dien Bien,VNM,2018,2018-04-07,0.04945113169221725,0.2621464959494218,0.030232369774431014,0.05736853852618699,0.2862785138132331,0.20002300346570906,0.09765883524873324,0.6849982154062696,0.619272801548237,30.89926519540947,17.92089155799205
73937,Hau Giang,VNM,2018,2018-04-07,0.11429750921158043,0.305447873740317,0.08316283386415407,0.11812260595112628,0.29845595661151636,0.2197630019844742,0.12345438982432624,0.470502610270724,0.46982563732154237,34.99922990381428,23.21833887217704
73938,Lai Chau,VNM,2018,2018-04-07,0.03928559149252211,0.25627875081167323,0.020673099340376932,0.04926375173723273,0.2731175695960948,0.1797983434092916,0.07992568610790587,0.7357000221896091,0.6368768766428574,28.42275122757643,17.223572951021623
73939,Lao Cai,VNM,2018,2018-04-07,0.04513386758925202,0.21415997371396714,0.030690214865282266,0.05429156096517188,0.22289006876879328,0.1520098418303586,0.0708439937196933,0.6672839876343352,0.4488852104011797,26.777027786204577,15.580822735325395
3326,An Giang,VNM,2018,2018-04-07,0.10687682411920527,0.3031765062279819,0.06393737703208081,0.10485028458910683,0.30417052276712603,0.23280742957662187,0.13530098445015962,0.46317109485681623,0.5377976806216876,35.298359936968865,23.254590857496535
3332,Ben Tre,VNM,2018,2018-04-07,0.08229193718055874,0.2961498797506086,0.04792395178098017,0.08849096094949781,0.27624835125840885,0.17876760300356753,0.08873221375556134,0.5076209901113755,0.49988513851471394,32.74833203852014,23.56783884617333
3343,Dong Thap,VNM,2018,2018-04-07,0.08288773940507298,0.3338779553762371,0.04785058788119568,0.09431198171766812,0.314759555003722,0.227525657246245,0.12326989753747587,0.5643506975496924,0.8864639653290529,33.27968413403661,23.378577721409428
3351,Hai Phong City,VNM,2018,2018-04-07,0.11022686790802615,0.2905410011496072,0.08089907883987789,0.11970918859569717,0.2745058281118167,0.20924598261774724,0.12440033931477076,0.43868636855961624,0.475209517829004,28.938492390993524,16.09002256654223
3352,Ho Chi Minh City,VNM,2018,2018-04-07,0.08804040736054237,0.24572747453515026,0.05788371925781902,0.09083229434848228,0.24434361366545057,0.18737857041361689,0.12238361280694465,0.47472468233983584,0.5007640112236922,36.37076145423553,23.837103377060004
3356,Kien Giang,VNM,2018,2018-04-07,0.10384770837937908,0.24891322608522023,0.06950544379859352,0.10252349986010231,0.2580338324105797,0.20494013978183176,0.1214386015449401,0.41284380223688555,0.4282067496003742,34.11090895838717,23.658406647535326
3359,Lam Dong,VNM,2018,2018-04-07,0.05469793985582428,0.29058736310434335,0.02869125403303654,0.05997526135191593,0.30858859566463936,0.2039178597533269,0.0997148161380084,0.6888714063376442,0.721506556105771,33.787367812274994,18.436046612532223
3362,Long An,VNM,2018,2018-04-07,0.10304477484275745,0.28233778471642157,0.056145803212052176,0.09638386170968655,0.30752682987449464,0.25434723579364366,0.1598842141838094,0.45644423199044726,0.8971493523267878,36.86173570662888,23.10406247827691
3375,Quang Ninh,VNM,2018,2018-04-07,0.07796182557002171,0.2686024883272088,0.061052554291426614,0.0881040008736177,0.27820352761598216,0.19425359335471304,0.09958038929116551,0.5432930134374062,0.515274771081048,26.772307679991727,15.727691644112149
3378,Son La,VNM,2018,2018-04-07,0.05500698095401287,0.24063652089386756,0.0326578993969305,0.06000463224371799,0.26790677379248473,0.1995591349768853,0.10591046526111483,0.6293102473256942,0.6190851776251772,31.683925576071204,17.535703068951392
3379,Tay Ninh,VNM,2018,2018-04-07,0.06935022252025043,0.32169442238376217,0.04042317246535921,0.07694248680532918,0.3323201204877872,0.23897214109129683,0.125908907681901,0.6364362288100206,1.247723367454689,36.46324974821284,23.54394202296515
3380,Thai Binh,VNM,2018,2018-04-07,0.07692888482471873,0.3658824822796424,0.04470314342940474,0.09890812950626829,0.32978798994674563,0.2342866094114772,0.12168205784664926,0.6418186631476122,0.8058522496148418,29.092193086657613,15.881850488812148
3382,Thanh Hoa,VNM,2018,2018-04-07,0.05453251086092522,0.28360625770577386,0.03536866598215709,0.06631071208207355,0.28331337966801895,0.19204496256212908,0.0901186821479149,0.6815972069705366,0.6244381442053977,29.220892037978555,18.822595721720067
3384,Tien Giang,VNM,2018,2018-04-07,0.08881486900183108,0.3276542739152786,0.05351622715141212,0.09634562613031722,0.31188921380994966,0.2209779307025679,0.1197255370918399,0.5532084112233211,0.6420462412114367,34.94132953111132,23.356534390553616
3333,Binh Dinh,VNM,2018,2018-04-15,0.07217878251098905,0.28479934083371045,0.053710494314684075,0.078904655548073,0.28235069637917815,0.18534244584640316,0.0956197785263398,0.6438638605963968,0.5878611908797189,31.41097925199954,20.351656722651587
3338,Cao Bang,VNM,2018,2018-04-15,0.24147497252042946,0.37677191844305236,0.2442191609839766,0.25443486696398765,0.37273450173735234,0.268154135678613,0.16315995434163846,0.2699120835092213,0.2826663414222431,26.97212206338396,14.8833043665991
3355,Khanh Hoa,VNM,2018,2018-04-15,0.08780897120099511,0.2908248456292256,0.06648865701339755,0.09243899297502414,0.29792754391346776,0.21055796732086335,0.11615808204808198,0.5817523862492988,0.5925381364420851,32.48905838356064,20.651539089046675
3360,Lang Son,VNM,2018,2018-04-15,0.2578846596703512,0.373244250250609,0.268011580194549,0.27088969508990907,0.36551804012968875,0.26121740488581796,0.16984502707914167,0.21184859020066102,0.19338911928321348,28.26256568949489,14.20813831897138
3370,Phu Yen,VNM,2018,2018-04-15,0.10832468281241267,0.302516886595325,0.09112403038219649,0.11424863285580204,0.3036264657499537,0.21794161853401955,0.12398741734298195,0.5272532280065162,0.5517772566752902,32.94634540375175,20.783436015961488
3371,Quang Binh,VNM,2018,2018-04-15,0.04632607672927369,0.2586022947251323,0.036206622474326614,0.059693931983602413,0.2591823635818043,0.1701079601818955,0.07766606202673186,0.721049535707637,0.7357280037056425,28.468238609345168,19.203380569744095
3374,Quang Ngai,VNM,2018,2018-04-15,0.04680681500744783,0.26947923140774405,0.030508801291575887,0.05535548074052952,0.26617111422914863,0.16713606049933505,0.07700736146603868,0.7219023600971493,0.5855248062048642,31.45647783464061,20.61090286459286
3376,Quang Tri,VNM,2018,2018-04-15,0.08584244434982025,0.27939478739068097,0.07950262142303319,0.09781904901265903,0.27487206742675707,0.19430913906704872,0.10771770864891793,0.5896508288232605,0.5040360515094437,30.575856471567764,20.122892527511755
3383,Thua Thien - Hue,VNM,2018,2018-04-15,0.06281055984184358,0.2651082101469495,0.05186610885684627,0.07377531223604498,0.26016140349217326,0.17250113839830347,0.08734084892673577,0.6588435898279972,0.5319632787486104,29.7157685482907,20.6738410841727
3327,Ba Ria-Vung Tau,VNM,2018,2018-04-15,0.09643086178896638,0.26021645632867524,0.06583537414701189,0.09368689004009896,0.27461505919465745,0.2135742631926672,0.1300973674019246,0.46895444074278475,0.5252601822679043,36.965998086739845,22.76912564149626
3336,Binh Thuan,VNM,2018,2018-04-15,0.0915622756093889,0.30688462699467345,0.04632897679915384,0.08340773332248455,0.34045147582935725,0.2663029703986817,0.15616994386556113,0.5509000044487259,1.8213696819584713,37.77168670509418,22.055078458043848
3342,Dong Nai,VNM,2018,2018-04-15,0.11057828507970617,0.310168516021998,0.09014273920288461,0.11669270272479693,0.3197490238840856,0.23173490540969444,0.12916751667627216,0.49121857282956105,0.3683924635789151,35.02322675994004,22.145250486533797
3344,Gia Lai,VNM,2018,2018-04-15,0.080193992715674,0.2791332644101657,0.04212779484502909,0.0740452909003097,0.30990678721991494,0.24189243076189917,0.14501069242756992,0.564649314651919,-1.755213473921332E10,38.78351598610492,20.427498848769766
3345,Ha Giang,VNM,2018,2018-04-15,0.28854004082632984,0.41159868788028214,0.2822927960695502,0.29457494166815384,0.42105578931715437,0.3368848921455833,0.21821741536330028,0.24734764844721333,0.28360037368553315,29.10154501548682,16.637455537971608
3347,Ha Noi City,VNM,2018,2018-04-15,0.1772390469187676,0.3094367843495106,0.17706103424744052,0.19042070991549623,0.3002883089328849,0.2408253275776142,0.1524442361711479,0.2945467547329473,0.30143505117024794,28.864038254632444,18.27755169191822
3348,Ha Tay,VNM,2018,2018-04-15,0.14725486305477908,0.3531381931702972,0.12960173609810302,0.1595280343638163,0.3387411711262587,0.2659220639202573,0.1600977744369196,0.4383399400931534,0.5549105129320914,29.729535089680464,18.90436283674486
3349,Ha Tinh,VNM,2018,2018-04-15,0.05786088274940918,0.27696582530383873,0.04246642166518668,0.07112797606403651,0.26996350418599924,0.18405308005021478,0.08984737125211446,0.6801150227679765,0.6020130273733132,28.20884787623492,19.699235325462055
3353,Hoa Binh,VNM,2018,2018-04-15,0.10332306121984916,0.3128991816485137,0.08882506916129485,0.1145324813861351,0.3276893437899497,0.24753055588550324,0.13696909600875173,0.5585680150675914,0.6514523982341776,30.630434646024657,20.035928973229346
3357,Kon Tum,VNM,2018,2018-04-15,0.09245706537085488,0.3776060901462004,0.06445966963214712,0.09975106931355257,0.39295315134876985,0.2768054556632753,0.14795182982243452,0.6253646620576959,1.047334072881863,31.503010066756065,19.040251446972373
3366,Nghe An,VNM,2018,2018-04-15,0.0706834985662819,0.30211087711269863,0.05862942120041281,0.08431516699068664,0.30124643515208976,0.2062381984025944,0.10002265720284137,0.6754966042166105,0.6462947167900269,30.12882924353382,19.516775125456405
3367,Ninh Binh,VNM,2018,2018-04-15,0.17972728525574047,0.3639536124715851,0.17057813662651514,0.19395551618783732,0.3509452088262226,0.2762754011934841,0.17338254577365164,0.3744593395188982,0.43431890276295515,29.367263513707876,20.416175180221224
3368,Ninh Thuan,VNM,2018,2018-04-15,0.08512281692707868,0.2753860438622517,0.047778323051126,0.07914918642593496,0.30342249108349856,0.23760293791034032,0.13897128871063452,0.5527325976807334,1.0779562312421325,36.07053437290534,21.91937662927533
3377,Soc Trang,VNM,2018,2018-04-15,0.1836111803008195,0.31281175147358775,0.1484884065581744,0.1768492507174227,0.3240229443339883,0.26610993629758617,0.16746154945449387,0.27220950782543224,0.3416782194452713,34.056037445714786,22.73138426182655
3386,Tra Vinh,VNM,2018,2018-04-15,0.171602441647315,0.2864692815608207,0.1380900118742851,0.16594505040692004,0.2911110006683306,0.23867399527166416,0.15345544059928226,0.2676343693681162,0.2895505393072458,32.27189050129443,23.43523590331573
3387,Tuyen Quang,VNM,2018,2018-04-15,0.35514480094728595,0.46613845892519484,0.35519864072906415,0.3632742973452902,0.4699514633522468,0.37934099109553243,0.2564355569531988,0.17003001565581496,0.215052849521415,28.479278873406784,17.08146771862376
3388,Vinh Long,VNM,2018,2018-04-15,0.1230083184645502,0.32082709254460423,0.10866034224037777,0.1367541248400421,0.29263783208431443,0.20406296508749064,0.11113074270279046,0.4706475846131435,0.43277369184321307,32.28450123523379,23.03220203218188
3390,Yen Bai,VNM,2018,2018-04-15,0.26291434045160916,0.4212976176586544,0.25234875951160257,0.2700536487483552,0.4387460113099869,0.35669437076717575,0.22755200779768678,0.30146013050936116,0.3541930325292372,27.720838838331378,16.602858194745433
3328,Bac Kan,VNM,2018,2018-04-15,0.36689271446080446,0.4597865044447825,0.3705694408449249,0.37795702064577125,0.44799942990309694,0.32084846664838224,0.20253349321199787,0.12734063557958133,0.13162821839557948,25.98601092165016,13.509166975143096
3329,Bac Giang,VNM,2018,2018-04-15,0.27219948502201446,0.37887261535014305,0.2776501362250297,0.28351193958158044,0.37076271180348325,0.27080021400621385,0.18133761771333762,0.19263594064839437,0.19288750126081755,32.36973217522878,16.546999458082677
3330,Bac Lieu,VNM,2018,2018-04-15,0.1878293306646988,0.2597884759645391,0.15852377330556702,0.18285927874390234,0.26104275349565137,0.21929919123802222,0.1463232654860188,0.15808677960158304,0.16218501876794456,33.33915896515332,24.091297376474
3331,Bac Ninh,VNM,2018,2018-04-15,0.13860033573162828,0.3224954789329238,0.1333927452774166,0.1536500261297932,0.2912160031333471,0.21437181113452305,0.12296269935806518,0.4185307827917129,0.41494676599882163,28.93998728739682,18.0086023029841
3334,Binh Duong,VNM,2018,2018-04-15,0.10017115243727406,0.3288135587784413,0.07855457704917355,0.1070640031561088,0.3406507440234917,0.25462495511166366,0.14444547882842207,0.5600612245125427,0.8639132698664381,35.13749580682053,21.924950545818394
3335,Binh Phuoc,VNM,2018,2018-04-15,0.09481626539043282,0.3330421414057402,0.08519202587908158,0.1071517066523239,0.3338385368907736,0.22302232080466206,0.10820200380311829,0.5880214135309841,0.5579553064097473,33.31824941221482,20.394477027636057
3339,Ca Mau,VNM,2018,2018-04-15,0.16571600813696452,0.23609561967513645,0.15158843362496371,0.16906208133425332,0.22585070407658703,0.17584688875662602,0.1134194984999334,0.19705067144661623,0.14909338900048613,31.825355458577803,24.329125922795672
3340,Da Nang City,VNM,2018,2018-04-15,0.10193523733566173,0.2914193314278469,0.09382371459516728,0.11384535070662048,0.2852798417859044,0.2014008991857,0.11544348922767761,0.5204573682930559,0.4824485893087376,30.01772511539912,20.212416268902977
3346,Ha Nam,VNM,2018,2018-04-15,0.2835349109620503,0.43266049003151724,0.2802587883303454,0.2956979651341229,0.4204320487936007,0.3530444828856207,0.25221286896297695,0.23123880472524788,0.3182111307832518,29.954867137723074,19.392498221040487
3350,Hai Duong,VNM,2018,2018-04-15,0.1977490637052491,0.3491134069748423,0.20091351602000995,0.21528368250949562,0.3329246502812565,0.2578550741020185,0.1588555828335651,0.29522150533594754,0.3013659873921634,30.907390622795738,16.561176305067217
3354,Hung Yen,VNM,2018,2018-04-15,0.2025372103535261,0.3778911912882764,0.19621361020298433,0.21640332084393352,0.36203649312198544,0.28730407453154855,0.1857393362046178,0.34541993793082515,0.4206101195144197,30.47550357239277,18.97492809833987
3364,Nam Dinh,VNM,2018,2018-04-15,0.13857936747432778,0.39738050606543446,0.12611551173091998,0.15847898849534367,0.36639906061655414,0.27503484627572616,0.1545259922869056,0.498966527027808,0.6401305774404081,29.440256935772865,19.037064148616
3369,Phu Tho,VNM,2018,2018-04-15,0.25266493729364176,0.41805178654645675,0.24009815999417325,0.25982828073900904,0.4298204585848783,0.35420195806675503,0.22861677991132034,0.3375296042552325,0.43330527088949733,29.59232450542461,19.974198330738023
3372,Quang Nam,VNM,2018,2018-04-15,0.081221504694103,0.30432544642762077,0.07273589376887085,0.09404676453734771,0.2977099180146398,0.19320928800509668,0.09619350735836976,0.6291135258594899,0.5694292508795302,29.76305965035268,18.74639074766939
3381,Thai Nguyen,VNM,2018,2018-04-15,0.23089410822806353,0.3481162496063845,0.24329603037263062,0.24631211421741603,0.33589541755935126,0.2372059040019412,0.14729166861273998,0.24367794881359917,0.21560442884019285,30.294240400414562,16.47598235413798
3389,Vinh Phuc,VNM,2018,2018-04-15,0.22112499418726125,0.37546911950004447,0.22266540553820677,0.2340310813276359,0.3660521586176429,0.2839694827551,0.17848263983343604,0.2973832264400963,0.35909406453382015,29.545508086352065,18.792889645324703
73933,Can Tho city,VNM,2018,2018-04-15,0.13223675832456255,0.36355023032713996,0.1264082245524329,0.15328542457612582,0.33024010929518754,0.23245223150081926,0.1259543297920999,0.48135816918700397,0.506680289006427,31.496201225339522,22.633763403052942
73934,Dak Lak,VNM,2018,2018-04-15,0.06746654841482437,0.2527186336411316,0.035870871572995094,0.0638900733646663,0.278044395894991,0.21145212669341423,0.1228392191716795,0.583878127792748,-5.100091365351093E10,38.03428168492343,21.05725275827985
73935,Dak Nong,VNM,2018,2018-04-15,0.07006263997462434,0.3241968665932615,0.04237633178540583,0.07509425819255182,0.3403735550686367,0.23277440804776015,0.11513319669308578,0.644167985266946,0.742710869166169,34.80730492404653,20.0356521130631
73936,Dien Bien,VNM,2018,2018-04-15,0.12192371521771547,0.29859039949623,0.11154981769612198,0.13038528186520326,0.30888610955281226,0.22740926575011877,0.1261265870419597,0.5030614790195354,0.487256171637343,30.406623247267255,18.85517111667306
73937,Hau Giang,VNM,2018,2018-04-15,0.15971917456196577,0.3202642961146236,0.14689949833861246,0.16789891764286888,0.3114671475547312,0.23469999339465755,0.1374966951462215,0.36446596120270797,0.3401397154925259,32.748889094955516,22.58231599536904
73938,Lai Chau,VNM,2018,2018-04-15,0.12174576650977063,0.3044745120488768,0.11056422168745556,0.13122978482662906,0.31125783106148186,0.22268028773161785,0.12078635257864206,0.5466630879929278,0.46916570967114735,28.693873315938692,18.32884645622013
73939,Lao Cai,VNM,2018,2018-04-15,0.2499479559670004,0.4016675847600546,0.2423717573522944,0.2584562260201947,0.4138303012761817,0.3361919958962626,0.21273614132390853,0.3039799106847825,0.37251304744597047,29.12104529769548,16.315542194893435
3326,An Giang,VNM,2018,2018-04-15,0.2011709104678371,0.30987905362237766,0.19018123265628256,0.20467962671209763,0.30533147951566997,0.2512246091755207,0.1614101714325457,0.2307530720198552,0.23081720121163207,31.572211997245763,21.977955344324165
3332,Ben Tre,VNM,2018,2018-04-15,0.14204696134591996,0.29302546343364455,0.11897392135643518,0.14481254860263315,0.27812349639965767,0.20022862027941898,0.11950433414339522,0.3548721736656687,0.32316600603738727,30.474504540818497,23.68435087688092
3343,Dong Thap,VNM,2018,2018-04-15,0.1418000218510538,0.3484181693351789,0.12782997100129942,0.15603164245101428,0.3199659758975206,0.23298149178927408,0.13060314553141755,0.41601962173755186,0.4485095785962073,31.615453044172618,22.779723609673624
3351,Hai Phong City,VNM,2018,2018-04-15,0.19117747141747526,0.33100015500225827,0.1836101466451507,0.2041220239364806,0.32000017358106886,0.2639097385150084,0.17529304830624295,0.30826021921975105,0.3163883092629023,31.72182502079211,18.742296273546252
3352,Ho Chi Minh City,VNM,2018,2018-04-15,0.1254107616840633,0.2648583937552052,0.10202867332306732,0.12759248257668093,0.2617796327917241,0.20953558995557423,0.14347186518741645,0.37451219250651935,0.43624626276052036,33.36442459992343,23.397987459281545
3356,Kien Giang,VNM,2018,2018-04-15,0.16700011871445522,0.27574190075373867,0.15734031976678323,0.1724848007691036,0.2787350415653662,0.22487616274655783,0.1405559927075406,0.26878918852945116,0.2575142815567479,29.54247604692043,22.627495704887846
3359,Lam Dong,VNM,2018,2018-04-15,0.05926898142373381,0.2994654480190942,0.0365224461552782,0.06632974676861296,0.3123401578665708,0.20358196495224892,0.09667090969973118,0.6796316789286919,0.6680691268204216,31.725307632987672,18.469294468499545
3362,Long An,VNM,2018,2018-04-15,0.14235485311423923,0.27719866274988303,0.11104839737460953,0.1379186170583667,0.2918907015130277,0.24419314828289976,0.1562049627978393,0.34078171478710634,0.36499372985458556,36.20419457174888,22.77253318687379
3375,Quang Ninh,VNM,2018,2018-04-15,0.2220360251931618,0.33623132452382476,0.22267391197694764,0.23452297023725746,0.3345171850198493,0.2441906328554459,0.1581790627749666,0.25093288139590914,0.2204280503501787,31.174593245113503,14.965118552645206
3378,Son La,VNM,2018,2018-04-15,0.12527525310265955,0.31944301773935946,0.1056725694259844,0.1312831488436094,0.3511949689003464,0.27604727898468623,0.16005104019094493,0.49978900138234417,0.9312195952475969,31.433631873413017,19.309568417688
3379,Tay Ninh,VNM,2018,2018-04-15,0.12986669478681367,0.33969576994332656,0.11039747787437307,0.13625097165237599,0.3485267164347388,0.26457469986648197,0.15541378139631468,0.48535013277064637,0.6322312639356007,33.94846078571998,22.269814967934355
3380,Thai Binh,VNM,2018,2018-04-15,0.18307176457007018,0.38155228899650445,0.1808881038047208,0.20148343240481087,0.3561916622912708,0.2815514943932431,0.17978946447490532,0.37421768990334553,0.47165438628815326,29.7183244611296,19.285219859611338
3382,Thanh Hoa,VNM,2018,2018-04-15,0.1274514152440112,0.3336466409170388,0.1198807520634656,0.14144585880680915,0.33315462977069016,0.24886928640048409,0.13953813714518296,0.507811806784632,0.5466858718541908,29.449539609212962,20.08586081296256
3384,Tien Giang,VNM,2018,2018-04-15,0.1368100322700745,0.33391928335988286,0.11493707596776039,0.14338298519500803,0.31631826950216685,0.23058214949415626,0.1334268377578366,0.42563012571355485,0.4554614152278963,33.0736800440916,22.302138751993816
3333,Binh Dinh,VNM,2018,2018-04-23,0.06923175945615091,0.30169280419878114,0.04681391093014135,0.07654050452347409,0.30734820708421645,0.20458604982207612,0.10272280081831132,0.6481507039361277,0.664115847855096,32.038346663599114,19.778356653839623
3338,Cao Bang,VNM,2018,2018-04-23,0.21081957713001861,0.4144231650022348,0.19842139670030412,0.22152019624237718,0.4314261307691988,0.33651281499505376,0.20711528889449626,0.38423690154536116,0.5291604795136006,31.7865940580682,19.586453311622684
3355,Khanh Hoa,VNM,2018,2018-04-23,0.10988289241482779,0.3369918843307286,0.08291234472205876,0.11447519301555975,0.35293879702705366,0.25721760588132525,0.14187754063862804,0.5347676830220851,0.46560876828552383,33.08028545896782,20.237641678043783
3360,Lang Son,VNM,2018,2018-04-23,0.39756266003189755,0.5029544328390273,0.3908760127812302,0.4017750654137061,0.5044911204973971,0.4322582620098457,0.30064820574578843,0.1490368151689565,0.19842383399265975,30.070971982831402,20.314424421856845
3370,Phu Yen,VNM,2018,2018-04-23,0.09228651993956362,0.3232511453036051,0.06572289392244862,0.09776249336239441,0.3375124767954603,0.243142290140064,0.13103584473839705,0.5790576251889462,0.9214327830430604,34.39491388482369,20.35078323152829
3371,Quang Binh,VNM,2018,2018-04-23,0.05591801130272521,0.320051003962641,0.0419648579850007,0.07086322267101322,0.33356415265464123,0.22660526719878196,0.10434964748171774,0.7160157049055835,0.6451441477632734,33.88161260848586,24.199961271823764
3374,Quang Ngai,VNM,2018,2018-04-23,0.06287392205167373,0.30856956644215555,0.04377750848427962,0.07266216204910171,0.3138282760791348,0.20745201034225422,0.0997331603556765,0.6752706031349377,0.6816509554184531,31.647219079334956,20.106458160815254
3376,Quang Tri,VNM,2018,2018-04-23,0.07390463965662399,0.3210007681838075,0.05914814821713165,0.08669157096154716,0.32487694992846144,0.22557713174523603,0.11289798495652391,0.6461756969197173,0.7401372817932528,33.62662511644219,24.038160124773704
3383,Thua Thien - Hue,VNM,2018,2018-04-23,0.061481277219913116,0.3017372511105753,0.051206870846962696,0.07644074056039052,0.30237628781252784,0.198967156016423,0.09282833529652672,0.6685932267220853,0.6287161506286874,32.14443177516707,23.38591540108263
3327,Ba Ria-Vung Tau,VNM,2018,2018-04-23,0.0871165844288908,0.25103706397032094,0.056148191417626274,0.08427099719668268,0.27312609057252685,0.21071740064067113,0.1245951686166348,0.44279260318726493,0.5479792363147601,38.116401501428776,22.9049249211258
3336,Binh Thuan,VNM,2018,2018-04-23,0.10107918204208179,0.30819829031827534,0.055857514527082874,0.09204983717173609,0.3458904220969293,0.2762709239644905,0.1650352485573251,0.527757805967152,0.8739393641995935,38.149342053263936,21.05098928832665
3342,Dong Nai,VNM,2018,2018-04-23,0.06696720256706883,0.2568511332585388,0.046320285213298416,0.07264592756162111,0.26509147085596396,0.18566403928549347,0.09705693725868603,0.571313315136146,0.5511134077569442,34.518451948284486,22.720757402285944
3344,Gia Lai,VNM,2018,2018-04-23,0.10230479520071942,0.29818838175992074,0.07085096191547145,0.09996509518750306,0.3270261457764095,0.2567975622256714,0.1519037650014199,0.5136483531415749,0.34351694427881135,37.001310971651925,18.256773473705337
3345,Ha Giang,VNM,2018,2018-04-23,0.19155243635072225,0.38106212456630945,0.178731093160209,0.20102759644166265,0.40279121116100114,0.31825199030338025,0.19273307505135165,0.405695475053428,0.555572431767012,32.25769507960026,18.537759763516558
3347,Ha Noi City,VNM,2018,2018-04-23,0.36432091571931774,0.480102930697375,0.3450300632195671,0.36492676898765397,0.47067091439755376,0.4092343033462196,0.29380372150493383,0.15601752464163962,0.2278684656886027,31.243448275862082,
3348,Ha Tay,VNM,2018,2018-04-23,0.31575676081217546,0.4802016065895392,0.29937959437391265,0.32216962414935324,0.4709372953787338,0.3892308288424524,0.2568682371398123,0.24773802024661568,0.35009379792147,31.256020547636993,21.788188602628505
3349,Ha Tinh,VNM,2018,2018-04-23,0.05958151691998322,0.33587562515205743,0.039440693870002395,0.0752712170242171,0.34259956111534495,0.23395493639491427,0.10858363644110415,0.7016954276748455,0.29977630433637814,34.30321446446688,23.189623234104022
3353,Hoa Binh,VNM,2018,2018-04-23,0.20659715857527358,0.4010893383017325,0.18941389521667082,0.21473343676656595,0.42406043399619325,0.3393117859196694,0.2065828003493635,0.40864914492443427,0.5381816918374427,32.489317907476504,20.418461079411426
3357,Kon Tum,VNM,2018,2018-04-23,0.08156594678527693,0.33309554503748456,0.06530008255586164,0.09226831023831122,0.3370659154938677,0.22260299817988807,0.11000374360948767,0.6349578650168363,0.7098006648963415,32.267476860049975,18.692108626713942
3366,Nghe An,VNM,2018,2018-04-23,0.05423684455782079,0.32768180542670344,0.03855669026038201,0.07016171356550346,0.33759312809165076,0.22301834058850598,0.09789826439517378,0.7224486699740416,0.7751763582424527,33.74345847125671,22.39628924096375
3367,Ninh Binh,VNM,2018,2018-04-23,0.3877541153451021,0.5237071442442003,0.3571605056149953,0.3854251055100386,0.5231272184657546,0.46029179766530665,0.328090166551654,0.1835178623219385,0.2789905863720142,31.411351755932806,22.831535790783562
3368,Ninh Thuan,VNM,2018,2018-04-23,0.1236710516367937,0.31634147038675653,0.07978835201915198,0.1147680284063151,0.3543688452431309,0.2906434917093155,0.17846426119990352,0.4597835617994552,0.656658551736256,36.27908515379253,21.6671056755615
3377,Soc Trang,VNM,2018,2018-04-23,0.1480528813286885,0.2824042446479211,0.10014092757674456,0.13629823805817434,0.30415737492128514,0.25793232510066383,0.1647868048458937,0.3054163263877876,0.5604455770434256,33.765511984199094,24.143966870502815
3386,Tra Vinh,VNM,2018,2018-04-23,0.12726828244465788,0.2613800181043296,0.0863069807287653,0.12079062722482534,0.27270372232217244,0.22114262090327474,0.1383597849713938,0.33518479558973746,0.45103995515882345,34.55517065218391,24.822814184965626
3387,Tuyen Quang,VNM,2018,2018-04-23,0.2885522788470464,0.4462069057567034,0.28679671558290537,0.2991762278352712,0.4531498375062596,0.3669200259306179,0.23787094184151694,0.2621999500031611,0.3308424106378761,31.342129011231343,19.43494903895964
3388,Vinh Long,VNM,2018,2018-04-23,0.11127893318806603,0.3485989226695657,0.09490574256158124,0.12745415552946113,0.32093204308066525,0.22153900079265287,0.11654226698332573,0.5296992234518934,0.5668194083173047,31.711808548965184,24.340773087013847
3390,Yen Bai,VNM,2018,2018-04-23,0.23770276873915558,0.4105524475983566,0.23028805713830033,0.24832880195760265,0.419322935497129,0.3320274864762703,0.20783518267226672,0.35183739401650377,0.4126538533729157,30.506241847861254,17.693497589838696
3328,Bac Kan,VNM,2018,2018-04-23,0.33677785497324486,0.48765070111856,0.3295643410176224,0.34411613191920565,0.493812028888817,0.40132909934008965,0.2641398389194,0.23382168656809094,0.3103863742509681,30.24837851771097,19.268403226700464
3329,Bac Giang,VNM,2018,2018-04-23,0.4670064970457154,0.5509419919453002,0.4550704777153682,0.46746576388362127,0.548175512334704,0.4839785774153315,0.3459374724906708,0.09434071863861802,0.1407000848069956,29.99900159488369,21.637058823529408
3330,Bac Lieu,VNM,2018,2018-04-23,0.12144322308268042,0.19255764350875545,0.08402919607440049,0.11326509138089669,0.20039426811718347,0.17003260250308339,0.11035255262111868,0.2054650849831252,0.20584529188145959,34.76161334171413,25.729422740899725
3331,Bac Ninh,VNM,2018,2018-04-23,0.5097634210752111,0.6060839900695655,0.48556119051571967,0.5069886746010592,0.5871395284157332,0.511382437213281,0.35542208184809626,0.09624937621317073,0.1397012176689693,29.288889139113575,
3334,Binh Duong,VNM,2018,2018-04-23,0.0726288326620331,0.295600989725262,0.051087646155390874,0.08008758076973416,0.30436771388968015,0.22163081438314064,0.11950002508509229,0.6242031829334124,0.6176014382054725,33.842896430500815,23.345465999123274
3335,Binh Phuoc,VNM,2018,2018-04-23,0.04287487345478311,0.2778528198423678,0.02696265635983417,0.05281030382644001,0.279976201383602,0.17749501084375968,0.07632398042088452,0.7399787690625407,0.5970668812238907,33.46475261884842,21.16619977649751
3339,Ca Mau,VNM,2018,2018-04-23,0.11580682953636277,0.2078562095305696,0.09107977198615165,0.11620326981918179,0.20016128046406242,0.15244163247673534,0.09295502289352077,0.29871454086733207,0.21282821733188878,30.629785379957504,26.01111839519097
3340,Da Nang City,VNM,2018,2018-04-23,0.0757809634934478,0.30903738134668696,0.05837097130445806,0.0881334714859407,0.3120186307598936,0.21215607637561382,0.11099247887784695,0.6209105522065138,0.6708678911783043,31.546485962451502,22.914329020674874
3346,Ha Nam,VNM,2018,2018-04-23,0.41579352223249877,0.5547436454230079,0.3913851280271113,0.4186640695412516,0.5322820762045477,0.4544908759649391,0.32042262122728854,0.15931168068617227,0.24933305926781524,28.59249880385788,21.56056734770017
3350,Hai Duong,VNM,2018,2018-04-23,0.47460656744085294,0.5604004683525545,0.4616021927763189,0.4752789300442173,0.5353357913270526,0.46419017515619715,0.3148796756877426,0.09924553468403087,0.12324849285119689,27.13517610280461,
3354,Hung Yen,VNM,2018,2018-04-23,0.4818859990979313,0.5981797770971307,0.4576552135628392,0.4809082028137007,0.5742393844524167,0.48908139590414507,0.3355504198344627,0.11636971706094112,0.16252771825910525,28.56167299692533,
3364,Nam Dinh,VNM,2018,2018-04-23,0.3790628490712506,0.518229397071907,0.3644983589589676,0.38305353156425176,0.49860739579111574,0.4290240424503704,0.29901430579202787,0.1799629145671376,0.2605134140288755,25.92354523600567,22.62310853072062
3369,Phu Tho,VNM,2018,2018-04-23,0.3682343025411668,0.49829839951273003,0.3565805989456376,0.37338375594325446,0.49763506129107077,0.4185188840617495,0.2819244858057983,0.1856321541703622,0.253231601980241,31.32009950393909,19.736127392094303
3372,Quang Nam,VNM,2018,2018-04-23,0.06103121271417081,0.3311352407812132,0.04895399657788187,0.07709315552452944,0.3321288318762601,0.20922417574677937,0.09311278321076606,0.6991249906062201,0.6876923521722133,31.592742468407394,19.37710632404961
3381,Thai Nguyen,VNM,2018,2018-04-23,0.4127751940772792,0.539059733499217,0.40007918461151276,0.41590236672450415,0.5377622015396426,0.4488431899350406,0.29989962980423496,0.17241366186998536,0.23680070654916227,30.515260307151017,17.993301719916527
3389,Vinh Phuc,VNM,2018,2018-04-23,0.2684518169668761,0.4519930601488425,0.2544743676299233,0.27661812949005266,0.4449564760505258,0.3624942306007639,0.23363308644284675,0.29912877035714985,0.45113537871649184,31.47056129787257,21.278217428912754
73933,Can Tho city,VNM,2018,2018-04-23,0.10243357624214065,0.37893524308329873,0.0900910602211807,0.12397390532617737,0.3357664370512614,0.2279461092345763,0.11615068290444859,0.5905742984216078,0.652081016768315,31.87118250561698,24.163229612783763
73934,Dak Lak,VNM,2018,2018-04-23,0.11147587860269272,0.3048660569200377,0.0836835247293645,0.11142077135837394,0.3294694745401426,0.2556535299536372,0.15028825996696243,0.5021453435659677,0.5130989927426212,36.582411348002346,17.760370113684004
73935,Dak Nong,VNM,2018,2018-04-23,0.07496797457384403,0.28395459595282296,0.05810651420349858,0.08137391397098005,0.29311652707480984,0.2018091844333998,0.10277528347212976,0.6283936245574113,0.5719296192054295,33.829524837671535,19.380566396796773
73936,Dien Bien,VNM,2018,2018-04-23,0.06642343997450265,0.2803509873067104,0.0515257093712927,0.07690936106769117,0.2928877493928018,0.19951988879913507,0.09507715432892963,0.651906746424018,0.5883697306978899,30.482027485096857,19.971797207439295
73937,Hau Giang,VNM,2018,2018-04-23,0.09829929885727585,0.28956687058985725,0.07742207689192802,0.10697463864469861,0.2730811331321106,0.19814204972386787,0.10764997391308377,0.5204791912530713,0.4740705909309991,31.45894856833556,24.076736705701453
73938,Lai Chau,VNM,2018,2018-04-23,0.06077850231908178,0.27262956813870165,0.045973013784443115,0.0720458396286287,0.27815961214245266,0.1817992047938409,0.08289901390612558,0.6873073984343292,0.5441292142364628,29.49164836057744,19.180456378847058
73939,Lao Cai,VNM,2018,2018-04-23,0.15993578931780947,0.36702624224526476,0.15015242184333874,0.17323577339031695,0.38188194777369505,0.2891481383821393,0.16595498903213568,0.4649588604296786,0.5509798181414167,31.67471545393881,18.179919469695335
3326,An Giang,VNM,2018,2018-04-23,0.14853225871993814,0.2800720587388451,0.12343047640493594,0.14953382549475083,0.2743659353058904,0.22085670217262457,0.1322691532359379,0.3211128632422786,0.31704072213176354,32.5500898662767,25.03693648592536
3332,Ben Tre,VNM,2018,2018-04-23,0.12389016508202827,0.2785080474077008,0.10072438503154355,0.12684431837890292,0.26647416882824937,0.19103721348120242,0.11167911259763429,0.3719747120696687,0.3605270849827058,30.395938253550334,25.100392672434722
3343,Dong Thap,VNM,2018,2018-04-23,0.10714348895288994,0.32647184606542134,0.08519013636077657,0.1186407882647097,0.29785205405570525,0.21146248868478285,0.11293410894042792,0.4979055134440396,0.6054647713169182,31.53059172538736,25.07797506265214
3351,Hai Phong City,VNM,2018,2018-04-23,0.38915641069495577,0.47207290277448,0.3886556072453307,0.396536357386519,0.4544141636249729,0.38899762922332604,0.2685576864621514,0.10762583633378404,0.12903661250900525,25.893209110543946,20.169388300322446
3352,Ho Chi Minh City,VNM,2018,2018-04-23,0.11336991108796889,0.24323555513061224,0.09556098289241742,0.11773947989906075,0.23639836813983242,0.18413356505018938,0.11902782887602582,0.39951020769301204,0.388533945646916,33.51891666779585,24.501842733322057
3356,Kien Giang,VNM,2018,2018-04-23,0.11150609170768191,0.2556879056051711,0.08560950243704364,0.11341857426633158,0.2596152698534458,0.2053443498898889,0.12084269708650645,0.3966244248259514,0.39278723880969724,31.05945390740233,25.130114471078507
3359,Lam Dong,VNM,2018,2018-04-23,0.06388801419234341,0.30652899871484235,0.042036768880071795,0.07214045138168121,0.31802442100630285,0.20776794818684963,0.09838394272439567,0.6734556352257113,0.6608107679963223,30.87512486627367,15.73120052749941
3362,Long An,VNM,2018,2018-04-23,0.11975708693366414,0.2528549777916389,0.09122666130654392,0.11702911759459167,0.26366383457112397,0.21787172823963402,0.13378038675835252,0.37747954405268574,0.4014075819458088,34.03678467698039,24.4808331304854
3375,Quang Ninh,VNM,2018,2018-04-23,0.3289161624657412,0.4005899541592572,0.3378024100817748,0.3383669991587548,0.3879202276043331,0.33730700135568553,0.2326197737550517,0.1476914214881641,0.13860370440402384,28.258277655442562,20.722840383914924
3378,Son La,VNM,2018,2018-04-23,0.08142211968239849,0.28172893183049985,0.0619188410205699,0.08901920256361576,0.3047046278539666,0.22693332664142923,0.12106339585271564,0.5853030398769163,0.6606986561320106,33.469517590374416,20.837562371813174
3379,Tay Ninh,VNM,2018,2018-04-23,0.0844406915230098,0.31043083170044256,0.06261575814615906,0.0925675002937423,0.3162923366347219,0.22801177737293502,0.1195716682787861,0.589164120696147,0.7069457218184572,32.02106069158835,23.945451325040583
3380,Thai Binh,VNM,2018,2018-04-23,0.3515462435658252,0.48898015783071014,0.34827856504964405,0.36017853323035587,0.4582205287744839,0.3912954673040683,0.27015070529829327,0.19025022220968,0.25502861766627727,18.156448613666733,
3382,Thanh Hoa,VNM,2018,2018-04-23,0.1280406326969163,0.3693053347770823,0.10662912973297162,0.13805757889056752,0.38729723230394364,0.2951223955171575,0.16693364878088437,0.5669340702998205,0.7678261190608002,33.54331336023546,22.17475343191241
3384,Tien Giang,VNM,2018,2018-04-23,0.1180557858965379,0.32012288441233755,0.09786386431129167,0.12455622817266751,0.30148748266076575,0.2197467010623467,0.1268072052410533,0.4692450443450396,0.5056117147911622,32.53079942314124,24.222361488731057
3333,Binh Dinh,VNM,2018,2018-05-01,0.07475233368381436,0.31366405821458354,0.05053704317147092,0.08238902365641831,0.315426593094355,0.2111748256732616,0.10924929310098991,0.633484543845962,0.7247215799712773,31.27825430789599,21.296499104741986
3338,Cao Bang,VNM,2018,2018-05-01,0.12737952808955583,0.37854112001223833,0.11388154894852945,0.14344246285392975,0.3860202943098855,0.2776735814435387,0.14859188506493784,0.5574083146819704,0.6817250517364389,28.98386420592887,19.228270713737068
3355,Khanh Hoa,VNM,2018,2018-05-01,0.09601062310803657,0.31027158559291307,0.07183466658860466,0.10143746651615354,0.3195766211776845,0.22850056546205005,0.12284859080545858,0.5693306597218463,0.6468271771670597,31.016443186232024,21.31169895711935
3360,Lang Son,VNM,2018,2018-05-01,0.07763968193972627,0.3287987452076389,0.06306894971084824,0.0936018138543914,0.3359339092726916,0.22763332026654362,0.10663762199536422,0.6595360525220029,0.655649602809971,29.157219581197868,21.707486444035247
3370,Phu Yen,VNM,2018,2018-05-01,0.09939748717545843,0.31014459146539813,0.07486279499552333,0.10423342985292158,0.32040506492373905,0.2310792161532054,0.12740419033387998,0.5459143248978997,0.5951412587696507,31.554474168299603,21.0515650202322
3371,Quang Binh,VNM,2018,2018-05-01,0.06272558065251702,0.3023949162565908,0.05116310238807865,0.07826001486574774,0.2997555538587297,0.19652051080494573,0.09081925440529906,0.6822902121478741,0.644320044005795,30.629400332454807,18.12139869110553
3374,Quang Ngai,VNM,2018,2018-05-01,0.067444658018407,0.32344543348649923,0.04362936108779984,0.07670123891125008,0.32768788937354126,0.2188142587777451,0.1053109490249084,0.6692631028814526,0.9292841849442895,30.838501069302424,21.877198715655265
3376,Quang Tri,VNM,2018,2018-05-01,0.07188750639756865,0.31748752876800523,0.05722278826409948,0.08622725226622058,0.31209729706059647,0.20621720902925497,0.09744202435921297,0.6463869032003281,0.5774175600014064,31.281903239090752,18.658235584625707
3383,Thua Thien - Hue,VNM,2018,2018-05-01,0.05990864998681993,0.306782125574088,0.04652573184159399,0.07515598118457723,0.3007385065473705,0.19170534015222018,0.08604219819779091,0.6818851625040931,0.6350553894037801,30.383261606563092,22.305827541080205
3327,Ba Ria-Vung Tau,VNM,2018,2018-05-01,0.10500742888808176,0.2922291748361162,0.06838705428860829,0.10235817963415784,0.31250811493124026,0.2378830149234563,0.13723284115458362,0.4564171195156012,0.5900445101798295,35.17643089910189,24.22420674310676
3336,Binh Thuan,VNM,2018,2018-05-01,0.1156193975360267,0.32933168401989044,0.06692694159329678,0.10624919740114983,0.3664558806958804,0.29217780662258647,0.1763677934638724,0.504537308907273,1.2356552938803012,37.94157599635012,22.55172131832452
3342,Dong Nai,VNM,2018,2018-05-01,0.0824133123809824,0.3051512513471046,0.05760890863315799,0.09033897855504633,0.3130410981001465,0.21797313369767363,0.11281245498249824,0.568805729415632,0.6365767937202981,34.502133868937385,24.48652525294282
3344,Gia Lai,VNM,2018,2018-05-01,0.12995583866726543,0.31200907301352715,0.10457362181554995,0.12919695260497996,0.3317808274114669,0.26199769170090514,0.1600242593100621,0.460611437563181,0.5009802890531971,35.11230460948409,19.630518844670295
3345,Ha Giang,VNM,2018,2018-05-01,0.10148544121868702,0.367282623329581,0.08157979953316352,0.11648395709793416,0.38356318956341856,0.27808863252930716,0.14190367500570536,0.5974723352347858,0.8344523564877204,27.86076267620471,20.167656603114736
3347,Ha Noi City,VNM,2018,2018-05-01,0.13414330085053136,0.2980734005899961,0.1155628143232412,0.14067340137326617,0.28713818551912557,0.2242914861640499,0.1365965846551806,0.38317586104275636,0.3960161416346056,31.814208177244275,25.492222215033937
3348,Ha Tay,VNM,2018,2018-05-01,0.1109937616474343,0.31914702922752136,0.09435636392976579,0.12285639212854724,0.2881614365817634,0.20806321215816262,0.11436819169243347,0.4921229782536994,0.47911573000862934,30.98804298993066,25.52778381587245
3349,Ha Tinh,VNM,2018,2018-05-01,0.05213085034944024,0.3133692186402005,0.032194115086270375,0.06824796666576101,0.3047336057515961,0.19901225664517316,0.08764749445877634,0.7147311292419529,0.6860994654280687,31.238267100061844,17.3914486264632
3353,Hoa Binh,VNM,2018,2018-05-01,0.07732594380617806,0.28624711114142715,0.06901614354188089,0.09119078646496638,0.2769284417471188,0.18815965239613527,0.08913795909399053,0.600286365212619,0.49711885790951227,31.185867536325894,23.06604072643989
3357,Kon Tum,VNM,2018,2018-05-01,0.07408872301176625,0.3353560447946306,0.05640310200649498,0.08509273202041455,0.3333217197241681,0.21657097084756607,0.10401673276859702,0.6665153731468446,0.7148917803136132,29.709761655798005,18.311390425711572
3366,Nghe An,VNM,2018,2018-05-01,0.06868890769267422,0.3029766053644566,0.05577798540169652,0.08211405547634748,0.29058811211003893,0.18887872274024747,0.0874733998010536,0.6617227454396819,0.5825472993685755,29.33466996267585,21.892759024267228
3367,Ninh Binh,VNM,2018,2018-05-01,0.10154270567990374,0.3136300216966679,0.08835205957075724,0.11552296574426153,0.2860410341159757,0.19890887870091517,0.10466719052684097,0.5137870152188946,0.4805994832451004,28.82513628339105,25.3217941950721
3368,Ninh Thuan,VNM,2018,2018-05-01,0.09579320129601446,0.2835346867172813,0.054538663819978725,0.08817230237594072,0.3182557794472047,0.25829419705214307,0.15518556589353277,0.5182803056393424,0.97750917359704,35.696957312469586,22.111144738808783
3377,Soc Trang,VNM,2018,2018-05-01,0.12906390284877628,0.2444033043214749,0.08829499117660805,0.1197871339790183,0.26070287873611564,0.21937705508988364,0.1386127478186482,0.3187498543140375,0.38227638990138263,36.87663326527504,24.92392382540481
3386,Tra Vinh,VNM,2018,2018-05-01,0.12717232047144755,0.2611684200871695,0.0944094441406153,0.12486124091202347,0.2601171882102069,0.20119190709921558,0.11888882732481247,0.34478281422499996,0.33951319745319586,35.79637040169065,25.71301485032519
3387,Tuyen Quang,VNM,2018,2018-05-01,0.09413015909340562,0.3613741766396199,0.08406380874911265,0.11145684068375682,0.363605428182514,0.25425506126837055,0.12389637470256624,0.6036548591160318,0.7271873338537885,29.677768497200102,23.00686302116094
3388,Vinh Long,VNM,2018,2018-05-01,0.09236273984346494,0.3257425112480811,0.07840018865520726,0.1074188774450341,0.28959099946466155,0.1886479138411792,0.0942368787039899,0.5711722810758854,0.5211027555806911,33.00787905594814,24.76565366928342
3390,Yen Bai,VNM,2018,2018-05-01,0.0947667068734059,0.32573521794525806,0.08440635353300904,0.1094008605110357,0.32785485243758583,0.23192109856492357,0.11620109120611956,0.5769883848110251,0.6336131885228853,26.045854430341354,21.26380480088205
3328,Bac Kan,VNM,2018,2018-05-01,0.12036110633410296,0.3770461588365321,0.11408501143108994,0.13803035676918643,0.37949294339823403,0.2659339632857132,0.13525430585260903,0.571856598990827,0.6495509790742147,29.201769663766786,21.19935086178673
3329,Bac Giang,VNM,2018,2018-05-01,0.09704449751485297,0.308962845822865,0.08166229125991568,0.10700019531072305,0.3102367124873549,0.22301843889129552,0.11534187547774459,0.5363837482841681,0.5377032569218168,31.65978884259745,23.721801316450943
3330,Bac Lieu,VNM,2018,2018-05-01,0.09621990021090775,0.15223747359959608,0.06056275250471027,0.08840889970952158,0.15425855811460185,0.13342082931943458,0.08668687095194758,0.2265792961309356,0.1813357413596949,34.46805321905407,26.45847688976998
3331,Bac Ninh,VNM,2018,2018-05-01,0.1204932615219017,0.31602964087969915,0.10864353568973227,0.1317005095588243,0.2850259496146274,0.20946300734419926,0.11846821001445186,0.4537504656383906,0.4388322082244235,29.682026663348033,24.77575405116312
3334,Binh Duong,VNM,2018,2018-05-01,0.12002408767851182,0.3229869860902057,0.11136067011960678,0.1323557334493219,0.3198507592434846,0.22764972751246068,0.12200101917517821,0.4951914808464841,0.493409606235513,33.617680598760785,
3335,Binh Phuoc,VNM,2018,2018-05-01,0.10441536394261426,0.32813639412271217,0.09715129407198116,0.11798219484141444,0.32407093949982363,0.21545499141058636,0.10567955387373802,0.5501319705957783,0.5073017776941142,31.12066095983986,
3339,Ca Mau,VNM,2018,2018-05-01,0.06905470037322385,0.15204010560543407,0.04685701700510157,0.07033584822921359,0.13756832629796636,0.09815275804545186,0.053110614271226445,0.37003847821534525,0.18828203154141887,31.921943815119683,25.746369234935756
3340,Da Nang City,VNM,2018,2018-05-01,0.08349336199628912,0.33704464413443497,0.059469330508334896,0.09548890788137705,0.3374758378445862,0.2335038588520429,0.12287200666749894,0.6217116001108859,0.7318536037181174,30.92330785624103,21.777555633690522
3346,Ha Nam,VNM,2018,2018-05-01,0.09314504401626435,0.3227383864371913,0.07653245657111306,0.10667563696053838,0.2879480145584938,0.1994230515473957,0.10571814011967703,0.5529237334463485,0.5386702457191532,29.00462501816977,25.656748682475243
3350,Hai Duong,VNM,2018,2018-05-01,0.09189041972814796,0.30120713542775224,0.07417699207138251,0.10248199649501613,0.27494000272476227,0.1949440555610566,0.10542124039015481,0.5326357731432924,0.5107190961860538,29.481001416010212,25.020617802646928
3354,Hung Yen,VNM,2018,2018-05-01,0.09124095265328495,0.3264593036201565,0.06909604485964406,0.10124073706128654,0.29433732866381085,0.20798413610399574,0.11461519157127653,0.5634815877121461,0.5975923703371325,29.154739352542503,25.206207343871533
3364,Nam Dinh,VNM,2018,2018-05-01,0.10491749618657949,0.32551671595658016,0.09187973652837521,0.1175673959919798,0.2844036367803974,0.19663218586098297,0.10746555603867392,0.5142930578217949,0.49281100724093363,28.93046309034464,25.80247432542382
3369,Phu Tho,VNM,2018,2018-05-01,0.08781372779956659,0.30779622073791163,0.07530907710474832,0.10040700823364358,0.2922805099110213,0.20137719849238028,0.09695367716820535,0.5824318526362138,0.5119836762050367,30.76192565061354,24.10133738394333
3372,Quang Nam,VNM,2018,2018-05-01,0.06201165403256424,0.31240944840744306,0.04785017191308665,0.07540812067356636,0.3082687982405108,0.19392724417494908,0.08715965855005818,0.6910808142233222,0.6154645826345173,29.820194620286422,20.824408042489836
3381,Thai Nguyen,VNM,2018,2018-05-01,0.11234451641408019,0.3529987667007107,0.10196354521792662,0.12699377637014037,0.35240711351065257,0.2520873097622976,0.13162308491664673,0.542841988646821,0.6068263615824178,30.77602092900296,23.379139735391927
3389,Vinh Phuc,VNM,2018,2018-05-01,0.09242515062076118,0.3285801816868078,0.07266861226030275,0.1038716782251812,0.30994382746339905,0.2215523170930111,0.1160370176990507,0.5722957518363254,0.6072078692072802,31.481616822358685,25.379392049136587
73933,Can Tho city,VNM,2018,2018-05-01,0.08630701381962881,0.36197575675966026,0.0752031066613033,0.10506568215129979,0.3094103704382268,0.19809316112981565,0.09883523385368166,0.6303773195941685,0.6321520671472787,27.826919676106314,24.94078087714495
73934,Dak Lak,VNM,2018,2018-05-01,0.1371586544272492,0.320219374515332,0.11391574666865105,0.13867289185362638,0.33787146000446044,0.26308465574484835,0.1582836741677137,0.4438645066073971,0.635668934569197,33.87888713719649,18.024689345608728
73935,Dak Nong,VNM,2018,2018-05-01,0.10454040848290679,0.32777162120682457,0.08782205750554359,0.11325689513432118,0.33202750010073173,0.22904017734136217,0.12021116976531987,0.5526813214792479,0.5690361838690816,31.99186561379513,14.863083354730028
73936,Dien Bien,VNM,2018,2018-05-01,0.07350701587370367,0.28302087160152384,0.05984934580540829,0.08462185987238872,0.2831278054777837,0.19189977906575642,0.09268450071401702,0.6314144219190514,0.5309507621208585,25.98673763425295,19.12971492025221
73937,Hau Giang,VNM,2018,2018-05-01,0.07965648739384781,0.27882407859782843,0.06348465751300261,0.09122476308360342,0.2550067929340072,0.1741667182074823,0.08865454589857763,0.5662048558985392,0.4735065198922904,30.894422743382894,25.046968288159505
73938,Lai Chau,VNM,2018,2018-05-01,0.08660221235576214,0.2929384410219208,0.07345599817098276,0.09807768566419466,0.28858879120677955,0.19392235200551108,0.09659864240696625,0.624601827270212,0.5061063641228248,25.78287798959607,18.757366688331125
73939,Lao Cai,VNM,2018,2018-05-01,0.08032134057344639,0.32025234604604064,0.06618724238980427,0.0947713889652514,0.3203956694223295,0.22095861660370245,0.10577174628523806,0.6413130702336318,0.6406996882919065,28.20848057860293,20.427855555130638
3326,An Giang,VNM,2018,2018-05-01,0.11379528745211018,0.25209257938724106,0.10115499917423783,0.12317869267744623,0.2278736834256537,0.17106962926000735,0.09245043547024037,0.3982430217250986,0.3063312600527444,28.010851094595267,25.00775095862022
3332,Ben Tre,VNM,2018,2018-05-01,0.11703819227388755,0.2721941990533755,0.09758731336357737,0.12267893323859594,0.25181978783866443,0.1709081527702721,0.0932596084318613,0.40118636081509546,0.33168867152409315,32.83297747911797,25.043865567803095
3343,Dong Thap,VNM,2018,2018-05-01,0.08641971050046547,0.29311261769385516,0.07188818781929891,0.10121805724579165,0.2499586069627529,0.16532767051899114,0.08086319393911393,0.5406900455135227,0.4457694358831527,27.682674476741827,24.940431528031237
3351,Hai Phong City,VNM,2018,2018-05-01,0.10829162001843129,0.26733761028233205,0.09478002523230214,0.1175282411971995,0.24651351437275368,0.18113880724050402,0.10411997879198868,0.4238049326120475,0.36897727293504584,30.32940952052806,21.692624485635577
3352,Ho Chi Minh City,VNM,2018,2018-05-01,0.1314756413115581,0.26541216046263744,0.11869789147616892,0.139601817400632,0.25326696276715444,0.18944793282780084,0.11800624741201546,0.3644303572673413,0.36869318505094517,34.618572226454354,24.864298985226178
3356,Kien Giang,VNM,2018,2018-05-01,0.09581231073187327,0.23139334084762975,0.0813275056311307,0.10172766186094553,0.21957310704321095,0.16094857222755315,0.08650130112155675,0.41105110032002634,0.3188123209179501,28.251902554645763,25.160025471039145
3359,Lam Dong,VNM,2018,2018-05-01,0.07959482058987714,0.3194455512714685,0.05973474612735216,0.0888761792984763,0.3270939598049693,0.21519251620955696,0.1054928499097387,0.6298904882805418,0.6299279428355038,30.45378086566931,15.505921275788763
3362,Long An,VNM,2018,2018-05-01,0.11031271185425551,0.23911664435777613,0.08883172820541231,0.11267688999941376,0.23226319417975516,0.17607391898129426,0.09724290345889895,0.39612188287101857,0.2949379671794394,34.1545080150292,25.209312670911874
3375,Quang Ninh,VNM,2018,2018-05-01,0.11118247081620869,0.2746867329696596,0.10320969114314144,0.12253940751230168,0.2785352961319087,0.20161158684735692,0.10801618731808632,0.45082809593733186,0.38532285099175234,30.478537556143362,20.356106672624016
3378,Son La,VNM,2018,2018-05-01,0.08325286618607611,0.29718240351911185,0.06265846034541571,0.09218453480796318,0.3085254455758965,0.22478764573879353,0.11698653606704969,0.5945887342419863,0.7020206620891258,27.81226461536356,19.65251612497824
3379,Tay Ninh,VNM,2018,2018-05-01,0.11143139998219728,0.3130873236685178,0.1015644373023171,0.12378244210901128,0.30444193115152995,0.2110218392665326,0.10827000821792448,0.49817560039898173,0.47780475575763565,29.4442469767272,25.11367012665461
3380,Thai Binh,VNM,2018,2018-05-01,0.09388188076028796,0.3228138786600969,0.07887989085338977,0.10698424564257374,0.2803460676514422,0.19263967836147672,0.10372099375802803,0.5560988127702013,0.5324028495172118,28.845084438522672,25.58706755027602
3382,Thanh Hoa,VNM,2018,2018-05-01,0.08756656515469562,0.2960313851114203,0.0787960027365472,0.09996735248327931,0.27950390050064217,0.18807874856527232,0.09219319346527415,0.5868874213804964,0.4852803452279536,30.05671863789757,21.40907048718007
3384,Tien Giang,VNM,2018,2018-05-01,0.10369245332177504,0.30885174172360685,0.08398632711385888,0.11165617642636082,0.2824668392615751,0.19342390486399172,0.10330781848835767,0.5047977564271161,0.4737961172727222,32.63963134340319,24.839404616961904
3333,Binh Dinh,VNM,2018,2018-05-09,0.06005071106785911,0.29972450192192507,0.038179677881262024,0.06855632248735795,0.2960525379670013,0.18837317159046932,0.08952561515773722,0.6762666042919789,0.7414434745089353,32.61190168284481,21.91957867324866
3338,Cao Bang,VNM,2018,2018-05-09,0.16273596064415594,0.39360767616115316,0.15377079380055475,0.17707191264516306,0.3983289689692235,0.2869781569429037,0.16091192653593692,0.4846140800652354,0.5694899438997814,28.578310946003413,20.83522313165033
3355,Khanh Hoa,VNM,2018,2018-05-09,0.07727096591432248,0.30557336433047816,0.050481614107928376,0.0827018994491543,0.31949787884646086,0.22463964690740912,0.117985706228484,0.6117216023008026,0.8388127614454854,33.27931646881458,21.468972451262317
3360,Lang Son,VNM,2018,2018-05-09,0.16511317589086175,0.38505941785500203,0.16110442051549592,0.1799370900385831,0.38845732107436876,0.27486584764061023,0.14970079373621367,0.45522560085935615,0.49738056120833557,28.979039743747183,21.328036632571816
3370,Phu Yen,VNM,2018,2018-05-09,0.0773100617148952,0.3114475783736601,0.048398183985094684,0.08250657293868714,0.3248789103194782,0.22886887339376558,0.11996810388347684,0.6109664775590193,0.7061423019685535,34.69213544017756,21.499051994407015
3371,Quang Binh,VNM,2018,2018-05-09,0.05797599414696106,0.3091291311207513,0.04351628018672606,0.07228732647105882,0.3063431569875299,0.1987448069550986,0.08898830524334059,0.7096312369754567,-2.0623936172009045E10,31.88112292084518,21.98690243263343
3374,Quang Ngai,VNM,2018,2018-05-09,0.053350070731253835,0.287461187813764,0.03209063936157733,0.06087316068599106,0.2889675088167454,0.18942957956553563,0.09033880848560241,0.6981798290489286,0.5528698971217174,33.36530319630069,22.473281433081716
3376,Quang Tri,VNM,2018,2018-05-09,0.05766968502462635,0.3073412327597534,0.03967334977398694,0.06979826808424089,0.30161660163916665,0.1965528551634002,0.08953699636719477,0.6931438988273273,0.5459200378454029,32.094382841680535,20.390275752552
3383,Thua Thien - Hue,VNM,2018,2018-05-09,0.055773032918566695,0.2802678929688928,0.04197119068121236,0.06778224560521139,0.27518130335472635,0.1757375679746609,0.07997020346737299,0.679552600322331,0.5760180041105413,31.2608376467961,20.396504363720254
3327,Ba Ria-Vung Tau,VNM,2018,2018-05-09,0.09476670853965741,0.2567151156307551,0.0680825234915261,0.09444557297722782,0.2699439265513355,0.20840650426043764,0.12399375283022131,0.44965633868121935,0.47297154795001867,36.57942775036343,22.523347329302364
3336,Binh Thuan,VNM,2018,2018-05-09,0.09369077617032377,0.29128448346604474,0.05277444871466392,0.08635519820972538,0.3225158904425829,0.25468468830577046,0.1500801830257857,0.5356201177607787,0.8065503105916769,36.98419050573779,21.989292128319764
3342,Dong Nai,VNM,2018,2018-05-09,0.06783988555843128,0.2668671082879931,0.049233867137200314,0.07559268422978202,0.2678115542056921,0.18214413610555505,0.09274016460023306,0.5973743791841932,0.5706845509520259,33.28250941997477,21.515906209209177
3344,Gia Lai,VNM,2018,2018-05-09,0.06933794209989809,0.28172194434788045,0.04103784907927195,0.07100193669296298,0.2960159698171239,0.21717580252657642,0.1204536502517445,0.6274272754257035,0.6044431820172705,35.87428157161727,20.798988819354967
3345,Ha Giang,VNM,2018,2018-05-09,0.1450987684394701,0.3800706713873636,0.13056419557831042,0.15758597720482576,0.3936213706027027,0.29334671613205754,0.1647741485663468,0.5130327160580294,0.6628321942583794,29.20327677701886,20.155047603745114
3347,Ha Noi City,VNM,2018,2018-05-09,0.10676013828607105,0.30762890153432465,0.07813279173573291,0.11354712065567414,0.29127165390102044,0.2228339346225279,0.13949512552368773,0.4801632336788258,0.5707822777309747,32.99485709455976,25.079431063061875
3348,Ha Tay,VNM,2018,2018-05-09,0.0727375993904122,0.30734779100627546,0.04544068656004909,0.08493087540131788,0.2730647402851081,0.18748581029095024,0.09900290863224367,0.6136950192941419,0.6138910674581095,31.728184674801273,25.04925548971921
3349,Ha Tinh,VNM,2018,2018-05-09,0.05629953226288505,0.3334965793857879,0.0350563765015939,0.07246156166985517,0.3246525631913631,0.21283025235173078,0.0947056643055161,0.7129887203933545,0.738225379214969,31.951180340000512,21.769071836080673
3353,Hoa Binh,VNM,2018,2018-05-09,0.05301366249680039,0.32980279914587896,0.035559211849367355,0.07123267900103533,0.3224702450213065,0.20884454373537994,0.08937305081015687,0.7205598015613308,0.7226699034076085,32.112515834442505,22.541091112011795
3357,Kon Tum,VNM,2018,2018-05-09,0.06450293921699082,0.3130850844165665,0.048865376065805655,0.07486711772030645,0.30957416169357294,0.1953546901408527,0.09032640641953174,0.6932795903806119,0.6484396528923224,30.482458996770234,18.516603770795463
3366,Nghe An,VNM,2018,2018-05-09,0.05476211261902037,0.3585214386376871,0.034725882231665235,0.07280577051931798,0.3506227307486207,0.22409713562620778,0.09649587713905441,0.7395935789708029,0.8706088549090412,31.638539611528298,20.97044799677943
3367,Ninh Binh,VNM,2018,2018-05-09,0.07954560513140649,0.3684238622352327,0.04842313392870933,0.0957985746989579,0.33607246713751215,0.22871919593992146,0.11463766344173909,0.6401107561668592,0.7609209781709121,32.107500753161844,21.929351048857306
3368,Ninh Thuan,VNM,2018,2018-05-09,0.09169452163086783,0.27578519402425716,0.05370555998094668,0.08583484583013681,0.3073163240589811,0.24906671727039853,0.14881573485259988,0.5215556414784173,0.3923903959254713,35.62965579230459,22.30043706315631
3377,Soc Trang,VNM,2018,2018-05-09,0.11452152141437004,0.22125342738229953,0.08127036979317645,0.10766423014679166,0.22756825433953726,0.18593978353162818,0.1127351453394004,0.32495798383625046,0.36129734566070504,30.347934762189144,24.1830179000763
3386,Tra Vinh,VNM,2018,2018-05-09,0.10572130277632488,0.2322099914181878,0.07929560155421879,0.105863054252701,0.22665446311937382,0.17107729497187937,0.09835882071121466,0.3717196153701911,0.32122271190373425,32.45926904219188,24.60175668193065
3387,Tuyen Quang,VNM,2018,2018-05-09,0.1346109130064446,0.3871152594425087,0.1290030058762009,0.15110304904257058,0.39003556180421206,0.2770413487927351,0.14629067130883738,0.5267728859795056,0.617576931377951,30.039837655743664,21.453159695085034
3388,Vinh Long,VNM,2018,2018-05-09,0.09758121110869139,0.3436319230844067,0.08632423259191288,0.11265565008538424,0.3034717312159105,0.1964369166735178,0.09899793269499456,0.5697883519026249,0.5484844000444669,29.87667861123974,23.754087855026686
3390,Yen Bai,VNM,2018,2018-05-09,0.15019878056225222,0.38268035554808183,0.1413997591937387,0.16491865100603817,0.38828477469754474,0.28231954313251556,0.15524690510736186,0.48692752690415,0.5807923450064907,29.96401105040956,20.43210303756546
3328,Bac Kan,VNM,2018,2018-05-09,0.16366423449580153,0.3957797070826302,0.16245940922630733,0.17995828708011197,0.3957152736916351,0.27918204473247926,0.15277633691197418,0.47182473862612145,0.5166927464466948,29.18626909130785,19.664303443070153
3329,Bac Giang,VNM,2018,2018-05-09,0.1456564827265082,0.37553158961875177,0.13051877090551842,0.15647921973739945,0.37340675334435663,0.2685931808363027,0.1473499126026553,0.46806941057216905,0.5740678235222034,31.58856025635466,22.847876946780392
3330,Bac Lieu,VNM,2018,2018-05-09,0.09538794314965049,0.14891082982313894,0.06671382963382497,0.09035109069907096,0.14491506655996153,0.12073924734442974,0.07537927304190892,0.22403566967494232,0.13230159517718715,31.999715642017957,25.76650675401128
3331,Bac Ninh,VNM,2018,2018-05-09,0.11745147546975103,0.3828588343772247,0.08784667416203594,0.13004867272907575,0.34114794733481757,0.2460012027504815,0.1410868932065875,0.5324531018655523,0.7297623072417083,31.051276729219484,23.291716176430995
3334,Binh Duong,VNM,2018,2018-05-09,0.12447912821016807,0.34628711235583093,0.11349210543587916,0.13686920555540347,0.3494114468536647,0.2523845517428324,0.13924456376824906,0.49658217287108647,0.5908449623860444,32.52555539466773,19.648123445983465
3335,Binh Phuoc,VNM,2018,2018-05-09,0.09815886725192827,0.33804503281151116,0.08986158027982405,0.11203658493071683,0.3376062755079491,0.22141702523745813,0.10552564091322252,0.5869071545827212,0.5568969804854101,31.538805890175432,17.821712738958464
3339,Ca Mau,VNM,2018,2018-05-09,0.08111647442901089,0.17037017748381908,0.05899267293145897,0.08221884379840524,0.16047111975477335,0.11634730542045571,0.06519302909606682,0.35788250391642745,0.20103569190912748,31.97992533514834,25.987648230892333
3340,Da Nang City,VNM,2018,2018-05-09,0.07407797478989124,0.27980856336452187,0.05739522783081382,0.08389772503114279,0.27610532077893263,0.18576766028783673,0.09744887446922348,0.602250532926809,0.5328182552114661,32.405578608980306,21.68043022831152
3346,Ha Nam,VNM,2018,2018-05-09,0.08472774315837579,0.37434404113546843,0.05382842906703307,0.10097333338272252,0.32923089732219424,0.224509065297319,0.11749391848554314,0.6261036317689902,0.7422811283292192,31.518693546814177,22.202796989460957
3350,Hai Duong,VNM,2018,2018-05-09,0.13097814965724405,0.36622260107469584,0.10971234289534908,0.14277039743763054,0.33608453271163585,0.24654003270807828,0.14236082597474528,0.49063201218092073,0.5803327283031284,30.604142196456344,22.506766745549438
3354,Hung Yen,VNM,2018,2018-05-09,0.10702756059717211,0.3738926152370659,0.08204820888643888,0.12066698042475738,0.33170758315866805,0.23127559958453797,0.12614323489982976,0.5529953140477841,0.6668544480415486,31.068136079457304,24.66530157049208
3364,Nam Dinh,VNM,2018,2018-05-09,0.10433115762571912,0.39208820852528536,0.07749793195037984,0.11931646848300899,0.3371433745139441,0.2328625594166971,0.12600649743014156,0.5824977114332711,0.7062778888608254,30.442513366129333,22.461928496312257
3369,Phu Tho,VNM,2018,2018-05-09,0.09643227906227508,0.3443713498702701,0.08087842302713068,0.11067503562027946,0.3358578829472702,0.23228094404483093,0.11796465698899847,0.5906387161085312,0.622570157776039,30.733637690257446,23.351223196550148
3372,Quang Nam,VNM,2018,2018-05-09,0.05913784067725713,0.3062803139691235,0.04540916441068196,0.07228592714738279,0.30113845287979474,0.187885533071604,0.08431163014401424,0.6892751594176391,0.6224002464170691,31.399232238861615,21.212766035209206
3381,Thai Nguyen,VNM,2018,2018-05-09,0.1446971809970979,0.3744086596405509,0.1385878583873756,0.15885652537622708,0.3688387108443586,0.2634622456706433,0.14451959769210776,0.49121113983934955,0.5427324757233766,30.077725910748626,20.378964353893334
3389,Vinh Phuc,VNM,2018,2018-05-09,0.08262693745360523,0.3527278036011977,0.05475865004805008,0.09520397242291476,0.3341363792527685,0.23253651065690953,0.12118019670442381,0.6214400368897869,0.7214365110928401,31.65643215107971,24.309946213222478
73933,Can Tho city,VNM,2018,2018-05-09,0.10069035573971923,0.3849970826835879,0.08965206350802558,0.11911350740573429,0.327181444682916,0.20907941354742415,0.10656923362500759,0.6001791280254714,0.6202814349727566,29.888746490626264,22.543573522925737
73934,Dak Lak,VNM,2018,2018-05-09,0.07349393636930086,0.29573958577567044,0.043769094064785866,0.07676322263561176,0.31170110899703674,0.2262917491543433,0.12256307254067508,0.6142620752490902,0.17508440456432442,35.27243548800014,21.14939229070917
73935,Dak Nong,VNM,2018,2018-05-09,0.061764282316192694,0.2946286402632541,0.043470116310672616,0.0710054386246375,0.29480573955112055,0.19066108861866574,0.0887050162465781,0.6800219041662598,0.5977060102184829,31.50844721069856,19.943350565427007
73936,Dien Bien,VNM,2018,2018-05-09,0.09841340624499686,0.36099833763345013,0.0815125283127,0.11334401969995433,0.36844854553928214,0.25482478313249907,0.1279522317552984,0.6064397633438269,0.725426009411247,30.037821155767304,18.60673844980667
73937,Hau Giang,VNM,2018,2018-05-09,0.0810980455653741,0.3128756735008027,0.06519065596792689,0.09555113867485293,0.28003512043262135,0.18423562967579218,0.09039798014376643,0.6006468074533237,0.5359453728143814,30.759888535294532,23.866775629037637
73938,Lai Chau,VNM,2018,2018-05-09,0.11142532788226246,0.3590404399359412,0.09672990819167014,0.1265521828363765,0.35803530263668876,0.24342296399133012,0.12216196825647935,0.5848142970474194,0.622153096158355,28.63131487163751,17.236587251423433
73939,Lao Cai,VNM,2018,2018-05-09,0.1057011337569331,0.34169089626157556,0.0955288569047949,0.12006043466185304,0.3401192735277707,0.23897025216168966,0.12193326038900482,0.5858383040744429,0.6111916139597124,29.82149517187847,18.531685894359196
3326,An Giang,VNM,2018,2018-05-09,0.10026449731192683,0.2936196227136721,0.07967730996064533,0.11213619301427029,0.2704394837031525,0.19959804547015264,0.10740847806675648,0.5027479831109068,0.4267063851489093,32.28305178497783,24.835967546254203
3332,Ben Tre,VNM,2018,2018-05-09,0.0987825329935188,0.2566971486174982,0.08050250804077293,0.10504271303795694,0.2344401265106761,0.15552944604651034,0.08349088937193805,0.43529374290492656,0.3448455725380398,29.58770862001392,24.555248049893805
3343,Dong Thap,VNM,2018,2018-05-09,0.09800074188719457,0.31975918192036457,0.07931099473590761,0.11226574902633855,0.2871974764158841,0.1976835912192188,0.1029760575609554,0.5403748430010475,0.5062825318466737,30.154981950882764,22.603159544459288
3351,Hai Phong City,VNM,2018,2018-05-09,0.19545128529135106,0.36649331183020795,0.17665622618123078,0.20234906582800427,0.3461342818477278,0.27347238306826416,0.17732407459228117,0.32710166402301616,0.3902442540373766,29.689017538330326,24.042278931167374
3352,Ho Chi Minh City,VNM,2018,2018-05-09,0.11354574299755775,0.2557720150359063,0.09791729726501217,0.12063939035603906,0.2467258157976241,0.1871381612227168,0.11835412120076337,0.4047465257652689,0.37581644096923666,31.689777134127926,22.174551986140717
3356,Kien Giang,VNM,2018,2018-05-09,0.07946672349327877,0.23242259927718145,0.05782601955757911,0.08316051450991854,0.22296492148560157,0.16226382614730311,0.08808120655540164,0.457381285862846,0.43472859946388687,31.868295723807165,25.332193756559114
3359,Lam Dong,VNM,2018,2018-05-09,0.0491343291950394,0.28604167623512794,0.029145144204720072,0.05794156574083088,0.28936083063340845,0.17952593305503373,0.07914670673486872,0.7165466359479209,0.6082367929853507,30.224350299170165,17.377512261705938
3362,Long An,VNM,2018,2018-05-09,0.10480776052100606,0.26115902564688365,0.08195285305691685,0.11033536517494401,0.2548904939740321,0.19634019416221543,0.1116134188123411,0.4484913787911809,0.39341988587707627,30.203385136442517,20.812171824297813
3375,Quang Ninh,VNM,2018,2018-05-09,0.2004237942463999,0.3582095461014492,0.1939988192960518,0.20962628737334837,0.35968718838486563,0.27159963562505135,0.1637883580920765,0.3388498603600331,0.3184331474279051,29.208766390610595,21.199085787611963
3378,Son La,VNM,2018,2018-05-09,0.09266949206195112,0.3517595244997685,0.06901062948782953,0.10524342206639378,0.36618173020070577,0.2624511541507013,0.1346953258356479,0.604666069004691,0.8019499150269954,31.631750289681314,19.809415226042297
3379,Tay Ninh,VNM,2018,2018-05-09,0.13556855225944298,0.34760906829659,0.12897831950864924,0.14977480340622515,0.3415297907485987,0.2396405153725191,0.12467526249004376,0.46007323853075915,0.39116409373170297,28.21972608663849,19.722923012385458
3380,Thai Binh,VNM,2018,2018-05-09,0.12446486710905054,0.3949500209198672,0.10090259933712796,0.13960475765772487,0.3446904212217678,0.24484542194839448,0.1374403697717915,0.5368254671002817,0.637578135962115,30.02941331597207,21.778901020014324
3382,Thanh Hoa,VNM,2018,2018-05-09,0.0656263091151955,0.36574127562800357,0.04199220594221816,0.0827615753558169,0.3524958810835432,0.23204588396307826,0.10457420002532987,0.6996516171692001,0.7928942732815368,31.927219451725808,22.01624878498224
3384,Tien Giang,VNM,2018,2018-05-09,0.10172779717538315,0.30334571233395485,0.08250774590351782,0.10923732525067022,0.27613651861942357,0.19047269206243053,0.10368663173925452,0.502182616337604,0.4743501541018218,29.74326832584853,23.046439549660423
3333,Binh Dinh,VNM,2018,2018-05-17,0.07238646104279385,0.33832944918534635,0.0488108203348114,0.08331444776871601,0.3359226673180414,0.21369033960326028,0.1007132930219605,0.6472586514842936,0.7271681193571176,32.35530437343434,20.22132127470528
3338,Cao Bang,VNM,2018,2018-05-17,0.041271861054705455,0.27187310062153025,0.029887186628890873,0.0550766277367169,0.2630137830677532,0.1603998977853957,0.06476143639972667,0.7586520179877904,0.5630926278698254,30.285633310377705,20.268699959240802
3355,Khanh Hoa,VNM,2018,2018-05-17,0.10561436754586102,0.3303757813066974,0.08350545773742363,0.11170967758132767,0.3425504847267728,0.24171134607656033,0.12948920760005844,0.5340373435239285,0.8120619463571217,32.84305103770002,
3360,Lang Son,VNM,2018,2018-05-17,0.08896395578668566,0.3304120569727957,0.08122212049174066,0.10474885622820376,0.32624408096245994,0.21571577046772647,0.10455317093316825,0.6090462884634579,0.5923168055675533,31.02541990105201,20.767511257757754
3370,Phu Yen,VNM,2018,2018-05-17,0.08741498152019103,0.32914940832776857,0.05883761924379062,0.09331366396377906,0.3420681448818526,0.23946884977246147,0.12586830953572462,0.5857042297848274,0.7472998827022905,34.97504580665506,
3371,Quang Binh,VNM,2018,2018-05-17,0.047965152175747885,0.31079893656036744,0.03370970635949078,0.06335909729744588,0.30372037917918376,0.18964837430351644,0.08064794108191743,0.7409633256595659,0.6304289896538275,31.348179536792063,20.695754038555418
3374,Quang Ngai,VNM,2018,2018-05-17,0.06986549725057789,0.3503731147435567,0.04254507177432053,0.07967030235418883,0.3584003066177944,0.24073760555342552,0.11886296620164256,0.6696124024840929,1.615444081217535,33.25050412621935,21.746564175776548
3376,Quang Tri,VNM,2018,2018-05-17,0.05710838919172983,0.3143699528556389,0.039007626773907726,0.06971139075369727,0.3084496393881394,0.19902041293570172,0.09139742632962987,0.6943296792326148,0.6992144908834285,32.2952626393313,21.661963061864757
3383,Thua Thien - Hue,VNM,2018,2018-05-17,0.05896038307228322,0.3203722371422158,0.03981883993473661,0.07225504123527193,0.3174283445885947,0.20385147004496687,0.09290759329142848,0.6885492907035453,0.7263704245650408,31.278671228118704,22.09432143603031
3327,Ba Ria-Vung Tau,VNM,2018,2018-05-17,0.16378045233533525,0.2923526798389806,0.1624032634174387,0.17125261347791298,0.29213149985745057,0.22244167509153864,0.13400920567070201,0.29057387914143673,0.2838705274764497,32.83551514109044,25.23677125702117
3336,Binh Thuan,VNM,2018,2018-05-17,0.12501852763819668,0.32543073006303297,0.08532545037598371,0.11828494846269115,0.3564007428343698,0.2825496548873677,0.16956847457557975,0.467784779719951,0.40133467018057717,38.3282501502063,25.483101126204616
3342,Dong Nai,VNM,2018,2018-05-17,0.10489781773438127,0.2999324281339421,0.09718734043782513,0.11602830353409141,0.29133681551578944,0.19822577698163554,0.10149163614816065,0.5079730983012443,0.4453030276276557,33.33079665747208,
3344,Gia Lai,VNM,2018,2018-05-17,0.08397453693061135,0.3251207615794197,0.05161529766966586,0.08725910020332392,0.3433644910756136,0.24919341412017845,0.13688939181005141,0.5978324730050386,0.7376257163877259,35.19939497861735,17.97723583166064
3345,Ha Giang,VNM,2018,2018-05-17,0.059672493292646955,0.27263542778523625,0.04667794860254015,0.07155296314645132,0.2708060743846207,0.17849204070636457,0.08181271456457527,0.6866985620739671,0.539198511201981,31.005910933020235,19.415695270545456
3347,Ha Noi City,VNM,2018,2018-05-17,0.07472269109550883,0.27066488225025137,0.047452994484809864,0.08188814141131286,0.24707228492178573,0.17938071445845252,0.1030028274038265,0.549816609751635,0.5227764761021204,36.20439054755443,23.44382665519502
3348,Ha Tay,VNM,2018,2018-05-17,0.06643593413917342,0.31624637571562053,0.038183305951013186,0.07956474753034246,0.2797400338714698,0.18768183837940608,0.09532971126506319,0.6451384800562059,0.6483464008512537,34.46651965274109,23.39021800593827
3349,Ha Tinh,VNM,2018,2018-05-17,0.04781055629517719,0.29730671701927747,0.028501357671079988,0.060937462718732134,0.28625204492771067,0.1822268728318206,0.07922118091915317,0.7270134559877761,0.6421404816845488,30.909356987520443,21.296283489718018
3353,Hoa Binh,VNM,2018,2018-05-17,0.046020326305675464,0.31537398396500693,0.03036141958139844,0.06275447618722775,0.30253050850248686,0.18954048929778702,0.07883270202332072,0.7485960863120655,0.6845177513149758,32.3176487890374,21.40557723919516
3357,Kon Tum,VNM,2018,2018-05-17,0.058233699008022465,0.34789072084215134,0.03887188660194729,0.0718156036139966,0.3478511725254524,0.2165611124521886,0.09440923956658857,0.7213507054233159,0.7779338792025396,30.178977356141225,17.410028460636074
3366,Nghe An,VNM,2018,2018-05-17,0.04075475621067965,0.2955881277279738,0.026015815093405937,0.05492013446515672,0.28087750075745427,0.17001443301428204,0.06888310429933266,0.7711052890110884,0.6282158636927304,31.312255086460375,19.62719715235748
3367,Ninh Binh,VNM,2018,2018-05-17,0.053549011756784906,0.30036228764445666,0.029554641198671985,0.06722004936008595,0.2651996765321881,0.16787506327914695,0.07761726353219571,0.6888658416363643,0.6004190908081178,32.387003576156914,23.239109424801338
3368,Ninh Thuan,VNM,2018,2018-05-17,0.11314069313411505,0.3132747807131644,0.07026550378694355,0.10586765550442778,0.3496359390662443,0.28677286770808086,0.1770156409084367,0.48486689555306284,0.5974049682223193,36.119158138760085,22.111129140405005
3377,Soc Trang,VNM,2018,2018-05-17,0.12635184565314653,0.23403551961224406,0.0990928698176623,0.12351508880716854,0.23268032066678693,0.19033820243621258,0.11558494419757614,0.3117228234154898,0.2933947872064502,35.696737460674,
3386,Tra Vinh,VNM,2018,2018-05-17,0.1448621832864612,0.2595962553882172,0.1347744695589402,0.15196468843148642,0.2409085573533984,0.18397497001497023,0.11129771236630864,0.29461702049862293,0.24447128701990029,31.31410417541032,
3387,Tuyen Quang,VNM,2018,2018-05-17,0.0608639955672469,0.2916076362585802,0.053413631055515214,0.07542937147271243,0.2786633391704701,0.177204924939335,0.07818248913025229,0.6877938908919878,0.5518451364883892,31.82259367596701,21.531399524342273
3388,Vinh Long,VNM,2018,2018-05-17,0.08997611264837171,0.3363182556861714,0.08204444261047074,0.107106433167669,0.2860426137344262,0.18097702837296473,0.08734904764147246,0.585008616617584,0.5273585335435351,31.288232508444167,
3390,Yen Bai,VNM,2018,2018-05-17,0.1015212910336345,0.31348911961715237,0.09381639217936788,0.11466102811892885,0.30730260388626635,0.20922915430598768,0.10523200516898598,0.5834429776674863,0.5096135408409691,30.837752386582324,18.920620350920544
3328,Bac Kan,VNM,2018,2018-05-17,0.05770644870139761,0.2954205244728177,0.05194172231504977,0.07329939891391199,0.28367455658901786,0.17569569623623546,0.07496492301630708,0.7169846375825976,0.5650518293904786,30.427601620268707,20.186751081008687
3329,Bac Giang,VNM,2018,2018-05-17,0.09277513499383258,0.34530120701465955,0.07182717220743344,0.10355829565253938,0.3356547358765577,0.2337210385684997,0.12246580563922424,0.5964951345052993,0.6770118347838727,33.991997824587195,22.49190998824572
3330,Bac Lieu,VNM,2018,2018-05-17,0.1005971492000016,0.15199742189325638,0.07603014560155927,0.09830348984508798,0.14370746724722844,0.11871684342119687,0.07526031420179094,0.20117214911858963,0.12112195638955578,32.61973448057542,
3331,Bac Ninh,VNM,2018,2018-05-17,0.0748585969248186,0.35711393637255856,0.044320285633739506,0.09016805969849911,0.3042131948212875,0.2040574104427807,0.10487688488293978,0.6452044530520887,0.6960206385371902,32.076373311184675,23.7264270711343
3334,Binh Duong,VNM,2018,2018-05-17,0.11412518717220708,0.3470988411873577,0.10523273625313562,0.12867532526969475,0.3407794029860274,0.23900000542810831,0.12412826196552233,0.5255511634780445,0.5765159940636614,34.09648765294189,
3335,Binh Phuoc,VNM,2018,2018-05-17,0.0705220493395594,0.31149403788108976,0.06006271042256395,0.0832176580086298,0.30173205625798,0.192194830218474,0.0861049853649491,0.6742504285681397,0.570633048568979,32.60584988174497,
3339,Ca Mau,VNM,2018,2018-05-17,0.09568745784118914,0.170196750485973,0.0825170032385795,0.09967308840473213,0.15621035654175286,0.11302321499526455,0.06514810122031009,0.29252197370231753,0.15290971782478438,29.351755906471755,
3340,Da Nang City,VNM,2018,2018-05-17,0.06976394216948614,0.32644514425203536,0.04624965527988483,0.08123418222012768,0.32450662871180236,0.2144924058008606,0.10670637684554288,0.6433406548127432,0.682610278791468,32.513303074862236,22.304799478196053
3346,Ha Nam,VNM,2018,2018-05-17,0.05689037134952856,0.317073942032727,0.03374131009505978,0.07198316438736004,0.2664138591437193,0.16829538109681932,0.08022443045557193,0.6869096923260926,0.6173416007337851,32.03743397936983,23.96821244647455
3350,Hai Duong,VNM,2018,2018-05-17,0.0874052295720865,0.33866730811634177,0.06318054908865461,0.10082760878117263,0.30049986901448533,0.20584556862431838,0.10972216095460725,0.594469139386662,0.619459294226608,31.5143849600084,23.974801127985405
3354,Hung Yen,VNM,2018,2018-05-17,0.06276439381209678,0.3371627163412642,0.036875651271589815,0.0769023724946273,0.2890272185389464,0.18883474922444826,0.09338149151536386,0.672047582136509,0.6784994803109553,32.13186151256046,23.994254080181708
3364,Nam Dinh,VNM,2018,2018-05-17,0.057960707411682806,0.34820804888740303,0.03196741123384698,0.07352114986300028,0.2866804155003885,0.17891021654085187,0.08537965612457228,0.6998370674792382,0.6923379711639176,30.862898234733798,23.727176784319465
3369,Phu Tho,VNM,2018,2018-05-17,0.07265686100487155,0.330711793921405,0.05559892587199241,0.08709350487335893,0.3129488448016023,0.20601369563388108,0.095731639582732,0.6607294450199677,0.6349590193178415,33.11028126616224,22.085681527054668
3372,Quang Nam,VNM,2018,2018-05-17,0.057048019837285587,0.3467823611993165,0.038988820761913054,0.072579937553887,0.34293676436881426,0.2142883466149599,0.09462818052966902,0.7196073147341394,0.7878238130558871,31.198412450006114,20.922994487695686
3381,Thai Nguyen,VNM,2018,2018-05-17,0.1362243832795514,0.3670240868242721,0.13132777238084178,0.15084792080931284,0.3564668367109173,0.2528316563724381,0.13878455591236438,0.4910758537908701,0.49387779404794635,32.38307792197814,21.483168853372078
3389,Vinh Phuc,VNM,2018,2018-05-17,0.07351783559267223,0.3241069422882251,0.04950995351784362,0.08594448066383129,0.29638822658420927,0.19957665748703965,0.09960983298171432,0.6381517050010405,0.6352765701389915,34.557219258751104,22.957560368258946
73933,Can Tho city,VNM,2018,2018-05-17,0.09506352614047765,0.4006962206787485,0.08353860163047348,0.11646229743058563,0.33131328107350055,0.20430613225351385,0.09992428863076593,0.6177482030525929,0.6374360485004137,29.514692031189426,
73934,Dak Lak,VNM,2018,2018-05-17,0.0802722088654645,0.31066053052205644,0.052943760265482434,0.0853693229880684,0.3219882169667387,0.2287743069553375,0.12191463155412204,0.6054647467942901,0.7186458335222546,34.79851879836003,
73935,Dak Nong,VNM,2018,2018-05-17,0.0822794945536839,0.3363787591232851,0.06376924070968658,0.09335456955088077,0.3362812712785109,0.22267650795464514,0.10756204470498945,0.6303612978364096,0.649022593168245,32.656687811360705,
73936,Dien Bien,VNM,2018,2018-05-17,0.11218475840471279,0.3604605731355936,0.09754536503347268,0.12561147539913844,0.3634318112583499,0.2502649150245672,0.1295096751776229,0.5697021612038634,0.6632331397770941,30.68333594175346,17.90446823858424
73937,Hau Giang,VNM,2018,2018-05-17,0.08309375875566853,0.3175396180389024,0.07201155831512057,0.0992059431998003,0.2768724037989325,0.1805879814361156,0.09044401415266393,0.5977540923244329,0.5263201281026405,32.355752290182856,
73938,Lai Chau,VNM,2018,2018-05-17,0.14205287510058318,0.3699893316570026,0.13052787970349855,0.1552583837197563,0.36425494684469023,0.2478102608868474,0.13077647603483356,0.5252914507200114,0.5432689003996354,29.143168534063566,17.180465004214756
73939,Lao Cai,VNM,2018,2018-05-17,0.1115536808804897,0.33621308837491476,0.10119341877120233,0.1251216003871343,0.33105238346998317,0.22646309292360253,0.11355445393071872,0.5865741365486732,0.5524579085469464,31.01141363717914,18.250707308822104
3326,An Giang,VNM,2018,2018-05-17,0.09652517620784015,0.31980817115982646,0.08346135406503129,0.11369868505544574,0.2831826587255886,0.19854017335026913,0.10102859289495354,0.5427522267703232,0.5201380478233926,28.403441587775628,
3332,Ben Tre,VNM,2018,2018-05-17,0.10417429115428845,0.24985988272797063,0.0929289001264434,0.11123570783365855,0.2202135391955914,0.14536639395859577,0.07771895688431056,0.4221680080362292,0.29902404950934,28.17296997140527,
3343,Dong Thap,VNM,2018,2018-05-17,0.0995989531616569,0.34452135188018385,0.08297262856553443,0.11736711379609234,0.3044762865905949,0.2005375989461604,0.09917206035311973,0.545464491872862,0.5288499644329674,30.759104752022395,
3351,Hai Phong City,VNM,2018,2018-05-17,0.11979744149016842,0.3014829908662007,0.09967699903282859,0.12846906259515806,0.273431188386434,0.20222652899568505,0.12236426946381643,0.45021624204352884,0.42927507366085815,31.463509143915235,24.357329284350307
3352,Ho Chi Minh City,VNM,2018,2018-05-17,0.09992124871814677,0.23624494650298103,0.09718458516148343,0.11175427164530398,0.21588304053230625,0.15229388371545272,0.08478104951340419,0.4065284421228786,0.29892452066033925,34.29977490439432,
3356,Kien Giang,VNM,2018,2018-05-17,0.0890839028800653,0.2250546408382624,0.07386024760137443,0.09465315794838836,0.2054601717441226,0.14665146413984712,0.08108920701740657,0.4024965568194962,0.29944375403899137,29.879711008152526,
3359,Lam Dong,VNM,2018,2018-05-17,0.07750966477309819,0.3377909734994415,0.05625378998250851,0.08772305521207865,0.3429753514704031,0.2231797508662434,0.107547763687173,0.6513671964713267,0.678280036977353,30.37197771234562,
3362,Long An,VNM,2018,2018-05-17,0.07741326360895845,0.2539315724281775,0.06129693775712452,0.0883075700077818,0.23029969084112148,0.16286615567969703,0.0811586153386786,0.5350683199097993,0.41538185338861683,30.27536397948648,
3375,Quang Ninh,VNM,2018,2018-05-17,0.10021711312038083,0.27832391454593586,0.08988937867359302,0.11022347445160974,0.2772609244912236,0.1966141838451995,0.10763155987977224,0.505300713189185,0.3249821725923287,31.47032228941367,22.10822975204156
3378,Son La,VNM,2018,2018-05-17,0.0834911300881694,0.31767521965172235,0.06296236629118596,0.09360884922464277,0.32521858971693507,0.2303407647024819,0.11964935253249885,0.6153580074502752,0.7395749241384952,32.335451600870606,18.197191365919743
3379,Tay Ninh,VNM,2018,2018-05-17,0.10869843050173604,0.3434192649912471,0.09860725267186897,0.12438410721894137,0.32796659737115275,0.2213477892175779,0.1097900940331715,0.5361034254408139,0.5427280355440883,33.0907941259457,
3380,Thai Binh,VNM,2018,2018-05-17,0.06667964086979748,0.38187174464638857,0.03896837602079563,0.08724690303965034,0.3176685592014591,0.202004699175863,0.09593776404736702,0.6937661618479113,0.7472550874265839,30.10423484314253,24.252674943872286
3382,Thanh Hoa,VNM,2018,2018-05-17,0.040514637069527175,0.29022577436208014,0.02453702887031652,0.054511725971577815,0.2690098044565637,0.16397182591346407,0.06625508461930814,0.7607373641029115,0.6134635496700969,31.53191960971448,20.703251371519997
3384,Tien Giang,VNM,2018,2018-05-17,0.10308628385121284,0.29011314830644297,0.09533918437848583,0.1149532331993374,0.2529213661185931,0.16975131098686266,0.08915472246778987,0.484315202280703,0.3958031752813183,31.251766185684463,
3333,Binh Dinh,VNM,2018,2018-05-25,0.05751517110053304,0.2958613930608597,0.03796580931752055,0.06673748571868703,0.2843303977052982,0.17721523755824167,0.08283573525677472,0.6840061286038287,0.6163588022237382,32.244702905826436,22.40008100302123
3338,Cao Bang,VNM,2018,2018-05-25,0.11798768586456314,0.3548493919197308,0.11241702801909494,0.13391139813635486,0.34598358310774857,0.23452021866892833,0.1222163374531441,0.5483432806038682,0.552718802557544,31.434772400452726,20.756470711755046
3355,Khanh Hoa,VNM,2018,2018-05-25,0.08772678059255239,0.30865071246876674,0.06225423593403973,0.09201753637763146,0.3211040969509749,0.22866989800907242,0.12364246199919947,0.577584064488455,1.0592796163663576,34.02889734213353,21.543622315797204
3360,Lang Son,VNM,2018,2018-05-25,0.1228670409445856,0.3598447895928054,0.11717004138227068,0.13839808048735416,0.35481357728127827,0.24423929419982487,0.12788325055646135,0.5387820378202761,0.5703412341737711,32.728586113911476,23.041073443490884
3370,Phu Yen,VNM,2018,2018-05-25,0.06874033006157555,0.28974911957899036,0.04155661216625244,0.07288576136417375,0.2993388331414812,0.20779453827979352,0.1078239123732301,0.6261967380288626,0.6829432709769234,35.50877700830138,22.502469242244707
3371,Quang Binh,VNM,2018,2018-05-25,0.06411349998158043,0.32645354440629726,0.04580721261611552,0.07754676390178347,0.3199389024362961,0.20733460503178536,0.09528345226688105,0.6856525401737614,0.6963278504514699,32.50945403753416,21.36208605401277
3374,Quang Ngai,VNM,2018,2018-05-25,0.05539147529466156,0.3020220563687178,0.03379183340816858,0.06477578380714595,0.2952834949751932,0.18651419272293818,0.08505743401924522,0.6894824193969085,0.6287214888899774,31.83059587287201,22.534190107421118
3376,Quang Tri,VNM,2018,2018-05-25,0.06519892875520669,0.31266231070577255,0.044844880409301686,0.07580830628835195,0.3041570426954352,0.19989078997764664,0.0953143087505782,0.6609325347576186,0.65692304493875,32.6211049589207,22.48821760375873
3383,Thua Thien - Hue,VNM,2018,2018-05-25,0.060761616175313775,0.28845991026225143,0.0438502861577323,0.07182448260976664,0.28068256758153304,0.18005268339007308,0.08420379725686193,0.6593188159437656,0.6014266087579285,32.228091135959765,22.99450989587726
3327,Ba Ria-Vung Tau,VNM,2018,2018-05-25,0.08812886438891876,0.2706590942395275,0.05772324933760545,0.088068818763252,0.2822282992981494,0.21612180170300757,0.12685591658278914,0.49513528510937527,0.6101187587395357,36.279113236912416,25.754220963172827
3336,Binh Thuan,VNM,2018,2018-05-25,0.09775759604652913,0.31094465876715455,0.05493631837574433,0.09170335241953194,0.3417329943162508,0.2692381602482396,0.158878129848758,0.5416503098050915,0.9943396861222635,37.72709175170087,21.502839118747854
3342,Dong Nai,VNM,2018,2018-05-25,0.061197670018035236,0.303251396950664,0.03768230070848265,0.07178192674510855,0.2996902610251322,0.19728490299624177,0.09408024829719645,0.6432425153849023,0.6585224798551809,33.8648247437628,
3344,Gia Lai,VNM,2018,2018-05-25,0.06562968414517152,0.2871818922536429,0.04024248214890783,0.06980966860570062,0.29200037955747077,0.2049561801765101,0.10915757899127927,0.6446521334767096,0.47940678376472384,34.97958131416621,20.140252364438687
3345,Ha Giang,VNM,2018,2018-05-25,0.14645407608365374,0.3479741184845075,0.14126923909189723,0.1593601331439515,0.3411285577200412,0.2453955448204084,0.13598441419876448,0.4935425569821642,0.4627085975891122,31.095292262004417,21.049494939929136
3347,Ha Noi City,VNM,2018,2018-05-25,0.11810912263146885,0.3222046776800762,0.08938476669855182,0.12465146182397724,0.30327219651034215,0.23203473022760882,0.14237450666316817,0.4716658800489207,0.5673827878026023,38.98366071885833,26.330021970684278
3348,Ha Tay,VNM,2018,2018-05-25,0.08077790981576875,0.3429329497201332,0.04697671888038096,0.0936169459855429,0.30944120105401635,0.2128549861002641,0.11089176488556021,0.6109096415993894,0.6769261920727181,35.5143762085835,26.260372445491612
3349,Ha Tinh,VNM,2018,2018-05-25,0.06952442917207456,0.34002828340679675,0.04046461589333629,0.07970694438097974,0.3387368315615348,0.23071014887189725,0.11019575518820808,0.6660935843939707,0.6269659424504882,33.71006246871032,23.486901640539138
3353,Hoa Binh,VNM,2018,2018-05-25,0.04808273325594941,0.33621236414220723,0.03151248711739781,0.06628266645654596,0.31865917735202426,0.19904584016909865,0.0823978990036787,0.750758498877002,0.7246992718462025,34.034926690523015,24.163747214227694
3357,Kon Tum,VNM,2018,2018-05-25,0.05108219862036704,0.3045877464894043,0.03754082049266541,0.06288737547100513,0.294384745431132,0.17710368265881915,0.07552424324726319,0.7261419739585447,0.6227770660118883,29.002552312560194,17.420221529948805
3366,Nghe An,VNM,2018,2018-05-25,0.057627154164116456,0.34104994390026794,0.036754105899812685,0.0715262222532671,0.33025625736272707,0.21129340435434676,0.09339993433409571,0.7290991537219921,0.7380198553466714,33.89930444500063,21.72459420599603
3367,Ninh Binh,VNM,2018,2018-05-25,0.07887520942424206,0.3288992434723556,0.049637525491400214,0.09142261022531872,0.2942814847938535,0.19685014295342163,0.09914797019580818,0.6242777385741682,0.6058938319561167,34.794319157095906,25.927243908184128
3368,Ninh Thuan,VNM,2018,2018-05-25,0.11518793093783397,0.31714987781224935,0.07425280982952343,0.10935363483039287,0.348517447205707,0.2787205608016646,0.16700029151121878,0.4835876732363084,1.0861556988670953,38.656328630332496,20.339592222023885
3377,Soc Trang,VNM,2018,2018-05-25,0.10555043071289491,0.23338842044284616,0.07121014410676352,0.10226995904309848,0.23245931329211128,0.18460889077026532,0.10719558347028191,0.37071616373434607,0.3041356428364717,34.11114665303571,26.220126582278507
3386,Tra Vinh,VNM,2018,2018-05-25,0.08500603886744046,0.2573443281151187,0.05522070230605705,0.09001692742062017,0.2412782243047002,0.17213690469827397,0.08941891368535204,0.4683813800820097,0.4297761874272263,32.266466054320695,26.323041362530425
3387,Tuyen Quang,VNM,2018,2018-05-25,0.10654132191962971,0.3377052405635777,0.10367050796021318,0.12215702563848188,0.32182615363008055,0.21761728425785762,0.11067744297641231,0.5718479347192139,0.5271477183228052,31.484881400392744,23.66231803785296
3388,Vinh Long,VNM,2018,2018-05-25,0.07647192828089691,0.37661062644699944,0.05947193982865382,0.09565300483311313,0.3270263446390455,0.2021117363496409,0.09040152154153278,0.6442176883215793,0.67064058631019,31.003864898131653,
3390,Yen Bai,VNM,2018,2018-05-25,0.11260285932272635,0.3293787363453653,0.10584285325224621,0.12635662690199276,0.3196992307303661,0.221482450534926,0.11629199589910022,0.5637997797289426,0.5124197891290085,33.29217458420381,21.819399716609084
3328,Bac Kan,VNM,2018,2018-05-25,0.1190779412193406,0.3521579563555749,0.1202864247344504,0.13596117369704003,0.3378937186661625,0.22776195960414733,0.11867935916458039,0.5472298725861436,0.5229826351764206,29.958967861638055,20.72415387892318
3329,Bac Giang,VNM,2018,2018-05-25,0.11465958237395373,0.3575945295492659,0.09505924013672694,0.124630193245116,0.34779839519845435,0.24635523967459044,0.1329466134665893,0.5428087425004732,0.6355291372989288,31.939482781432616,25.270227185727546
3330,Bac Lieu,VNM,2018,2018-05-25,0.11138399140840621,0.16341022472142788,0.08791001780733157,0.10926938418282901,0.15331033720046247,0.12826443455066078,0.08062795891171429,0.1934585620710277,0.12493397425857121,33.05142877514842,26.744042016937613
3331,Bac Ninh,VNM,2018,2018-05-25,0.09214128730181177,0.36407026953243843,0.059267769986506055,0.10609435039328424,0.3127841209970994,0.21463578778819428,0.11607414253607179,0.6003536764849597,0.6702513916803025,32.21513139276565,26.111464987844556
3334,Binh Duong,VNM,2018,2018-05-25,0.06763007445733996,0.3506698014411796,0.04243984168369307,0.08209212601302532,0.3489898105164132,0.2376338755529649,0.11364858324031865,0.6715584559168549,0.8278456980352822,32.262883551564656,
3335,Binh Phuoc,VNM,2018,2018-05-25,0.04357308855231097,0.3061739019765121,0.026712027993312657,0.05708128827449149,0.2985911541470353,0.18156310147215363,0.07034352614897044,0.7534956490834338,0.641854143004893,32.60699687984635,
3339,Ca Mau,VNM,2018,2018-05-25,0.09841734937626878,0.17890163257170374,0.08250084570038355,0.10227674744951498,0.16172383542020052,0.11743681248189544,0.06708122336469553,0.30695735219371084,0.16904122749419973,32.107431271421625,26.758807062720226
3340,Da Nang City,VNM,2018,2018-05-25,0.07792691178591443,0.2986707030973998,0.05432512599730709,0.08583235752165459,0.295628622368139,0.20096874879616483,0.10915615138841436,0.6005057147617417,0.62666161005142,33.10616133294209,22.742151465254036
3346,Ha Nam,VNM,2018,2018-05-25,0.07005936247854234,0.32579385719637743,0.043170274257629,0.08430328899604014,0.2768380453349523,0.1814518157899736,0.09114545264044663,0.6430244365553357,0.6068560440051474,34.2601947215874,25.999746551022618
3350,Hai Duong,VNM,2018,2018-05-25,0.08695801782913141,0.3296596741338624,0.060269458543959736,0.09908073084884032,0.2929450149725095,0.20226801797685995,0.10762741793845024,0.5936632615467843,0.6014747834340454,32.82176734727739,26.201520846477756
3354,Hung Yen,VNM,2018,2018-05-25,0.08588707420825892,0.3292067454550284,0.06277463600425677,0.09806944735143144,0.2817450191271562,0.19287143455151656,0.10386147575376103,0.5990752424489311,0.585442519456347,32.61816958972183,25.993773241658488
3364,Nam Dinh,VNM,2018,2018-05-25,0.08955500281797277,0.3967283219885776,0.0560881446630426,0.10628385455005232,0.33843897245002896,0.22150634705613395,0.11364906055747455,0.6234094062840463,0.7229150376900321,31.877152558303518,26.195169597699714
3369,Phu Tho,VNM,2018,2018-05-25,0.07300114363161908,0.34173613899589883,0.054438611687877336,0.08823018855009641,0.3256458286124843,0.21544090798324012,0.09951539670968279,0.6548010562073947,0.6657965111737241,34.289008224942854,25.144438270613005
3372,Quang Nam,VNM,2018,2018-05-25,0.05849749447387332,0.3038185139332929,0.04347635649989534,0.07055929662081324,0.294349666427762,0.18199229998616206,0.08356241521765402,0.6900436717346982,0.6364090825670599,31.41229146414332,21.60742299791396
3381,Thai Nguyen,VNM,2018,2018-05-25,0.14902659191516907,0.36418066449341485,0.14932639335140963,0.1639122021704526,0.3477633072606813,0.2476299826385426,0.13861372986523113,0.45905329857092386,0.47389559414461263,32.56639324003952,23.836295905228024
3389,Vinh Phuc,VNM,2018,2018-05-25,0.08611506181263943,0.3372426842803103,0.05900767578020809,0.09691613708712304,0.3157224182050397,0.21939088048678018,0.11421207106757482,0.6009790344411656,0.6509949796950459,35.195215943933405,25.752242314504432
73933,Can Tho city,VNM,2018,2018-05-25,0.06918442137193452,0.41552176295314647,0.050438105710790944,0.09478026873336608,0.34309388503479776,0.20142181454256916,0.08459213140397265,0.6990163448635862,0.7285353332782691,30.623544761149873,
73934,Dak Lak,VNM,2018,2018-05-25,0.0634530471757026,0.3056757877108732,0.036575822541784715,0.07029085409256242,0.3085493172308577,0.21021321681707353,0.10562848830601569,0.6647701201905016,0.7498618813968271,35.581421399167695,19.71077340832057
73935,Dak Nong,VNM,2018,2018-05-25,0.04854455805680585,0.32931136583175286,0.02830054242661994,0.06202260481110184,0.3213736079457848,0.1960969084378524,0.08162636133643617,0.7435245815355409,0.7169772486519039,33.12005704278489,21.486233277592017
73936,Dien Bien,VNM,2018,2018-05-25,0.1947592893495974,0.39602990748786354,0.19107649576846142,0.207776249766255,0.38823261228591016,0.27530860820818825,0.15719297628452777,0.39174229677220845,0.4029195765781474,29.91788342017583,18.895880093083477
73937,Hau Giang,VNM,2018,2018-05-25,0.09008249147767289,0.34249347535776686,0.08019569808416308,0.1081194886890696,0.29907776084640325,0.19178673302642407,0.0920046105289155,0.589445966214265,0.5449707052731108,30.2313024796317,24.83000000000004
73938,Lai Chau,VNM,2018,2018-05-25,0.2521005173684383,0.4248712730617366,0.2512992555777365,0.2633020487917784,0.41135492025782816,0.30033466358604494,0.18210900386584944,0.3183275817516872,0.3291370256616492,29.99799088545283,16.786010186925015
73939,Lao Cai,VNM,2018,2018-05-25,0.1476444703966855,0.3547982271311517,0.1405882163191621,0.15974141560554175,0.3438171284033677,0.24257978414279205,0.13229999560718547,0.5299599594549012,0.478971506064346,33.36033169503639,21.140255993111985
3326,An Giang,VNM,2018,2018-05-25,0.06057763972219636,0.3620315401439833,0.040731428666111937,0.08215556148015633,0.3167574710548658,0.20853674157559968,0.09265520387987193,0.6961454836905683,0.8080851437010744,30.757033367875106,
3332,Ben Tre,VNM,2018,2018-05-25,0.08994212772765767,0.27610192382231347,0.06719834388848779,0.09683585968342469,0.24972958392073327,0.16186343960717128,0.08124129433992311,0.48081424076483636,0.4100145829107055,31.437977910701633,
3343,Dong Thap,VNM,2018,2018-05-25,0.07120000056682327,0.35814746624139826,0.04763639234856064,0.08979131382363939,0.3159807896931028,0.2013229710970925,0.0883050977407517,0.6424690000731642,0.6600578629960423,28.963728907534662,
3351,Hai Phong City,VNM,2018,2018-05-25,0.1070709259087853,0.31424426484929713,0.08024409106701368,0.11701060152413285,0.2856678754964964,0.20593192610597497,0.11574280195103107,0.4968015818156575,0.4898197951482845,31.55463788429622,26.33589060721057
3352,Ho Chi Minh City,VNM,2018,2018-05-25,0.08668621234942316,0.25390653967517013,0.06415821794453723,0.09449390948496106,0.23942371079000682,0.1717921757509403,0.10034726040573627,0.479071377179694,0.47352421705813297,31.985428456818653,
3356,Kien Giang,VNM,2018,2018-05-25,0.06760144546635077,0.23762213071018887,0.04706940078281737,0.07491483489874307,0.2134603918311741,0.14397403650882865,0.06903527377285142,0.49443441022790857,0.3883851840891637,30.675291657120354,25.88963762549724
3359,Lam Dong,VNM,2018,2018-05-25,0.06082190494619219,0.31891008659912445,0.04193904054775143,0.07203103413650438,0.31696759044790984,0.197535895856005,0.08921351921840613,0.6958170992275461,0.654700424783361,30.395846676416575,15.543216795531233
3362,Long An,VNM,2018,2018-05-25,0.06594436081283964,0.30190311237906137,0.0392087445291882,0.07829495145302931,0.28186196639934613,0.1968352313215967,0.09407586618641688,0.6078902834055314,0.6038131243127995,31.59741973106522,
3375,Quang Ninh,VNM,2018,2018-05-25,0.13663020871301115,0.3246049779107231,0.12777870136095265,0.14806586150751452,0.3196369517363509,0.22672700055357986,0.12358335036030414,0.43438169909604035,0.42852468455842463,30.022850712582997,24.393842082253155
3378,Son La,VNM,2018,2018-05-25,0.10599438829452647,0.33784805286831954,0.08979842736821006,0.11806901009681517,0.3367102826781281,0.23649961385632104,0.12386791324536718,0.5685151297061155,0.6012241181163149,31.89716061585553,20.058026416998082
3379,Tay Ninh,VNM,2018,2018-05-25,0.06904083213957225,0.34413174390410267,0.049108642340444444,0.08631397193128179,0.3266919180132319,0.21105658518232798,0.09259765118873976,0.6639608091081923,0.6783854692603961,30.956888586411694,
3380,Thai Binh,VNM,2018,2018-05-25,0.08003195447790558,0.3777964077603906,0.047153718168990014,0.09826542180775769,0.32146477891746383,0.21029773450172015,0.10692270684296416,0.6445824596026577,0.7106248136430029,31.508160760479964,25.392985633426402
3382,Thanh Hoa,VNM,2018,2018-05-25,0.04989327444426008,0.30484710547120364,0.031744359506868186,0.0628344208663661,0.2841873748484139,0.17961086425561615,0.07676504058821622,0.7309561883708057,0.6256345948788858,33.6899608841332,23.328716975113263
3384,Tien Giang,VNM,2018,2018-05-25,0.07689598336880911,0.315338756214986,0.05227126511880747,0.08784235939840757,0.28190697381001356,0.18347129933489742,0.08927431559193794,0.5819763843081313,0.5556807751987229,31.38451789756996,
3333,Binh Dinh,VNM,2018,2018-06-02,0.1253434610650902,0.3272375236410584,0.12135624168401618,0.13712014714878357,0.3083699278399004,0.2023330105825565,0.11078606179755972,0.5006513838243503,0.4689833093009142,25.710488182785614,
3338,Cao Bang,VNM,2018,2018-06-02,0.04901335666804011,0.37790792985898425,0.030452117114638574,0.07038125149812288,0.375029166352392,0.23491438325645353,0.09578391832494754,0.7733779313921259,0.872847391360094,32.479593052810294,19.593128865368897
3355,Khanh Hoa,VNM,2018,2018-06-02,0.17725549454246556,0.36288451106417724,0.166254197045309,0.185281999397051,0.3608877569212469,0.2518608098166264,0.14464012505422627,0.387394213987261,0.4206421177038713,32.52936671563249,20.45761687844642
3360,Lang Son,VNM,2018,2018-06-02,0.059908578397248745,0.3432029962174483,0.04731661326469017,0.07842357871485531,0.3369427532839569,0.21177774605951516,0.09028237159378727,0.7206218885440667,0.7098309802072297,31.229458025301028,22.23641875280575
3370,Phu Yen,VNM,2018,2018-06-02,0.226575546186148,0.3621248817098223,0.2327489627440815,0.2364797812938459,0.3510972069597325,0.2608287232044669,0.15640006174691767,0.2807685878533242,0.25648147167852686,,
3371,Quang Binh,VNM,2018,2018-06-02,0.08189140459644355,0.3122116871459295,0.07240093299128385,0.09562656258233138,0.30081748046305423,0.1928595358090612,0.0924141036927958,0.6183401095856488,0.5324412293265264,29.527139481467362,
3374,Quang Ngai,VNM,2018,2018-06-02,0.09432086124435121,0.3004083128403895,0.08027489818681721,0.10319915705224557,0.28482984652487,0.18496377969771782,0.09734686630587405,0.5626213359354282,0.4782784338759762,25.884543054383368,
3376,Quang Tri,VNM,2018,2018-06-02,0.13047267749179198,0.3745820102048038,0.11346895484480468,0.14213872027619612,0.3637464921111969,0.25318292493578654,0.13887180439082736,0.5204330844026517,0.5804672462343133,28.756585158589708,
3383,Thua Thien - Hue,VNM,2018,2018-06-02,0.1343382281458389,0.3195424937914416,0.12615573557484605,0.14530880952835998,0.3061472256106407,0.2084478084663254,0.11641059598267542,0.4523485891185776,0.40615158348588654,28.310000000000002,
3327,Ba Ria-Vung Tau,VNM,2018,2018-06-02,0.08267209259217838,0.2889652332221809,0.055410105564696714,0.08864673492839902,0.28899312448945824,0.20298780128849442,0.1069768909699987,0.5411400010158508,0.5508250571310743,30.52305809016172,25.78572237960342
3336,Binh Thuan,VNM,2018,2018-06-02,0.12309608301045888,0.3438424018953246,0.0916949028982187,0.12403346683200928,0.35821572613991637,0.27127921464745686,0.1561207463288196,0.4987904380535101,0.709803666992003,29.37617328987262,
3342,Dong Nai,VNM,2018,2018-06-02,0.12007807251703921,0.34535198396427186,0.1066616237031345,0.13280544078515066,0.3340463916109972,0.22354794891410038,0.11425293587251335,0.4989160085876279,0.4993586754157604,28.543356714975815,
3344,Gia Lai,VNM,2018,2018-06-02,0.35830605506190616,0.4603249567479485,0.37075088906122355,0.3691062273555787,0.43506531769557694,0.3172409323731305,0.18589397104078828,0.1534578334631278,0.0751158394997226,,
3345,Ha Giang,VNM,2018,2018-06-02,0.048307375231080966,0.34182935457071933,0.029401752982879035,0.0659277010919321,0.3409993795847682,0.21851813898605368,0.09120981096267264,0.7605437428465371,0.7981288899975344,31.83549884910061,20.03957396005779
3347,Ha Noi City,VNM,2018,2018-06-02,0.10880614650451731,0.2891213691339291,0.07585128970070298,0.11071176254037517,0.2852293772720907,0.22692603878550335,0.14581458984629328,0.4564430870954492,0.6274702441723005,35.11088403180421,26.087726847334807
3348,Ha Tay,VNM,2018,2018-06-02,0.09620661518708117,0.29917184979476713,0.05736674803833228,0.09888607972310028,0.28432542735561667,0.2116535905281735,0.12155255141362714,0.49911662804621426,0.5931615639606971,34.78025255718011,25.067046255348266
3349,Ha Tinh,VNM,2018,2018-06-02,0.08053186779614749,0.31859033065937337,0.05728173929541283,0.0903605189521603,0.31249323498591514,0.21242197078507025,0.10358107012301809,0.607543843408852,0.6197277911771921,31.148633768527795,
3353,Hoa Binh,VNM,2018,2018-06-02,0.062286185558078896,0.37128833791795124,0.04421466813358778,0.08045374188381386,0.36167485708102975,0.23250353223404438,0.10299959982439379,0.7120899713811198,0.8128001614127973,32.10200359808863,22.798144560147573
3357,Kon Tum,VNM,2018,2018-06-02,0.5103782351779406,0.583939961798516,0.5185157004641929,0.5176017203349684,0.5379236765059174,0.33714824389505327,0.1888015280688941,0.08046092818104279,0.0717840021846085,,
3366,Nghe An,VNM,2018,2018-06-02,0.08459868928069451,0.36468561884391226,0.06521147884984757,0.09827084319487268,0.3571619299862635,0.23625380558605363,0.11185126905837449,0.6419631854796006,0.7303206166895836,31.271060821255833,13.33607236520356
3367,Ninh Binh,VNM,2018,2018-06-02,0.09246974709171266,0.3088521452420201,0.0573730374729464,0.0968930531020731,0.2986260743008395,0.2148879206207039,0.11740959235933238,0.5341439258554598,0.5687250946544621,33.91316380316984,24.037771589284205
3368,Ninh Thuan,VNM,2018,2018-06-02,0.11259450728627703,0.3230171023465041,0.08045074305846796,0.11451153972086356,0.3443122601988169,0.2601362918742065,0.14565599979072433,0.48661972093519473,0.635497545842714,31.669704526992824,21.88886007827794
3377,Soc Trang,VNM,2018,2018-06-02,0.1430121927008094,0.24707820359999158,0.1314848971065154,0.1495888579540458,0.2245991859606955,0.15023271718421166,0.07785067764112685,0.2636733302940087,0.17615813128100427,29.734939639048896,
3386,Tra Vinh,VNM,2018,2018-06-02,0.10325399387770821,0.26761954446699704,0.0855665392293989,0.11417093870140611,0.23864915146106783,0.15247945650235742,0.0721864788672167,0.41276930741297096,0.30946931141513817,30.344343631982145,
3387,Tuyen Quang,VNM,2018,2018-06-02,0.051447375729596824,0.354040571844288,0.03693671240433299,0.06950316261801646,0.34653888689287077,0.21953599968953488,0.09161015102986995,0.7495177293985701,0.7903697485039722,32.45017233980705,23.461706792444502
3388,Vinh Long,VNM,2018,2018-06-02,0.14170283340540188,0.38135521227476527,0.1347864831619269,0.1601887664798732,0.3278991748374376,0.18809766616061627,0.084293378553681,0.4569480368568935,0.38712125048079143,30.391435049681636,
3390,Yen Bai,VNM,2018,2018-06-02,0.0762438240949933,0.3654034720544726,0.06094683254840768,0.0929545361647506,0.36416645947566,0.2405336327393382,0.10943640015976609,0.6787807888197288,0.7672185846207784,31.631343791378917,21.859973750734504
3328,Bac Kan,VNM,2018,2018-06-02,0.050781437704788476,0.38324164227050167,0.03901557184875416,0.07308230315512183,0.37571061775785447,0.23275850866480924,0.09318888232949865,0.7727794602317198,0.8518158911187957,31.539111627583726,21.352345318229553
3329,Bac Giang,VNM,2018,2018-06-02,0.07511724200627642,0.3215665992524134,0.05041878210880987,0.08388175091114265,0.3168304969010068,0.21648159929326016,0.10965692119534386,0.6315523044274328,0.5981595007655836,33.278122098330876,25.069376671487134
3330,Bac Lieu,VNM,2018,2018-06-02,0.156736647681054,0.19780242783889432,0.1510689400718201,0.1624107287694889,0.18007619005185388,0.13344248213350807,0.08090207309732186,0.11108126049846466,0.06813023150639069,27.345082365181234,
3331,Bac Ninh,VNM,2018,2018-06-02,0.0998485803555212,0.3145163088909262,0.06251062942159001,0.10603637044358283,0.28480200781553705,0.20724696833113646,0.12214685980056686,0.5173037484404637,0.527340980271116,33.81137897241268,26.154000555742222
3334,Binh Duong,VNM,2018,2018-06-02,0.11161545563655972,0.3546217494760789,0.09786263470491872,0.12691415913442644,0.350924662135675,0.23215789610740675,0.10841205037132683,0.5233851380485047,0.517865674866485,,
3335,Binh Phuoc,VNM,2018,2018-06-02,0.13812643138951278,0.36302301712763335,0.13234383025218233,0.15244695548585593,0.3539362039944835,0.2292880186890289,0.11455856192305168,0.4850970907362446,0.45186680139568935,30.066138135622435,
3339,Ca Mau,VNM,2018,2018-06-02,0.15408745156335696,0.21187300794788477,0.15246437862966258,0.16264457514257794,0.1938195617812268,0.13710388024056874,0.08292664869008419,0.16390843741757427,0.0985820568222428,28.289499708482996,
3340,Da Nang City,VNM,2018,2018-06-02,0.1386554998901422,0.2899679589839695,0.1305279144408836,0.1481007796491723,0.2784741923057185,0.19014023580152895,0.1102676822593273,0.3655742084121018,0.31575607600097494,,
3346,Ha Nam,VNM,2018,2018-06-02,0.0997267332925519,0.29724450849739364,0.0653367497179529,0.1035638847554922,0.27974515387171733,0.20554048554416424,0.11809697590588392,0.49790622304302395,0.5103188096905782,34.46874915414799,26.54957368697086
3350,Hai Duong,VNM,2018,2018-06-02,0.09506439584982668,0.29316036648587346,0.06296554074202164,0.10077121005119578,0.2751444104366027,0.20102691528016603,0.11410165811029621,0.5123804018257532,0.519336702050193,34.34650821888838,26.65997252532961
3354,Hung Yen,VNM,2018,2018-06-02,0.09261502206526083,0.2969717896789012,0.06183426507596337,0.0978652941101328,0.27094259091663975,0.19441782387686246,0.11169066193818579,0.5294288301637955,0.5404860531129253,33.710940306898095,26.22745122674547
3364,Nam Dinh,VNM,2018,2018-06-02,0.10256501412531208,0.3200544882572643,0.06357593722713824,0.10540728496265718,0.2954775769093979,0.2130013019981019,0.12151977490479782,0.5096071752462971,0.5591616836236956,31.705351980753633,
3369,Phu Tho,VNM,2018,2018-06-02,0.06424938670332342,0.32670028434465126,0.040231251613109024,0.07506418904261829,0.3194892372589792,0.21355486073673582,0.0998418171141511,0.670004998876792,0.700220614939398,33.32545903458544,24.17038483397444
3372,Quang Nam,VNM,2018,2018-06-02,0.17825932426031477,0.34763638401521313,0.17823185272474493,0.1896710105360069,0.32847796271328183,0.2129761454781552,0.11728971542667414,0.37195443768434827,0.31118462961462773,29.74592469479029,
3381,Thai Nguyen,VNM,2018,2018-06-02,0.06824881213195706,0.3433909638813236,0.05118150336865762,0.08230643020105317,0.33707230898086493,0.22234927661461104,0.10369376725556984,0.6763547581100778,0.7241417613731564,33.38762943951744,24.13038895104575
3389,Vinh Phuc,VNM,2018,2018-06-02,0.09076640546114284,0.3130353247921742,0.05766874669431302,0.09458028331918322,0.31308189066516867,0.2327016623447115,0.13078376358583738,0.551519500013921,0.666505405951332,34.549308500253694,25.232935789563612
73933,Can Tho city,VNM,2018,2018-06-02,0.18367623966145238,0.3948544694761433,0.17343216500625397,0.20043024049349506,0.3489959843592417,0.2189180321906972,0.1118047947168029,0.37133800499382047,0.3270114881856887,23.444904704360948,
73934,Dak Lak,VNM,2018,2018-06-02,0.25846416569849084,0.4108584965382965,0.2590554857120239,0.26840525874528826,0.39969406407779084,0.2859764536668545,0.16763443904998862,0.2579381806655828,0.25742321633297244,,
73935,Dak Nong,VNM,2018,2018-06-02,0.22701633596107365,0.40296849597560824,0.227804549881286,0.23818945845979447,0.3867628346633225,0.26717206368113705,0.15288354555250983,0.32422117356945157,0.3120324229454424,,
73936,Dien Bien,VNM,2018,2018-06-02,0.13158756469090563,0.4030397046687985,0.11946375066489336,0.14797599148223597,0.39700873334031067,0.2682608437409842,0.13693005099326902,0.5567128437541592,0.6830231738718431,29.419551788689922,18.563004341613123
73937,Hau Giang,VNM,2018,2018-06-02,0.1971505336829372,0.38812106340266783,0.2007684185374625,0.21506023526506107,0.3400872978119078,0.1966119126486567,0.09371164481638536,0.3362609859370282,0.26771246262775655,27.826763670199522,
73938,Lai Chau,VNM,2018,2018-06-02,0.14513919230498387,0.4003365802201905,0.13296305549993265,0.16036442563957903,0.39084750380705163,0.26619354838356674,0.13917279479258754,0.5415733889623625,0.6196390627380972,30.00775694551022,17.136374436326864
73939,Lao Cai,VNM,2018,2018-06-02,0.062311904355687585,0.36638967960799085,0.045598720330792875,0.08106445675062178,0.36014697420142755,0.23203969639987587,0.10042119840214898,0.7283290672941423,0.7932100333996178,31.25972463993333,17.092592738344276
3326,An Giang,VNM,2018,2018-06-02,0.15287587870316152,0.4161368674499846,0.1490543431008671,0.17390292838578664,0.3694564218209758,0.2425690034736328,0.11954424693761741,0.4647919834759162,0.48659800796343294,25.36220497519343,
3332,Ben Tre,VNM,2018,2018-06-02,0.07911523020399377,0.27323067050322514,0.0557321441514534,0.08814031514705578,0.24068260665073346,0.1419631031524365,0.0632473470103335,0.5094925067817624,0.39397536841254066,29.152851763236885,
3343,Dong Thap,VNM,2018,2018-06-02,0.11625139291254924,0.3612366074581537,0.097114912082811,0.13092790478722263,0.32647068696764553,0.21053174668989105,0.09981251039412953,0.501969959220543,0.480285772129994,24.666646696231155,
3351,Hai Phong City,VNM,2018,2018-06-02,0.10208500240786705,0.26495547109016643,0.0778469421427738,0.10864426404443887,0.2459789001077165,0.18123645484142373,0.1058499322577743,0.44098944205447066,0.4233145949391388,30.92892896004808,25.967399175814673
3352,Ho Chi Minh City,VNM,2018,2018-06-02,0.11418272835999493,0.2781857560605323,0.09770018799699624,0.12534675879787852,0.25988418696236293,0.1780732983092788,0.09620307364324607,0.41702525356100606,0.3347540824751843,30.281177310822116,
3356,Kien Giang,VNM,2018,2018-06-02,0.1620270224008487,0.28289751780257494,0.15843973179655774,0.17311435502050687,0.2532590691813228,0.16761215866532958,0.08821838108748328,0.2627371413176398,0.19704030853211527,26.65687602655476,
3359,Lam Dong,VNM,2018,2018-06-02,0.1896255310675818,0.37746304933962904,0.18586442625947033,0.19950885204617083,0.367818201316653,0.25285244842240123,0.14400940673493462,0.38645009104898265,0.3823259829243946,27.445327261222378,
3362,Long An,VNM,2018,2018-06-02,0.09378494102795418,0.3315026966807856,0.07471455602740014,0.1097046980000715,0.30509125820862515,0.20217303116015392,0.09274904302771204,0.5424979765706448,0.5028024439004052,29.993619617878444,
3375,Quang Ninh,VNM,2018,2018-06-02,0.07205178296668761,0.2634262615385024,0.06241251031420758,0.08365054344175844,0.2551764161529638,0.16838962035180075,0.08190505975807508,0.5911267458111766,0.4644755807085664,30.507011727859858,24.315330014448705
3378,Son La,VNM,2018,2018-06-02,0.10909146066479866,0.3848483664459223,0.08995767512695887,0.12303761516500919,0.3877444940605127,0.2714794547387636,0.1395527565455956,0.5933008586935904,0.8721553034731927,32.0870770032728,18.268592177426996
3379,Tay Ninh,VNM,2018,2018-06-02,0.11290346701480565,0.3801529261846099,0.09643564442334497,0.13072075340474096,0.3628689722813979,0.2381924741180303,0.11211609538204653,0.5599475107542873,0.6018647174504408,,
3380,Thai Binh,VNM,2018,2018-06-02,0.09801802149647884,0.31125537136568693,0.06728916602989009,0.10606734590791043,0.2768626453842686,0.1936012309318661,0.1069804691089192,0.5257563251511747,0.5025001051356939,30.692994549449327,
3382,Thanh Hoa,VNM,2018,2018-06-02,0.08202536700388396,0.35579057386592433,0.05836365292381361,0.09337163114334113,0.3504964184372491,0.2374007921692981,0.11413409460738305,0.6241510485947437,0.7377508686616032,32.95088658244984,21.821663824935825
3384,Tien Giang,VNM,2018,2018-06-02,0.09544895731392072,0.31266150163200007,0.07402166019201255,0.10760313380782763,0.28152884866677874,0.1789417365932043,0.08466864629703309,0.5193922078595669,0.44251068660511506,28.530027567195052,
3333,Binh Dinh,VNM,2018,2018-06-10,0.09978371801722684,0.34694398547598043,0.08549368651764619,0.11199104626607195,0.3262134949691304,0.21155410458996363,0.11083529551471573,0.6078714650390488,0.7671868398667934,32.80048594639786,
3338,Cao Bang,VNM,2018,2018-06-10,0.2773270590619495,0.4395971035526818,0.28043411993573913,0.29122774793684997,0.42548192012068115,0.3076567820249385,0.19001614322391946,0.2606194341772539,0.2960570868545629,28.55868836174358,18.4556291444283
3355,Khanh Hoa,VNM,2018,2018-06-10,0.21595518780328912,0.3720354868297721,0.20954152131165435,0.22387694014205162,0.36701276765986346,0.27233643989841455,0.16875162266426144,0.3143924986472779,0.3357990091139165,30.785252839575154,
3360,Lang Son,VNM,2018,2018-06-10,0.1491984561974001,0.3862664309786493,0.14908654723752834,0.16883796127865347,0.3784218776757219,0.2510412686082104,0.13245097986771834,0.472329471814516,0.515055531484571,27.799197364302586,
3370,Phu Yen,VNM,2018,2018-06-10,0.22001056953526169,0.3865434670046741,0.21596246627512486,0.2301890014762372,0.371875315718321,0.2512590288479438,0.14170766839079643,0.3300337484875655,0.3225959257005748,32.660925671088584,
3371,Quang Binh,VNM,2018,2018-06-10,0.29288640165173696,0.43569735376673224,0.29584080404443247,0.30467660136710817,0.4206957235325095,0.31031316089748257,0.19628631658636012,0.2383164776563155,0.2659129226387958,30.91233713526197,23.21964185690958
3374,Quang Ngai,VNM,2018,2018-06-10,0.0779642383182915,0.3226717927157758,0.06329744077810213,0.09064813037129131,0.3018828407293652,0.19077008422353248,0.09403163634344221,0.6273299465092407,0.580066913503325,31.447074365621447,
3376,Quang Tri,VNM,2018,2018-06-10,0.2434002001054513,0.4084770752940584,0.24066222080791563,0.2536053712234524,0.3931267659420094,0.2946969941779397,0.18501718578698378,0.30798094151746025,0.3582522053408167,,23.194352579904027
3383,Thua Thien - Hue,VNM,2018,2018-06-10,0.1843988154888216,0.3598024679935805,0.18187899539579397,0.19611633826586813,0.34643230065885483,0.24949422439080735,0.15556265577685707,0.3586041045528718,0.38962159032655924,34.04385599339807,25.1014870272921
3327,Ba Ria-Vung Tau,VNM,2018,2018-06-10,0.12146315676294232,0.30516361627928545,0.10392348700169629,0.12982326023561108,0.3019990998928679,0.21961459583482054,0.12442581560214666,0.4384507414552743,0.46536192598239795,31.90617308463106,
3336,Binh Thuan,VNM,2018,2018-06-10,0.1650472332314312,0.36966938033064844,0.14207879436433823,0.16924772291379875,0.3751912154100541,0.28280195655096607,0.166507178694164,0.4201508868765142,0.5239507880991946,34.33472012331005,
3342,Dong Nai,VNM,2018,2018-06-10,0.11707282011126521,0.34932531031565195,0.10314089155403516,0.13070612360553785,0.33806620451879643,0.22974049735665894,0.1229027847224485,0.5145560721283768,0.5533595323207703,31.297580606926978,
3344,Gia Lai,VNM,2018,2018-06-10,0.3076927593969099,0.4413762907459167,0.30739729381496783,0.31649916730325794,0.4258361770226894,0.3256581882518557,0.19953154182770658,0.23467073782923645,0.2572165445260443,27.719737572442284,
3345,Ha Giang,VNM,2018,2018-06-10,0.3029061590181938,0.4379186867300136,0.3068262540054699,0.31584370758452085,0.4175752504387036,0.2827734626935792,0.16888291004995928,0.20699415106551208,0.19444059065851954,,16.164713954221227
3347,Ha Noi City,VNM,2018,2018-06-10,0.22201069044147995,0.34131055180293746,0.2143069411305112,0.2296470805131581,0.3313703856912482,0.2792356886546482,0.19764194334814084,0.22845403888505256,0.27157254922315993,30.932323746329278,
3348,Ha Tay,VNM,2018,2018-06-10,0.1755461731372228,0.31421096096918427,0.1559114955522088,0.18189337028128386,0.29308736484653275,0.22748545642711904,0.14344240203393474,0.29869311669501614,0.2901832760890833,32.80987796941103,
3349,Ha Tinh,VNM,2018,2018-06-10,0.292715481837616,0.4244287139243922,0.28621013781873533,0.3008185311520125,0.41073591890374705,0.28712059888072794,0.17990882806527558,0.2173871936532108,0.24729666231231015,31.06750451425206,24.52623994426921
3353,Hoa Binh,VNM,2018,2018-06-10,0.10733407406579867,0.3888112800435607,0.09364816254599821,0.12746459833526858,0.3674817217781337,0.24172168618706596,0.1224016818435374,0.5831889431167127,0.6436871638568415,29.297419071789587,24.930000000000007
3357,Kon Tum,VNM,2018,2018-06-10,0.35165439460433656,0.48558172231177804,0.3557976155103942,0.3618701904551323,0.4633842705275853,0.3493285215621946,0.21649947916920803,0.2147219202965095,0.2220350362315852,25.621402248062118,
3366,Nghe An,VNM,2018,2018-06-10,0.13870425377641993,0.38369699953102276,0.12518937608094255,0.15286864204240944,0.36927509418059073,0.24529548910187207,0.12728835859046542,0.504454733212638,0.5395653823525198,31.238184081374182,23.87847928545402
3367,Ninh Binh,VNM,2018,2018-06-10,0.10177920224263846,0.33556494593975317,0.0640709501850163,0.1102922766180616,0.3228228261840952,0.22916576462106059,0.11870482211622076,0.5289417474897432,0.5617374550980065,32.66349862427395,25.439542235962936
3368,Ninh Thuan,VNM,2018,2018-06-10,0.17781090209083122,0.3592125192351199,0.14978003149485913,0.1785540073585739,0.37220256934920276,0.29979299184773034,0.19427883448325006,0.3830187896313134,0.6328754948811391,30.855547458050804,
3377,Soc Trang,VNM,2018,2018-06-10,0.23248160361623685,0.33180654065990745,0.2311866278510402,0.24394976635150564,0.30154410298969836,0.2145027154327831,0.11974862656973084,0.1831310205518688,0.14511546565532857,29.170289769424535,
3386,Tra Vinh,VNM,2018,2018-06-10,0.1815394320354292,0.33573240504099183,0.17843505146307762,0.19544244092895696,0.30504995037771526,0.21659333962466554,0.12140679737645363,0.30906991124985744,0.2821314765172257,29.004554596622917,
3387,Tuyen Quang,VNM,2018,2018-06-10,0.24400898852248765,0.41980092475822944,0.24706414658024078,0.25945803793065714,0.3984461101218299,0.27090108484185826,0.15640854963616527,0.2908417722068604,0.2874165479731894,31.677644187632087,22.473466702214832
3388,Vinh Long,VNM,2018,2018-06-10,0.17363364878375168,0.38732030221233915,0.17476191568505542,0.1926936219979756,0.3403393151552385,0.21820200905871293,0.11365098865012312,0.38977336397796764,0.3605048261178731,29.955068954600183,
3390,Yen Bai,VNM,2018,2018-06-10,0.3405603072526319,0.4738958983864128,0.3443775197889246,0.3536107393566595,0.4484678427137654,0.3221426379698954,0.19441300128829953,0.20101565023409756,0.20264577612727616,29.79492633467691,17.991934796718834
3328,Bac Kan,VNM,2018,2018-06-10,0.16462636636933303,0.3956578113433019,0.16563330335917772,0.18335226960919682,0.37748344921627397,0.2526633476185583,0.14196623728055913,0.439941915080573,0.4767392244985504,25.78146524372659,
3329,Bac Giang,VNM,2018,2018-06-10,0.19195245178208228,0.38784369216154807,0.18953805552864822,0.20679886120871832,0.3811619386829812,0.27908091050086714,0.16272440856538412,0.3613513509148174,0.43493709193737895,30.291451813712115,
3330,Bac Lieu,VNM,2018,2018-06-10,0.23405873154559928,0.2822729954549886,0.23363203238005936,0.24356088987111912,0.2602791700807243,0.19261128458305005,0.11817840960353827,0.0953582776112763,0.06822608240924109,29.718255999513687,
3331,Bac Ninh,VNM,2018,2018-06-10,0.16307548100547944,0.31397318214081504,0.1396869061322003,0.16837592381911778,0.29236553430134427,0.23011585638307994,0.14778382482230065,0.3305159858927256,0.3395530122666341,32.34679513777286,
3334,Binh Duong,VNM,2018,2018-06-10,0.12502415004855055,0.3687548953918183,0.10962035924149778,0.13895082555156535,0.3662021903307984,0.2574620664918539,0.14001042885256487,0.5030759785041204,0.6092312206108145,29.631334546778273,
3335,Binh Phuoc,VNM,2018,2018-06-10,0.1319977468174501,0.36741261501162903,0.1240309423604175,0.1462353967575963,0.3600553967631431,0.24010422851845734,0.1267812342949988,0.499857274697666,0.524271467424174,29.067291473003415,
3339,Ca Mau,VNM,2018,2018-06-10,0.1977288316991419,0.2731246538110829,0.19607772133317417,0.20849859164191437,0.2496649145180931,0.18665103492021023,0.11981945255057647,0.18651117974903209,0.1332885958532325,28.942842250721338,
3340,Da Nang City,VNM,2018,2018-06-10,0.1281435708222468,0.33456130046062776,0.11675925759589283,0.14059975473233982,0.3250196574189595,0.22825853127840237,0.1332744690303601,0.4670862582060953,0.4738138027909693,28.291078104701327,24.994805603185263
3346,Ha Nam,VNM,2018,2018-06-10,0.12923953695609383,0.2765769567076381,0.10214710915059916,0.13402799091522946,0.2528059033018014,0.187262451660426,0.11205291942451823,0.3618666615530723,0.32150038599174424,,
3350,Hai Duong,VNM,2018,2018-06-10,0.1806961536546555,0.3179183004930287,0.1689481212004496,0.18983887687306808,0.29877543288414965,0.2140934762209867,0.12340231675843175,0.28488735709976876,0.2453093150937766,,23.60384615384619
3354,Hung Yen,VNM,2018,2018-06-10,0.12064237335935377,0.26868821014422284,0.0895866896998318,0.1223162223643781,0.23964164875798744,0.18017998816897057,0.11249738597158367,0.3864545196924066,0.35157319134742143,33.51188721767677,
3364,Nam Dinh,VNM,2018,2018-06-10,0.13433311478780088,0.33232743199350656,0.09859081116271777,0.13840335817324462,0.3154423163266395,0.2365133503396333,0.13743455579409544,0.4213306887288758,0.4647481976621276,33.32135642026297,
3369,Phu Tho,VNM,2018,2018-06-10,0.22638396957486479,0.4084479292632845,0.22205643489961172,0.24036701028195312,0.39560248108078777,0.28751540499556005,0.16898460419095734,0.31292606918278465,0.33624369988971503,31.480667382632763,22.340500452898564
3372,Quang Nam,VNM,2018,2018-06-10,0.1870600245349344,0.3807910504962002,0.183765489767352,0.1994615830001087,0.36384504618706015,0.24813948473086309,0.14606128271768332,0.3827463458568063,0.392715713517424,27.679994472084044,25.263655849263444
3381,Thai Nguyen,VNM,2018,2018-06-10,0.22223093588362852,0.39072200185329503,0.2227140562389619,0.23468521093923508,0.3775838143500936,0.2823769845240235,0.18133134637403675,0.3026997169945072,0.3330420614006398,30.370969403922278,22.7550699746972
3389,Vinh Phuc,VNM,2018,2018-06-10,0.25782149870538973,0.3811850336282626,0.2529428386719418,0.26605411327892964,0.3721704363737196,0.2930680131364623,0.19405660172425973,0.20520239506240434,0.2243861033975492,29.44111616725342,21.73339360768126
73933,Can Tho city,VNM,2018,2018-06-10,0.20671407867765787,0.3679131856778399,0.20501621450730406,0.21988838135948208,0.3324255477846159,0.22699979061169068,0.12781914518599746,0.29187188688303023,0.2564523085213848,,
73934,Dak Lak,VNM,2018,2018-06-10,0.22889977171186549,0.4026673260764889,0.22543454980659947,0.24024738965258338,0.3904758409245619,0.28480987680179287,0.17295597320611156,0.32457083125887604,0.3590487758994869,29.34707290881576,
73935,Dak Nong,VNM,2018,2018-06-10,0.13968134896058898,0.38486142352190444,0.1303422642523986,0.1537808603781116,0.37024687484936286,0.2503353187683101,0.14014450827111824,0.5049608325355083,0.5644086070205702,29.168928920931165,
73936,Dien Bien,VNM,2018,2018-06-10,0.3403827795094608,0.48164954624029527,0.34618573857669754,0.3530931367392294,0.4614351169753964,0.33774784016551007,0.20504555055613746,0.197202300420782,0.2254810539600201,28.63959273163383,20.401809013723213
73937,Hau Giang,VNM,2018,2018-06-10,0.18038298107713097,0.3714729430246151,0.18407152488634276,0.19835713586614726,0.3306459398109738,0.21464731590480296,0.112384522017329,0.36099511661111366,0.30693151526120743,29.23748586436281,
73938,Lai Chau,VNM,2018,2018-06-10,0.40535284021901485,0.5325365584916221,0.4084203077145855,0.41620811848341477,0.5046733711636844,0.3684397246795694,0.22370957113196116,0.173091067801762,0.20885726419262798,29.392010754858813,17.448166630654743
73939,Lao Cai,VNM,2018,2018-06-10,0.3893944015712107,0.5074267317700213,0.39536319874790793,0.40143586046722285,0.46843225630510626,0.31570499689668924,0.18659435510657638,0.1768140161061284,0.1757691349569997,30.365120942189314,17.444978318244015
3326,An Giang,VNM,2018,2018-06-10,0.13745043023831932,0.4121547027148009,0.132800594901789,0.15766954285379123,0.35634817886874903,0.23278405966891272,0.118891588554286,0.521293151063053,0.5438814420498775,21.905196850393693,
3332,Ben Tre,VNM,2018,2018-06-10,0.12133347052724602,0.3063072280656665,0.10809335123951193,0.13352280967420757,0.2711571540095108,0.1741710116024804,0.08990463675108669,0.43159947896769557,0.3679381975889874,30.89652797837589,
3343,Dong Thap,VNM,2018,2018-06-10,0.1571777454530821,0.3550107856913277,0.15095942684488275,0.17218519635056137,0.3186960678590016,0.21719987728267082,0.11595834353143557,0.391172118138883,0.37432842974903413,29.20699648166669,
3351,Hai Phong City,VNM,2018,2018-06-10,0.17292792193681122,0.2969942690748001,0.16428467831833016,0.18435487522686883,0.2823399776383595,0.19959607551178934,0.11393443169638617,0.2689635031896477,0.22453477341501876,30.816252610974352,24.968371327307434
3352,Ho Chi Minh City,VNM,2018,2018-06-10,0.10814607621898174,0.27416552237202596,0.08950862083997017,0.11887640404085201,0.258867448871609,0.18321477936724517,0.10486592688106587,0.4425676505406545,0.3830651041825918,30.70947701746193,20.617540983606577
3356,Kien Giang,VNM,2018,2018-06-10,0.15393215556124257,0.2751580641951914,0.14899726466956184,0.16450873033390018,0.2490823739187008,0.16955531435453186,0.09367187691688576,0.288483298579315,0.21554227708780674,27.893162605273456,
3359,Lam Dong,VNM,2018,2018-06-10,0.25773489847702136,0.4332556420219386,0.25486380399648956,0.26812815105796434,0.4222148781266132,0.31252154120977194,0.19475657643715166,0.3091258260342256,0.3499952374509112,25.540293293643927,
3362,Long An,VNM,2018,2018-06-10,0.11517646161737129,0.3440401634687758,0.10087852834469732,0.13102451439126692,0.31800049229284716,0.2189955869890603,0.11297602089378389,0.4993201877040633,0.5006821683625701,29.384159473035094,
3375,Quang Ninh,VNM,2018,2018-06-10,0.14246014827010434,0.3340844023574134,0.13744761811267492,0.1573770114818489,0.33380273203483674,0.23950867443569746,0.1372274991455362,0.42438777280512846,0.46265481169355105,30.728887686627846,23.339281950051248
3378,Son La,VNM,2018,2018-06-10,0.25344111637180733,0.43245872551989545,0.25215004351132164,0.2669649075970118,0.4204895947306507,0.3064388662249537,0.18051174729113148,0.31084826923770104,0.370983969531461,28.696678272515097,17.910669944973506
3379,Tay Ninh,VNM,2018,2018-06-10,0.10185581112660604,0.3687456249473352,0.08692018671334935,0.11881174217131973,0.35191674882354584,0.2330718820995172,0.11438444136130328,0.5844849665353675,0.6295046817872275,28.99020732902906,
3380,Thai Binh,VNM,2018,2018-06-10,0.17023436805601083,0.325358329211867,0.14762130966556344,0.17777699154767135,0.3041239995382392,0.21535255175468973,0.1229269161306804,0.3176084759030828,0.29871950435408906,31.416898550724675,
3382,Thanh Hoa,VNM,2018,2018-06-10,0.09860974562985901,0.360709601240941,0.07721300761957699,0.11333302628551452,0.3445214706229946,0.22466319112473887,0.10558324786549322,0.5715797203920767,0.5898728711410831,29.771603023491547,24.303152173913055
3384,Tien Giang,VNM,2018,2018-06-10,0.12957337172022018,0.31865717966945134,0.113034188748978,0.14072018636711958,0.29326477849605326,0.2018796298872512,0.11172432242563207,0.4379220510492295,0.41019201406098865,28.82416435688069,
3333,Binh Dinh,VNM,2018,2018-06-18,0.05815190498325251,0.349709374404051,0.03788788151005225,0.0715614850444427,0.3305499562380181,0.19762921107900996,0.08865418850579658,0.7188219866844612,0.7320824657910978,33.47902710109494,23.70056435017714
3338,Cao Bang,VNM,2018,2018-06-18,0.2080267275623767,0.3824583595736937,0.21755600249094273,0.22510125381996213,0.3672007861103006,0.2577123948092802,0.15083286696130346,0.33402436950882464,0.32248887135696835,30.047756923783016,20.62448607886282
3355,Khanh Hoa,VNM,2018,2018-06-18,0.07683241620576513,0.32496729547282494,0.05374034296078415,0.0854395917150942,0.3266408266763446,0.21926798166680042,0.11154957374117007,0.629479551746565,0.6508172911308152,31.310732796267935,23.519720105735853
3360,Lang Son,VNM,2018,2018-06-18,0.1428355017385639,0.3468375985773859,0.14845249653244275,0.16056834484617347,0.32802967434982283,0.21638119670316633,0.11378580946795445,0.4579262127381391,0.4088879255915194,30.51979121480771,22.96261977089308
3370,Phu Yen,VNM,2018,2018-06-18,0.07633309951256138,0.3255263517121776,0.05576249863668945,0.08595740086163105,0.3150357175942731,0.2062843895767136,0.10201222110242557,0.6413170146713792,0.6481948806561432,33.565543340469766,24.369639852101766
3371,Quang Binh,VNM,2018,2018-06-18,0.18383282793827704,0.3898875949918131,0.17763006172223694,0.19637780305400526,0.3757687517107497,0.2639502177170061,0.1494703106985356,0.44635891925653115,0.4868622403933747,33.33207915781143,24.932731427960377
3374,Quang Ngai,VNM,2018,2018-06-18,0.048563714136130774,0.34409889219365736,0.030658449955263026,0.06465729447108831,0.31995688668860345,0.18731414268861324,0.07769736036702944,0.7512201018448947,0.6974163186753345,32.37128373813102,23.542607051702035
3376,Quang Tri,VNM,2018,2018-06-18,0.2050476034206761,0.38440775540888084,0.19818504929521172,0.21509577381010211,0.36230838679418764,0.2549124733917598,0.14403513973796303,0.4298580962347103,0.40418970688887285,35.3017191142192,24.36153249489221
3383,Thua Thien - Hue,VNM,2018,2018-06-18,0.0777096458424384,0.29597550933610783,0.07001827534465822,0.09129968671095967,0.2775076563090995,0.17471409971212626,0.08393909587053339,0.6011893416277528,0.4925005406476623,31.814731528260555,24.65665377525166
3327,Ba Ria-Vung Tau,VNM,2018,2018-06-18,0.10935845743599067,0.30189612206155336,0.09480719375388623,0.11956423629794735,0.291927864771206,0.20375163772700045,0.11107158630337345,0.47062765694363945,0.4574008766768754,27.16431272808729,23.517676152942812
3336,Binh Thuan,VNM,2018,2018-06-18,0.09808130656667846,0.33527071635649675,0.07271177895219155,0.10462147502415255,0.3328443206413948,0.2345938945148238,0.12410393526010352,0.5866099144557382,0.5176442431503332,31.596153730556825,22.891756699873678
3342,Dong Nai,VNM,2018,2018-06-18,0.11368060425395124,0.3216657765493265,0.10913550851298948,0.12717750900413052,0.30489940055345294,0.20405240317379367,0.10620659610511196,0.5110441595773336,0.46086518980177943,28.36130351375998,22.865803607603695
3344,Gia Lai,VNM,2018,2018-06-18,0.14703234667506607,0.34782548784679534,0.13857439670038682,0.15700847894818198,0.34228612328436253,0.24526568585717817,0.1388961885545349,0.4523330831249064,0.5009126072811485,29.525845917460472,19.864007785302192
3345,Ha Giang,VNM,2018,2018-06-18,0.27033946225075617,0.4236290046534796,0.2798709697292372,0.28572765725287597,0.40333596331696897,0.2694602844733286,0.15522136444546883,0.26604499526420516,0.26069315308907964,30.479258055071014,19.302619100278708
3347,Ha Noi City,VNM,2018,2018-06-18,0.09732972670779477,0.2492853225255312,0.06405854746754551,0.09811470802194333,0.23600962284637902,0.18369783847239152,0.11194500103293523,0.44193372659889707,0.40115431118008815,38.66773379868017,25.54895262910925
3348,Ha Tay,VNM,2018,2018-06-18,0.09097995111936774,0.25632704999993816,0.05508261781841902,0.0932651906834519,0.22810795411461368,0.16460913928674747,0.08895428648232727,0.465704330791961,0.40103108372342566,34.85836663206815,26.47415318979363
3349,Ha Tinh,VNM,2018,2018-06-18,0.105377480230893,0.3333691767122811,0.08713959275270633,0.11611292250559736,0.32463792655019125,0.22576248371356603,0.11813850767771829,0.5436949314705405,0.5602834548013539,35.36808689609909,25.6414075106855
3353,Hoa Binh,VNM,2018,2018-06-18,0.043186874603329824,0.3230668280789595,0.029714377630667463,0.06070373668961141,0.297435903875502,0.17538679210371474,0.06714356515484349,0.761645199556664,0.654259589998652,32.50511563095076,24.67275786809101
3357,Kon Tum,VNM,2018,2018-06-18,0.13320655623897235,0.34941916651267174,0.12916468016116786,0.14589915276083243,0.33685189107660624,0.221944597738002,0.11631636934132214,0.5220036788240013,0.46797202914674507,27.270626741066543,19.532190807429142
3366,Nghe An,VNM,2018,2018-06-18,0.11534952772527643,0.35480260546558556,0.10491848801849411,0.12903671851581194,0.33468590917663094,0.220069009449486,0.11013093309646194,0.5674275200197196,0.5482784579629446,33.288972401265895,18.83799575132233
3367,Ninh Binh,VNM,2018,2018-06-18,0.07770146937974662,0.2805533301259825,0.04365788252890804,0.08336692592022665,0.2635914665374765,0.18343559966860346,0.09121019776959047,0.5396443255925751,0.49470062229280215,33.75890239873524,26.155032491002792
3368,Ninh Thuan,VNM,2018,2018-06-18,0.08275890432617344,0.33056588292685957,0.046188751597955505,0.08572473122576119,0.34709780487503467,0.25655758042673227,0.14307758311108054,0.6082151845687338,0.6070198247881254,37.5751893607801,22.385516037314982
3377,Soc Trang,VNM,2018,2018-06-18,0.10027533598313534,0.25466375322847606,0.0766337148353398,0.1073429482862228,0.224316381291528,0.15826307799292738,0.08410431621543109,0.42957125035909666,0.3468443221539903,30.62051657111933,25.21252484771023
3386,Tra Vinh,VNM,2018,2018-06-18,0.08124923432878592,0.28100794213113794,0.05835724598670941,0.09181364264343758,0.24481323664292456,0.16129402813654156,0.08073425248156327,0.5199296637731816,0.4602472108181394,30.641959987298502,25.20824909574268
3387,Tuyen Quang,VNM,2018,2018-06-18,0.15566653124880123,0.36092920504425774,0.1624129197267222,0.17284875565201277,0.3385406589162271,0.22691712349662657,0.12042419523519067,0.44439647801763893,0.4065268276903373,31.155802656175247,24.33933067629911
3388,Vinh Long,VNM,2018,2018-06-18,0.10393767976688628,0.32703077615363035,0.08454049334027032,0.1152565708307417,0.29079583803768533,0.18471642065969068,0.09267050808221294,0.5312830931756191,0.4689542001001071,30.328499241185632,24.71481763751632
3390,Yen Bai,VNM,2018,2018-06-18,0.24164895280918597,0.4093544362399574,0.24684480844962467,0.25617602595597755,0.3867534574769003,0.27590883578599457,0.15409232378505727,0.34947633189048194,0.327566663803137,28.998369053611878,17.8370078032686
3328,Bac Kan,VNM,2018,2018-06-18,0.16902010818918303,0.36894522158562754,0.17765878923849424,0.18655366287821373,0.3498626527479647,0.2380820556130427,0.13374029042560626,0.41976591330449514,0.3921850632306837,31.014949564341634,22.01298454869583
3329,Bac Giang,VNM,2018,2018-06-18,0.12462408399668118,0.32180423239361716,0.11290416055250972,0.13448190021834847,0.3087963643217151,0.21595645205749622,0.11548363351299556,0.469700380259245,0.4389940597982732,32.608800587191524,24.991186450100138
3330,Bac Lieu,VNM,2018,2018-06-18,0.0752189335271833,0.16596425326048686,0.04898501126269374,0.08075640623936979,0.1435046030778649,0.10443244405792083,0.056760712214425336,0.3257906149137269,0.21097108085579633,29.82264470230985,26.12074017477343
3331,Bac Ninh,VNM,2018,2018-06-18,0.12026129804344116,0.2596467741126736,0.07985313685660249,0.11695075196976286,0.24217091770730972,0.19175770271760897,0.1178238408456026,0.37049795363859706,0.36712073872698114,35.157082021635865,26.606276259418124
3334,Binh Duong,VNM,2018,2018-06-18,0.12092571401811063,0.33344463477516495,0.11286201994493131,0.13313615550078492,0.33080045947348813,0.23457427771555453,0.1279422828164669,0.49688478690862536,0.40684064995108177,30.130808751789157,23.139748588505153
3335,Binh Phuoc,VNM,2018,2018-06-18,0.11099206407120252,0.3295366145355061,0.10695155435551765,0.12407173279443551,0.323371269508608,0.21338784851004233,0.10664658040398708,0.5385567636401051,0.48841943983457176,30.314539257677257,22.506798537461258
3339,Ca Mau,VNM,2018,2018-06-18,0.06897419004320894,0.15866751378282234,0.04780053301962795,0.07403676300438036,0.1376841648853086,0.09288123039923858,0.050919827825811274,0.38351829642250457,0.1928993086172767,29.73476077902009,26.276117839673308
3340,Da Nang City,VNM,2018,2018-06-18,0.07486185516818807,0.2974706193734349,0.060594934458170414,0.08685935312832388,0.27988823034640364,0.18180878685427307,0.09435518454958028,0.6218141309417613,0.5553719908416939,31.09239621811797,24.73374264808684
3346,Ha Nam,VNM,2018,2018-06-18,0.08775676023782966,0.24397760271696525,0.05339575543085976,0.09023024337533504,0.2170199682922015,0.15537569823829134,0.08127896777186622,0.45287138399038834,0.3574109124682715,35.64345657344264,27.0051429459829
3350,Hai Duong,VNM,2018,2018-06-18,0.1111812018823838,0.2528900690655874,0.08498717239258659,0.11401589055651372,0.23489118140290052,0.17568977174925784,0.09893268041401196,0.402631538828674,0.31787094387249326,34.43472372230544,26.845880192100182
3354,Hung Yen,VNM,2018,2018-06-18,0.09477077411677509,0.25202040420060423,0.05622696128286066,0.09322531879413892,0.22674790112247328,0.16677644505106284,0.09212258802766753,0.44341330274665486,0.3778794376334559,36.44463321468176,26.640437544149123
3364,Nam Dinh,VNM,2018,2018-06-18,0.09696849169318256,0.23118792613720188,0.05430626068555307,0.09070317597976281,0.21702748362680846,0.16899040045938268,0.09808171064555822,0.39883720189695965,0.32941192627926486,34.151525588065766,26.892182766007473
3369,Phu Tho,VNM,2018,2018-06-18,0.09483829175511187,0.30448308285700093,0.0840804547661697,0.10654314684355604,0.28603530775741004,0.1899778163308535,0.0930270027577581,0.5596938241917871,0.47370679065859594,33.5295333454713,24.345977495153953
3372,Quang Nam,VNM,2018,2018-06-18,0.068799087204579,0.3168081208066172,0.06034286688865775,0.08345517209049022,0.2953916907468807,0.1772896880355378,0.08079194505724047,0.6645639896085408,0.5639348016299622,32.53270506028503,20.500308883695034
3381,Thai Nguyen,VNM,2018,2018-06-18,0.14293703015867304,0.33377967131415437,0.14609369621856033,0.15842668040889787,0.31288539884358174,0.21298793895091309,0.11370205762726016,0.42860050361269464,0.37323551055085413,31.82397298936824,24.725741994720583
3389,Vinh Phuc,VNM,2018,2018-06-18,0.09546905060343822,0.26972983670977174,0.0733558745554818,0.10136041297126853,0.2504334630029827,0.17813421961419304,0.09541876793633602,0.4881331218643494,0.4258295595256941,31.987046086327695,26.252627662375506
73933,Can Tho city,VNM,2018,2018-06-18,0.11242668633355549,0.27277302217587324,0.08366068045690728,0.11479553610295255,0.2548728880020492,0.1826086053085447,0.1001684519316073,0.4189074606722837,0.349967447569859,29.565344110018742,24.847655858534427
73934,Dak Lak,VNM,2018,2018-06-18,0.1300268233592992,0.34766689907474685,0.12032579306217261,0.1410193754352049,0.3382639140048029,0.2322405395338517,0.1260761305446014,0.5049546431708936,0.501331182180222,30.989617970547933,21.612101404669485
73935,Dak Nong,VNM,2018,2018-06-18,0.12285461167384978,0.3380930767128842,0.11965984233556104,0.13516845638734348,0.32212774738819255,0.21180492359626066,0.11186733070046459,0.5181491243830819,0.4741879030587204,29.062173808066312,21.251174736790187
73936,Dien Bien,VNM,2018,2018-06-18,0.2694777471391614,0.4191252044126375,0.2747972436321733,0.28370677728805527,0.3942066463710138,0.2734530735936877,0.15717923367400938,0.26472629581037677,0.24968842508715622,29.109910451103122,18.39950401232293
73937,Hau Giang,VNM,2018,2018-06-18,0.0789881855699119,0.31178788804231844,0.062010386182772756,0.09212679431251314,0.27449307742897117,0.17286386728431358,0.08311244888757453,0.6148038777065858,0.5160501838347392,29.612914483157184,24.69064136920821
73938,Lai Chau,VNM,2018,2018-06-18,0.35632733834713365,0.47221447882824424,0.36293751871660485,0.36885052087850706,0.43979442872744073,0.2995984781359875,0.174668498617831,0.18187237240850715,0.17511177473713835,29.020866537170573,17.212338657478522
73939,Lao Cai,VNM,2018,2018-06-18,0.26876679433695433,0.425555144764474,0.2756390085560702,0.28304223370336884,0.39834273689312033,0.2790299449056109,0.15820607580013032,0.3152822493510617,0.2870931763289219,30.74157671515741,20.294420485175202
3326,An Giang,VNM,2018,2018-06-18,0.07279165445226984,0.3629692248539174,0.05448834700367881,0.0881792090503515,0.3099587289566478,0.19134572437258288,0.0890727588981298,0.667718543934011,0.6576264304061277,27.44836069309663,24.354818133137076
3332,Ben Tre,VNM,2018,2018-06-18,0.09521983797932294,0.2602831597517493,0.07456544720722023,0.10205311130344268,0.22752571497681257,0.14719320741057054,0.07756848645419745,0.46364431295995073,0.3574689247659045,29.503774196501602,25.246193707300662
3343,Dong Thap,VNM,2018,2018-06-18,0.0874824728477287,0.29261682437591346,0.06083787215518241,0.09529734896557508,0.2592618406635928,0.1734579993560891,0.08676033152384391,0.5227645442080717,0.46040822191471087,28.494475953229703,24.485273162413716
3351,Hai Phong City,VNM,2018,2018-06-18,0.09787525611256179,0.23480943139456484,0.07227888870556026,0.10186312012641643,0.21484248611284368,0.15857205747223596,0.08956071488793431,0.41240779678511413,0.3133472699090273,33.27420627354094,25.55798035965001
3352,Ho Chi Minh City,VNM,2018,2018-06-18,0.14076583810871934,0.2773932058569505,0.13584472401819353,0.15171465037519938,0.26018681270672883,0.19347772151301246,0.11909349456322468,0.3532117330349979,0.30105878983222634,27.347534548669852,24.23067258224004
3356,Kien Giang,VNM,2018,2018-06-18,0.0791102210299071,0.23487514724511113,0.05704478891602555,0.08657105298925934,0.21298826828426323,0.14545815718002172,0.07489162865981773,0.4735500220525445,0.3499630799885672,29.526151255211452,25.823341325307346
3359,Lam Dong,VNM,2018,2018-06-18,0.10462290005902763,0.3249936303342787,0.09752788105414723,0.11613365345290255,0.3145869626602148,0.20264076458884445,0.10478766105407407,0.5648089735928528,0.5022825316829782,28.917979605370583,17.735257509085198
3362,Long An,VNM,2018,2018-06-18,0.08423225887040417,0.33998196517588675,0.06693930219157576,0.10055693532731551,0.3064852767521668,0.20346567977094754,0.09847375304421181,0.6020677825116076,0.5900488443137876,29.048125946283363,24.652429104956003
3375,Quang Ninh,VNM,2018,2018-06-18,0.1263589868778637,0.29747317205990514,0.12284249121671491,0.1390659240974193,0.2844550932575069,0.19761006455650768,0.10675404926624613,0.4403699983851375,0.3479152590755595,32.077021760672814,23.56590218953525
3378,Son La,VNM,2018,2018-06-18,0.16778493704954442,0.36786520593921923,0.16640852547723148,0.18263848965247984,0.3479161014614523,0.24133513446607607,0.13043193686425958,0.4599347041661313,0.43944047056280944,30.459627957103905,18.428622269562265
3379,Tay Ninh,VNM,2018,2018-06-18,0.0969827824941397,0.3510801760792768,0.08297788113817794,0.1125603588523278,0.33622756901166134,0.22157733355487597,0.10751504351860684,0.583465846893862,0.6079991053287921,31.37299986925073,23.397674163083405
3380,Thai Binh,VNM,2018,2018-06-18,0.09483059720646576,0.22016063637407704,0.05538385918176967,0.09083909588681521,0.19746940613368053,0.14939962619659333,0.08363415340765239,0.3914994353850918,0.2818219734438318,34.345784790104304,27.17945207912316
3382,Thanh Hoa,VNM,2018,2018-06-18,0.06507113669518705,0.3282230931981012,0.04504311679916142,0.07839738761880685,0.305329943093276,0.1917825796737517,0.08297115005237268,0.6682153750517613,0.6199218099562229,33.09001582944692,24.614696890163454
3384,Tien Giang,VNM,2018,2018-06-18,0.10724558487801601,0.29164452401840896,0.08929512816760209,0.11570611780467031,0.2664767676771748,0.18625837172424223,0.10261899680790516,0.47917425730459035,0.42179921816129357,27.89378055582558,24.752011844604876
3333,Binh Dinh,VNM,2018,2018-06-26,0.04840324438988267,0.32691743766393194,0.028019362427006762,0.06077448700714412,0.30729785295756246,0.18182544010880544,0.0797663108928364,0.7461793730389945,0.6355686594057849,32.783757345274616,23.44565195167203
3338,Cao Bang,VNM,2018,2018-06-26,0.11409119359977636,0.38951835694317055,0.10577669613031232,0.13425597676281875,0.3814610385197131,0.2487397816397558,0.11949619466674846,0.5713163740830327,0.6093104746116019,29.68709363616579,19.07004086609188
3355,Khanh Hoa,VNM,2018,2018-06-26,0.059279254560176846,0.3151004945353535,0.03627135961951231,0.06951373001870433,0.30991451524438934,0.20096697693650536,0.09632831927151503,0.6933889974822821,0.8176746361588576,33.204093600762974,22.149470085730588
3360,Lang Son,VNM,2018,2018-06-26,0.08514453281083638,0.3568877606867739,0.0740913396452733,0.10384761272606459,0.34331131926847885,0.21775781031374133,0.1003411788628668,0.6420839371692136,0.6241201756733925,30.731215726570912,22.24860999511567
3370,Phu Yen,VNM,2018,2018-06-26,0.06297676196751555,0.34100407981740427,0.03739407346376297,0.0747864132669603,0.33106764246763837,0.21440588969152458,0.10181092358616922,0.689150026596286,0.7503680026519751,33.68628633817036,23.377021027157728
3371,Quang Binh,VNM,2018,2018-06-26,0.0712030565947644,0.3179178131005136,0.055643401901677686,0.08316261393538132,0.308592955696056,0.19910553613920606,0.09618413647969921,0.665263238502091,0.7743480186104155,32.35018648296456,23.563169809466846
3374,Quang Ngai,VNM,2018,2018-06-26,0.04123318826606489,0.3159445120803942,0.024894708564217567,0.055416709509736706,0.29093159628125825,0.1692770103331195,0.06986083271188301,0.7688887171436753,0.6709942451300059,31.620179361944714,23.217664290370344
3376,Quang Tri,VNM,2018,2018-06-26,0.07728968047128112,0.3189199369942253,0.06264809146873962,0.08895621045172981,0.3033998186983969,0.19854729134414925,0.09802585380874013,0.6450635176856205,0.6026201280547749,32.42629699411037,23.315563677502926
3383,Thua Thien - Hue,VNM,2018,2018-06-26,0.04593057329552019,0.30083118401190406,0.03065019955533843,0.06036420510405498,0.28181673290802295,0.16912838594300336,0.07237482639573886,0.7372157592500294,0.6267964411685062,32.08302033897872,23.03753344779383
3327,Ba Ria-Vung Tau,VNM,2018,2018-06-26,0.1082426446248029,0.29581702793878745,0.0955304670768337,0.11793368996731535,0.28444301248348275,0.199799643333583,0.11164033371666351,0.46201389976180357,0.45319836223841287,32.15755826157189,23.900764836098887
3336,Binh Thuan,VNM,2018,2018-06-26,0.08788546014676338,0.3549962117348766,0.05738987547251569,0.094721259544653,0.3552178773589575,0.24873283406634522,0.13236755963659222,0.6309199219226155,0.6258531162108075,32.928333780222104,22.362635391685668
3342,Dong Nai,VNM,2018,2018-06-26,0.11187148968902912,0.32105436060633064,0.10582945659595211,0.1252602245015403,0.3065032348563108,0.2028371448343409,0.10468234786461451,0.5139315664768341,0.47439399910861313,31.16983607671571,23.13643909259678
3344,Gia Lai,VNM,2018,2018-06-26,0.09819810665681081,0.34397906866144873,0.07840609070423996,0.1078620065436296,0.3420338347424541,0.23661441828854865,0.12654240687425244,0.5923997799521158,0.6700734320197538,31.467534537828342,20.88490157724364
3345,Ha Giang,VNM,2018,2018-06-26,0.15608938883538842,0.39449569192378897,0.14727133778873308,0.1721243153967339,0.387781785332217,0.27321697827916125,0.14791873294335242,0.49692089529912054,0.5503270200584921,29.915317557576437,18.03885742552494
3347,Ha Noi City,VNM,2018,2018-06-26,0.09510985802277554,0.24671171965641836,0.05845993698604106,0.09408965253225819,0.23618046273550683,0.1870394275873075,0.12072953656934245,0.4381643336742201,0.4645436042354804,36.98504960931841,27.4620930486093
3348,Ha Tay,VNM,2018,2018-06-26,0.08906300340484827,0.2540941174049052,0.051042061260926024,0.09080636226253817,0.23047101733381167,0.1703303317617492,0.097699609004344,0.4651723976611466,0.4454718362250514,33.93712707668761,27.027880727414562
3349,Ha Tinh,VNM,2018,2018-06-26,0.07346973055909246,0.3303754314747121,0.04602025893422817,0.0835946435694674,0.3243703640627711,0.21959524084162066,0.10803081262998233,0.6403255767314837,0.6985708964135192,34.36626895108534,24.72568505528927
3353,Hoa Binh,VNM,2018,2018-06-26,0.05400248337757253,0.34416047915635223,0.034880511587775526,0.07050625975872989,0.3230835950623294,0.19810094869656775,0.08390345357617869,0.7258652844789674,0.7046493299215665,31.479717659196584,24.476071684180926
3357,Kon Tum,VNM,2018,2018-06-26,0.0668105358783812,0.3482030339303571,0.05369917697826166,0.0815897324745152,0.33865626678120586,0.20709847011625926,0.09131322435911919,0.707463484612894,0.6958811187660462,28.0686866829795,18.7815611180862
3366,Nghe An,VNM,2018,2018-06-26,0.07951561336404786,0.3691851011662179,0.05578542968103563,0.0928117122367321,0.35880448774030044,0.23356135246107673,0.11152100567895058,0.6683190803514784,0.7486162199770432,33.111716490200884,22.31577112881041
3367,Ninh Binh,VNM,2018,2018-06-26,0.09456824955803755,0.25999180169689606,0.05286338007064684,0.09280212175801492,0.2447387736713063,0.18021170007397927,0.10018872472109777,0.4437054400105788,0.4230356187490579,36.09180294980268,26.574754011784556
3368,Ninh Thuan,VNM,2018,2018-06-26,0.077877455907629,0.3358431665556581,0.04171296544103302,0.08217442459933597,0.3473341949166068,0.2553796516107364,0.14305369799676285,0.6361048381629074,1.0659257591854339,34.5751606663765,22.67698943172393
3377,Soc Trang,VNM,2018,2018-06-26,0.08554221182248195,0.26807483264937537,0.05765282213159115,0.0933066642392501,0.23099472926906203,0.1567428400318715,0.07887381368571257,0.49823197910405076,0.4160276919692602,30.09806331531114,25.06249469247852
3386,Tra Vinh,VNM,2018,2018-06-26,0.09327631124910032,0.29764618062340564,0.07196983619301087,0.10392784385292989,0.25921338574495534,0.16943450816212768,0.08469559049096126,0.5025472294616171,0.4530736144520918,29.548583929493184,25.81841527376281
3387,Tuyen Quang,VNM,2018,2018-06-26,0.08740557745529696,0.359120931746776,0.0784369540312816,0.10517121540819145,0.3410743662451585,0.21979624156904579,0.10426230456360705,0.6296327278731532,0.6337150703745875,30.60686544327242,24.528697461795126
3388,Vinh Long,VNM,2018,2018-06-26,0.10560899601665132,0.30293915518114656,0.08368560433994826,0.11290129560814928,0.27471993199375183,0.18186838650845366,0.0927065667975616,0.5013172264810735,0.42575631888240145,29.563729900325487,23.79418062763107
3390,Yen Bai,VNM,2018,2018-06-26,0.1563680412608496,0.40003897359143803,0.1462270163758247,0.17244752619358641,0.3833017090363608,0.25798545397564976,0.1280414200714765,0.5500036658437789,0.5841058622471731,29.247535364991986,20.625950184227737
3328,Bac Kan,VNM,2018,2018-06-26,0.09819333097649717,0.38423768375106815,0.09160403171256874,0.11837617929235898,0.37072672927137085,0.23747555625946942,0.1130037464784389,0.61817051195161,0.6583516108623926,29.279071730650056,22.420661294884226
3329,Bac Giang,VNM,2018,2018-06-26,0.08810367920774048,0.31535713585508507,0.06178988898237936,0.09516276700303827,0.3061506853263691,0.20995637118373348,0.10634221890532122,0.5677386292269783,0.559587043588125,32.57866900285763,25.933604608814903
3330,Bac Lieu,VNM,2018,2018-06-26,0.07412430205316817,0.18130895868521507,0.04809015227930868,0.0798366646157668,0.15389521772707676,0.11074709503110403,0.05823342665918005,0.35921545730438975,0.24802495132679425,30.516965464105866,26.14795844053928
3331,Bac Ninh,VNM,2018,2018-06-26,0.10908570516456223,0.2216815916999747,0.06349214813642767,0.10178112582080419,0.20172412988902977,0.1635020131640675,0.10554000822336354,0.337167390389724,0.30766502414068886,37.507349809590416,28.207811426464023
3334,Binh Duong,VNM,2018,2018-06-26,0.11674964211730324,0.3293024102224428,0.10376618518509319,0.1269882414380441,0.33241601957929795,0.23852885522593972,0.13088375243793296,0.5066394774770288,0.6285374427302465,31.996107757840765,23.607781356429165
3335,Binh Phuoc,VNM,2018,2018-06-26,0.09431336964243806,0.3205807401835587,0.08580726975165934,0.1063168300456163,0.31687819397741096,0.2069617397627997,0.0992005609869518,0.5890570460696168,0.5322888662240927,30.220127503579945,22.090055773521073
3339,Ca Mau,VNM,2018,2018-06-26,0.08087074347603791,0.1805287808989972,0.0623490856812332,0.0871176754137179,0.15617779728190348,0.10771715739009832,0.058279768822562486,0.3852844820985902,0.2105008472272422,29.126759874023303,25.542721767291606
3340,Da Nang City,VNM,2018,2018-06-26,0.05185013168376161,0.3046758123886308,0.032437862396518545,0.06544786832978922,0.28375916380569444,0.17313508285768728,0.08046323102358781,0.7155031312553514,0.6300461754100363,31.304529396686682,23.724233608088674
3346,Ha Nam,VNM,2018,2018-06-26,0.10394859092919934,0.23585410127021758,0.06357584100804543,0.10102493560015151,0.21074133200265013,0.16097184758243938,0.09528673310205105,0.38348978781262993,0.35819250815582937,36.327475639539365,27.109924770275803
3350,Hai Duong,VNM,2018,2018-06-26,0.09744053793792505,0.2237721026567513,0.05646489248956167,0.09364912547744947,0.20261466879103365,0.15554520723779738,0.09267652284340351,0.38976644052426934,0.3191293984125625,34.556757234009076,27.895582403947877
3354,Hung Yen,VNM,2018,2018-06-26,0.09856244188891602,0.22141508220304792,0.056442577552686675,0.09146406118724955,0.19333296277844386,0.14959663159611797,0.09234109837932566,0.3797802866578277,0.31946067627107194,35.60986875524591,27.33042506850975
3364,Nam Dinh,VNM,2018,2018-06-26,0.11433375228775675,0.19693515394876673,0.06274115569980826,0.09953963931125646,0.16849305537996578,0.13885450503513289,0.09009772795345669,0.25233469006929876,0.20665521958638494,34.45228865973611,26.368379852760537
3369,Phu Tho,VNM,2018,2018-06-26,0.06278630889504697,0.322831619614275,0.03894383174104621,0.07476718531474327,0.30955826435509415,0.20234986386195525,0.09161039975770241,0.6619425045623152,0.654669011039992,31.635337026824565,25.90033384292692
3372,Quang Nam,VNM,2018,2018-06-26,0.04295833557157663,0.3274547374513483,0.02900082749970706,0.05961601121901169,0.305257269027885,0.1758217129883306,0.07099645358282149,0.7715116008449759,-8.068387363528065E10,30.334175815838442,21.83088099484842
3381,Thai Nguyen,VNM,2018,2018-06-26,0.08467369748533118,0.34582694648228196,0.06932747309334873,0.09960125827424103,0.3289144059655634,0.21480957212753915,0.10181576565871699,0.6124901446302344,0.6101435396140961,31.48711143161895,25.409051511985776
3389,Vinh Phuc,VNM,2018,2018-06-26,0.08007377515862353,0.2758766028835137,0.04913107408229525,0.08489100161571105,0.26437488178567453,0.18953336472981122,0.10219084300860781,0.5408992548017575,0.509599351388062,33.04700647539585,26.365773155073192
73933,Can Tho city,VNM,2018,2018-06-26,0.11276516102236636,0.25434960126680034,0.08768648384679424,0.11776634640816355,0.23249909046952602,0.16908321373862853,0.09115355104500071,0.3993198485084566,0.3010685960513933,30.67919107582335,24.150272629597065
73934,Dak Lak,VNM,2018,2018-06-26,0.0939616970401097,0.34202764557621335,0.07736212991879901,0.10563154079816346,0.3332047136863815,0.2218075767495639,0.11332673255946822,0.6058121482947576,0.6392305302356822,30.795194386020256,20.445052120999286
73935,Dak Nong,VNM,2018,2018-06-26,0.0866105837803852,0.33239536788002827,0.07597184557939626,0.09931988589437303,0.31962093365010025,0.20247358533857038,0.09807019438251799,0.6251204056820937,0.5772215289753637,28.887339241826368,18.92175393446521
73936,Dien Bien,VNM,2018,2018-06-26,0.3848873754698504,0.5307675008215066,0.38370416055912776,0.3940704424450038,0.5153314149472877,0.39999987080360017,0.2545579097219265,0.18873439529817607,0.2454256879347742,25.95026589274547,10.839638554216872
73937,Hau Giang,VNM,2018,2018-06-26,0.09613840794019582,0.3128190673256684,0.07909959334066619,0.10761175222499525,0.2771801241804362,0.17923905101334595,0.08892617556617333,0.5632101177496943,0.46364029924915884,29.666811336341215,23.865311611453368
73938,Lai Chau,VNM,2018,2018-06-26,0.4788925788193557,0.5658630524208703,0.485836520733322,0.4878863285461384,0.5233725937020165,0.38694158060206524,0.22875923871151266,0.09940168913543994,0.10892853497730205,27.257000499105228,9.097227796685523
73939,Lao Cai,VNM,2018,2018-06-26,0.16611111284146984,0.41076467119079335,0.1592037249786733,0.18303871639143088,0.39457306344923604,0.2692836498757259,0.14045226142060774,0.5034834564324964,0.5550267445332037,31.029154931539793,11.250970026263397
3326,An Giang,VNM,2018,2018-06-26,0.0747148019746577,0.3691402665744551,0.05430413092891729,0.0907064114717906,0.31413119598592515,0.19074402936018664,0.08601107153451572,0.6639182865704117,0.6452038922433705,27.960278295310218,23.905057204169665
3332,Ben Tre,VNM,2018,2018-06-26,0.11182917069282718,0.2703474385640462,0.09518915105650225,0.11928968009504086,0.23792108066137027,0.1557513348375534,0.08286315714716184,0.4164249545065647,0.32470927839962777,29.112759418929024,24.646418962497318
3343,Dong Thap,VNM,2018,2018-06-26,0.08551419207501121,0.29600321785811895,0.059568145783653735,0.09548571006287788,0.26434296645480665,0.17652733887044497,0.08585604438199892,0.541185922677235,0.4702664826867106,29.0326562138432,24.509293789328137
3351,Hai Phong City,VNM,2018,2018-06-26,0.10130495517610968,0.23725343164675336,0.06510459111195152,0.10108822385250758,0.21794072005290574,0.16473252767035165,0.09752008580432166,0.38607229000444776,0.3388518563052694,30.746231203986916,27.55915873110004
3352,Ho Chi Minh City,VNM,2018,2018-06-26,0.12392166363132388,0.26706998285725564,0.11110274924533861,0.13281275494353129,0.25271102092050657,0.18578653627455835,0.11373343874618609,0.3939079831562552,0.352916472823784,31.044811468441978,24.486150227894615
3356,Kien Giang,VNM,2018,2018-06-26,0.07599895996279982,0.24039288904086298,0.054987680451788756,0.08412094194318247,0.2161497890048012,0.1466841774416828,0.07340765229229973,0.5056150421177292,0.3756560398104969,29.038625511560518,24.914094396082746
3359,Lam Dong,VNM,2018,2018-06-26,0.06077256104023217,0.3134148441734527,0.046063541338119546,0.07290995738956418,0.30400903348459546,0.18470300565570044,0.08313218104726319,0.7025743868307314,0.6117961302799212,28.432637280095577,17.132480575793537
3362,Long An,VNM,2018,2018-06-26,0.07110137801784949,0.3472288995535254,0.04990722938545094,0.0884986534669894,0.3132065511352694,0.20390403731039158,0.09442178628980685,0.6485083556810078,0.6559218482048618,30.366544489958063,24.487599525321677
3375,Quang Ninh,VNM,2018,2018-06-26,0.08646229947191593,0.305212385392101,0.06859783720149987,0.09817014630672023,0.2962488997722377,0.19881180447854307,0.09976428363637446,0.5703032022344775,0.5316627180989767,30.860929420704828,24.007649369895294
3378,Son La,VNM,2018,2018-06-26,0.22266858781170615,0.4448864105128486,0.21394026631117838,0.23627241362841592,0.43273632214495866,0.3162968872669248,0.18568292590601138,0.4215394106208388,0.5292881070807336,28.590571332311544,20.574155991184963
3379,Tay Ninh,VNM,2018,2018-06-26,0.07996585550247744,0.34252823516007613,0.06059408959439848,0.093666133815981,0.33424603665203206,0.2231181442601544,0.10787627135364612,0.6368012300039416,0.7651578030328507,30.83033055246031,23.606158880949707
3380,Thai Binh,VNM,2018,2018-06-26,0.10765671867528652,0.19757155759818903,0.06089091064112102,0.09607307285269613,0.16380734351706897,0.13147402291926374,0.08294593422138259,0.28641681572136213,0.2072670457606736,34.26508452197623,26.952861778606184
3382,Thanh Hoa,VNM,2018,2018-06-26,0.06847874298643516,0.33386454769224444,0.042512626679326385,0.07968047797942451,0.3189473746544435,0.20622496658061554,0.09426383404524886,0.6605177233880858,0.6565230129901968,33.94344729347716,24.49508402912483
3384,Tien Giang,VNM,2018,2018-06-26,0.10345901929690905,0.28928035035506683,0.08401171689985365,0.11129965856282815,0.26422038165213385,0.1819939296797044,0.09665500156845717,0.4831371610724806,0.42014667951012497,29.395320869280834,24.100246839917567
3333,Binh Dinh,VNM,2018,2018-07-04,0.05635262388663427,0.32961389182862016,0.03766368262405358,0.06780760142402273,0.3063941192100357,0.18464151861946365,0.08369544517195397,0.7192468248715153,0.6698116571281147,30.69695379258439,21.565802951361825
3338,Cao Bang,VNM,2018,2018-07-04,0.056661103826471215,0.33809640502805566,0.044390889438853026,0.07493764188383004,0.32177472249996414,0.19666614557260204,0.07971310066179044,0.7354991055961276,0.667738591270523,29.040745336658716,20.354142717358567
3355,Khanh Hoa,VNM,2018,2018-07-04,0.07103605867502275,0.33996976115652394,0.045721321879351934,0.0815971772433644,0.337804340901082,0.22346708570136795,0.11008602790332148,0.6620600781033921,0.6572187219484997,30.46141798935001,22.36839095653304
3360,Lang Son,VNM,2018,2018-07-04,0.054343269871670485,0.31777699426961137,0.04436549106179436,0.07092969452648001,0.2972826675108584,0.17969578590640287,0.07238456569000602,0.7370732659765601,0.6067913013512864,29.999466048133684,22.121485200857595
3370,Phu Yen,VNM,2018,2018-07-04,0.09444356486167094,0.35836523874564186,0.06990815946527704,0.10466153700096498,0.3501681754727596,0.23724157654687017,0.12344414583166483,0.614243919790485,0.7331675324772265,30.539276833582292,23.487495313937764
3371,Quang Binh,VNM,2018,2018-07-04,0.11147186535772266,0.3482635443969709,0.10075086093576859,0.12440497694829664,0.3365230219297747,0.2255796799713868,0.11358914134678541,0.5620587571021037,0.5445283231712865,34.011701863281175,24.967694119625683
3374,Quang Ngai,VNM,2018,2018-07-04,0.054682478249956715,0.36695379564878616,0.03694386813736049,0.071413270951485,0.33600252330825,0.1990772246824316,0.0855243094711901,0.744241655171745,0.7486997205154113,30.98892932555482,22.871498546215033
3376,Quang Tri,VNM,2018,2018-07-04,0.1265828442318059,0.38251423956658925,0.11110839281776254,0.1394569788931239,0.3682316150762898,0.25375406130451233,0.1340206076861121,0.5414546843775181,0.864798088197137,31.85401034661662,24.293249771578964
3383,Thua Thien - Hue,VNM,2018,2018-07-04,0.08572922071611483,0.3587245264348953,0.07190621221675234,0.10240159683308536,0.33907598876202955,0.21537910505106553,0.10303961970145879,0.6229173174907133,0.6446097163191484,31.064092454270916,24.00903449862797
3327,Ba Ria-Vung Tau,VNM,2018,2018-07-04,0.14749455581384224,0.3294404960635826,0.1384836992598109,0.1585431768269485,0.3139597242318134,0.22538173547816467,0.13120541460585763,0.3893780221586246,0.42008686498303927,28.744220849650958,
3336,Binh Thuan,VNM,2018,2018-07-04,0.1671752607557106,0.3920343426515187,0.1446943677440583,0.1728309622363845,0.3907680528864169,0.2886138366050842,0.16766501606136508,0.4530792056448364,1.167675442521031,31.258864179968704,17.55485294865108
3342,Dong Nai,VNM,2018,2018-07-04,0.1634713967101299,0.36970226247028254,0.15692685905383782,0.17690676573039202,0.3542807803141521,0.245935983646376,0.13660202728453633,0.4188432447641261,0.4320116885617337,28.720479991701996,
3344,Gia Lai,VNM,2018,2018-07-04,0.2985355736131457,0.4543101803626633,0.29661451115038173,0.30695124932605755,0.4428850777718653,0.3487413095613569,0.22357964295739,0.266944854016545,0.10501050369685806,27.583746987607118,11.484411911525132
3345,Ha Giang,VNM,2018,2018-07-04,0.08083429759187388,0.3519311823492295,0.06833332073864497,0.09779485006395251,0.3386516998909318,0.21808013192159167,0.09767128007885845,0.6586252507106087,0.643525150293171,30.42799482132522,18.227841894953105
3347,Ha Noi City,VNM,2018,2018-07-04,0.09019065188508275,0.2504509014932038,0.05438598908711009,0.09072660704687172,0.23913711577003705,0.18467012045692016,0.10912998528434101,0.4618784726670384,0.42291612656281324,39.48713473102567,
3348,Ha Tay,VNM,2018,2018-07-04,0.07373478169409248,0.23183873215809558,0.04471631803779276,0.07785644288635298,0.20479093086029412,0.14794806385521456,0.07531323449077351,0.5105022821933008,0.3704883036931348,37.865654024981424,18.549828795958497
3349,Ha Tinh,VNM,2018,2018-07-04,0.06703956229476019,0.27533800466332453,0.05251355136262662,0.07580780072321049,0.2579037500787279,0.17369646664661662,0.08186544541308984,0.6410383188816762,0.5080250633835781,36.288907873502225,18.25617565109438
3353,Hoa Binh,VNM,2018,2018-07-04,0.03907000346149519,0.2904395423652871,0.0261351542442906,0.05195180672000419,0.26375449745406104,0.15697275097896088,0.05944777940986904,0.7616555931720259,0.5853029372081391,34.59500974070666,21.150154817378127
3357,Kon Tum,VNM,2018,2018-07-04,0.4170354945126361,0.5411237127344835,0.4199091947188403,0.4264774117756793,0.5105314923535559,0.37486925718653236,0.22555979021190412,0.1897705704217997,0.1991837664675192,25.86450515913943,16.197648143939915
3366,Nghe An,VNM,2018,2018-07-04,0.07579055316841865,0.3422781415477661,0.06190533922572403,0.08954413657477271,0.32359811779185943,0.20658300598269874,0.09332488124127344,0.6523934412364721,0.6170178038783923,34.481043994816474,18.889480964090577
3367,Ninh Binh,VNM,2018,2018-07-04,0.06230635176822142,0.19058272087899483,0.033946642459215505,0.06070485490647729,0.16726751728711747,0.12083585144132623,0.05878867560290686,0.49620702303453645,0.30086226320669984,38.93808483053306,27.044854571716606
3368,Ninh Thuan,VNM,2018,2018-07-04,0.10260930926623185,0.36086030449054607,0.07103773185272585,0.10888691885359436,0.3654670460461381,0.26011717861143707,0.1386541947751205,0.5661581380595847,0.7146544142531039,33.02831172530342,23.68067806788143
3377,Soc Trang,VNM,2018,2018-07-04,0.12279288059124512,0.30705843453492393,0.10189905817562346,0.13437424226275177,0.26383122196059716,0.18265123593744975,0.10002445205956947,0.4157057621435745,0.3791570029141849,26.97123589569698,
3386,Tra Vinh,VNM,2018,2018-07-04,0.10323857586394339,0.3149030106466631,0.07916782727083417,0.11438243512223048,0.2723022426023023,0.1743006608893015,0.08712451163745233,0.4885280668403389,0.4457492695797986,27.92904398982849,
3387,Tuyen Quang,VNM,2018,2018-07-04,0.053853437023993034,0.3119639997098665,0.04596833832269568,0.06922967522350554,0.28522265128672647,0.17293468988359256,0.0681737097097849,0.7251408194585234,0.5825049352289577,31.83818814107078,25.12031291810465
3388,Vinh Long,VNM,2018,2018-07-04,0.11363370890740043,0.3059467070377936,0.09048729031249884,0.1200150686307065,0.2794136990290468,0.18945383394952783,0.10230317167937615,0.46802014148996635,0.4112345461051471,26.277947767180702,
3390,Yen Bai,VNM,2018,2018-07-04,0.10670106799148868,0.36332366286281376,0.09599534300452867,0.12244378784840826,0.3454430638245089,0.22454875493308604,0.10243534187065495,0.631902600800614,0.5958296200086247,32.63181473010208,19.571904340567052
3328,Bac Kan,VNM,2018,2018-07-04,0.05563410770382834,0.3088534313784673,0.051439673557132595,0.07172844294138317,0.2855446631491114,0.17142440935349654,0.06866353342365782,0.7304027740650201,0.5749568175206544,28.95484654047114,22.17403408246706
3329,Bac Giang,VNM,2018,2018-07-04,0.084251607030533,0.33010163593736197,0.05396295045694259,0.0907663849894554,0.3239971898876308,0.22230157740015927,0.10897970514336017,0.5981044004311264,0.6175217585834715,34.73143844802952,22.204881095031812
3330,Bac Lieu,VNM,2018,2018-07-04,0.12364993059725497,0.22822397005144082,0.10460871731008684,0.1321516238837143,0.19904301531815238,0.15270641193357448,0.09505331580208416,0.28092388500833865,0.2308000147488228,29.83016264589927,
3331,Bac Ninh,VNM,2018,2018-07-04,0.11428307435681173,0.2420000856878933,0.06609221064736158,0.10805375349743654,0.21990066589187338,0.17340880958456414,0.10473614168253602,0.35227612238193745,0.31356744130789166,39.24364118726419,
3334,Binh Duong,VNM,2018,2018-07-04,0.17585049234370542,0.37726019808696265,0.16970428299110799,0.18819812414476267,0.37453467525892636,0.27168275475482684,0.15453746990320025,0.39476245650024394,0.4406886283188154,29.57388523556884,
3335,Binh Phuoc,VNM,2018,2018-07-04,0.24079356224837023,0.4249618196846293,0.24183771965151782,0.25398273567680724,0.4150565479094652,0.29860783677910774,0.16929613382807887,0.3171512529553627,0.34070952400592236,29.255576193738698,
3339,Ca Mau,VNM,2018,2018-07-04,0.13715322606995584,0.2245264252029814,0.12432966357711607,0.14591878407516998,0.2012533883062792,0.15223539944803538,0.10162486996803345,0.2619330375832028,0.17846191421719254,28.93923208105322,
3340,Da Nang City,VNM,2018,2018-07-04,0.08059340584248054,0.34356944975449044,0.06542836606633848,0.09697252111731303,0.31492690481698316,0.1961668277909352,0.09401024485583932,0.6164542783320366,0.5881349572491258,29.448248992305096,23.16515791112341
3346,Ha Nam,VNM,2018,2018-07-04,0.08083606349179494,0.20535605506742707,0.04921152032325861,0.0803492605394563,0.17996077250184675,0.13731321281689254,0.07396635343398851,0.4405228144039367,0.2815772517868329,39.28523164462656,26.369854501227554
3350,Hai Duong,VNM,2018,2018-07-04,0.09899617608742879,0.24243600285169845,0.05749135107127442,0.09680705007378204,0.22430983633376303,0.16949950007742015,0.09486267487304997,0.4105744855581174,0.34273978629275975,38.27024369185313,
3354,Hung Yen,VNM,2018,2018-07-04,0.09827014797629416,0.24140541240076463,0.056602646062596455,0.09372108094722888,0.21488891686147585,0.1633361142146274,0.09368944621156479,0.4152817971556101,0.3419932551879945,38.57916750848875,
3364,Nam Dinh,VNM,2018,2018-07-04,0.09239691204497412,0.1613641664293742,0.0502136230390864,0.08023269102844795,0.12964240246091116,0.10616578632083785,0.061307351424287275,0.26497974734303364,0.14779711885821636,37.43013188129848,26.508032035268183
3369,Phu Tho,VNM,2018,2018-07-04,0.06193422387676718,0.32776701182590756,0.03881905927466628,0.0740031999709733,0.31071947485531304,0.19963989334888266,0.08549381592839607,0.6746353215696567,0.6340882468984488,35.42668640945879,19.71272251990372
3372,Quang Nam,VNM,2018,2018-07-04,0.08101914055875142,0.3477788192539843,0.07355414945554821,0.09716048924401204,0.32092440611439355,0.19473041124846172,0.09155538726088253,0.6521121589775709,0.6063465503348687,30.34545181246429,21.702309213998163
3381,Thai Nguyen,VNM,2018,2018-07-04,0.05756129790975035,0.2938107853953665,0.04487055524987721,0.06975772131607201,0.268467206185756,0.16904596547637338,0.07219509852361997,0.6941816521733105,0.5451844137340347,32.73840117814892,24.367270942332123
3389,Vinh Phuc,VNM,2018,2018-07-04,0.07615811165334077,0.2916529444736818,0.04676352346206136,0.08367610486511459,0.27663713059463835,0.19408322901139882,0.09747572949057966,0.582697771131117,0.5460145031018507,36.30301577328336,18.564471985448854
73933,Can Tho city,VNM,2018,2018-07-04,0.11210065936654492,0.2573280359927489,0.095622673034643,0.12310241127170307,0.2305414999366327,0.16867949124150738,0.09262720760024484,0.41025559640922615,0.3097338362224967,,
73934,Dak Lak,VNM,2018,2018-07-04,0.20858047973652652,0.4199683130667654,0.19997785994219738,0.21943783989343832,0.40728394464958073,0.2963005045189681,0.17586332504039662,0.4034526916501746,0.4993838282011859,26.770287973065862,15.879769656751744
73935,Dak Nong,VNM,2018,2018-07-04,0.2991356257604992,0.46304663872632107,0.30455760178923974,0.3113146750560948,0.4396115287707169,0.3206391533210124,0.18926839532002734,0.271534220406006,0.2876999884201243,24.924236063460594,12.545640208895179
73936,Dien Bien,VNM,2018,2018-07-04,0.1939426875382378,0.41993286396424917,0.19604555933734139,0.21044455648058266,0.40387555156182003,0.2882427669052664,0.16980388395127566,0.42457632907372245,0.47819057765458667,30.450165000219386,16.430572322036408
73937,Hau Giang,VNM,2018,2018-07-04,0.15809747434686144,0.3504909917490662,0.1452734640425272,0.17018745967151208,0.3159414666157393,0.22198115949604075,0.1290348456503817,0.41010765559444456,0.37847992435966105,28.67352498827497,
73938,Lai Chau,VNM,2018,2018-07-04,0.23521389710365498,0.44065252515969094,0.23508329107150425,0.25000053112988185,0.42410007387563353,0.30489190308480146,0.17910478779649217,0.3662557305955108,0.4389633386595411,30.38761745178039,15.871055595281465
73939,Lao Cai,VNM,2018,2018-07-04,0.11046768290401804,0.36230528930222144,0.10459709122032342,0.1271689896669674,0.34073006575050413,0.21898341938052907,0.10155994966685442,0.6019309728487576,0.5599404709037444,33.51228671348664,15.672016114352186
3326,An Giang,VNM,2018,2018-07-04,0.12354983479326624,0.38718297436226323,0.11365793720297002,0.1419760493153789,0.3346749455920632,0.21083429892259958,0.10460344508465157,0.5154540814053217,0.500974086297484,26.14603765527526,
3332,Ben Tre,VNM,2018,2018-07-04,0.09661855720885323,0.2675912370170754,0.07552552554254995,0.10386306099060927,0.23269727127190065,0.14701558353824623,0.07582966276130504,0.45850534393962206,0.3653138431664994,26.75034227877327,
3343,Dong Thap,VNM,2018,2018-07-04,0.1292920935463156,0.3186678871420011,0.1147447735454313,0.14158764706949362,0.28541365554804143,0.19783992856320923,0.10748346039631203,0.42787131258534944,0.3819863181970055,26.981428120577302,
3351,Hai Phong City,VNM,2018,2018-07-04,0.09291311804720004,0.23738644753062801,0.055569100825918614,0.0927779423936211,0.21805968868087805,0.16122865744299306,0.09085424572475907,0.415426319413904,0.352627741006171,36.6446951223098,23.384262637515693
3352,Ho Chi Minh City,VNM,2018,2018-07-04,0.13771248169040295,0.2909984116830768,0.12439365376473255,0.14734425520580288,0.2767130703912209,0.207000746785916,0.12925228984965487,0.3705446203342071,0.35733925064033045,23.494267301226035,
3356,Kien Giang,VNM,2018,2018-07-04,0.16183319835354942,0.2944888180656584,0.1559203459066165,0.17422459680554744,0.2672481627881891,0.19558633060292088,0.1134391049028025,0.3094694441736455,0.2557135773871386,27.690871173537197,
3359,Lam Dong,VNM,2018,2018-07-04,0.2866383958088728,0.4466011986559842,0.2867955819279777,0.29687575346761874,0.4299753470553233,0.319775918740201,0.19799416002914264,0.2742916858751661,0.29783283983071807,24.29577436810767,17.73384853408796
3362,Long An,VNM,2018,2018-07-04,0.11683535623427597,0.35950171203093223,0.10056081818660174,0.1322955183726442,0.3282754521347013,0.22441519385207098,0.1185460959654493,0.5187924619102918,0.5383480122670673,26.16977261537445,
3375,Quang Ninh,VNM,2018,2018-07-04,0.09379668196194692,0.32017493731748337,0.07677545894297175,0.10652783173011779,0.3098337693473433,0.20841205094038567,0.1039380381042682,0.5558768390420231,0.5384465942033271,31.179481573609877,21.514238229874785
3378,Son La,VNM,2018,2018-07-04,0.16835634093850418,0.39125442027406615,0.1673779946378095,0.1835951128545965,0.3703281370022238,0.25879483734939857,0.14260764956149594,0.4754642825380953,0.48857842439272414,31.569768504972618,16.75180577212829
3379,Tay Ninh,VNM,2018,2018-07-04,0.11522378795952896,0.372677728202235,0.09835735574874635,0.12987653889564824,0.359898989905942,0.24235452169836608,0.1208916167937579,0.5531776052574799,0.5983462746009198,28.811401686342094,
3380,Thai Binh,VNM,2018,2018-07-04,0.10293655116401196,0.1996554951269035,0.058045420659215974,0.09329173032477993,0.16636110733472745,0.13049553674395492,0.07779524790918553,0.3119842736036036,0.20998138910666242,37.63165285589442,
3382,Thanh Hoa,VNM,2018,2018-07-04,0.04614304014592129,0.2839185986970775,0.02872927829314336,0.05626831129677948,0.2588248859277735,0.16135225298813338,0.06515670547447026,0.7144564419242446,0.5575681652593784,35.09310567404943,19.523585326143905
3384,Tien Giang,VNM,2018,2018-07-04,0.11033686146383759,0.29838829890146573,0.09435049004195174,0.12005797319324212,0.27219047083912645,0.18665465238302514,0.10010639865001247,0.4641996794274065,0.41417091333720646,25.242773431328775,
3333,Binh Dinh,VNM,2018,2018-07-12,0.20865001652086798,0.4073967414204113,0.2018373207906744,0.21984428314788845,0.3861122919785619,0.27626744521877833,0.16612083361855795,0.3888507809185756,0.5383317005406829,23.46555492175693,
3338,Cao Bang,VNM,2018,2018-07-12,0.11837314814541426,0.3959097138635275,0.11313754188369578,0.1392169387289476,0.3847552248358935,0.24605995795189653,0.11696462959955674,0.5695004990119866,0.6161211474948807,26.875225016571687,20.26351347235237
3355,Khanh Hoa,VNM,2018,2018-07-12,0.18927944707260277,0.3874364174149144,0.17756331666586198,0.19877845572508993,0.3794027924872613,0.27516640192650693,0.16110665389620182,0.3904144994975119,0.40745512956688706,31.46337781348542,20.978219178082234
3360,Lang Son,VNM,2018,2018-07-12,0.15948287914279738,0.4255823787834261,0.157074111813711,0.1794742240416107,0.4182335835964098,0.27652689890091237,0.14046966848934486,0.48786923699675455,0.5459325070488272,32.04946213784489,22.19029117807263
3370,Phu Yen,VNM,2018,2018-07-12,0.22933716109597374,0.40867329969463595,0.22323445317905252,0.23973733426236102,0.39359229988809413,0.29049776588424725,0.17379140408686208,0.32681800087582347,0.353922415719257,27.689536457608984,
3371,Quang Binh,VNM,2018,2018-07-12,0.47296523649503874,0.5474671184368372,0.48137296655626416,0.48365240409657034,0.49845651248503736,0.3143824415243959,0.17572522893160153,0.08907662410553477,0.0768696640243621,,
3374,Quang Ngai,VNM,2018,2018-07-12,0.14168590937338896,0.37228111128444763,0.1372099645393823,0.15656120754252326,0.3435257313067269,0.22250405466181453,0.11802014576629946,0.504557472819924,0.47002905038454973,30.337920792079235,24.348518518518556
3376,Quang Tri,VNM,2018,2018-07-12,0.26606331133210454,0.41347903858236773,0.2853173502859921,0.2835286267106975,0.3790684884934909,0.2676661222995196,0.15188292436116738,0.26047755901835445,0.23103048149912062,18.81614525139663,
3383,Thua Thien - Hue,VNM,2018,2018-07-12,0.2704942351570398,0.42076887822265246,0.27675825063985926,0.2844172772700487,0.39344249453110164,0.2596143125917028,0.14673010882726029,0.25359829391379785,0.2263474968603867,29.406385754433074,
3327,Ba Ria-Vung Tau,VNM,2018,2018-07-12,0.2094501154507454,0.37850323651298895,0.20987923822942525,0.22341684583506433,0.35975067630880425,0.2638882735516114,0.1533846192768932,0.30549852364148855,0.32749843758076247,30.054157096319486,
3336,Binh Thuan,VNM,2018,2018-07-12,0.24933639952207642,0.4335813818515025,0.2431448812154676,0.2602397123914973,0.41605745387796367,0.3013377949212445,0.17460276045571393,0.3134185283427414,0.3652744680095806,29.34432438274837,11.15366622043731
3342,Dong Nai,VNM,2018,2018-07-12,0.258511969038239,0.4170120826899468,0.26299896039482473,0.27154255363514007,0.39638380836107845,0.2884079773489653,0.1688106217299527,0.27149583033231284,0.2746595364572498,28.41035098032817,
3344,Gia Lai,VNM,2018,2018-07-12,0.4802564852311533,0.5722993993099077,0.4829288803421689,0.4891941866597999,0.536934029297313,0.40675323169568195,0.24143854434905362,0.12847644988652732,0.14101613026204968,25.325855022794176,
3345,Ha Giang,VNM,2018,2018-07-12,0.09343676116734348,0.37844502547129977,0.0816754878898436,0.11241165681528047,0.365492292448651,0.23363569381867189,0.10525623203595541,0.6496855439500944,0.7129782100739246,31.55768930047502,19.894485314849817
3347,Ha Noi City,VNM,2018,2018-07-12,0.14095652487220506,0.2828138222430664,0.126933342569375,0.1493629922231218,0.2665433130891034,0.2025227017675425,0.11985676465030451,0.3317950330442772,0.29346289578492235,36.86830170446697,
3348,Ha Tay,VNM,2018,2018-07-12,0.1115771896559464,0.2904284521174428,0.09391205965133088,0.12364971037587476,0.26351310267690786,0.18909998378055487,0.10042978462306115,0.4365144147668078,0.3863563295823955,35.02469281036475,
3349,Ha Tinh,VNM,2018,2018-07-12,0.539748282329268,0.5943738146563704,0.5420767460137568,0.546366068473413,0.5252199406463711,0.28276450877337306,0.1524297989250649,0.05839735808144916,0.051337507663844886,,
3353,Hoa Binh,VNM,2018,2018-07-12,0.10042646452006955,0.3968199226671464,0.0894965723948338,0.1208965936420605,0.3763037027998888,0.23766454133624532,0.10657568574252234,0.6120650006404026,0.6356384767351417,32.02242453451242,20.522961206493594
3357,Kon Tum,VNM,2018,2018-07-12,0.587713407497339,0.6448671241096554,0.596430484237306,0.5970926077524147,0.582539248467489,0.4074303537539625,0.22807807491556223,0.059247536925590406,0.05817429198828796,,
3366,Nghe An,VNM,2018,2018-07-12,0.2250568186104085,0.44858627815937274,0.2206418879415591,0.24111472565500922,0.42562067805253584,0.2746343456881105,0.1466997501185769,0.39370504626592,0.42892464363629174,28.71733393909909,
3367,Ninh Binh,VNM,2018,2018-07-12,0.10769942764877052,0.27664315130485617,0.08422252226948894,0.11529896126113459,0.258378501149337,0.1844378995556526,0.09493871595239231,0.4174180622511412,0.3789023400878733,33.57543526434228,
3368,Ninh Thuan,VNM,2018,2018-07-12,0.1614473932369991,0.3796238720450928,0.13284381206227797,0.1647547724513697,0.3868197855037953,0.29609094450942836,0.1777051748042267,0.43864603802605406,0.9733411337955074,30.52793684481931,21.576440677966126
3377,Soc Trang,VNM,2018,2018-07-12,0.22874946195455906,0.3683967614722824,0.23189065725773725,0.24551744030023268,0.31688004625727645,0.2083271857267885,0.11067021513175847,0.2585484951317158,0.2187214821316475,,
3386,Tra Vinh,VNM,2018,2018-07-12,0.24869512106683075,0.38206641060912017,0.24615930938436342,0.2604793141990712,0.34220532504199824,0.24444760930051074,0.1410416205470898,0.220086346135745,0.20058311101435788,27.498742690058457,
3387,Tuyen Quang,VNM,2018,2018-07-12,0.08690399594608852,0.39947226743252423,0.0776951733130508,0.1082520694370233,0.3789574629232006,0.23714662343664367,0.10350209417722067,0.6584753773486574,0.718038427592926,32.56572695231282,22.490816384410305
3388,Vinh Long,VNM,2018,2018-07-12,0.35716374556525227,0.46039538805171004,0.3569990604267769,0.36495480785222295,0.4214619533407841,0.30596327085201763,0.17063668810323668,0.1534084461216593,0.13478309589278362,,
3390,Yen Bai,VNM,2018,2018-07-12,0.10677459401193054,0.40223270486622653,0.09543949172683358,0.126528850952989,0.38863112825160323,0.24938311126214738,0.11348950692761069,0.6288982842031963,0.6961216832676772,30.827511802545477,20.28767716384111
3328,Bac Kan,VNM,2018,2018-07-12,0.1156524791250095,0.40693450920772456,0.11475746934828675,0.13779281706488167,0.38939153800463666,0.24537185348895654,0.11360804040142213,0.5823972042741525,0.6338797075372724,32.09687495734612,21.336283826469753
3329,Bac Giang,VNM,2018,2018-07-12,0.15088810800907002,0.34659634602300865,0.14281067265264769,0.16243549693018247,0.339500805773428,0.2350489443348096,0.12547081689503145,0.3987011246907905,0.38999942791503694,24.766310908194352,23.271215785603438
3330,Bac Lieu,VNM,2018,2018-07-12,0.13282519763328096,0.22870248245149644,0.12486745643563386,0.1461882751883516,0.19212938172766583,0.14134260977243898,0.08041893552385247,0.266954401433908,0.19935201723028026,,
3331,Bac Ninh,VNM,2018,2018-07-12,0.16574765439142186,0.2632387822959226,0.15050262512493814,0.17086566879456405,0.23723640164333554,0.18129832646753058,0.10816780140911451,0.22669045472212473,0.1743538181365167,36.23963359504076,
3334,Binh Duong,VNM,2018,2018-07-12,0.18710962137695944,0.3776512177590713,0.17933972666453943,0.1980030101172162,0.3775283953621958,0.2790850099391172,0.16229220207751138,0.3729698693970599,0.4199303161257784,28.79549104400588,
3335,Binh Phuoc,VNM,2018,2018-07-12,0.23410089624547636,0.40389229200311255,0.23651592544864528,0.24595981280172724,0.3958805816994394,0.28954229042853796,0.1684268844232612,0.29796143135961245,0.3110501995825982,28.830958951339383,
3339,Ca Mau,VNM,2018,2018-07-12,0.18463782697586387,0.25147813570736094,0.18851929161089692,0.1978902809097075,0.22206919866358527,0.1656450722835564,0.1024928546160228,0.18230429725935762,0.11916667559114343,28.08010952781976,
3340,Da Nang City,VNM,2018,2018-07-12,0.17170943351300932,0.3939168428418902,0.1621997564745722,0.18662273284699146,0.3740626071352174,0.2633134827523784,0.15827392845424243,0.43669036697786473,0.4850621153819005,23.84181675318715,
3346,Ha Nam,VNM,2018,2018-07-12,0.09707197246628649,0.2730520834435769,0.06776371774980486,0.10636043150544348,0.24273068533715428,0.17744519588772278,0.09506613647476189,0.47005775348577294,0.4047180287939711,34.32365449986924,
3350,Hai Duong,VNM,2018,2018-07-12,0.13680014860345038,0.2627624846321829,0.12082676476172313,0.1441133296638423,0.2421709921250024,0.18058635956016353,0.10140935375554713,0.3141101446033578,0.24733344671399615,29.49073783224028,
3354,Hung Yen,VNM,2018,2018-07-12,0.138496811616419,0.26321955441044786,0.12742902483435056,0.14678484812752307,0.23603970017579506,0.17880826589941798,0.10250392595584171,0.30912428828634286,0.24765008722594628,37.157495389271624,
3364,Nam Dinh,VNM,2018,2018-07-12,0.1338323169528546,0.21705532012056358,0.10862118158735168,0.13121254488375403,0.18863726447475218,0.1500143145945012,0.08908364080944964,0.23310358326516148,0.1625777771352852,33.051891134436964,
3369,Phu Tho,VNM,2018,2018-07-12,0.09051239714379088,0.35222503617352713,0.0771514973383538,0.10714573811111341,0.33592985788685525,0.21703825650152073,0.09739369771307223,0.5854534573961865,0.5674052615985645,30.056900468821457,20.994785709701617
3372,Quang Nam,VNM,2018,2018-07-12,0.23945492535737856,0.43251542120967656,0.23920599953697752,0.25379141962901397,0.4047993249433175,0.2700646729917032,0.15143261534790584,0.3540639253751986,0.34793360350638936,26.547409817603864,
3381,Thai Nguyen,VNM,2018,2018-07-12,0.10757536702240124,0.37061651356848063,0.0984444569633904,0.12530252416970497,0.35119598068019725,0.22467930165908245,0.10502014333048991,0.5522227788815111,0.5491281640050677,34.46390786095854,23.473889728181724
3389,Vinh Phuc,VNM,2018,2018-07-12,0.11671870918320669,0.32981794045251667,0.10183343580002131,0.13054256209751305,0.31258379987841095,0.22169172555701847,0.11734795651741428,0.48370731979981957,0.48385395070102394,29.13897331458402,
73933,Can Tho city,VNM,2018,2018-07-12,0.38527430033998034,0.4706151386371019,0.3885003797918225,0.39550161904000897,0.42365065840225663,0.29360819975644914,0.1642881413205792,0.11459766335898842,0.09838707514634666,,
73934,Dak Lak,VNM,2018,2018-07-12,0.3258288467718671,0.4754319951842638,0.3250863331114436,0.33656907576231093,0.4526286493577465,0.33557660846767123,0.20332280694095178,0.23838973452453083,0.25945945918769714,26.82495553829961,
73935,Dak Nong,VNM,2018,2018-07-12,0.26931484536475137,0.4408574833467741,0.2705861168264032,0.2812214585096075,0.41661917378911123,0.2917814662455829,0.16631487148831994,0.3128641890309763,0.3061391791998991,26.152265570494652,
73936,Dien Bien,VNM,2018,2018-07-12,0.08817551213541222,0.3508620027211815,0.08457079835067986,0.10620400228983717,0.3284401532517537,0.199971725726678,0.08741732211232388,0.6528936645878513,0.5740950239829692,31.316332680494355,19.64506331423627
73937,Hau Giang,VNM,2018,2018-07-12,0.1884104250681355,0.3494236083548959,0.18699133522686476,0.20348537715068493,0.30075328351564934,0.21245899271402027,0.11979340735145864,0.3458303682827565,0.2854007818890372,,
73938,Lai Chau,VNM,2018,2018-07-12,0.08548149547231704,0.3396126381907072,0.07720745866116037,0.10119446090053079,0.3210707684589784,0.19712258033390276,0.08829300334287485,0.657973395641769,0.5769379831060161,29.909762783555653,18.36116724098583
73939,Lao Cai,VNM,2018,2018-07-12,0.10391627211640118,0.3956272727002194,0.09620718159892754,0.1243597881388356,0.37692714699489077,0.24074952380479933,0.1107555446947557,0.6275595734014254,0.6768040530685447,31.75400608632625,18.040765276619773
3326,An Giang,VNM,2018,2018-07-12,0.3789493265964918,0.5226266085246873,0.37531839077992996,0.3898847303289355,0.4530160737025209,0.2875813115654485,0.15738802647762415,0.17564188387979648,0.15762657557340784,24.959169211898192,
3332,Ben Tre,VNM,2018,2018-07-12,0.21812811316166988,0.3631087789405886,0.20921248229434214,0.22768933179803855,0.33221336962442066,0.2426856585118814,0.14637603297525095,0.2676845076472219,0.260656375675676,26.7487429043245,
3343,Dong Thap,VNM,2018,2018-07-12,0.3504966360997554,0.48462151628739963,0.3444080316083579,0.36114860158925954,0.44304601874372557,0.3134559699288725,0.17928040158892145,0.18333264734390756,0.18137811716858807,25.58353151465337,
3351,Hai Phong City,VNM,2018,2018-07-12,0.1441202325905836,0.27138234671141737,0.119244347615541,0.14811979447947735,0.24746497827553884,0.18429743485008865,0.10762646085103057,0.3288427521437554,0.28274922491944515,29.783925936915306,
3352,Ho Chi Minh City,VNM,2018,2018-07-12,0.22834155721047708,0.35269462110874367,0.22399824993726158,0.2389497375604328,0.3376593271412652,0.25859131047345074,0.15471371862682792,0.2327957873900724,0.22799076401187848,21.655557663327738,
3356,Kien Giang,VNM,2018,2018-07-12,0.2985417023861057,0.39297292659907995,0.3014508898380081,0.31079727446549377,0.35533624943443515,0.2524266855432262,0.14973454338098016,0.16798200720527248,0.1433384343150557,28.718703760583054,
3359,Lam Dong,VNM,2018,2018-07-12,0.34911068609315976,0.48855562762408233,0.35114985586023556,0.35984086729813336,0.46124899664796015,0.3221381010141724,0.18606696575272705,0.20642433684680647,0.20698491365971725,25.872649530739544,13.814848484848486
3362,Long An,VNM,2018,2018-07-12,0.19896260127231108,0.41594198789972747,0.1887448070548288,0.21521418954557775,0.37900885305776916,0.2635726521228943,0.14532993726987964,0.3750308444760476,0.38878872441068485,27.09691836427016,
3375,Quang Ninh,VNM,2018,2018-07-12,0.17145386652114925,0.3575345073799206,0.17015355964378256,0.186463132162463,0.3467371544529102,0.23736824085806177,0.12778732237134868,0.3754076454160943,0.3555818550798126,26.97991685634695,22.550951813191016
3378,Son La,VNM,2018,2018-07-12,0.12459324721009368,0.4154745648771172,0.11533110327721424,0.14446649115812626,0.39701852696665535,0.25799241932994305,0.12420287813076719,0.5811120193068969,0.6713695765145835,30.572934112302217,19.363284801703998
3379,Tay Ninh,VNM,2018,2018-07-12,0.14743270633474714,0.3855939359463548,0.1319099707919178,0.1604119812716966,0.3770561663234705,0.2653177924101708,0.14402588412900902,0.4673046677744837,0.5408260129616238,29.030140397940333,
3380,Thai Binh,VNM,2018,2018-07-12,0.12061075673654781,0.2137149415884573,0.09537795749458576,0.12136046960115116,0.17734118043119482,0.13777048189523383,0.08035637839054163,0.27540501548080354,0.18438447115651171,31.84018858626411,
3382,Thanh Hoa,VNM,2018,2018-07-12,0.12248598257634354,0.3906748202820117,0.11170909633031904,0.1408944049057387,0.36917576004163405,0.2412431514823693,0.11484656085641333,0.5504968192565716,0.5755399207926507,31.085118837406192,20.487576934284156
3384,Tien Giang,VNM,2018,2018-07-12,0.28509639070512677,0.4171941678655028,0.28575194669848863,0.29650447362305454,0.386267577058576,0.2854736433581809,0.16558832905665596,0.20207117864836152,0.19428458745950614,26.28614001438507,
3333,Binh Dinh,VNM,2018,2018-07-20,0.2704019099184639,0.42789794501910655,0.27614791468277183,0.28143918414819924,0.401578438106623,0.2830358699480958,0.1747640579650938,0.2779983741158387,0.2740494544057937,31.826833918738775,26.08656903845511
3338,Cao Bang,VNM,2018,2018-07-20,0.10834050860355453,0.34831818339576276,0.10724936697002664,0.12655553377470682,0.33179049278015427,0.21126829891061433,0.10115393965097275,0.5926773768885526,0.527502488194745,30.15218982798569,19.374413931181145
3355,Khanh Hoa,VNM,2018,2018-07-20,0.1478940363025175,0.3583210849081436,0.13835601707038292,0.15793071203373496,0.35062692429585957,0.25054036822931014,0.1462584167875707,0.4560934042216735,0.5135564017347957,33.3762049338394,24.554785344798592
3360,Lang Son,VNM,2018,2018-07-20,0.20027957324899343,0.3965253087409404,0.20778328798389245,0.2180768389909202,0.3713046238374769,0.2369914930205092,0.12357638354228609,0.38566261003346236,0.35666439291442265,29.028416645222848,19.543857433280017
3370,Phu Yen,VNM,2018,2018-07-20,0.22430608824986983,0.3995704176694867,0.22336131666731776,0.23454716153487137,0.3863546208564077,0.29015780234845523,0.18121621009172229,0.3267311172225304,0.36572557841102626,33.47295817392958,24.008818145615823
3371,Quang Binh,VNM,2018,2018-07-20,0.2296838386156943,0.41816430923928094,0.23372477843599276,0.24657479643530017,0.390157563835754,0.24499057459990126,0.12183710398609984,0.38473171681426904,0.3495891527562307,23.114745745529007,
3374,Quang Ngai,VNM,2018,2018-07-20,0.18472580075926395,0.40318536624796486,0.1915722826100844,0.20093696424089474,0.3656792838898983,0.23145527373470026,0.13115702654358333,0.41338047793142907,0.399077037762308,29.51483647542243,25.951666547708715
3376,Quang Tri,VNM,2018,2018-07-20,0.34989666280220194,0.5028808922827797,0.3464241426960544,0.36165373117707866,0.46184744413284756,0.3046611331370003,0.16643741995732445,0.2728561924652608,0.26338234695753493,,
3383,Thua Thien - Hue,VNM,2018,2018-07-20,0.18459550848960304,0.3826183402296774,0.1901233639492818,0.20117901871577223,0.3486247522791407,0.2140057375986504,0.11063898128874622,0.41362630028897696,0.3652438781453246,28.11740740740747,
3327,Ba Ria-Vung Tau,VNM,2018,2018-07-20,0.1775745696990693,0.3273207625976552,0.17958535809191525,0.189566841748313,0.3062428414213721,0.2244787639229318,0.13344546886455053,0.32963426830909504,0.307957476939776,26.171272068280146,22.114638930476282
3336,Binh Thuan,VNM,2018,2018-07-20,0.16741582341441116,0.3672025610080903,0.15659393930057036,0.1761220700330631,0.35276100239912556,0.25530823288636356,0.14412036163918476,0.46022652514141,0.43983433597026095,28.273140693717007,20.914323055042026
3342,Dong Nai,VNM,2018,2018-07-20,0.17597658833263496,0.3415683746115097,0.17963821943052496,0.1890027771127914,0.31984347047111356,0.22360130950564042,0.12514603922731235,0.3772959993877861,0.3252893409513738,25.272618262450617,
3344,Gia Lai,VNM,2018,2018-07-20,0.3732691458506712,0.5010006251247047,0.3775696647898452,0.3848273210450704,0.4757412942686206,0.35135326614708745,0.2123193354830304,0.19961839119643104,0.11948451321393717,28.60161931708215,
3345,Ha Giang,VNM,2018,2018-07-20,0.07171529746770665,0.312612220645299,0.06321568756600997,0.08731372587332455,0.29568608401353447,0.1816598727224622,0.07825068816185295,0.6989118603001234,0.5548942568682774,30.522327416997697,19.486309869118177
3347,Ha Noi City,VNM,2018,2018-07-20,0.1427891577023202,0.28496058856760625,0.11975200874127713,0.14609916337122714,0.2707746509804065,0.2108749282574923,0.13524577480440303,0.34592802373659404,0.5561152794359421,,
3348,Ha Tay,VNM,2018,2018-07-20,0.136484499150537,0.3136178466998766,0.09450801248814954,0.13604454695261703,0.2966978009119529,0.2327933544323331,0.1514208936090858,0.42442464830343285,0.5268958822037364,26.646457037583815,
3349,Ha Tinh,VNM,2018,2018-07-20,0.06669014306435656,0.35733978110415393,0.053566008730763205,0.08690336587326762,0.33342981504168895,0.20566280544396004,0.08378407478196706,0.692484199916909,0.6785354067792572,28.36403189790451,13.280589934915058
3353,Hoa Binh,VNM,2018,2018-07-20,0.07323630610277634,0.3227028284098178,0.0570397248287973,0.08627862115290937,0.302889225636542,0.1891533038263423,0.08573389393477936,0.6616665503838212,0.5778408833966654,27.96598185840363,
3357,Kon Tum,VNM,2018,2018-07-20,0.5888225323934884,0.6488190282137946,0.5986575002502764,0.5991077665639045,0.5797533766430502,0.3484259083632842,0.19559227824125444,0.058235378324185405,0.054826976133633944,26.62837645859216,
3366,Nghe An,VNM,2018,2018-07-20,0.09438033058315214,0.3468464476797208,0.08727183478676272,0.11148590326233859,0.32260735031095866,0.18969362861458589,0.08146398943123623,0.5972715431351272,0.5219019721906635,29.953939899145762,19.494835179327477
3367,Ninh Binh,VNM,2018,2018-07-20,0.12079545539147743,0.24945508037308367,0.10466531415820123,0.12862751687051932,0.22624896324333302,0.15084939065894257,0.07919836330931637,0.36451655766877056,0.2749245085164279,30.803779850446308,
3368,Ninh Thuan,VNM,2018,2018-07-20,0.11941576125655161,0.34625228448400913,0.09319090823112183,0.12263135063672405,0.3539291217056645,0.2654746707858738,0.15592734366623046,0.5052631615695675,0.6052044666752343,34.665039478682104,24.291951426042846
3377,Soc Trang,VNM,2018,2018-07-20,0.1219838793485375,0.3317655886553579,0.10997898808395619,0.13708560833587302,0.277819260315707,0.18506788772082164,0.09443636646608042,0.46711445496088694,0.4275045628058453,27.80879168863016,25.075091359388523
3386,Tra Vinh,VNM,2018,2018-07-20,0.132368723550638,0.3289288148334055,0.11578984784922342,0.1425728720249609,0.280841635641158,0.18714100074957277,0.09999861450988944,0.4421905280514719,0.3971097272751829,25.02504853152446,25.579552394518803
3387,Tuyen Quang,VNM,2018,2018-07-20,0.04019361484233185,0.3069904689333814,0.03276504314095927,0.05715539179986863,0.27871471406476617,0.15850210497266418,0.057648974893895685,0.777192494313227,0.6038287401911259,30.87397464285056,19.929252586997556
3388,Vinh Long,VNM,2018,2018-07-20,0.133089148936571,0.3058323635936872,0.11488432122094867,0.13892270979419263,0.27820254351904156,0.19919928228178677,0.11042590224698044,0.4275173421584855,0.36854763848168126,25.47151585717458,
3390,Yen Bai,VNM,2018,2018-07-20,0.07598164934724533,0.3093248874579721,0.06778144547171654,0.09029500436537795,0.2900403473041215,0.17820185693032137,0.07653316885559881,0.67537900662956,0.5293106819411936,29.72288991861318,17.28735392469518
3328,Bac Kan,VNM,2018,2018-07-20,0.08484578059772936,0.3493701655535114,0.08476939968074973,0.10407986605767758,0.32654516965229347,0.19798993098641074,0.0874434487928316,0.6512912686700694,0.5780842231959581,28.990738417108084,20.00547990114732
3329,Bac Giang,VNM,2018,2018-07-20,0.15844335965718073,0.3564068660074637,0.15167874201036086,0.17193842320668548,0.3384450897722093,0.2300815483883017,0.11995633946441324,0.4109392552831564,0.39523030122389236,28.785820793098335,
3330,Bac Lieu,VNM,2018,2018-07-20,0.12215212626788512,0.23589498577188311,0.10804623605659269,0.13258344372942357,0.2008398313701885,0.145226645884051,0.08099256678517425,0.2919085621573259,0.23322310671242552,28.288400753376983,25.727678635113875
3331,Bac Ninh,VNM,2018,2018-07-20,0.15292608288214368,0.25342788054506,0.13457056102727447,0.15890687196847056,0.21919607897103205,0.16776479208150244,0.1039355359616156,0.25407677253389205,0.18985485953185394,,
3334,Binh Duong,VNM,2018,2018-07-20,0.163110974324334,0.34920850357669775,0.15660679127429575,0.17368803953366596,0.3435108922995703,0.2503180679762488,0.14123784527476002,0.4115556150093972,0.40723208172188025,26.458548537151632,
3335,Binh Phuoc,VNM,2018,2018-07-20,0.1852662008189734,0.36969521746687883,0.18665465721218596,0.19725012856719404,0.35806536331139605,0.24899863282471854,0.1349095761555961,0.38937571719306285,0.3655942782088689,26.955089124680192,
3339,Ca Mau,VNM,2018,2018-07-20,0.09871706113621322,0.19954399557012295,0.08478505372948818,0.10812175343394652,0.1674223472386385,0.11186855046343247,0.059430263353088264,0.34482272571393807,0.1957226511403236,27.154552088502317,25.58277116815656
3340,Da Nang City,VNM,2018,2018-07-20,0.12414500574452908,0.32334434979388393,0.12586217670692784,0.13957417536734457,0.2961706888691643,0.18609287368715455,0.09950310194868733,0.46494673359452754,0.38576308593403585,30.544847789824892,
3346,Ha Nam,VNM,2018,2018-07-20,0.153296814826887,0.28082428472247106,0.14707510588668601,0.1648517687997816,0.252260554272615,0.17070454270286747,0.09367823898958368,0.3265217361678984,0.25399081511916954,,
3350,Hai Duong,VNM,2018,2018-07-20,0.19341709371920543,0.29115952148156926,0.18562259336000902,0.202546829565083,0.26169700467750673,0.18240032522051164,0.10756443114041113,0.226249082498386,0.1701357755653772,,
3354,Hung Yen,VNM,2018,2018-07-20,0.18877137903215474,0.2922403881245556,0.1817645407173097,0.1972699601931089,0.26013990653094327,0.17801730022610562,0.10293642679354537,0.2612302509123837,0.18788041930447172,,
3364,Nam Dinh,VNM,2018,2018-07-20,0.1524904920287398,0.2239286610905863,0.13706002891228714,0.15563555821270744,0.1896258494387103,0.1349118801492986,0.07673155096041498,0.19547167638397625,0.12351016231671808,,
3369,Phu Tho,VNM,2018,2018-07-20,0.06598123536300518,0.30300219717358984,0.045228460532318805,0.0762043097128275,0.2816499864775446,0.18003032135577554,0.08306074273396533,0.664009624428808,0.5672703322895898,31.813292905252805,
3372,Quang Nam,VNM,2018,2018-07-20,0.33265380905327063,0.47415738493593856,0.3405993192841382,0.3445509223574812,0.4344411298577608,0.26983239785092755,0.16151056341651376,0.2231151432440924,0.20369771491701977,29.46912163939323,25.297920792079243
3381,Thai Nguyen,VNM,2018,2018-07-20,0.09155329240702124,0.315491805537282,0.091647995270722,0.10854005181916769,0.2850407936525499,0.17110300845209092,0.07435173003052943,0.5752250468800041,0.44437486575902646,26.59815129284366,18.309601431359823
3389,Vinh Phuc,VNM,2018,2018-07-20,0.11919438229185934,0.3210473219567661,0.0893667889372864,0.12249349862371423,0.30709133140604283,0.22804758094528,0.13948585907021258,0.4928836527085133,0.6097593323609998,26.882008465359586,
73933,Can Tho city,VNM,2018,2018-07-20,0.12837405561739226,0.33406316122624363,0.1171614495456823,0.14589315093591107,0.30300660027771587,0.21710915839674685,0.11829978331064987,0.47256382921302714,0.4608690109753374,27.4272630511358,
73934,Dak Lak,VNM,2018,2018-07-20,0.21187315100117324,0.4021278753974582,0.21125137402152794,0.2245576645240488,0.38296640676959504,0.2737645479770854,0.1589531464558528,0.3781636848773683,0.38298688205848624,28.78533645062087,20.599810184132792
73935,Dak Nong,VNM,2018,2018-07-20,0.2399144002238756,0.4214939654562335,0.24557691476728835,0.25367951125635585,0.39894280963861534,0.28200818262467564,0.1623063982224837,0.3355610908626035,0.3398781304032056,27.32841485533289,
73936,Dien Bien,VNM,2018,2018-07-20,0.12142157639185637,0.36464836251846927,0.1124552938533283,0.13734406925243148,0.3425565211350551,0.22011829372546166,0.11090619605753525,0.5904909527379744,0.5403111555104521,28.773934557573,16.126464435413006
73937,Hau Giang,VNM,2018,2018-07-20,0.13031646579725134,0.311702740929861,0.12036377572852694,0.14220329641042687,0.2762419907927284,0.19077811747744838,0.10425887974218195,0.44499746756501923,0.3706941655706288,28.43191857822184,21.76417014531045
73938,Lai Chau,VNM,2018,2018-07-20,0.09275531735804515,0.33977106624182235,0.08157917361252787,0.10777121216089317,0.3218140855808051,0.19996273539159262,0.09382957999681846,0.6512586641201351,0.5664862098032291,28.265455690735664,17.089057335987427
73939,Lao Cai,VNM,2018,2018-07-20,0.08075015085773239,0.34476830287176724,0.07112763707704974,0.09799687267074568,0.3254921857366763,0.19993406098642794,0.08663372001904479,0.6919276458439433,0.6128238993774954,28.8116144770194,15.862060145502378
3326,An Giang,VNM,2018,2018-07-20,0.14083558795343495,0.35025451539720137,0.12077608731672936,0.15004133140003564,0.3153919501783007,0.2151441943496138,0.11781892575964714,0.4395965872676903,0.4146173918932738,23.180682641765795,
3332,Ben Tre,VNM,2018,2018-07-20,0.14555390670897966,0.3010552576091813,0.1336665775977088,0.1527394235756002,0.26251683798058295,0.1801910063448515,0.10274260863939877,0.37413883893060446,0.3033951252761683,24.41158431956961,
3343,Dong Thap,VNM,2018,2018-07-20,0.12204014568502644,0.3366771076063783,0.0992986332747046,0.13319529125385313,0.30533453458389587,0.21375220015451682,0.11482407988926553,0.47927542763465036,0.4650762106954817,25.54207523510975,
3351,Hai Phong City,VNM,2018,2018-07-20,0.13976451970762221,0.24535257816178435,0.12200155237010643,0.1460451602539599,0.21608850823571152,0.15437396532134692,0.08785718727782449,0.2795835691017609,0.1996259004074925,,
3352,Ho Chi Minh City,VNM,2018,2018-07-20,0.16042893198150213,0.2884713868379005,0.15450220664063333,0.1701855064093822,0.26880784197462754,0.20685728735218167,0.13248125773576405,0.3249381197936565,0.2875030476768327,19.59039853317649,
3356,Kien Giang,VNM,2018,2018-07-20,0.11023183140771838,0.2768385387744437,0.09864662782681569,0.12273844649369903,0.24383427641121225,0.16846962739028465,0.09074545759686165,0.424746434131468,0.349384623638883,26.27424624857084,23.791706335903484
3359,Lam Dong,VNM,2018,2018-07-20,0.2932772319734468,0.4392557759298511,0.3005353550180992,0.3050894299981251,0.4167771425484732,0.30230302198760045,0.1787048303548272,0.2630671899028468,0.2593312321128549,25.941190892368052,19.816151560178334
3362,Long An,VNM,2018,2018-07-20,0.10328973070195456,0.3298487231314749,0.08181319319585281,0.11551913642988518,0.3004132220498254,0.2057911381940601,0.10874591969740392,0.5450078449003366,0.5164653277841501,28.76096128852818,
3375,Quang Ninh,VNM,2018,2018-07-20,0.31353749682903126,0.4279027431322253,0.3186168791410849,0.3251638987679984,0.39780191245498714,0.27028748588465684,0.15688322836988033,0.19249647235528275,0.18105186081421995,30.15842277850975,18.497840276175683
3378,Son La,VNM,2018,2018-07-20,0.08883369960941448,0.3415799423294763,0.07831198551562164,0.10438351000689594,0.32065980449126996,0.20173537566427074,0.09331702964553111,0.6511304570427487,0.583264353556924,28.471598473702848,16.90251288266809
3379,Tay Ninh,VNM,2018,2018-07-20,0.09566312584636348,0.3198406234934566,0.07956469940361408,0.10700706434442066,0.31008064328991625,0.20867574471115308,0.10285364590689125,0.5625073157452719,0.5273659187565456,27.17016277276894,
3380,Thai Binh,VNM,2018,2018-07-20,0.18642000771163572,0.2595935447274912,0.17652615422569556,0.19360542381184576,0.21850148665816743,0.1399945300706945,0.07653253613218082,0.196231474335738,0.11760175798083519,,
3382,Thanh Hoa,VNM,2018,2018-07-20,0.08887239226855283,0.32233703012340953,0.07961979495451613,0.10343280676251174,0.2988935872111071,0.1821888032027017,0.08174389836867006,0.59259495643741,0.5019001519041821,27.51298973944307,20.26884351519115
3384,Tien Giang,VNM,2018,2018-07-20,0.15508939755558043,0.3532574978670248,0.14822562937903486,0.16822974387387277,0.31700600799956924,0.2267800385101891,0.13129565089778059,0.4187657876315099,0.4160391646599972,27.096261670377373,
3333,Binh Dinh,VNM,2018,2018-07-28,0.05167808535995303,0.32965694957868447,0.029505924232286002,0.061281685147326403,0.30973376533443014,0.18674786289815384,0.08363689596793625,0.73695533969651,0.7499128803849442,33.73330113038723,23.54897860008642
3338,Cao Bang,VNM,2018,2018-07-28,0.3186679417768653,0.4664571491976216,0.33017291329071774,0.33373660957805695,0.43544445828004047,0.30734899236208996,0.17673773054319006,0.22350448263570968,0.224924404001846,28.98606899487031,13.486724261924286
3355,Khanh Hoa,VNM,2018,2018-07-28,0.06816396012898954,0.35829032619980156,0.04300443831603037,0.0800960788044632,0.35317729939763637,0.2280847966208876,0.1079493141987818,0.6801133263433172,0.7682272339537148,33.55871880575284,21.965635299754755
3360,Lang Son,VNM,2018,2018-07-28,0.33362076380453126,0.48841527100025567,0.341705272720983,0.3488456343258567,0.4582562149437354,0.3265402506821984,0.19284483285025483,0.21452571356648475,0.2342945165829848,28.538636950443102,
3370,Phu Yen,VNM,2018,2018-07-28,0.07461086291788616,0.37128392076728906,0.04706940745374572,0.08521422545009083,0.364868853878878,0.23710869150972433,0.11302704688439076,0.6707521028143187,0.7896251515985583,35.73412921210687,22.137983257217133
3371,Quang Binh,VNM,2018,2018-07-28,0.16359277498021832,0.4051154433588387,0.15216115523376494,0.17851751598370924,0.38634068651269055,0.25969178797935644,0.13523190914593253,0.4980062838909887,0.5394374522116189,28.746758292304968,24.22954386296968
3374,Quang Ngai,VNM,2018,2018-07-28,0.038615717134901896,0.32950294168580796,0.024072324515430628,0.05281812698452127,0.2929470572686227,0.1639527208333139,0.06497119087536486,0.7948265083513404,0.667820706895026,31.443889993947305,22.384559928371818
3376,Quang Tri,VNM,2018,2018-07-28,0.14091818817679833,0.3982886933187316,0.1261910625046699,0.1543783515186448,0.37893304406976314,0.2576256176192659,0.13626889034898818,0.5842906822754995,0.6275330012815906,29.57111075565818,17.78557409299839
3383,Thua Thien - Hue,VNM,2018,2018-07-28,0.048499645413021195,0.3102240752600495,0.036411952157673455,0.0632518873877127,0.28561179415710053,0.1687701241876273,0.07262615136773398,0.7434057379271326,0.638403824986005,30.4045079839421,21.435008503306545
3327,Ba Ria-Vung Tau,VNM,2018,2018-07-28,0.12317386595064139,0.31813444353519565,0.11257677245840483,0.13425005410081225,0.3030918914461365,0.21319489540347447,0.11946757022882898,0.4486826041605322,0.4585836562537533,30.758276722712132,22.423040391106987
3336,Binh Thuan,VNM,2018,2018-07-28,0.08976424434072966,0.35810561971449467,0.06265890100761365,0.09822089360382265,0.3551187242694075,0.24243356218075593,0.12369421554235338,0.6278948051142107,0.8426696195303195,32.58171634711082,22.619142871081845
3342,Dong Nai,VNM,2018,2018-07-28,0.1128158978964607,0.32315698420073735,0.10381802924390415,0.1251272159686409,0.310860504462127,0.20908821313279077,0.11025037622659482,0.5111597078948216,0.4921551190962509,29.537515002577706,22.507666909520943
3344,Gia Lai,VNM,2018,2018-07-28,0.15010158106358848,0.39186563684591513,0.13858020225985676,0.16246228772474844,0.38520452862832,0.27096421654537084,0.1498360300195197,0.5025094656650696,0.6811953502232381,31.008416467300158,15.089126273635605
3345,Ha Giang,VNM,2018,2018-07-28,0.27040774818682345,0.44158664219752997,0.27514385936830577,0.28548446294543206,0.41486144372611294,0.29321906295749617,0.1690734165370364,0.2788843404166693,0.28085344237151805,29.007702143497003,
3347,Ha Noi City,VNM,2018,2018-07-28,0.37555535486473435,0.4493804695891072,0.3896063464338267,0.38806009491257254,0.41952933008015814,0.31871216141990943,0.19466221277295687,0.09839466110608526,0.09068888068102146,30.97185738736681,
3348,Ha Tay,VNM,2018,2018-07-28,0.33713800623501633,0.43673958351429376,0.34980104380773186,0.35171828845335984,0.4055333583348794,0.3052527983688346,0.19021489644872294,0.14361224592270197,0.13987291793872667,30.12968253968257,
3349,Ha Tinh,VNM,2018,2018-07-28,0.12425851394551034,0.38221450097749615,0.11094593575518952,0.1405461145972144,0.3616780268993202,0.23496311676955994,0.1173594783182162,0.5266425827879296,0.5557125727459581,30.0999676999008,24.650000000000034
3353,Hoa Binh,VNM,2018,2018-07-28,0.2433229376958356,0.3989459456212086,0.24771155459145902,0.25644352333921594,0.37553778739129917,0.24006734975328656,0.13788007021777604,0.2594204107541527,0.23174784166581142,,
3357,Kon Tum,VNM,2018,2018-07-28,0.1879826043549611,0.4051987391033795,0.18503486376673017,0.19992225713248032,0.3938734410934024,0.2732161995949219,0.15345846743497585,0.4697699308107535,0.46866498929805483,26.95564111381667,15.571188459892118
3366,Nghe An,VNM,2018,2018-07-28,0.15867279728435454,0.4031315076345652,0.15041609098438,0.174043582296174,0.3796667664753531,0.24497230490604546,0.12689888525635346,0.47127261017232025,0.4880681378047204,29.139040315187355,15.695786830422177
3367,Ninh Binh,VNM,2018,2018-07-28,0.13215473587381665,0.26158060866240446,0.1258066044144553,0.14302549180344398,0.23636197035841514,0.15864284866692133,0.08360322043316704,0.3432267900042379,0.24512136078327057,29.485243894912305,
3368,Ninh Thuan,VNM,2018,2018-07-28,0.07938778660077173,0.3509108441087873,0.041724848770921315,0.08307479580516973,0.36312486301263514,0.26246386919342335,0.14310545488774098,0.6326539474453167,-0.18962074239310056,36.48342579232521,23.097061851601005
3377,Soc Trang,VNM,2018,2018-07-28,0.07902061268851611,0.31284243501426423,0.054095456629988374,0.09179993907452001,0.2586686499086542,0.1594707496340155,0.07280325126013462,0.5649779271766271,0.5010495094185217,28.138665124502985,
3386,Tra Vinh,VNM,2018,2018-07-28,0.07457695011731112,0.30052853732489415,0.04167912798188032,0.08240721346818447,0.25325034440559535,0.15311886472080102,0.06868412805357091,0.5595338074073389,0.48593743553565333,29.100920525202234,
3387,Tuyen Quang,VNM,2018,2018-07-28,0.24857630274116221,0.4463141797288676,0.2569597604736203,0.2661895526297832,0.4116854083195105,0.28456560194755376,0.1617645734083164,0.3188689351828378,0.33204579672686635,27.688196677579263,
3388,Vinh Long,VNM,2018,2018-07-28,0.07569445600963451,0.2855904340638769,0.04605207636833081,0.08267366577903734,0.24938704636612535,0.16026276683007148,0.07531527302061611,0.5761311634661296,0.4709688702999589,29.274565401118547,
3390,Yen Bai,VNM,2018,2018-07-28,0.3347262729327082,0.4817345463769475,0.34018554821677455,0.34790158787671965,0.4485049009856446,0.31423572016110146,0.18189487333824894,0.2172184945670998,0.21767815685418623,28.913835580435304,12.049243538261425
3328,Bac Kan,VNM,2018,2018-07-28,0.3230808922283993,0.46475621620828966,0.33767717410255366,0.3383582518761064,0.42152359076756385,0.28773536195787514,0.16401708734770737,0.2058123349735433,0.20180710058617563,28.345433529417207,11.338863655577693
3329,Bac Giang,VNM,2018,2018-07-28,0.3006286505051379,0.44471666753414135,0.30416299036867056,0.3136731993450758,0.4136656457589122,0.292329526765948,0.17442889132923353,0.21196097651883009,0.22612462986689513,29.515553887220598,
3330,Bac Lieu,VNM,2018,2018-07-28,0.07753440190881614,0.20723248706601904,0.05327646792165897,0.08599731148484115,0.1685262435921694,0.11200026356034289,0.05682042305410377,0.38357446780324994,0.28286245370137353,29.028641960293545,
3331,Bac Ninh,VNM,2018,2018-07-28,0.35269781735441674,0.4166804574775232,0.35996652935061063,0.3627256825224539,0.36808088313129633,0.24997798422852566,0.1435431463613843,0.12907213935531522,0.07978878698194182,,
3334,Binh Duong,VNM,2018,2018-07-28,0.12125453873310797,0.33630426081745995,0.10740230520804007,0.1310529741959039,0.3404217624609712,0.24588430031139097,0.13665297515687924,0.503657423089724,0.5983248807777142,31.12114489942574,24.40164838798569
3335,Binh Phuoc,VNM,2018,2018-07-28,0.1095396016504887,0.34085496793762526,0.10168133825858611,0.1215373471916297,0.33892707552259543,0.2243764973760069,0.10988999473245695,0.5541518890504609,0.5399412115078746,29.779727797280877,
3339,Ca Mau,VNM,2018,2018-07-28,0.09242987152798138,0.20592222563125367,0.07315852621833241,0.10034701803898767,0.17174433000906342,0.11404237864642891,0.0629210663239901,0.37546835023786557,0.22681549064524775,28.18590292134208,
3340,Da Nang City,VNM,2018,2018-07-28,0.05043583637336839,0.29976629834574814,0.035143469288791515,0.06340413635100989,0.2731431957582446,0.16465088355399943,0.07771100249042502,0.7207539260235334,0.5411694104842038,32.72415159741732,23.3374522674461
3346,Ha Nam,VNM,2018,2018-07-28,0.25567600081703545,0.36697937998344854,0.26681053014251505,0.27215811268756335,0.33812450210503353,0.24076160107442468,0.14328553421711576,0.18897618237706806,0.16431247090567092,,
3350,Hai Duong,VNM,2018,2018-07-28,0.37075422012460585,0.43923810184807743,0.3858187746999906,0.38499317939708316,0.3978594448271376,0.2619266303292194,0.14856246318426158,0.0888613395133517,0.07377452103323562,,
3354,Hung Yen,VNM,2018,2018-07-28,0.3857795076562673,0.46574994069746084,0.3970514743092753,0.398590256990772,0.4257100633510324,0.2800774918612536,0.1609427738848717,0.1022098544513553,0.08845092043393218,,
3364,Nam Dinh,VNM,2018,2018-07-28,0.2031202016180002,0.2821112607859848,0.1988831761688088,0.2113467175043989,0.25125276722596945,0.1876260675510093,0.11233794598707592,0.1769554344050089,0.1273954794373038,,
3369,Phu Tho,VNM,2018,2018-07-28,0.3295343307440416,0.4622102437155366,0.33727617585520253,0.3421584127289656,0.43141791427922044,0.3143772582433588,0.19235109753175902,0.19056413615879783,0.19395602447464358,29.603036151230203,
3372,Quang Nam,VNM,2018,2018-07-28,0.05156603545236138,0.32300098921207954,0.0419118447770566,0.06622827426971693,0.2954411381513782,0.17092752597190725,0.07344481338306595,0.7503089327347385,0.6442307780303733,31.881907164766197,19.093728010116664
3381,Thai Nguyen,VNM,2018,2018-07-28,0.29507927238431686,0.4374001205492133,0.30984305290750574,0.31089480989554236,0.3912767151549811,0.26611407379867175,0.15149834258994366,0.23273129903334575,0.20311515911058053,29.581070787363124,
3389,Vinh Phuc,VNM,2018,2018-07-28,0.3623351080247422,0.47341162211989535,0.37333328061798915,0.3762770810101599,0.43733146862405065,0.3356036934772826,0.20905017425045272,0.15157766382256369,0.15226239115655565,29.412838454172142,
73933,Can Tho city,VNM,2018,2018-07-28,0.07917646158551024,0.3228918470804094,0.055377650484072685,0.0955628056793823,0.28399647442431936,0.18948690875353397,0.09298598537863492,0.6038246443960593,0.5783408624808812,28.495243980721884,
73934,Dak Lak,VNM,2018,2018-07-28,0.13524374805896666,0.3829614884561563,0.12675265611455175,0.1492345320224665,0.3695835651890012,0.25026552282654985,0.1339606002890642,0.52735198530205,0.5742916979615232,30.48423097350726,10.88912995778591
73935,Dak Nong,VNM,2018,2018-07-28,0.13070894032530556,0.3628064142511885,0.1280873784935496,0.14418399173364138,0.3480377494027722,0.22915275017563555,0.11939599029499603,0.5187216757279278,0.5072868159732155,29.199224363283662,21.541563997869726
73936,Dien Bien,VNM,2018,2018-07-28,0.3402535131086675,0.4902290217039053,0.3490630200847228,0.355417190952874,0.44218008374972156,0.28077068639035613,0.14936983136038123,0.2207030355789802,0.199319834255262,27.748609263356744,11.824053696819508
73937,Hau Giang,VNM,2018,2018-07-28,0.07200128448060451,0.2722012485820056,0.049936110831899826,0.08175399000008596,0.23453662886304905,0.14683588154036528,0.06980078500185237,0.5756812952393564,0.43645824472403655,30.185251668855642,
73938,Lai Chau,VNM,2018,2018-07-28,0.3240753510685969,0.4759873655633205,0.33140235988796896,0.3383726660840098,0.44101592413801044,0.2935060788028722,0.16183448946697152,0.21925888513020864,0.2105909081781772,28.206929310332125,7.1985185185185445
73939,Lao Cai,VNM,2018,2018-07-28,0.3045814484949656,0.4795930711720117,0.3065933641019242,0.31897713785500403,0.4490418064686305,0.3163645500341499,0.1832307824447775,0.2693373643554059,0.284194115379165,28.86028111125629,12.807466773012933
3326,An Giang,VNM,2018,2018-07-28,0.09750245590865358,0.29343072315566954,0.05767986631890453,0.09643018798581399,0.27193960754029295,0.18803586944593517,0.09893039791719632,0.47491844877138356,0.4512696806373435,28.50289940169576,
3332,Ben Tre,VNM,2018,2018-07-28,0.07496651763048819,0.2893618233058288,0.04095667561555655,0.07925483510904327,0.24469951627282815,0.14404504877795746,0.0641515787893305,0.560557674158359,0.46319668490893207,29.483205626022443,
3343,Dong Thap,VNM,2018,2018-07-28,0.08188178798299703,0.29374527801852146,0.04724572606431062,0.087013430065576,0.26759821793464095,0.18253856200796148,0.0906111319072434,0.5431233443033804,0.5073742722429789,28.51882120623526,
3351,Hai Phong City,VNM,2018,2018-07-28,0.3427107997204469,0.39124683549907197,0.33223738277576825,0.34829716207025596,0.37575477931461176,0.2956280350864476,0.20437396652863496,0.07482602058978548,0.07061055083558888,25.170000000000016,20.02408839779009
3352,Ho Chi Minh City,VNM,2018,2018-07-28,0.12314861531036403,0.2775290300501364,0.10585846610249916,0.1304765023503239,0.26079607860326276,0.19242316972665557,0.11944217354499126,0.4083821932427582,0.3774254876972572,30.300200305735302,24.34307413913199
3356,Kien Giang,VNM,2018,2018-07-28,0.07799750799133758,0.27086905775681885,0.05950831653228864,0.09113044707410886,0.23338457785041858,0.14913266369462264,0.07082042025075223,0.5275263690281438,0.42152435615375744,27.960256577779663,
3359,Lam Dong,VNM,2018,2018-07-28,0.10555426434020365,0.36529376067690406,0.09373879817727339,0.11892662231592065,0.35681585966209434,0.23036701388885455,0.114538872774594,0.5971025324798717,0.6187131960233725,28.37603293880278,16.914846257922083
3362,Long An,VNM,2018,2018-07-28,0.0840020175536535,0.3267737998222998,0.05297516442914692,0.09332511850662588,0.30457482429876653,0.20246613651501288,0.10009399779606065,0.5840722332001808,0.571894444591356,29.85033178472396,23.4453785605925
3375,Quang Ninh,VNM,2018,2018-07-28,0.3464706240258612,0.445712895678611,0.3472492138814275,0.3574375853826287,0.41954760712803224,0.3049365140257911,0.1900314953535557,0.14025889677220454,0.1420214730245173,,23.738543189169786
3378,Son La,VNM,2018,2018-07-28,0.341654782634553,0.4991000762799808,0.3420330665067974,0.35371580086000554,0.46717167282883576,0.32868567753372807,0.20030111396065908,0.22662207968185064,0.25476594999078184,27.92725322559314,11.930659119224325
3379,Tay Ninh,VNM,2018,2018-07-28,0.09199152403050184,0.34993016828175466,0.0682448208646116,0.10350550346259853,0.3473281026377489,0.23721943580096835,0.11893323981841374,0.6005756221697085,0.6819625106510069,30.407417437881904,
3380,Thai Binh,VNM,2018,2018-07-28,0.2856272039106664,0.357857667511276,0.287345607062828,0.29615497588062667,0.33065561589956444,0.24124397589937865,0.1516525700375971,0.12184220771094832,0.10119996725348561,,
3382,Thanh Hoa,VNM,2018,2018-07-28,0.1303340670907662,0.35095344222482167,0.12456133967993303,0.1445914352986489,0.32727939829395847,0.20997167083033783,0.11024399548337249,0.4848588296919313,0.45174563348645796,29.798400490433256,
3384,Tien Giang,VNM,2018,2018-07-28,0.06995828656598287,0.3281873074792123,0.041458875878822625,0.08077069064232166,0.2896357566178594,0.18379386205166173,0.0882420526150789,0.6385001390999603,0.6230558116134719,30.81409976083481,
3333,Binh Dinh,VNM,2018,2018-08-05,0.24194476042089616,0.43159042255845226,0.2399022404449879,0.25352014767894626,0.4037368026637993,0.2805996485319676,0.1660061163445505,0.32755055972768504,0.37001090111195145,26.400908939151137,23.166538009979494
3338,Cao Bang,VNM,2018,2018-08-05,0.07333559921567459,0.36818756100867,0.06504223272343702,0.094264650871898,0.36195686546351347,0.22365573631155058,0.09385357129195965,0.7040288532218447,0.7147909745438009,30.0029295602183,20.403407100041957
3355,Khanh Hoa,VNM,2018,2018-08-05,0.14616120709966282,0.39168401498385275,0.12977342763392874,0.1579597758195847,0.3777313149615056,0.2603812702282891,0.14254414695124448,0.5060063107635556,0.6231495127812794,30.715730879071415,22.439837150235867
3360,Lang Son,VNM,2018,2018-08-05,0.0584019044590088,0.35392140009258755,0.05025602358635068,0.07922434516682518,0.34215018422213656,0.20462006818296774,0.08040450371294157,0.7344130872212609,0.6997577297919144,30.824443730292245,20.60528829430637
3370,Phu Yen,VNM,2018,2018-08-05,0.2882650536367469,0.47157212371535745,0.2828248501017288,0.29897266402914124,0.45056395068760696,0.33303799469820455,0.20659161571076637,0.3003053686175395,0.38174966093904067,31.00342899995029,20.59731671720282
3371,Quang Binh,VNM,2018,2018-08-05,0.09327676030658333,0.370651797074596,0.0840105125512519,0.11092749373171702,0.35135557758191127,0.22045011704212794,0.10307186922911742,0.6149772575418446,0.6302607678102059,31.652172347530744,24.07365455591334
3374,Quang Ngai,VNM,2018,2018-08-05,0.19950370237559792,0.436870057626242,0.19219899352275605,0.2143914061526683,0.3937371139419851,0.23589626072431563,0.12914842759965667,0.430355281330155,0.4629171392333194,29.266813490513062,24.38367277220529
3376,Quang Tri,VNM,2018,2018-08-05,0.09895679689801896,0.39339102862207326,0.08494504653308807,0.11609265595752062,0.37105959714585673,0.23912771780514266,0.11586555019429468,0.6205291651889967,0.68702061221101,33.0702662594036,20.074383493725975
3383,Thua Thien - Hue,VNM,2018,2018-08-05,0.08561588850871489,0.4157753134893678,0.067812295690776,0.1060199198450158,0.3914248154698769,0.24317716967761413,0.11182597808478155,0.6655320164476846,0.8195334914528833,32.70826211944345,23.04153606382166
3327,Ba Ria-Vung Tau,VNM,2018,2018-08-05,0.1701227837884392,0.32509525080494434,0.1742196702672238,0.1836798771249892,0.30799147654350345,0.22550727553757632,0.1364681527199757,0.32728962296325337,0.31090943609388283,,23.456625003829355
3336,Binh Thuan,VNM,2018,2018-08-05,0.28178270773105873,0.44470722664536805,0.27388952976410974,0.2888622851659298,0.42832451901059587,0.31538378625993385,0.1895931392669152,0.2886449470805801,0.36596241177873323,31.34812326043743,
3342,Dong Nai,VNM,2018,2018-08-05,0.262390174888414,0.39492712650022044,0.27104429964266336,0.27571799667447494,0.37308217616779293,0.2794993540396242,0.17053637103407432,0.22714769921779035,0.21962311655201644,23.84995630826161,
3344,Gia Lai,VNM,2018,2018-08-05,0.41592399003822567,0.5242390446425748,0.42001425064865733,0.4254160012148646,0.4869042845186448,0.30314178241467354,0.1708015388680989,0.14149117201960143,0.14097098054259583,25.900367626777236,14.81055532183427
3345,Ha Giang,VNM,2018,2018-08-05,0.08297226488423476,0.41175947177515715,0.067572267235798,0.10424773928950781,0.4077855859250633,0.26250608892569055,0.11512968994503618,0.7043960579130221,0.8642783310445828,30.639471775419217,17.759642929532827
3347,Ha Noi City,VNM,2018,2018-08-05,0.08580244193776722,0.2863605568452287,0.054849916239214064,0.09243123469566603,0.274248738399057,0.20812479710895554,0.12331282129377298,0.5345006886762645,0.7686441438049236,33.9440958413132,
3348,Ha Tay,VNM,2018,2018-08-05,0.06820113235602268,0.29536815394311494,0.039554206990580654,0.07971206401493836,0.27229790571562623,0.19079864781698272,0.09759703587378327,0.608072860318995,0.6477929635373118,31.924871168049435,
3349,Ha Tinh,VNM,2018,2018-08-05,0.07584167383475542,0.35024158156554763,0.05946153324964194,0.09237685449221508,0.33072090437100027,0.20592285006724428,0.09182171933407209,0.6464028419997212,0.6491014489928004,32.09823868671851,21.340808267914163
3353,Hoa Binh,VNM,2018,2018-08-05,0.0590024205375237,0.3836261374940781,0.04222522347810873,0.07933465434641038,0.37298447109886834,0.23314091633962913,0.09581420348469656,0.7286456382677037,0.8303559340837667,30.6962007317579,18.429494489220613
3357,Kon Tum,VNM,2018,2018-08-05,0.30746089799818577,0.47649317984766637,0.30851472392230933,0.3191966322848149,0.457400254702541,0.2888259384448015,0.16018704623303776,0.24497733335399985,0.2500786626901268,27.309082098980685,
3366,Nghe An,VNM,2018,2018-08-05,0.10577378677351175,0.3789185277178652,0.09831019564918292,0.12371071947973714,0.35623929321156883,0.21621327163351844,0.09736373237814701,0.5888710119351033,0.5698929499590584,29.27510680685945,19.59580175028856
3367,Ninh Binh,VNM,2018,2018-08-05,0.08641985604540113,0.2785082091883943,0.0662879337233672,0.09853436318030524,0.2605458352679346,0.18254413642359077,0.09339866104215225,0.5197631858111591,0.47622364404558676,33.43851340116672,
3368,Ninh Thuan,VNM,2018,2018-08-05,0.1178686203578778,0.36317824195675186,0.09117976182228617,0.12333573591348224,0.3633132140997858,0.26937894855006084,0.15477482486805924,0.5399561958756449,0.5920290286698108,30.26008248453224,
3377,Soc Trang,VNM,2018,2018-08-05,0.23489694260675759,0.3967729754736784,0.23159293852086227,0.24946668851150033,0.34787762813507184,0.23890390980263643,0.1393306792485224,0.25810500651351914,0.2411436003533278,,
3386,Tra Vinh,VNM,2018,2018-08-05,0.198467050332517,0.34781418662853464,0.19419568788544966,0.21093156759812287,0.30636730312609317,0.20944869752726594,0.12007568106104839,0.2760179742123374,0.24300616891704147,,
3387,Tuyen Quang,VNM,2018,2018-08-05,0.06593567733546903,0.38967657820204527,0.05727054564416204,0.0872705177084522,0.37223063672628076,0.22995176693363784,0.09490718137159447,0.726260803788188,0.7903525152788917,29.87382253478339,23.516018243815495
3388,Vinh Long,VNM,2018,2018-08-05,0.25936714863909016,0.40226494791271056,0.2609318082344287,0.2730684842250729,0.3667871176609766,0.24593340665740754,0.1425674359523099,0.22171970925079648,0.20297881765863526,,
3390,Yen Bai,VNM,2018,2018-08-05,0.11908315716571784,0.43572845580600306,0.10684541976045425,0.13898643463326174,0.4302347463449482,0.28756715264719623,0.13690668946846868,0.617604698459789,0.8228708104369249,30.728738382400138,21.19636188140202
3328,Bac Kan,VNM,2018,2018-08-05,0.08316190163637324,0.38826099732423547,0.07997879289257857,0.1050069560586811,0.373460452590548,0.2283728062437354,0.09615104639083602,0.6795778317038277,0.70136233260198,29.695051929868598,20.862670706285105
3329,Bac Giang,VNM,2018,2018-08-05,0.06092106783710001,0.3241279217310013,0.041841703437193144,0.0744229338387265,0.31299715970876324,0.20331885831453378,0.09209327540731062,0.6834015654534038,0.6844661071558226,31.258359766880147,
3330,Bac Lieu,VNM,2018,2018-08-05,0.29313161759050993,0.37907373987984416,0.2937610780387079,0.3053214877478492,0.33286198829803987,0.21273057728884845,0.1261295183516091,0.13682466379313063,0.11966832064638111,,
3331,Bac Ninh,VNM,2018,2018-08-05,0.07716202856337401,0.28160064995771394,0.046895175403897725,0.08655979087251241,0.25011528253047827,0.18488551807747117,0.10196295525575479,0.5715934212002866,0.6288319913288213,31.513227554243624,
3334,Binh Duong,VNM,2018,2018-08-05,0.20338452421202893,0.3749763179750956,0.20705639979408602,0.216662092780936,0.3638210382873273,0.2751418325226063,0.16092341931151022,0.3195123474272593,0.3416076848528486,29.669718609570797,
3335,Binh Phuoc,VNM,2018,2018-08-05,0.3662223463863059,0.4887553191164711,0.3703586678843374,0.3759984062662244,0.47406077194697904,0.3596719255723934,0.22488311315869194,0.16808050957771115,0.18596383956115795,29.090547391096226,
3339,Ca Mau,VNM,2018,2018-08-05,0.3013365719310105,0.36533338586593667,0.30003693228231,0.3103920699242458,0.32855987669741415,0.21378214852755145,0.1266206461510086,0.12591011062589186,0.08973970658297284,27.940997125723054,25.27563274959146
3340,Da Nang City,VNM,2018,2018-08-05,0.12902997811561973,0.3793293923382411,0.12117724905314461,0.14565168469071063,0.3528795539303306,0.22450611310768798,0.11516755360029396,0.5052406763438986,0.5258466770750074,30.17418503405074,23.494852176484407
3346,Ha Nam,VNM,2018,2018-08-05,0.07678825425081333,0.3003787768367979,0.05904830750636577,0.0922841415505493,0.2718339699940101,0.1873094712756571,0.09298907308668446,0.5998622445715465,0.5552306447882365,33.15462645595143,
3350,Hai Duong,VNM,2018,2018-08-05,0.06764156820411435,0.2823411156092171,0.043668493332815576,0.07985063235801877,0.2559743914562874,0.17990878089909468,0.09195471233249997,0.6132444312077528,0.5726393657022114,31.418077876459293,
3354,Hung Yen,VNM,2018,2018-08-05,0.07504414339521029,0.3024734722594817,0.05173018730169017,0.0870514276337058,0.2737897952465597,0.19299717116570056,0.10081917127772182,0.6117216317970458,0.6158470397353389,32.53900569476435,
3364,Nam Dinh,VNM,2018,2018-08-05,0.09345627905850168,0.25205785298805533,0.07126894073749376,0.10169488145017513,0.22569122304759337,0.17048183488449808,0.09350022313384611,0.46290720221685466,0.40348486001613626,33.683691163368074,
3369,Phu Tho,VNM,2018,2018-08-05,0.07146161869562254,0.37522948996289135,0.05150853108581843,0.08795853789207725,0.36301510515991314,0.23608186117856708,0.10473123189677787,0.670507576933331,0.7834178820611436,30.773339862605773,24.4195602044522
3372,Quang Nam,VNM,2018,2018-08-05,0.14758866633196557,0.41225625560152507,0.14400760928956738,0.16641429395088808,0.3812391114822775,0.22108996694968594,0.104855870520113,0.488373160275216,0.4858093920595673,30.065244287210238,21.3577536745692
3381,Thai Nguyen,VNM,2018,2018-08-05,0.06612022448621768,0.371209828004958,0.05451513896759723,0.08512177834032954,0.3532872754925405,0.22171747814240925,0.09576240619726523,0.7109333436361441,0.760981250415668,30.951047280435844,22.917644701966385
3389,Vinh Phuc,VNM,2018,2018-08-05,0.07887763778168723,0.32434984867116967,0.05605112055786491,0.09059927302882238,0.30777070827161024,0.2111265731446828,0.10590482536694987,0.6188179350888795,0.6713271924754902,29.153625356758063,
73933,Can Tho city,VNM,2018,2018-08-05,0.2986437432155434,0.45315864312242116,0.2983370201288279,0.31468674317146156,0.40024513261718797,0.22495313249045354,0.11544001603473712,0.21869492665690882,0.1829552044999735,,
73934,Dak Lak,VNM,2018,2018-08-05,0.4274742921790224,0.5559233196584387,0.42586549313522243,0.4366752521207724,0.5215185751053362,0.37172784303413015,0.22529542843338385,0.17221749281253274,0.2072992993486096,26.158690698582518,18.087069979373563
73935,Dak Nong,VNM,2018,2018-08-05,0.43958192145202185,0.5489403395770575,0.4420693346841939,0.44784139750090135,0.5176409543672712,0.3674989439808493,0.21961594188055836,0.12369328039195823,0.13412378602041486,25.297825296016267,16.3516588687443
73936,Dien Bien,VNM,2018,2018-08-05,0.18154603665696786,0.4735658191719128,0.17337873959296696,0.2014057686463841,0.45992165889362124,0.310679347424192,0.16619709252232026,0.4916687465765497,0.661243114904346,30.261586242417877,19.098185931757573
73937,Hau Giang,VNM,2018,2018-08-05,0.2940111710697497,0.4183930897206505,0.2972989164941143,0.3054209630014671,0.3769052162675215,0.2619138915517686,0.16310620838993312,0.19657657923751168,0.18597860876532474,,
73938,Lai Chau,VNM,2018,2018-08-05,0.19291207555489073,0.438304523819794,0.18681131402542953,0.20908829510782823,0.4217087372702931,0.2908031948947658,0.16333492811307032,0.4417667997427439,0.5627105632621852,29.501673458106055,17.916483328547642
73939,Lao Cai,VNM,2018,2018-08-05,0.12625976383665577,0.47895483738086014,0.10884197471156215,0.14847348841855798,0.47240683329129346,0.3139653848104987,0.14597674176489125,0.6464941826127484,0.9367353168792034,30.01385327977439,17.09508167471457
3326,An Giang,VNM,2018,2018-08-05,0.2159469883589286,0.3529150805063649,0.1974607185813824,0.22040309136513564,0.32534622534394475,0.22122405561616043,0.12892570958492347,0.2446146272982949,0.23169227472091425,27.99688539787537,
3332,Ben Tre,VNM,2018,2018-08-05,0.15731495291859404,0.297803441522094,0.15592896987822996,0.1681756677547279,0.25588686747286665,0.16636730627501484,0.08891723952578884,0.31475014237393556,0.2327683304859188,,
3343,Dong Thap,VNM,2018,2018-08-05,0.23512485082617507,0.3926901793826931,0.221235353700821,0.24434854592717395,0.3627133657027451,0.23835496041586815,0.13485536634665632,0.2497343105727529,0.2279155057642719,24.765937500000014,
3351,Hai Phong City,VNM,2018,2018-08-05,0.11207686012773146,0.25152976895206136,0.09731057778081802,0.12253651909593032,0.22976246121589952,0.17067224131524514,0.09596843986496793,0.3937560506905354,0.3146150689115366,32.119230544935476,24.006197149255684
3352,Ho Chi Minh City,VNM,2018,2018-08-05,0.17459621973347225,0.29824077285406225,0.18074214441810774,0.18879912518538353,0.27308540887059035,0.20713858841855654,0.12681812025160644,0.28519264500460273,0.23369407145304838,26.049826192541197,24.304785472337265
3356,Kien Giang,VNM,2018,2018-08-05,0.23287204998558125,0.3670909964208121,0.23413079146235766,0.24705935101335802,0.32679381045544115,0.2261081166034356,0.1338745705861208,0.2503901175577564,0.23342221128873772,22.39022838335788,
3359,Lam Dong,VNM,2018,2018-08-05,0.5017214937671605,0.5819634067073898,0.5063404651055553,0.50832163740388,0.5426483308788287,0.3684332588890448,0.2179923457599999,0.09469186017829433,0.09599362936949804,24.259837156663128,15.14732231509827
3362,Long An,VNM,2018,2018-08-05,0.24570423409063732,0.39046777160914287,0.2410155882895219,0.2565296190419988,0.3690828451685957,0.26633461045852785,0.16009506629141476,0.23987333992148227,0.2351879915494408,28.110093896713675,
3375,Quang Ninh,VNM,2018,2018-08-05,0.08611298758236277,0.3005858304251691,0.08168304689781324,0.1018416594120255,0.2820839029428069,0.17762894908715426,0.0817189217864226,0.576235585629356,0.47803212263312433,30.62011393232256,20.971028825197106
3378,Son La,VNM,2018,2018-08-05,0.1292384809051592,0.45312445266167367,0.11348258546853231,0.14970150780893074,0.4438320928251008,0.2950090710937668,0.14399352948659588,0.5917825177792381,0.8058793419847589,30.02456400300455,19.201509113975476
3379,Tay Ninh,VNM,2018,2018-08-05,0.1505532271667203,0.3560288279381683,0.14126254189834606,0.16234874367267058,0.34774849211049547,0.25273869445449904,0.14342585234548802,0.4296416746404797,0.4673309786790428,25.40855072463769,
3380,Thai Binh,VNM,2018,2018-08-05,0.10454341299680327,0.27973450529501087,0.09257606193217471,0.11814073056620775,0.24771852474521155,0.1785745698242959,0.09404170618196635,0.4729084323958268,0.39626756407803426,32.315345465564725,
3382,Thanh Hoa,VNM,2018,2018-08-05,0.08310193255253012,0.3772334027243375,0.07094248372116378,0.10185377891201128,0.35776544622853806,0.22343459166464738,0.09697023843399055,0.6476116121858924,0.6913446440456475,31.25044785646776,20.970488385242255
3384,Tien Giang,VNM,2018,2018-08-05,0.23221631520456995,0.3996306948077599,0.23093754614749293,0.24672401897123417,0.3612545569317929,0.24955531945605078,0.1433666423280766,0.2846306564771664,0.2600396119389128,,
3333,Binh Dinh,VNM,2018,2018-08-13,0.13069066581050284,0.36764840787631536,0.11683752148921499,0.1402962421611641,0.34827430204202053,0.23630015365421503,0.13287088222217766,0.5253960837019174,0.5804543830293666,30.5247502004827,20.83473451327437
3338,Cao Bang,VNM,2018,2018-08-13,0.05835607311243245,0.42090723658198326,0.043679154568721894,0.08303236505484514,0.42413653872841295,0.26195993611587165,0.1040400037042055,0.770647230853059,0.942252843453505,32.077691955071295,17.81453678267473
3355,Khanh Hoa,VNM,2018,2018-08-13,0.1211627184136806,0.33637535029841464,0.10427648809360443,0.12770006818233212,0.3314127452983369,0.23410751930765308,0.1346117301022579,0.524482306475197,0.5931718789177844,33.792376239997935,17.2426153846154
3360,Lang Son,VNM,2018,2018-08-13,0.06648158294205617,0.42028169347316624,0.049835557145517156,0.08949397238919635,0.41631643193580736,0.2589591177176976,0.10909566595589598,0.7358455293568194,0.8985112085922761,33.028463842292396,22.994616623947106
3370,Phu Yen,VNM,2018,2018-08-13,0.14664114365915862,0.35573767935190775,0.13564355154407726,0.15497088026278066,0.3422570549809404,0.2437638311871688,0.14081195615645117,0.4737682560484342,0.5168703069738078,33.99384671429349,
3371,Quang Binh,VNM,2018,2018-08-13,0.16558043099946596,0.4393478040961975,0.15298822851146185,0.181622054455366,0.4187801505879855,0.285285474570847,0.15596216985144154,0.5328036410936351,0.6891300580184482,31.212810128248556,23.366257744914613
3374,Quang Ngai,VNM,2018,2018-08-13,0.07680367599751714,0.3890118299848612,0.061612144329753656,0.09291867085890601,0.3517006930457213,0.21033031060738488,0.09934502635141151,0.682272177944246,0.714691379956727,30.5622040598694,23.16848129658305
3376,Quang Tri,VNM,2018,2018-08-13,0.22709663371468775,0.44343352730293367,0.21595217576784012,0.23869203434070455,0.4161604932513223,0.28338957337454274,0.15349429413143562,0.4579937613155886,0.16229024833224762,30.375229901600893,22.678687695949872
3383,Thua Thien - Hue,VNM,2018,2018-08-13,0.0781919126719122,0.3452728490913739,0.0640424612051062,0.0924915759190693,0.3236541995791715,0.20143231532886915,0.09705055118171753,0.670551666175081,0.681814438668471,31.791879849796388,22.9806107667017
3327,Ba Ria-Vung Tau,VNM,2018,2018-08-13,0.1628063055177964,0.3315225187333798,0.1604270113874422,0.1759430503322431,0.3163053818631898,0.22349464129507166,0.12630627389412002,0.346335342905438,0.3284026761876804,29.841204561653626,
3336,Binh Thuan,VNM,2018,2018-08-13,0.20263776977815598,0.39319458430678644,0.18751988809701955,0.2097773883494724,0.38513284759474314,0.2828042619637582,0.16551245401216338,0.3930393509340024,0.3108209212190194,30.850399874142486,
3342,Dong Nai,VNM,2018,2018-08-13,0.14919363119735413,0.3362234113423222,0.14369996460268303,0.16151991009601907,0.32527210670421464,0.22854881104513183,0.1285317289074509,0.42462645426330536,0.40560749691905057,27.946964233483573,
3344,Gia Lai,VNM,2018,2018-08-13,0.2807945088760178,0.4365229165053293,0.28430761632555795,0.29180736014171277,0.41258630716361905,0.303681242947571,0.175432758027649,0.2949604240985335,0.3261677043584205,28.101248409523844,12.515454545454544
3345,Ha Giang,VNM,2018,2018-08-13,0.05546443165486591,0.4074450776601073,0.03960299959569009,0.07885502049211741,0.4035401832720203,0.24917327715860313,0.09907513872238304,0.7705967523457616,0.9073085872180965,32.19492316561,20.095129603322928
3347,Ha Noi City,VNM,2018,2018-08-13,0.09123563999408614,0.32187796733965723,0.05727244500230591,0.10010231681060892,0.30743552573477856,0.22849725376238164,0.1302186980274298,0.5472925900698664,0.6974866790667223,37.0422350508535,26.254540060941437
3348,Ha Tay,VNM,2018,2018-08-13,0.06999217881073624,0.33569120502654665,0.04007411166635011,0.08574498294282479,0.3056314686460431,0.20957718290470428,0.10186582874041082,0.6349662421787033,0.7086940643446558,33.28924145099325,25.390221803577646
3349,Ha Tinh,VNM,2018,2018-08-13,0.07996948785263626,0.417567315381307,0.05448948725366595,0.10030235072673006,0.39591308037208656,0.2567367193163583,0.11792631632531025,0.6756443136890722,0.8827607537128864,31.87430495335527,24.75365373789515
3353,Hoa Binh,VNM,2018,2018-08-13,0.05465512083674877,0.4103448675007964,0.03644780430283819,0.0780958698838581,0.3954994378500994,0.24321224251946655,0.09520336388262203,0.759454885002384,0.8875795759770124,31.73670738524036,21.407384082679467
3357,Kon Tum,VNM,2018,2018-08-13,0.41004001604868223,0.5241337567965243,0.41504586342542565,0.4188811512312919,0.48768335048978767,0.3518751722198533,0.19971232616288132,0.190374908006124,0.18215567062181,27.09924190190675,11.998322342756204
3366,Nghe An,VNM,2018,2018-08-13,0.07897709811430968,0.4555133321745145,0.056254285669742395,0.10217385476562649,0.4304922807762727,0.2679637621781771,0.11531592694118303,0.7099300267854721,0.9349992855178314,32.3722305461491,20.271282928752807
3367,Ninh Binh,VNM,2018,2018-08-13,0.08197272986271767,0.3108589651448987,0.05874621020569844,0.0974260167163113,0.28669483842399773,0.19604569570776925,0.09207343115759678,0.5569673994885285,0.5456848328440017,32.054274700957826,25.651748417483052
3368,Ninh Thuan,VNM,2018,2018-08-13,0.1388808537073004,0.34617135120590664,0.11245901928413307,0.14003678324114785,0.3545744105997034,0.27033506444860816,0.1646528455616427,0.4737270788130551,0.3522373150666371,35.38459780524975,23.32013954402522
3377,Soc Trang,VNM,2018,2018-08-13,0.24443430951411152,0.4063819441075724,0.24009628489964133,0.2570080127520044,0.3665763187701752,0.2733104220594611,0.17295047331752142,0.25856628309429813,0.27294310181689546,28.139302370585376,
3386,Tra Vinh,VNM,2018,2018-08-13,0.24532641667240326,0.3794942269249978,0.24463751773980605,0.25648919961670513,0.34339061324250103,0.24845674959282346,0.14988555176944812,0.22157379409381525,0.21302131208469888,,
3387,Tuyen Quang,VNM,2018,2018-08-13,0.04794336698605849,0.4210288702315481,0.03580583472870688,0.07287421979058688,0.4047819972215167,0.2431936064954971,0.0917531414588288,0.7954599877862011,0.9198118205953818,32.64309297613561,23.1669166507662
3388,Vinh Long,VNM,2018,2018-08-13,0.20684730978051158,0.39182168894735336,0.20164046453363768,0.22025446549887814,0.3599152108438479,0.2614357420030222,0.1578203799714198,0.328760583204582,0.3373119879767963,,
3390,Yen Bai,VNM,2018,2018-08-13,0.07346497141848168,0.4066136716330451,0.06246820289035903,0.09591207065229339,0.3968380096296203,0.24738985840281294,0.10255255353577013,0.7129317086790147,0.8226332771261656,32.36619765779345,19.87782994221307
3328,Bac Kan,VNM,2018,2018-08-13,0.04844041933984693,0.426564799282402,0.038401988116420545,0.07430965935855607,0.41948927794842794,0.25154389684929873,0.09341681919568844,0.8038027009759435,0.9408800693939123,31.543800061175673,21.460701795005843
3329,Bac Giang,VNM,2018,2018-08-13,0.06834258534632723,0.38698148557984796,0.04387748864207954,0.08548057127452593,0.378162163075586,0.24710126772249968,0.11099367216933057,0.6925110725801004,0.8468590248855302,33.8915191632162,24.964508541810858
3330,Bac Lieu,VNM,2018,2018-08-13,0.14535833298822962,0.2633818348946816,0.13076414418318588,0.1561781289656068,0.22458336781901586,0.1637910339566879,0.10103233642841747,0.2675542457562843,0.219945467460123,25.85396064923542,
3331,Bac Ninh,VNM,2018,2018-08-13,0.08374385749289952,0.3365203765587333,0.050627207410387,0.09675891527372793,0.30117077173703427,0.21774570084116845,0.11560859430626777,0.5982516260675264,0.6979066451231319,34.90474753674995,26.115704225352122
3334,Binh Duong,VNM,2018,2018-08-13,0.18839067887199012,0.37877667207940346,0.18569148020992998,0.2007264203463981,0.37919767098633045,0.28477866050582146,0.1655420033129201,0.3609850678091233,0.4169859739392235,28.52237350026088,
3335,Binh Phuoc,VNM,2018,2018-08-13,0.21016388627654292,0.38210276002931826,0.2146764424670316,0.22201957674306402,0.3784003971397934,0.28082516432115356,0.16619360761278648,0.3269406832404437,0.3407440328958411,26.671517072717357,
3339,Ca Mau,VNM,2018,2018-08-13,0.1545315326014163,0.2660031586438009,0.14750763684323875,0.1663229640123739,0.23187891462427498,0.16821626446625798,0.10376423619552282,0.2746621219988826,0.20401001588941486,27.652228356520265,25.797998639696697
3340,Da Nang City,VNM,2018,2018-08-13,0.06969760181656767,0.32759459694896287,0.054053072185543866,0.0837463580075438,0.30234663570009196,0.1870400247977795,0.0934719583761224,0.668808274285755,0.6486789699762261,28.21868848264845,22.044401317959235
3346,Ha Nam,VNM,2018,2018-08-13,0.06855569978346403,0.3546897089359681,0.04189227212402013,0.08795878303865663,0.31974583004366636,0.21764824051359036,0.10376369647721732,0.6665878036577657,0.7409537186482702,30.857546335828022,26.78558524853023
3350,Hai Duong,VNM,2018,2018-08-13,0.07598513434769605,0.34311972847589,0.04657757061809946,0.09192152183939936,0.31289914908657646,0.21816395233746844,0.10922525197089948,0.6285634011708736,0.7067347416198225,32.78839154562275,
3354,Hung Yen,VNM,2018,2018-08-13,0.07459955722080869,0.3584216985387111,0.044308246246547285,0.09046697570806843,0.3238658202174976,0.2257980353024529,0.11332646691488232,0.6468470808912901,0.764842617900535,34.271280810420556,
3364,Nam Dinh,VNM,2018,2018-08-13,0.09832336601867103,0.28751910325833185,0.07562593450959576,0.11020317267145059,0.2547906650652862,0.18515271878282474,0.095474395021935,0.4835674021813641,0.4442833317955873,30.943981469629875,25.84024867827023
3369,Phu Tho,VNM,2018,2018-08-13,0.05892424759960392,0.3886516787270805,0.03788805307286515,0.07834755845727216,0.37231037978924447,0.2347164292024262,0.09726500546109941,0.7265707342890161,0.831741275179989,33.89093172536142,24.96036098500392
3372,Quang Nam,VNM,2018,2018-08-13,0.13418756744002866,0.3835738993162845,0.12734802436107998,0.14809442920349308,0.35607061224688796,0.22913360291900017,0.12222412487256887,0.5586422498770144,0.5615772558733447,28.90184110934507,21.952485701832188
3381,Thai Nguyen,VNM,2018,2018-08-13,0.05276648979077959,0.4070913458178923,0.03711389856203474,0.07543471451696179,0.38989015523350323,0.23999744423826394,0.09683905337943144,0.7678913119195206,0.8960148204323474,33.959433568156406,24.32463333225831
3389,Vinh Phuc,VNM,2018,2018-08-13,0.06891656423291263,0.36138431831549817,0.04225202675243383,0.08411650738991874,0.3430638477240064,0.23020086456679117,0.10988275519010317,0.6707882563991658,0.8031316213793188,34.13614402842491,25.940945712810617
73933,Can Tho city,VNM,2018,2018-08-13,0.17294491737427123,0.3953308453777523,0.1732723928400219,0.19418147884627143,0.3506602637466181,0.2429796085402887,0.13598440249943466,0.40688001373360944,0.421511519678288,,
73934,Dak Lak,VNM,2018,2018-08-13,0.2174261932344079,0.4089756370713659,0.21400031562458932,0.22892217539975238,0.3887679916382427,0.2747395128358966,0.15539886441437017,0.3819073949171854,0.40159279009249954,29.016766245940325,
73935,Dak Nong,VNM,2018,2018-08-13,0.23554587097478272,0.42340105661986677,0.23711500934397417,0.24797096303361896,0.40354320620987394,0.286386073897603,0.164745182077448,0.35311803745085,0.3698625534272499,27.60121344122374,
73936,Dien Bien,VNM,2018,2018-08-13,0.16068754798882348,0.3929700510486443,0.1675066314390187,0.18008292760324437,0.36693460342342105,0.23318455319356346,0.11652419573140504,0.46257872922925347,0.444851488011153,29.725206887748133,15.292545903930993
73937,Hau Giang,VNM,2018,2018-08-13,0.22061392940325017,0.3610364586749692,0.22243150926327457,0.23381509866371014,0.3300936975270174,0.24853329247594041,0.15714953966508027,0.24829902589599717,0.23996153367485967,27.551958737260787,
73938,Lai Chau,VNM,2018,2018-08-13,0.12493586767229481,0.36823853892531255,0.12206948643437805,0.14167720189278388,0.34659920733303357,0.22008988980192526,0.1078104711321924,0.5471308236296588,0.5110252027443314,29.5881838622614,16.18389213684229
73939,Lao Cai,VNM,2018,2018-08-13,0.07946383195077793,0.40470275090761043,0.06917677182024023,0.10201345326187698,0.386979492870889,0.2392408388007347,0.09961347192424985,0.6986928033894113,0.772446859232262,31.71979510902155,20.576642613607202
3326,An Giang,VNM,2018,2018-08-13,0.20219484289877146,0.30283216870100726,0.19265287308146264,0.20767628435876334,0.278204894867451,0.21832902192289433,0.14046756748974812,0.20188760953704168,0.18005776804249746,,
3332,Ben Tre,VNM,2018,2018-08-13,0.1397598899089191,0.32025230220791256,0.12161986867682893,0.14750359874707122,0.2804545305276401,0.18764590851807414,0.10581172955455838,0.40101728871200304,0.36603107550193736,25.450240963855425,
3343,Dong Thap,VNM,2018,2018-08-13,0.15985370274745128,0.3145831670367089,0.14841574630558488,0.17019517009528945,0.2774865100211605,0.2034280524164552,0.12433232244106067,0.3084025585380727,0.3051108186204859,,
3351,Hai Phong City,VNM,2018,2018-08-13,0.1050963174387269,0.2783666054974486,0.08239447136247721,0.11520432349662559,0.25778251566455146,0.18959498130717026,0.1033859280617813,0.44681125822314866,0.40758660432425403,29.428770732600885,22.981275878160545
3352,Ho Chi Minh City,VNM,2018,2018-08-13,0.1604877845784662,0.29967004783495166,0.15242856162308369,0.17032736697755518,0.2811791403773533,0.21203670464337732,0.13306637608936367,0.31429192730083827,0.3016062665377414,26.619484359341218,
3356,Kien Giang,VNM,2018,2018-08-13,0.1948052003237582,0.3487211180862929,0.19168003333372058,0.21040656244815154,0.31401405797416215,0.22823881690238956,0.13659749083315,0.29698479353033325,0.28164209376512694,25.63184592606437,
3359,Lam Dong,VNM,2018,2018-08-13,0.3650756589438231,0.4925166874706335,0.3664605243321396,0.37357665487715946,0.4682296570506114,0.34599286805846796,0.21177595626840715,0.20319943232825027,0.2169437851421542,25.617073887384624,
3362,Long An,VNM,2018,2018-08-13,0.14433730900017155,0.3001046832629418,0.130132043075196,0.15319397794692444,0.279244976970294,0.20391004071212218,0.11757999760869223,0.34534988676563116,0.320095946193087,29.30147239263808,
3375,Quang Ninh,VNM,2018,2018-08-13,0.07954494560750427,0.34615421559757714,0.0662128224745116,0.09738790075618453,0.33339951644631843,0.21227752421134008,0.09622027766810738,0.6252250739337998,0.6475958236138272,29.26983266942646,23.577581890384682
3378,Son La,VNM,2018,2018-08-13,0.13026658863378643,0.4283641716055709,0.12330411846897171,0.15169543516664877,0.4089320930761319,0.26342000868810583,0.1263069994550553,0.5713433540845002,0.6849300577661368,31.21753465495578,18.10902658500932
3379,Tay Ninh,VNM,2018,2018-08-13,0.1697487771177649,0.3483121135329204,0.1670655295967724,0.18118144737263903,0.34422947386286357,0.2527868246980974,0.1417406332492663,0.3644988518448865,0.30333341290063714,26.87342897206343,
3380,Thai Binh,VNM,2018,2018-08-13,0.08391774057258373,0.321293666906532,0.06082417170227928,0.10008166751830667,0.2850053880078194,0.20327536782630404,0.10232156761862762,0.5763919487711134,0.5893106628115389,29.58615040870618,
3382,Thanh Hoa,VNM,2018,2018-08-13,0.06116926938931881,0.424052197585973,0.0397986945346518,0.08396217186238258,0.40236403409579724,0.2524060668065009,0.10353303389690886,0.7401514860829244,0.9165746076936437,31.91384966596968,24.03497921788677
3384,Tien Giang,VNM,2018,2018-08-13,0.13439303740771527,0.36026676503960087,0.12209164749466614,0.14729491768437045,0.31993979833816644,0.2166141394070448,0.1177915507970225,0.46781296012765256,0.47385414682911575,27.887077732138415,
3333,Binh Dinh,VNM,2018,2018-08-21,0.1948085375546088,0.4106496546054735,0.18516608453539016,0.20364999363022557,0.39679342937215634,0.2812568740146174,0.1726424936547862,0.41584432856113274,0.5250131064169816,28.107119954073767,18.89902255639105
3338,Cao Bang,VNM,2018,2018-08-21,0.0980416443989323,0.3591545497578191,0.09435171483252552,0.116675521427354,0.34769511565577155,0.22034901762047693,0.10745057753399202,0.6114845753335418,0.6191769258634987,29.661891102164827,19.55736864573391
3355,Khanh Hoa,VNM,2018,2018-08-21,0.13202839920124523,0.3612589952802941,0.11585174837670506,0.140973640129427,0.3608363547213204,0.24456190437275555,0.13231234230294833,0.4810034237944899,0.5353280310219615,32.84054953600979,23.84839936649239
3360,Lang Son,VNM,2018,2018-08-21,0.0864345330305489,0.36868491145982046,0.08109820413600802,0.10690734610920113,0.3534983595778551,0.21936330653336641,0.09890653232809136,0.656994910186909,0.6555511802869657,30.668535397641026,19.588794351139097
3370,Phu Yen,VNM,2018,2018-08-21,0.1607911825288237,0.38956468016019646,0.14435619140941786,0.16924239570129945,0.3842207752760686,0.2696907108750491,0.1518350720044775,0.4593745312608815,0.5364825629941807,30.811396565956606,22.036496400391297
3371,Quang Binh,VNM,2018,2018-08-21,0.13387028270103804,0.3750242314855432,0.12648308285463594,0.14814530839434745,0.35224874452501553,0.22670456382689536,0.11571963950558711,0.584304007665773,0.5380582696822406,28.772074465463863,22.94427486332082
3374,Quang Ngai,VNM,2018,2018-08-21,0.10429633651563101,0.4042436422430714,0.08737157411016909,0.11856335067028512,0.3776692857933566,0.24150256455596864,0.12645388366771454,0.6205186702143037,0.7461965464514484,29.601919952338164,23.139579763286235
3376,Quang Tri,VNM,2018,2018-08-21,0.31801958340656167,0.5149998327467947,0.3086190960916336,0.3294425020889332,0.48445285946312255,0.3216383713845426,0.17875559810804287,0.31095004297684364,0.473495136766742,27.87524365536645,23.434086188669884
3383,Thua Thien - Hue,VNM,2018,2018-08-21,0.16641247380611376,0.437985624208071,0.1519607504801125,0.1824667080467899,0.4179604795574158,0.2699576085288248,0.1385960013272953,0.4644204825723373,0.5988579670471281,27.27843000860254,25.356489021530617
3327,Ba Ria-Vung Tau,VNM,2018,2018-08-21,0.19416739224353902,0.35711353819313063,0.19033946162880416,0.20602645339983688,0.342588714239701,0.24182863504428764,0.13960831834046725,0.3043636434856214,0.3257866436392157,29.531827057331373,22.61290123413149
3336,Binh Thuan,VNM,2018,2018-08-21,0.2121768660737695,0.3900767160096205,0.20151223611344118,0.22006356368404412,0.38588323620527165,0.2698812589404485,0.153707840839568,0.33821585445309127,0.3743233386539668,29.096234995566938,19.596343333216605
3342,Dong Nai,VNM,2018,2018-08-21,0.18960108411998186,0.3492866484511896,0.19042859836545045,0.20152293377110408,0.33595678706141896,0.2342486569254167,0.13163005500235614,0.3326687787143509,0.31507734025747164,29.137878917992893,21.793970282690722
3344,Gia Lai,VNM,2018,2018-08-21,0.3440318419720592,0.49232550635197825,0.3419587666885659,0.3528852077478947,0.4714447633070651,0.3523169709538201,0.21381416700277078,0.2464924214271484,0.3046261545053532,27.11745256516231,14.722015185549118
3345,Ha Giang,VNM,2018,2018-08-21,0.07956176454984673,0.35197049089632315,0.07071472482216387,0.09709715910646481,0.3383772826215007,0.21086038564737164,0.096788230660885,0.6743556220502294,0.6623221082684454,29.711010622605997,20.23838053557185
3347,Ha Noi City,VNM,2018,2018-08-21,0.08530329775662086,0.2908179020933836,0.05543980766839519,0.09174778986078366,0.2764148622279485,0.206218443821528,0.12313902888625781,0.5416042733518005,0.7106213706506213,34.92424351379663,
3348,Ha Tay,VNM,2018,2018-08-21,0.07236045435852323,0.3059202217782674,0.04410200054915582,0.08379012709211282,0.2790235579616694,0.19167522500363415,0.09962384404399242,0.6061477152518272,0.6516753315687818,32.569783115695984,
3349,Ha Tinh,VNM,2018,2018-08-21,0.048526377276550084,0.302470851853042,0.03576373380155909,0.06221967103256231,0.27196143284493707,0.1618550367069966,0.06907766141169373,0.7454047364946643,0.6090719995503442,28.878717919660815,23.047589825767798
3353,Hoa Binh,VNM,2018,2018-08-21,0.06195770323738011,0.35286207589337365,0.05109159740736776,0.08087498423118548,0.3336348215213253,0.202044614572541,0.08467797896103745,0.7153741390948877,0.702423566117242,29.548066434362298,22.381680000000028
3357,Kon Tum,VNM,2018,2018-08-21,0.5168431209433126,0.6106529940045504,0.5151423539963359,0.5223512779815135,0.5706548260784744,0.4141368493908249,0.2514182538122904,0.11536269690753713,0.14112389973878708,26.590422867899193,13.30875258696345
3366,Nghe An,VNM,2018,2018-08-21,0.04722015289598441,0.34304759810851415,0.035146073137767346,0.0636955972900583,0.3173744689249981,0.1855648268276083,0.07281337806249323,0.7759668752081212,0.7125930544121118,28.594006242687872,23.166064896732358
3367,Ninh Binh,VNM,2018,2018-08-21,0.0731452199802854,0.2596351252849828,0.06375742097917897,0.08707412418771895,0.23118492824107867,0.1523383025801502,0.07298323225139924,0.5598537505054636,0.4251885228114419,23.554559534443527,
3368,Ninh Thuan,VNM,2018,2018-08-21,0.15305002881854246,0.34747193487842953,0.13249208882838068,0.15593248756778094,0.356668071871288,0.2526815617379417,0.14184090126005414,0.40655446292286523,0.6018351339605194,33.21613969204793,20.500309160247884
3377,Soc Trang,VNM,2018,2018-08-21,0.13825591106781213,0.3187265139333558,0.12264102730440925,0.14754179675144788,0.2754531793306223,0.181610145345437,0.09607822238174595,0.4053211709158407,0.34262022684229226,29.654592592592593,22.398668357821077
3386,Tra Vinh,VNM,2018,2018-08-21,0.12637611344411098,0.2793637045804318,0.10802818947716775,0.13208849900391928,0.24793375444216567,0.1662569002769527,0.08497751950149335,0.39039681399825465,0.2968523079033363,29.293624009857485,22.945168177829686
3387,Tuyen Quang,VNM,2018,2018-08-21,0.07574017412232394,0.3692704327001188,0.07057680465993557,0.09504187244099149,0.34714176825958337,0.21406017565925042,0.094946769221671,0.6830230871928619,0.6959898251202052,30.09967623284988,21.151401710271518
3388,Vinh Long,VNM,2018,2018-08-21,0.12827184945490175,0.32578661137968734,0.12614023815994035,0.14343712823595967,0.2834439795705114,0.1780244181719023,0.08603813734676484,0.45302034123269896,0.36052006932863256,30.340295475046865,22.85873027348743
3390,Yen Bai,VNM,2018,2018-08-21,0.09578694512464418,0.3976551016772658,0.08544616004597493,0.11485450164168808,0.38737378275941203,0.24773860248166224,0.1122348930176525,0.6620997934346101,0.7533014546582381,29.490044092543126,18.401413411810008
3328,Bac Kan,VNM,2018,2018-08-21,0.08559701759327525,0.3787823201815307,0.08445750432947995,0.106726497103189,0.35941523490410426,0.21975039542303154,0.09800793599629838,0.6587146172257126,0.6790810817118049,29.38951696684056,20.026865024805417
3329,Bac Giang,VNM,2018,2018-08-21,0.05939275856555856,0.33118652356017436,0.04238456965938495,0.07425734699045829,0.3138169710733359,0.19882323259317813,0.08920207437979945,0.6997616877950941,0.6896766129240297,31.237678332858085,
3330,Bac Lieu,VNM,2018,2018-08-21,0.1311949587798726,0.23871008384531808,0.11494853359432963,0.13954643420753085,0.20223116638023156,0.141463970731787,0.0794318251253505,0.277601043948465,0.20264739849226612,,21.755138071895477
3331,Bac Ninh,VNM,2018,2018-08-21,0.0706349606604542,0.3061757742831577,0.04270046342776086,0.08128638531917882,0.26892067563065297,0.1879818288180974,0.1016933512211916,0.623978291272492,0.667619270542603,31.211522243436356,
3334,Binh Duong,VNM,2018,2018-08-21,0.19843535544004798,0.3766081904138165,0.19694045403118743,0.2100677839229345,0.3723096329427379,0.2697565865494275,0.14948564595032962,0.3356888815887289,0.34866118029274673,30.176948443615526,
3335,Binh Phuoc,VNM,2018,2018-08-21,0.24860319821905363,0.396687298934705,0.25878780504621424,0.2609582079834973,0.38223162087056856,0.27043267872157745,0.15305725750881588,0.26399441705909826,0.24505479143678816,29.222308447414957,19.25074441148269
3339,Ca Mau,VNM,2018,2018-08-21,0.15498096410365392,0.2560458858310079,0.14954498251241816,0.1662733738691285,0.22365901003987515,0.15566131424648774,0.09045346305031422,0.25907737262863784,0.1787733608072313,26.83829565523663,20.537838526804403
3340,Da Nang City,VNM,2018,2018-08-21,0.0932693884859708,0.4193989449812549,0.0712545644079264,0.11390132477445339,0.3939039203141431,0.24635042786333422,0.11650813128609756,0.6258564303185375,0.7533897644087009,27.975808753656597,24.96899164505907
3346,Ha Nam,VNM,2018,2018-08-21,0.07789503502039419,0.30786853255129154,0.062342956445170725,0.09352899379602435,0.2740044109398248,0.18281499971424875,0.09104524689960013,0.6085181371281179,0.5653587535932326,23.99326974881689,
3350,Hai Duong,VNM,2018,2018-08-21,0.061305897412187914,0.2944291288478368,0.037934987796023806,0.07407553235435285,0.26131134365204434,0.175740043869753,0.08843133442725006,0.6484913641795109,0.5947757053001342,30.630801388839764,
3354,Hung Yen,VNM,2018,2018-08-21,0.07144171508642828,0.311977697921611,0.0485134004085832,0.0834196907031106,0.2794878725078929,0.19135003198504782,0.10031421497284303,0.6280047692999875,0.6602041261493323,31.535313671473162,
3364,Nam Dinh,VNM,2018,2018-08-21,0.09708776066251298,0.2745797293209807,0.09416060479492623,0.11258508813698245,0.23630391952293978,0.16825429572530634,0.0861466155965656,0.4866743496047895,0.3875307196286084,24.019753914674713,
3369,Phu Tho,VNM,2018,2018-08-21,0.056501949034630294,0.3582848711661427,0.036632929246558886,0.07266006342043654,0.34234294139489535,0.21457255029362116,0.09160740938137521,0.717394300426412,0.7750340199242085,31.49666348946219,22.429764477143717
3372,Quang Nam,VNM,2018,2018-08-21,0.20555421529007156,0.44594672759302323,0.19825743234708468,0.2195676622091025,0.4205634045284082,0.2775853707028385,0.15300934061985838,0.4250653350913238,0.4808273988742341,30.27269833881119,20.830487804878093
3381,Thai Nguyen,VNM,2018,2018-08-21,0.0604917111474035,0.36711943574111466,0.049035575380462264,0.07926427626315949,0.3460741965724568,0.21342538222622776,0.09286681627494213,0.7288471875314741,0.7686016905071525,31.128703512557404,20.06209106980652
3389,Vinh Phuc,VNM,2018,2018-08-21,0.08121274178855849,0.32395668596781657,0.05692040406608532,0.0917473406634229,0.31016551922419383,0.2135845089338352,0.11098383971403829,0.6106008031264308,0.6486211731445283,31.080746755304546,
73933,Can Tho city,VNM,2018,2018-08-21,0.17475177504807646,0.3823768353160938,0.17624017755302157,0.193863327565971,0.333644054336266,0.2166503319217991,0.11139753452152074,0.3946871758085109,0.35499045682902663,29.45076745710777,22.92133180118207
73934,Dak Lak,VNM,2018,2018-08-21,0.18643070131545714,0.40833991516179774,0.17711345617283897,0.19811879215792505,0.3976604065806552,0.27362923856307003,0.15555724496090467,0.42160882248262127,0.49305188490845536,29.355314568929916,20.184510119673433
73935,Dak Nong,VNM,2018,2018-08-21,0.24097660589970665,0.4270744804846108,0.24103761264597529,0.2521306351923817,0.40627433232897125,0.2820357116474053,0.16297639147548407,0.344745404858262,0.36284455705332547,28.546726412634243,15.302365926244173
73936,Dien Bien,VNM,2018,2018-08-21,0.14694909516538213,0.42719842382371265,0.1394240386685393,0.16601201386085132,0.4085252752852377,0.26553771369939233,0.13593652700840234,0.5535369755757424,0.6330569406663505,28.170788876135926,19.432385850065035
73937,Hau Giang,VNM,2018,2018-08-21,0.1014917938673707,0.2731541358919946,0.08921838852623311,0.1111396315367758,0.23540773548763239,0.15738671826491996,0.0844958135914971,0.475969515201313,0.3609941433201278,29.202610203070858,22.704232921439154
73938,Lai Chau,VNM,2018,2018-08-21,0.1165985728131076,0.3965932227293258,0.10586903242631594,0.1341436970061299,0.38111074832266273,0.24384743829581793,0.12066767184317162,0.6031083867987933,0.6537728096354476,27.636049875171338,18.852868498193068
73939,Lao Cai,VNM,2018,2018-08-21,0.07681673295092217,0.37617000698599395,0.0665666085492658,0.09632740047442372,0.3586837500035428,0.22041593734146908,0.09595801590765417,0.7016207413794812,0.7189052070896822,28.704534167379844,20.072125470736882
3326,An Giang,VNM,2018,2018-08-21,0.1956596776866043,0.2844199573646017,0.1850952053920088,0.2002090957960022,0.256044200542831,0.17948025377514443,0.09992836900045862,0.17897545439666507,0.1361903012173484,28.710095581229197,
3332,Ben Tre,VNM,2018,2018-08-21,0.16639739940477968,0.30987551968440813,0.16210934652948095,0.17583581831948078,0.27374629372767345,0.17754798628984778,0.09511051227879191,0.3086118505537347,0.23802358305765328,30.435408183776033,22.593606872679104
3343,Dong Thap,VNM,2018,2018-08-21,0.1988597886201067,0.34245839970365954,0.19471046421727153,0.21108357509308787,0.3044743918123445,0.2073651789434082,0.11284245954437547,0.2663621549331052,0.23795629158633774,29.855398309459066,22.6885927615324
3351,Hai Phong City,VNM,2018,2018-08-21,0.076445061189339,0.25240421584685224,0.05903592799470928,0.08836187702304477,0.22197688279790212,0.15540227191326839,0.08295181549164099,0.5279949703725304,0.43449919625561767,31.223558154124213,26.470000000000027
3352,Ho Chi Minh City,VNM,2018,2018-08-21,0.20262529087032086,0.32528970693565684,0.2024371291900141,0.21384259911747833,0.30625798202107174,0.22585010632932892,0.13883045681391507,0.24663545512831395,0.22125647927647965,30.603723904990556,23.40005075726567
3356,Kien Giang,VNM,2018,2018-08-21,0.17605105450150796,0.32867582382260685,0.1743886090296446,0.19062828085672728,0.28896116269451955,0.18948527816774416,0.10036074638269833,0.3103697500001177,0.25665422638395013,28.38576829305065,22.03000000000003
3359,Lam Dong,VNM,2018,2018-08-21,0.281580844351425,0.43238545298508724,0.2834788674198395,0.291628417252309,0.4153128879693192,0.2795853929614369,0.15895664240943258,0.2645252850533484,0.24754345752775403,26.86307731814751,15.700890902589588
3362,Long An,VNM,2018,2018-08-21,0.19301119320269722,0.32526717589972576,0.180195466632273,0.2002319741593317,0.31016890812201986,0.22257234240789595,0.12706658277839122,0.24898523420121116,0.2314169935314575,30.67497178162763,22.88426562942528
3375,Quang Ninh,VNM,2018,2018-08-21,0.07918893009113462,0.32736964856718653,0.07129101743062759,0.09694815106104117,0.3099129208369771,0.1939345114256382,0.08728432558695462,0.6166748239241624,0.5726364401589334,30.530807885694678,21.549082526259564
3378,Son La,VNM,2018,2018-08-21,0.13063680094973107,0.40922851768123863,0.12076782387903968,0.14811903614567962,0.3968470373681148,0.26169659877269696,0.13109661798781844,0.5735709482924551,0.6752830530412831,28.997530954885374,18.840251913540545
3379,Tay Ninh,VNM,2018,2018-08-21,0.18451225493279536,0.3614003821618241,0.17820870942052666,0.194730159499153,0.3567898968044391,0.25463678924724814,0.1413870721063418,0.35280866368454367,0.3517650227594758,29.62093724844482,
3380,Thai Binh,VNM,2018,2018-08-21,0.09979264482171842,0.32672562197043015,0.09114597846367348,0.11741915638448437,0.2842203103171857,0.19575872434533126,0.10161296762050376,0.5439265243412293,0.5250595142019197,27.781624600082385,
3382,Thanh Hoa,VNM,2018,2018-08-21,0.044468898456644444,0.33934269847211507,0.03159662001355912,0.061982797334276106,0.3118026185608299,0.18524436231345331,0.07258297603627206,0.7717506731774727,0.7117143397246809,28.27831724541213,19.356087468424917
3384,Tien Giang,VNM,2018,2018-08-21,0.1938433708437103,0.3865673855932188,0.18930876920986195,0.20626802822043358,0.3537868519750028,0.23891912361778736,0.13217861787905333,0.33881330954383604,0.3280753360982992,30.771273271469184,22.885381777650608
3333,Binh Dinh,VNM,2018,2018-08-29,0.05878749110609687,0.3262770907553121,0.032756847506378146,0.06512889843774454,0.3158391697557856,0.20146781407309805,0.09672666232764493,0.7141616817561313,0.8187716770890229,34.26451098928527,21.693318488270275
3338,Cao Bang,VNM,2018,2018-08-29,0.19305433422940946,0.45184322843004815,0.18828310287626238,0.21055727293956913,0.44592231138412247,0.3113031424951572,0.17471243887053842,0.4748829013758241,0.6112078046954288,28.78295188413977,20.4907374300685
3355,Khanh Hoa,VNM,2018,2018-08-29,0.07136181082025604,0.3433119487603917,0.04451854841972104,0.07956169167396962,0.3401583901861171,0.22222429179516873,0.10853200173137383,0.6661025536889149,0.8231180862920472,32.49732946180145,21.094939497213442
3360,Lang Son,VNM,2018,2018-08-29,0.16306077978488076,0.4085732288700902,0.16132041084897322,0.18004141381488786,0.39762753901763265,0.2725526401837233,0.1509689428692742,0.4857011875491333,0.5568356022026248,29.380863248706156,20.837887112877887
3370,Phu Yen,VNM,2018,2018-08-29,0.07958520430450255,0.3727381755688256,0.048216754135187945,0.0881965118077333,0.3674815705040377,0.24259594645988475,0.11771243711118293,0.6538517691132977,0.7993963188388743,34.23123529539236,21.904194949179445
3371,Quang Binh,VNM,2018,2018-08-29,0.08180176597216886,0.39322267943000405,0.06449320977306348,0.09816423100525197,0.3781255260600585,0.24247752136018674,0.11646706542981289,0.6693659345241126,0.7686875212091628,30.611911415141623,22.826292552501485
3374,Quang Ngai,VNM,2018,2018-08-29,0.05168553808910877,0.35382367184351865,0.030252021138268945,0.0636075670019702,0.32884625274628665,0.19769705590289824,0.08690314193854828,0.7499476190751015,0.764079386416268,32.541560769194355,21.50629255980443
3376,Quang Tri,VNM,2018,2018-08-29,0.09421462091420002,0.361590014739918,0.07830742165541697,0.10602198506827752,0.3453988791003596,0.2269768512726462,0.11630111299369683,0.6269462175357102,0.6672489022347715,31.163188537476252,22.46861308737343
3383,Thua Thien - Hue,VNM,2018,2018-08-29,0.0626308066596929,0.3257936274404053,0.04561339604456143,0.0744469198620692,0.30937586601533645,0.19199226964225558,0.09053426908104592,0.6871484794601708,0.6666676155172497,31.602293502059997,22.175836423725023
3327,Ba Ria-Vung Tau,VNM,2018,2018-08-29,0.09374723682046779,0.3094503301998325,0.0729102114796863,0.10254055911632773,0.3012229368470314,0.21091941601286793,0.11415422257880571,0.5205038838113537,0.5650014049768033,32.33610885925367,23.65437561195511
3336,Binh Thuan,VNM,2018,2018-08-29,0.09104022725305845,0.34761736955173517,0.06100843318853754,0.09731235404161603,0.35279078814632525,0.24485967438125722,0.12782912899027105,0.6154457418420318,0.7256648542830967,32.428098954611826,22.20007175562189
3342,Dong Nai,VNM,2018,2018-08-29,0.10598337340315873,0.32427275453359056,0.09119019447233073,0.11735721571348172,0.32088205947691173,0.22048703297849787,0.11693208725584608,0.5291149249076595,0.557760485221149,31.61888611587561,22.72957971932672
3344,Gia Lai,VNM,2018,2018-08-29,0.123471192060139,0.3722922119976166,0.11146658054324494,0.13559726300352784,0.3664023955177628,0.2526451891584298,0.13438685626228944,0.5588824168418781,0.6128900824925342,30.32310704146467,18.01577974000574
3345,Ha Giang,VNM,2018,2018-08-29,0.1571977531546454,0.447413526388009,0.14869296172415158,0.17701630759499593,0.4377397456880326,0.2955139984275191,0.1558045552289753,0.5430157317056596,0.7124677136526384,29.75660055764575,18.2026172664505
3347,Ha Noi City,VNM,2018,2018-08-29,0.12635928207558322,0.29750891369457033,0.10711375821085785,0.13284373194198695,0.2809897592526058,0.21772762676467902,0.1357718563759531,0.42765385988825955,0.46030243327992215,33.66481890698667,25.729829692924156
3348,Ha Tay,VNM,2018,2018-08-29,0.08236172552664847,0.29300897252285973,0.057584081108751406,0.0938039795272732,0.2676979679999398,0.1862887698456646,0.0974226693236122,0.5581334521052564,0.5401372684931105,32.11472476125165,25.417678348336757
3349,Ha Tinh,VNM,2018,2018-08-29,0.06948268997546085,0.4072490169168964,0.04049899751211225,0.08616736370030205,0.3925528940998764,0.25206048187939023,0.11533604088978446,0.6973248550835707,0.9135841992698123,32.70898496585187,23.761608476769524
3353,Hoa Binh,VNM,2018,2018-08-29,0.0603712087124616,0.39166228573915157,0.043407874234442805,0.08196099828258151,0.37421799246233256,0.23185790786935315,0.0976624122626982,0.7317109629802747,0.8366400844922606,29.88708912295832,18.454718268741036
3357,Kon Tum,VNM,2018,2018-08-29,0.12865924694925795,0.3667992451812499,0.12562662864147003,0.14157672530627546,0.3602200831159291,0.2408524289532721,0.12815577127251906,0.5415187367686299,0.5539599240270286,26.687978159619693,16.322510026965617
3366,Nghe An,VNM,2018,2018-08-29,0.06692867126764103,0.4284925551713951,0.04540567664525928,0.08757669329076309,0.40839945318143106,0.2498063860712592,0.10563810330821058,0.7364868713482111,0.9149579712211007,30.71643696858893,21.42359326047149
3367,Ninh Binh,VNM,2018,2018-08-29,0.06168752317323642,0.3140391820040631,0.03534095885965186,0.07695091795918305,0.2877769273514428,0.192147207217619,0.09021053503442522,0.6359400816451075,0.6541049931036681,32.714786723826705,24.884449730074024
3368,Ninh Thuan,VNM,2018,2018-08-29,0.09334560421633271,0.348698756907468,0.051532010372951076,0.09300649536905371,0.3666950971968262,0.2744905317646436,0.1574174301329547,0.5894821220578895,0.7475132928040836,35.61722062769645,22.907473160112318
3377,Soc Trang,VNM,2018,2018-08-29,0.12190693432780585,0.31550210004223034,0.09014938391809299,0.12632530138668158,0.2836604961782583,0.19449632278002182,0.10565323959616814,0.4411524157303714,0.4138824207691941,30.85114258937552,25.03413037009075
3386,Tra Vinh,VNM,2018,2018-08-29,0.11754107468057687,0.2869748749608218,0.0811373487974126,0.11805702346678708,0.26338447128214537,0.18637512694197175,0.10255977099543523,0.4157322664606145,0.37690743248156994,31.84498861874212,24.890794886363278
3387,Tuyen Quang,VNM,2018,2018-08-29,0.17690863881791744,0.4403216945271733,0.1780297450165781,0.1955309712001922,0.4198026382151577,0.28350444093083527,0.15231909998835633,0.4823853225955058,0.5633148514616223,29.872886974752664,21.15208031791386
3388,Vinh Long,VNM,2018,2018-08-29,0.11215805879691229,0.3789188057108655,0.08595706663118675,0.12489779983845749,0.34117412028369676,0.2279427617842047,0.11737062714990593,0.5539760075658134,0.6114012633111048,31.800342309165142,24.350370700030947
3390,Yen Bai,VNM,2018,2018-08-29,0.22178359734793515,0.4504615643184125,0.22076853526694037,0.23811137050772344,0.4321018910192163,0.2949981835921788,0.15863119933435854,0.4049515167333782,0.47982843338944803,29.22431706925155,15.963313381463706
3328,Bac Kan,VNM,2018,2018-08-29,0.18057448207315913,0.4531200510383764,0.1803986024790233,0.19964300601717438,0.4384166503427278,0.2961708585116527,0.1590674469911445,0.4931571571341977,0.6033028923642766,28.839206396906256,18.787882117285953
3329,Bac Giang,VNM,2018,2018-08-29,0.14435383174756156,0.37119272549250715,0.13636895019319872,0.15741863417867547,0.355878273105914,0.24952283195878955,0.13875544833590278,0.48000604216645126,0.5258736125033427,29.50747329942644,23.631883185226013
3330,Bac Lieu,VNM,2018,2018-08-29,0.12070689028376376,0.24012070934263688,0.0904940190511827,0.12355886007193928,0.2124014311311805,0.15512370767430989,0.08998042587276175,0.325232842544565,0.2478755874617498,31.238041531765713,25.94281577193804
3331,Bac Ninh,VNM,2018,2018-08-29,0.12732076343567253,0.3395011173968713,0.11485960389684939,0.1393401458365604,0.30638506646104563,0.2240927553059071,0.12911376677961742,0.47920452465843,0.5162988084909266,30.19856731470782,26.157346833667642
3334,Binh Duong,VNM,2018,2018-08-29,0.10162023350803864,0.3406828925152761,0.0817988445222746,0.11154679189870645,0.3522728063786305,0.25385375304089436,0.13554148683982686,0.5721514238892574,0.7030142129992112,32.77665650866055,22.52822427117938
3335,Binh Phuoc,VNM,2018,2018-08-29,0.11033905383701785,0.34888953544202306,0.09815966749686936,0.12127060065399782,0.35647623539997725,0.24500476329139134,0.12530061024935213,0.5574241175466391,0.7311759469654536,31.29433091725182,22.3721954697898
3339,Ca Mau,VNM,2018,2018-08-29,0.10447808978790414,0.24252452030003174,0.07966356234381114,0.11044779298801567,0.20803841263986644,0.14013931564176957,0.07557843980726518,0.41332840111305275,0.27285105237021323,31.472492570779952,26.211993514335486
3340,Da Nang City,VNM,2018,2018-08-29,0.0637616873330964,0.34175456256890263,0.04424597965265677,0.07731590368162791,0.31673014377361586,0.1969538702249506,0.09743027278254067,0.6882187268970511,0.8322889418270759,31.696193640389648,21.83009636312858
3346,Ha Nam,VNM,2018,2018-08-29,0.0836145566940918,0.32776685667355954,0.06052926674131459,0.09770154993554699,0.29824929281875634,0.20501670152125476,0.1051097676004077,0.5919471254410993,0.604878657944893,31.667254198686063,25.0249006246451
3350,Hai Duong,VNM,2018,2018-08-29,0.13145147911317195,0.33816462843939504,0.12166654994328861,0.1446694153745478,0.31334446378283276,0.2267339563261242,0.12938153831928173,0.4560066076993149,0.4798109938406085,30.330007610988275,26.09036243403333
3354,Hung Yen,VNM,2018,2018-08-29,0.09632299179590852,0.3193113802899387,0.07865943382042975,0.10723601506589112,0.29115916054725316,0.20479879262585,0.11035908498196327,0.5505154086506701,0.5576065844726713,31.166526622878326,25.822068514704462
3364,Nam Dinh,VNM,2018,2018-08-29,0.08358884124000243,0.32747295177071467,0.05978978015083515,0.09542312132171808,0.2922284205109841,0.20671802734792813,0.10798988121724382,0.5870764584116999,0.6303435388911732,31.581755359523896,24.897337083081954
3369,Phu Tho,VNM,2018,2018-08-29,0.1126405934543085,0.37107139796440136,0.10138991065402053,0.12828120888421385,0.3524830024427889,0.23274863557025416,0.1150548603435052,0.5524749294235485,0.5964895345311887,30.50878206191272,21.482036561524026
3372,Quang Nam,VNM,2018,2018-08-29,0.057634313332245404,0.3336968133588562,0.04481583461359608,0.07092987659796382,0.31238571889320876,0.18597452299684575,0.08362635277211605,0.72839736244027,0.7043979193573777,31.163793194765518,20.543521897436104
3381,Thai Nguyen,VNM,2018,2018-08-29,0.16929244680141603,0.4237582150219961,0.16759481254752018,0.18603584474950502,0.40289545146864303,0.2779283535763498,0.15362327709505694,0.4846540031436302,0.5685283916442978,29.283157746525834,20.188559981429638
3389,Vinh Phuc,VNM,2018,2018-08-29,0.14242288342180323,0.3319936784399067,0.1304595721165026,0.15310596469411117,0.31636323266041655,0.23010175192347476,0.13334830791988547,0.4394389741805019,0.44972939911247894,31.902381331520598,24.9768513871956
73933,Can Tho city,VNM,2018,2018-08-29,0.10427371460373269,0.36346471875843656,0.08005662982626295,0.11927930981755695,0.3187847521228113,0.20824641147007125,0.10719754152851398,0.5573167901179266,0.5696706747159307,30.988372077462046,24.25731907794055
73934,Dak Lak,VNM,2018,2018-08-29,0.11699529854203745,0.3883029360759648,0.10231759890526869,0.13062241360933188,0.3777329942934551,0.2506499352587414,0.12720110783438246,0.5756261888017651,0.6716338888845685,30.058001388335157,18.56846621185681
73935,Dak Nong,VNM,2018,2018-08-29,0.1037160039734784,0.3648183975836786,0.09315821238913563,0.11681162164637082,0.35656495584414005,0.23147962240238498,0.11523177707921718,0.5973940316483274,0.6271730478425082,29.505038279325294,17.598727022126404
73936,Dien Bien,VNM,2018,2018-08-29,0.22673146345156017,0.44183929136888,0.2307844162246136,0.2429086569102387,0.41668394327580494,0.2790593310800868,0.15251836834590307,0.3718562116265174,0.4112998436430997,26.98213404267784,13.931177978006223
73937,Hau Giang,VNM,2018,2018-08-29,0.10829465202769636,0.3139446372949112,0.08685397977616502,0.11797201327960981,0.28125775567700484,0.19054600195862778,0.10008983277419002,0.4951739105478283,0.44947246404366026,31.694800708082376,25.26818043822094
73938,Lai Chau,VNM,2018,2018-08-29,0.22034210508025157,0.4158045519899198,0.22601484694181034,0.23517638264891683,0.3909542920709549,0.26380090779705206,0.14509209386298533,0.3623857773764803,0.36284886517218495,26.56475554954549,11.352252188287526
73939,Lao Cai,VNM,2018,2018-08-29,0.20252579406488339,0.46435955200383067,0.19871300564830938,0.221152961493442,0.44100588207703467,0.2972967596195525,0.15354969481279623,0.4720851641951604,0.5758767876080112,29.76505458899181,16.07062564926226
3326,An Giang,VNM,2018,2018-08-29,0.09053320114802704,0.20262779449825072,0.05448100766328879,0.08832859407493987,0.1782818290739912,0.1324391477118065,0.07090095574461934,0.32647476658332414,0.2606023340985291,30.778623662572926,24.94568828023577
3332,Ben Tre,VNM,2018,2018-08-29,0.10871996018143013,0.3071022380203076,0.07631997462731516,0.1121572869620429,0.2734158037140202,0.17996672470216907,0.09686026673218438,0.4707159126671253,0.4422365372605953,31.907929312354227,24.75567314570213
3343,Dong Thap,VNM,2018,2018-08-29,0.087288588393605,0.25068076616991924,0.053626384934506915,0.09203385113622688,0.21937468735422153,0.14595407857990247,0.07328520530866126,0.38956591055844825,0.3761665107917806,30.473136319985446,25.360646624097715
3351,Hai Phong City,VNM,2018,2018-08-29,0.17402531687935074,0.33595629741117333,0.16349382579919114,0.1845916343046638,0.31557073013351966,0.23747703344051438,0.1438020595979035,0.3375217557123167,0.3707807119877747,30.048473889920615,25.65224233947752
3352,Ho Chi Minh City,VNM,2018,2018-08-29,0.11715373665103318,0.28261879285987157,0.09242474185936418,0.12293354159271046,0.2700019956196655,0.2038308816977238,0.13209136297463883,0.43345335308022165,0.5484191244576969,32.543672174279116,24.27129007273641
3356,Kien Giang,VNM,2018,2018-08-29,0.08905183249751593,0.2960616779299478,0.061612134741825406,0.09854599612693257,0.259364357974594,0.16931841616916568,0.08474289081807031,0.5167158019372218,0.4499018878526722,29.781553977661446,25.069402587709245
3359,Lam Dong,VNM,2018,2018-08-29,0.12181772125451111,0.35741940272717476,0.11327446129393451,0.1339712503075669,0.3520299651003314,0.2320945631084848,0.12058462407277142,0.5371618490344579,0.585682538182957,27.31763606806099,17.138873423727162
3362,Long An,VNM,2018,2018-08-29,0.09687522145264041,0.220959765947007,0.06056715771894073,0.09421087820457696,0.21313633707686264,0.16133210059064082,0.09354973411888223,0.33565537149791774,0.24561177983444707,31.320624050492153,25.34503015877302
3375,Quang Ninh,VNM,2018,2018-08-29,0.1412585031832091,0.36228707885699696,0.13150356445157513,0.15549795759767523,0.3461329326403869,0.23475056021732302,0.127621797623858,0.49446250694544885,0.5096253373010075,29.303035202313577,22.830911878418434
3378,Son La,VNM,2018,2018-08-29,0.1651100023326183,0.4320608920426145,0.15754734582219887,0.1826912578544063,0.41513926986327354,0.27424424172058737,0.13921455376661282,0.5039556235246319,0.6155483631769124,28.81541275946855,18.40402304799011
3379,Tay Ninh,VNM,2018,2018-08-29,0.08618719394712572,0.3327689497552135,0.059873030982404776,0.09605922364181252,0.33480948433077184,0.2315539260481262,0.11374826689612175,0.5923050777861553,0.6743999314412943,31.804723797841973,23.375933108458216
3380,Thai Binh,VNM,2018,2018-08-29,0.11638702804316647,0.3554607645302229,0.10306083566948208,0.13121187334164638,0.3196509041249048,0.22575555343296644,0.12233392278793369,0.5169404979605061,0.576817899787384,30.63513971483895,25.7365138177669
3382,Thanh Hoa,VNM,2018,2018-08-29,0.05707734556466508,0.4065174757884818,0.03479563774319366,0.07806351833648363,0.38635071060145787,0.23883361790373756,0.09843395117144128,0.7420526548263442,0.889222202710185,31.961045762690105,21.471350219328837
3384,Tien Giang,VNM,2018,2018-08-29,0.09489487329592998,0.3103577327960605,0.06354632556991327,0.09932756204530967,0.28469771857889337,0.19535593200848825,0.10652875983632247,0.5338057238235513,0.5314527363080361,32.224308287378605,24.346473221493646
3333,Binh Dinh,VNM,2018,2018-09-06,0.08543638383365602,0.3516578935837735,0.06020834324923292,0.09307535576002987,0.3463460972624646,0.22978737470374994,0.11693319062166983,0.6203703752754042,0.7508616983724743,30.7151840130079,18.60677149945301
3338,Cao Bang,VNM,2018,2018-09-06,0.07257835884895829,0.35911217916008364,0.06694532106471729,0.09283447603607084,0.3471874334819928,0.20921947123805032,0.09083350616495277,0.695636354668995,0.6682078863738125,25.786428338322988,17.885014108568733
3355,Khanh Hoa,VNM,2018,2018-09-06,0.11219681610469136,0.364512128750359,0.08617228912723521,0.12014175651426794,0.3665370980794893,0.2544497898321307,0.13574417977865325,0.5514881229866725,0.6691071555204943,31.385391219201182,20.02158204316146
3360,Lang Son,VNM,2018,2018-09-06,0.12696732999832633,0.36481353357787255,0.13032861918129124,0.14499917398609494,0.34557977962738384,0.22516843904017086,0.11423960805291314,0.5342302954363569,0.5185868542585654,26.659013288781928,19.300625495673682
3370,Phu Yen,VNM,2018,2018-09-06,0.0905054481954087,0.34482395895318063,0.06189607147949821,0.09720164525962448,0.3451853662630143,0.23547298340650313,0.12044562330599305,0.5992876360068373,0.7157095382617473,33.193644149460496,21.783985034287447
3371,Quang Binh,VNM,2018,2018-09-06,0.10109703130340794,0.3760376760469755,0.08939617659278658,0.11586343342844367,0.35630994023391094,0.22442114093224014,0.10578179367757914,0.6165985024483386,0.6086647232445827,26.957009028050162,17.573860283565853
3374,Quang Ngai,VNM,2018,2018-09-06,0.07932937513540651,0.39848607038198236,0.053995879283378255,0.09190140656916493,0.38163832478690585,0.24300536421297994,0.11599631029523298,0.6714548681618079,0.8425831436342903,30.49090295400636,20.41220931185709
3376,Quang Tri,VNM,2018,2018-09-06,0.11521727752757778,0.422065051530278,0.09611009307013796,0.1299706040355165,0.40793043441647475,0.2688652258770295,0.1332430526315578,0.5878859690804146,0.7413805673958812,30.941802610709885,17.911753873199913
3383,Thua Thien - Hue,VNM,2018,2018-09-06,0.12326932218576654,0.4135273396052798,0.10561567361561072,0.1375762233795233,0.3994234445817641,0.26159697962080153,0.13178156283007644,0.5676791609836411,0.7067774610252773,30.896205173061816,19.188200154402413
3327,Ba Ria-Vung Tau,VNM,2018,2018-09-06,0.1365514210220577,0.33411479856691084,0.12748918927597375,0.14874459293517273,0.3228130603350558,0.22821531267058573,0.12486811081259884,0.42017513735428896,0.44567359615489693,31.696604683403894,20.152978616034815
3336,Binh Thuan,VNM,2018,2018-09-06,0.08818042752153392,0.36697383038009257,0.05579870851917371,0.09732207215139015,0.37228633112782417,0.25492966394321437,0.12634618506722184,0.6240015927967988,0.737739830750392,31.218046016519835,20.518475464877067
3342,Dong Nai,VNM,2018,2018-09-06,0.1339171446685678,0.3605259846523859,0.12385233372809963,0.14924175363631062,0.35448785470749206,0.24261405145027312,0.12762639871812068,0.4679892370416178,0.5221560910139333,29.764704512587937,
3344,Gia Lai,VNM,2018,2018-09-06,0.11509769226888757,0.3712227342506208,0.09856087082598142,0.1272094169168425,0.3702860397300869,0.2546881535720397,0.13292355774017245,0.5632823662495907,0.6987986101308056,30.30173628914288,12.948850385517737
3345,Ha Giang,VNM,2018,2018-09-06,0.17536926573159123,0.3614408927285878,0.18352215906954455,0.1907487178013267,0.33699202081463336,0.23300742649971615,0.12941849567397415,0.43715048688929087,0.376701915563553,25.907960041319825,15.785951428010073
3347,Ha Noi City,VNM,2018,2018-09-06,0.1462611959924057,0.30584814663963045,0.13885641991421216,0.1571942834120351,0.29262300234686767,0.21776939975189974,0.1272524818355118,0.36489993757793027,0.3580715855239962,30.61423162979906,
3348,Ha Tay,VNM,2018,2018-09-06,0.11467167463299358,0.29880281975462497,0.10097431576789406,0.12721753140870903,0.2745580674654805,0.19656868737349115,0.10741379529660727,0.46370393793884046,0.42363521352458533,28.691304066336155,
3349,Ha Tinh,VNM,2018,2018-09-06,0.056447324795021944,0.3059941667243015,0.04089471657282813,0.06747947531131028,0.27896658107155403,0.17014494398084198,0.07262017226554861,0.7138905292252128,0.5823281345045289,28.64164204187605,17.964823838035784
3353,Hoa Binh,VNM,2018,2018-09-06,0.08034682169694814,0.3420469744261002,0.0753680618686353,0.09776034159819166,0.31985133634087864,0.20032618785528783,0.09071361213110629,0.65658012028252,0.5986742693566628,27.09071440631115,20.31339766491764
3357,Kon Tum,VNM,2018,2018-09-06,0.11572005496633733,0.3842255394914787,0.10622295455924816,0.13013646420494535,0.3806869633356734,0.24363317450851188,0.11653238728200094,0.5760797253764054,0.6232512578580811,27.200226497522216,15.666155437795185
3366,Nghe An,VNM,2018,2018-09-06,0.058057213353040836,0.31733010567655395,0.048636583735521544,0.07107875228394976,0.28758239146824316,0.16694074231743225,0.06762757107677207,0.7378123754927556,0.5794227304039973,28.09206678725388,19.416234413822316
3367,Ninh Binh,VNM,2018,2018-09-06,0.08606109046415047,0.31421061786114834,0.06623421548976743,0.10041666161598214,0.2850084386529921,0.19693180076962863,0.10000891928557556,0.576715028147837,0.5576425789690732,27.655378387051737,20.024243326436974
3368,Ninh Thuan,VNM,2018,2018-09-06,0.10805546352147347,0.33825561116440434,0.0669424272773766,0.10614621525568824,0.36288681864267985,0.2791819968188939,0.16553329304635633,0.5294960038112948,0.8873964299539809,36.23681608904975,22.0035897978424
3377,Soc Trang,VNM,2018,2018-09-06,0.15551621954374165,0.30586691331643767,0.13551448243301023,0.16118137028461219,0.27266630337028963,0.19045010301159082,0.10589244549217752,0.3318247520416713,0.27841948486758095,27.994772846480455,
3386,Tra Vinh,VNM,2018,2018-09-06,0.1528619249769209,0.2986799895838102,0.12514449859684992,0.15592077773364074,0.272628223342613,0.1988356208472601,0.11402480784106726,0.3361303575683249,0.29709604162616415,28.5499273454156,
3387,Tuyen Quang,VNM,2018,2018-09-06,0.08686120764810126,0.3638996449516073,0.08568648176532792,0.10625569227044782,0.3346967992360329,0.2039916723403063,0.08950876918499394,0.6634821790744919,0.6177630862567371,27.377824403389837,17.240349193834597
3388,Vinh Long,VNM,2018,2018-09-06,0.13502595157598635,0.3579956028148931,0.12420754219167629,0.14886632272341233,0.3158063704081199,0.20929837728907683,0.10802280556526592,0.4750214243760407,0.4418069427806593,29.79275174002507,
3390,Yen Bai,VNM,2018,2018-09-06,0.12598527630817946,0.35086324538372354,0.1263696516880773,0.1422772790879161,0.3297044908532295,0.212775712682856,0.10433313271331383,0.5440267136365271,0.48814657982423115,27.413649044910493,15.384886545699414
3328,Bac Kan,VNM,2018,2018-09-06,0.05587176566462091,0.34861357001094334,0.053450658153337834,0.07598144960656396,0.32612125291347643,0.18857551895733538,0.07533679676241924,0.7460804992054593,0.6748634592162909,25.938409123459138,14.57922036247955
3329,Bac Giang,VNM,2018,2018-09-06,0.10839776361287472,0.37180235159431174,0.09753717964128453,0.12457852340612781,0.35024460786727535,0.2334778645358659,0.11617603884274703,0.5691155187255869,0.6126563875022455,26.424713126851834,19.057528166329558
3330,Bac Lieu,VNM,2018,2018-09-06,0.14883742246267712,0.22453126048251443,0.12820762882953787,0.15174869798676574,0.20126657963900302,0.15407976641927656,0.09471758507290065,0.21233223085019584,0.1435450833546746,22.361440000000044,
3331,Bac Ninh,VNM,2018,2018-09-06,0.1422475288124151,0.3459421389436428,0.13792598170580211,0.1577212157206644,0.31088952000294073,0.2250181334079152,0.12536333661302174,0.4283439993528145,0.4281823668321135,26.90213950918073,
3334,Binh Duong,VNM,2018,2018-09-06,0.18659603425172425,0.39821971978893556,0.1802891733699084,0.19943085997216434,0.40640059599221173,0.30152073190071504,0.16798857169619943,0.386206231736221,0.5022278837696906,30.79658775408596,
3335,Binh Phuoc,VNM,2018,2018-09-06,0.13191952460866896,0.38540320951159956,0.12000836505952159,0.145595786505904,0.39383366312940027,0.26877414834552116,0.13198933420236228,0.5342586327704556,0.603341570775569,30.427724829718514,
3339,Ca Mau,VNM,2018,2018-09-06,0.13231363409179664,0.2228297709150079,0.12150480654682953,0.13928067183982376,0.19302634647859226,0.13660126083834204,0.08121463528495705,0.2637219966566238,0.16608873054839804,25.201714314839375,
3340,Da Nang City,VNM,2018,2018-09-06,0.11712609980864461,0.40702744229579774,0.094125907291922,0.13056422847640767,0.38959884344779955,0.2587109611607914,0.13704367760683137,0.5730643549426319,0.741377883481502,31.968159275420508,18.100758174102868
3346,Ha Nam,VNM,2018,2018-09-06,0.12058276793406154,0.33395078168821773,0.1080481226147716,0.1353359452754748,0.2998521617605655,0.21474288987572984,0.11871178723602398,0.48585036124856995,0.4799806932007445,30.189772161768012,
3350,Hai Duong,VNM,2018,2018-09-06,0.1282232572606954,0.339446831151793,0.11949235326913883,0.14291133621092983,0.30817984732582326,0.22291234486505618,0.12521079902805946,0.47102041710349907,0.47190215080149145,22.141213616307365,
3354,Hung Yen,VNM,2018,2018-09-06,0.11769137966104687,0.3295188446469998,0.10845329151202314,0.1319873435508608,0.2954901515531161,0.20677509273698544,0.11153241888522998,0.48946224341014816,0.47020416205388194,26.71864187061353,
3364,Nam Dinh,VNM,2018,2018-09-06,0.11770802023505508,0.365928833890824,0.10017729416685481,0.13265110326305887,0.3254338664245305,0.2383934447565025,0.1297521007192036,0.5299734327242667,0.6023449531174379,27.649360542049426,20.59685774194048
3369,Phu Tho,VNM,2018,2018-09-06,0.09138857938066358,0.3474562599954874,0.08325164555782828,0.10748860511321176,0.32572453840312376,0.20838746534147315,0.09817862477030488,0.6015805701837067,0.5889287086443905,28.072435868142595,16.785521006848068
3372,Quang Nam,VNM,2018,2018-09-06,0.08692351124562263,0.41928443020582373,0.0676606919898674,0.10402234327267315,0.4047639506984739,0.25358140180880934,0.1172198346555042,0.6643446842022152,0.8823924336369515,32.008513339450694,18.12142921997726
3381,Thai Nguyen,VNM,2018,2018-09-06,0.08067274411151042,0.383632485978623,0.07692276263674853,0.10178264801973046,0.354768371460476,0.2160945612531332,0.09591263094149664,0.6720500134758421,0.685001598084147,28.08299011698772,18.379901087562434
3389,Vinh Phuc,VNM,2018,2018-09-06,0.13596345608039,0.3296819471129627,0.12926155266342074,0.14858640121932506,0.3167349838000782,0.2280656412093939,0.12942839330609515,0.44110367542126283,0.47141493719096855,31.172560715354248,15.830000000000018
73933,Can Tho city,VNM,2018,2018-09-06,0.13233949407926995,0.3452729510940541,0.11906431299970817,0.14673927243072302,0.30020256039199744,0.19776385881993133,0.1053562634655968,0.4693432095220335,0.4162293889155981,27.617011365825487,
73934,Dak Lak,VNM,2018,2018-09-06,0.12728846448451425,0.3935971001493561,0.11249623873580217,0.1416502227470183,0.38803163213531466,0.26221880029073585,0.13665187352501587,0.5464176478132621,0.638020911884932,30.560929184147376,19.271292164853076
73935,Dak Nong,VNM,2018,2018-09-06,0.10045673506704167,0.3920394583645577,0.08580371250597944,0.11663104201967524,0.385671205031901,0.24559482540945043,0.11448640673498615,0.618616783145079,0.6859536084697839,29.28219432041747,16.760978060984524
73936,Dien Bien,VNM,2018,2018-09-06,0.09205551602366556,0.3662299517795315,0.08564603577686976,0.11010449538200545,0.35044782917912004,0.2172843143508069,0.09952712999768222,0.6487039697209481,0.6364717658575014,28.611153085537627,17.862849764695667
73937,Hau Giang,VNM,2018,2018-09-06,0.14227214372076044,0.3020915389585957,0.13040043325301634,0.15129538016616728,0.26835565512071935,0.18521013104424655,0.10285102661378548,0.38221607851628686,0.3089617443367756,28.73720684419533,
73938,Lai Chau,VNM,2018,2018-09-06,0.14716855155257894,0.36770233144898284,0.14326110051896288,0.1614085939999536,0.34557419799526773,0.22132631610707174,0.11110215062266035,0.5277276000372859,0.48244430261133336,27.164225583973902,16.27791961124882
73939,Lao Cai,VNM,2018,2018-09-06,0.16465392050140473,0.3632454865537398,0.16614905785477643,0.17890774182440747,0.33390718174063,0.22308478252737027,0.11456155946311329,0.4962573741671277,0.418291195665246,27.20926141525715,13.590065642745568
3326,An Giang,VNM,2018,2018-09-06,0.1206582622381193,0.23066738484422517,0.09237752973829798,0.1231911134151566,0.2096123105636683,0.1612603416373131,0.0937240817200192,0.29448107555025244,0.25144504686785824,27.45969560329219,
3332,Ben Tre,VNM,2018,2018-09-06,0.1520021606256415,0.3102244088000651,0.13619252572438253,0.1579993908371934,0.27870593448707226,0.18990232267991375,0.10505086085093898,0.35134745883322377,0.3033153176758435,28.18580806598725,
3343,Dong Thap,VNM,2018,2018-09-06,0.14398350412675956,0.2770347147204681,0.12234865118633387,0.15031658356086597,0.24645080758206023,0.17557338813762788,0.10095724682722927,0.2978492824561046,0.2672917105235702,27.86264175299977,
3351,Hai Phong City,VNM,2018,2018-09-06,0.09930559537367595,0.2773664517024755,0.08648833022792236,0.1105965393112832,0.24421621051332523,0.1788209804379233,0.10114847653771514,0.48804164120483357,0.4259821530410878,23.962948782570074,21.892369237832003
3352,Ho Chi Minh City,VNM,2018,2018-09-06,0.15687935597421632,0.32047185776965004,0.1452621553328195,0.1678701728772786,0.30540462714410666,0.22679788246888347,0.13650410696708412,0.3538032225111387,0.35652350226324625,29.83924330595819,
3356,Kien Giang,VNM,2018,2018-09-06,0.12150704592333118,0.29021971853837353,0.10210495110911474,0.13018783945201662,0.2588259803891565,0.17770305241252365,0.09766395070870601,0.4059021736288673,0.34587468459770415,26.187822345724847,23.208344023360905
3359,Lam Dong,VNM,2018,2018-09-06,0.11230380325217748,0.3767872158144368,0.09925303907651349,0.12639074465748187,0.37672967748502084,0.24716753357929408,0.12422070877385816,0.5730703457446124,0.638138453065426,28.838286252615323,14.858120146335168
3362,Long An,VNM,2018,2018-09-06,0.15056838045150933,0.25704656890110544,0.13101796109568972,0.152910971418526,0.24509495153858527,0.18640474088533165,0.11029584141201386,0.24970610677781122,0.22377974490092634,29.6325983200847,
3375,Quang Ninh,VNM,2018,2018-09-06,0.14154851659832204,0.3457722149143397,0.1427755311645691,0.15767820632731364,0.32446688755673486,0.22111270884306905,0.1213886074132718,0.46337007676168135,0.43126954209767365,25.082044622877866,19.76024238065731
3378,Son La,VNM,2018,2018-09-06,0.08643263017062201,0.35107678496511247,0.07644263664196572,0.10283716271805732,0.3383321050739222,0.21542962444579555,0.09911466995724294,0.6524656935369285,0.6403472907858411,28.034151282891745,16.373004906034545
3379,Tay Ninh,VNM,2018,2018-09-06,0.15335196937958062,0.3731210757499325,0.14018321839598805,0.1655971238406085,0.3719088894638441,0.26606154315046204,0.14129762648897815,0.43302434540485196,0.5009624668872087,30.714429471896306,
3380,Thai Binh,VNM,2018,2018-09-06,0.12982421301461763,0.3783907644950641,0.12025022484459563,0.14725692160383244,0.33394001014935687,0.24378691201702687,0.13475843750292996,0.5138363693836754,0.5726843197597438,26.294555164989813,21.14818181818183
3382,Thanh Hoa,VNM,2018,2018-09-06,0.049546810728294845,0.3110919603617522,0.03739176521398619,0.06336203795309382,0.28261877283407494,0.16881424783826596,0.06852695846623719,0.7490308759101747,0.6143738020197073,28.539797800451918,19.854173138588305
3384,Tien Giang,VNM,2018,2018-09-06,0.16205258626997932,0.3472209821022898,0.14822854478287154,0.17031998754389577,0.3190498012169831,0.2253306914303772,0.12735857504095788,0.3814238014345152,0.3740777753477288,29.4333110195191,
3333,Binh Dinh,VNM,2018,2018-09-14,0.09979980686410485,0.3216612070665963,0.09166586514074902,0.11033203079134404,0.30120502831625445,0.18976102386349575,0.09431108905205647,0.5688141479221552,0.4928085913704607,27.894195452478716,19.542068456993384
3338,Cao Bang,VNM,2018,2018-09-14,0.08589420181747619,0.37190348851629357,0.08007331981387683,0.10557576355625185,0.3642513084167343,0.22716349267681085,0.10252989468513572,0.668760523779953,0.6808023442975872,27.860535315568153,20.797520859587756
3355,Khanh Hoa,VNM,2018,2018-09-14,0.09824945105498663,0.3331676112379292,0.08189243348919313,0.10997496132980371,0.325338035413747,0.21316982551706384,0.10402862944833433,0.5579288002579487,0.5441528535487198,28.721468943333992,17.740530836670867
3360,Lang Son,VNM,2018,2018-09-14,0.051894014297908804,0.37867820249794204,0.041508361968598105,0.07395603698669725,0.3682671593723277,0.21647707681443948,0.08399632339136393,0.7685215534829666,0.7848782786789759,28.063663020888267,21.229951808785867
3370,Phu Yen,VNM,2018,2018-09-14,0.11497445868315566,0.33343492622674753,0.10319148732653004,0.12630092705142237,0.3191493673578028,0.20961997524095494,0.10618209775406662,0.513794625369864,0.48315252811837694,29.076908286042094,21.26163699952932
3371,Quang Binh,VNM,2018,2018-09-14,0.11075580176887412,0.3767596798151764,0.10704301209544138,0.1280002097548786,0.36193747857767844,0.2312283355723663,0.11396179551338508,0.5638942040119506,0.5985330253464265,28.30260501645283,21.05389674358796
3374,Quang Ngai,VNM,2018,2018-09-14,0.08340817556110926,0.33138818327724645,0.07419249704342613,0.09485614262212,0.30118921916495417,0.1827979904797775,0.08662550234697491,0.6303484837798972,0.5680740498203419,26.937948786572566,20.281653587597347
3376,Quang Tri,VNM,2018,2018-09-14,0.1107460984588578,0.37351975297805085,0.1019082452600534,0.1251979064915683,0.3599869945326188,0.23555753104071567,0.11925762949015596,0.5653114480133871,0.614455103526837,29.564103598940996,20.856936091498543
3383,Thua Thien - Hue,VNM,2018,2018-09-14,0.1327337043778484,0.36367808772463067,0.12855982094775276,0.14718689108911706,0.3481297192705855,0.22866398827960413,0.12226380890579615,0.4875173181994237,0.5052412000171623,28.698041433895213,21.171231732360326
3327,Ba Ria-Vung Tau,VNM,2018,2018-09-14,0.11094333421555239,0.29043809246957364,0.10049316378826331,0.12048305043927708,0.2778211041333585,0.19798918703798898,0.11181246342600205,0.46965900747771827,0.43279354691935,24.869447302267936,22.16085563571485
3336,Binh Thuan,VNM,2018,2018-09-14,0.09593053299852582,0.3256777570826426,0.07272136086322825,0.10320418736498024,0.32095350649766485,0.21903877883556377,0.11215617491269356,0.585468254382597,0.44989960735198886,29.211444038610388,20.520688870830874
3342,Dong Nai,VNM,2018,2018-09-14,0.10123823748673172,0.2793778823011616,0.09220662103695805,0.11190620983977088,0.27184373752081337,0.18668976565457357,0.1013860703054035,0.5050887880179628,0.4295766297501917,30.20071587820678,
3344,Gia Lai,VNM,2018,2018-09-14,0.1194837418439765,0.33962319714900396,0.11089708010754791,0.13157845634742552,0.33076593021114314,0.22141003197916131,0.11381906764790793,0.5365788025047147,0.5177314190363529,29.02289902631525,19.206814087454106
3345,Ha Giang,VNM,2018,2018-09-14,0.12346561791087227,0.4069185993813432,0.11744402400049124,0.14265879103720128,0.3972779613941389,0.26099622689886726,0.12731449493692482,0.6136061470358287,0.6718793259303043,29.310495651469303,20.421947685916855
3347,Ha Noi City,VNM,2018,2018-09-14,0.08927223626122337,0.30235988489868043,0.05711479046096326,0.09676314740821278,0.2902594413728348,0.2139625727827864,0.12265928062316757,0.5303640456112114,0.6240822478330807,33.80982893082276,23.849531174579848
3348,Ha Tay,VNM,2018,2018-09-14,0.08171923152763674,0.28956154102017106,0.04747222181284807,0.0889510657286834,0.2762776100442012,0.1967777800190429,0.10373898358269949,0.5421233888354475,0.564348652633436,32.861331458612604,23.746938104757497
3349,Ha Tinh,VNM,2018,2018-09-14,0.08897883262239079,0.36732976920811106,0.07136433987301802,0.10422955708310098,0.3484193617133259,0.223127473284073,0.10553412261904364,0.6206521345288535,0.6590079964717638,30.09086293192932,22.39193301685016
3353,Hoa Binh,VNM,2018,2018-09-14,0.06532154033778405,0.3830643612836279,0.05324807757668705,0.08605450690162526,0.36523158433758096,0.22470520949100473,0.09598380057402243,0.7170687946942674,0.7827466498966418,30.616321376076367,21.732905541686694
3357,Kon Tum,VNM,2018,2018-09-14,0.10980243318790595,0.34462872796648014,0.10431976259115908,0.12331325286486772,0.34011718386452094,0.21624362158641167,0.10520978535280863,0.5697974795120113,0.5363734920734885,26.69756956561175,17.53147947324723
3366,Nghe An,VNM,2018,2018-09-14,0.06459168154346714,0.40671534741529747,0.048212159026203114,0.08491016044641024,0.3823947530504751,0.2265742603270758,0.09282678416517318,0.7321036580395325,0.8026875376351065,29.628220316432337,21.197799087561343
3367,Ninh Binh,VNM,2018,2018-09-14,0.0633591395111159,0.3251130828417593,0.03774667383841524,0.079422640059076,0.2973450806888905,0.19443263786186007,0.09060600592509183,0.6464029433850372,0.6613375940079849,33.136457435591076,23.907530113028102
3368,Ninh Thuan,VNM,2018,2018-09-14,0.10528042288086017,0.35303185051268027,0.07424967057745949,0.11247442304701455,0.3601048605455559,0.25615936260568933,0.13354845933518916,0.5487831080456298,0.5998190465900317,28.956144547323174,19.05312882992253
3377,Soc Trang,VNM,2018,2018-09-14,0.099748955596128,0.2327154267059277,0.06644583817040327,0.1005294654631744,0.1998609013307738,0.1378522349516333,0.07556827056268893,0.3840632964097756,0.2864975079473316,31.012542103784984,
3386,Tra Vinh,VNM,2018,2018-09-14,0.11661529918539063,0.25547036209088336,0.08603343105281772,0.11782405062371051,0.22802836457691422,0.1642488029291895,0.09341629913259057,0.38014928441676676,0.30938587489731595,31.780575602621006,
3387,Tuyen Quang,VNM,2018,2018-09-14,0.05736747136089288,0.3949612399728244,0.0508320276289405,0.08007898276748578,0.3699090645833857,0.21865232692603406,0.08500392715489562,0.762699639256202,0.7883572301443734,29.456017846293786,21.321836038862944
3388,Vinh Long,VNM,2018,2018-09-14,0.1056006312355536,0.3265274687253488,0.08295279327067018,0.1138699570034323,0.2876020317776694,0.19031807443659202,0.10105275680379523,0.5360976867346658,0.49625590395587865,30.394443353902577,
3390,Yen Bai,VNM,2018,2018-09-14,0.09419631989933745,0.39906328081459447,0.08742916100272553,0.11485678500552028,0.38532707463350296,0.2443908127865808,0.10975011343581434,0.6660194496831493,0.7245797873795182,29.49271423814836,20.80856925404111
3328,Bac Kan,VNM,2018,2018-09-14,0.05985394774099297,0.39555997501555545,0.055805475819435395,0.08291812419474956,0.3789387628391994,0.22256029760751864,0.08711185214466852,0.7598995732537437,0.7908520368419322,28.30135980849147,21.085914682117526
3329,Bac Giang,VNM,2018,2018-09-14,0.06376260481204786,0.36309004069362333,0.04295064228705836,0.07976109565860821,0.34665104910659394,0.2187995170214197,0.09782459333952812,0.7006859633381912,0.7557168932084297,30.25656729579857,22.663510017026542
3330,Bac Lieu,VNM,2018,2018-09-14,0.11116235265320382,0.18173336833667192,0.07662527646474156,0.1112664366183224,0.15181225558655365,0.11550062866373333,0.07132323136422185,0.22546798432175086,0.1451154841691801,31.26075315804878,
3331,Bac Ninh,VNM,2018,2018-09-14,0.07728255432378447,0.35999624822969245,0.04567141333767163,0.09237802467677621,0.3188618691103507,0.2165567874505689,0.11025721511004068,0.637907180495528,0.7740065515903637,31.899661744465067,23.91958625784582
3334,Binh Duong,VNM,2018,2018-09-14,0.12940542640636793,0.31845191546624557,0.12031898699417963,0.13864123574988257,0.32311954733116055,0.23517636888579324,0.13088717486778287,0.4674106800202568,0.48738608892398294,31.708839405513576,
3335,Binh Phuoc,VNM,2018,2018-09-14,0.1278182534061807,0.3175689456990717,0.12316076757701175,0.1377917744742063,0.32095283533840907,0.22147030176215313,0.11535094839389147,0.4943437248762753,0.4362125141983799,31.4680384859193,
3339,Ca Mau,VNM,2018,2018-09-14,0.10743892919182702,0.21032682150744383,0.08005012318150087,0.11170730249744101,0.176269771771923,0.1250378210147178,0.07490008869372958,0.3403733979693573,0.21079561811713915,30.080933367748216,
3340,Da Nang City,VNM,2018,2018-09-14,0.0907190523802288,0.3609342152257593,0.07841724432975795,0.1064885433675617,0.3361474794247149,0.21100511074309153,0.10589580318183031,0.6069201265016443,0.6276875564925036,28.390551679433525,20.404757289197065
3346,Ha Nam,VNM,2018,2018-09-14,0.0774658558036063,0.3150925389309508,0.046890877340778396,0.08974729499469798,0.2906577566627646,0.19916009918740865,0.102275957139787,0.5928318308881964,0.6018615403739176,33.11120121327823,23.65958693079951
3350,Hai Duong,VNM,2018,2018-09-14,0.0710989519517334,0.34675579654677385,0.04298258948625116,0.08716305245493855,0.3156368531632666,0.2115985742057037,0.10330820716721777,0.6521567890582718,0.701155336197085,30.948184370962714,23.878058651308855
3354,Hung Yen,VNM,2018,2018-09-14,0.07555676152125039,0.3501876627134912,0.0453173862074183,0.09032655535280362,0.3197815672771829,0.2183797174506687,0.11045539071345424,0.6350722884771338,0.7167548708993097,33.231679573689874,23.548110081628284
3364,Nam Dinh,VNM,2018,2018-09-14,0.06342784181068645,0.3474492828642409,0.03404302448269213,0.0786497452599565,0.30883797333973084,0.2080109733763574,0.10093265461411288,0.6756352758385271,0.7517742587191943,31.873474999673313,24.28693685208221
3369,Phu Tho,VNM,2018,2018-09-14,0.09613174194680593,0.3575152334109312,0.08501493128509088,0.11164368599189561,0.338208500103833,0.2221380339407168,0.10975755140538082,0.5936476270455084,0.6175198709561922,31.667143820172136,21.851637741046893
3372,Quang Nam,VNM,2018,2018-09-14,0.11568977203620401,0.3761462519647416,0.11170897052614336,0.13263608852268824,0.35398683711321416,0.2128862581206574,0.10116494978517232,0.5483540640649422,0.5552655423843643,27.716108202211565,18.1760674490966
3381,Thai Nguyen,VNM,2018,2018-09-14,0.04985816499484655,0.3922723123280183,0.03705625474556292,0.0717139728174661,0.3646754220445416,0.21604443512961846,0.08544644161117451,0.775385735114533,0.8262932834235418,29.83469636338581,21.643793506880304
3389,Vinh Phuc,VNM,2018,2018-09-14,0.07401513485885088,0.3123238862428758,0.045562822047177445,0.0835285212192987,0.30592300105979686,0.20829510926303715,0.10313810664630839,0.6034178745224491,0.6267100479981033,31.89985056034097,23.39907112436249
73933,Can Tho city,VNM,2018,2018-09-14,0.09906142585174196,0.2922291855621247,0.0711222185793552,0.10623959085248649,0.2594500635052696,0.17410836954006242,0.0949630479963963,0.5033934357459202,0.4304980480808436,30.69416930188253,
73934,Dak Lak,VNM,2018,2018-09-14,0.12107139650429184,0.3367767534346519,0.1135133758376127,0.13298983283351262,0.3249219037317615,0.2162633577833533,0.11265589926879975,0.5314174147690773,0.49446811612187175,28.86693130641903,18.385634052936823
73935,Dak Nong,VNM,2018,2018-09-14,0.14897809038636592,0.3424289350800804,0.14648046339660556,0.15985814855269087,0.3315753277203561,0.22722369631610925,0.12617739959110041,0.47134870297146464,0.42801691156124144,28.816887007009544,17.574433547638428
73936,Dien Bien,VNM,2018,2018-09-14,0.0950748332041359,0.367824556482559,0.0905475655947372,0.11322825663180848,0.3493661250504458,0.21163401974049478,0.09625589756290921,0.6394662920755075,0.6071341237356533,28.25270802734209,19.80357666748824
73937,Hau Giang,VNM,2018,2018-09-14,0.08059327989707131,0.23642539610514532,0.056243844826150365,0.0857913610164188,0.2026730453212637,0.13674340387647452,0.0727732393507671,0.48422465562735234,0.3528022568815213,31.413685698869532,
73938,Lai Chau,VNM,2018,2018-09-14,0.11691416657696396,0.3752098049270994,0.11058220335008509,0.13329008067968331,0.3581850052272587,0.22481594972911834,0.10916585496819797,0.6012765718390728,0.5756576957154458,27.62027788268804,18.599735733403246
73939,Lao Cai,VNM,2018,2018-09-14,0.10030641642742376,0.40740598455713406,0.09220202694353706,0.1206921747262993,0.39235738226550215,0.25037297688246074,0.11438127709020003,0.6596143433917688,0.7289925723271614,29.050067411890705,19.132868126162396
3326,An Giang,VNM,2018,2018-09-14,0.1093896637953329,0.23967071280105012,0.079043191075903,0.11408215454897161,0.21037379604733417,0.15519947215551744,0.08881050515728464,0.32788610269087093,0.3123203573975117,30.203108720575095,
3332,Ben Tre,VNM,2018,2018-09-14,0.12409455629506722,0.2943372229298206,0.09693820487204323,0.1269385614838283,0.26131770393578996,0.17715701870532133,0.0999922081860968,0.4155419094148174,0.3716586132462539,31.876056708106546,
3343,Dong Thap,VNM,2018,2018-09-14,0.10565791484267517,0.23469747732279972,0.07117615735479231,0.10798296672121341,0.20982640518266166,0.14629664871137463,0.08472998203317174,0.2786648026313154,0.3186052279569018,29.585097001837013,
3351,Hai Phong City,VNM,2018,2018-09-14,0.07741417770999111,0.3100507373171112,0.049465791517600555,0.08969769656312152,0.2795910012093646,0.1929724881384029,0.09912285051767468,0.5917794655634293,0.593437153218517,31.26611981068411,24.639769474873148
3352,Ho Chi Minh City,VNM,2018,2018-09-14,0.12695790981827876,0.2648727750196645,0.11479787095689618,0.1349771839177067,0.24943871485773594,0.18928253251172664,0.12284071427401484,0.38264447525519957,0.4094431330685942,28.946944561054405,
3356,Kien Giang,VNM,2018,2018-09-14,0.09690326885671086,0.238853507210775,0.06623457399326936,0.10039665312787274,0.2059254016702642,0.14300942678601058,0.07942013158934784,0.40067998753396994,0.3113267791616037,30.89153952576152,23.150000000000034
3359,Lam Dong,VNM,2018,2018-09-14,0.10505413817822935,0.31100093226627407,0.0974020637680599,0.1158230988159075,0.3013482793044065,0.19243646819533217,0.09660439935126276,0.5627198671222877,0.46623800636638585,27.509834671225075,15.895755241292713
3362,Long An,VNM,2018,2018-09-14,0.10214390500989673,0.19229679276002717,0.07096826899260927,0.10034227842865033,0.17856941537047266,0.13829513534375473,0.0845902198302272,0.27354165413361897,0.23043356431164702,31.182478593983184,
3375,Quang Ninh,VNM,2018,2018-09-14,0.06466459779060467,0.3157790307874359,0.05433036652461243,0.08110338864900025,0.29551032015458245,0.17785683079577844,0.07786944460900416,0.6609979503273582,0.5830076007743552,29.586108288102306,22.635127849867093
3378,Son La,VNM,2018,2018-09-14,0.08866934429724278,0.4044712943382645,0.0753249033321306,0.10791891963059581,0.3950461581948113,0.2508337806782167,0.1126443118841502,0.6748072525355164,0.7811012865780903,29.101591846981975,19.966898683928033
3379,Tay Ninh,VNM,2018,2018-09-14,0.1192357936088774,0.33677294723911794,0.10332525313473535,0.1299403861021277,0.33312686649853074,0.23260469009880283,0.12140068886247504,0.5018098990147407,0.5319454356704358,30.833672208812505,
3380,Thai Binh,VNM,2018,2018-09-14,0.06731488193461259,0.3780323078888391,0.03879287441283746,0.08727838263076926,0.3317519027114957,0.21879125672717095,0.10393668192929122,0.6892055821520331,0.7877919652525691,30.620370777109112,24.26255585995295
3382,Thanh Hoa,VNM,2018,2018-09-14,0.06500258994567909,0.38535055340789487,0.047004633748830536,0.08358837531437659,0.3652001599669606,0.22561782572341213,0.09643731925108798,0.7135966183888605,0.7827322202710517,31.177506619240095,22.178130346711793
3384,Tien Giang,VNM,2018,2018-09-14,0.1174791003621033,0.30217735397449336,0.0933337650886519,0.1231760070426431,0.27425173653691476,0.19394335741459895,0.1118646584381864,0.46207129083390586,0.4325272805824861,32.17197597725156,
3333,Binh Dinh,VNM,2018,2018-09-22,0.0654905974192516,0.3685285386274171,0.04345999864963888,0.0801677837289631,0.35857645863826576,0.21752214134784367,0.09725321804495896,0.6955738696697649,0.7647298602311299,30.18189929539848,21.374868465703695
3338,Cao Bang,VNM,2018,2018-09-22,0.07722199040664422,0.3200146698358188,0.07777887342487354,0.09488968031093828,0.3072869347429015,0.1861029434209414,0.0814085839546356,0.6626446434589636,0.5446613558226564,26.574182515820752,20.557124559953447
3355,Khanh Hoa,VNM,2018,2018-09-22,0.06628012495215155,0.36789138619720085,0.04051151708125939,0.08201898213171613,0.3643906543044016,0.22739654254189262,0.10073910552054384,0.6884803700402805,0.7672778137434461,29.785269044434227,21.273574035520763
3360,Lang Son,VNM,2018,2018-09-22,0.06764252958953118,0.34867133525535504,0.06387844782653326,0.08752135918454515,0.33415457116063063,0.19714757849644596,0.08164034837855866,0.70180930097095,0.6434340556541563,28.09781888631244,21.163159405824914
3370,Phu Yen,VNM,2018,2018-09-22,0.06069761647101807,0.3733082194980499,0.03325698283612757,0.07650210979310271,0.36818849399151243,0.22833413093850077,0.09886786891691368,0.7109213379193708,0.7982407603671974,30.89850266966208,21.691209508765425
3371,Quang Binh,VNM,2018,2018-09-22,0.045529027636396276,0.32189949818770885,0.03274439664317543,0.0600821568345843,0.30534483921163286,0.17763643597166104,0.0717737362803548,0.7593475291829439,0.6431019088791254,28.636518725607385,21.630538497933102
3374,Quang Ngai,VNM,2018,2018-09-22,0.05778041933476805,0.363415672160637,0.03969818891821023,0.0725281957209783,0.34197885863890326,0.20282723785320458,0.08763778224228017,0.7280823288404021,0.7441606039184594,30.580387304024597,21.870064685414643
3376,Quang Tri,VNM,2018,2018-09-22,0.0594457799426533,0.33041489778057265,0.044109030167199983,0.07258723727862174,0.3138015051995896,0.19209506907194876,0.08514287084516188,0.7085582037908353,0.6691626516798979,30.684957537217443,22.119282122212805
3383,Thua Thien - Hue,VNM,2018,2018-09-22,0.05611161006280792,0.31798989790779475,0.04150789314558999,0.06974322474440968,0.30200293065377637,0.17928467154064523,0.07790605791642499,0.7015688287688232,0.625780442084545,31.208910861297824,22.617517575688556
3327,Ba Ria-Vung Tau,VNM,2018,2018-09-22,0.08445815457847532,0.2866038933610712,0.07168848883586926,0.09518547972143976,0.27276020672818596,0.1809136088260294,0.09238996515222483,0.5440617645991511,0.4982719433635831,29.870576466174903,23.944374107909148
3336,Binh Thuan,VNM,2018,2018-09-22,0.06765735093453652,0.3259558228631661,0.041659015132431,0.07675215622125256,0.32254103544260465,0.21060530176096584,0.09876050358261204,0.6730686751214716,1.026343435444363,30.404141838606,20.846032007279316
3342,Dong Nai,VNM,2018,2018-09-22,0.0828657193415449,0.30278840746047914,0.06922537772982311,0.09583855638761435,0.29695787978464994,0.19476642322743562,0.09654658025019196,0.5682158072563737,0.5647021289820389,29.551386707963353,23.295644980158254
3344,Gia Lai,VNM,2018,2018-09-22,0.07679482310385347,0.33521767810234177,0.06261139623280863,0.09053568860180634,0.3284138307857467,0.20822630142151685,0.09675151626135679,0.6584104406825495,0.6315759731654722,29.464280810282464,19.824665697871154
3345,Ha Giang,VNM,2018,2018-09-22,0.09208862842827076,0.3351541588768743,0.09009696856163722,0.10898704000941488,0.3216668997516983,0.20230637840660012,0.09419894992983356,0.6268624352428684,0.5557191218888055,27.3124579185964,19.866013381583564
3347,Ha Noi City,VNM,2018,2018-09-22,0.1452548415300763,0.285016617924514,0.13745844544681055,0.15464802954097456,0.2717266436646785,0.2111165467449796,0.12908490024584854,0.35699638902956093,0.33222993624098507,32.27814335834747,24.680482111613795
3348,Ha Tay,VNM,2018,2018-09-22,0.09571331299453362,0.25461038517888457,0.07270333601873528,0.1019499515269123,0.24033325216749857,0.1768093568907737,0.09783220237340123,0.46303614019232153,0.39648106303587755,32.43871715390744,24.50197953385983
3349,Ha Tinh,VNM,2018,2018-09-22,0.053291565742235446,0.3044158961150899,0.035009420937777445,0.06482071399725559,0.28899847041827825,0.17657837760567438,0.07535486689887111,0.7001444105295972,0.5951868059607841,30.492094997043782,22.723835459311786
3353,Hoa Binh,VNM,2018,2018-09-22,0.04861363809384939,0.3235976015329337,0.03989135882687076,0.06594156696738175,0.3012962860080774,0.17569886272644142,0.07064027270895046,0.7488677086133737,0.6468077271203629,29.57494627782906,22.095083367928805
3357,Kon Tum,VNM,2018,2018-09-22,0.06302366798785967,0.33442937438249265,0.05138888186910933,0.07754919713668341,0.3324751431726097,0.1998100514615449,0.08505312000578157,0.705753109954543,0.6723242890019341,27.573799701593266,18.629976122801352
3366,Nghe An,VNM,2018,2018-09-22,0.05305021245108389,0.32772335761871635,0.04027009529271083,0.0676663788953359,0.30417312211522474,0.1759333702634174,0.07170479171079927,0.7359805281191295,0.6314822128161226,28.713873452602027,21.408989720574606
3367,Ninh Binh,VNM,2018,2018-09-22,0.07328387566042488,0.30621503762480456,0.052967501631113745,0.08732945297386753,0.27755211372843425,0.18101260986919396,0.08705829045241684,0.6063517094477058,0.5541653214343126,30.20057409087997,24.17439250192251
3368,Ninh Thuan,VNM,2018,2018-09-22,0.08005343860557922,0.3541295737759033,0.0467852858698871,0.08988773134965945,0.36048985869830036,0.2445460422294421,0.12100385671086052,0.6262944565094095,0.8124953560791097,31.170053296142527,21.47985400914843
3377,Soc Trang,VNM,2018,2018-09-22,0.11042105944656068,0.2520347361941137,0.07588887904030961,0.11056306406479771,0.22292913906616638,0.1565820046009545,0.08587873302158647,0.3842365388447384,0.29860004754857505,31.329475329530666,23.79350243862335
3386,Tra Vinh,VNM,2018,2018-09-22,0.11195383528309041,0.26941126628972734,0.08516589698319574,0.11717396931670832,0.2410195819104955,0.16982408521606498,0.09288701970797168,0.4247243024260055,0.3500741641798105,31.39630766396324,23.184741819081594
3387,Tuyen Quang,VNM,2018,2018-09-22,0.09272169565137801,0.3338863250235119,0.10019339072525175,0.11199242098344558,0.30457834599038386,0.18524270590766304,0.08321549234557646,0.6095551080979638,0.5078456593272686,27.627807459325084,22.133740547462416
3388,Vinh Long,VNM,2018,2018-09-22,0.13508625911033334,0.35371759777781014,0.119408792110874,0.14623375346668083,0.315076848064778,0.21075481952550015,0.11472479290754276,0.4659200498833523,0.45139703492638805,29.693459188786317,22.206271494422843
3390,Yen Bai,VNM,2018,2018-09-22,0.07002194898480575,0.330245829458698,0.06783668025485998,0.08802836860369544,0.3147590919592321,0.19145840480028606,0.08228431698373445,0.6775464839540645,0.6069103791697339,26.91007598442353,20.288247115140287
3328,Bac Kan,VNM,2018,2018-09-22,0.08603922266365488,0.3368215129143551,0.09220364485844211,0.10501897161602855,0.31463764735874294,0.18915368315393805,0.08339551667840821,0.6434680146899305,0.5427426896595773,27.315619995793714,21.141548053793787
3329,Bac Giang,VNM,2018,2018-09-22,0.09715428683461501,0.3366357481173222,0.0893252537370566,0.11218347089653118,0.31511395257973374,0.20498912652834458,0.10069839743911448,0.5836743584466669,0.5437493297361061,30.49082587200644,22.730276852014974
3330,Bac Lieu,VNM,2018,2018-09-22,0.10564262973913209,0.18084901238822473,0.07280310670644159,0.1042072489077484,0.15611432860228597,0.11915558603836333,0.07119037520057273,0.2697680247333271,0.15757964257973311,31.482411569168306,27.85918270071312
3331,Bac Ninh,VNM,2018,2018-09-22,0.10844879028528842,0.327627411991626,0.0916226811062093,0.12264073439761636,0.28819050134660334,0.20072858799946125,0.109100906018544,0.52379504373985,0.5053016353374468,31.78719917117079,24.416532582013502
3334,Binh Duong,VNM,2018,2018-09-22,0.10142407597082491,0.3103791480068019,0.08855858647066842,0.11107009782304408,0.3164299428700351,0.2249493274998301,0.11739794942969416,0.5484709876990707,0.567467286920167,30.254010848071232,24.51110557711244
3335,Binh Phuoc,VNM,2018,2018-09-22,0.09940002373654926,0.3287025720652597,0.08654504271677115,0.11025971384625921,0.3374136699157885,0.22925695136771002,0.11348934721627552,0.5730023043263673,0.5896735893411662,29.83960079513456,19.299264815096745
3339,Ca Mau,VNM,2018,2018-09-22,0.09488428654858003,0.20711781896557324,0.07113867500482002,0.09925968120906967,0.17377910465307364,0.11880695213734098,0.0676290675407209,0.3803544092643215,0.22920810541718284,30.625817912926784,26.041802097762762
3340,Da Nang City,VNM,2018,2018-09-22,0.0749860789792837,0.3656978468906456,0.05620401507224951,0.09077754223220653,0.34520848961000083,0.21118201096251563,0.1003558940279372,0.6582330306491215,0.695764910802491,30.986604260248125,22.247134736959726
3346,Ha Nam,VNM,2018,2018-09-22,0.10716744415681165,0.28531589623210535,0.08915020986836412,0.11722409178751102,0.2622795024331189,0.18806411240392973,0.1043653900491401,0.4780858051679223,0.40864679735214254,31.12442765298783,24.22866787034941
3350,Hai Duong,VNM,2018,2018-09-22,0.12324129053014121,0.307659348202069,0.11450463669027958,0.13684851519656352,0.2801921593624255,0.1987005174858005,0.11024879204103787,0.46032096185007654,0.400789349265483,31.165241652440173,24.158597158260026
3354,Hung Yen,VNM,2018,2018-09-22,0.10027945999805414,0.29253172317358533,0.0809115337788639,0.11040667332898947,0.267246286049507,0.18905628405474104,0.10316014365745549,0.513777191334821,0.46646370640861884,31.96118616676456,24.173707258689777
3364,Nam Dinh,VNM,2018,2018-09-22,0.09698575133543559,0.33113904322428234,0.07812049771194768,0.11061429439016582,0.2884919071002281,0.19717190634404433,0.10426081426124005,0.5642805047949293,0.5448751751092686,29.647342590947577,24.553521659238687
3369,Phu Tho,VNM,2018,2018-09-22,0.08133540618440604,0.324192603436477,0.07487561802503187,0.0972054753972392,0.3020771563167358,0.19057096166905402,0.08769664046149767,0.6132524523980462,0.554409958253294,29.85120664327022,23.444216249640803
3372,Quang Nam,VNM,2018,2018-09-22,0.05718228061367592,0.3366057854638914,0.04484578358341354,0.07225923217890828,0.3211165862820778,0.18812453936234044,0.08040197535706961,0.7213610185963995,0.6861276286045038,31.004919680804765,21.102070642296713
3381,Thai Nguyen,VNM,2018,2018-09-22,0.08039063161144372,0.3292160859818154,0.08075104824002538,0.09794979156212177,0.297490583978799,0.18148426892000835,0.08223891664312881,0.6490302624322968,0.5521190000551073,29.094343721287853,22.290671969206873
3389,Vinh Phuc,VNM,2018,2018-09-22,0.13045302601670278,0.2866810453973296,0.12548540274545789,0.14115762871842447,0.2728431653050916,0.19882918897627952,0.11176134669813319,0.4127187786614911,0.34826273571843985,30.76008881436334,23.88824192457342
73933,Can Tho city,VNM,2018,2018-09-22,0.11238403235049375,0.2808029124260934,0.08445023693940397,0.11731941690865758,0.25100350594552584,0.1722392098897411,0.09515869179449594,0.43015223364882327,0.3567476934387288,29.552002452960064,20.69092306094906
73934,Dak Lak,VNM,2018,2018-09-22,0.07042059943046933,0.33969043067538357,0.05066446183791923,0.08394347763937068,0.3327508880094479,0.20604121438190384,0.0926916905900487,0.672808374649789,0.6558615849561706,29.8515541768656,20.23411335938316
73935,Dak Nong,VNM,2018,2018-09-22,0.09137785021951507,0.3512997855611265,0.07868088812799015,0.10471296270981847,0.34539382469959323,0.22215268861016746,0.10910533459317936,0.623914445454118,0.6511194795709442,28.66779900044615,19.599278458287472
73936,Dien Bien,VNM,2018,2018-09-22,0.04395305986811739,0.3365887170950917,0.03322747820002287,0.06184835147274566,0.32255766910908823,0.18236754791169005,0.06953577441354011,0.7868488502469613,0.6904915876063537,28.14363057750792,18.930986216332812
73937,Hau Giang,VNM,2018,2018-09-22,0.11877288909055915,0.2810097497149653,0.09970581965118056,0.12619705970367848,0.25159156193370036,0.1740870721389534,0.09610403640773905,0.4169976088616469,0.3380351477903963,30.461253554226783,20.16572294166562
73938,Lai Chau,VNM,2018,2018-09-22,0.08492294772056513,0.3333037490765567,0.07646266104844078,0.09942646820982672,0.3174922920795126,0.19038689437835202,0.08613626226775407,0.6773132343737462,0.5678316178390251,27.46733222804493,18.30242167345384
73939,Lao Cai,VNM,2018,2018-09-22,0.08536437385397172,0.33615908170350567,0.08093685672908234,0.10150711577757034,0.3197610454897122,0.20119236946965874,0.09365514677666646,0.6577590197018913,0.5825824322681412,27.348116713627768,18.805352523871676
3326,An Giang,VNM,2018,2018-09-22,0.0748998692633987,0.22621912372523076,0.04746717984336579,0.08314201045349605,0.19631627150095796,0.13570758918773218,0.06907613980826202,0.42802036854255493,0.3774028817765235,29.162944200039327,26.091442769970545
3332,Ben Tre,VNM,2018,2018-09-22,0.1310861038986674,0.2853567290317342,0.1127363926273915,0.1356152148342437,0.25253615796575085,0.17059801818417747,0.09556482775687297,0.3870180436939862,0.3108800813355282,29.14117533148734,25.568830300088926
3343,Dong Thap,VNM,2018,2018-09-22,0.09766138091289261,0.2003930985530689,0.06669724512347394,0.09955289734766223,0.17759010783252832,0.12412675028071957,0.06858957364910204,0.2565628275722777,0.23891410033128202,30.129272500601996,26.251075722068343
3351,Hai Phong City,VNM,2018,2018-09-22,0.1275426399748891,0.3030693269239799,0.11944399059389141,0.14109584062736008,0.2758340487180629,0.19730729516696172,0.11060627229550546,0.43300784171409756,0.38295434022576935,31.109184561773798,24.330723698443414
3352,Ho Chi Minh City,VNM,2018,2018-09-22,0.1220218323613977,0.2777892829188588,0.10873531732862184,0.13113270261457058,0.25897903493911895,0.18656970223452968,0.1114453397248034,0.4150192362768233,0.37216225048754836,28.5328657551211,24.77726235741449
3356,Kien Giang,VNM,2018,2018-09-22,0.08536235727785736,0.21270293591746045,0.05801026786670858,0.08769131573759444,0.18414353893974952,0.12583592776050867,0.06776660120601392,0.4052264431132143,0.27591188192985755,29.80363718084641,24.2067572196033
3359,Lam Dong,VNM,2018,2018-09-22,0.06874186623021138,0.3416173470176158,0.05194334384715685,0.0827270790035161,0.33884782863346163,0.2085094164637478,0.09335627123338097,0.68407325186867,0.6820547653152182,27.136048515107102,18.14746957419764
3362,Long An,VNM,2018,2018-09-22,0.08301296386130762,0.17672006206705798,0.055268516743218934,0.08451449671526717,0.1609619362673656,0.11494965497582152,0.06236718123428381,0.290073616503584,0.22782370277988376,30.78888924057664,27.137986182709934
3375,Quang Ninh,VNM,2018,2018-09-22,0.08732071464914612,0.3158085983324295,0.08242930450954884,0.10327595863139027,0.293693439350687,0.18121231407246846,0.08529220785670644,0.5895793343261994,0.5009926869274426,28.695268126489193,21.700748822842634
3378,Son La,VNM,2018,2018-09-22,0.05429258193742062,0.3204124073759166,0.042560613499348886,0.06908872220633802,0.31074319421124436,0.18792285024780314,0.07960882715959418,0.7328977896281953,0.6559298992257462,29.04666681071688,19.46059201655333
3379,Tay Ninh,VNM,2018,2018-09-22,0.08841673887784457,0.29943877496958693,0.07079220973800548,0.09866913523425261,0.29327335959410156,0.19778324718867774,0.09622299443256889,0.5609107080529956,0.5288243152382346,30.89837746253208,21.828103948648874
3380,Thai Binh,VNM,2018,2018-09-22,0.10445827031980957,0.34316485837779104,0.08853788065949768,0.12221014666172876,0.3001449233289897,0.2032824381545508,0.10600033354585257,0.5519748818989914,0.5348320004610471,29.565311233444202,24.252666879365716
3382,Thanh Hoa,VNM,2018,2018-09-22,0.06241315047217139,0.32729498413506924,0.04833661097240854,0.0765225295895145,0.3062346664983316,0.18669500221908975,0.08081075371671163,0.6902142300762717,0.6169442621462217,29.45660558884064,22.032471179219357
3384,Tien Giang,VNM,2018,2018-09-22,0.11918692145256307,0.30601414672470534,0.10031016889319148,0.12749515301547912,0.27725737716584503,0.19269236940993156,0.10652960025656469,0.463601322732445,0.41531410688277126,29.84850603771379,
3333,Binh Dinh,VNM,2018,2018-09-30,0.08142937985851087,0.31765685737679533,0.07407903575820891,0.09501753872268694,0.2968286857325361,0.17913425971304708,0.08525467603943021,0.6160360964448317,0.5304055118553382,27.431397566619207,20.126788191573183
3338,Cao Bang,VNM,2018,2018-09-30,0.048817342232374265,0.31386544291429785,0.040265833144320334,0.06491332993333784,0.31087895895713147,0.1812650001677632,0.07232772585924802,0.7613863687401853,0.634961794826066,26.528867884790717,17.03647550018454
3355,Khanh Hoa,VNM,2018,2018-09-30,0.09030311343616736,0.3383744370332909,0.0738470119408524,0.10256136972895591,0.32811580486355,0.2154017904062125,0.11025432762925727,0.6273867551433548,0.629299968648963,29.00788398394537,19.534034540739142
3360,Lang Son,VNM,2018,2018-09-30,0.031738909222657555,0.31401914960660093,0.02129011759239257,0.04864659624668406,0.3065045463721627,0.17022685266318385,0.06025386668525853,0.8168414877511704,0.6726028111183316,28.381589555212773,17.184110516621097
3370,Phu Yen,VNM,2018,2018-09-30,0.12978926758322665,0.35251814790515346,0.12474595905226181,0.14405825433664596,0.33213567014713397,0.2193926967599062,0.11652295806720843,0.5247485994555174,0.49599149907204354,27.66610654717453,19.96206995265815
3371,Quang Binh,VNM,2018,2018-09-30,0.12314196608389558,0.3668918460923974,0.1192889141405075,0.1378426090345322,0.3614228355483567,0.24109580744378306,0.12836880007526408,0.5459959004965245,0.5912336150338101,27.474506251190764,19.637427241993837
3374,Quang Ngai,VNM,2018,2018-09-30,0.09369913566115615,0.32023875144723163,0.08881015771681265,0.10701412210128786,0.2924999991231657,0.17967743393514643,0.08876662376070697,0.6036478356965594,0.49825087272704704,28.38514315536406,20.353540762033656
3376,Quang Tri,VNM,2018,2018-09-30,0.1374008276467696,0.37484287027979235,0.1350023344116986,0.15241441870842387,0.36500332104907834,0.24918176022654873,0.1363407811701545,0.5177631113677018,0.5500369862027971,28.58562648943409,20.270080888283946
3383,Thua Thien - Hue,VNM,2018,2018-09-30,0.10454408785078308,0.30022961191648917,0.10418572876787707,0.11745948583860892,0.28819570084348534,0.18793952777758988,0.09956761849664694,0.5472054536397118,0.4367423572083876,28.505223390975733,20.912594079492713
3327,Ba Ria-Vung Tau,VNM,2018,2018-09-30,0.08998464373739279,0.286059562172634,0.07530110128236425,0.10027374544010906,0.27338274724119915,0.18596240304910563,0.09857204526811864,0.5425564244307439,0.45012823209823694,30.297306963819924,21.68625779732044
3336,Binh Thuan,VNM,2018,2018-09-30,0.06294055238000586,0.32367507895278164,0.036366764559008176,0.07230167323688794,0.32266690771487455,0.21111527996748602,0.09843881315058843,0.690923969334697,0.7878115036959609,30.38543238317215,20.21655714985366
3342,Dong Nai,VNM,2018,2018-09-30,0.07701007347787121,0.2853822486851568,0.06406966487453483,0.08964024141684206,0.27941750058591813,0.182639464005322,0.08953462372077527,0.5868722933407878,0.5314581409857583,29.92898099913481,20.733530977246506
3344,Gia Lai,VNM,2018,2018-09-30,0.04474761759465755,0.316358583572721,0.028505569370997172,0.05875195084973638,0.30982091938652206,0.18727141518504906,0.07752246304951153,0.7622823745821976,0.6905613800293369,29.4474333469519,19.02193715770794
3345,Ha Giang,VNM,2018,2018-09-30,0.09796605015556122,0.34624938324843635,0.09246403035539395,0.11335865339687921,0.3390440435741358,0.21791370240312646,0.1073640743989346,0.6391810675042168,0.5976718940356681,25.84633450335832,16.85530405479614
3347,Ha Noi City,VNM,2018,2018-09-30,0.08252602498039355,0.24070776630397964,0.049284390435898724,0.08233919241091048,0.2438850847056034,0.19077440336962148,0.11999579149781503,0.478584447364943,0.5058219713924351,33.75192993466565,22.451683557527687
3348,Ha Tay,VNM,2018,2018-09-30,0.0818207899116697,0.24862869923756262,0.04827905003451786,0.08340000827438657,0.24446815904771269,0.18251606696572373,0.10331869039919978,0.4903301597214616,0.4281275003750112,32.805266591372664,22.326875478330646
3349,Ha Tinh,VNM,2018,2018-09-30,0.1022691452817807,0.34018615983490685,0.09359652870487799,0.11632533425010808,0.33209438172066164,0.21785651488224886,0.10895231454629394,0.5818640505507127,0.5662276036056849,28.9208572775379,20.229217798705122
3353,Hoa Binh,VNM,2018,2018-09-30,0.05159108535701457,0.33850787317600234,0.04093218694346078,0.0688488620776571,0.32719969354205863,0.1955947855108018,0.08080120047157226,0.7391191266345686,0.7072125690379474,28.185143700230455,19.34636230299576
3357,Kon Tum,VNM,2018,2018-09-30,0.04270600760009617,0.29584189663627836,0.03216328298541345,0.0557699166089203,0.2965530582160774,0.1730476317073819,0.06889073307408417,0.771221943625533,0.6309274784454635,27.736878015286212,17.936539967948104
3366,Nghe An,VNM,2018,2018-09-30,0.06356369965649838,0.34733931035523385,0.05199686801301961,0.0791006106640559,0.33515751898744145,0.2003574055951281,0.08628320779218782,0.7142618411221172,0.6769872010231229,27.72838322679721,19.009290248570178
3367,Ninh Binh,VNM,2018,2018-09-30,0.06105788682926964,0.2702957629345122,0.03497366801344135,0.07089663987227941,0.25211493676788843,0.16508159277324264,0.08116590429256286,0.6070466493087023,0.526969668102652,31.301198570905697,21.658847931225644
3368,Ninh Thuan,VNM,2018,2018-09-30,0.07412116836267264,0.35042145559946475,0.043237660388488364,0.08377047224752678,0.3556711613916045,0.24483507111784078,0.12446762495946379,0.6592902607597545,1.0644285755917469,30.90263612174028,19.28845353335762
3377,Soc Trang,VNM,2018,2018-09-30,0.1299163006336822,0.23925962222169891,0.10690210580350402,0.13317173308360078,0.21087787301804933,0.15057799671261593,0.08465481454508329,0.3124726133548776,0.21429587163563588,30.477165791777885,21.784838709677423
3386,Tra Vinh,VNM,2018,2018-09-30,0.11645420921405239,0.2682938063862883,0.09613272022053578,0.12505049568835566,0.23692115837782898,0.16260916877007253,0.08987458222996239,0.416808938819482,0.3325288299017618,30.123010693366197,24.610000000000014
3387,Tuyen Quang,VNM,2018,2018-09-30,0.04970221429769332,0.33402804010668674,0.04289043137263355,0.06643315845538018,0.31651580628325526,0.18367067996349018,0.07333207134693048,0.7558657668361839,0.670395238887991,28.295754002856825,19.120383032776733
3388,Vinh Long,VNM,2018,2018-09-30,0.1400926914621278,0.3171517214003171,0.1286022226294619,0.15103575411561426,0.2845243443039135,0.19489698339947115,0.10874041972331851,0.4143489166345078,0.3589587333549098,30.133774654168107,
3390,Yen Bai,VNM,2018,2018-09-30,0.06562855758589099,0.3350248883263098,0.057248075418157594,0.08198046224855657,0.3284553259719238,0.20177835555229134,0.08820803759499102,0.7026572164646521,0.6580429955570006,27.259498622459375,17.49282263710349
3328,Bac Kan,VNM,2018,2018-09-30,0.032852396666686025,0.3327338744030305,0.02679837524980266,0.051502259090700456,0.315442140139788,0.1723049066137665,0.059725197841489545,0.8289546031221536,0.6979421069146489,26.476290246494294,17.909866339271204
3329,Bac Giang,VNM,2018,2018-09-30,0.054364244180415154,0.29271880283489987,0.033461357558896045,0.0629770214881475,0.289195205014408,0.18306529689307066,0.08571738526324515,0.6811542582126868,0.6163453587023004,31.178884476555385,19.666866833830536
3330,Bac Lieu,VNM,2018,2018-09-30,0.1134541872003139,0.18581513715638853,0.0886314644016052,0.11598929422918082,0.15607432593924683,0.1158856105867605,0.06633320588786949,0.26689597257788616,0.1405040868351512,31.053102391723698,
3331,Bac Ninh,VNM,2018,2018-09-30,0.08136554210128129,0.26721948068011014,0.04663941620804902,0.0848398922271386,0.2533803629868416,0.18353581196800298,0.10594439713719997,0.5261191386691334,0.5187530523201463,32.316030087704775,22.04094068369802
3334,Binh Duong,VNM,2018,2018-09-30,0.12921260563083004,0.32927046711186647,0.11835013682028458,0.13949279530245007,0.3384808609478041,0.2455773069198456,0.13276181628301295,0.4777875812093191,0.5429816946517595,30.7100170223455,18.702562715570092
3335,Binh Phuoc,VNM,2018,2018-09-30,0.06076377852565088,0.29434878826374117,0.045466854801823324,0.07162573693938336,0.30515197625845486,0.19860774897745823,0.08625026174080364,0.6846073134745467,0.6033136485234352,31.083403976221778,19.769698917661994
3339,Ca Mau,VNM,2018,2018-09-30,0.1042503494256341,0.2081966329023623,0.08859977152043716,0.1114250420679959,0.17402820294722804,0.11585286989146133,0.06213793295879128,0.3618556875723617,0.19978895670154023,27.618007098862112,
3340,Da Nang City,VNM,2018,2018-09-30,0.14506791978373046,0.31534519042120274,0.14758221567486773,0.1577995508911036,0.2968130214478531,0.2055272217097697,0.12096702069482185,0.4364199108851635,0.37053533749652257,28.78873184486489,20.695934507287035
3346,Ha Nam,VNM,2018,2018-09-30,0.08440923875886636,0.2668925379784478,0.052333050933559534,0.08841999983066577,0.25922582174629877,0.19050194331966647,0.10568760411397032,0.5068969384533084,0.4778057540115658,32.40236944439178,21.773584674423663
3350,Hai Duong,VNM,2018,2018-09-30,0.07707536181055462,0.25649241438476833,0.04474564806916737,0.08039144545306827,0.25145690592952874,0.18321390842941623,0.10387796188975201,0.5328184179795358,0.49169537209788494,32.424824025829615,21.666549979076606
3354,Hung Yen,VNM,2018,2018-09-30,0.08448002030141637,0.250403505875717,0.0489622154878383,0.0829482523192844,0.2516204661071492,0.1934633486723995,0.11607419155457138,0.4915172193419945,0.48767149760396444,32.88486313249088,21.607353642610565
3364,Nam Dinh,VNM,2018,2018-09-30,0.0657833561764418,0.2829566531340934,0.03652487502259708,0.07497061344379932,0.25469512041665665,0.17184278935621472,0.08983747910150917,0.6079950849975538,0.5696002013599231,30.829014407203072,21.65518324756622
3369,Phu Tho,VNM,2018,2018-09-30,0.05525309368268577,0.3152605724874299,0.03695048190628783,0.06728443955411695,0.30446717314324795,0.18867914806739655,0.08320211686230732,0.6887354722947829,0.6469180268642722,30.006176153283242,20.386428019319315
3372,Quang Nam,VNM,2018,2018-09-30,0.1072702335786236,0.3119541410732225,0.10850611877889325,0.1209989355332574,0.2951468175278423,0.18743132219001218,0.0979580016571753,0.5515455845219553,0.4499821274799326,27.756433716151648,19.5313820057923
3381,Thai Nguyen,VNM,2018,2018-09-30,0.04228527973622328,0.317792736485137,0.028676796053236357,0.05610930806245586,0.3014990805097268,0.17602613523396962,0.07297519019315842,0.7616341792082687,0.6744529114579773,29.652747085854763,19.943010950382945
3389,Vinh Phuc,VNM,2018,2018-09-30,0.07178406887816442,0.2669323200174948,0.04425385198558559,0.07590633387717284,0.26835016048430427,0.19095340020563584,0.10286855828059166,0.5655936015463876,0.545805800225873,31.70185321802998,21.85646323953593
73933,Can Tho city,VNM,2018,2018-09-30,0.12683426770571057,0.22297207641571282,0.10635735304246693,0.1304444100897614,0.1956034124095627,0.14021316508339782,0.07984154656685863,0.2586970318680629,0.18879755894290906,29.217763089163068,
73934,Dak Lak,VNM,2018,2018-09-30,0.06983517245573372,0.3426874133662223,0.053029409133072726,0.08414981963266262,0.3356302237209114,0.2105404168773479,0.09641222843629,0.6908845805836925,0.6825593946651696,29.75059375863262,19.236568733701798
73935,Dak Nong,VNM,2018,2018-09-30,0.05948942527422069,0.31617283711744265,0.04482605682864536,0.07151005811504554,0.3114680325350488,0.19351501688947934,0.086527921662516,0.7127025747538431,0.6450723550734252,29.21929781042858,18.51301849769027
73936,Dien Bien,VNM,2018,2018-09-30,0.07056609869695041,0.38050357946705887,0.05929888286895251,0.08922836431030816,0.37687838608036933,0.22707954728553575,0.09783473709370809,0.7177804512221629,0.7527948536291695,26.766260725931115,16.493432858825958
73937,Hau Giang,VNM,2018,2018-09-30,0.13091343744884384,0.2553823427138758,0.11560613802867888,0.1375506322461326,0.22599215262361347,0.1603154204300368,0.09070681217565597,0.3486153326742168,0.24677183767912636,30.92831326744534,
73938,Lai Chau,VNM,2018,2018-09-30,0.14373684099053272,0.399941084393585,0.13830126830298975,0.1597009654815856,0.39186424786606017,0.2566893480671698,0.13276479352322243,0.57741898449189,0.5951243942243376,27.482373503656664,15.143222312604092
73939,Lao Cai,VNM,2018,2018-09-30,0.09530614140893127,0.37276974635042365,0.08730873271569398,0.11262676841935204,0.3672264841759502,0.23572766775589457,0.11304429329543267,0.6627311179706692,0.6830270520389403,27.00234733603663,15.024530821095603
3326,An Giang,VNM,2018,2018-09-30,0.08943793132484783,0.25672712348510657,0.07373703116273783,0.10293750597590978,0.22042903949750167,0.14870326974603384,0.07429837627328185,0.39925880855319,0.3850740546975365,25.406910491478705,
3332,Ben Tre,VNM,2018,2018-09-30,0.0855107033928087,0.2625046880675731,0.059901105278164925,0.09183117699106519,0.23084571433850737,0.14535220301843454,0.07244966087865433,0.5055728597689954,0.4014643405415821,30.482620986034824,
3343,Dong Thap,VNM,2018,2018-09-30,0.10974114145255416,0.18515275622353616,0.08471030814236555,0.11265061032741423,0.1640833053983721,0.11861990460924086,0.06592221228245705,0.19339734524366176,0.16653852083624493,26.056333869993928,
3351,Hai Phong City,VNM,2018,2018-09-30,0.07991209480078977,0.25301824272068707,0.053809543852687575,0.08742874203166158,0.23318893745588115,0.16433259045405596,0.09359781163298353,0.5314228099162818,0.4422793907321291,31.803061965799618,21.639958492402577
3352,Ho Chi Minh City,VNM,2018,2018-09-30,0.1435181897570294,0.2730593184229834,0.13731644952042246,0.1536252926043442,0.25631750592578256,0.18650513511651964,0.11408727986654645,0.35061305735510717,0.29598038592292075,25.21755212007689,
3356,Kien Giang,VNM,2018,2018-09-30,0.09332138159687134,0.19884989752536392,0.07072363224294419,0.09646263626294972,0.16964003666433858,0.11701010680015202,0.06262070827290726,0.3378386562623713,0.22008653697408598,30.093870220571585,24.517222731439073
3359,Lam Dong,VNM,2018,2018-09-30,0.06686440078482929,0.3300035201691668,0.05189425179628975,0.08040370439143522,0.32614372533182295,0.1994205420139577,0.08850364056502805,0.7009038682450419,0.6456433946435316,27.11369085855394,17.037274284814373
3362,Long An,VNM,2018,2018-09-30,0.09410047907434542,0.16357616268250924,0.07460729083650045,0.09885651575760622,0.14577802189223088,0.10792038063716648,0.06129246551373441,0.22271516404229658,0.16232218593529307,28.773699346613896,27.22115894895541
3375,Quang Ninh,VNM,2018,2018-09-30,0.05421631229960272,0.3006232565099719,0.042224564651614144,0.06888620810713726,0.28643028689199374,0.16978353004470953,0.07328711078070393,0.7021935548021004,0.5877033394906078,29.395409996982774,19.147071733373984
3378,Son La,VNM,2018,2018-09-30,0.06361012388111231,0.34030762367932393,0.05075230729086273,0.07870534577791485,0.340539150921596,0.2115001937863006,0.09329773876077084,0.7088128058679232,0.7077553905989133,27.511544810727965,17.30278357710066
3379,Tay Ninh,VNM,2018,2018-09-30,0.09183585475477007,0.30087889177817984,0.07573062383764011,0.10302515574281197,0.29480340318665926,0.1993407515770111,0.09606741286503578,0.539668382730503,0.5055125489832819,30.467321682755603,22.86649385717949
3380,Thai Binh,VNM,2018,2018-09-30,0.07222825711158178,0.2756149114685381,0.041697374879285966,0.08092091546968332,0.25530125355110206,0.1777245409935595,0.0950870999442136,0.5768636693815321,0.5214291931070696,31.271092522848722,21.490434600383168
3382,Thanh Hoa,VNM,2018,2018-09-30,0.061626730394737955,0.32952544742498946,0.04544875681594569,0.074532597959467,0.3198971389828519,0.19835404352918803,0.08800653629403417,0.6863841016671265,0.6604233761614058,28.64634450585606,20.02377339916722
3384,Tien Giang,VNM,2018,2018-09-30,0.1225228698976415,0.2828146920913775,0.10470246685542514,0.1299319848870222,0.25812558780508227,0.182292239983853,0.10357374401293327,0.4218994041642572,0.3721820819389097,27.600264600507202,
3333,Binh Dinh,VNM,2018,2018-10-08,0.07777932993726414,0.3425996338744704,0.06088457753900971,0.09045863526864789,0.3285900065662474,0.20345112663904744,0.09820373405053695,0.6495061225890882,0.7594307995904159,27.62398005627491,19.73143424206923
3338,Cao Bang,VNM,2018,2018-10-08,0.26265235756590716,0.4067751094820942,0.2746225052644002,0.27647865913120334,0.3902016004584634,0.2888433331678078,0.18100351390888994,0.3239821799430457,0.2795439044974224,24.556787975293997,17.50384615384619
3355,Khanh Hoa,VNM,2018,2018-10-08,0.12546184127259097,0.35469267999454535,0.11324891592329864,0.13669642929091746,0.3418815344602331,0.2341551818876503,0.1302426268508881,0.5309617827578785,0.5881808555257042,28.753881755378575,19.713801555643343
3360,Lang Son,VNM,2018,2018-10-08,0.06392594292975153,0.3192719204763416,0.059915641293604556,0.08056631286633352,0.3018656222590162,0.17954160056046392,0.07580134471173672,0.7194761565727494,0.5840275729270442,28.04134420890869,17.838166386221918
3370,Phu Yen,VNM,2018,2018-10-08,0.1439896842524829,0.37503261877946387,0.13597343068550524,0.15743463589567994,0.35730402183783977,0.2423410488160423,0.13295292386213362,0.48927475008896676,0.5328262522773178,28.34987886212703,19.10306162231416
3371,Quang Binh,VNM,2018,2018-10-08,0.11125517481244039,0.35097092654930206,0.10287331164401278,0.12467749348690853,0.3442174089088141,0.22932826824982724,0.12116998631256533,0.563103068332446,0.5961996472722335,28.407645218602223,20.89849873963212
3374,Quang Ngai,VNM,2018,2018-10-08,0.07012486870328327,0.35307482243203786,0.05368431518007408,0.08418175093464982,0.33589365999895526,0.20492442518982554,0.0949502225125844,0.6867334518396707,0.7066276385493475,27.780359299796874,20.432391605112922
3376,Quang Tri,VNM,2018,2018-10-08,0.07507022029036403,0.35295950114517144,0.06022804926014075,0.09006212017066574,0.3420828588548186,0.21428015488506696,0.09885612644350802,0.6558157475160896,0.7260488992455407,28.998253346601206,21.217172092591305
3383,Thua Thien - Hue,VNM,2018,2018-10-08,0.07151642133430994,0.3302484931286173,0.05848320114911023,0.08597305613581581,0.32012692763265815,0.19736133212356977,0.09082037007344722,0.647734447341372,0.6090399529361199,29.07963165470029,20.967883010343424
3327,Ba Ria-Vung Tau,VNM,2018,2018-10-08,0.060595812830650006,0.2963678211092428,0.03834145027152579,0.07165673686474125,0.2838877539989383,0.18618978676884815,0.08938673336103863,0.6278431081095178,0.6303769653652268,32.0227488170604,20.847189027293815
3336,Binh Thuan,VNM,2018,2018-10-08,0.06180787825931791,0.3465155973673558,0.03154135521355507,0.07126788707925821,0.3512804270882377,0.23200734724551958,0.11079376160834545,0.7036523252311828,0.8669752099953656,31.609646600605007,20.965649151273535
3342,Dong Nai,VNM,2018,2018-10-08,0.0556752544486761,0.3032764799303911,0.03680735838351593,0.0694525260405112,0.3038830094572009,0.1931741582663136,0.088242207849679,0.6536215017033056,0.6841113620529533,32.37513150257117,20.8385756311308
3344,Gia Lai,VNM,2018,2018-10-08,0.07010384680685945,0.3463735063810546,0.0495106330740327,0.08234647423674941,0.3487466834552891,0.22683557550641095,0.10898482313515655,0.6842933647370011,0.7788951081558527,29.784359592838722,18.387818812934498
3345,Ha Giang,VNM,2018,2018-10-08,0.438131879570851,0.5220640648336345,0.45532557229053283,0.4500236302396577,0.4929384901801765,0.3836940684700378,0.24860697142100266,0.1180988418591065,0.12523911055396264,25.14791740878246,11.756668454995571
3347,Ha Noi City,VNM,2018,2018-10-08,0.11346567472225791,0.25580588127018705,0.09070044068649526,0.11617269633361753,0.25557991523075624,0.20322824897367334,0.1291536971746521,0.3950307940308832,0.40271838155223133,33.38352338843211,18.607241600000037
3348,Ha Tay,VNM,2018,2018-10-08,0.10089830873178325,0.2615888035195378,0.07145074940834054,0.10382191584578004,0.2586388729461715,0.1998143771383219,0.11574411446152916,0.4468621296067817,0.43972476415944206,32.07950075293014,19.35126486800119
3349,Ha Tinh,VNM,2018,2018-10-08,0.08922645657836095,0.32222340054870585,0.07206999432213262,0.10028322495779439,0.3166906165914003,0.21115468856324818,0.10494531554387475,0.6041078700639914,0.5711231714404056,30.245887841692138,21.818926702611975
3353,Hoa Binh,VNM,2018,2018-10-08,0.046915528215103454,0.33766996959137546,0.03467789284732865,0.0644180185705476,0.3260109589830481,0.19576982366368942,0.07967708125478357,0.7535144442318599,0.7227583159374642,28.770604463106164,18.252146962383097
3357,Kon Tum,VNM,2018,2018-10-08,0.046300262039973124,0.35088783309450794,0.030780576569903267,0.06207816366726408,0.3566378186928483,0.21216968068903297,0.08515528732177736,0.7725629285688873,0.7923731402759612,27.50447236823084,17.34852952575744
3366,Nghe An,VNM,2018,2018-10-08,0.05298146257556886,0.35466377863942583,0.03742312832078818,0.06891023846396102,0.34266073731220664,0.20493015716303692,0.08510496293113004,0.743248461547264,0.7394224910675401,29.192651417369767,20.16913054395197
3367,Ninh Binh,VNM,2018,2018-10-08,0.07516371005619353,0.28254889450474446,0.046737868176451966,0.08327971250739957,0.2721878805735885,0.18865686226815762,0.09722518594023742,0.5660619480055162,0.5364189338091024,31.994266825662713,20.82664345519208
3368,Ninh Thuan,VNM,2018,2018-10-08,0.07286709255826117,0.34535581768052726,0.04358766468611649,0.08208726298005838,0.34745841301672303,0.23709562984399468,0.12353831810414387,0.6574199546722312,0.8211142014192521,31.314463306501423,20.630877395686312
3377,Soc Trang,VNM,2018,2018-10-08,0.09261521846465559,0.24611180110697198,0.05695318244170845,0.09669850656237915,0.21534763972099283,0.1495864992593878,0.0755487948534273,0.437084847350559,0.3361010421287172,30.080797747190573,22.32764005090202
3386,Tra Vinh,VNM,2018,2018-10-08,0.09003425541130913,0.32601120120992,0.06121984374004496,0.10571340088178391,0.2890200758808326,0.19552853839387935,0.09526077953067458,0.5322198243637645,0.5664200666117913,30.29852151077141,23.228533063189992
3387,Tuyen Quang,VNM,2018,2018-10-08,0.23064962832724023,0.4015417467610986,0.24717802363631872,0.2479936680803421,0.3760243270597115,0.2769098381130257,0.17513284093693318,0.33284389082137456,0.32890418697350227,27.415532377261304,19.92249824354651
3388,Vinh Long,VNM,2018,2018-10-08,0.07919626216672332,0.32517098550693785,0.053072898669058136,0.09234770497739714,0.2884423656459255,0.18075311867893712,0.08251696778504648,0.5833281527147074,0.548232770458513,30.098686822138124,21.141838922433845
3390,Yen Bai,VNM,2018,2018-10-08,0.2627387081690749,0.4068256775414313,0.2814036577343491,0.2794690179188362,0.38623318311064403,0.2913269250686401,0.17960513829223568,0.2789978693012377,0.2617541961718699,25.686454327303732,13.528673607963453
3328,Bac Kan,VNM,2018,2018-10-08,0.19766545386149437,0.38065779002779926,0.21381989302884621,0.21526990352877592,0.3533205950293692,0.2486571149687359,0.15037925915995712,0.39861465742039587,0.3625269131574721,27.111148162453933,15.824732411304891
3329,Bac Giang,VNM,2018,2018-10-08,0.10461114636517363,0.3447952094957247,0.09088063044191197,0.11660516684152344,0.3361031461877892,0.22812244318122132,0.11780375784469597,0.5583001044879173,0.5842622080616389,30.837866705735696,18.153137577968742
3330,Bac Lieu,VNM,2018,2018-10-08,0.09306617046970536,0.18394857570926113,0.05982679463591131,0.09587341926652672,0.14973014933607148,0.11048522035833504,0.05995583694678369,0.3306577529363471,0.18801571985507928,31.2202115014636,25.134979454083084
3331,Bac Ninh,VNM,2018,2018-10-08,0.12896724170782953,0.2872206162396938,0.09971771254553215,0.1319661648706382,0.27973843475295895,0.21812792322186453,0.1338216932997416,0.3985713761039787,0.4001657811661175,32.4209827716906,
3334,Binh Duong,VNM,2018,2018-10-08,0.0884597114729295,0.32905801194255024,0.06905784725442286,0.09908527364589122,0.34515195779130686,0.24816499883267187,0.1268076751882071,0.5958516953473152,0.2597850197834497,34.03603203976924,20.160803114376712
3335,Binh Phuoc,VNM,2018,2018-10-08,0.04405867124158234,0.3174548438583211,0.023858163368220532,0.05634328919482061,0.3362602223180122,0.21738064017375702,0.08848825306732065,0.7462682240353629,0.7641635794260679,31.894531989112192,20.5150713036051
3339,Ca Mau,VNM,2018,2018-10-08,0.09278556346338843,0.2131714627814896,0.07240129794647847,0.10041273630589621,0.17544201127215558,0.1162943671637704,0.061433705893700286,0.4041985406305774,0.23842036901402913,29.474456996867072,22.98037178960104
3340,Da Nang City,VNM,2018,2018-10-08,0.0817623653520232,0.33964385180567847,0.06590114551805742,0.0956837698433053,0.3247859048527964,0.20537970705323547,0.10193910441491465,0.6293621645868507,0.6283234454898019,29.251239580984198,20.84414245874965
3346,Ha Nam,VNM,2018,2018-10-08,0.11126328414885288,0.2584533440295991,0.07980010509293255,0.10954317044105152,0.26550193061961336,0.2137667004629163,0.13084519017269944,0.4033273023499175,0.4108314359009622,33.70731728888601,18.604573038836325
3350,Hai Duong,VNM,2018,2018-10-08,0.14703642316528656,0.30076119627966136,0.1277816683746576,0.15221701432907186,0.2999662806405708,0.23575660199279547,0.14619548127328585,0.36505467359044197,0.3850974863220476,31.31085294262544,
3354,Hung Yen,VNM,2018,2018-10-08,0.1507119244779455,0.2863154631739578,0.1276973290765214,0.15087070955709278,0.2922453150993994,0.2416263066457161,0.15485708205958199,0.3355541979417187,0.366640511179569,32.4848683724585,
3364,Nam Dinh,VNM,2018,2018-10-08,0.09618085816438282,0.2959543131530232,0.06505323564753727,0.10158685861573116,0.281119764448168,0.20647885161392526,0.11570694786926983,0.5166076195946754,0.5288871635971034,30.4839278032118,23.878310559169986
3369,Phu Tho,VNM,2018,2018-10-08,0.09665488765298307,0.329453560651231,0.08920046022661648,0.11113393474586136,0.30736764626186874,0.2015920038938498,0.09908350618314539,0.5832917828079492,0.5319542306420146,29.303273238592777,17.440280512561902
3372,Quang Nam,VNM,2018,2018-10-08,0.06207050306376324,0.3594123735200045,0.049419801316690215,0.07934313613430065,0.3490022122688861,0.20755453424424194,0.08939929600012751,0.7143129769975101,0.6883648252038667,28.14260833297921,19.03495063196317
3381,Thai Nguyen,VNM,2018,2018-10-08,0.11856910106385646,0.35828295644754193,0.11776418596711402,0.1338918277057733,0.33530882540215484,0.222734721623239,0.11881813063239946,0.5629772370162048,0.5447540587635212,29.95607703950332,18.332969665651408
3389,Vinh Phuc,VNM,2018,2018-10-08,0.11715784601278977,0.2929825552605462,0.10091271432212903,0.12433255838921538,0.2864898743065057,0.2115260534561263,0.12204128184574417,0.4592556485813798,0.44070964951103025,30.495023112038695,19.169773325276516
73933,Can Tho city,VNM,2018,2018-10-08,0.09154451946760273,0.19070685009725555,0.06327666195083796,0.0947105402907193,0.16053695793223594,0.11039249707958362,0.055948970479200236,0.2857078355279829,0.21248506816091728,31.283347460734557,18.122187335624293
73934,Dak Lak,VNM,2018,2018-10-08,0.07282648643171255,0.33760611723862183,0.05368960595438585,0.08431177484935007,0.33764654989975584,0.21852528039579694,0.10515956654751876,0.6698716531530499,0.7121397269629841,29.458399238245292,18.458094579974716
73935,Dak Nong,VNM,2018,2018-10-08,0.04677405786303894,0.3478042828729494,0.026224209527702883,0.060299201656201964,0.34961199073148536,0.2145234832691241,0.09071273402432453,0.7619995674380401,0.7999232973517759,29.545517689800548,17.889229104462935
73936,Dien Bien,VNM,2018,2018-10-08,0.18222254562689694,0.3922231178388811,0.18177752236808598,0.1960632314961133,0.38265472587372407,0.2643031149335684,0.14560123993583096,0.4526183034638986,0.45575085451715464,26.403106209358185,18.301406814802323
73937,Hau Giang,VNM,2018,2018-10-08,0.07152071360671819,0.23611965606269808,0.04670011998747856,0.07951054993782343,0.19994356114105818,0.12735403043626875,0.057307567486499185,0.49599594626677246,0.3563360299455389,30.331629863706517,23.854791016656527
73938,Lai Chau,VNM,2018,2018-10-08,0.28419177019031017,0.44269173569708753,0.28862324521463767,0.29609126901297145,0.4224215579444728,0.307326969188018,0.18291877861449074,0.3111031548240036,0.3168945666917411,25.940135678336556,14.850554792342795
73939,Lao Cai,VNM,2018,2018-10-08,0.36770710711947635,0.47180119237974283,0.38251206890199363,0.3798746623484851,0.45423738225133153,0.36615021915890333,0.23855534449580368,0.15930531424051336,0.17513808269253872,25.348823275340322,14.132943447264447
3326,An Giang,VNM,2018,2018-10-08,0.0804128296257347,0.2867796102240204,0.06200588675977496,0.09674508975816001,0.24740780508104365,0.16331636117093182,0.07704545287534413,0.45431228087754366,0.49539151349647453,29.697066343987828,24.466985871863365
3332,Ben Tre,VNM,2018,2018-10-08,0.07021818031403873,0.28720420299659905,0.04203869284059422,0.07867465902042652,0.2542566130447187,0.15547003885691105,0.06906923900640283,0.5690923726781124,0.4974262998665475,30.44314651574537,23.17338405772049
3343,Dong Thap,VNM,2018,2018-10-08,0.08261816531073027,0.16951388431808562,0.05349421899346842,0.08628295566815158,0.14323332435862557,0.09989931151452365,0.05170430275572317,0.22236537108334176,0.21165729554917287,32.236986062537866,20.280650673019768
3351,Hai Phong City,VNM,2018,2018-10-08,0.12077619638806554,0.27785024407322656,0.10546328659790523,0.13045877241697562,0.26045822746095565,0.19239559923699484,0.11448410818185838,0.41688180013720294,0.36667920295873996,30.197276602014156,22.407059163615394
3352,Ho Chi Minh City,VNM,2018,2018-10-08,0.09316982337530486,0.2715947183585337,0.07096002344784472,0.10168246613717906,0.2507252844159017,0.17439673920688115,0.09844798337691714,0.4977456257545646,0.4949126336480109,34.56349552082193,20.66012228917388
3356,Kien Giang,VNM,2018,2018-10-08,0.08247460660147882,0.1918935053733747,0.055990100843000844,0.08567335217111573,0.15734060553249785,0.10658889612699483,0.052314952698201064,0.3567319637823561,0.22772996676279372,30.499822041576238,24.413534804334265
3359,Lam Dong,VNM,2018,2018-10-08,0.04317873594413863,0.33204742328622067,0.02443614015075542,0.05761699949587955,0.3336383107599217,0.1999213620179581,0.08180815035502362,0.7703096140447577,0.747631143388094,28.137229043967107,17.328331767596858
3362,Long An,VNM,2018,2018-10-08,0.06776104572445737,0.1605604650302257,0.04157830106351162,0.07318150312730831,0.1396794716707031,0.10012847281001032,0.052317064223932834,0.3024354468740555,0.24886305704587253,34.02670966389492,23.22948358639139
3375,Quang Ninh,VNM,2018,2018-10-08,0.09883024846388085,0.3241922835635148,0.0931093162157616,0.11401968851939141,0.3068957748754189,0.19791207891739837,0.10116585934390264,0.5619623010729641,0.5114439409862287,28.286892833383924,22.4157423983601
3378,Son La,VNM,2018,2018-10-08,0.10226933343228516,0.34735184791814405,0.0944288419564483,0.11650466190350757,0.34587686300871984,0.22969534869754993,0.11318786595428482,0.602282221999194,0.6118064046056445,27.93341340927026,17.714072717599638
3379,Tay Ninh,VNM,2018,2018-10-08,0.06563611139661166,0.29906447487760646,0.04331382338664205,0.0772332754235527,0.296392128724446,0.19671655028929141,0.0895931499552307,0.6207577152244853,0.632066655958858,32.19676483882652,22.575000525498268
3380,Thai Binh,VNM,2018,2018-10-08,0.13717746702044897,0.3037021575002109,0.11426760667373002,0.14285872276315664,0.29537416906532216,0.23016149608089442,0.1379655089445608,0.4013160227914438,0.40780860965665144,30.059934395745874,
3382,Thanh Hoa,VNM,2018,2018-10-08,0.061342293774590426,0.34027258302190994,0.04250570095486564,0.07460307396569767,0.3320415067807388,0.20952264367247134,0.093054488895539,0.690648960147512,0.6983541507125577,29.73409600758289,21.01098941378375
3384,Tien Giang,VNM,2018,2018-10-08,0.0806058492224385,0.2882227957158731,0.05530636829378689,0.08960579466164707,0.26191081099771873,0.17547466051286267,0.08688983173721143,0.5349694762956946,0.5204728092075475,33.41377920818726,19.452896292728525
3333,Binh Dinh,VNM,2018,2018-10-16,0.07400182216060597,0.3289777567045958,0.05551572449895956,0.08552632922824711,0.31439041168460374,0.19367310758087375,0.09225916497869083,0.6468227271378152,0.6205459088084906,28.457823759055177,21.578495796654252
3338,Cao Bang,VNM,2018,2018-10-16,0.49260519419566945,0.5691281224374188,0.5002312115168567,0.49964707150325494,0.5414592406780812,0.43400984373888607,0.27713994263849406,0.1092243667912543,0.12690265721949892,22.753384615384682,12.670733944047099
3355,Khanh Hoa,VNM,2018,2018-10-16,0.07064891610625708,0.3257751680926209,0.049707483671510545,0.0816453301913351,0.3137436963076019,0.19798701768979785,0.09586775901787624,0.6622124098955523,0.6526014875781916,30.15632218753315,19.276265436404344
3360,Lang Son,VNM,2018,2018-10-16,0.2935413294318596,0.4369457258767691,0.2937515290317637,0.3032490195449258,0.41707831512829685,0.30998506249652236,0.18692407256610155,0.32239620902005645,0.2834018253901194,26.799863511221815,17.961555155613706
3370,Phu Yen,VNM,2018,2018-10-16,0.06614047885318794,0.3220293182202172,0.04726226992068003,0.0781621115223176,0.30538162543204395,0.1894441418318033,0.08804095826331094,0.6739556245254318,0.6053068699496972,30.135878873301092,21.302857903292033
3371,Quang Binh,VNM,2018,2018-10-16,0.1079273270516066,0.3280833607131086,0.10237010797719025,0.12105770559195514,0.3214113535758688,0.2118338110105396,0.10981722393368788,0.5368594682304415,0.5172452833023852,28.040772815128033,21.591709093966376
3374,Quang Ngai,VNM,2018,2018-10-16,0.06957126444172514,0.3324593114261304,0.05584967621087985,0.0833848467970541,0.3093829316345416,0.18392903640357922,0.08215248134511074,0.6767087362433812,0.6000646139886494,28.302442259712997,21.076849262812086
3376,Quang Tri,VNM,2018,2018-10-16,0.08262263656518436,0.3266618358342698,0.07110589513554894,0.09603356837814696,0.31530806689097923,0.2004794742412039,0.09581527942560523,0.6132352229960164,0.5720091335804056,28.042022891392676,22.119884590280012
3383,Thua Thien - Hue,VNM,2018,2018-10-16,0.06460797656331699,0.2919074377382195,0.052558956012764224,0.07717546294270185,0.2811385390309707,0.17219660576145343,0.07880595761653325,0.642697019201126,0.5374334505668621,27.674308036001413,22.318811346377434
3327,Ba Ria-Vung Tau,VNM,2018,2018-10-16,0.07386155018288225,0.2659564555113249,0.0598904474117724,0.0837831982921267,0.25323271459583485,0.16628700904242527,0.08242404390482941,0.562695736968417,0.4685124053632828,30.751673971215187,23.551583281357342
3336,Binh Thuan,VNM,2018,2018-10-16,0.05933421444464847,0.3119528462900489,0.03336161844686503,0.06708887920931512,0.312454931047883,0.20229612012930864,0.09416662428881022,0.6990953107675698,0.7351820880133016,31.12261939261466,20.581378058774288
3342,Dong Nai,VNM,2018,2018-10-16,0.058655609637495776,0.2695694812570556,0.044254866310125165,0.07047649762904637,0.2639813841105622,0.1662103215353649,0.07614086177455923,0.6338273164763062,0.5311444096735226,31.39837704740451,21.890603445671616
3344,Gia Lai,VNM,2018,2018-10-16,0.058699102528993345,0.318796191223433,0.03784780604219381,0.0693067245404663,0.3212678095990987,0.2057414327032929,0.09507889954029797,0.7001115143569293,0.7091423495642157,30.29912021872092,20.158301861381673
3345,Ha Giang,VNM,2018,2018-10-16,0.4620955094901526,0.5465371951047041,0.4672801597200304,0.46833604722349004,0.5252471431169662,0.4139630597957235,0.26275972791384633,0.1212798787653776,0.1355509001946106,25.2342013704148,14.489458524183632
3347,Ha Noi City,VNM,2018,2018-10-16,0.2335637670715845,0.3314316808650414,0.2200940161216262,0.2366431770940923,0.3263073374644217,0.27543631605279584,0.1850684323172708,0.2388970101474856,0.2411734935346416,,22.87330850244028
3348,Ha Tay,VNM,2018,2018-10-16,0.13132806733786634,0.264444573628254,0.10879632514306233,0.1355542374123305,0.2562470810968126,0.20073217196893103,0.1188673070246791,0.3924930762740389,0.3321598267832417,28.647514323376573,21.810246793077816
3349,Ha Tinh,VNM,2018,2018-10-16,0.1435636098857259,0.3310135123832479,0.13779604838630055,0.1554353531547218,0.32249384036269113,0.22089426873449428,0.11758844319057887,0.4300996128868331,0.3999442021044242,27.795664143870155,21.03828662942968
3353,Hoa Binh,VNM,2018,2018-10-16,0.16360834610323183,0.3679198793102569,0.15529225683586387,0.17632546860525933,0.353740585459131,0.24722684477488738,0.13434453381566647,0.5056966362782871,0.46002087887200666,27.08903577186056,19.911501044619488
3357,Kon Tum,VNM,2018,2018-10-16,0.046004375811922286,0.32371120262843606,0.03254576122827038,0.060332307676845484,0.3241881143824703,0.19053505789643102,0.07529842302452382,0.7608518164676914,0.68671097545208,26.654437181217634,19.007381246877692
3366,Nghe An,VNM,2018,2018-10-16,0.17880042923524445,0.3764756142772704,0.1807668547014344,0.19210423059640544,0.36074034568844204,0.24607581096338993,0.13535182956723896,0.4160780072477814,0.3969693168833523,26.96029140944486,19.18968713504115
3367,Ninh Binh,VNM,2018,2018-10-16,0.1596693084548463,0.28709235604036215,0.14548124975222523,0.16669911385677266,0.27360108201125155,0.20796387367150826,0.12493778849088498,0.32821527652543825,0.2660754373669995,26.87041018782518,22.339803609079606
3368,Ninh Thuan,VNM,2018,2018-10-16,0.07113321629603048,0.3401820827427108,0.042323886993364326,0.08001590884198856,0.33753156129129214,0.2246758574774268,0.11263116774525107,0.6647083407498653,1.626419378171485,31.827213963372415,19.47119821272869
3377,Soc Trang,VNM,2018,2018-10-16,0.08680451704098575,0.21580083547124662,0.05525226896280318,0.08873819886422186,0.18573781478830892,0.12799442467046976,0.06719316435797673,0.4054941754722196,0.2853022935959642,33.62195465267853,25.201938374164804
3386,Tra Vinh,VNM,2018,2018-10-16,0.07692200629674924,0.26514656374764045,0.05353468655434886,0.08692015417329624,0.22985193077937072,0.1459177481018035,0.07025939208169495,0.5244936904557214,0.4212906049925635,32.36816098222674,25.467973957189237
3387,Tuyen Quang,VNM,2018,2018-10-16,0.4049345733667327,0.5285911231279478,0.4076133266579216,0.41327470657109694,0.5037648103690454,0.39911032698794463,0.2577864923451685,0.20723793829013848,0.2238989283105234,27.83514684807407,13.096901378737773
3388,Vinh Long,VNM,2018,2018-10-16,0.09574449514021446,0.26166393535013116,0.07612383118183139,0.10245487695048795,0.23819514950266132,0.15452841137378792,0.07780793673044874,0.4587300180620496,0.35650278130231033,32.08214961996984,24.46356894331799
3390,Yen Bai,VNM,2018,2018-10-16,0.24167613170917104,0.41157392686426103,0.24118897202579298,0.2528028061698389,0.40276185796180297,0.29342097576070475,0.16997713142321763,0.3547334331242342,0.34444571363645804,24.52797859289803,14.894929781703828
3328,Bac Kan,VNM,2018,2018-10-16,0.4000299319630633,0.5249586767379295,0.40621786515938313,0.40947181434864155,0.5008479713785507,0.39966156554583043,0.2625219132856306,0.20307331950693938,0.22147372841722973,25.619762137504114,13.00416653733667
3329,Bac Giang,VNM,2018,2018-10-16,0.2835576067434484,0.4142244864982845,0.28037160021519886,0.2908871591602652,0.3973184988522443,0.3056649938673643,0.18863543769402877,0.28592618093572925,0.25925648944539387,26.234748625672314,19.66103445376261
3330,Bac Lieu,VNM,2018,2018-10-16,0.08420976556144828,0.17048920652363603,0.05241549962580955,0.08603465496815678,0.13734986233020385,0.1014059195327499,0.05677376970765682,0.3285215890781306,0.18971349446204558,33.02329910647939,26.841491712498907
3331,Bac Ninh,VNM,2018,2018-10-16,0.2622912720919326,0.3539417410353634,0.24619698153531736,0.26345998620525307,0.3473308839670036,0.2889260511252526,0.18784371074263242,0.21837609870945082,0.21088477046681547,,
3334,Binh Duong,VNM,2018,2018-10-16,0.08191585628779045,0.2910392848944948,0.06410718763270941,0.09085876354056051,0.3034349841999451,0.21430908814504435,0.10763546804581417,0.5950372302966807,0.5985527518410024,32.29256272777396,20.780478998984428
3335,Binh Phuoc,VNM,2018,2018-10-16,0.04100676271067247,0.27180139082859095,0.02343393786850781,0.05102274874231678,0.2839977683270346,0.1796499065940235,0.07123277086266488,0.7335629243736048,0.5971610248317488,31.345017173057936,20.723193611124305
3339,Ca Mau,VNM,2018,2018-10-16,0.07552651558886399,0.19306292522766438,0.051013460696951424,0.08119009579748487,0.15801921154467874,0.10046738476126009,0.05042607462938737,0.4346114140539644,0.24031093623158759,30.967529060404427,26.962605427040174
3340,Da Nang City,VNM,2018,2018-10-16,0.0849429092577412,0.3056473559197688,0.07358035419592555,0.09810066195166808,0.2905723694462703,0.1846227392351797,0.09172558723281056,0.5848242067398385,0.5106479031799447,28.046212002962047,21.72066568755591
3346,Ha Nam,VNM,2018,2018-10-16,0.18753849745681417,0.28767047470678797,0.17044710205973676,0.18984420232029908,0.2788968559962237,0.22845078327572432,0.14555830735476008,0.26631592405530025,0.2184907216969391,28.488738268021315,22.76039125032006
3350,Hai Duong,VNM,2018,2018-10-16,0.19474349786040548,0.3077789409870311,0.17967029123759434,0.1971396661784347,0.3066209920429308,0.25186398067936294,0.16152954270516326,0.281379230958001,0.2705514228371488,23.37781362007173,21.236122779894767
3354,Hung Yen,VNM,2018,2018-10-16,0.2356662055120407,0.3322920642688189,0.22177939150779793,0.23715633377650558,0.3297187162154858,0.27339871057511167,0.17756589067304218,0.23186688122126817,0.22398217872582957,,20.588926803035207
3364,Nam Dinh,VNM,2018,2018-10-16,0.16681632587112027,0.2839163327831305,0.14900610720349572,0.1704504654086414,0.26586437680965885,0.199275818836821,0.12040872047985006,0.31585222494749704,0.25557027441149205,24.5501115124006,22.553921632090294
3369,Phu Tho,VNM,2018,2018-10-16,0.1542554672786208,0.3511720686575255,0.14355247478917946,0.16472578692060866,0.3369517829953659,0.24374340226482485,0.14238169082910013,0.4742208170935945,0.45830391194262204,27.4572515733716,16.494906886616135
3372,Quang Nam,VNM,2018,2018-10-16,0.07140782748728905,0.3275770895055049,0.0621222089070865,0.08660191535713109,0.3125337617929109,0.1847539350453978,0.08170078586815761,0.6621642602381916,0.5866251100702433,26.53280714181809,20.63949399975993
3381,Thai Nguyen,VNM,2018,2018-10-16,0.24977190850618572,0.4165571710174164,0.24801427192472658,0.2603913998358877,0.39543302711121525,0.3001753532218066,0.1898486809525933,0.3482504946991993,0.33568374831099007,26.66772213071579,12.946920860129945
3389,Vinh Phuc,VNM,2018,2018-10-16,0.14774354858363412,0.29892251522674274,0.1345855334250642,0.155403161471647,0.29008563828491024,0.2199546093871959,0.12840230193735044,0.40883949411429693,0.3482562134136228,28.192373543671795,14.017827349831549
73933,Can Tho city,VNM,2018,2018-10-16,0.11292605954617815,0.17878824821882233,0.09113259562984581,0.11453841593610306,0.14851504985370378,0.10850829508323202,0.06327420474783815,0.1927567906142156,0.1342247496860671,32.93344684135715,26.67571872248216
73934,Dak Lak,VNM,2018,2018-10-16,0.05517857327143824,0.31017823325571936,0.0328840566618885,0.06482958120698773,0.3132099018497029,0.20024639397465313,0.09199941339707075,0.7050760312477108,0.6923616866949058,31.60502455207089,19.478415370570083
73935,Dak Nong,VNM,2018,2018-10-16,0.046642698419326646,0.3054533099642432,0.029458014418508947,0.057542730886977804,0.3039150423075942,0.18455695060477434,0.07815478162996856,0.7441637159565404,0.6571201662751271,30.83775449650859,18.955654443434657
73936,Dien Bien,VNM,2018,2018-10-16,0.08522065958692028,0.33215497543587186,0.0768054451263401,0.09923022054561957,0.32906115575053646,0.20407820204101684,0.09420322315444161,0.648829140386421,0.581957594729093,26.4072539357398,18.405545409687807
73937,Hau Giang,VNM,2018,2018-10-16,0.10016200440547578,0.2179048591195366,0.07980561976777893,0.10344615715545283,0.1867368464947177,0.1270764379973756,0.06871875189574603,0.36980018478278326,0.2471224926127267,33.11332321572674,25.89665668047941
73938,Lai Chau,VNM,2018,2018-10-16,0.12540521812531294,0.33361352878098005,0.1206088713298349,0.1374752311986782,0.32480788292578827,0.2113816561187185,0.11012771120062496,0.5749267164531028,0.4738097761630046,25.656889257249386,16.78505043077531
73939,Lao Cai,VNM,2018,2018-10-16,0.2589971360128557,0.4160603469897906,0.2635030115431819,0.27031367321432115,0.40929031475220423,0.30932200726089454,0.18838759178855588,0.30996917679807207,0.31886569004118,25.066595172403993,14.582329500059675
3326,An Giang,VNM,2018,2018-10-16,0.08716782206349147,0.2862325804683363,0.06851834435798071,0.09975581032245961,0.24211554319482867,0.1558505525271578,0.076678377581851,0.4293566500787339,0.4554032531358912,30.15361551764174,26.61399940067874
3332,Ben Tre,VNM,2018,2018-10-16,0.07142333963661071,0.2595556916156336,0.047821665509736,0.07980664502303603,0.228853554674525,0.13781375936935392,0.06426310173184968,0.5314162850425342,0.4220103363821523,31.34349880150851,25.070798023576067
3343,Dong Thap,VNM,2018,2018-10-16,0.09371261514314867,0.16608400970515605,0.06572994841337558,0.09514808776358054,0.14582548694242045,0.10590190076923194,0.06014253802863198,0.1970344006977993,0.17277041966530593,31.486249196863042,26.722412635154804
3351,Hai Phong City,VNM,2018,2018-10-16,0.2042264401930059,0.32141658068099177,0.19396369110618317,0.21128847698038686,0.3091519646586808,0.24294251790474003,0.152715158595513,0.2881494440576944,0.2637148983380684,25.316472491773084,21.417027532576686
3352,Ho Chi Minh City,VNM,2018,2018-10-16,0.09463656356133655,0.242076303901022,0.07747121199057672,0.10273698492893173,0.22705918133882944,0.16010275420657136,0.09534324422371292,0.45406965548846917,0.3721286407810948,32.48210390432584,25.333799296376025
3356,Kien Giang,VNM,2018,2018-10-16,0.07560919406415471,0.17893167129014242,0.04717891965866125,0.07620241351875402,0.1445091635089542,0.09602394683111394,0.04667219055061444,0.35037311108946484,0.22397304100386253,31.1828114558396,26.478337285109777
3359,Lam Dong,VNM,2018,2018-10-16,0.04877341863104552,0.2966347468306407,0.03321832168627248,0.06035028842116137,0.293311788496426,0.17335379297148285,0.07245711858720685,0.738813532359094,0.6067571563600288,28.37700440639775,16.885477910007012
3362,Long An,VNM,2018,2018-10-16,0.0698415364815605,0.15169254061694112,0.04538631196599345,0.07382836482458985,0.13279037413058412,0.09249778560193146,0.04921740228575555,0.29390030393378536,0.2049174935084186,31.35078856696905,27.044766992508553
3375,Quang Ninh,VNM,2018,2018-10-16,0.23389838656240275,0.36825630237334195,0.23521205648102556,0.2443342227295418,0.3466278393968179,0.2560386063977046,0.15505461372738683,0.3195024810560658,0.27293720882753114,26.55083221002724,20.854210522354148
3378,Son La,VNM,2018,2018-10-16,0.14405551255629984,0.3604576395519477,0.13659514648575863,0.1560155553428608,0.36233545472486245,0.24940920888820498,0.1333094198354908,0.49260068870094964,0.5073771617756203,27.143927005897115,18.310090299898377
3379,Tay Ninh,VNM,2018,2018-10-16,0.06239786998190128,0.28195968821766365,0.040053759795863925,0.07291056406848047,0.2818917847313286,0.1852289553096157,0.08305352967531397,0.6194954817449178,0.5752477557259726,30.657406811002975,
3380,Thai Binh,VNM,2018,2018-10-16,0.16286475395426436,0.2727465563676087,0.1418022340305843,0.16365884271543257,0.2702049511518236,0.2124046955427214,0.1290429044393669,0.3010114140700874,0.26251805464875594,25.673715062441605,22.12642511287837
3382,Thanh Hoa,VNM,2018,2018-10-16,0.23598883806614782,0.40397217717429335,0.2348454636963102,0.24643117019740113,0.3883807611011822,0.28822038946128264,0.17229683944971147,0.3368156244031141,0.3413210248473617,26.675434503575637,20.462709424905356
3384,Tien Giang,VNM,2018,2018-10-16,0.07333798870507201,0.24414611818261586,0.05106491117889116,0.07987833136453404,0.21508416136806507,0.13885507109789913,0.0692562555769012,0.49826191678027015,0.40512815687555526,31.059493108422387,24.96375884763753
3333,Binh Dinh,VNM,2018,2018-10-24,0.09564081264274578,0.31790330049378734,0.0873902531240345,0.10712838618945837,0.29838468302619564,0.18322319282044824,0.09223905858435823,0.5900671669065727,0.5036742457788781,26.43431777595595,20.121215561310166
3338,Cao Bang,VNM,2018,2018-10-24,0.029282646534219026,0.27400052072274955,0.01780299686350415,0.04251935034136372,0.2827114951435993,0.1656944955099932,0.060848074739061606,0.8064176498146983,0.6192533936195785,24.31957101271118,16.11125923770471
3355,Khanh Hoa,VNM,2018,2018-10-24,0.1588983364446348,0.3646635543282458,0.1547879531334888,0.17087756884657018,0.3491483529616716,0.24390470506872666,0.14239080397498877,0.45046358780697066,0.3173528915106354,27.257768881413856,20.140276970228356
3360,Lang Son,VNM,2018,2018-10-24,0.03190773138004393,0.30042327578217676,0.021621808302819845,0.04714470994122909,0.30248160899224136,0.17159278524029797,0.0626627114687818,0.8086191502403764,0.6585900609399252,26.358899737996524,17.001459769820972
3370,Phu Yen,VNM,2018,2018-10-24,0.14606055085860828,0.3562084775052303,0.14578350786538466,0.16000135592690443,0.32944602422747127,0.21638591407383412,0.1172707921828209,0.46978599843027796,0.4406315318507824,26.77323131313221,19.755083428067557
3371,Quang Binh,VNM,2018,2018-10-24,0.12264167218458952,0.31400692511681944,0.12350467383949955,0.1349040512896309,0.30723878127903786,0.2054795365248388,0.11091504044599831,0.49011272418432916,0.42481818251041154,26.207588488399974,19.129534222739586
3374,Quang Ngai,VNM,2018,2018-10-24,0.0736800823748747,0.32377416493461436,0.06215151617338069,0.08664518771731308,0.30333242191339077,0.18225358374730213,0.08661702096682397,0.6581097840200318,0.5861953469774251,26.57353673041672,19.924041365355002
3376,Quang Tri,VNM,2018,2018-10-24,0.07692285749555333,0.32489031003366375,0.06500982159327842,0.09047191842260097,0.3141539368503749,0.19705484864882916,0.09339243310697964,0.6357260657559985,0.5877900869459843,27.806567615788968,19.158283163856762
3383,Thua Thien - Hue,VNM,2018,2018-10-24,0.08037220100138293,0.2825990945067391,0.07283777033456072,0.09132275795853406,0.27113465321248253,0.17063546397823282,0.08626055828024079,0.5874721896980294,0.473110606119292,27.548442097614014,19.591266308443476
3327,Ba Ria-Vung Tau,VNM,2018,2018-10-24,0.05754647790088859,0.2949290581690765,0.03423871321801542,0.06866948135224787,0.2836665029772761,0.18359962959496304,0.08848774470065804,0.611105223935098,0.606604342909156,30.31058743167214,22.845519238075024
3336,Binh Thuan,VNM,2018,2018-10-24,0.05373690213104861,0.31149468357925564,0.026622058803528487,0.06149763901725536,0.312236372705993,0.20172067849743727,0.09375096811027306,0.7178814137653853,0.8273794163657654,29.62712987001501,21.959466986545973
3342,Dong Nai,VNM,2018,2018-10-24,0.04912467565056408,0.2898599896570916,0.029571708622561855,0.061729529275838066,0.28449588170768964,0.17588277445265801,0.07720120357122587,0.667636297586785,0.6167736116369085,30.0463473821488,21.877537522350796
3344,Gia Lai,VNM,2018,2018-10-24,0.0649914927871303,0.31642418044620935,0.046435992660952906,0.07503580343168002,0.31966782470024263,0.20560191749154355,0.09766255180132905,0.6794247234851105,0.6788574644717709,29.017627533913984,19.139498976621653
3345,Ha Giang,VNM,2018,2018-10-24,0.03203884196048656,0.24503468299840842,0.021289196677410714,0.042645315133971975,0.24559460520595186,0.14745818662850924,0.05598044102441941,0.7845488114448105,0.5311219222511163,23.569965921490056,12.961053883656593
3347,Ha Noi City,VNM,2018,2018-10-24,0.08144635138800098,0.23305352123294268,0.04985510549159404,0.08119096577997388,0.23948265882484238,0.1842689837383646,0.1131988577177273,0.47186832458407013,0.4647620448149527,31.229881902676897,20.6778217460568
3348,Ha Tay,VNM,2018,2018-10-24,0.07481567267678112,0.23051188893549798,0.043864214223465224,0.07690537831032036,0.22756456602898958,0.166602398460717,0.09200090641832084,0.494481440271188,0.4320383684149955,30.2825051935324,21.352772399163882
3349,Ha Tinh,VNM,2018,2018-10-24,0.13207509861397013,0.30272463770017577,0.12856374517890587,0.14219074263667866,0.29356454041999747,0.20261271150751495,0.10910137039740277,0.4569209640032947,0.3751431947923965,26.28080222180145,20.79825758741012
3353,Hoa Binh,VNM,2018,2018-10-24,0.044826350522027186,0.2884334414119429,0.0332392151501358,0.057971123194327845,0.2804385663648547,0.16831660249376534,0.06902880761761807,0.7365500214571894,0.5949419827878293,26.544319381117568,19.44397039937806
3357,Kon Tum,VNM,2018,2018-10-24,0.0443973193786833,0.3159313143135133,0.030142386331769837,0.057210617868323266,0.3207629901333387,0.1897884601033965,0.07805437545786612,0.7622847417495607,0.7013307336127675,25.854542834196945,17.726682847109355
3366,Nghe An,VNM,2018,2018-10-24,0.08587739305195828,0.32849866172877185,0.07840229301256288,0.0989347855812756,0.3204102170815357,0.20092357697997415,0.09572070883186627,0.636952774790371,0.5787264035498194,26.138301530387402,18.94703799981027
3367,Ninh Binh,VNM,2018,2018-10-24,0.06540707617754292,0.23101354654166992,0.03802055142728328,0.0693270091590978,0.22987829977147675,0.15821784206519443,0.08149382395873095,0.526139531968892,0.42783679532838725,28.95451725009839,21.48860458200368
3368,Ninh Thuan,VNM,2018,2018-10-24,0.07839093381566486,0.33600735871799015,0.0533889847909956,0.08737267927361803,0.33369324329491223,0.22521301934105117,0.11628295767100821,0.647731562853244,1.885882732360601E11,29.20740875267459,21.389253273416504
3377,Soc Trang,VNM,2018,2018-10-24,0.10352938515100592,0.23381094126553248,0.07439193548294182,0.10650549608319831,0.19443286801438214,0.1346210610885236,0.07237229109823418,0.38101609657069835,0.2778589742233913,29.20715121485721,24.99746443209175
3386,Tra Vinh,VNM,2018,2018-10-24,0.06261171876970921,0.28125761277685163,0.038959850675619905,0.07385109410617265,0.2376691008168316,0.1468248036595209,0.06746693534041415,0.5917531689273264,0.5101120907506397,28.613346173590063,24.310046654212154
3387,Tuyen Quang,VNM,2018,2018-10-24,0.033119180775303986,0.29722466917205054,0.024421102194646903,0.047582029946649354,0.2875306124403856,0.16492800616495193,0.06004987147290382,0.7987398308833169,0.6370867301233045,25.61217310869168,18.059154374161814
3388,Vinh Long,VNM,2018,2018-10-24,0.08443283680069393,0.2460051135226123,0.0600164299481041,0.08930047709809903,0.21775845110685874,0.14313435426385226,0.07311084209924729,0.4652647323211107,0.3612375660120166,30.636902134603634,23.61240789508949
3390,Yen Bai,VNM,2018,2018-10-24,0.036780290738398586,0.2534886979200377,0.028292531729905472,0.04788589657868995,0.24827158524275633,0.14699707997246733,0.05685184071801523,0.7593272483804849,0.5282207741628371,23.336378492275774,14.763036486329778
3328,Bac Kan,VNM,2018,2018-10-24,0.027648410574495668,0.2934949935487166,0.020761664993424432,0.04248738471199274,0.28419989104583143,0.15664686560889987,0.053665303724587554,0.8310032464961886,0.6344739701782753,24.707733062668535,17.04508677024755
3329,Bac Giang,VNM,2018,2018-10-24,0.05390632106067155,0.2831947453993557,0.03314747135866714,0.06156689564950546,0.28463467962669964,0.1806906601656478,0.08351184010587265,0.673820398777062,0.5905185908675493,29.111220481951538,18.974865430959102
3330,Bac Lieu,VNM,2018,2018-10-24,0.10210592149244288,0.2068786909170764,0.07655666517779232,0.10761477021294931,0.1693927254777523,0.1225293041975935,0.06809678348605758,0.33188739330182365,0.2289467429355874,29.63077168473415,25.29715932547242
3331,Bac Ninh,VNM,2018,2018-10-24,0.0956488793160124,0.2262503731156183,0.05641169244174842,0.08924874225995441,0.23775879582324436,0.19132455699136425,0.11828871571787901,0.40140952132153956,0.38911695811571095,31.038384487928685,21.34510743300712
3334,Binh Duong,VNM,2018,2018-10-24,0.05621638480115203,0.27526588443945743,0.03232631206803524,0.06348248072400356,0.28802962030724044,0.20117782560584674,0.09957594187418554,0.6611576527198747,0.6716887157244661,30.957396854547827,21.840984961231968
3335,Binh Phuoc,VNM,2018,2018-10-24,0.040690002404175425,0.2719677757272061,0.022176887149287415,0.04990094174862189,0.2837224170589205,0.1775856592364021,0.07274818133705134,0.7310457134196199,0.6075395349785194,30.70454688370772,22.306982109349903
3339,Ca Mau,VNM,2018,2018-10-24,0.11016752686008743,0.21507910603296024,0.09487236598830694,0.11706779323018697,0.18151139228550697,0.12334936642149437,0.0696586305854723,0.34564550430132374,0.20448393744236526,28.83231791882799,25.05863924512015
3340,Da Nang City,VNM,2018,2018-10-24,0.09920733141236057,0.308751736957694,0.08874344780125373,0.11079495178370764,0.29361852467727584,0.19165076304956516,0.102926271890257,0.5564747038107286,0.49541015437219926,28.00492122812027,19.950634521919028
3346,Ha Nam,VNM,2018,2018-10-24,0.07364431725577286,0.20184143233306337,0.04672511202504441,0.0745147253931194,0.19774775166741068,0.1441580567014997,0.08081254469133592,0.4543442601541261,0.33095789074301935,29.68008602168748,21.721788929417173
3350,Hai Duong,VNM,2018,2018-10-24,0.0811623794169997,0.23553563916718587,0.04767812793575263,0.07983886828295715,0.24468279253021494,0.18530150906913284,0.10706634688047012,0.48210193586045164,0.43893171389285046,31.00234368323146,20.126565958100983
3354,Hung Yen,VNM,2018,2018-10-24,0.0805841713808993,0.2267429359227953,0.04748970395897268,0.07773194004302013,0.23018567934571646,0.17316832153669742,0.10095408237278249,0.46836404750845184,0.4089884776672527,30.784615034643185,20.976393865159665
3364,Nam Dinh,VNM,2018,2018-10-24,0.07796662202414376,0.21167817134221753,0.044830396064053736,0.07488612482025825,0.21255090488247833,0.15967805354267076,0.09235787003938581,0.44957864216077453,0.3557966260064503,29.636898497312018,20.922474362061642
3369,Phu Tho,VNM,2018,2018-10-24,0.04737158228664053,0.2831493125421205,0.02972435173922436,0.0578299384297326,0.27574192362116784,0.16940723370222668,0.07140431792178524,0.7018746635115738,0.582239009673429,27.452593681270024,19.88349660519226
3372,Quang Nam,VNM,2018,2018-10-24,0.09945395460415697,0.3231937076404252,0.09581217080076397,0.11300398545466848,0.307780522853148,0.19283812549007784,0.09802617519669925,0.5794974364249837,0.44232378680397133,26.049769659432197,18.400966251301984
3381,Thai Nguyen,VNM,2018,2018-10-24,0.05651741918091981,0.29993391691476246,0.04449306602579707,0.06799179541856351,0.28705269071659856,0.175480939501133,0.08012961771265419,0.7137868734012767,0.592532148335402,27.63378479725617,18.94007488751426
3389,Vinh Phuc,VNM,2018,2018-10-24,0.059281447579628055,0.2467481172981214,0.03500177135416093,0.06491697972029058,0.2426508723061321,0.1663539115949836,0.08331393112829481,0.6065547997602957,0.49551805758772904,29.365797768039688,22.331923331846394
73933,Can Tho city,VNM,2018,2018-10-24,0.09319957226927347,0.1555154606405075,0.06137166246053298,0.09298499429692351,0.12227730092957394,0.08619666562890897,0.049796304429120544,0.19635752318488695,0.14623003934181963,32.35691245123559,25.485733082201723
73934,Dak Lak,VNM,2018,2018-10-24,0.10321452887154924,0.3274154480397365,0.08878813284252278,0.11171659793444202,0.3300411115025824,0.22327128528044748,0.11895356819292256,0.5825717137759637,0.5798461745256217,29.01149138749008,19.350339296421517
73935,Dak Nong,VNM,2018,2018-10-24,0.05713810049587905,0.3051334496220296,0.04066798189957738,0.06650248487419162,0.30395495685596957,0.18695226611397178,0.08485024914197373,0.7089453434265977,0.6277328663581988,28.400821491346584,19.47330569041038
73936,Dien Bien,VNM,2018,2018-10-24,0.05795869838856104,0.2840027856780546,0.04972142448102148,0.06963755316557926,0.28032743343369143,0.16799153199437622,0.07239598766360264,0.7139044304592609,0.5399401333359353,23.294925925495964,16.739773105751677
73937,Hau Giang,VNM,2018,2018-10-24,0.10445918105243186,0.2178516506176003,0.0818876525475085,0.10692831560899738,0.18186177792839175,0.12571164050855418,0.0698158975172124,0.3462358845800534,0.2376326848062327,29.91871731770086,24.840060318268282
73938,Lai Chau,VNM,2018,2018-10-24,0.05241062003854987,0.26707857439239063,0.0435640683499499,0.0627859769323598,0.260426635687161,0.15299490431367452,0.06477372278882221,0.7383733456999906,0.5106291244351784,21.29825183796073,15.248775905906506
73939,Lao Cai,VNM,2018,2018-10-24,0.03977525245926729,0.24120173476472964,0.030684925180459614,0.04950977736935642,0.23668639053816154,0.14307752055411835,0.05749735803417288,0.7580181952131091,0.49098117656472207,22.419306729338697,11.864186568321813
3326,An Giang,VNM,2018,2018-10-24,0.06279191454014856,0.24854230199638766,0.03823181269978531,0.07005948526232088,0.20567030127819316,0.12163131164693915,0.05545666017974,0.49609703042109504,0.4252670996415784,28.475123728818595,23.7888099569981
3332,Ben Tre,VNM,2018,2018-10-24,0.08094205398645518,0.2654638473674694,0.060313208703981304,0.08861261054356408,0.23118619141385183,0.1419828306459373,0.07027136462498774,0.5185072511524784,0.4041058215715156,30.04310234792259,23.88045609014846
3343,Dong Thap,VNM,2018,2018-10-24,0.07899843672858861,0.15206343771769595,0.0457557379279305,0.07841958378702804,0.13112620689518295,0.0940251371571637,0.0512682363357718,0.24627933471866803,0.17552646899929467,31.63962033538111,24.392416365909863
3351,Hai Phong City,VNM,2018,2018-10-24,0.08107137877562316,0.2179512081591154,0.052653287040577104,0.08193884701390941,0.21840846261366922,0.16250595279775426,0.0949178658932275,0.4572851891591461,0.36773294407879104,31.061170404983475,20.594657751718923
3352,Ho Chi Minh City,VNM,2018,2018-10-24,0.07816741433565005,0.2353747498310538,0.054430439570020035,0.0836083938756234,0.21713440691836755,0.1510575093552951,0.08957811755920103,0.5002019617172491,0.40850382191320217,30.828099419087334,23.30945109499311
3356,Kien Giang,VNM,2018,2018-10-24,0.07772148453069225,0.17606742890755156,0.04987843652021607,0.07663979213337621,0.14115816950146706,0.09341077696437498,0.04714837693081572,0.35188877190075285,0.20985596285654004,31.043674676452284,24.742490224062674
3359,Lam Dong,VNM,2018,2018-10-24,0.04581044143700006,0.2956355859601556,0.02930182569545123,0.05666704394463024,0.2921026179684301,0.1712139917986904,0.07235410058277142,0.7458248332171417,0.6162886995337575,25.89500524801105,17.635728929724255
3362,Long An,VNM,2018,2018-10-24,0.07094171991497336,0.16322843532325276,0.042364172006469795,0.07249433084662978,0.14345527959264678,0.10215468745521553,0.05545246605713275,0.3236737311750578,0.2350073310548556,31.04189881903475,24.812263469711336
3375,Quang Ninh,VNM,2018,2018-10-24,0.046412884710072495,0.26416931525903503,0.03466105865846582,0.05850433741917922,0.2570779325649336,0.15254550577587622,0.06617792207477236,0.6913977092406491,0.5314824129442305,28.03579837657966,18.701099799906913
3378,Son La,VNM,2018,2018-10-24,0.06613584606929897,0.28990389323351096,0.05476387399069472,0.07739448417391565,0.293464557302678,0.18795401594059238,0.08638131480418196,0.6785824980532843,0.5724695371079829,24.225519090626953,17.288360886499035
3379,Tay Ninh,VNM,2018,2018-10-24,0.05735937662522565,0.269715633077173,0.03340064459543655,0.0656125786072457,0.2750829598939656,0.18168669973807164,0.0871557988668192,0.6253437912329199,0.6024261750862828,31.079081592833532,22.547423659252797
3380,Thai Binh,VNM,2018,2018-10-24,0.08611810130839966,0.20941586176950325,0.05099947202246432,0.07999425084617023,0.22169211801616404,0.17385948261717465,0.10350996991794659,0.41217617149803976,0.3391308345345364,30.720310889673964,19.821174356988095
3382,Thanh Hoa,VNM,2018,2018-10-24,0.05223030249920756,0.30156870227035837,0.035635088061104866,0.06329619783281829,0.2957730691447205,0.18119434285189098,0.07794437142668252,0.7014360322607353,0.6171894300765833,27.22453534673659,19.97484608842067
3384,Tien Giang,VNM,2018,2018-10-24,0.06944530214294892,0.2553127599880027,0.045341337660134304,0.07680630971230364,0.22262330738914762,0.14350057250634674,0.07203949319580713,0.5218979308867705,0.4535735585343341,31.53948589953933,24.24441787283427
3333,Binh Dinh,VNM,2018,2018-11-01,0.07268228663481126,0.3334472547991987,0.05827281703500449,0.08579864192065581,0.31710739345910843,0.1896540776763071,0.08768615309569217,0.658800692891185,0.5924531423461507,26.07355150448424,18.008081503178023
3338,Cao Bang,VNM,2018,2018-11-01,0.033393768344877554,0.2919064663353457,0.020112127180414895,0.04686873011505883,0.30310342903426263,0.17813982360733183,0.06785925148201771,0.796037398517237,0.6593435119756497,24.834734702368504,14.71346410611222
3355,Khanh Hoa,VNM,2018,2018-11-01,0.0804995373196619,0.3246677365437973,0.06596293261678796,0.09254640289415092,0.31043927507585944,0.1955369551689988,0.09675980293801983,0.6384987400690498,0.7182231527645566,25.973752200942457,19.688475081052783
3360,Lang Son,VNM,2018,2018-11-01,0.037277297354562935,0.332199220082423,0.024238581153456278,0.053761967880065466,0.3366650360699907,0.19255816912107948,0.07262748497029466,0.7983132202416404,0.7309651120735924,25.755182940837088,16.113141369741566
3370,Phu Yen,VNM,2018,2018-11-01,0.12447972636583997,0.3536417084607395,0.11437685588762828,0.13709194144327644,0.3330416411193026,0.2202995402698974,0.11988196755218396,0.5542646945393125,0.5288211565056654,25.612588217676915,18.727482271922625
3371,Quang Binh,VNM,2018,2018-11-01,0.07533767265462225,0.3077668039618983,0.06653812098192259,0.0878720519256699,0.30423452666952033,0.18991440115932448,0.0909534315405231,0.6370908168409611,0.5661990591168778,25.9922940242408,17.602089360845678
3374,Quang Ngai,VNM,2018,2018-11-01,0.06679446438429246,0.3409035526379722,0.05240546510366161,0.08102319062620893,0.3225063721516135,0.19320918026641867,0.08871784162436713,0.6911959449051921,0.6550996400765425,26.140169439418322,18.347051507373262
3376,Quang Tri,VNM,2018,2018-11-01,0.10808273432142373,0.33809081084218834,0.10175668710652375,0.12094004734448525,0.3308903019295831,0.2172046898266405,0.11416834662250969,0.5617210290397305,0.5480607320254661,26.727181590565493,18.16897520775115
3383,Thua Thien - Hue,VNM,2018,2018-11-01,0.10351968662466526,0.30426062171683993,0.10256099062454589,0.11651796920570975,0.29429431056173094,0.1905762275915023,0.0999792439119406,0.5286241791170211,0.45967350459206113,26.23188984838466,18.82786914006824
3327,Ba Ria-Vung Tau,VNM,2018,2018-11-01,0.06558027932949996,0.2912153944056253,0.043602295927551736,0.07545848935157823,0.2800100918935378,0.1863561302739772,0.09256377091470988,0.6056435632694841,0.593446372713131,31.600604438528514,22.903788289835838
3336,Binh Thuan,VNM,2018,2018-11-01,0.057833159554367526,0.3149484527974972,0.02973115039429141,0.06443104231151776,0.31968001751711345,0.21032219607346628,0.10092650692917156,0.7021575636288607,0.753160667206353,32.28857117339896,21.16378704946543
3342,Dong Nai,VNM,2018,2018-11-01,0.050696764363581975,0.28313061211189516,0.031401649144345053,0.06174287084579256,0.2794252125423515,0.17610376679117526,0.08009147941415926,0.6639199038571583,0.6128170719102413,30.391679901775586,21.752238020454477
3344,Gia Lai,VNM,2018,2018-11-01,0.05459724435787228,0.3133376631479511,0.03077631863805755,0.06281539718237532,0.3211970572478426,0.20448097304057034,0.09472444247936497,0.7047176008548613,0.7296980306001212,30.015927964654132,18.528534603354796
3345,Ha Giang,VNM,2018,2018-11-01,0.028976808400830858,0.25095669187459885,0.01692353993733477,0.039618380049741574,0.2580310141840195,0.15246146092547339,0.058394725612835194,0.7960680536442117,0.5643995058696288,24.29725970227385,14.321977304830495
3347,Ha Noi City,VNM,2018,2018-11-01,0.08705465540587526,0.24647576400508744,0.05146027007101288,0.08626089472772118,0.25334866222618546,0.1963904037847541,0.12153607020231029,0.4670816919079746,0.4861365501216271,30.80634260560179,19.980729507000927
3348,Ha Tay,VNM,2018,2018-11-01,0.08309776315740697,0.25476670234395693,0.048636162117057576,0.08518632816053878,0.254803114215768,0.18866295491117666,0.10608886399254391,0.4939133460127387,0.4849186326479474,30.34415261839086,19.88102832516106
3349,Ha Tinh,VNM,2018,2018-11-01,0.04918341472948189,0.2867364103063631,0.030127589728215488,0.06006364682737229,0.2831969415466765,0.17375765346606104,0.07533526955401129,0.7024615674625042,0.5952569848674973,27.728971987443636,17.814643219079503
3353,Hoa Binh,VNM,2018,2018-11-01,0.03816903055798292,0.2903208533506147,0.025269402717685366,0.05149711864851939,0.28579353843180527,0.16839409093813568,0.06738315518512114,0.7617704498675321,0.626694748464669,27.123454266125627,17.638743104941657
3357,Kon Tum,VNM,2018,2018-11-01,0.05155116346099654,0.32176415888154475,0.03717313788770565,0.06360497674951396,0.3291040580191818,0.19676718323030137,0.08406054807304346,0.7413076242297937,0.6943502253980517,27.367538205114126,17.342429575187353
3366,Nghe An,VNM,2018,2018-11-01,0.034657777751393344,0.28036535066925605,0.020697023082754288,0.04567508974764965,0.27204953520967784,0.15484170664590052,0.06057944558420796,0.7841829057233938,0.5963220176555729,27.353881057663926,16.611334957598515
3367,Ninh Binh,VNM,2018,2018-11-01,0.07310719873784412,0.24431426235026799,0.04222303582671424,0.07607159093886956,0.24425634111810687,0.17205837142624875,0.09225318317456736,0.518229907753683,0.4535575602354614,29.082141858050637,19.885149892674562
3368,Ninh Thuan,VNM,2018,2018-11-01,0.07013993312948032,0.32101013803291745,0.042069438976986,0.07641263034102483,0.322936850220904,0.21850335140253543,0.11389278084704975,0.6557102971120484,0.8453449178450071,29.6617206974182,20.877247354000133
3377,Soc Trang,VNM,2018,2018-11-01,0.07629641386577504,0.2242554782520508,0.04088849888260077,0.07939815181189228,0.18316984721675705,0.11954057645586012,0.05640787658427808,0.440380907030302,0.32406677085525276,29.648361283837943,24.586252005520713
3386,Tra Vinh,VNM,2018,2018-11-01,0.06193002017816144,0.28004503112242946,0.033994629675793774,0.0726512683507312,0.2414206483864524,0.1483330416429528,0.06697970897812934,0.5826450601905592,0.5008270678313784,29.5982216423556,23.47780359742571
3387,Tuyen Quang,VNM,2018,2018-11-01,0.037063038191687964,0.3146694819465881,0.026463716025349054,0.05192567682880733,0.3085306434099031,0.1774726143034845,0.06733683770479108,0.7924622080609363,0.6772553698335281,26.39054406565623,16.927965067333343
3388,Vinh Long,VNM,2018,2018-11-01,0.0759495438949707,0.2422950406776023,0.04633455245851134,0.08003994664183044,0.214354386610123,0.1386679229036584,0.06710754275338268,0.47516810188883046,0.3781222592924637,31.701487633051766,19.98786430665779
3390,Yen Bai,VNM,2018,2018-11-01,0.03478816739107162,0.2738266352143657,0.024478698454198273,0.047157092226574125,0.27560204043934583,0.1618508218304704,0.06248415905756885,0.7703485638570826,0.595754390963684,25.251083821577243,15.600129827242773
3328,Bac Kan,VNM,2018,2018-11-01,0.030216185505048437,0.3242907577977519,0.021706414388633948,0.04656061360801883,0.31922753081232424,0.17632308827496862,0.06196838706431062,0.8304845248398587,0.7085930317150906,25.138073533291998,15.27409698851656
3329,Bac Giang,VNM,2018,2018-11-01,0.062084601215323644,0.3121437677370853,0.03731820077466098,0.07002807647647147,0.3164641514965158,0.20316916426943218,0.09674979024452647,0.6619301873756325,0.6574121458528331,28.890521998714448,18.24275480311959
3330,Bac Lieu,VNM,2018,2018-11-01,0.07176907606718312,0.1845963120779259,0.03989870856171766,0.07563831944785447,0.1445903525008647,0.0974314039468978,0.04744401705451362,0.3843000566415215,0.251562398228304,30.48124356986153,25.26108672226351
3331,Bac Ninh,VNM,2018,2018-11-01,0.10642474207275578,0.24783636464934272,0.06176822450005193,0.09872842609502756,0.26318880708858394,0.2166863595793834,0.13668582049222056,0.39619356408893686,0.4419050115923135,31.02807653522297,19.948772289716516
3334,Binh Duong,VNM,2018,2018-11-01,0.06512734766614371,0.29928936055098476,0.03794269314401416,0.07215432256663715,0.31915272629389213,0.22731584294812485,0.11636975285316652,0.6409406137577711,0.7711381645527444,32.2326270899136,22.604296428374465
3335,Binh Phuoc,VNM,2018,2018-11-01,0.04639903907901629,0.29783186948698787,0.025109012702452516,0.05593266622208557,0.3116726184410072,0.19896528610865408,0.08257565776085586,0.7212615077723393,0.670774188489763,32.16582160344332,20.707063584509623
3339,Ca Mau,VNM,2018,2018-11-01,0.07079795596016865,0.18562274847967541,0.04728121510517223,0.07653144502845086,0.14977906737865065,0.0914035970488603,0.04323531699792955,0.43402148558804654,0.23046411310370638,28.606785380819527,25.18471451419814
3340,Da Nang City,VNM,2018,2018-11-01,0.09693205340524254,0.3120129638573791,0.09035991228825822,0.10913818054758372,0.30072283883281997,0.19500761684816503,0.10507926832693049,0.5645075569625096,0.5180089098305672,26.896921072483146,18.96553080133729
3346,Ha Nam,VNM,2018,2018-11-01,0.08197299101047945,0.22313756188629666,0.05164245087725623,0.08254393614837051,0.22191240932691889,0.16439362605542715,0.09409932319304702,0.45072685654303246,0.3707872601123722,29.79737640203297,20.493928803506996
3350,Hai Duong,VNM,2018,2018-11-01,0.09231280572177997,0.2628632770562509,0.05286239353323341,0.09040509951671079,0.27533404009338597,0.21249420835013527,0.12568946515414767,0.4756912738510861,0.5040778073457773,30.580857659670954,20.017749877850733
3354,Hung Yen,VNM,2018,2018-11-01,0.08969892410355836,0.24930517627151486,0.05189329011666898,0.08629028145859678,0.25727993314093106,0.1993809325877037,0.11910254799476871,0.4648967518003788,0.46418650687103347,30.593911727163217,19.768605786001906
3364,Nam Dinh,VNM,2018,2018-11-01,0.0912090202315113,0.2364704102189048,0.05182329654411345,0.08633946036700986,0.2425331571460137,0.18785078938693406,0.11256807494762827,0.4338243063709679,0.40242228392195645,29.445759862241548,19.864701318759778
3369,Phu Tho,VNM,2018,2018-11-01,0.051907301636152814,0.30609680015769086,0.03207331025295354,0.06313945280766528,0.30191392437049813,0.1865474089769023,0.08083114307322185,0.6992298611304679,0.635512150623541,28.193671895605835,18.13460328517155
3372,Quang Nam,VNM,2018,2018-11-01,0.11680617800513164,0.34216240286258687,0.1154019264271254,0.130882750928709,0.330653961079398,0.21495793465688567,0.11644624540115542,0.5460920287202815,0.5205306283748339,25.46243428753309,17.513617153091886
3381,Thai Nguyen,VNM,2018,2018-11-01,0.048616896431954944,0.33888523820570476,0.03206556265353465,0.06252821611111106,0.33276981745883216,0.19789769687151368,0.08375061152833531,0.743996747013172,0.7239309656665988,27.6677775637885,17.144100352244475
3389,Vinh Phuc,VNM,2018,2018-11-01,0.06993699938809808,0.28681413915138526,0.041567400180606506,0.07659841616843943,0.290229460742437,0.19961275403977186,0.10301814408182876,0.5963060267692551,0.5950598260768253,29.276945028280036,19.34733918142147
73933,Can Tho city,VNM,2018,2018-11-01,0.09575032634270211,0.17431040653015994,0.0621555320529422,0.09585815870531923,0.13413777723287845,0.09338849204599942,0.05031907934380249,0.24093391719566543,0.17179262499116033,32.72287590431372,24.592753198027026
73934,Dak Lak,VNM,2018,2018-11-01,0.057469148862698695,0.3008691415621528,0.0338706966153635,0.06442982494308061,0.3087824391451852,0.19875196762177658,0.09438365807073922,0.6872432917176564,0.6719602397642791,29.756034391907832,18.137575505409504
73935,Dak Nong,VNM,2018,2018-11-01,0.04953550447565684,0.3065475015658739,0.028764728131037157,0.05782305228156335,0.3090273334695912,0.1892265670513405,0.08269639557716064,0.7236448293077296,0.6545866701575697,30.86000243629594,17.48607786894831
73936,Dien Bien,VNM,2018,2018-11-01,0.033250519658272644,0.294907348946269,0.019878967834991514,0.04657092791295855,0.2988784662483925,0.16964391260488954,0.06338125502921554,0.7988548744679268,0.6438319151281302,25.165783001735285,15.313831127182832
73937,Hau Giang,VNM,2018,2018-11-01,0.07994897631554024,0.2094144294563804,0.05109672110808932,0.0817554234167995,0.17112073841982994,0.11109406811543823,0.0538745254371654,0.41026838699634166,0.28225862683527964,32.48015598684885,19.398097335524337
73938,Lai Chau,VNM,2018,2018-11-01,0.026891360125259074,0.2768653079749731,0.014258294608950629,0.039495328488682216,0.27612520936658325,0.15121279787122047,0.05347477769173187,0.8258312871787787,0.6056493723549562,23.853149503916093,14.773845933332163
73939,Lao Cai,VNM,2018,2018-11-01,0.03212687029012423,0.2644963050625051,0.02055657325088063,0.043807066351328805,0.26950592022366404,0.1600634237875125,0.06180425706180261,0.786523780433364,0.5865288317921802,24.24108260757434,14.164179449587975
3326,An Giang,VNM,2018,2018-11-01,0.07098443294594967,0.2930528581688514,0.04292175429341942,0.08067109482464485,0.24226369716480833,0.14445467082517535,0.06389235807729327,0.5073740744682298,0.4858712714438389,29.34489744720085,23.785574920706203
3332,Ben Tre,VNM,2018,2018-11-01,0.0687548307836763,0.28166158570462346,0.04225921548766816,0.07887674435109213,0.24696173583263958,0.14877213800355374,0.06778937073590227,0.5651642578368355,0.47662833980359387,30.133562220587805,23.49588573607765
3343,Dong Thap,VNM,2018,2018-11-01,0.0811681578286569,0.17184803609760077,0.04796808830773104,0.08208348604508356,0.14204727304478498,0.10081188079470836,0.052183581779381066,0.28692151275415134,0.20984582639439978,31.916367902722616,24.486832658316267
3351,Hai Phong City,VNM,2018,2018-11-01,0.08805374326099018,0.23622682390911406,0.0537341485875409,0.08768910168443385,0.23887143706076605,0.17966634224177158,0.10648046643591359,0.4495013148141661,0.40635224538813175,30.439907389151195,19.997661287918078
3352,Ho Chi Minh City,VNM,2018,2018-11-01,0.08143867536054424,0.24373854473080933,0.058167493330032016,0.08841147234449988,0.2281590648702832,0.16141948637274706,0.09447699654184899,0.49022326284895007,0.4214282249536954,32.46630529448165,23.722936048894713
3356,Kien Giang,VNM,2018,2018-11-01,0.07289272818859137,0.1839966054186206,0.042044043124143275,0.07140380403604603,0.14409858725818533,0.09374335437826094,0.04485632059282634,0.3912296070281347,0.23996048777468063,30.54353871905142,23.016450081161164
3359,Lam Dong,VNM,2018,2018-11-01,0.041182511953690826,0.29337747109121937,0.02326449364809207,0.051706422324379366,0.29196924210899416,0.1712277352001186,0.07023584130301715,0.7564547134648748,0.6225359904539206,27.142124882711006,16.04000839500138
3362,Long An,VNM,2018,2018-11-01,0.07219605476993164,0.17104477159160625,0.042795950561957466,0.07348376866685237,0.1452975835403692,0.10458697565210588,0.05636442951804733,0.33577611572763955,0.2572503219545469,32.50813586054231,24.28782946625199
3375,Quang Ninh,VNM,2018,2018-11-01,0.04900312577462275,0.2888374733296275,0.03431249665588537,0.06159122754007313,0.2822200992032269,0.16770330531390923,0.0731210110872447,0.6928828641263806,0.5923964103162757,27.648660422933922,17.66363237740151
3378,Son La,VNM,2018,2018-11-01,0.03707587601615992,0.27535523996043637,0.021947083711536367,0.04803783141499466,0.28396460037231913,0.1723972561670103,0.07047119327254797,0.7589712441764345,0.620925571711217,26.233198371852314,15.385009063357158
3379,Tay Ninh,VNM,2018,2018-11-01,0.0639498145565677,0.2826145657537902,0.03711501656232372,0.07205160672937146,0.28916110161002573,0.19666241292005654,0.09399483686613848,0.6025989445052715,0.6348238840808621,33.00997343255188,21.679743573175823
3380,Thai Binh,VNM,2018,2018-11-01,0.09882114799075534,0.2325198956702323,0.05761130012563641,0.09084381832650484,0.2520654506970948,0.20608018461047956,0.1274302073191536,0.39965518459131216,0.4012105596312626,30.485704196251206,19.589299706499048
3382,Thanh Hoa,VNM,2018,2018-11-01,0.04342983225462859,0.2784328455654821,0.02641957041914474,0.05320262899754883,0.27032715033535964,0.1624454085344737,0.06782277551841341,0.7257442084093582,0.5737270942835805,28.331368346907382,17.769374671311436
3384,Tien Giang,VNM,2018,2018-11-01,0.07143220590446724,0.262110886988799,0.04499448035369244,0.07867154769304746,0.23098171083664984,0.15025579148529963,0.0754924464679424,0.5232278998229836,0.4635799094421535,32.120570000629314,23.37078377361283
3333,Binh Dinh,VNM,2018,2018-11-09,0.108482823395422,0.3329744597348459,0.09933425975982754,0.11979727144481346,0.31665948629220203,0.2003414818509805,0.10249282152317332,0.5432431604528745,0.5013291482981822,26.432389532886315,18.865690456243843
3338,Cao Bang,VNM,2018,2018-11-09,0.2641434941531258,0.4034633154520414,0.26807178540033066,0.27436086078494304,0.4009157906667417,0.3096626056000626,0.19497345245685496,0.2993419931856986,0.29670632095487665,23.128846751201426,14.196899586237592
3355,Khanh Hoa,VNM,2018,2018-11-09,0.1108791268961808,0.36420689517708393,0.09681249251142904,0.12410373390757751,0.3476278276609254,0.2219151340380475,0.11350135302888642,0.5641765417463037,0.5660246039460601,27.72117276082772,13.085115625427457
3360,Lang Son,VNM,2018,2018-11-09,0.3842386316984307,0.484871874641058,0.3892507106099409,0.3920186666502783,0.47579984407956993,0.38711012737725864,0.258363269878198,0.16271355009088992,0.18307965446523036,24.810240810681027,17.84970399088625
3370,Phu Yen,VNM,2018,2018-11-09,0.1395843300336974,0.36266136775262436,0.13198146204193925,0.15240312066813147,0.3414911224583786,0.22178229174495775,0.11778444930232054,0.4885378190135586,0.47180562353851624,25.462194010937452,17.909305420621468
3371,Quang Binh,VNM,2018,2018-11-09,0.1722325566896572,0.32750623414860275,0.17381092455352548,0.18238528057702105,0.3181857689947492,0.22899082013189614,0.13483603530720778,0.3929204837140568,0.33859703828928006,24.840196757854994,19.999909431107
3374,Quang Ngai,VNM,2018,2018-11-09,0.0951671360162736,0.35270801544761926,0.08485503627716832,0.10971646454431516,0.32753607279327496,0.19926285900404123,0.09487126240736136,0.6028737710737627,0.5648157987936119,26.72758543000334,19.227508356509837
3376,Quang Tri,VNM,2018,2018-11-09,0.08568435969524642,0.3005333757625336,0.07669572054904061,0.09682632988688518,0.28868215522626994,0.18547421907058922,0.09243365774035238,0.5982907654740417,0.5084361174468559,26.51823994203226,19.82926938928985
3383,Thua Thien - Hue,VNM,2018,2018-11-09,0.06764501493814232,0.2726027391628358,0.058149893724583006,0.07847908386789491,0.26138334332907825,0.16082376119025124,0.07719138755143438,0.6310322482587157,0.48585384739710014,26.563912168661307,20.202722047427272
3327,Ba Ria-Vung Tau,VNM,2018,2018-11-09,0.07223592230695211,0.2994624088873235,0.04692218104116833,0.0805680341068648,0.2929299755476007,0.1963821961134994,0.09729987419901641,0.6068276421564134,0.609363543534387,33.191047688716324,23.03231308277131
3336,Binh Thuan,VNM,2018,2018-11-09,0.06704730929859715,0.33222420932576296,0.03904441140444142,0.07501751388677061,0.33293718971788416,0.2170270183344741,0.10215759564618884,0.677240440747655,0.845441960066318,30.260583052977253,19.287738927078465
3342,Dong Nai,VNM,2018,2018-11-09,0.050371091071052,0.28453810256087364,0.029632254332798685,0.061502349923427256,0.27907730497387656,0.176411672591259,0.07955378145624303,0.6726100517054224,0.6237926235440407,30.908161583573726,20.10177449588314
3344,Gia Lai,VNM,2018,2018-11-09,0.07114370360725328,0.3237366551344128,0.04988255171619463,0.07969989450211495,0.33033429338403797,0.21425844217599516,0.10179307845789948,0.6590915464464008,0.6685533519629969,29.573825081559175,18.76107009342161
3345,Ha Giang,VNM,2018,2018-11-09,0.2708105118309209,0.40449309391157734,0.2787443557073091,0.28154054082331764,0.4019869423229561,0.3118200869215226,0.19848806137195193,0.27865295290025666,0.29845449722980794,23.38415836658315,14.570832538311466
3347,Ha Noi City,VNM,2018,2018-11-09,0.44382528684764794,0.49877208058658873,0.44502748558051514,0.448971463370932,0.4875036065602639,0.4216414786740434,0.28990839193977397,0.07605344078276827,0.09100702473608002,,19.06640736465005
3348,Ha Tay,VNM,2018,2018-11-09,0.27651644956349686,0.36995954792207825,0.2801497703137227,0.28593462378091533,0.35658235678415134,0.3053396975444009,0.20664219743839832,0.192336646464991,0.1981625612095032,27.53600876920591,19.276501244356915
3349,Ha Tinh,VNM,2018,2018-11-09,0.23603213514065857,0.3734261151189971,0.2308942175132708,0.24456284382128174,0.3622207219475072,0.2722415918777148,0.1617401209411258,0.3132578680982574,0.27297144173732507,26.538723434305783,21.043073927441316
3353,Hoa Binh,VNM,2018,2018-11-09,0.27827347020938836,0.40755259235782165,0.28822792017079174,0.2899864959557745,0.3938521123155116,0.3143392212851729,0.20709922690667348,0.2494705360053812,0.260872436977827,25.39022893744181,18.9161914065568
3357,Kon Tum,VNM,2018,2018-11-09,0.05105750477762377,0.32588420350522496,0.03458970046106802,0.0628661116335574,0.3335425837944315,0.20022578826163287,0.08394643362060371,0.7391144335220401,0.7071419863176546,27.4569632314898,17.742301195093102
3366,Nghe An,VNM,2018,2018-11-09,0.1778291972564119,0.34850365865816985,0.17682765774406398,0.1881606980002229,0.33442913153347514,0.2428877056941743,0.1402852387152354,0.42267490812787095,0.3662390799080885,25.391333660578937,20.136143343559155
3367,Ninh Binh,VNM,2018,2018-11-09,0.22631844021859232,0.32784179487679127,0.22055816749504592,0.23266963736530316,0.3228867010650799,0.267243097281566,0.17567714465407996,0.23914093915833756,0.2217008518304254,26.678701107324123,22.13501178114557
3368,Ninh Thuan,VNM,2018,2018-11-09,0.08355075536204547,0.3366426531112673,0.05945484860131604,0.09308176448825267,0.3327848323910645,0.2184758481635037,0.10746393904784605,0.6147414664699711,0.6204500207782508,29.4688568923303,9.577745501587717
3377,Soc Trang,VNM,2018,2018-11-09,0.1054879100227164,0.2770997219608854,0.07605790043595548,0.11181658440526737,0.23275290981819133,0.15673125050771108,0.0792699194468436,0.4127008011650413,0.36812575648153817,29.08617573925293,
3386,Tra Vinh,VNM,2018,2018-11-09,0.08273456498937166,0.3305821261000356,0.05582743404683121,0.09627468280007312,0.2880401082325946,0.1791437886197565,0.08306105430718844,0.5508041942673354,0.5541334413113966,29.543926500551542,21.85906243277755
3387,Tuyen Quang,VNM,2018,2018-11-09,0.3012433373563452,0.4404195386265058,0.31191416509881137,0.3138526444752806,0.42560789662740234,0.3265772423758516,0.2075077207693068,0.25597070386091636,0.26084839653053327,25.487768027242,17.59159257822897
3388,Vinh Long,VNM,2018,2018-11-09,0.08617991236256453,0.2550495725760843,0.05534375093747081,0.08953100064454025,0.221830674671438,0.14324558690534517,0.06890310029697262,0.44993261184150174,0.3741057706431726,32.11055474009783,22.21540630233699
3390,Yen Bai,VNM,2018,2018-11-09,0.2473807544183971,0.3964202597228992,0.2531406170418681,0.25924577712152586,0.39247292352457436,0.29560336531452974,0.17863756581071658,0.31253105826812183,0.30937256137402275,23.34018847875707,16.21370791253859
3328,Bac Kan,VNM,2018,2018-11-09,0.3284101205198717,0.45878122432693114,0.3376051273443584,0.33914695183642685,0.44035987939286425,0.3332771364105019,0.20727367390360096,0.25602868582297106,0.24731504052245537,25.347354285862107,15.462333928246315
3329,Bac Giang,VNM,2018,2018-11-09,0.2983777457809694,0.41594396083049195,0.29867160163894646,0.30517939376186715,0.40800857460283635,0.3292225380357598,0.2194751351572133,0.24526886226939582,0.25893128212283567,,18.99008569304858
3330,Bac Lieu,VNM,2018,2018-11-09,0.12835125217045354,0.24827201135587224,0.1099978482191181,0.1356503173964617,0.20936297713000365,0.1480097838272745,0.08088291557342882,0.30245726778203186,0.2338459452803421,28.034801479272005,
3331,Bac Ninh,VNM,2018,2018-11-09,0.2925335397345565,0.3673853898242009,0.2854272864126192,0.2939700311886109,0.37055929691356393,0.3247072053601176,0.22372781948268589,0.1683892411494338,0.17902977333144007,,18.77913831692036
3334,Binh Duong,VNM,2018,2018-11-09,0.07360717975662882,0.2934205297834697,0.04998292749642461,0.08144479992450315,0.30628947326407935,0.2198707787491998,0.10942866955034712,0.615617570608888,0.63734095346743,31.436781566872,21.701789833127457
3335,Binh Phuoc,VNM,2018,2018-11-09,0.03963312648362112,0.2864968080098855,0.021851603923425333,0.05070470151532376,0.2890902677929427,0.17794072643828482,0.0679531656842674,0.7523282206884361,0.6143682194214484,30.00996595207366,21.01948664236675
3339,Ca Mau,VNM,2018,2018-11-09,0.09975440980459613,0.22901623611355568,0.0803083334963338,0.10882176254332214,0.19134623044115337,0.12223547209950654,0.0630524410667475,0.4010609910256205,0.24929892311531368,26.174698221188933,24.175160493827203
3340,Da Nang City,VNM,2018,2018-11-09,0.09707113478396787,0.31426165597290656,0.08449005456092368,0.10899194643214904,0.2964438761969382,0.1924174062606159,0.10198211501252927,0.558324354513154,0.4963957464753099,27.157072738038224,19.27556181860013
3346,Ha Nam,VNM,2018,2018-11-09,0.24044576633173861,0.335312879863855,0.231313951113265,0.24481165600215019,0.3315488330768635,0.2784397814320999,0.18427682388625746,0.22557996723141244,0.2147785892714594,26.229579604870676,22.158018750861718
3350,Hai Duong,VNM,2018,2018-11-09,0.2872902607290209,0.37812340219830093,0.2814976336706092,0.29283522706071,0.3743048652857181,0.31631211293205863,0.21334654822526644,0.19494904429105445,0.19718340670681703,26.991558861896014,17.77016378327056
3354,Hung Yen,VNM,2018,2018-11-09,0.23911744496950266,0.3436325087971162,0.22975378548694397,0.24351156630436627,0.34116045409924634,0.2874042712567912,0.18926172269208932,0.2455396845678475,0.2510417093653653,26.78620271890225,20.81157150271448
3364,Nam Dinh,VNM,2018,2018-11-09,0.3215476126982475,0.3832207648581623,0.32005215140727195,0.3249462164132447,0.3795790981422635,0.31973386394329506,0.2028006312968695,0.12424425325770383,0.12425678682731778,28.004843706699443,22.12307970943597
3369,Phu Tho,VNM,2018,2018-11-09,0.2830032979347835,0.39789657849752413,0.2945887218360456,0.29493531130850137,0.3812009033410891,0.3004656578049773,0.19414489380048874,0.21512740817901196,0.21047970164839658,28.204579724453495,20.39478156051892
3372,Quang Nam,VNM,2018,2018-11-09,0.09319655708142394,0.33000792431424386,0.08508465907437722,0.10686419683121454,0.31286499198135076,0.19332725697463057,0.09499867155617543,0.6043289375019048,0.5307226160789682,25.63611696805842,18.521978175923106
3381,Thai Nguyen,VNM,2018,2018-11-09,0.3987795488081389,0.5009322206004228,0.4048024946632127,0.40706962463673735,0.4811534007777281,0.3876113821937834,0.25846892405064886,0.16374168563653818,0.18217046948822369,25.902299234608996,17.654426169547047
3389,Vinh Phuc,VNM,2018,2018-11-09,0.39012930799747547,0.4706729135558354,0.40034191515442064,0.39973900437157533,0.45719674657838855,0.3899392030915217,0.2740371526599951,0.1196797935005385,0.14466904419767498,27.130347826087004,19.852647657141418
73933,Can Tho city,VNM,2018,2018-11-09,0.10044482494035242,0.18894148085749965,0.06605418563100288,0.09954871997619626,0.15076994031055538,0.10613202642425396,0.05519814791052996,0.2723565062834899,0.18514601358684485,30.177248739344037,
73934,Dak Lak,VNM,2018,2018-11-09,0.08925497078247625,0.33696350485289356,0.06878789161051607,0.09820621527038094,0.3422777591654423,0.22476754662604545,0.11102864128443968,0.6171517618917848,0.646310925135034,28.88259480466291,17.786452316252074
73935,Dak Nong,VNM,2018,2018-11-09,0.051025215585351884,0.32233936186999634,0.030541821338543333,0.06151742460904454,0.3221996213181753,0.1942836589988192,0.08180399707945166,0.7298815005836637,0.6727878644911046,27.24445415716698,18.2939716553926
73936,Dien Bien,VNM,2018,2018-11-09,0.14909363657552926,0.34027546148528676,0.14685313322279966,0.16017238767898484,0.33989897597144425,0.2347646297146178,0.13060500506096004,0.48223202253334446,0.43617952166831603,22.185004399030174,17.352568757282043
73937,Hau Giang,VNM,2018,2018-11-09,0.11523110639483317,0.24040738850613028,0.08959285951011313,0.11716423276077463,0.20274298676346833,0.14062136047076013,0.07695739870133224,0.3455760189190029,0.25814132103451315,30.806390035444878,
73938,Lai Chau,VNM,2018,2018-11-09,0.13822949465141063,0.3159393390804106,0.1364352948498278,0.14783091506711854,0.3111744347079827,0.20941105156228657,0.11315952193877037,0.5104631450719143,0.3994324309459921,22.388480027668038,16.041712587011997
73939,Lao Cai,VNM,2018,2018-11-09,0.26060803534940113,0.3935119849567392,0.26864055883678273,0.27102166878749756,0.3910693433309983,0.30529185619060956,0.19540140792520402,0.26907582719272616,0.2776938832434329,22.462482414280824,14.522030253591073
3326,An Giang,VNM,2018,2018-11-09,0.08946854379037836,0.3301625167053815,0.060759014414979606,0.10354921837820384,0.27793766558701816,0.1714121597534446,0.07526210837002216,0.5036996492601725,0.49225744513883307,28.869589920596574,21.286919952863972
3332,Ben Tre,VNM,2018,2018-11-09,0.0665560564582135,0.2945433148518382,0.03707159972636818,0.07583934479513516,0.2600894315754277,0.15341551685402277,0.06672282304838097,0.5784553410568338,0.511456460912629,31.57900958293353,21.40903349049578
3343,Dong Thap,VNM,2018,2018-11-09,0.08401482564219745,0.20364130013484907,0.051746041445015274,0.08957862346298703,0.17168973060003312,0.11967847365148394,0.05705313881021144,0.3504365671496418,0.27324163326705336,31.540833419752328,23.45585196535455
3351,Hai Phong City,VNM,2018,2018-11-09,0.2812857676938008,0.36189054117318853,0.2748519773351968,0.28876278342743417,0.35258828710094353,0.3036540285161234,0.2128315893399231,0.15782966139912413,0.15620014442572802,26.858440545212098,19.16017342170717
3352,Ho Chi Minh City,VNM,2018,2018-11-09,0.08518652394372725,0.2622921393846248,0.05964609119901424,0.09197364309085745,0.24297319908462822,0.16875217227326103,0.094942860840311,0.4999938061890796,0.44079956802179093,33.01518037306114,21.833707745650038
3356,Kien Giang,VNM,2018,2018-11-09,0.08679261042311666,0.21712479929053102,0.057011681389137134,0.08872435925418633,0.17373757745674345,0.11356311208505741,0.05318414427324132,0.39862794433213505,0.271984265336805,29.089922109540865,21.458150850572824
3359,Lam Dong,VNM,2018,2018-11-09,0.06123101169967673,0.3061312261828497,0.04733250027618651,0.07236802217856396,0.3016352332223664,0.17868867417888515,0.07862242484175687,0.6869856463264346,0.5773340762219156,26.040126531687807,14.947753798594338
3362,Long An,VNM,2018,2018-11-09,0.07611606689330648,0.19347560438272307,0.04545517964111603,0.07881917843818984,0.16447618319471058,0.11579208395843146,0.05916208701883159,0.3669662384196497,0.29594231689445916,32.780852739809625,25.054963154263437
3375,Quang Ninh,VNM,2018,2018-11-09,0.3309787225410131,0.42889232622966494,0.3356717578276434,0.33960110049351705,0.41475729171582193,0.33746650013070395,0.22507613975787347,0.17715399870830764,0.18379313003965891,25.15361716190444,19.793712862723527
3378,Son La,VNM,2018,2018-11-09,0.15968523167783852,0.3380872397639924,0.1566643707471056,0.1703271363769717,0.34232361699969416,0.2447392849377572,0.13795587537278867,0.4415950047297973,0.4230627040159836,24.27101684749937,18.121358734033727
3379,Tay Ninh,VNM,2018,2018-11-09,0.0719634603922495,0.2955927870397264,0.04498288361273484,0.08103470330831157,0.2982864326143076,0.20340843457259006,0.09592785427204026,0.5951922917058909,0.6095557923085423,29.781123925200987,21.97393233845925
3380,Thai Binh,VNM,2018,2018-11-09,0.3160637101877983,0.38284710983573406,0.31433742628238215,0.32110988999784396,0.3797122560521118,0.32570231688965556,0.21490069393007563,0.13258532085211422,0.13890018143716545,27.363131157451072,20.399428762559225
3382,Thanh Hoa,VNM,2018,2018-11-09,0.19228621884444216,0.3563827023223702,0.1913175021721002,0.20239542403076838,0.3458197031525826,0.2619721854738878,0.16266227892681184,0.3652733280906232,0.3612665475921953,25.606597923934594,20.729728704509398
3384,Tien Giang,VNM,2018,2018-11-09,0.07282310161012645,0.281749532071855,0.04415659743302944,0.08079477639725106,0.24728613898567542,0.15912404836249214,0.07744137623694664,0.5373866231112319,0.4997231998223978,32.307104610398596,22.921189856121515
3333,Binh Dinh,VNM,2018,2018-11-17,0.09262615034442798,0.34691308293757145,0.07776856657956842,0.1048062604035073,0.3273175624553535,0.2020044934891872,0.09895808499930667,0.6036935264610965,0.5843225369544037,28.487839534422854,20.2931023041662
3338,Cao Bang,VNM,2018,2018-11-17,0.161260506952767,0.32780504574559904,0.1535535528835765,0.1681362588998238,0.3422666897687413,0.2557604282115531,0.16622204902972593,0.44469987713298786,0.48223333606766555,22.222224474729444,12.842631301920466
3355,Khanh Hoa,VNM,2018,2018-11-17,0.06573796412113214,0.3542279473154266,0.04707210728735782,0.08106309945411448,0.33587799554517583,0.19740706270558567,0.0846523523039543,0.6921308876127249,0.668340914031314,27.59013024391286,18.86092390777641
3360,Lang Son,VNM,2018,2018-11-17,0.21800468896838238,0.38719290957419406,0.2161140640553972,0.22733983742507868,0.39076947110614985,0.29015950859014594,0.17651037964530783,0.4111308803997352,0.39535184809298146,22.58986717781811,13.61639465005497
3370,Phu Yen,VNM,2018,2018-11-17,0.0990485729172146,0.36414558088535215,0.08323221337459298,0.11347423478935889,0.3381620488335634,0.20949678175742145,0.10245596828944326,0.5985521047024808,0.6038483443334509,27.992536844491546,19.31787925786629
3371,Quang Binh,VNM,2018,2018-11-17,0.08225897200174966,0.31704331143883896,0.07256901548686504,0.09497023598910061,0.31016985051948326,0.1973188457990943,0.09468213523041845,0.6280092101952208,0.558523085353914,26.860333839215738,20.10729289557822
3374,Quang Ngai,VNM,2018,2018-11-17,0.06967020372866226,0.3608697500950813,0.053129442541999174,0.08485578301068877,0.3371207981488577,0.1996650550341048,0.08924542286823929,0.6897442558848571,0.6816335309188956,28.279847512393,19.79076736260832
3376,Quang Tri,VNM,2018,2018-11-17,0.09084639581330062,0.33755798530525544,0.07888509314444092,0.10401780776046105,0.32354952553469446,0.2078116106933476,0.10123097112351194,0.6052629553333927,0.572084485359433,28.24973100042036,19.984709809377676
3383,Thua Thien - Hue,VNM,2018,2018-11-17,0.06837095160518512,0.31818491396571225,0.054796688069683436,0.08216259323112364,0.30296675610443896,0.1828583414131423,0.0816074926994015,0.651462758702888,0.5770386860125839,28.24257511711067,19.92538155034515
3327,Ba Ria-Vung Tau,VNM,2018,2018-11-17,0.05921969780414929,0.2526396274341712,0.03917529558406971,0.06498961770380933,0.24724163801885854,0.1662077982526213,0.08382888974286606,0.6077591854157206,0.5178933961977168,31.805041218748787,21.056248619518364
3336,Binh Thuan,VNM,2018,2018-11-17,0.04695036825774986,0.29450856393499386,0.023432241837734364,0.0536439187973394,0.2938431394699913,0.18710184584435532,0.08529959758139324,0.7376425956039739,0.7131954466338234,28.856307566914023,21.599727030720164
3342,Dong Nai,VNM,2018,2018-11-17,0.04236427125330031,0.2543432869186451,0.02555027790468044,0.05171659274348451,0.2504942974079841,0.15421248576103125,0.06935347221510807,0.6844688444155664,0.5560847202580653,31.880962756670026,21.48095273409723
3344,Gia Lai,VNM,2018,2018-11-17,0.06223696518484259,0.33698939256450344,0.03772780388997355,0.07225700718734196,0.34532660547455735,0.22286704904814805,0.1026280424002158,0.695829519614872,0.7629663631375877,29.63412225347028,18.77596796241681
3345,Ha Giang,VNM,2018,2018-11-17,0.289524340979927,0.4148451878087179,0.28736404198825094,0.2948612932260305,0.4178288866549676,0.332103758401018,0.22135000124509704,0.24992448891823046,0.30090600168450476,24.32364135071449,13.195458334686752
3347,Ha Noi City,VNM,2018,2018-11-17,0.18422832602772143,0.3090770426910753,0.17082955771759467,0.18997624914207617,0.31424622068005287,0.26314534811883317,0.1820143823780232,0.28596671048479066,0.336732361114455,26.6450929102495,15.674290647479275
3348,Ha Tay,VNM,2018,2018-11-17,0.20558233047901275,0.3332607628573071,0.19167204669224294,0.21233072666818376,0.3285453324018842,0.2727084832225482,0.1818226350587834,0.29992902916805686,0.30212449128699054,27.0188104758156,16.742643518417644
3349,Ha Tinh,VNM,2018,2018-11-17,0.09028245940278352,0.2901910989776732,0.07633146304353491,0.10004802691784717,0.28428194535353224,0.19296319407994936,0.09925967074686129,0.5722212726137644,0.48538783716947015,27.707678829040752,20.241176874702933
3353,Hoa Binh,VNM,2018,2018-11-17,0.17306470221931636,0.3496433573795487,0.1757738902733553,0.18589300468340625,0.34523211585149227,0.2573494460040121,0.15647127519028492,0.4212911065371658,0.40777210655385104,24.443864643921444,16.051132516885446
3357,Kon Tum,VNM,2018,2018-11-17,0.04166516812963188,0.3035957582815897,0.025919093518881886,0.0517972315246499,0.3117260491502502,0.18375911373389686,0.07411198124538317,0.7674560446274706,0.6726285276478062,27.750470364093577,17.86164207320797
3366,Nghe An,VNM,2018,2018-11-17,0.1485519141347537,0.337619872205895,0.14508635543347795,0.1593231990703101,0.32992624042333746,0.23252173015214167,0.13391612462350141,0.49086817298253715,0.432862611049367,26.200014961341502,17.253567490678947
3367,Ninh Binh,VNM,2018,2018-11-17,0.10881237005685215,0.2544135748299851,0.08538768349608643,0.11242358902789627,0.2575250125819168,0.19726377503196751,0.1156954219292906,0.4189629413503565,0.38376983547938764,26.460567322361317,16.70349933539724
3368,Ninh Thuan,VNM,2018,2018-11-17,0.06258728948449412,0.36670880556696567,0.03562734585097772,0.07587545594384974,0.35932866540966996,0.22332603517500757,0.09961912884985093,0.7073391212853533,0.7862409055275499,27.644019870913443,21.18451819211456
3377,Soc Trang,VNM,2018,2018-11-17,0.07397291748644844,0.3020388168761557,0.040830773416556845,0.08649628616712272,0.24684107765794824,0.15522632997585448,0.06612473533511294,0.5396140185756598,0.5116239958967056,28.8121001696279,23.405550724357745
3386,Tra Vinh,VNM,2018,2018-11-17,0.06844996423176095,0.33150243416441844,0.0388751963404797,0.08357407595865549,0.28805909084106274,0.17674080995712568,0.07760824700484026,0.5825587761718902,0.5929594448824257,28.107908885956334,22.208069404742112
3387,Tuyen Quang,VNM,2018,2018-11-17,0.26774033479115406,0.4284391234069986,0.2638427330733715,0.27335984086193443,0.43050932085579147,0.3439060449857336,0.2408937953618393,0.28846710501820416,0.38249184947869924,25.54919713391772,14.45687820041218
3388,Vinh Long,VNM,2018,2018-11-17,0.08768041864385373,0.23969170707858822,0.06562069671886794,0.09062933513160368,0.22368123727942263,0.15751669278509994,0.0837745867600924,0.4614327321271169,0.35163597220313053,28.92294499640029,22.03436012059324
3390,Yen Bai,VNM,2018,2018-11-17,0.23995689565298794,0.39149052658986394,0.2410015356053286,0.2482611427265515,0.3967927323031131,0.30889648742302717,0.204457007997667,0.3189540461947302,0.34318067687221987,24.10594096504957,15.570150572904357
3328,Bac Kan,VNM,2018,2018-11-17,0.21788030118733587,0.38613139188944756,0.21680830311316004,0.22509103088872745,0.3902198910049854,0.30057510781690494,0.20625962943700796,0.36038167158687306,0.44891723526730615,22.864547705248384,14.080629063575053
3329,Bac Giang,VNM,2018,2018-11-17,0.13994143567851652,0.32930426061191015,0.12464817144771008,0.14658092165748018,0.3336745114372766,0.24508943646274825,0.14785278345990266,0.4812782304510982,0.4998526782043727,25.21448163833402,15.493743025706426
3330,Bac Lieu,VNM,2018,2018-11-17,0.08342911938751037,0.23952296935038658,0.05227497504163407,0.09010676515915626,0.19481935959421814,0.13223441348210327,0.06653690368674384,0.4324172008487889,0.3496466082221174,26.593668990722033,23.74620359632033
3331,Bac Ninh,VNM,2018,2018-11-17,0.09799629647788251,0.23878269717408235,0.06014372377967184,0.09584086577086227,0.24571496618726774,0.1937971562539349,0.1164565029756763,0.42022814440527484,0.3984346456050134,25.72455818249238,15.592856493392858
3334,Binh Duong,VNM,2018,2018-11-17,0.05798969248164253,0.2690584216406302,0.03428509870466873,0.06378938471139324,0.287545361609644,0.20648844298764585,0.10549469574547338,0.6457679663561369,0.5913363219989426,34.197315921201444,21.80359915525326
3335,Binh Phuoc,VNM,2018,2018-11-17,0.03221819706829347,0.2690463115469917,0.0173152142539156,0.04260092435199276,0.2735564973288451,0.16530415250878389,0.06321540065449811,0.7792717995707397,0.6057824639794371,32.442514563433775,21.267455430523356
3339,Ca Mau,VNM,2018,2018-11-17,0.0957507816832598,0.22092274561087252,0.07548114059084306,0.10331367744050712,0.1869714767584286,0.12506209552923386,0.06832883561004909,0.4109764181956695,0.25452233994676354,26.019018457218856,24.340372706379394
3340,Da Nang City,VNM,2018,2018-11-17,0.0735966715610503,0.33469745091985015,0.056855645172999014,0.08748266013781049,0.31649073393491994,0.19445380411689578,0.09252056212172965,0.6464074317493351,0.6154208634522456,28.3694825864711,20.054168749136156
3346,Ha Nam,VNM,2018,2018-11-17,0.08637440674880768,0.23461405451285727,0.05952942326945909,0.09013434316387953,0.23374124892314102,0.17308132076310306,0.0965856961427822,0.4665925318984785,0.37997230374775076,26.668790506802843,16.03391972296942
3350,Hai Duong,VNM,2018,2018-11-17,0.10117604414988805,0.2557592978651112,0.07531396150207649,0.10458507044164737,0.2600252221528578,0.1961864588662258,0.11376391163018938,0.45656098000311623,0.41117198007626604,26.754134422261636,16.666484576373456
3354,Hung Yen,VNM,2018,2018-11-17,0.08168043202907035,0.25289510348710675,0.04912832253899378,0.08416282737998743,0.2551366429751301,0.18933119392175882,0.10658435061508598,0.5092900416687349,0.4700647634081014,26.93035264288284,15.608010991851032
3364,Nam Dinh,VNM,2018,2018-11-17,0.13482197936322082,0.2522450266614525,0.10961072294893501,0.13279249066287896,0.26963052408392213,0.2298375462720626,0.14800470731622295,0.3261320411054092,0.3479253867155713,28.087900039823516,16.756713654404773
3369,Phu Tho,VNM,2018,2018-11-17,0.2780755697765045,0.4098765797532706,0.2730708879710378,0.2832227652761923,0.4103034427575603,0.33973898779479594,0.2462708263673186,0.2220999916188322,0.31549814071076937,25.594671960642795,16.34584398296527
3372,Quang Nam,VNM,2018,2018-11-17,0.07689856932760411,0.34057868304340044,0.06691340570814319,0.09192072388705731,0.32458630612610423,0.19535673111448779,0.08980940554586171,0.654062247010189,0.6138066054018296,26.885702582233694,18.683627691869816
3381,Thai Nguyen,VNM,2018,2018-11-17,0.2987107653124146,0.42969710442440523,0.30050710004477543,0.30524238159618644,0.4239370299269461,0.34081518124478394,0.23071599874970808,0.23959400879349405,0.2844707208436361,24.087591223004083,14.676051498031649
3389,Vinh Phuc,VNM,2018,2018-11-17,0.2824956254606555,0.39644973156011265,0.2797503554498464,0.2879232239528339,0.3979481300762669,0.33606924563484647,0.23775595497876809,0.2066224039961717,0.2722448557363126,26.23088497338261,16.539056017683833
73933,Can Tho city,VNM,2018,2018-11-17,0.1279731692298364,0.22810449378998388,0.10838091604630727,0.13146399678203233,0.21030833537670574,0.1643101859836567,0.09392363160606343,0.2893005883552425,0.20988741198253255,29.430717899567732,22.900740362385047
73934,Dak Lak,VNM,2018,2018-11-17,0.05884171868915486,0.3401448254957299,0.03395725760611231,0.07027841495905605,0.3457970672165814,0.21973112138168233,0.09808862942343043,0.7103727897791914,0.7753002022350701,26.564549704398974,19.036597154538896
73935,Dak Nong,VNM,2018,2018-11-17,0.04086560765861506,0.32104158317893844,0.02156161920690161,0.053031987127220806,0.32062056459429467,0.18971939694560647,0.07590469557212448,0.7746549749192214,0.7059966387227039,29.765495194535006,18.552805879047796
73936,Dien Bien,VNM,2018,2018-11-17,0.09962355829328516,0.3131394438334846,0.09316813672687241,0.11104543885292086,0.3197633120992385,0.20682943862310885,0.10285339051780537,0.5991909802535592,0.5222267011850306,24.651376904013333,17.842520342375725
73937,Hau Giang,VNM,2018,2018-11-17,0.09989067813890182,0.23424629563788898,0.07469655046050765,0.10154532430794651,0.1918873362952069,0.12944849843338518,0.06712607323736525,0.3994184851641661,0.27637260310306744,29.183707354199854,23.684109868262674
73938,Lai Chau,VNM,2018,2018-11-17,0.09449301377846864,0.30803740538884905,0.08852820248994518,0.10578359359417862,0.30980806523998666,0.19638908261673996,0.09710721880145687,0.6238351595366739,0.5102840082546702,23.606676650833183,15.616961241927786
73939,Lao Cai,VNM,2018,2018-11-17,0.24080799149211107,0.3764037756093948,0.24918920858497487,0.2513516396107134,0.37687249378629506,0.28947906301279047,0.18009436131663661,0.30298183740243156,0.28597150457248666,23.60972270062597,13.507733778610543
3326,An Giang,VNM,2018,2018-11-17,0.11151672844489467,0.3011518045888463,0.09015521354640814,0.12062078902105865,0.2662551292045962,0.18114586649057637,0.093812792153119,0.4472777979337326,0.3956455905191784,29.277283987352913,23.112018800802076
3332,Ben Tre,VNM,2018,2018-11-17,0.07448529030979287,0.26717774338481404,0.05371763284019959,0.08351253713831235,0.23466750931528654,0.14388199559820447,0.07035698838068932,0.5370350748753626,0.43457381859904654,28.638913317480064,22.13916837974793
3343,Dong Thap,VNM,2018,2018-11-17,0.08008384569471817,0.22900130644359543,0.055294848564547514,0.08548247522838799,0.2053106937808684,0.14713914297390865,0.07502138460521174,0.4480280506927462,0.35716153230077036,30.49862595598597,22.783170048770387
3351,Hai Phong City,VNM,2018,2018-11-17,0.16679728414040473,0.2727590447943782,0.15802892452174733,0.17254977282879463,0.2707536846404906,0.22306247348998567,0.14648979854299404,0.29170013819814994,0.24912093649059358,27.71633917810499,17.510402954799662
3352,Ho Chi Minh City,VNM,2018,2018-11-17,0.07866190823453838,0.23291837308179827,0.05531367387939976,0.08407166688261643,0.21853553485217822,0.15579235474065123,0.0945068788582484,0.49302798647172746,0.41102990324605254,32.18876564854899,22.57060018992393
3356,Kien Giang,VNM,2018,2018-11-17,0.08184373352676211,0.22576498878671922,0.05417534725049645,0.08510057094979454,0.18932576844743698,0.12666217935923474,0.05968523895821825,0.43678943831099715,0.31173916196689716,28.602677674998475,23.60981117031427
3359,Lam Dong,VNM,2018,2018-11-17,0.03231785972401944,0.27793606187094444,0.017023700204920385,0.04275133286180508,0.2736752709439774,0.15304093178569653,0.05820743569475893,0.7953566838998256,0.5945017832030316,26.046780176728294,17.271563530524123
3362,Long An,VNM,2018,2018-11-17,0.07255752267357576,0.19386097255214982,0.04621469897113872,0.07385273770519091,0.1723232354907734,0.1234756274188462,0.0645832265663154,0.42195833070321503,0.3041205451802506,32.49557836686033,23.104948380892914
3375,Quang Ninh,VNM,2018,2018-11-17,0.193048746663738,0.3426123836687059,0.19808565185227348,0.2057970776184075,0.33123688880821456,0.251320240344588,0.16121052418194062,0.33689321391168947,0.31820482899557084,23.88869502696935,15.13881701857246
3378,Son La,VNM,2018,2018-11-17,0.08911181918136199,0.2920761619936833,0.08045936370741277,0.09963164421435187,0.3017379458768045,0.2039945578020251,0.10292139736707358,0.6122232512843321,0.5262689136522678,25.407300380271046,17.883415792539893
3379,Tay Ninh,VNM,2018,2018-11-17,0.0629725406996412,0.26874723370619785,0.037392147547695966,0.06913810388392674,0.28060687350087604,0.1964897536449978,0.09921800428408767,0.6011873542556928,1.0645998930121352,32.86041741621949,21.974192356329723
3380,Thai Binh,VNM,2018,2018-11-17,0.17502979721209047,0.28782878116298083,0.1576287113129005,0.17705649295170486,0.29867643157504997,0.25383619769448007,0.16530631491351555,0.2919096999227212,0.311558063777528,27.931105518096345,16.77703775244607
3382,Thanh Hoa,VNM,2018,2018-11-17,0.14410081354912851,0.3276532900083588,0.13770122074425012,0.1541608889097924,0.32083103435697696,0.23104992284466405,0.1332308628629895,0.4726689909660259,0.4305432113865906,26.153539634888816,16.758404009145124
3384,Tien Giang,VNM,2018,2018-11-17,0.07608372608793904,0.2583164012071735,0.055041105867235075,0.08341728081398099,0.23186504076579725,0.15480139916064065,0.08094934510790777,0.5281783451863795,0.43470681524724913,30.106623103653476,21.570635528170033
3333,Binh Dinh,VNM,2018,2018-11-25,0.12804334449122093,0.36054203660600637,0.11476242384144651,0.13969425128342755,0.343290451343273,0.2204350422985692,0.11459907137561268,0.5402424047108602,0.5022066251427018,26.263444227868288,18.529165513200503
3338,Cao Bang,VNM,2018,2018-11-25,0.04441270629808925,0.27368350181653744,0.03274336692171085,0.05591248919942203,0.2911669179800275,0.17767483514271287,0.07421453577309801,0.7412986168564811,0.5954436551530887,22.822056384729567,13.34438783793341
3355,Khanh Hoa,VNM,2018,2018-11-25,0.1776504785062003,0.38173548542709396,0.17128771026697207,0.189042143856587,0.36325264171974053,0.2556807776038305,0.14722592013102476,0.4423429448086155,0.45474173642076815,25.89591386862038,18.593624374744955
3360,Lang Son,VNM,2018,2018-11-25,0.03522475957689722,0.27285499643672223,0.02392331972487513,0.04674741789894704,0.2801757422182278,0.1613578102919901,0.06157550325262865,0.773030197215392,0.5850856780066789,23.519191625968084,14.930414693717855
3370,Phu Yen,VNM,2018,2018-11-25,0.19865771586886416,0.37458196389105,0.20165736407342685,0.21132883848547168,0.34990516453255655,0.24662554142986387,0.143801031389257,0.37554496849895136,0.354889730360393,25.955680320998113,18.841796777293123
3371,Quang Binh,VNM,2018,2018-11-25,0.48965358983588625,0.5556584192574872,0.48850013270991666,0.492698368031737,0.5268016530451723,0.40887273206399355,0.246736369896486,0.0952353877552282,0.1000231059797952,24.651317006975678,19.93126303232614
3374,Quang Ngai,VNM,2018,2018-11-25,0.20016593983240105,0.38499748799924927,0.19802775659168864,0.21173337676704812,0.35917795358699656,0.25120272118039355,0.1450888814606167,0.40405791366287364,0.37262111406124826,25.717501069830707,17.602792230063752
3376,Quang Tri,VNM,2018,2018-11-25,0.356252917638149,0.4674243798940276,0.3533610694535746,0.36145260827619247,0.44326993389327474,0.3376141916554089,0.20493503048145442,0.20872917648986283,0.21763568495689842,25.970920457626136,20.28093227690542
3383,Thua Thien - Hue,VNM,2018,2018-11-25,0.36011696735059046,0.45070467700183525,0.3633132781297026,0.36673188981627974,0.4246417114728768,0.31854833093661666,0.18714286099380845,0.16884310519161866,0.16063260244946437,25.809390413866634,19.800294744215257
3327,Ba Ria-Vung Tau,VNM,2018,2018-11-25,0.0523402879797917,0.24307536063153987,0.03394843978511482,0.059368303394631255,0.23764003355807742,0.1593055554635955,0.07749110126182389,0.6153263245191475,0.5046201032093888,29.93353584302754,21.977985152767616
3336,Binh Thuan,VNM,2018,2018-11-25,0.06292701377285072,0.3426213941305763,0.03517519905946367,0.07231848832880562,0.3434910950265464,0.2202013564628863,0.1006795775511725,0.7043983297403469,0.6763152937919356,28.713988310886755,21.43504090928281
3342,Dong Nai,VNM,2018,2018-11-25,0.04973999386316558,0.27458866275020805,0.03204579705636708,0.06111283385088505,0.26834128769464294,0.16675082250972464,0.07371700146727317,0.6697659589452455,0.5656921476068715,28.710017156465423,21.606203120748862
3344,Gia Lai,VNM,2018,2018-11-25,0.11109442977397754,0.34266805634713193,0.09173011372811203,0.11849010947252964,0.3544603119876723,0.24445612992546298,0.12714022451997453,0.5760062529744613,0.6298862992991148,28.777604156002383,19.287237496114205
3345,Ha Giang,VNM,2018,2018-11-25,0.0668949566795372,0.28077309362302655,0.05633558736212789,0.07734192219095799,0.29641703489845544,0.19272941525696866,0.09079450311115075,0.6666215200211888,0.5666369117873103,23.117962588586504,14.109720649533202
3347,Ha Noi City,VNM,2018,2018-11-25,0.0856008551334935,0.23618308149616069,0.051753013772799145,0.08594399325997391,0.23923200034072203,0.18631179357739364,0.11341323410625632,0.46056840833890866,0.43681355618013584,28.511215035101966,17.844812921190375
3348,Ha Tay,VNM,2018,2018-11-25,0.08298076345009774,0.2525382108305541,0.05060617368061605,0.08818627534442648,0.24669715402256637,0.18122829663306397,0.099263998101419,0.5008549110819424,0.44480088242696586,28.402347312422304,17.690901100232825
3349,Ha Tinh,VNM,2018,2018-11-25,0.4540826792310452,0.5211689258085788,0.46119431949258893,0.46103582439611984,0.503224089472572,0.40929133356406916,0.26691955677368523,0.09825732349530546,0.10909538728794363,25.358260773871287,18.595111720419133
3353,Hoa Binh,VNM,2018,2018-11-25,0.07270663233004843,0.2902078853872775,0.06521131961750279,0.0867168664964532,0.2884214414715295,0.18290639902215886,0.08437818887314959,0.6375880118262481,0.5250172269740306,24.546173611440857,15.683006851251152
3357,Kon Tum,VNM,2018,2018-11-25,0.08197322262918652,0.3135507424661101,0.07005977028765606,0.09120492101625785,0.3213249047060819,0.20412691327916568,0.0958006036838601,0.6638851653513834,0.5874437503515278,26.62924033813718,16.773146804428272
3366,Nghe An,VNM,2018,2018-11-25,0.15626169460760458,0.3397396993000876,0.15952664840930755,0.1688175969639408,0.33214411847682657,0.23132215150351954,0.13345814402225978,0.47081435066852345,0.4083133894513063,23.936950343251187,16.098035150318236
3367,Ninh Binh,VNM,2018,2018-11-25,0.08283206168062128,0.24440379789107594,0.05071954910710393,0.08555491050880681,0.24828433203628308,0.1824670792549886,0.09950620683260224,0.4887629509925707,0.43483186126129997,26.60112745756619,18.253396340676268
3368,Ninh Thuan,VNM,2018,2018-11-25,0.09678601456938984,0.3662196388095101,0.07322115551290852,0.10842718972777778,0.36130286627362135,0.2358160588421472,0.11534190684617647,0.6156319223334015,0.7576210086416166,26.725819767216713,20.670634195056817
3377,Soc Trang,VNM,2018,2018-11-25,0.08931588129930575,0.25345514841907724,0.06788938295019883,0.09642446251628323,0.20715578365722145,0.1346076650878862,0.06728051123775043,0.4654048482571315,0.3517118819024633,27.117899865721142,22.30082296415836
3386,Tra Vinh,VNM,2018,2018-11-25,0.08543036374994807,0.2655104282482286,0.0641446308089177,0.09348183443816477,0.230122439791555,0.14702477270171388,0.07390217709490063,0.49523950015821616,0.39062824659539097,26.160054106009387,22.798527048335796
3387,Tuyen Quang,VNM,2018,2018-11-25,0.059741107150386,0.28626847769324304,0.054679676555610054,0.07268496211816124,0.2829863218356984,0.17131260722869665,0.07419084781454842,0.6921079444928039,0.5408364505726411,24.166578062536065,15.652293169374989
3388,Vinh Long,VNM,2018,2018-11-25,0.07726824919055862,0.23778803865737239,0.05859873432815597,0.0859617222601217,0.21286637983460374,0.14444840229875694,0.0737357340299468,0.5213114899996031,0.36669497716974536,29.783560456573063,21.33244195866052
3390,Yen Bai,VNM,2018,2018-11-25,0.06967421485028562,0.26985208522460424,0.06454331910309513,0.08108642112137802,0.2769144877008948,0.17699390616621008,0.08245029193857777,0.6415281139021028,0.49760035393079766,22.982820616807327,14.297888886167447
3328,Bac Kan,VNM,2018,2018-11-25,0.04652237362997283,0.2976645052844044,0.04113228745628967,0.06021498333287261,0.2968375148238356,0.17082282732714496,0.06787942643467941,0.7567103763379937,0.6007686754230442,22.71216546480761,14.134067569392261
3329,Bac Giang,VNM,2018,2018-11-25,0.06186874932751107,0.30382462357522944,0.037821017398945556,0.06967792300304222,0.30964983431964616,0.19927534157786653,0.09485547811654957,0.654450239738088,0.6364381738741399,26.35842625540416,16.573006870663406
3330,Bac Lieu,VNM,2018,2018-11-25,0.07613222716623887,0.1971939051670851,0.051374302201068936,0.07949743058246528,0.15549810822982696,0.10250187635144918,0.05095793854163622,0.41287962141102513,0.25520716152586803,27.89906870198039,21.889215278847434
3331,Bac Ninh,VNM,2018,2018-11-25,0.0987586350330883,0.24112010634658762,0.05720157369325973,0.09622106306472929,0.24807934654345715,0.198675967498772,0.11941442487155172,0.4149700225889545,0.39848034979482816,28.337345876661153,17.505095643957258
3334,Binh Duong,VNM,2018,2018-11-25,0.10553241869100312,0.2911818101219004,0.09175047609485446,0.11378113689443317,0.30423030701457326,0.22478701628184225,0.12138974967122763,0.5152346460239058,0.5115737170107715,30.293627185517412,21.59727834239601
3335,Binh Phuoc,VNM,2018,2018-11-25,0.03748527570951948,0.27869205223761057,0.02238881935015651,0.04872408696483362,0.2821583803127886,0.17183103073085407,0.06640595785113491,0.7639134600290841,0.6080512161170838,29.691531660821294,20.659852567266793
3339,Ca Mau,VNM,2018,2018-11-25,0.07054889423529234,0.1817910880116693,0.05216919026209489,0.07705208538597036,0.1499908547767066,0.09535029860686146,0.04804995112589369,0.44800414223251633,0.23011770225403894,28.341998966803487,23.340156768719243
3340,Da Nang City,VNM,2018,2018-11-25,0.45369284426277856,0.5130158722246471,0.4607119602345046,0.4609867943594246,0.470205293871115,0.3476505042312045,0.1966829402501264,0.08928816517513942,0.08091688429843465,25.728076015112435,18.87634089763634
3346,Ha Nam,VNM,2018,2018-11-25,0.09508096685498023,0.26169962545429226,0.06238518020315823,0.10010241248076462,0.2602386636158322,0.19482325114988408,0.10720341737240173,0.470027890495638,0.4266964597851983,27.53474417232145,17.712077432218788
3350,Hai Duong,VNM,2018,2018-11-25,0.08834807009749535,0.26819594459214247,0.05139885406823841,0.09112887754605165,0.2746013849775925,0.20425485141569977,0.11527701237030706,0.49971909310828594,0.5009582401099235,28.158956719722365,18.904952122441333
3354,Hung Yen,VNM,2018,2018-11-25,0.0898343754268355,0.28308908931542126,0.051718224598909596,0.09311468560810406,0.28758438933124264,0.2149045717491942,0.12243763564166127,0.5143991376054518,0.5491703124720616,28.161960011881924,17.22513003813648
3364,Nam Dinh,VNM,2018,2018-11-25,0.10847874822916787,0.2500712346975804,0.06468811352946073,0.10416071083814903,0.2709646404041807,0.22833150033142194,0.14124622964649464,0.3932093717261838,0.4543588244605674,27.948251997670667,18.775810737622365
3369,Phu Tho,VNM,2018,2018-11-25,0.06385827927997272,0.26605151053915105,0.04857334144080162,0.07303540803714925,0.2623205848544903,0.1679335451036238,0.07843056748623334,0.6261839485883272,0.49234129192119325,25.832717079028022,16.855362076246085
3372,Quang Nam,VNM,2018,2018-11-25,0.35083990670337656,0.4658031297388977,0.35599578419545697,0.36011520601008,0.43590796213672295,0.32628562180007725,0.19295219641174965,0.21115800562387904,0.19662006515852123,24.87824465579231,17.55497738427366
3381,Thai Nguyen,VNM,2018,2018-11-25,0.04835851593157483,0.29306541010033504,0.03491795240906579,0.05979373738861389,0.28771292070246207,0.17277349374634787,0.07411871151893806,0.7138270882074172,0.5993918950004404,25.451170553347474,15.929992981265427
3389,Vinh Phuc,VNM,2018,2018-11-25,0.07532035380976519,0.270961233209744,0.04894500555585926,0.08108081110934737,0.2696267629726183,0.1868807566375565,0.09812935160125358,0.5635782626706893,0.5152421357507118,27.487822479676232,17.614412979172386
73933,Can Tho city,VNM,2018,2018-11-25,0.11110944127759846,0.23248678298279132,0.09909522491335175,0.12338928145370569,0.20783431233848096,0.16072705324524345,0.0930015587458945,0.3923902714072167,0.2755742602616041,30.675738400255845,21.72246177795935
73934,Dak Lak,VNM,2018,2018-11-25,0.10863260290377892,0.3207351812090875,0.0946300232770657,0.11652097001358316,0.3276169416515334,0.2262689659839725,0.11976148245021209,0.5669520765096531,0.5931639107004621,27.618180186744606,19.331137139587312
73935,Dak Nong,VNM,2018,2018-11-25,0.04739344893341017,0.27326097411745043,0.034627752735978415,0.056410814877978645,0.27184805457085653,0.16498331984665843,0.0717902992332551,0.730814632119419,0.562039464431061,27.01702990575024,18.83944467153733
73936,Dien Bien,VNM,2018,2018-11-25,0.043293694246661324,0.285334053045775,0.029765600156083483,0.05394169405600618,0.30001552084343547,0.17979025336041818,0.07477920754539329,0.7547048258308219,0.6248606990074512,22.787466799294453,13.807095789912818
73937,Hau Giang,VNM,2018,2018-11-25,0.09969181925486022,0.21709130541666716,0.07813622823467901,0.10059754355936003,0.18933706464332625,0.13586625841822225,0.07433496545296592,0.3933939459622126,0.25954662072611756,29.117637485901827,21.857343461999648
73938,Lai Chau,VNM,2018,2018-11-25,0.03784692932165732,0.2865744281957008,0.02445157410670372,0.04909127759644432,0.2943832286770086,0.16975597469089687,0.06752653259447555,0.785603382145483,0.6244749120900099,21.669340470496003,13.46728512471535
73939,Lao Cai,VNM,2018,2018-11-25,0.06380195354103348,0.2770021727707873,0.05339930070653489,0.07387721735076466,0.2910319893778924,0.18819796030313296,0.08791760587390098,0.6733631767188079,0.47506657528637525,22.441860298220128,13.685813767737605
3326,An Giang,VNM,2018,2018-11-25,0.12277964281988984,0.2725101764034156,0.10398479769373342,0.12832178860057233,0.253482332929869,0.18659927267748927,0.10538841065333487,0.39954189480697355,0.3281009235870378,29.678234132726644,21.937017322106342
3332,Ben Tre,VNM,2018,2018-11-25,0.07842509040226324,0.24851703988702153,0.061545780100877884,0.0863552579871253,0.21586416387512447,0.13275250062885813,0.0649575826060733,0.5183401076859089,0.3687424652755369,27.88950563040067,23.177703326445403
3343,Dong Thap,VNM,2018,2018-11-25,0.10490879271087432,0.2664407539435349,0.09073550450426476,0.11608486288818241,0.23745566718833455,0.17413941791174103,0.09476535145743853,0.4406264224093339,0.37006512744694364,29.611673500660302,21.49744991753483
3351,Hai Phong City,VNM,2018,2018-11-25,0.08812294999282377,0.22871233874332203,0.05320127549891136,0.08868850461384888,0.2323602804528144,0.17673523930444207,0.10382474905709962,0.4424305864710891,0.3841616789453958,27.976827866660248,19.267955121043947
3352,Ho Chi Minh City,VNM,2018,2018-11-25,0.1108120842619587,0.24515486005711568,0.09792084392010622,0.11871825574623927,0.22508300970523137,0.16335007058918796,0.09793576355454545,0.4103838457792735,0.3044722935922856,28.491474120692065,22.567920186458544
3356,Kien Giang,VNM,2018,2018-11-25,0.0925507903327612,0.2148901358022326,0.07502181422504078,0.09729451963502841,0.19502384923815141,0.143124151993687,0.07773775311181581,0.4168980354218589,0.272121226231324,29.16039791988902,22.360493309372206
3359,Lam Dong,VNM,2018,2018-11-25,0.05641655686426746,0.32899361752857986,0.03890741454592067,0.06926115480990548,0.3253039528766039,0.19102010605380873,0.08039246988101977,0.7402458059017922,0.6564161243782032,25.24716271445186,17.47530645686665
3362,Long An,VNM,2018,2018-11-25,0.09062051036240405,0.21473440108006644,0.06759129067736466,0.0953376415160118,0.1902335696193539,0.1400778403410629,0.07512990888559339,0.40431122102754663,0.28750552961594733,30.39451115091025,22.56912570692422
3375,Quang Ninh,VNM,2018,2018-11-25,0.05760206715803371,0.2745895494187238,0.04654812577381731,0.07004489480756698,0.2692448986409137,0.16287396520896752,0.07343145839589167,0.6534016923107552,0.5239721162365807,24.680285675177114,16.8053719372174
3378,Son La,VNM,2018,2018-11-25,0.05872407045075282,0.2778901229040388,0.04479885572945638,0.06860506715740876,0.2955703423736064,0.19089817460347147,0.08893380715323174,0.6802616990663514,0.5945106630164274,23.826522193390378,14.376175644459817
3379,Tay Ninh,VNM,2018,2018-11-25,0.09126696346319277,0.26546139270687985,0.07144109538023292,0.09879400293148886,0.27103797280954184,0.19107216668130841,0.096646027496631,0.4865191596892993,0.4491885307594782,30.297246185661905,20.82187589423628
3380,Thai Binh,VNM,2018,2018-11-25,0.10285102208481353,0.26514138048838837,0.06082971042688248,0.10154636709264289,0.28631334441246287,0.2342488031727874,0.14176334509144964,0.43872372703310397,0.5260603968598303,28.237769199088,19.361412833329428
3382,Thanh Hoa,VNM,2018,2018-11-25,0.07907790957664097,0.30030183745479216,0.06768520145314083,0.09114627639573795,0.2952919034404343,0.1896609310171498,0.08967261992414614,0.6166364519437295,0.5285795155916295,25.118455751563584,16.181794106337694
3384,Tien Giang,VNM,2018,2018-11-25,0.10522181342058767,0.26261062938305746,0.09074302932612395,0.11321457352116927,0.23906289596780947,0.16753767372405354,0.092979739684187,0.45471748934326844,0.3523181957540157,30.29271231979797,21.834641734465894
3333,Binh Dinh,VNM,2018,2018-12-03,0.1550917894166954,0.3260494092483521,0.15411348623700089,0.16562126058828644,0.3092480694440979,0.20297710333893076,0.10933010837584975,0.40109902231692485,0.328170491155174,24.24230415082071,17.57224607750796
3338,Cao Bang,VNM,2018,2018-12-03,0.17299472174838507,0.323338239200431,0.17853728280402995,0.18390475195913536,0.3322289298200623,0.2402075341263371,0.13934717994008458,0.3843685014450884,0.33134004029915026,23.73219899991826,14.500986979390294
3355,Khanh Hoa,VNM,2018,2018-12-03,0.1275115822142909,0.33665230204813024,0.1220504591329857,0.13974447228115774,0.3209953652277794,0.20663938871307988,0.10665238571874736,0.5015054948606219,0.45132769793683275,25.75772030346695,18.66784707372197
3360,Lang Son,VNM,2018,2018-12-03,0.19440646335048867,0.35768894936931245,0.19962415266736647,0.20595908496733284,0.3608989830637871,0.2622892552822582,0.15687325095020704,0.3727137695671006,0.34783832137688797,24.324258003390444,18.047828235309783
3370,Phu Yen,VNM,2018,2018-12-03,0.18587056467160773,0.3533824337930055,0.18837122265867126,0.19752589800983936,0.32994418425220023,0.2218048764242246,0.12081511810095008,0.38115274213934663,0.3242072336572535,23.985433385596888,18.706856965697867
3371,Quang Binh,VNM,2018,2018-12-03,0.17301757540240675,0.32388658828962735,0.173124317530162,0.18272881945529384,0.32126720982062695,0.23599935485773402,0.14333684294834026,0.38665339323697745,0.33724997904656273,26.168876216287373,19.580400246658357
3374,Quang Ngai,VNM,2018,2018-12-03,0.11427257673299832,0.32649807998988695,0.10674661861861436,0.1257467809972589,0.308423135458755,0.195356246252905,0.0998817287824402,0.5367927375084149,0.4562788052379068,26.623863805950418,15.131387616510583
3376,Quang Tri,VNM,2018,2018-12-03,0.1336897933736342,0.32554531363096745,0.12772071399543386,0.14445110600912883,0.3181682204643324,0.2194799747326988,0.1221035034363714,0.4947557292184492,0.44292591005532367,27.67851368336862,20.15289211483443
3383,Thua Thien - Hue,VNM,2018,2018-12-03,0.06582292686915796,0.28657131660910506,0.05385827899367006,0.07762474549888414,0.2789973797184135,0.17131554832464926,0.07964753897858469,0.6522426114704372,0.5275940849843955,27.426413229157358,16.998846315983734
3327,Ba Ria-Vung Tau,VNM,2018,2018-12-03,0.07594253905037535,0.2524906591444472,0.06125829046298047,0.08396375114210156,0.24837834361994782,0.16235292300072765,0.07868398774101969,0.5263261503130666,0.4217627506232921,29.945979680003767,21.317355606429214
3336,Binh Thuan,VNM,2018,2018-12-03,0.06010895087854589,0.3313892681267624,0.031976342991656206,0.06776566608657465,0.3367295601091302,0.2179425578931885,0.100509445271475,0.7013297270087008,0.9444353825193549,29.951039750535855,20.6153628561608
3342,Dong Nai,VNM,2018,2018-12-03,0.05316936755658816,0.2912743989810508,0.033861298285115284,0.06470750782259459,0.29050763913717714,0.1806137079622463,0.08019179931226318,0.6566705446593669,0.6100251233278827,30.514394200233454,21.27734786241373
3344,Gia Lai,VNM,2018,2018-12-03,0.10486598266082284,0.3092493138484519,0.08935597836615411,0.11068528754006113,0.321500937364039,0.2177311876091227,0.11283445955049495,0.5394177779457678,0.5101680375395947,27.081000937327047,18.660386250141766
3345,Ha Giang,VNM,2018,2018-12-03,0.18788954883260772,0.34649702270440574,0.18816034063821618,0.19828903247691304,0.3553056561129927,0.2589449785649844,0.14888971746358895,0.38675179365147216,0.36524582750881085,23.454198607765658,14.61334804152625
3347,Ha Noi City,VNM,2018,2018-12-03,0.1917759670674715,0.2979476431937378,0.18448886906784137,0.19830713107314596,0.29653164209324495,0.24704995315074726,0.1631925812714596,0.2516511227043896,0.24876983742627307,29.144754653826073,21.981405546627443
3348,Ha Tay,VNM,2018,2018-12-03,0.15523995668502596,0.28477021282464193,0.14524718347691368,0.16345250473101403,0.2803184283769465,0.22393146708173028,0.13923748058503513,0.33638364955755057,0.3103286291717721,29.020195450960834,21.361442024303294
3349,Ha Tinh,VNM,2018,2018-12-03,0.1321619743727177,0.31570993355135196,0.12076958141858393,0.14230089368524762,0.3147295238773024,0.22545938109390523,0.12738328360711723,0.4636442258762468,0.4322973855801356,27.385535916783905,20.229658040778485
3353,Hoa Binh,VNM,2018,2018-12-03,0.10943292808754056,0.3124934384287082,0.10509258265936129,0.12200820644778868,0.31360662725345057,0.21660571415186855,0.11791858106955064,0.5426876049331424,0.49517621486223573,26.912409790909805,19.5849249950426
3357,Kon Tum,VNM,2018,2018-12-03,0.051158155125791735,0.30036165586119046,0.03469311507922177,0.059995285388031706,0.312327137529424,0.18901468710830788,0.08076338625229826,0.7270795531087816,0.6421566051583284,25.57016897461573,17.2667238386175
3366,Nghe An,VNM,2018,2018-12-03,0.10054332850333436,0.31870535882720974,0.09316746444451204,0.11226411747372622,0.31561341185650016,0.20750313836176032,0.10778484499715113,0.5941382497173202,0.5148517684633447,27.219574541292605,19.203581422943575
3367,Ninh Binh,VNM,2018,2018-12-03,0.14904815000467017,0.26300266891181423,0.1348093767365228,0.1530978615780845,0.26312645904880044,0.21316069429335346,0.13394738967564007,0.3200553224770153,0.27273576341686606,29.2912167492044,20.30433509539866
3368,Ninh Thuan,VNM,2018,2018-12-03,0.07085578025235542,0.3485282937726377,0.045102944234609595,0.08137354348495417,0.34809904670271247,0.22284275950377258,0.10481251212959772,0.6701660046219836,0.7623885085941793,28.091717979408614,20.144006483841938
3377,Soc Trang,VNM,2018,2018-12-03,0.08877111694408076,0.29666147167728557,0.06162663572670117,0.09964251673794257,0.24855836119389782,0.15702699433724326,0.0724383849018878,0.49830826001185025,0.4357551119727063,28.30376059920545,23.46887800254161
3386,Tra Vinh,VNM,2018,2018-12-03,0.08942245103727872,0.2961658353668984,0.06212688296367097,0.09850744312892726,0.26401848429040825,0.16440929640688431,0.07646628170855832,0.4900748195740615,0.4353730082193295,27.76591397422841,23.01174906790167
3387,Tuyen Quang,VNM,2018,2018-12-03,0.2096948166014504,0.3559522707466128,0.22395635977066836,0.2234480791427606,0.3484561459100302,0.2546559880132066,0.151565141716746,0.3310501410420875,0.2884324556469738,24.285386989780665,17.6674759576467
3388,Vinh Long,VNM,2018,2018-12-03,0.06083223826286582,0.28367684153778616,0.03629653636319706,0.07521635350697241,0.2546165618686764,0.1636458865194373,0.07378381544301085,0.6225311422033588,0.5219976285475095,29.791109668589925,22.84105492281232
3390,Yen Bai,VNM,2018,2018-12-03,0.1706113149997978,0.32475407583969623,0.17488022466567635,0.18174685566465046,0.32997285108402763,0.2413971543470384,0.1425600100790008,0.40412754124079603,0.35999182073301284,23.55120964686892,15.543548200627582
3328,Bac Kan,VNM,2018,2018-12-03,0.18342586794302274,0.3466464439778207,0.19557495259249835,0.1966834953008416,0.3421823470858579,0.23961668279873954,0.1371728244343696,0.3865532902983762,0.3286249338594236,23.230566873379125,16.62222684893994
3329,Bac Giang,VNM,2018,2018-12-03,0.21044413723565786,0.3573412196417082,0.21152233938739012,0.21989639443056555,0.3564668283597311,0.2731605214898977,0.17011591098517787,0.3116987846441426,0.3182032570790232,27.462975034741913,19.44083107478789
3330,Bac Lieu,VNM,2018,2018-12-03,0.09593172596527962,0.23775542857396326,0.069865880065254,0.1010561407193334,0.19959513282287542,0.13650884690871232,0.07138127906606746,0.3972560395286078,0.29867895230286773,29.116638960727062,23.218282450850648
3331,Bac Ninh,VNM,2018,2018-12-03,0.20625500304754732,0.31063015032709634,0.19571894950431368,0.21201352988434868,0.3142324579945458,0.2636096964375448,0.16955319134474311,0.2344986975036849,0.2363309679280316,28.253956413119422,21.65686669506431
3334,Binh Duong,VNM,2018,2018-12-03,0.056536314264113575,0.2592654568250679,0.0330818885988771,0.061660120674320376,0.2783340407732609,0.200893030804344,0.10195808824392792,0.643820947415672,0.6099032385830585,32.69082397854311,22.41476882363781
3335,Binh Phuoc,VNM,2018,2018-12-03,0.03503870382349886,0.2807931554946497,0.018952273541045003,0.04594420577798342,0.28579206219835895,0.1717923496450541,0.06471246737735811,0.7701451907759573,0.6160738353689541,30.537649631929924,21.69382156219254
3339,Ca Mau,VNM,2018,2018-12-03,0.09083094628541422,0.233679126207716,0.07153878524877108,0.10036697599427756,0.2012763133290304,0.12986002479464337,0.06589862438783461,0.4461346080136707,0.2915571449311547,28.22687211018673,24.236452356564445
3340,Da Nang City,VNM,2018,2018-12-03,0.13108357819769886,0.33310815984405046,0.11971107276048043,0.14174684660705,0.321992995353077,0.21575454882462172,0.11961609582013687,0.5089267873208991,0.45335555938483213,26.490948526547427,16.464652269802503
3346,Ha Nam,VNM,2018,2018-12-03,0.19572275341366846,0.3017265614185108,0.19027465450566097,0.20353120148844622,0.30038055494995153,0.24598993542023428,0.15626903505002765,0.26001089257714854,0.23281066555773308,29.009274034128435,20.45336767920829
3350,Hai Duong,VNM,2018,2018-12-03,0.1686322451431678,0.302674081993432,0.1544210649220901,0.17493971263069136,0.30487113345148004,0.24464644837206423,0.15095310505158718,0.32856232946576347,0.3364981133537792,28.035029319512212,20.931826070037754
3354,Hung Yen,VNM,2018,2018-12-03,0.19226288014794607,0.31494325017220925,0.18477732196218172,0.1998674614287836,0.31204905828353774,0.2548969928158929,0.16233091062561897,0.28700385021948704,0.28525941012106787,28.958458025770977,21.01497860186743
3364,Nam Dinh,VNM,2018,2018-12-03,0.172036237066567,0.28091818124352436,0.15184707669258532,0.17292169413944286,0.29131943917018066,0.25151790352252634,0.16247958614961164,0.2759021396606301,0.29483728370450735,29.495901840051435,20.5975677103488
3369,Phu Tho,VNM,2018,2018-12-03,0.1772778568338831,0.33461332868775034,0.17846267105389374,0.18836488683211505,0.3330635372886491,0.2531906963201696,0.1576118773977922,0.36723391827102086,0.35735186508582933,27.30731457591588,18.756079441581146
3372,Quang Nam,VNM,2018,2018-12-03,0.10636916661935972,0.3321364092065471,0.09839229477049322,0.1187159807233103,0.3218656753984177,0.20256501333188778,0.10338133794457487,0.5789773288484884,0.5087407291013825,24.46069958362025,16.246031732266086
3381,Thai Nguyen,VNM,2018,2018-12-03,0.23189761440267095,0.3700066337340559,0.24416301260771714,0.24445909589120546,0.3612836746448361,0.27503615008763055,0.17345659090329868,0.2791776578817223,0.2745397668646976,26.658347437287578,17.796678008874043
3389,Vinh Phuc,VNM,2018,2018-12-03,0.21268868633403543,0.3337107087458511,0.21590660274519358,0.2226594042880559,0.32836819189878796,0.2598334119562637,0.1641068960497749,0.2706478930423516,0.25572220788603683,27.7156254757457,20.417894212955495
73933,Can Tho city,VNM,2018,2018-12-03,0.05479994565546808,0.2752044541852868,0.035615378676004616,0.07410542212407882,0.24191624384921795,0.1660195478452286,0.07715556831932613,0.6482264996668301,0.5546381455865198,31.0641580608419,23.090906110742583
73934,Dak Lak,VNM,2018,2018-12-03,0.09018882557691493,0.29353052638702887,0.07339370554057517,0.0960907037888816,0.30325155282654515,0.2058767443381688,0.10531618800867393,0.5786497563955397,0.5293004766749715,26.725111690704637,18.666054765531182
73935,Dak Nong,VNM,2018,2018-12-03,0.063415207915309,0.2890862916770141,0.04952757180500963,0.07197413715678024,0.2902970735159328,0.1796239008945436,0.08153862950062095,0.6814474553427785,0.5474835250558381,28.20163719406949,17.770607528949554
73936,Dien Bien,VNM,2018,2018-12-03,0.12452106848635386,0.31747256941426094,0.11595287758895806,0.13347056606415517,0.3296773086921693,0.22440026747065983,0.12215828203727282,0.5466262016153051,0.4708926245814852,23.860963750807304,16.775936577679904
73937,Hau Giang,VNM,2018,2018-12-03,0.0753972833088744,0.2193391911614771,0.049041958168080185,0.07857279087199162,0.19327121144849382,0.1320361343813803,0.06497547226207573,0.48397642899998256,0.3219746500546731,30.330832203849365,22.82995464394307
73938,Lai Chau,VNM,2018,2018-12-03,0.14036317899442513,0.32779087808648005,0.13319952779936073,0.14939003434684367,0.3341998632519047,0.22818613309782945,0.1289640957588317,0.5115204883906413,0.44019433161278543,21.76694314577632,15.419884423417601
73939,Lao Cai,VNM,2018,2018-12-03,0.15920544666415307,0.3180858545581811,0.15940289708912364,0.16932869305283543,0.3284124829743023,0.23922586623456504,0.13817416970901208,0.4178727232499923,0.37006481239079153,22.201138401728755,13.614544773080157
3326,An Giang,VNM,2018,2018-12-03,0.07303708203945863,0.2470762425817238,0.0466838266356066,0.0781040938782785,0.2257880782235682,0.15890889231628413,0.07841729702575148,0.5174362133147493,0.41364655808014533,30.64660980837087,23.09354267190179
3332,Ben Tre,VNM,2018,2018-12-03,0.07614995542352702,0.29833545360288394,0.050369346672260326,0.08689930605160771,0.2651766172357045,0.15407085853489333,0.06698665585698134,0.5495780591837804,0.46893700183515935,27.096574393621804,22.949105488604733
3343,Dong Thap,VNM,2018,2018-12-03,0.05002269618760034,0.2825234400586768,0.030046618868313838,0.06570529229114075,0.2434845050807234,0.16170888788057414,0.07120371195772818,0.6467578739187301,0.5764431233941772,30.70125383293788,23.80089728748907
3351,Hai Phong City,VNM,2018,2018-12-03,0.16184830107864384,0.25752663778567614,0.15408566380003083,0.16749221574758555,0.2565045895022348,0.20905554835654663,0.13240548254030482,0.2676367780004638,0.2279273979787343,28.12574151196083,20.842668078047996
3352,Ho Chi Minh City,VNM,2018,2018-12-03,0.08706186242743004,0.24426646553605133,0.0684251160229992,0.09487738530521474,0.22851978563622072,0.15613152237106517,0.08708422424285062,0.465226869107988,0.37028655133435906,32.33284977098323,22.95780055974972
3356,Kien Giang,VNM,2018,2018-12-03,0.06016047794353993,0.2343692284662455,0.037787692696703616,0.07013777815090838,0.20847336401807123,0.14017814561163772,0.06441721288827786,0.5629227673668463,0.40223963836874255,30.3508221420799,23.596381472117894
3359,Lam Dong,VNM,2018,2018-12-03,0.04574791842997251,0.316509257764952,0.027665319971911552,0.05766692769705601,0.3185871415101531,0.18500311643326176,0.07507514871327482,0.7522916850558301,0.6673081909116014,25.81920688566269,16.972207304185783
3362,Long An,VNM,2018,2018-12-03,0.06605744327702417,0.2330821010612005,0.04068513156256809,0.07353524329952599,0.210148098846139,0.14634042738958608,0.07052063167901887,0.5250022376576876,0.4060635802492566,32.7047975324799,24.282511185240416
3375,Quang Ninh,VNM,2018,2018-12-03,0.18198867997311585,0.31811850251640533,0.18725975035873127,0.19292067083943415,0.30643599620143896,0.2245843485294503,0.134179701218861,0.34504776275384536,0.2803667238865076,26.411056898278435,18.553432104547518
3378,Son La,VNM,2018,2018-12-03,0.060318936616747754,0.2743662050518724,0.045484451524975336,0.06893665603643014,0.29283790000969157,0.1935939237114271,0.0909450697686929,0.6704413135147212,0.5813911903531508,26.35598785005359,17.132956887764102
3379,Tay Ninh,VNM,2018,2018-12-03,0.05736187983265589,0.24030335431267077,0.03349194039699691,0.06265080884194307,0.2528091897575901,0.177724752431535,0.08737710857465017,0.5887306158119838,0.560463676178293,32.3058593913239,23.131331583333637
3380,Thai Binh,VNM,2018,2018-12-03,0.18976031161808388,0.3066055182735312,0.17497867175853485,0.19428917165540016,0.3157618923863406,0.2640857942985457,0.16564114673673627,0.2734034830580263,0.2943830492653042,28.59927924791092,20.360232806739322
3382,Thanh Hoa,VNM,2018,2018-12-03,0.10077809923139881,0.31891949233257405,0.08955024385102558,0.1119213271352714,0.317523377246801,0.2156084279511479,0.11233603925735051,0.5701003245565409,0.5312487016659089,27.626755696477353,19.65638371524048
3384,Tien Giang,VNM,2018,2018-12-03,0.07375971572098677,0.28656616885137626,0.046147213821209614,0.08318789651060238,0.264816149511848,0.173137700260622,0.08383301244066296,0.5758956322953025,0.5006196187691723,31.411705633699626,22.974571730584707
3333,Binh Dinh,VNM,2018,2018-12-11,0.4623336071114394,0.5279882645708314,0.46730975040000017,0.46828358680145526,0.48499743175727666,0.36589324905377235,0.2214840609558465,0.10708024446247134,0.10166680622888673,22.493166272557076,17.55838558263014
3338,Cao Bang,VNM,2018,2018-12-11,0.0554893494824177,0.2611515306422362,0.04476198978927635,0.06497146069180003,0.2798665841854566,0.17786945768280488,0.08220743203252226,0.6992504501876943,0.5366368600004475,18.999615943764933,9.375527707945198
3355,Khanh Hoa,VNM,2018,2018-12-11,0.3174984692111231,0.46493223101165904,0.3115218620525478,0.32566365048281787,0.4374662719653729,0.31855967116763606,0.18690357195574503,0.28016306434774085,0.2802858993744219,24.73349058604579,18.96192802763052
3360,Lang Son,VNM,2018,2018-12-11,0.03414162278198183,0.2660487155898233,0.023441203096610935,0.045222605101355284,0.2780405522008739,0.16073658541546126,0.06296908013581269,0.7757761978898913,0.5816693140150528,19.683834441762485,10.358721952728038
3370,Phu Yen,VNM,2018,2018-12-11,0.33487830601719903,0.44910555767469135,0.3364837147684165,0.34300516052032665,0.4146216444609445,0.3035785921853417,0.17934655851903383,0.21492132484899773,0.19777010425316552,23.16549808965332,14.996403678448125
3371,Quang Binh,VNM,2018,2018-12-11,0.6855096590879941,0.7133869249839297,0.6805163360731794,0.6843708971139066,0.6704592177202736,0.540243884886975,0.3461175073570979,0.03098546232468097,0.0387808838675182,15.255565631674076,15.50012785296035
3374,Quang Ngai,VNM,2018,2018-12-11,0.5361337929525223,0.5845603467110136,0.5457812618075712,0.5421806480422292,0.5303546357102946,0.40096676065837067,0.24169289244063363,0.06722982526157184,0.06765980487122908,24.90035890195293,17.306564712723457
3376,Quang Tri,VNM,2018,2018-12-11,0.6864948944675978,0.7115510245323875,0.6941885061322588,0.690924114084087,0.6438943934807491,0.4856452910029397,0.2810485907515573,0.03292116638813157,0.03468109770823344,17.613728369301093,13.257533546435061
3383,Thua Thien - Hue,VNM,2018,2018-12-11,0.7802124135645442,0.7822364245148666,0.7829126318066849,0.7830511596399521,0.681148120666411,0.48569652016582093,0.27059285681265133,0.0030091782724350155,0.004463228830029291,15.50382307761045,10.541548899628484
3327,Ba Ria-Vung Tau,VNM,2018,2018-12-11,0.08205642223348834,0.28125713220934684,0.058916500991037436,0.0882597584340346,0.28337699922449017,0.19658899311187764,0.10092223460681081,0.5367082276760886,0.5178703449998934,26.09619563080556,19.90507731683911
3336,Binh Thuan,VNM,2018,2018-12-11,0.08691203028676762,0.32366133642063327,0.06306413291196285,0.0927314403642464,0.33011271723825153,0.22175572558867013,0.10980903519033128,0.5904467927985013,0.6233301143727209,27.562210980963837,18.725952321725728
3342,Dong Nai,VNM,2018,2018-12-11,0.07269906414893958,0.28637094514244765,0.05630084893423674,0.0825720673413611,0.2853401784070182,0.18382870272089571,0.08657717242084313,0.5853553229550466,0.5100797555554755,28.009959812832328,18.612981398733538
3344,Gia Lai,VNM,2018,2018-12-11,0.17080235604003302,0.3486610184155301,0.15748426966930415,0.17469412787682304,0.35624820612676983,0.26066391475814715,0.1461471646867918,0.4498338737964246,0.4780570228479118,28.08140786609093,17.76693996885457
3345,Ha Giang,VNM,2018,2018-12-11,0.1953692688897305,0.3623553839620844,0.1884045969550307,0.20326535633064238,0.37102637538932864,0.27569042137637373,0.1609213700913523,0.4695051903974449,0.43134414635630886,19.433834419549274,10.33536874526971
3347,Ha Noi City,VNM,2018,2018-12-11,0.08073298931523722,0.22599968855282276,0.048848158290751335,0.07990895491408018,0.23295326608319647,0.18250042766465488,0.11345287521569782,0.4613663868033066,0.44281312433117814,24.456264645982518,13.12778430277553
3348,Ha Tay,VNM,2018,2018-12-11,0.07616705534329823,0.22791766301674396,0.045697801071389044,0.07883295210776581,0.21942580250232196,0.1613869600602349,0.08864415599812786,0.49959666149860116,0.39262453286106974,24.04493667855536,13.474092944769662
3349,Ha Tinh,VNM,2018,2018-12-11,0.5273027866165364,0.5864839133876673,0.519554599782888,0.5258293344143595,0.581122227246229,0.5067869569747935,0.3701215725933454,0.06291001307160077,0.1123811964463289,20.325718662231445,11.570574055215372
3353,Hoa Binh,VNM,2018,2018-12-11,0.057349880964561346,0.2598287570254038,0.04688120196587783,0.0678489329540194,0.2572707319826838,0.16210337031213676,0.07346735030052377,0.6872006264660404,0.49807764388191705,20.977628554681154,12.372748679562717
3357,Kon Tum,VNM,2018,2018-12-11,0.21299112652795948,0.3834944554191523,0.2063209235543071,0.21828461700656623,0.3797546336465341,0.2666530734568596,0.14338417820481206,0.455530207293131,0.4259092358737257,26.077000807277894,15.846867209081145
3366,Nghe An,VNM,2018,2018-12-11,0.47163149018575684,0.555396748245918,0.4677863153650133,0.4722953347977689,0.5375525755085598,0.44337090056234507,0.28686811721927513,0.153006345893424,0.14276781966681992,21.724128286907277,13.23773177268945
3367,Ninh Binh,VNM,2018,2018-12-11,0.07883313025324425,0.22314011538407236,0.05149956008646438,0.07978360010132739,0.22372486751191215,0.1643625537965129,0.09400077883389375,0.4793152596698436,0.37999989721783184,23.792852540260135,13.743654405912872
3368,Ninh Thuan,VNM,2018,2018-12-11,0.17553384291608698,0.38098129752723825,0.156384424188258,0.18275653358775876,0.37568964829303764,0.2680204661101101,0.1520015487271973,0.4467716634015815,0.5060561418882931,26.047532407013843,18.665387058628358
3377,Soc Trang,VNM,2018,2018-12-11,0.11689319305397629,0.3231309203002534,0.09630224588889867,0.1302428312459272,0.2797809632793623,0.18302331717487838,0.08854141774599317,0.43971775851353834,0.3995798239945402,28.522301993112826,21.224911647401736
3386,Tra Vinh,VNM,2018,2018-12-11,0.1010891979063289,0.2619363244532043,0.07917607564480103,0.10639740903685714,0.23259999636545148,0.15381816740048856,0.07869264707014448,0.4265410826634626,0.3279048787589361,28.358451034157206,21.438594470046084
3387,Tuyen Quang,VNM,2018,2018-12-11,0.048700041533963116,0.2653137399801436,0.042728913752115044,0.06025628541917573,0.25840583505210724,0.15533488725076716,0.06387109232642228,0.7183406391891559,0.5128866578935146,20.96162545324446,11.511804332974895
3388,Vinh Long,VNM,2018,2018-12-11,0.07784597883873515,0.302109305358472,0.06277471311040689,0.09398140214876126,0.2689945222209603,0.178338337612489,0.08801865499495011,0.5882003578115782,0.5227998366309077,26.9658103203496,
3390,Yen Bai,VNM,2018,2018-12-11,0.17500117891525085,0.3201138412749556,0.17233218915165344,0.18205923649824507,0.31933838856760477,0.24312662568894886,0.14747948963054133,0.45811640722173197,0.34462106442766777,19.59395430656515,11.760215462420303
3328,Bac Kan,VNM,2018,2018-12-11,0.029947705306093572,0.2919732311241269,0.022029917647510864,0.04363428223844778,0.29759205923185095,0.16825870122848127,0.06201076343856211,0.8143256994385474,0.6527363366127166,19.94863208973827,10.349812514458662
3329,Bac Giang,VNM,2018,2018-12-11,0.053219147382805705,0.26234017194719045,0.032410089801386516,0.05865579988586669,0.26950606576565794,0.1721541394179667,0.08142143637297362,0.6602582123496072,0.5427525481571434,22.2576042468835,12.05274402669813
3330,Bac Lieu,VNM,2018,2018-12-11,0.10452688759195808,0.26063490584595106,0.07960846040530921,0.11257523109597832,0.22156115487349984,0.14972202999145098,0.07555397037682336,0.39236023094045697,0.3115834733998089,27.675435679611734,
3331,Bac Ninh,VNM,2018,2018-12-11,0.08939583316154896,0.22521139002699922,0.05278660126604146,0.08659898500517592,0.23034169613000524,0.18091636493905397,0.1082701383820477,0.4270369505204405,0.38139641356372006,23.636810609560843,13.09855104158068
3334,Binh Duong,VNM,2018,2018-12-11,0.05764389768759022,0.25560432222959817,0.03483109941209713,0.06228423765752639,0.27230345437070996,0.19844210087697686,0.09683610393158237,0.634693328268032,0.5934397406042439,30.56541892987365,18.37482525988955
3335,Binh Phuoc,VNM,2018,2018-12-11,0.039271227709528525,0.282070399233218,0.022332625047289386,0.04908826027188382,0.28530041281618224,0.17580341039133707,0.06963175093492706,0.7527787880890121,0.6163480886002435,30.059906227477423,19.34890613897498
3339,Ca Mau,VNM,2018,2018-12-11,0.0968344207954593,0.2223279333171266,0.08319608470043846,0.10664396440450527,0.18844158577670456,0.12425727700422641,0.06514259764404308,0.3861653777716545,0.24528780957003432,23.29389540413625,
3340,Da Nang City,VNM,2018,2018-12-11,0.6685809447160476,0.6848338874924141,0.6771473823436329,0.6724055079721644,0.620701338809104,0.4613356542132526,0.26058519866777285,0.014034057292675095,0.014631560801893323,24.908341891554763,10.534235490631772
3346,Ha Nam,VNM,2018,2018-12-11,0.07629059264793989,0.22394078568873493,0.048113783155074,0.07870479035388694,0.22333452223461633,0.16497900713107888,0.09171067812238318,0.4854030079019661,0.3847853384917356,23.924317266554226,13.336093102698825
3350,Hai Duong,VNM,2018,2018-12-11,0.07571797138781762,0.22784656677334061,0.04465724209285725,0.07667558312902199,0.23003111929147446,0.17031916727353624,0.09630419317187486,0.495810567590825,0.40682270761576217,23.404777404893892,13.750692907092441
3354,Hung Yen,VNM,2018,2018-12-11,0.07644383867744002,0.23763984039903074,0.04467267769389281,0.07723687920264365,0.23788553273529606,0.17657464622374924,0.10103458698999537,0.5069909198735337,0.44261658879883464,23.771036175544396,12.874648492625381
3364,Nam Dinh,VNM,2018,2018-12-11,0.08657304398991915,0.20373586765805773,0.05278400336502642,0.08172992776063873,0.2126905685925378,0.17265006173546998,0.10595364929302016,0.4001344373826533,0.3302891685304602,24.601449926267854,13.690922057168528
3369,Phu Tho,VNM,2018,2018-12-11,0.058229727783097915,0.23664682096245024,0.04243244696714898,0.06476475747459723,0.2263708184416932,0.1454591632444513,0.06530857284974377,0.6327842340701937,0.4124788595599775,21.79792201598273,12.543098839487852
3372,Quang Nam,VNM,2018,2018-12-11,0.6663828401095633,0.68859104206952,0.6736410303519903,0.6699761704211187,0.6199256090713575,0.4578196580720457,0.25854017212596886,0.021457843518169213,0.02209342633488486,23.974564771947513,11.131570583392374
3381,Thai Nguyen,VNM,2018,2018-12-11,0.0448269316002944,0.2772759370692936,0.03186286525548732,0.05494032850046588,0.2747362354916747,0.16508487792268112,0.0712100758076533,0.723026681836973,0.5764617780991166,21.746939092291296,11.516597633555143
3389,Vinh Phuc,VNM,2018,2018-12-11,0.073114946414116,0.24622159223615644,0.04803545916031777,0.07711809240707986,0.2393890394456127,0.1688665455596929,0.08745913718525238,0.5471003135525124,0.43434396129923963,23.4661333564621,13.117010144136113
73933,Can Tho city,VNM,2018,2018-12-11,0.0669131637747202,0.3602030502504392,0.05281208948870661,0.09027027195684371,0.3135752940390466,0.20926300873094075,0.09709585851962467,0.673044902208587,0.7328473357212701,29.314165880415477,22.52352013610808
73934,Dak Lak,VNM,2018,2018-12-11,0.16775579632843757,0.35079789033876185,0.15264247537634715,0.1726764525352694,0.359146496839373,0.26096128891027653,0.14706547283970917,0.44891717599431913,0.4841992838918031,27.338753599875687,17.832635919728894
73935,Dak Nong,VNM,2018,2018-12-11,0.10794575247371696,0.3314155068345422,0.0928486087039969,0.115905277048256,0.3352527450476227,0.22321895995094782,0.11675031406152597,0.5721113888585627,0.5422293781995029,26.6417387019372,17.3199495899187
73936,Dien Bien,VNM,2018,2018-12-11,0.3199615108255517,0.4385842593990754,0.3219454808701831,0.32526368937447925,0.44420999693350116,0.36409369951736,0.24491960160043433,0.2549912725690216,0.27641002471800424,20.425116496245558,11.955713555072524
73937,Hau Giang,VNM,2018,2018-12-11,0.11267834246115117,0.2890194077592677,0.0954651498120344,0.12627760530495138,0.2594239184039192,0.17992314799125864,0.09042868507884878,0.43729948014859243,0.35596473062785,,
73938,Lai Chau,VNM,2018,2018-12-11,0.3846685886546984,0.4797950297399493,0.38984991023697124,0.3893887923319923,0.4776748950789676,0.39261980967389526,0.25970677537705555,0.16674715695167738,0.24518671316974655,14.806865267547886,9.696804605490113
73939,Lao Cai,VNM,2018,2018-12-11,0.4627982332669216,0.5325438800733459,0.4669747260726271,0.465331067978087,0.5252621269721617,0.43168862181839734,0.27624456207896225,0.1244871157970772,0.12266036576721127,17.78508052171744,10.56599954066397
3326,An Giang,VNM,2018,2018-12-11,0.09570792351270582,0.3128029582653354,0.0650044765809535,0.10469554566572728,0.28559814122052035,0.20091961646612908,0.09988948449592282,0.5065128990090518,0.5034394971311258,29.0301928389854,18.52296115165882
3332,Ben Tre,VNM,2018,2018-12-11,0.0796500415109214,0.2588499405577029,0.059201872547821645,0.08709610091290382,0.2259739370201423,0.137335359956595,0.06550175284152877,0.5060509579671284,0.3741630066166709,27.04544182664528,
3343,Dong Thap,VNM,2018,2018-12-11,0.05100797379233943,0.343207354792524,0.03306776181728207,0.07134192318745351,0.29220053391958223,0.18730421850033155,0.08026410224621443,0.7069783515735684,0.7155339165621906,26.687984253650935,14.761921299352952
3351,Hai Phong City,VNM,2018,2018-12-11,0.09085605300259013,0.20647368288321646,0.06607816366253366,0.09230000040242924,0.20386407690151073,0.15771225544050546,0.09618587993814764,0.40512377144128126,0.2998329905519727,23.412263153424156,14.669750835148415
3352,Ho Chi Minh City,VNM,2018,2018-12-11,0.09239081839625007,0.2343591327861848,0.07874538964219913,0.09980379038166419,0.21579757188609416,0.15065693423765764,0.08411451974546512,0.4357377472761704,0.3209544548534847,27.597733357808757,22.06811038566658
3356,Kien Giang,VNM,2018,2018-12-11,0.08613918896414775,0.2898206172845566,0.07127741307487574,0.1026114968429549,0.25698378373703584,0.17605509700728197,0.0865000024491398,0.5344907607482952,0.4607773840197984,28.590822946168913,22.79060048639793
3359,Lam Dong,VNM,2018,2018-12-11,0.09548954816997313,0.32572211604967705,0.08015208862243867,0.10460146478194757,0.3260048599905828,0.20482050268846455,0.09968297887990568,0.6167457135699315,0.546428083367451,24.821260558696483,16.37050944463241
3362,Long An,VNM,2018,2018-12-11,0.06492172355540823,0.2610705524348772,0.044339092299774945,0.07575912149169692,0.232229463542825,0.16245017725194807,0.07836601654322921,0.5773629198919132,0.48350999786132404,27.948754969994756,
3375,Quang Ninh,VNM,2018,2018-12-11,0.08875120287456045,0.278035616893089,0.07856661497013351,0.09826235317102677,0.27404682006433245,0.17660277557073797,0.08795696123694628,0.6336716467312675,0.4594779581074315,21.149182466194112,11.946008504960428
3378,Son La,VNM,2018,2018-12-11,0.13182691046567044,0.2847386355119594,0.12388519397875436,0.13716102544730058,0.29445494856974713,0.218519128156676,0.12550095050290566,0.5478574456042331,0.39860700390721304,19.588449680037517,11.431892609931008
3379,Tay Ninh,VNM,2018,2018-12-11,0.06282489527935162,0.24950843402664316,0.036833549250808416,0.0674017701688273,0.2624543101326288,0.18951418857668487,0.09512521726353823,0.5808591792154227,0.5825114239562099,29.45125359987385,20.005742339315887
3380,Thai Binh,VNM,2018,2018-12-11,0.08043850057895863,0.21088694002737762,0.048186775246819434,0.07879048685271482,0.21837967831459779,0.17142889648593135,0.10032078967851148,0.4444172721675097,0.36037952288291386,24.395755934760995,14.183080600892756
3382,Thanh Hoa,VNM,2018,2018-12-11,0.2206081924297523,0.36785917339982577,0.21221943164339122,0.22575141171646917,0.35913821427906606,0.2809884494528504,0.1835513936591221,0.3997492340097972,0.3382775279281172,22.434892632289685,13.557630251120312
3384,Tien Giang,VNM,2018,2018-12-11,0.07778034557044326,0.2777088425070789,0.05542283186189415,0.08550127584601376,0.25082774932914714,0.16897877343963028,0.08433034773195736,0.5600593630972714,0.47230003890035427,28.656692100588582,
3333,Binh Dinh,VNM,2018,2018-12-19,0.09036240171486405,0.31648809165799624,0.07577407290170508,0.10002567715680762,0.3067043478965938,0.19396119381247914,0.09925644493705232,0.5791351180891946,0.5316120364652719,23.51686300658334,18.1199196685214
3338,Cao Bang,VNM,2018,2018-12-19,0.1746013010485855,0.3233819225498894,0.17405747665746385,0.18308429666393333,0.3377142045956288,0.25248601234198353,0.15378449582922832,0.406464986064512,0.3523376460621132,23.456149418557768,15.06732056230398
3355,Khanh Hoa,VNM,2018,2018-12-19,0.0582971599640023,0.3393909539895303,0.03867191861704912,0.07128842514468442,0.32865415226126626,0.1954092857870337,0.0857359837029581,0.7146103070340113,0.6592202187605052,26.59510043030618,19.743751348030283
3360,Lang Son,VNM,2018,2018-12-19,0.16950878664646718,0.34296165527782463,0.16968958078451366,0.1793949784593778,0.3512077186105588,0.25172367228886444,0.1469448281541199,0.4229732118427513,0.3936027843924012,24.694321182368224,16.025518176785884
3370,Phu Yen,VNM,2018,2018-12-19,0.11092245696599604,0.3424662144335964,0.09668330979679488,0.12230451289348286,0.32739027169585777,0.2108040106487999,0.1103520880289712,0.5523305663026857,0.5282253875130427,26.178698176611604,19.633682685224596
3371,Quang Binh,VNM,2018,2018-12-19,0.09054122937132492,0.28664372403564753,0.08678025512152533,0.10203618324693431,0.28647256360027124,0.1904676310906784,0.09787092425433219,0.576756638966542,0.4745519910370713,25.859174148760818,17.8723449878047
3374,Quang Ngai,VNM,2018,2018-12-19,0.11387601209445931,0.3269146758217839,0.10338629682429083,0.12444484927776302,0.31303818311284,0.20503652951404,0.10948822400910735,0.5200417404145896,0.4684281584900758,24.078962822236775,19.45862635167756
3376,Quang Tri,VNM,2018,2018-12-19,0.06479595881699446,0.29364496034052245,0.05276394271741163,0.07682478757495598,0.2884694651840479,0.18122175858988135,0.08137507955551349,0.6349410769136842,0.5493639254274151,25.201425518691924,18.665564719913295
3383,Thua Thien - Hue,VNM,2018,2018-12-19,0.06444855581519107,0.2670973951068304,0.05697868518868886,0.07660238001459214,0.2609120713258564,0.1579637467996657,0.06999734907460645,0.6119241574175143,0.45867016264345867,24.75079820477701,19.24110430022981
3327,Ba Ria-Vung Tau,VNM,2018,2018-12-19,0.09600623589705667,0.29203333685248073,0.07568701658345593,0.10238277667554385,0.2950407674433759,0.2066603562188211,0.10803175172625894,0.49601858063119514,0.5057110236179164,27.095156734376978,21.6933584327638
3336,Binh Thuan,VNM,2018,2018-12-19,0.07222259103295646,0.30775455652542444,0.044735137396916515,0.07601366036276133,0.31577776577259276,0.2121547876035085,0.10410973399949067,0.639869062387363,0.5115199071647218,31.05319608647448,20.86053857628925
3342,Dong Nai,VNM,2018,2018-12-19,0.10168287377769121,0.29799503121155824,0.09333930069011824,0.11257571308606902,0.2977201994991385,0.1986697492235087,0.10050834507149296,0.5035503537560492,0.4592957915879916,29.50269879146247,21.093683200654983
3344,Gia Lai,VNM,2018,2018-12-19,0.06485902829571183,0.29435994441237356,0.04019036666408516,0.06870998561847809,0.3135683276383423,0.21163489506520944,0.10422754534127457,0.6461860393184173,0.6940869604296594,29.63104185805854,17.707974623210816
3345,Ha Giang,VNM,2018,2018-12-19,0.11395814223280204,0.2782640627433573,0.10726615078431463,0.1216394852779042,0.2930345360086324,0.20906018398089835,0.11508488143171504,0.5351147082156321,0.4240492587257872,23.347210386102823,14.435938030871379
3347,Ha Noi City,VNM,2018,2018-12-19,0.14472928886064804,0.2585642744338201,0.12904468204679795,0.1479224536672146,0.26024446165459636,0.21283401627827989,0.1374099244047897,0.3226492904258277,0.3112201835199917,27.89206247236123,18.916316076769526
3348,Ha Tay,VNM,2018,2018-12-19,0.10078789391330281,0.2566430439781599,0.07277573571031894,0.10529801669944241,0.2534980958618601,0.19138009096062358,0.11005627163536046,0.4561041771237598,0.408043761463409,27.824911696303992,19.14408483136518
3349,Ha Tinh,VNM,2018,2018-12-19,0.10101172907278193,0.29472039870424815,0.09120670584261577,0.11135359070323993,0.29057942768699874,0.2001091377545151,0.10419013009546288,0.5388038483476306,0.46470139295066215,25.840719182401056,18.13818761275195
3353,Hoa Binh,VNM,2018,2018-12-19,0.04742909954875178,0.30522020446732934,0.03371010164564108,0.06158606591501641,0.3116494286377357,0.1936310866153832,0.08188873782339273,0.728533609544135,0.6704945303248738,25.860294426993146,17.38497316950487
3357,Kon Tum,VNM,2018,2018-12-19,0.0462177990086272,0.29561653548731426,0.028489424175548863,0.053908459151094594,0.311709294263252,0.19041203763204803,0.08073717084445219,0.7320975971447852,0.6646500323696289,27.29366017608,16.90816094476162
3366,Nghe An,VNM,2018,2018-12-19,0.043588362507433163,0.32668200468160796,0.027313355115961644,0.05729477127602479,0.3263978292622811,0.1935288983185899,0.07551218675304473,0.7621349767542653,0.7020975031252049,25.330842447585304,16.3949619291993
3367,Ninh Binh,VNM,2018,2018-12-19,0.0767280207519314,0.2380613191224302,0.045359035764896374,0.0783382541338907,0.24171926313306882,0.17660300911071863,0.0964333402341941,0.4914616510926932,0.4296736921496593,27.302920909927284,18.383657106531594
3368,Ninh Thuan,VNM,2018,2018-12-19,0.06550033906704943,0.3229446977473814,0.04017293488906527,0.07391052683171637,0.32136722884625607,0.20491461394794405,0.09786689544142153,0.6650169137323432,0.6554577009799717,27.023761510593303,20.713083284305366
3377,Soc Trang,VNM,2018,2018-12-19,0.11453260587638572,0.2997126102491921,0.09926721808786755,0.12624745708858512,0.26011539257037375,0.1705555886092685,0.08310574917599399,0.425129799325452,0.3648030014913321,24.98665701324999,23.175515194874876
3386,Tra Vinh,VNM,2018,2018-12-19,0.1595869312304826,0.2914792899544913,0.14711959180165485,0.16661903344939655,0.2715427866387134,0.19021177123549549,0.10191495946195013,0.2933391792801146,0.23966507026041164,29.275692665601397,23.36286682929226
3387,Tuyen Quang,VNM,2018,2018-12-19,0.15342979706878374,0.31997434203626607,0.1585401814835532,0.16580381707438382,0.31989149822722424,0.2249905221251901,0.1259270373420872,0.4369493829635468,0.35810573279390223,25.540330220167583,16.646778276323847
3388,Vinh Long,VNM,2018,2018-12-19,0.09468764289565064,0.3228514084812007,0.0893047070290073,0.11184089104753864,0.2859433182103738,0.1890829444647009,0.09345348036222348,0.5554450001216154,0.5104768239802233,29.643300433869182,18.435320350216884
3390,Yen Bai,VNM,2018,2018-12-19,0.07850340562652211,0.25948675016932576,0.07394441651286554,0.08870329808402226,0.27111894610981485,0.17972321862835033,0.0867656521601259,0.6003664090706118,0.4498745138099578,23.80613452044906,14.683424739447508
3328,Bac Kan,VNM,2018,2018-12-19,0.15927475362303192,0.34088440362355876,0.16443850675606758,0.17152359125031902,0.34248332317999736,0.23790924524732138,0.13399524424222603,0.4470605331626683,0.3927102132803731,23.99405528334388,15.678943214538753
3329,Bac Giang,VNM,2018,2018-12-19,0.14384432584774626,0.3150224028493698,0.13281487428389438,0.1499571568612583,0.3173110363861904,0.2323212808163457,0.13661926256284088,0.4405150244216749,0.4200339657975113,26.569412308252925,16.66462670379247
3330,Bac Lieu,VNM,2018,2018-12-19,0.10242166582116354,0.24496085326551453,0.08173112478295466,0.109480920272257,0.2077667161520184,0.14585910451602274,0.07861190166477798,0.3792092503140995,0.3101490720702122,27.667926852929813,24.34968720235339
3331,Bac Ninh,VNM,2018,2018-12-19,0.1389504742919607,0.25828327158382186,0.1123575643244197,0.13965266540604798,0.25926423572304874,0.2127921188309454,0.13128734186388516,0.3370630785122738,0.3182849456317097,27.374234476383304,18.02521597044607
3334,Binh Duong,VNM,2018,2018-12-19,0.08145211446144131,0.3010003515144281,0.05762154164690259,0.08777791327158554,0.32587949345114603,0.23953171698782852,0.12472169715084876,0.5789581704670722,0.7111517538578048,31.534595700473748,21.462849790663707
3335,Binh Phuoc,VNM,2018,2018-12-19,0.05370767811463819,0.3031378151942454,0.037024494328962224,0.06412559098249776,0.3117939369921433,0.19736085884355906,0.08419986735028252,0.7064643846758473,0.6505152834966672,29.962098472984042,19.98691708218055
3339,Ca Mau,VNM,2018,2018-12-19,0.09108147258943769,0.2216570602792991,0.07633035058060647,0.0990499861496492,0.18684808923836077,0.12418775572363198,0.0662955379954648,0.4141094564319038,0.2731191137485787,27.931486945792464,22.921456257092043
3340,Da Nang City,VNM,2018,2018-12-19,0.09851782187992708,0.3080324059170089,0.08609808276960856,0.11023434173121792,0.3027186656045502,0.19898197582748725,0.10318057047002556,0.5417265505560726,0.48110152362062125,25.041335904828,18.741370816778932
3346,Ha Nam,VNM,2018,2018-12-19,0.0863906361456184,0.24646783330757968,0.05462422386805518,0.08943458076069065,0.24801089251734038,0.1866557753487757,0.10422106594039597,0.47664215195877235,0.42301548957957813,27.537852336492083,19.50215033476693
3350,Hai Duong,VNM,2018,2018-12-19,0.09741904761383663,0.2509724196154361,0.06723166593988099,0.09968855146105766,0.2507084664572581,0.19047410218292715,0.10905447558466126,0.45665825107062963,0.3978846270965731,27.53567168700339,16.807842967609396
3354,Hung Yen,VNM,2018,2018-12-19,0.08500394000764508,0.25308775174099785,0.05003088183416315,0.08663424365433355,0.25093163306517013,0.18911702272756237,0.10676714629499172,0.4965387403398751,0.4489024701973843,27.87515324218328,19.03110055877
3364,Nam Dinh,VNM,2018,2018-12-19,0.09820113297879281,0.23272976978872995,0.05777776317919339,0.09311559591565226,0.24687966002365444,0.20400475286316788,0.12610087948508172,0.40354217831055367,0.40100078878494944,27.441153363040176,18.571013373825846
3369,Phu Tho,VNM,2018,2018-12-19,0.10612162329145568,0.29639352710627975,0.09832121316610981,0.11675178590314347,0.2969125009746191,0.2056152901769355,0.10780105524031804,0.5177826936807809,0.4610291297822051,26.084195894652765,17.32663473688671
3372,Quang Nam,VNM,2018,2018-12-19,0.08381704667137332,0.3145080560276432,0.07614671032276832,0.09666591745226832,0.30679887723839394,0.18825420475229165,0.08832909077793664,0.6155102156313088,0.5197756095744029,24.942699126515347,16.56352433067964
3381,Thai Nguyen,VNM,2018,2018-12-19,0.19499541601450687,0.34851597689018526,0.20148163918606393,0.20652966141428772,0.3436862362254777,0.25364809686986517,0.15446148470696147,0.33999788117840907,0.31919304606213195,26.515684107517753,17.31640834736846
3389,Vinh Phuc,VNM,2018,2018-12-19,0.1177801384123613,0.2824019245601921,0.0996257672651537,0.12277139374674385,0.28571015289645635,0.213697690712198,0.1245531058089729,0.45292793932104136,0.4373950957028636,27.160844347643366,17.231082357857677
73933,Can Tho city,VNM,2018,2018-12-19,0.06985550470848169,0.4079063402642664,0.05726829530364068,0.09342052370496078,0.35188692790154324,0.2303230763137741,0.10474915170183147,0.692172015181317,0.8479439362606473,26.726734624272165,17.43621540908294
73934,Dak Lak,VNM,2018,2018-12-19,0.061229078775978454,0.30475996278764367,0.03577699698823164,0.06702781924894553,0.3232228935984599,0.21477778279731108,0.1022125172299219,0.6689985102283118,0.7344648989593864,30.56061861363413,18.777554856014994
73935,Dak Nong,VNM,2018,2018-12-19,0.045555752495694386,0.2989044266331423,0.02681475106790867,0.05390007721323253,0.3090384392378021,0.18931918839662334,0.08028617165212415,0.7374769547369552,0.6605173562308398,29.0797634882381,17.821340734714543
73936,Dien Bien,VNM,2018,2018-12-19,0.04094876585053888,0.27031567485068697,0.026116985613167405,0.04932383495058766,0.2922161710676978,0.180362013064807,0.07542912842002034,0.7496445824793548,0.6118583845983656,23.90631047719047,13.745574359648625
73937,Hau Giang,VNM,2018,2018-12-19,0.0919569266203908,0.29628696788942144,0.0775922994345247,0.10670269383089714,0.26329284118746704,0.18287561927955842,0.09154298808453722,0.5272023158944995,0.4690191894584578,28.57442407564916,18.68092621012904
73938,Lai Chau,VNM,2018,2018-12-19,0.05564315545060991,0.26985927121320685,0.042577889516739846,0.06420726822153738,0.283420001258643,0.17619365723038827,0.08014885062835973,0.72094227735585,0.5513276328896599,22.347908665256725,13.330078726986187
73939,Lao Cai,VNM,2018,2018-12-19,0.06435985315248151,0.24672977875805127,0.05406453959059002,0.07210442187734689,0.26345756570090967,0.17578092455979782,0.08405397672433045,0.6535448875229227,0.47621111464373145,23.381698808827164,13.836281815027158
3326,An Giang,VNM,2018,2018-12-19,0.07775318475230421,0.27169388042422526,0.05450075242132952,0.08443522345012036,0.24481462861895686,0.1714946671798704,0.08649485812345291,0.5262520042217034,0.47169327925012566,26.528719436656328,20.91182655868151
3332,Ben Tre,VNM,2018,2018-12-19,0.15770023000032268,0.27748690577125706,0.1567220333758717,0.16777529430340768,0.2529368908004497,0.1659074197675989,0.08897207479880594,0.28149823438821797,0.2025235490437765,29.415998767318012,24.100279447144803
3343,Dong Thap,VNM,2018,2018-12-19,0.04942652913445423,0.34430695333964095,0.03508734262848624,0.06801595756077657,0.2896371260734934,0.1766278147189379,0.07435953996273605,0.7185763926423118,0.695714882496728,27.429502345401108,22.780071293202177
3351,Hai Phong City,VNM,2018,2018-12-19,0.1117448039030256,0.2316055094550712,0.08705733628179764,0.11379572962401108,0.231199054224634,0.1829859856091365,0.1130494774734883,0.35592093775179307,0.31139484950923624,27.25657106680581,18.09704162196915
3352,Ho Chi Minh City,VNM,2018,2018-12-19,0.09798541537317391,0.25151420694697757,0.08323908955121045,0.10651123059279022,0.23532415330304976,0.16534058981829852,0.09360740822803572,0.4461516262687295,0.3576522383655811,29.322669349923732,22.124771611958415
3356,Kien Giang,VNM,2018,2018-12-19,0.06923946585229855,0.3043117097055057,0.05388957241367455,0.08507392466683085,0.26562924275606364,0.17591507800623388,0.08094006755213738,0.6141075429748999,0.5618576578154292,25.32792803519512,23.02441344334632
3359,Lam Dong,VNM,2018,2018-12-19,0.051189872170647376,0.29733739215890725,0.0343533803077336,0.0610415404029427,0.29967023686042027,0.17686996322294216,0.07559776969008875,0.7184330577204782,0.6045597163707682,26.823496457402772,17.199804532021165
3362,Long An,VNM,2018,2018-12-19,0.06157104519828364,0.2908388743870379,0.043911516606755394,0.0752362391786911,0.259802915064084,0.17398411536370478,0.08042405155129148,0.6311943685669333,0.5625781591472544,29.156408628534873,22.027198423462984
3375,Quang Ninh,VNM,2018,2018-12-19,0.15605837666655997,0.3136300489042018,0.1560752165238629,0.1667544448415583,0.30902802879328745,0.22446273618387588,0.135658398032329,0.41571442385741003,0.34993056321212396,24.921767969105254,16.745918656638242
3378,Son La,VNM,2018,2018-12-19,0.04043560057146557,0.25170451032833935,0.02344659698976304,0.04760809813296474,0.2774597531401843,0.18056774059100142,0.07911601600237753,0.7195593071729068,0.5988207119982631,25.46033326326037,14.786060202819693
3379,Tay Ninh,VNM,2018,2018-12-19,0.08455944930718261,0.2875078338189474,0.058560152389994416,0.09060469308963591,0.30682574211447683,0.22486264889237476,0.12211570598333002,0.5337368460815453,0.7292703950444525,29.853796238025353,22.238256545648934
3380,Thai Binh,VNM,2018,2018-12-19,0.10859823312112718,0.2522534516018629,0.07475989984248584,0.10820328377415443,0.2637863319449263,0.21369344346831426,0.1289342775260946,0.4125385023122475,0.40987391128740774,26.75390397121432,17.892290799855537
3382,Thanh Hoa,VNM,2018,2018-12-19,0.05157781147491548,0.30940179614564295,0.03199513837707827,0.06322007889164073,0.31123290965345524,0.19473907236448618,0.08296387370700767,0.7024280598644508,0.6571197420000978,26.294077112761496,17.257333412793937
3384,Tien Giang,VNM,2018,2018-12-19,0.09176264342813882,0.2805131670026623,0.08172573870165421,0.10275202088025781,0.25078225371049495,0.16785769548404084,0.08472742719959453,0.5116995798503994,0.4271198491357297,29.782247556869827,23.068035918806782
3333,Binh Dinh,VNM,2018,2018-12-27,0.4542326199291128,0.5284107471252998,0.45837518108634195,0.4619761769228346,0.48049316519418883,0.3318128395763587,0.18800780764251165,0.10717839501822929,0.1010630831067189,,
3338,Cao Bang,VNM,2018,2018-12-27,0.28637019202817343,0.39313388415498796,0.28447267356418593,0.28979607970215987,0.40768368622156087,0.3437521148733268,0.24635827237722657,0.24716807615900846,0.29194082064248805,,4.478763597255371
3355,Khanh Hoa,VNM,2018,2018-12-27,0.6590130168282663,0.6759899563401343,0.6643196432401232,0.6641532534498295,0.6034567692511877,0.3400909709639636,0.1787067700948316,0.013775233036671391,0.010878408759177994,,
3360,Lang Son,VNM,2018,2018-12-27,0.19684584244455244,0.3582296068695048,0.18597017652781414,0.20088655158828925,0.37068102486982396,0.28952488218136674,0.18882661930876138,0.44178586465044634,0.4304896554716633,,2.5232805911409484
3370,Phu Yen,VNM,2018,2018-12-27,0.6093819533424616,0.6476935686384416,0.6192016906373957,0.6177293661597898,0.5709365618607843,0.3484635201921647,0.18778176861029885,0.04607910918703099,0.04350300883053501,,
3371,Quang Binh,VNM,2018,2018-12-27,0.6479047470724292,0.6764031958679054,0.6499453875609825,0.6495312162775243,0.6313875345588986,0.4891305773137819,0.29135136980089343,0.027642938324704245,0.030937306142197547,17.23398199592097,7.180502898579939
3374,Quang Ngai,VNM,2018,2018-12-27,0.536202509169308,0.584519028314789,0.5455786911320306,0.5434926772327545,0.5279155423709821,0.3633136595349652,0.20604031730785705,0.0633690879328231,0.05970486537282884,,9.310000000000002
3376,Quang Tri,VNM,2018,2018-12-27,0.4860608493355922,0.5616729380113008,0.4837561571708521,0.48908066046885834,0.5352554381861621,0.42674471898152033,0.2746642323046147,0.10958512298945794,0.13092890851032096,11.030425209191819,8.196640747663578
3383,Thua Thien - Hue,VNM,2018,2018-12-27,0.601770812609881,0.6352280200966862,0.6028993434244121,0.6041302953665537,0.5900671365796827,0.45816776508910756,0.2818784993068751,0.03632442644985841,0.04292209014880669,-0.02962228171180562,4.094373533552363
3327,Ba Ria-Vung Tau,VNM,2018,2018-12-27,0.12087179795681824,0.25786863159973844,0.12258887318516633,0.13236000217960167,0.24682873181273823,0.17020141790834267,0.08945681835652267,0.37720074587161995,0.2767540807208878,,
3336,Binh Thuan,VNM,2018,2018-12-27,0.2247878209489689,0.36646503178030315,0.22669841898251208,0.23397381952367038,0.35694155864507865,0.2132190764651925,0.10816872408285186,0.26613174038944815,0.2155374945179681,,
3342,Dong Nai,VNM,2018,2018-12-27,0.10319748909842313,0.2708413526455107,0.10143180352897284,0.11408378705443205,0.26300976466961085,0.16934595756320264,0.0837167060213957,0.47497280364554845,0.3471298423453556,,
3344,Gia Lai,VNM,2018,2018-12-27,0.28262388088205326,0.4108764006960399,0.27775401395816335,0.28732236966791036,0.4067757902142128,0.28490879492882065,0.15811605362674927,0.25481418608350814,0.2577874304487373,22.77000000000004,13.279219085452723
3345,Ha Giang,VNM,2018,2018-12-27,0.39339107751946956,0.47055100104479797,0.3990711587404383,0.39761067570197395,0.4632507665586711,0.37958887996607465,0.25220777213209356,0.14982014686909853,0.15772206561837623,19.990188411079775,6.560147327249085
3347,Ha Noi City,VNM,2018,2018-12-27,0.25241586921764175,0.341976857839686,0.23504852270646678,0.2502468704992648,0.35244049312632736,0.30889252898828073,0.2243704699905316,0.16247536099310955,0.22584507252732075,,2.7047024955603614
3348,Ha Tay,VNM,2018,2018-12-27,0.2852533895140863,0.3597037571479798,0.28286901546734117,0.2890423362505016,0.357201962017683,0.30807682315412166,0.2163035779930943,0.13613521951863344,0.15255075353117195,,6.008040233837712
3349,Ha Tinh,VNM,2018,2018-12-27,0.5655671222905871,0.6052403238669305,0.5718518273224316,0.5686365267505036,0.5657219982327271,0.44928579081982645,0.27571754933477366,0.05140803982073269,0.05139650459674997,9.746924541128507,6.049261522068478
3353,Hoa Binh,VNM,2018,2018-12-27,0.2480374696041143,0.3651180454039955,0.2528447602062165,0.25579908876048846,0.3613832931321676,0.2852460890399971,0.18786897553202808,0.25617221938504703,0.2551303929753255,21.568940911226733,5.809118718031144
3357,Kon Tum,VNM,2018,2018-12-27,0.23197721216241793,0.3948867361582559,0.22485129653975772,0.23756334718793756,0.39268473881573535,0.269048428033359,0.14346727016867392,0.37693766266929213,0.3596617234259207,24.756418866235244,12.675915001385393
3366,Nghe An,VNM,2018,2018-12-27,0.286881666585198,0.4084989507743256,0.2894581545791665,0.2931869369033697,0.3926380604598813,0.3076881368157784,0.19794783781470096,0.26720669788932033,0.248706368226593,21.76255252280447,6.921690039477722
3367,Ninh Binh,VNM,2018,2018-12-27,0.33207594565955695,0.39666308012043666,0.3273451741545594,0.332043511930479,0.40092075206601885,0.34128345751746886,0.22980455018555396,0.10658064036768061,0.1300426247379772,,3.9559914453187144
3368,Ninh Thuan,VNM,2018,2018-12-27,0.49239973515686875,0.5590234360729962,0.4983738811721604,0.4993104319676804,0.515304118076398,0.28253727121598216,0.15425800398026526,0.08411294534769238,0.0701106517348425,,
3377,Soc Trang,VNM,2018,2018-12-27,0.06806594072685425,0.2653391048822781,0.04498815234192876,0.07927796750295338,0.2172442455236339,0.13303085836655246,0.05454487624898767,0.5385500248744413,0.4279610000357012,27.828560568906337,21.749348666262488
3386,Tra Vinh,VNM,2018,2018-12-27,0.09452564200033657,0.22966581202026579,0.07890259575219544,0.10203657634883435,0.20050971125859263,0.13032425432949596,0.062046817645284795,0.41725925206398523,0.2740282135008539,29.701947455483072,
3387,Tuyen Quang,VNM,2018,2018-12-27,0.3239535153179038,0.4322863755357099,0.33330125897034435,0.3324539501540103,0.4208193201304523,0.32989059216466565,0.20742626792932634,0.19136310454816835,0.1919274495614334,22.909578947368466,6.722353614776972
3388,Vinh Long,VNM,2018,2018-12-27,0.06247728016427939,0.3333698965659861,0.0519501478928796,0.08114790951077044,0.2880613630872152,0.17627772161495395,0.07566892485421345,0.6707162218293596,0.6197195441222607,26.748957923008074,21.379232725852432
3390,Yen Bai,VNM,2018,2018-12-27,0.1911529239350622,0.316747825231203,0.19321367067260478,0.19882972413388428,0.31466444452075165,0.23445467427016126,0.13761546505618588,0.3957631334015875,0.27802976516439776,19.89135537973581,7.413950386042944
3328,Bac Kan,VNM,2018,2018-12-27,0.2342123005501007,0.3768566597304623,0.23780970074554064,0.2423815437809884,0.37771463394798716,0.29039137004291016,0.18854613258206668,0.31673358823776576,0.3176627619545673,19.250000000000057,5.379679499555987
3329,Bac Giang,VNM,2018,2018-12-27,0.14038724670932437,0.31602533185667825,0.11942426798741007,0.1419653146082758,0.32490136178347223,0.2439228570261576,0.15126503972736938,0.47425351024840473,0.4616175579067106,8.287026022304872,0.5234406733012019
3330,Bac Lieu,VNM,2018,2018-12-27,0.0654424220485524,0.1921276258419293,0.04337174746275098,0.0727221619934741,0.15787182071093223,0.09752430316242851,0.040856274995929746,0.4302436022669446,0.25982401831654633,,
3331,Bac Ninh,VNM,2018,2018-12-27,0.19028376242279416,0.3076541794854942,0.15620681770318612,0.18535040888390691,0.3208964724222042,0.27737223701115243,0.19808900743556962,0.2643672391218458,0.33756487309070354,9.690000000000055,0.44162060458437835
3334,Binh Duong,VNM,2018,2018-12-27,0.07845693462250272,0.297167906853648,0.058055155692720954,0.08706001739833201,0.3117680734220974,0.22366896427062388,0.10791253701167805,0.5840027659484821,0.5979578842141285,,
3335,Binh Phuoc,VNM,2018,2018-12-27,0.1224807508379584,0.3273103981622245,0.11696968169856517,0.1320421396993715,0.331546667914303,0.21614842271256474,0.10530547415967147,0.5145696347351354,0.44490994165839615,,
3339,Ca Mau,VNM,2018,2018-12-27,0.0583086839931113,0.17550459591344833,0.04223084027015163,0.06607581162404927,0.1450815390934781,0.08582655396374397,0.03751075221217516,0.4677758872656201,0.2475171849561239,25.87447625241705,27.07000000000005
3340,Da Nang City,VNM,2018,2018-12-27,0.5695781078771178,0.6125712139587679,0.572811928099988,0.5731040917304911,0.5799226799992631,0.46227370060890993,0.28775543484678406,0.044477501633434856,0.054449153156776196,,4.407413361914988
3346,Ha Nam,VNM,2018,2018-12-27,0.3589677151970936,0.4274105916319356,0.34987325612407066,0.3583206165240378,0.43101269190308006,0.37045970209910645,0.24682093222617185,0.09444933736481928,0.11357431535250355,,-3.2289298177587935
3350,Hai Duong,VNM,2018,2018-12-27,0.1616771899175072,0.2860014946246162,0.1290494665650449,0.1574498663061375,0.2979875396882289,0.2494163300747452,0.17240343527843682,0.3173656285565517,0.35368555175389954,8.198571428571467,3.2581627751377003
3354,Hung Yen,VNM,2018,2018-12-27,0.24284732509681456,0.34583999467407195,0.21945834927672522,0.2391370993148035,0.3556832764874023,0.3079771828198534,0.22048881564918807,0.1924359835101968,0.2531140814310069,,3.468248175182501
3364,Nam Dinh,VNM,2018,2018-12-27,0.4131313742020174,0.46299285735384604,0.4020269175509506,0.4080234878945323,0.4717306550576422,0.4018428671015532,0.2479837611493071,0.060694652933028136,0.06743506327264816,14.797083114150473,6.012718099374152
3369,Phu Tho,VNM,2018,2018-12-27,0.28540367831330266,0.3837491792217935,0.29310680332536787,0.2941398446886337,0.36977094332174915,0.29775256053002863,0.19302602525546744,0.19404402091676975,0.17678278477694281,23.84412012126231,7.705965373401673
3372,Quang Nam,VNM,2018,2018-12-27,0.6120647237291711,0.6425689047714513,0.6196682769839968,0.617154294731456,0.5863947792387948,0.42764469419145035,0.23724758445304678,0.03032788922579341,0.031648622492332815,,4.4957675554858625
3381,Thai Nguyen,VNM,2018,2018-12-27,0.34099639305016355,0.4568871275996152,0.3389223586604234,0.3446295323941884,0.4514427688367136,0.362511180797812,0.23068476829035717,0.21492830245185476,0.2257489126720178,19.250000000000057,3.6768107357899598
3389,Vinh Phuc,VNM,2018,2018-12-27,0.2943754558801553,0.38348245079590115,0.2964683544578933,0.2997292657110286,0.3756427902598912,0.31574397902276147,0.21686799291537434,0.15519103739815696,0.17171263857984337,,8.161951845273371
73933,Can Tho city,VNM,2018,2018-12-27,0.05534264358252388,0.41675156118271545,0.044344823769430206,0.07904872893030133,0.3510910415553128,0.22079746647032072,0.09500502676588723,0.7446398861707909,0.9080241469964813,,21.464197827323773
73934,Dak Lak,VNM,2018,2018-12-27,0.44778656749553264,0.508921355650424,0.45659915123829853,0.4545060591262598,0.48058314786777045,0.3134799116370873,0.1737886667169919,0.09804717238659262,0.08816665784304972,,
73935,Dak Nong,VNM,2018,2018-12-27,0.3235158878899014,0.43932603704917006,0.3315179319600485,0.33207431257879966,0.42598237177951565,0.2682161737107249,0.1509145599102158,0.19241274326290345,0.16340433874072557,,12.091578947368477
73936,Dien Bien,VNM,2018,2018-12-27,0.08301044003808726,0.25916385134216313,0.07187364334140141,0.08788376845276148,0.2766393439670912,0.18651943726934067,0.09819641060464612,0.6356017357583567,0.4533696865946227,21.889090979408238,9.945655862519414
73937,Hau Giang,VNM,2018,2018-12-27,0.07433455765745829,0.290957948265808,0.06412338159062374,0.09005861925371135,0.2534301688957304,0.16409580796259662,0.07441060375700413,0.5944951013599283,0.4766346418458454,23.97580706060037,22.409180034787962
73938,Lai Chau,VNM,2018,2018-12-27,0.10479161754984076,0.275577397590035,0.09696183270329867,0.11083337167351853,0.2866413434213376,0.19657323910563335,0.1095774078835417,0.5786490579827315,0.4270547569665825,21.195025349885924,8.625898404808765
73939,Lao Cai,VNM,2018,2018-12-27,0.18880566984744193,0.31585832203010433,0.18853267913469995,0.19543894960733812,0.3191226532454395,0.2422112975947225,0.14675759275214018,0.38671571424633977,0.28447847380548535,19.073729788703776,6.8283285308944315
3326,An Giang,VNM,2018,2018-12-27,0.06172641140116578,0.28544083053733177,0.04094006116614969,0.07275366239045047,0.25088315904502934,0.16477283028308343,0.07347941860743125,0.5940332370013419,0.5395014916978912,24.486785001856596,21.916261635028306
3332,Ben Tre,VNM,2018,2018-12-27,0.1069770615726444,0.25225352506885995,0.09905218365926942,0.1154575730241581,0.2184383494988671,0.1376210245995788,0.06910879985352525,0.4374360545219501,0.2827215118038048,27.77719145181845,
3343,Dong Thap,VNM,2018,2018-12-27,0.06606768447418847,0.38865414991466385,0.05537588734832557,0.09003068123139092,0.3280637078658677,0.2049588288742253,0.08794291304262772,0.6897731796055445,0.744669185080823,17.413325247795818,21.038295707484554
3351,Hai Phong City,VNM,2018,2018-12-27,0.27323028600633315,0.3455217137307456,0.2611890797520499,0.27200632544706527,0.3526636342966148,0.3087861467819755,0.21741683917459134,0.14364191352272337,0.17230371629143018,24.27000000000004,6.078805674763596
3352,Ho Chi Minh City,VNM,2018,2018-12-27,0.07801890639021207,0.22261110945201482,0.06796210504615152,0.08826756760401826,0.19944546324184245,0.13500505120907136,0.07155921840973029,0.47204984050425125,0.32860317423369517,,
3356,Kien Giang,VNM,2018,2018-12-27,0.05123161096862849,0.30921209144074174,0.03770261038638244,0.06742106483621539,0.26659616501493094,0.1637579057306821,0.06872625696528287,0.6769573340339975,0.6128632234383893,26.248560645132226,22.047690834511634
3359,Lam Dong,VNM,2018,2018-12-27,0.25618119953117924,0.40408256395789666,0.26041921218508085,0.266573545154432,0.3865574513757239,0.22698080721393443,0.11879172289141275,0.28811841621064127,0.23338986902661735,,
3362,Long An,VNM,2018,2018-12-27,0.0747430407168282,0.3323323278504382,0.06338668283259201,0.09385278168129908,0.29094778735584287,0.19538699592707506,0.09029817858589655,0.6305956439580227,0.6215535756849218,18.96772522982641,20.626528966023
3375,Quang Ninh,VNM,2018,2018-12-27,0.3145938605359703,0.4175307114938748,0.31183066013021415,0.318394352767075,0.4181615118957106,0.3437319788347549,0.2248266821600544,0.20382423453454665,0.21399590220785317,14.703521981787999,7.269835270427767
3378,Son La,VNM,2018,2018-12-27,0.11727815490880335,0.2693441184985808,0.10695564626350501,0.12134555401821273,0.28456008598249244,0.20511053348614558,0.11459792222140959,0.5363525601254324,0.3956394026332762,22.26367718926635,8.966901372938993
3379,Tay Ninh,VNM,2018,2018-12-27,0.07793013925169845,0.278181964525413,0.05410836825208456,0.08517860344776398,0.2874008174702502,0.2070790391597169,0.10274051555127431,0.5609912732925687,0.06758225118646917,,
3380,Thai Binh,VNM,2018,2018-12-27,0.3157403754559008,0.390498088147051,0.3015099202349595,0.31271640685796465,0.4052299283567878,0.350788602482726,0.22921559854252388,0.12274961126080804,0.15409494102869578,15.436037076549617,5.379442923318029
3382,Thanh Hoa,VNM,2018,2018-12-27,0.342415997267574,0.4427471675164724,0.3437605979347471,0.3470696587579015,0.42957138848103354,0.34081126534834727,0.2124646149301189,0.19587583077676948,0.1953875805712309,21.47485637772297,6.730125871301676
3384,Tien Giang,VNM,2018,2018-12-27,0.118786362174294,0.32058576200558453,0.11326708343820599,0.13289760535620568,0.28197127460764,0.18835953241763362,0.09726659530914081,0.506683959555858,0.43520584221045117,15.430000000000007,
